{"type":"FeatureCollection","features":[{"type":"Feature","geometry":{"type":"Point","coordinates":[152.2206,-30.5423]},"properties":{"d":"2026-10-06","t":"0243","frp":7.3,"b":331.4,"c":1,"s":"N21","n":0}},{"type":"Feature","geometry":{"type":"Point","coordinates":[151.702,-30.3261]},"properties":{"d":"2026-10-06","t":"0243","frp":4.8,"b":329.3,"c":1,"s":"N21","n":0}},{"type":"Feature","geometry":{"type":"Point","coordinates":[149.5452,-24.1628]},"properties":{"d":"2026-10-06","t":"0243","frp":8.8,"b":338.3,"c":1,"s":"N21","n":0}},{"type":"Feature","geometry":{"type":"Point","coordinates":[149.4988,-24.0976]},"properties":{"d":"2026-10-06","t":"0243","frp":9.8,"b":334.4,"c":1,"s":"N21","n":0}},{"type":"Feature","geometry":{"type":"Point","coordinates":[149.5205,-24.0891]},"properties":{"d":"2026-10-06","t":"0243","frp":92.4,"b":367.0,"c":2,"s":"N21","n":0}},{"type":"Feature","geometry":{"type":"Point","coordinates":[149.5127,-24.0824]},"properties":{"d":"2026-10-06","t":"0243","frp":28.6,"b":355.6,"c":1,"s":"N21","n":0}},{"type":"Feature","geometry":{"type":"Point","coordinates":[149.5203,-24.082]},"properties":{"d":"2026-10-06","t":"0243","frp":28.6,"b":354.6,"c":1,"s":"N21","n":0}},{"type":"Feature","geometry":{"type":"Point","coordinates":[149.5166,-24.0787]},"properties":{"d":"2026-10-06","t":"0243","frp":23.6,"b":367.0,"c":2,"s":"N21","n":0}},{"type":"Feature","geometry":{"type":"Point","coordinates":[151.3745,-24.0144]},"properties":{"d":"2026-10-06","t":"0243","frp":7.4,"b":342.6,"c":1,"s":"N21","n":0}},{"type":"Feature","geometry":{"type":"Point","coordinates":[151.374,-24.0136]},"properties":{"d":"2026-10-06","t":"0243","frp":8.4,"b":341.3,"c":1,"s":"N21","n":0}},{"type":"Feature","geometry":{"type":"Point","coordinates":[150.1562,-23.139]},"properties":{"d":"2026-10-06","t":"0243","frp":17.8,"b":367.0,"c":2,"s":"N21","n":0}},{"type":"Feature","geometry":{"type":"Point","coordinates":[150.1491,-23.1326]},"properties":{"d":"2026-10-06","t":"0243","frp":9.4,"b":341.8,"c":1,"s":"N21","n":0}},{"type":"Feature","geometry":{"type":"Point","coordinates":[150.2507,-22.6463]},"properties":{"d":"2026-10-06","t":"0243","frp":6.1,"b":338.0,"c":1,"s":"N21","n":0}},{"type":"Feature","geometry":{"type":"Point","coordinates":[150.249,-22.6446]},"properties":{"d":"2026-10-06","t":"0243","frp":6.4,"b":337.7,"c":1,"s":"N21","n":0}},{"type":"Feature","geometry":{"type":"Point","coordinates":[150.3626,-22.5887]},"properties":{"d":"2026-10-06","t":"0243","frp":20.4,"b":349.5,"c":1,"s":"N21","n":0}},{"type":"Feature","geometry":{"type":"Point","coordinates":[150.3613,-22.582]},"properties":{"d":"2026-10-06","t":"0243","frp":11.3,"b":334.7,"c":1,"s":"N21","n":0}},{"type":"Feature","geometry":{"type":"Point","coordinates":[153.2385,-11.3491]},"properties":{"d":"2026-10-06","t":"0245","frp":8.0,"b":329.2,"c":1,"s":"N21","n":0}},{"type":"Feature","geometry":{"type":"Point","coordinates":[152.5784,-11.0816]},"properties":{"d":"2026-10-06","t":"0247","frp":7.2,"b":350.7,"c":1,"s":"N21","n":0}},{"type":"Feature","geometry":{"type":"Point","coordinates":[150.9429,-10.6332]},"properties":{"d":"2026-10-06","t":"0247","frp":4.5,"b":333.8,"c":1,"s":"N21","n":0}},{"type":"Feature","geometry":{"type":"Point","coordinates":[150.3784,-10.4072]},"properties":{"d":"2026-10-06","t":"0247","frp":3.9,"b":325.0,"c":1,"s":"N21","n":0}},{"type":"Feature","geometry":{"type":"Point","coordinates":[149.8847,-10.3908]},"properties":{"d":"2026-10-06","t":"0247","frp":5.8,"b":336.1,"c":1,"s":"N21","n":0}},{"type":"Feature","geometry":{"type":"Point","coordinates":[148.4367,-10.1666]},"properties":{"d":"2026-10-06","t":"0247","frp":8.4,"b":334.4,"c":1,"s":"N21","n":0}},{"type":"Feature","geometry":{"type":"Point","coordinates":[149.9165,-10.1439]},"properties":{"d":"2026-10-06","t":"0247","frp":11.0,"b":342.1,"c":1,"s":"N21","n":0}},{"type":"Feature","geometry":{"type":"Point","coordinates":[149.9169,-10.1419]},"properties":{"d":"2026-10-06","t":"0247","frp":11.4,"b":347.0,"c":1,"s":"N21","n":0}},{"type":"Feature","geometry":{"type":"Point","coordinates":[151.2471,-10.0724]},"properties":{"d":"2026-10-06","t":"0247","frp":2.1,"b":327.1,"c":1,"s":"N21","n":0}},{"type":"Feature","geometry":{"type":"Point","coordinates":[151.2478,-10.0719]},"properties":{"d":"2026-10-06","t":"0247","frp":2.9,"b":326.9,"c":1,"s":"N21","n":0}},{"type":"Feature","geometry":{"type":"Point","coordinates":[147.8149,-10.0295]},"properties":{"d":"2026-10-06","t":"0247","frp":5.8,"b":329.9,"c":1,"s":"N21","n":0}},{"type":"Feature","geometry":{"type":"Point","coordinates":[147.914,-9.997]},"properties":{"d":"2026-10-06","t":"0247","frp":2.9,"b":325.0,"c":1,"s":"N21","n":0}},{"type":"Feature","geometry":{"type":"Point","coordinates":[147.7723,-9.9291]},"properties":{"d":"2026-10-06","t":"0247","frp":4.3,"b":329.4,"c":1,"s":"N21","n":0}},{"type":"Feature","geometry":{"type":"Point","coordinates":[149.3348,-9.8334]},"properties":{"d":"2026-10-06","t":"0247","frp":15.9,"b":347.4,"c":1,"s":"N21","n":0}},{"type":"Feature","geometry":{"type":"Point","coordinates":[149.2543,-9.8007]},"properties":{"d":"2026-10-06","t":"0247","frp":13.0,"b":336.2,"c":1,"s":"N21","n":0}},{"type":"Feature","geometry":{"type":"Point","coordinates":[149.3345,-9.7891]},"properties":{"d":"2026-10-06","t":"0247","frp":17.2,"b":331.6,"c":1,"s":"N21","n":0}},{"type":"Feature","geometry":{"type":"Point","coordinates":[149.3516,-9.7884]},"properties":{"d":"2026-10-06","t":"0247","frp":28.0,"b":351.2,"c":1,"s":"N21","n":0}},{"type":"Feature","geometry":{"type":"Point","coordinates":[149.3554,-9.7879]},"properties":{"d":"2026-10-06","t":"0247","frp":28.0,"b":367.0,"c":2,"s":"N21","n":0}},{"type":"Feature","geometry":{"type":"Point","coordinates":[149.3528,-9.7869]},"properties":{"d":"2026-10-06","t":"0247","frp":38.3,"b":351.8,"c":1,"s":"N21","n":0}},{"type":"Feature","geometry":{"type":"Point","coordinates":[149.3566,-9.7865]},"properties":{"d":"2026-10-06","t":"0247","frp":21.5,"b":328.0,"c":1,"s":"N21","n":0}},{"type":"Feature","geometry":{"type":"Point","coordinates":[149.3327,-9.7845]},"properties":{"d":"2026-10-06","t":"0247","frp":14.4,"b":367.0,"c":2,"s":"N21","n":0}},{"type":"Feature","geometry":{"type":"Point","coordinates":[149.3342,-9.7828]},"properties":{"d":"2026-10-06","t":"0247","frp":17.2,"b":367.0,"c":2,"s":"N21","n":0}},{"type":"Feature","geometry":{"type":"Point","coordinates":[149.3259,-9.779]},"properties":{"d":"2026-10-06","t":"0247","frp":14.4,"b":351.4,"c":1,"s":"N21","n":0}},{"type":"Feature","geometry":{"type":"Point","coordinates":[149.3322,-9.7782]},"properties":{"d":"2026-10-06","t":"0247","frp":14.4,"b":345.6,"c":1,"s":"N21","n":0}},{"type":"Feature","geometry":{"type":"Point","coordinates":[149.3281,-9.7772]},"properties":{"d":"2026-10-06","t":"0247","frp":11.0,"b":339.3,"c":1,"s":"N21","n":0}},{"type":"Feature","geometry":{"type":"Point","coordinates":[149.3332,-9.7766]},"properties":{"d":"2026-10-06","t":"0247","frp":7.3,"b":340.0,"c":1,"s":"N21","n":0}},{"type":"Feature","geometry":{"type":"Point","coordinates":[149.2176,-9.7671]},"properties":{"d":"2026-10-06","t":"0247","frp":24.7,"b":367.0,"c":2,"s":"N21","n":0}},{"type":"Feature","geometry":{"type":"Point","coordinates":[149.2226,-9.7665]},"properties":{"d":"2026-10-06","t":"0247","frp":19.5,"b":330.9,"c":1,"s":"N21","n":0}},{"type":"Feature","geometry":{"type":"Point","coordinates":[148.5298,-9.7127]},"properties":{"d":"2026-10-06","t":"0247","frp":7.0,"b":328.2,"c":1,"s":"N21","n":0}},{"type":"Feature","geometry":{"type":"Point","coordinates":[148.723,-9.6501]},"properties":{"d":"2026-10-06","t":"0247","frp":13.4,"b":326.1,"c":0,"s":"N21","n":0}},{"type":"Feature","geometry":{"type":"Point","coordinates":[150.7464,-9.6467]},"properties":{"d":"2026-10-06","t":"0247","frp":3.0,"b":329.9,"c":1,"s":"N21","n":0}},{"type":"Feature","geometry":{"type":"Point","coordinates":[149.9554,-9.6446]},"properties":{"d":"2026-10-06","t":"0247","frp":2.0,"b":327.0,"c":1,"s":"N21","n":0}},{"type":"Feature","geometry":{"type":"Point","coordinates":[150.5999,-9.6242]},"properties":{"d":"2026-10-06","t":"0247","frp":4.1,"b":333.7,"c":1,"s":"N21","n":0}},{"type":"Feature","geometry":{"type":"Point","coordinates":[150.602,-9.6223]},"properties":{"d":"2026-10-06","t":"0247","frp":3.0,"b":327.6,"c":1,"s":"N21","n":0}},{"type":"Feature","geometry":{"type":"Point","coordinates":[150.8521,-9.6219]},"properties":{"d":"2026-10-06","t":"0247","frp":4.3,"b":330.7,"c":1,"s":"N21","n":0}},{"type":"Feature","geometry":{"type":"Point","coordinates":[150.8204,-9.6112]},"properties":{"d":"2026-10-06","t":"0247","frp":4.9,"b":342.4,"c":1,"s":"N21","n":0}},{"type":"Feature","geometry":{"type":"Point","coordinates":[150.8193,-9.6088]},"properties":{"d":"2026-10-06","t":"0247","frp":5.5,"b":335.6,"c":1,"s":"N21","n":0}},{"type":"Feature","geometry":{"type":"Point","coordinates":[150.7564,-9.605]},"properties":{"d":"2026-10-06","t":"0247","frp":11.7,"b":367.0,"c":2,"s":"N21","n":0}},{"type":"Feature","geometry":{"type":"Point","coordinates":[150.7534,-9.6027]},"properties":{"d":"2026-10-06","t":"0247","frp":9.1,"b":338.0,"c":1,"s":"N21","n":0}},{"type":"Feature","geometry":{"type":"Point","coordinates":[150.7572,-9.6022]},"properties":{"d":"2026-10-06","t":"0247","frp":10.2,"b":342.8,"c":1,"s":"N21","n":0}},{"type":"Feature","geometry":{"type":"Point","coordinates":[150.7756,-9.594]},"properties":{"d":"2026-10-06","t":"0247","frp":5.5,"b":342.6,"c":1,"s":"N21","n":0}},{"type":"Feature","geometry":{"type":"Point","coordinates":[150.7227,-9.5661]},"properties":{"d":"2026-10-06","t":"0247","frp":5.4,"b":329.2,"c":1,"s":"N21","n":0}},{"type":"Feature","geometry":{"type":"Point","coordinates":[148.5221,-9.5288]},"properties":{"d":"2026-10-06","t":"0247","frp":5.3,"b":333.0,"c":1,"s":"N21","n":0}},{"type":"Feature","geometry":{"type":"Point","coordinates":[148.5209,-9.5223]},"properties":{"d":"2026-10-06","t":"0247","frp":5.3,"b":337.8,"c":1,"s":"N21","n":0}},{"type":"Feature","geometry":{"type":"Point","coordinates":[148.321,-9.4863]},"properties":{"d":"2026-10-06","t":"0247","frp":10.3,"b":335.3,"c":1,"s":"N21","n":0}},{"type":"Feature","geometry":{"type":"Point","coordinates":[148.2922,-9.478]},"properties":{"d":"2026-10-06","t":"0247","frp":6.4,"b":325.7,"c":1,"s":"N21","n":0}},{"type":"Feature","geometry":{"type":"Point","coordinates":[148.4294,-9.4743]},"properties":{"d":"2026-10-06","t":"0247","frp":22.4,"b":367.0,"c":2,"s":"N21","n":0}},{"type":"Feature","geometry":{"type":"Point","coordinates":[148.4273,-9.4737]},"properties":{"d":"2026-10-06","t":"0247","frp":18.7,"b":353.5,"c":1,"s":"N21","n":0}},{"type":"Feature","geometry":{"type":"Point","coordinates":[148.4329,-9.473]},"properties":{"d":"2026-10-06","t":"0247","frp":15.2,"b":330.5,"c":1,"s":"N21","n":0}},{"type":"Feature","geometry":{"type":"Point","coordinates":[148.7958,-9.4217]},"properties":{"d":"2026-10-06","t":"0247","frp":5.1,"b":332.0,"c":1,"s":"N21","n":0}},{"type":"Feature","geometry":{"type":"Point","coordinates":[148.7938,-9.4171]},"properties":{"d":"2026-10-06","t":"0247","frp":6.6,"b":333.2,"c":1,"s":"N21","n":0}},{"type":"Feature","geometry":{"type":"Point","coordinates":[150.4428,-9.3709]},"properties":{"d":"2026-10-06","t":"0247","frp":4.2,"b":327.2,"c":1,"s":"N21","n":0}},{"type":"Feature","geometry":{"type":"Point","coordinates":[146.9919,-41.8191]},"properties":{"d":"2026-10-06","t":"0336","frp":9.6,"b":335.7,"c":1,"s":"N20","n":0}},{"type":"Feature","geometry":{"type":"Point","coordinates":[146.9985,-41.8187]},"properties":{"d":"2026-10-06","t":"0336","frp":9.7,"b":338.4,"c":1,"s":"N20","n":0}},{"type":"Feature","geometry":{"type":"Point","coordinates":[144.4682,-38.2716]},"properties":{"d":"2026-10-06","t":"0336","frp":2.5,"b":331.2,"c":1,"s":"N20","n":0}},{"type":"Feature","geometry":{"type":"Point","coordinates":[142.9642,-38.1072]},"properties":{"d":"2026-10-06","t":"0336","frp":8.4,"b":342.6,"c":1,"s":"N20","n":0}},{"type":"Feature","geometry":{"type":"Point","coordinates":[142.9692,-38.107]},"properties":{"d":"2026-10-06","t":"0336","frp":8.4,"b":356.3,"c":0,"s":"N20","n":0}},{"type":"Feature","geometry":{"type":"Point","coordinates":[150.886,-34.4598]},"properties":{"d":"2026-10-06","t":"0338","frp":7.4,"b":346.9,"c":1,"s":"N20","n":0}},{"type":"Feature","geometry":{"type":"Point","coordinates":[151.0006,-33.9329]},"properties":{"d":"2026-10-06","t":"0338","frp":2.6,"b":331.8,"c":0,"s":"N20","n":0}},{"type":"Feature","geometry":{"type":"Point","coordinates":[146.618,-32.3597]},"properties":{"d":"2026-10-06","t":"0338","frp":4.0,"b":342.0,"c":1,"s":"N20","n":0}},{"type":"Feature","geometry":{"type":"Point","coordinates":[146.623,-32.3592]},"properties":{"d":"2026-10-06","t":"0338","frp":4.0,"b":335.3,"c":0,"s":"N20","n":0}},{"type":"Feature","geometry":{"type":"Point","coordinates":[145.6027,-32.3079]},"properties":{"d":"2026-10-06","t":"0338","frp":8.5,"b":342.6,"c":1,"s":"N20","n":0}},{"type":"Feature","geometry":{"type":"Point","coordinates":[145.6017,-32.3059]},"properties":{"d":"2026-10-06","t":"0338","frp":7.6,"b":344.0,"c":1,"s":"N20","n":0}},{"type":"Feature","geometry":{"type":"Point","coordinates":[151.9945,-32.2521]},"properties":{"d":"2026-10-06","t":"0338","frp":3.7,"b":334.6,"c":1,"s":"N20","n":0}},{"type":"Feature","geometry":{"type":"Point","coordinates":[151.9988,-32.2515]},"properties":{"d":"2026-10-06","t":"0338","frp":3.5,"b":329.8,"c":1,"s":"N20","n":0}},{"type":"Feature","geometry":{"type":"Point","coordinates":[151.9937,-32.2487]},"properties":{"d":"2026-10-06","t":"0338","frp":3.7,"b":333.9,"c":1,"s":"N20","n":0}},{"type":"Feature","geometry":{"type":"Point","coordinates":[147.6154,-32.001]},"properties":{"d":"2026-10-06","t":"0338","frp":9.3,"b":341.9,"c":1,"s":"N20","n":0}},{"type":"Feature","geometry":{"type":"Point","coordinates":[147.6078,-32.0002]},"properties":{"d":"2026-10-06","t":"0338","frp":2.8,"b":341.1,"c":1,"s":"N20","n":0}},{"type":"Feature","geometry":{"type":"Point","coordinates":[147.6165,-31.9992]},"properties":{"d":"2026-10-06","t":"0338","frp":6.0,"b":351.1,"c":1,"s":"N20","n":0}},{"type":"Feature","geometry":{"type":"Point","coordinates":[151.6755,-31.4623]},"properties":{"d":"2026-10-06","t":"0338","frp":2.6,"b":332.1,"c":1,"s":"N20","n":0}},{"type":"Feature","geometry":{"type":"Point","coordinates":[151.7331,-31.1927]},"properties":{"d":"2026-10-06","t":"0338","frp":2.6,"b":331.1,"c":1,"s":"N20","n":0}},{"type":"Feature","geometry":{"type":"Point","coordinates":[146.0059,-31.1668]},"properties":{"d":"2026-10-06","t":"0338","frp":9.8,"b":354.2,"c":1,"s":"N20","n":0}},{"type":"Feature","geometry":{"type":"Point","coordinates":[146.0111,-31.1663]},"properties":{"d":"2026-10-06","t":"0338","frp":17.8,"b":367.0,"c":2,"s":"N20","n":0}},{"type":"Feature","geometry":{"type":"Point","coordinates":[146.0164,-31.1658]},"properties":{"d":"2026-10-06","t":"0338","frp":17.8,"b":355.3,"c":1,"s":"N20","n":0}},{"type":"Feature","geometry":{"type":"Point","coordinates":[146.0216,-31.1653]},"properties":{"d":"2026-10-06","t":"0338","frp":16.2,"b":354.9,"c":1,"s":"N20","n":0}},{"type":"Feature","geometry":{"type":"Point","coordinates":[146.0268,-31.1648]},"properties":{"d":"2026-10-06","t":"0338","frp":16.2,"b":342.8,"c":1,"s":"N20","n":0}},{"type":"Feature","geometry":{"type":"Point","coordinates":[146.8065,-31.1007]},"properties":{"d":"2026-10-06","t":"0338","frp":8.3,"b":349.5,"c":1,"s":"N20","n":0}},{"type":"Feature","geometry":{"type":"Point","coordinates":[146.8059,-31.0964]},"properties":{"d":"2026-10-06","t":"0338","frp":4.4,"b":339.9,"c":1,"s":"N20","n":0}},{"type":"Feature","geometry":{"type":"Point","coordinates":[146.9087,-31.0253]},"properties":{"d":"2026-10-06","t":"0338","frp":4.8,"b":345.9,"c":1,"s":"N20","n":0}},{"type":"Feature","geometry":{"type":"Point","coordinates":[146.9132,-31.0248]},"properties":{"d":"2026-10-06","t":"0338","frp":3.5,"b":336.1,"c":0,"s":"N20","n":0}},{"type":"Feature","geometry":{"type":"Point","coordinates":[146.9316,-31.023]},"properties":{"d":"2026-10-06","t":"0338","frp":6.4,"b":347.2,"c":1,"s":"N20","n":0}},{"type":"Feature","geometry":{"type":"Point","coordinates":[146.9361,-31.0225]},"properties":{"d":"2026-10-06","t":"0338","frp":6.4,"b":367.0,"c":2,"s":"N20","n":0}},{"type":"Feature","geometry":{"type":"Point","coordinates":[146.9447,-31.0173]},"properties":{"d":"2026-10-06","t":"0338","frp":4.8,"b":336.8,"c":0,"s":"N20","n":0}},{"type":"Feature","geometry":{"type":"Point","coordinates":[146.9538,-31.0164]},"properties":{"d":"2026-10-06","t":"0338","frp":6.6,"b":344.6,"c":1,"s":"N20","n":0}},{"type":"Feature","geometry":{"type":"Point","coordinates":[146.9584,-31.016]},"properties":{"d":"2026-10-06","t":"0338","frp":6.2,"b":339.8,"c":0,"s":"N20","n":0}},{"type":"Feature","geometry":{"type":"Point","coordinates":[151.7003,-30.3251]},"properties":{"d":"2026-10-06","t":"0338","frp":15.1,"b":345.7,"c":1,"s":"N20","n":0}},{"type":"Feature","geometry":{"type":"Point","coordinates":[148.5633,-29.3462]},"properties":{"d":"2026-10-06","t":"0338","frp":2.5,"b":334.0,"c":1,"s":"N20","n":0}},{"type":"Feature","geometry":{"type":"Point","coordinates":[147.9908,-29.1621]},"properties":{"d":"2026-10-06","t":"0338","frp":3.4,"b":333.2,"c":1,"s":"N20","n":0}},{"type":"Feature","geometry":{"type":"Point","coordinates":[153.2263,-29.0409]},"properties":{"d":"2026-10-06","t":"0338","frp":100.7,"b":367.0,"c":2,"s":"N20","n":0}},{"type":"Feature","geometry":{"type":"Point","coordinates":[153.2303,-29.0403]},"properties":{"d":"2026-10-06","t":"0338","frp":100.7,"b":337.4,"c":1,"s":"N20","n":0}},{"type":"Feature","geometry":{"type":"Point","coordinates":[153.2296,-29.037]},"properties":{"d":"2026-10-06","t":"0338","frp":43.7,"b":335.0,"c":1,"s":"N20","n":0}},{"type":"Feature","geometry":{"type":"Point","coordinates":[152.8795,-28.8434]},"properties":{"d":"2026-10-06","t":"0338","frp":2.3,"b":332.7,"c":1,"s":"N20","n":0}},{"type":"Feature","geometry":{"type":"Point","coordinates":[148.2597,-27.9552]},"properties":{"d":"2026-10-06","t":"0340","frp":6.1,"b":342.4,"c":1,"s":"N20","n":0}},{"type":"Feature","geometry":{"type":"Point","coordinates":[148.2643,-27.9508]},"properties":{"d":"2026-10-06","t":"0340","frp":6.1,"b":342.2,"c":1,"s":"N20","n":0}},{"type":"Feature","geometry":{"type":"Point","coordinates":[148.2637,-27.947]},"properties":{"d":"2026-10-06","t":"0340","frp":7.1,"b":344.7,"c":1,"s":"N20","n":0}},{"type":"Feature","geometry":{"type":"Point","coordinates":[148.7349,-27.8581]},"properties":{"d":"2026-10-06","t":"0340","frp":29.9,"b":341.3,"c":1,"s":"N20","n":0}},{"type":"Feature","geometry":{"type":"Point","coordinates":[148.2667,-27.8082]},"properties":{"d":"2026-10-06","t":"0340","frp":6.5,"b":337.8,"c":1,"s":"N20","n":0}},{"type":"Feature","geometry":{"type":"Point","coordinates":[148.2661,-27.8044]},"properties":{"d":"2026-10-06","t":"0340","frp":6.5,"b":338.6,"c":1,"s":"N20","n":0}},{"type":"Feature","geometry":{"type":"Point","coordinates":[148.2713,-27.8038]},"properties":{"d":"2026-10-06","t":"0340","frp":14.3,"b":339.0,"c":0,"s":"N20","n":0}},{"type":"Feature","geometry":{"type":"Point","coordinates":[149.6367,-26.2421]},"properties":{"d":"2026-10-06","t":"0340","frp":3.7,"b":333.9,"c":1,"s":"N20","n":0}},{"type":"Feature","geometry":{"type":"Point","coordinates":[152.4444,-25.9167]},"properties":{"d":"2026-10-06","t":"0340","frp":2.5,"b":335.6,"c":1,"s":"N20","n":0}},{"type":"Feature","geometry":{"type":"Point","coordinates":[152.4438,-25.9134]},"properties":{"d":"2026-10-06","t":"0340","frp":4.0,"b":334.4,"c":1,"s":"N20","n":0}},{"type":"Feature","geometry":{"type":"Point","coordinates":[148.1159,-25.1208]},"properties":{"d":"2026-10-06","t":"0340","frp":5.6,"b":332.8,"c":1,"s":"N20","n":0}},{"type":"Feature","geometry":{"type":"Point","coordinates":[148.1207,-25.1202]},"properties":{"d":"2026-10-06","t":"0340","frp":12.4,"b":346.9,"c":1,"s":"N20","n":0}},{"type":"Feature","geometry":{"type":"Point","coordinates":[148.1255,-25.1196]},"properties":{"d":"2026-10-06","t":"0340","frp":12.4,"b":347.0,"c":1,"s":"N20","n":0}},{"type":"Feature","geometry":{"type":"Point","coordinates":[151.812,-24.7073]},"properties":{"d":"2026-10-06","t":"0340","frp":3.3,"b":330.4,"c":0,"s":"N20","n":0}},{"type":"Feature","geometry":{"type":"Point","coordinates":[149.5469,-24.162]},"properties":{"d":"2026-10-06","t":"0340","frp":20.4,"b":346.8,"c":1,"s":"N20","n":0}},{"type":"Feature","geometry":{"type":"Point","coordinates":[149.5463,-24.1586]},"properties":{"d":"2026-10-06","t":"0340","frp":20.4,"b":337.4,"c":1,"s":"N20","n":0}},{"type":"Feature","geometry":{"type":"Point","coordinates":[149.4974,-24.1135]},"properties":{"d":"2026-10-06","t":"0340","frp":2.4,"b":337.3,"c":1,"s":"N20","n":0}},{"type":"Feature","geometry":{"type":"Point","coordinates":[149.4957,-24.1032]},"properties":{"d":"2026-10-06","t":"0340","frp":18.2,"b":355.7,"c":1,"s":"N20","n":0}},{"type":"Feature","geometry":{"type":"Point","coordinates":[149.4998,-24.1026]},"properties":{"d":"2026-10-06","t":"0340","frp":4.0,"b":342.0,"c":1,"s":"N20","n":0}},{"type":"Feature","geometry":{"type":"Point","coordinates":[149.5039,-24.102]},"properties":{"d":"2026-10-06","t":"0340","frp":4.0,"b":338.2,"c":1,"s":"N20","n":0}},{"type":"Feature","geometry":{"type":"Point","coordinates":[149.5192,-24.0929]},"properties":{"d":"2026-10-06","t":"0340","frp":5.3,"b":339.8,"c":1,"s":"N20","n":0}},{"type":"Feature","geometry":{"type":"Point","coordinates":[149.5186,-24.0894]},"properties":{"d":"2026-10-06","t":"0340","frp":5.3,"b":341.5,"c":1,"s":"N20","n":0}},{"type":"Feature","geometry":{"type":"Point","coordinates":[149.518,-24.086]},"properties":{"d":"2026-10-06","t":"0340","frp":29.5,"b":342.1,"c":0,"s":"N20","n":0}},{"type":"Feature","geometry":{"type":"Point","coordinates":[149.5221,-24.0854]},"properties":{"d":"2026-10-06","t":"0340","frp":13.6,"b":338.9,"c":1,"s":"N20","n":0}},{"type":"Feature","geometry":{"type":"Point","coordinates":[149.5175,-24.0825]},"properties":{"d":"2026-10-06","t":"0340","frp":29.5,"b":347.5,"c":1,"s":"N20","n":0}},{"type":"Feature","geometry":{"type":"Point","coordinates":[149.5169,-24.0791]},"properties":{"d":"2026-10-06","t":"0340","frp":5.9,"b":344.3,"c":1,"s":"N20","n":0}},{"type":"Feature","geometry":{"type":"Point","coordinates":[149.2382,-24.0521]},"properties":{"d":"2026-10-06","t":"0340","frp":18.1,"b":344.9,"c":1,"s":"N20","n":0}},{"type":"Feature","geometry":{"type":"Point","coordinates":[149.2424,-24.0515]},"properties":{"d":"2026-10-06","t":"0340","frp":18.1,"b":333.1,"c":0,"s":"N20","n":0}},{"type":"Feature","geometry":{"type":"Point","coordinates":[149.2377,-24.0486]},"properties":{"d":"2026-10-06","t":"0340","frp":18.1,"b":334.2,"c":1,"s":"N20","n":0}},{"type":"Feature","geometry":{"type":"Point","coordinates":[149.2418,-24.048]},"properties":{"d":"2026-10-06","t":"0340","frp":18.1,"b":355.6,"c":1,"s":"N20","n":0}},{"type":"Feature","geometry":{"type":"Point","coordinates":[149.249,-24.0399]},"properties":{"d":"2026-10-06","t":"0340","frp":3.4,"b":334.0,"c":1,"s":"N20","n":0}},{"type":"Feature","geometry":{"type":"Point","coordinates":[149.2485,-24.0364]},"properties":{"d":"2026-10-06","t":"0340","frp":2.9,"b":333.2,"c":0,"s":"N20","n":0}},{"type":"Feature","geometry":{"type":"Point","coordinates":[149.2437,-24.0335]},"properties":{"d":"2026-10-06","t":"0340","frp":2.9,"b":339.5,"c":1,"s":"N20","n":0}},{"type":"Feature","geometry":{"type":"Point","coordinates":[149.2521,-24.0324]},"properties":{"d":"2026-10-06","t":"0340","frp":9.3,"b":342.2,"c":1,"s":"N20","n":0}},{"type":"Feature","geometry":{"type":"Point","coordinates":[149.2473,-24.0295]},"properties":{"d":"2026-10-06","t":"0340","frp":1.8,"b":332.7,"c":0,"s":"N20","n":0}},{"type":"Feature","geometry":{"type":"Point","coordinates":[149.2515,-24.0289]},"properties":{"d":"2026-10-06","t":"0340","frp":5.0,"b":346.2,"c":1,"s":"N20","n":0}},{"type":"Feature","geometry":{"type":"Point","coordinates":[149.2557,-24.0283]},"properties":{"d":"2026-10-06","t":"0340","frp":5.0,"b":338.3,"c":0,"s":"N20","n":0}},{"type":"Feature","geometry":{"type":"Point","coordinates":[151.3727,-24.0175]},"properties":{"d":"2026-10-06","t":"0340","frp":19.5,"b":353.8,"c":1,"s":"N20","n":0}},{"type":"Feature","geometry":{"type":"Point","coordinates":[151.3759,-24.0136]},"properties":{"d":"2026-10-06","t":"0340","frp":4.3,"b":333.2,"c":1,"s":"N20","n":0}},{"type":"Feature","geometry":{"type":"Point","coordinates":[149.2272,-24.0109]},"properties":{"d":"2026-10-06","t":"0340","frp":4.9,"b":333.6,"c":0,"s":"N20","n":0}},{"type":"Feature","geometry":{"type":"Point","coordinates":[149.2314,-24.0103]},"properties":{"d":"2026-10-06","t":"0340","frp":15.8,"b":351.4,"c":1,"s":"N20","n":0}},{"type":"Feature","geometry":{"type":"Point","coordinates":[149.2267,-24.0074]},"properties":{"d":"2026-10-06","t":"0340","frp":4.9,"b":348.7,"c":1,"s":"N20","n":0}},{"type":"Feature","geometry":{"type":"Point","coordinates":[149.2309,-24.0068]},"properties":{"d":"2026-10-06","t":"0340","frp":15.8,"b":355.3,"c":1,"s":"N20","n":0}},{"type":"Feature","geometry":{"type":"Point","coordinates":[149.2219,-24.0045]},"properties":{"d":"2026-10-06","t":"0340","frp":10.8,"b":349.6,"c":1,"s":"N20","n":0}},{"type":"Feature","geometry":{"type":"Point","coordinates":[149.2261,-24.0039]},"properties":{"d":"2026-10-06","t":"0340","frp":10.8,"b":367.0,"c":2,"s":"N20","n":0}},{"type":"Feature","geometry":{"type":"Point","coordinates":[149.2303,-24.0034]},"properties":{"d":"2026-10-06","t":"0340","frp":4.4,"b":335.7,"c":1,"s":"N20","n":0}},{"type":"Feature","geometry":{"type":"Point","coordinates":[149.2172,-24.0016]},"properties":{"d":"2026-10-06","t":"0340","frp":4.7,"b":335.2,"c":1,"s":"N20","n":0}},{"type":"Feature","geometry":{"type":"Point","coordinates":[149.2214,-24.001]},"properties":{"d":"2026-10-06","t":"0340","frp":10.8,"b":367.0,"c":2,"s":"N20","n":0}},{"type":"Feature","geometry":{"type":"Point","coordinates":[149.2256,-24.0004]},"properties":{"d":"2026-10-06","t":"0340","frp":10.8,"b":338.7,"c":1,"s":"N20","n":0}},{"type":"Feature","geometry":{"type":"Point","coordinates":[149.2167,-23.9981]},"properties":{"d":"2026-10-06","t":"0340","frp":9.3,"b":347.9,"c":1,"s":"N20","n":0}},{"type":"Feature","geometry":{"type":"Point","coordinates":[149.2209,-23.9975]},"properties":{"d":"2026-10-06","t":"0340","frp":5.5,"b":342.2,"c":1,"s":"N20","n":0}},{"type":"Feature","geometry":{"type":"Point","coordinates":[149.2161,-23.9946]},"properties":{"d":"2026-10-06","t":"0340","frp":9.3,"b":347.1,"c":1,"s":"N20","n":0}},{"type":"Feature","geometry":{"type":"Point","coordinates":[149.2114,-23.9917]},"properties":{"d":"2026-10-06","t":"0340","frp":2.8,"b":333.5,"c":1,"s":"N20","n":0}},{"type":"Feature","geometry":{"type":"Point","coordinates":[149.2108,-23.9882]},"properties":{"d":"2026-10-06","t":"0340","frp":2.8,"b":340.5,"c":1,"s":"N20","n":0}},{"type":"Feature","geometry":{"type":"Point","coordinates":[149.2102,-23.9847]},"properties":{"d":"2026-10-06","t":"0340","frp":2.5,"b":334.2,"c":1,"s":"N20","n":0}},{"type":"Feature","geometry":{"type":"Point","coordinates":[149.2096,-23.9812]},"properties":{"d":"2026-10-06","t":"0340","frp":2.5,"b":334.1,"c":1,"s":"N20","n":0}},{"type":"Feature","geometry":{"type":"Point","coordinates":[149.2049,-23.9783]},"properties":{"d":"2026-10-06","t":"0340","frp":10.3,"b":337.8,"c":0,"s":"N20","n":0}},{"type":"Feature","geometry":{"type":"Point","coordinates":[149.2085,-23.9743]},"properties":{"d":"2026-10-06","t":"0340","frp":3.5,"b":331.5,"c":0,"s":"N20","n":0}},{"type":"Feature","geometry":{"type":"Point","coordinates":[149.208,-23.9708]},"properties":{"d":"2026-10-06","t":"0340","frp":2.8,"b":334.1,"c":1,"s":"N20","n":0}},{"type":"Feature","geometry":{"type":"Point","coordinates":[149.2074,-23.9673]},"properties":{"d":"2026-10-06","t":"0340","frp":2.8,"b":343.6,"c":1,"s":"N20","n":0}},{"type":"Feature","geometry":{"type":"Point","coordinates":[151.1525,-23.8301]},"properties":{"d":"2026-10-06","t":"0340","frp":4.5,"b":340.6,"c":1,"s":"N20","n":0}},{"type":"Feature","geometry":{"type":"Point","coordinates":[151.19,-23.757]},"properties":{"d":"2026-10-06","t":"0340","frp":4.7,"b":331.9,"c":0,"s":"N20","n":0}},{"type":"Feature","geometry":{"type":"Point","coordinates":[148.333,-23.3039]},"properties":{"d":"2026-10-06","t":"0340","frp":3.2,"b":338.2,"c":1,"s":"N20","n":0}},{"type":"Feature","geometry":{"type":"Point","coordinates":[150.1577,-23.1434]},"properties":{"d":"2026-10-06","t":"0340","frp":24.9,"b":338.4,"c":1,"s":"N20","n":0}},{"type":"Feature","geometry":{"type":"Point","coordinates":[150.161,-23.1394]},"properties":{"d":"2026-10-06","t":"0340","frp":24.9,"b":337.3,"c":0,"s":"N20","n":0}},{"type":"Feature","geometry":{"type":"Point","coordinates":[150.1489,-23.1377]},"properties":{"d":"2026-10-06","t":"0340","frp":6.0,"b":335.8,"c":0,"s":"N20","n":0}},{"type":"Feature","geometry":{"type":"Point","coordinates":[150.1527,-23.1372]},"properties":{"d":"2026-10-06","t":"0340","frp":6.0,"b":339.8,"c":1,"s":"N20","n":0}},{"type":"Feature","geometry":{"type":"Point","coordinates":[150.1444,-23.1349]},"properties":{"d":"2026-10-06","t":"0340","frp":1.7,"b":342.5,"c":1,"s":"N20","n":0}},{"type":"Feature","geometry":{"type":"Point","coordinates":[150.1483,-23.1344]},"properties":{"d":"2026-10-06","t":"0340","frp":6.0,"b":352.9,"c":1,"s":"N20","n":0}},{"type":"Feature","geometry":{"type":"Point","coordinates":[150.1522,-23.1338]},"properties":{"d":"2026-10-06","t":"0340","frp":6.0,"b":343.6,"c":1,"s":"N20","n":0}},{"type":"Feature","geometry":{"type":"Point","coordinates":[150.14,-23.1321]},"properties":{"d":"2026-10-06","t":"0340","frp":236.8,"b":337.6,"c":1,"s":"N20","n":0}},{"type":"Feature","geometry":{"type":"Point","coordinates":[150.1439,-23.1316]},"properties":{"d":"2026-10-06","t":"0340","frp":236.8,"b":367.0,"c":2,"s":"N20","n":0}},{"type":"Feature","geometry":{"type":"Point","coordinates":[150.1477,-23.131]},"properties":{"d":"2026-10-06","t":"0340","frp":53.5,"b":367.0,"c":2,"s":"N20","n":0}},{"type":"Feature","geometry":{"type":"Point","coordinates":[150.1516,-23.1304]},"properties":{"d":"2026-10-06","t":"0340","frp":53.5,"b":336.7,"c":1,"s":"N20","n":0}},{"type":"Feature","geometry":{"type":"Point","coordinates":[150.1433,-23.1282]},"properties":{"d":"2026-10-06","t":"0340","frp":236.8,"b":367.0,"c":0,"s":"N20","n":0}},{"type":"Feature","geometry":{"type":"Point","coordinates":[150.1472,-23.1276]},"properties":{"d":"2026-10-06","t":"0340","frp":53.5,"b":351.4,"c":1,"s":"N20","n":0}},{"type":"Feature","geometry":{"type":"Point","coordinates":[150.1388,-23.1254]},"properties":{"d":"2026-10-06","t":"0340","frp":330.6,"b":339.6,"c":1,"s":"N20","n":0}},{"type":"Feature","geometry":{"type":"Point","coordinates":[150.1427,-23.1248]},"properties":{"d":"2026-10-06","t":"0340","frp":330.6,"b":367.0,"c":2,"s":"N20","n":0}},{"type":"Feature","geometry":{"type":"Point","coordinates":[150.1466,-23.1243]},"properties":{"d":"2026-10-06","t":"0340","frp":25.8,"b":345.1,"c":1,"s":"N20","n":0}},{"type":"Feature","geometry":{"type":"Point","coordinates":[150.146,-23.1209]},"properties":{"d":"2026-10-06","t":"0340","frp":25.8,"b":341.8,"c":1,"s":"N20","n":0}},{"type":"Feature","geometry":{"type":"Point","coordinates":[150.3707,-22.753]},"properties":{"d":"2026-10-06","t":"0340","frp":5.7,"b":337.4,"c":1,"s":"N20","n":0}},{"type":"Feature","geometry":{"type":"Point","coordinates":[150.2473,-22.6454]},"properties":{"d":"2026-10-06","t":"0340","frp":13.7,"b":340.0,"c":0,"s":"N20","n":0}},{"type":"Feature","geometry":{"type":"Point","coordinates":[150.2511,-22.6448]},"properties":{"d":"2026-10-06","t":"0340","frp":13.7,"b":340.8,"c":1,"s":"N20","n":0}},{"type":"Feature","geometry":{"type":"Point","coordinates":[147.4925,-22.6372]},"properties":{"d":"2026-10-06","t":"0340","frp":1.7,"b":333.9,"c":0,"s":"N20","n":0}},{"type":"Feature","geometry":{"type":"Point","coordinates":[150.3757,-22.5972]},"properties":{"d":"2026-10-06","t":"0340","frp":11.8,"b":346.1,"c":1,"s":"N20","n":0}},{"type":"Feature","geometry":{"type":"Point","coordinates":[150.3795,-22.5966]},"properties":{"d":"2026-10-06","t":"0340","frp":6.8,"b":347.9,"c":1,"s":"N20","n":0}},{"type":"Feature","geometry":{"type":"Point","coordinates":[150.3675,-22.595]},"properties":{"d":"2026-10-06","t":"0340","frp":55.4,"b":346.4,"c":1,"s":"N20","n":0}},{"type":"Feature","geometry":{"type":"Point","coordinates":[150.3751,-22.5938]},"properties":{"d":"2026-10-06","t":"0340","frp":11.8,"b":331.5,"c":0,"s":"N20","n":0}},{"type":"Feature","geometry":{"type":"Point","coordinates":[150.3789,-22.5933]},"properties":{"d":"2026-10-06","t":"0340","frp":6.8,"b":355.7,"c":1,"s":"N20","n":0}},{"type":"Feature","geometry":{"type":"Point","coordinates":[150.3827,-22.5927]},"properties":{"d":"2026-10-06","t":"0340","frp":6.8,"b":352.6,"c":1,"s":"N20","n":0}},{"type":"Feature","geometry":{"type":"Point","coordinates":[150.3865,-22.5922]},"properties":{"d":"2026-10-06","t":"0340","frp":4.7,"b":341.7,"c":1,"s":"N20","n":0}},{"type":"Feature","geometry":{"type":"Point","coordinates":[150.367,-22.5916]},"properties":{"d":"2026-10-06","t":"0340","frp":4.3,"b":330.9,"c":0,"s":"N20","n":0}},{"type":"Feature","geometry":{"type":"Point","coordinates":[150.3621,-22.5855]},"properties":{"d":"2026-10-06","t":"0340","frp":3.4,"b":338.9,"c":1,"s":"N20","n":0}},{"type":"Feature","geometry":{"type":"Point","coordinates":[150.3658,-22.5849]},"properties":{"d":"2026-10-06","t":"0340","frp":3.4,"b":335.2,"c":1,"s":"N20","n":0}},{"type":"Feature","geometry":{"type":"Point","coordinates":[150.3653,-22.5816]},"properties":{"d":"2026-10-06","t":"0340","frp":3.4,"b":347.2,"c":1,"s":"N20","n":0}},{"type":"Feature","geometry":{"type":"Point","coordinates":[150.369,-22.581]},"properties":{"d":"2026-10-06","t":"0340","frp":4.6,"b":334.3,"c":1,"s":"N20","n":0}},{"type":"Feature","geometry":{"type":"Point","coordinates":[149.3674,-21.7686]},"properties":{"d":"2026-10-06","t":"0340","frp":13.4,"b":336.6,"c":1,"s":"N20","n":0}},{"type":"Feature","geometry":{"type":"Point","coordinates":[149.3629,-21.7657]},"properties":{"d":"2026-10-06","t":"0340","frp":2.2,"b":335.5,"c":1,"s":"N20","n":0}},{"type":"Feature","geometry":{"type":"Point","coordinates":[149.3707,-21.7646]},"properties":{"d":"2026-10-06","t":"0340","frp":13.4,"b":347.3,"c":1,"s":"N20","n":0}},{"type":"Feature","geometry":{"type":"Point","coordinates":[149.3663,-21.7618]},"properties":{"d":"2026-10-06","t":"0340","frp":5.4,"b":338.7,"c":1,"s":"N20","n":0}},{"type":"Feature","geometry":{"type":"Point","coordinates":[149.3702,-21.7612]},"properties":{"d":"2026-10-06","t":"0340","frp":5.4,"b":339.7,"c":1,"s":"N20","n":0}},{"type":"Feature","geometry":{"type":"Point","coordinates":[149.3657,-21.7584]},"properties":{"d":"2026-10-06","t":"0340","frp":5.4,"b":347.4,"c":1,"s":"N20","n":0}},{"type":"Feature","geometry":{"type":"Point","coordinates":[147.5212,-21.6443]},"properties":{"d":"2026-10-06","t":"0340","frp":6.9,"b":342.3,"c":0,"s":"N20","n":0}},{"type":"Feature","geometry":{"type":"Point","coordinates":[148.1735,-21.5683]},"properties":{"d":"2026-10-06","t":"0340","frp":6.6,"b":347.2,"c":1,"s":"N20","n":0}},{"type":"Feature","geometry":{"type":"Point","coordinates":[148.173,-21.5648]},"properties":{"d":"2026-10-06","t":"0340","frp":6.6,"b":337.1,"c":0,"s":"N20","n":0}},{"type":"Feature","geometry":{"type":"Point","coordinates":[147.8128,-20.548]},"properties":{"d":"2026-10-06","t":"0340","frp":2.5,"b":338.8,"c":0,"s":"N20","n":0}},{"type":"Feature","geometry":{"type":"Point","coordinates":[146.4406,-19.5172]},"properties":{"d":"2026-10-06","t":"0342","frp":7.7,"b":348.9,"c":1,"s":"N20","n":0}},{"type":"Feature","geometry":{"type":"Point","coordinates":[146.4401,-19.5134]},"properties":{"d":"2026-10-06","t":"0342","frp":7.7,"b":335.5,"c":0,"s":"N20","n":0}},{"type":"Feature","geometry":{"type":"Point","coordinates":[146.6284,-19.4813]},"properties":{"d":"2026-10-06","t":"0342","frp":11.0,"b":346.9,"c":1,"s":"N20","n":0}},{"type":"Feature","geometry":{"type":"Point","coordinates":[145.939,-19.1549]},"properties":{"d":"2026-10-06","t":"0342","frp":72.0,"b":315.7,"c":0,"s":"N20","n":0}},{"type":"Feature","geometry":{"type":"Point","coordinates":[145.9442,-19.1542]},"properties":{"d":"2026-10-06","t":"0342","frp":72.0,"b":354.2,"c":1,"s":"N20","n":0}},{"type":"Feature","geometry":{"type":"Point","coordinates":[145.9495,-19.1535]},"properties":{"d":"2026-10-06","t":"0342","frp":5.0,"b":346.3,"c":1,"s":"N20","n":0}},{"type":"Feature","geometry":{"type":"Point","coordinates":[145.9546,-19.1529]},"properties":{"d":"2026-10-06","t":"0342","frp":5.0,"b":335.6,"c":0,"s":"N20","n":0}},{"type":"Feature","geometry":{"type":"Point","coordinates":[145.9543,-19.149]},"properties":{"d":"2026-10-06","t":"0342","frp":7.3,"b":338.9,"c":0,"s":"N20","n":0}},{"type":"Feature","geometry":{"type":"Point","coordinates":[145.954,-19.1451]},"properties":{"d":"2026-10-06","t":"0342","frp":7.3,"b":344.0,"c":1,"s":"N20","n":0}},{"type":"Feature","geometry":{"type":"Point","coordinates":[145.9535,-19.1412]},"properties":{"d":"2026-10-06","t":"0342","frp":8.8,"b":348.0,"c":1,"s":"N20","n":0}},{"type":"Feature","geometry":{"type":"Point","coordinates":[145.953,-19.1373]},"properties":{"d":"2026-10-06","t":"0342","frp":8.8,"b":343.3,"c":1,"s":"N20","n":0}},{"type":"Feature","geometry":{"type":"Point","coordinates":[145.9419,-19.1348]},"properties":{"d":"2026-10-06","t":"0342","frp":5.7,"b":345.6,"c":1,"s":"N20","n":0}},{"type":"Feature","geometry":{"type":"Point","coordinates":[145.9471,-19.1341]},"properties":{"d":"2026-10-06","t":"0342","frp":4.8,"b":344.1,"c":1,"s":"N20","n":0}},{"type":"Feature","geometry":{"type":"Point","coordinates":[145.936,-19.1316]},"properties":{"d":"2026-10-06","t":"0342","frp":5.7,"b":338.3,"c":0,"s":"N20","n":0}},{"type":"Feature","geometry":{"type":"Point","coordinates":[138.4755,-18.707]},"properties":{"d":"2026-10-06","t":"0342","frp":7.6,"b":355.9,"c":1,"s":"N20","n":0}},{"type":"Feature","geometry":{"type":"Point","coordinates":[138.4803,-18.7066]},"properties":{"d":"2026-10-06","t":"0342","frp":7.6,"b":345.5,"c":1,"s":"N20","n":0}},{"type":"Feature","geometry":{"type":"Point","coordinates":[138.4751,-18.7008]},"properties":{"d":"2026-10-06","t":"0342","frp":21.9,"b":352.2,"c":1,"s":"N20","n":0}},{"type":"Feature","geometry":{"type":"Point","coordinates":[138.48,-18.7003]},"properties":{"d":"2026-10-06","t":"0342","frp":21.9,"b":367.0,"c":2,"s":"N20","n":0}},{"type":"Feature","geometry":{"type":"Point","coordinates":[138.4847,-18.6999]},"properties":{"d":"2026-10-06","t":"0342","frp":12.8,"b":336.8,"c":1,"s":"N20","n":0}},{"type":"Feature","geometry":{"type":"Point","coordinates":[138.4697,-18.695]},"properties":{"d":"2026-10-06","t":"0342","frp":7.8,"b":339.4,"c":1,"s":"N20","n":0}},{"type":"Feature","geometry":{"type":"Point","coordinates":[138.4929,-18.6803]},"properties":{"d":"2026-10-06","t":"0342","frp":2.4,"b":335.7,"c":1,"s":"N20","n":0}},{"type":"Feature","geometry":{"type":"Point","coordinates":[138.4827,-18.6749]},"properties":{"d":"2026-10-06","t":"0342","frp":9.1,"b":339.1,"c":1,"s":"N20","n":0}},{"type":"Feature","geometry":{"type":"Point","coordinates":[138.4876,-18.6745]},"properties":{"d":"2026-10-06","t":"0342","frp":9.1,"b":367.0,"c":2,"s":"N20","n":0}},{"type":"Feature","geometry":{"type":"Point","coordinates":[138.4801,-18.6705]},"properties":{"d":"2026-10-06","t":"0342","frp":6.2,"b":352.8,"c":1,"s":"N20","n":0}},{"type":"Feature","geometry":{"type":"Point","coordinates":[138.4848,-18.6701]},"properties":{"d":"2026-10-06","t":"0342","frp":8.3,"b":338.9,"c":1,"s":"N20","n":0}},{"type":"Feature","geometry":{"type":"Point","coordinates":[138.4821,-18.6687]},"properties":{"d":"2026-10-06","t":"0342","frp":9.1,"b":367.0,"c":2,"s":"N20","n":0}},{"type":"Feature","geometry":{"type":"Point","coordinates":[138.4697,-18.6653]},"properties":{"d":"2026-10-06","t":"0342","frp":1.9,"b":332.5,"c":0,"s":"N20","n":0}},{"type":"Feature","geometry":{"type":"Point","coordinates":[138.4794,-18.6643]},"properties":{"d":"2026-10-06","t":"0342","frp":6.2,"b":332.3,"c":0,"s":"N20","n":0}},{"type":"Feature","geometry":{"type":"Point","coordinates":[138.4717,-18.6634]},"properties":{"d":"2026-10-06","t":"0342","frp":17.8,"b":330.2,"c":0,"s":"N20","n":0}},{"type":"Feature","geometry":{"type":"Point","coordinates":[138.4767,-18.6629]},"properties":{"d":"2026-10-06","t":"0342","frp":17.8,"b":333.7,"c":1,"s":"N20","n":0}},{"type":"Feature","geometry":{"type":"Point","coordinates":[138.4813,-18.6625]},"properties":{"d":"2026-10-06","t":"0342","frp":2.7,"b":330.2,"c":1,"s":"N20","n":0}},{"type":"Feature","geometry":{"type":"Point","coordinates":[138.4641,-18.6595]},"properties":{"d":"2026-10-06","t":"0342","frp":24.2,"b":335.9,"c":1,"s":"N20","n":0}},{"type":"Feature","geometry":{"type":"Point","coordinates":[138.4688,-18.6591]},"properties":{"d":"2026-10-06","t":"0342","frp":24.2,"b":355.2,"c":1,"s":"N20","n":0}},{"type":"Feature","geometry":{"type":"Point","coordinates":[138.4736,-18.6586]},"properties":{"d":"2026-10-06","t":"0342","frp":12.9,"b":342.4,"c":1,"s":"N20","n":0}},{"type":"Feature","geometry":{"type":"Point","coordinates":[138.4784,-18.6581]},"properties":{"d":"2026-10-06","t":"0342","frp":12.9,"b":330.5,"c":1,"s":"N20","n":0}},{"type":"Feature","geometry":{"type":"Point","coordinates":[138.466,-18.6576]},"properties":{"d":"2026-10-06","t":"0342","frp":34.6,"b":350.3,"c":1,"s":"N20","n":0}},{"type":"Feature","geometry":{"type":"Point","coordinates":[138.4707,-18.6572]},"properties":{"d":"2026-10-06","t":"0342","frp":17.8,"b":356.2,"c":1,"s":"N20","n":0}},{"type":"Feature","geometry":{"type":"Point","coordinates":[138.3415,-18.656]},"properties":{"d":"2026-10-06","t":"0342","frp":6.1,"b":351.6,"c":1,"s":"N20","n":0}},{"type":"Feature","geometry":{"type":"Point","coordinates":[138.468,-18.6529]},"properties":{"d":"2026-10-06","t":"0342","frp":24.2,"b":351.2,"c":1,"s":"N20","n":0}},{"type":"Feature","geometry":{"type":"Point","coordinates":[138.3391,-18.6525]},"properties":{"d":"2026-10-06","t":"0342","frp":4.8,"b":346.1,"c":1,"s":"N20","n":0}},{"type":"Feature","geometry":{"type":"Point","coordinates":[138.4726,-18.6524]},"properties":{"d":"2026-10-06","t":"0342","frp":12.9,"b":367.0,"c":2,"s":"N20","n":0}},{"type":"Feature","geometry":{"type":"Point","coordinates":[138.3443,-18.652]},"properties":{"d":"2026-10-06","t":"0342","frp":4.8,"b":333.3,"c":1,"s":"N20","n":0}},{"type":"Feature","geometry":{"type":"Point","coordinates":[138.4652,-18.6514]},"properties":{"d":"2026-10-06","t":"0342","frp":10.6,"b":338.9,"c":1,"s":"N20","n":0}},{"type":"Feature","geometry":{"type":"Point","coordinates":[138.4698,-18.651]},"properties":{"d":"2026-10-06","t":"0342","frp":19.4,"b":367.0,"c":2,"s":"N20","n":0}},{"type":"Feature","geometry":{"type":"Point","coordinates":[138.341,-18.6498]},"properties":{"d":"2026-10-06","t":"0342","frp":4.7,"b":337.1,"c":1,"s":"N20","n":0}},{"type":"Feature","geometry":{"type":"Point","coordinates":[138.3335,-18.6467]},"properties":{"d":"2026-10-06","t":"0342","frp":4.5,"b":331.2,"c":0,"s":"N20","n":0}},{"type":"Feature","geometry":{"type":"Point","coordinates":[138.467,-18.6467]},"properties":{"d":"2026-10-06","t":"0342","frp":5.1,"b":349.0,"c":1,"s":"N20","n":0}},{"type":"Feature","geometry":{"type":"Point","coordinates":[138.3124,-18.6424]},"properties":{"d":"2026-10-06","t":"0342","frp":4.8,"b":331.1,"c":0,"s":"N20","n":0}},{"type":"Feature","geometry":{"type":"Point","coordinates":[138.4595,-18.6394]},"properties":{"d":"2026-10-06","t":"0342","frp":6.6,"b":353.5,"c":1,"s":"N20","n":0}},{"type":"Feature","geometry":{"type":"Point","coordinates":[138.4116,-18.6393]},"properties":{"d":"2026-10-06","t":"0342","frp":13.1,"b":346.1,"c":1,"s":"N20","n":0}},{"type":"Feature","geometry":{"type":"Point","coordinates":[138.4165,-18.6389]},"properties":{"d":"2026-10-06","t":"0342","frp":13.1,"b":337.0,"c":1,"s":"N20","n":0}},{"type":"Feature","geometry":{"type":"Point","coordinates":[138.4213,-18.6384]},"properties":{"d":"2026-10-06","t":"0342","frp":83.6,"b":352.2,"c":1,"s":"N20","n":0}},{"type":"Feature","geometry":{"type":"Point","coordinates":[138.4264,-18.6379]},"properties":{"d":"2026-10-06","t":"0342","frp":83.6,"b":367.0,"c":2,"s":"N20","n":0}},{"type":"Feature","geometry":{"type":"Point","coordinates":[138.4315,-18.6375]},"properties":{"d":"2026-10-06","t":"0342","frp":61.5,"b":335.1,"c":1,"s":"N20","n":0}},{"type":"Feature","geometry":{"type":"Point","coordinates":[138.4136,-18.6371]},"properties":{"d":"2026-10-06","t":"0342","frp":8.9,"b":344.6,"c":1,"s":"N20","n":0}},{"type":"Feature","geometry":{"type":"Point","coordinates":[138.4368,-18.637]},"properties":{"d":"2026-10-06","t":"0342","frp":61.5,"b":350.7,"c":1,"s":"N20","n":0}},{"type":"Feature","geometry":{"type":"Point","coordinates":[138.4421,-18.6364]},"properties":{"d":"2026-10-06","t":"0342","frp":12.4,"b":367.0,"c":2,"s":"N20","n":0}},{"type":"Feature","geometry":{"type":"Point","coordinates":[138.4474,-18.636]},"properties":{"d":"2026-10-06","t":"0342","frp":12.4,"b":343.5,"c":1,"s":"N20","n":0}},{"type":"Feature","geometry":{"type":"Point","coordinates":[138.4284,-18.6358]},"properties":{"d":"2026-10-06","t":"0342","frp":31.3,"b":367.0,"c":2,"s":"N20","n":0}},{"type":"Feature","geometry":{"type":"Point","coordinates":[138.4522,-18.6355]},"properties":{"d":"2026-10-06","t":"0342","frp":14.7,"b":367.0,"c":2,"s":"N20","n":0}},{"type":"Feature","geometry":{"type":"Point","coordinates":[138.4336,-18.6353]},"properties":{"d":"2026-10-06","t":"0342","frp":31.3,"b":353.6,"c":1,"s":"N20","n":0}},{"type":"Feature","geometry":{"type":"Point","coordinates":[138.4571,-18.635]},"properties":{"d":"2026-10-06","t":"0342","frp":14.7,"b":367.0,"c":2,"s":"N20","n":0}},{"type":"Feature","geometry":{"type":"Point","coordinates":[138.439,-18.6349]},"properties":{"d":"2026-10-06","t":"0342","frp":13.2,"b":367.0,"c":2,"s":"N20","n":0}},{"type":"Feature","geometry":{"type":"Point","coordinates":[138.4443,-18.6344]},"properties":{"d":"2026-10-06","t":"0342","frp":13.2,"b":367.0,"c":2,"s":"N20","n":0}},{"type":"Feature","geometry":{"type":"Point","coordinates":[138.4493,-18.634]},"properties":{"d":"2026-10-06","t":"0342","frp":14.8,"b":343.7,"c":1,"s":"N20","n":0}},{"type":"Feature","geometry":{"type":"Point","coordinates":[138.4541,-18.6335]},"properties":{"d":"2026-10-06","t":"0342","frp":14.8,"b":367.0,"c":2,"s":"N20","n":0}},{"type":"Feature","geometry":{"type":"Point","coordinates":[138.4591,-18.6331]},"properties":{"d":"2026-10-06","t":"0342","frp":6.6,"b":335.4,"c":1,"s":"N20","n":0}},{"type":"Feature","geometry":{"type":"Point","coordinates":[138.4208,-18.6322]},"properties":{"d":"2026-10-06","t":"0342","frp":83.6,"b":346.8,"c":1,"s":"N20","n":0}},{"type":"Feature","geometry":{"type":"Point","coordinates":[138.4259,-18.6317]},"properties":{"d":"2026-10-06","t":"0342","frp":83.6,"b":367.0,"c":0,"s":"N20","n":0}},{"type":"Feature","geometry":{"type":"Point","coordinates":[138.431,-18.6312]},"properties":{"d":"2026-10-06","t":"0342","frp":61.5,"b":367.0,"c":2,"s":"N20","n":0}},{"type":"Feature","geometry":{"type":"Point","coordinates":[139.0597,-17.9374]},"properties":{"d":"2026-10-06","t":"0342","frp":5.3,"b":336.3,"c":1,"s":"N20","n":0}},{"type":"Feature","geometry":{"type":"Point","coordinates":[145.5042,-17.1369]},"properties":{"d":"2026-10-06","t":"0342","frp":5.2,"b":331.7,"c":1,"s":"N20","n":0}},{"type":"Feature","geometry":{"type":"Point","coordinates":[145.5092,-17.1363]},"properties":{"d":"2026-10-06","t":"0342","frp":7.3,"b":333.5,"c":1,"s":"N20","n":0}},{"type":"Feature","geometry":{"type":"Point","coordinates":[143.7843,-16.5449]},"properties":{"d":"2026-10-06","t":"0342","frp":8.5,"b":349.6,"c":1,"s":"N20","n":0}},{"type":"Feature","geometry":{"type":"Point","coordinates":[143.7796,-16.5411]},"properties":{"d":"2026-10-06","t":"0342","frp":8.5,"b":338.7,"c":0,"s":"N20","n":0}},{"type":"Feature","geometry":{"type":"Point","coordinates":[143.7838,-16.5406]},"properties":{"d":"2026-10-06","t":"0342","frp":8.5,"b":352.9,"c":1,"s":"N20","n":0}},{"type":"Feature","geometry":{"type":"Point","coordinates":[143.7879,-16.5401]},"properties":{"d":"2026-10-06","t":"0342","frp":14.7,"b":354.4,"c":1,"s":"N20","n":0}},{"type":"Feature","geometry":{"type":"Point","coordinates":[143.779,-16.5368]},"properties":{"d":"2026-10-06","t":"0342","frp":26.2,"b":354.7,"c":1,"s":"N20","n":0}},{"type":"Feature","geometry":{"type":"Point","coordinates":[143.7832,-16.5363]},"properties":{"d":"2026-10-06","t":"0342","frp":26.2,"b":354.2,"c":1,"s":"N20","n":0}},{"type":"Feature","geometry":{"type":"Point","coordinates":[143.7874,-16.5358]},"properties":{"d":"2026-10-06","t":"0342","frp":6.4,"b":348.8,"c":1,"s":"N20","n":0}},{"type":"Feature","geometry":{"type":"Point","coordinates":[145.081,-16.4695]},"properties":{"d":"2026-10-06","t":"0342","frp":8.9,"b":337.8,"c":0,"s":"N20","n":0}},{"type":"Feature","geometry":{"type":"Point","coordinates":[145.0752,-16.4662]},"properties":{"d":"2026-10-06","t":"0342","frp":10.6,"b":350.6,"c":1,"s":"N20","n":0}},{"type":"Feature","geometry":{"type":"Point","coordinates":[145.0747,-16.4623]},"properties":{"d":"2026-10-06","t":"0342","frp":23.7,"b":349.4,"c":1,"s":"N20","n":0}},{"type":"Feature","geometry":{"type":"Point","coordinates":[145.1061,-16.4622]},"properties":{"d":"2026-10-06","t":"0342","frp":7.8,"b":340.8,"c":0,"s":"N20","n":0}},{"type":"Feature","geometry":{"type":"Point","coordinates":[145.1054,-16.4583]},"properties":{"d":"2026-10-06","t":"0342","frp":7.0,"b":342.2,"c":1,"s":"N20","n":0}},{"type":"Feature","geometry":{"type":"Point","coordinates":[145.0797,-16.4576]},"properties":{"d":"2026-10-06","t":"0342","frp":7.2,"b":336.7,"c":0,"s":"N20","n":0}},{"type":"Feature","geometry":{"type":"Point","coordinates":[145.0684,-16.4551]},"properties":{"d":"2026-10-06","t":"0342","frp":48.9,"b":348.1,"c":1,"s":"N20","n":0}},{"type":"Feature","geometry":{"type":"Point","coordinates":[145.1001,-16.455]},"properties":{"d":"2026-10-06","t":"0342","frp":7.0,"b":338.4,"c":0,"s":"N20","n":0}},{"type":"Feature","geometry":{"type":"Point","coordinates":[145.0738,-16.4544]},"properties":{"d":"2026-10-06","t":"0342","frp":48.9,"b":354.3,"c":1,"s":"N20","n":0}},{"type":"Feature","geometry":{"type":"Point","coordinates":[145.0896,-16.4523]},"properties":{"d":"2026-10-06","t":"0342","frp":7.7,"b":342.6,"c":1,"s":"N20","n":0}},{"type":"Feature","geometry":{"type":"Point","coordinates":[145.0994,-16.4511]},"properties":{"d":"2026-10-06","t":"0342","frp":10.4,"b":347.3,"c":1,"s":"N20","n":0}},{"type":"Feature","geometry":{"type":"Point","coordinates":[145.0838,-16.4491]},"properties":{"d":"2026-10-06","t":"0342","frp":16.7,"b":341.6,"c":1,"s":"N20","n":0}},{"type":"Feature","geometry":{"type":"Point","coordinates":[145.0888,-16.4484]},"properties":{"d":"2026-10-06","t":"0342","frp":7.7,"b":339.5,"c":1,"s":"N20","n":0}},{"type":"Feature","geometry":{"type":"Point","coordinates":[145.0938,-16.4478]},"properties":{"d":"2026-10-06","t":"0342","frp":7.7,"b":367.0,"c":2,"s":"N20","n":0}},{"type":"Feature","geometry":{"type":"Point","coordinates":[145.0987,-16.4472]},"properties":{"d":"2026-10-06","t":"0342","frp":10.4,"b":345.7,"c":1,"s":"N20","n":0}},{"type":"Feature","geometry":{"type":"Point","coordinates":[145.0782,-16.4458]},"properties":{"d":"2026-10-06","t":"0342","frp":6.2,"b":345.1,"c":1,"s":"N20","n":0}},{"type":"Feature","geometry":{"type":"Point","coordinates":[145.0831,-16.4452]},"properties":{"d":"2026-10-06","t":"0342","frp":6.2,"b":346.3,"c":1,"s":"N20","n":0}},{"type":"Feature","geometry":{"type":"Point","coordinates":[136.636,-16.3872]},"properties":{"d":"2026-10-06","t":"0342","frp":23.5,"b":345.9,"c":1,"s":"N20","n":0}},{"type":"Feature","geometry":{"type":"Point","coordinates":[136.6365,-16.3847]},"properties":{"d":"2026-10-06","t":"0342","frp":32.6,"b":355.9,"c":1,"s":"N20","n":0}},{"type":"Feature","geometry":{"type":"Point","coordinates":[136.6427,-16.3842]},"properties":{"d":"2026-10-06","t":"0342","frp":17.9,"b":331.6,"c":1,"s":"N20","n":0}},{"type":"Feature","geometry":{"type":"Point","coordinates":[136.6354,-16.3804]},"properties":{"d":"2026-10-06","t":"0342","frp":23.5,"b":350.9,"c":1,"s":"N20","n":0}},{"type":"Feature","geometry":{"type":"Point","coordinates":[136.6416,-16.3799]},"properties":{"d":"2026-10-06","t":"0342","frp":23.5,"b":367.0,"c":2,"s":"N20","n":0}},{"type":"Feature","geometry":{"type":"Point","coordinates":[136.6297,-16.3786]},"properties":{"d":"2026-10-06","t":"0342","frp":15.8,"b":335.3,"c":1,"s":"N20","n":0}},{"type":"Feature","geometry":{"type":"Point","coordinates":[136.6359,-16.378]},"properties":{"d":"2026-10-06","t":"0342","frp":15.8,"b":367.0,"c":2,"s":"N20","n":0}},{"type":"Feature","geometry":{"type":"Point","coordinates":[136.6421,-16.3774]},"properties":{"d":"2026-10-06","t":"0342","frp":12.3,"b":339.8,"c":1,"s":"N20","n":0}},{"type":"Feature","geometry":{"type":"Point","coordinates":[136.6353,-16.3712]},"properties":{"d":"2026-10-06","t":"0342","frp":15.8,"b":344.9,"c":1,"s":"N20","n":0}},{"type":"Feature","geometry":{"type":"Point","coordinates":[136.6414,-16.3706]},"properties":{"d":"2026-10-06","t":"0342","frp":12.3,"b":352.1,"c":1,"s":"N20","n":0}},{"type":"Feature","geometry":{"type":"Point","coordinates":[136.6476,-16.37]},"properties":{"d":"2026-10-06","t":"0342","frp":12.3,"b":352.4,"c":1,"s":"N20","n":0}},{"type":"Feature","geometry":{"type":"Point","coordinates":[136.6408,-16.3638]},"properties":{"d":"2026-10-06","t":"0342","frp":6.2,"b":346.4,"c":1,"s":"N20","n":0}},{"type":"Feature","geometry":{"type":"Point","coordinates":[136.647,-16.3633]},"properties":{"d":"2026-10-06","t":"0342","frp":6.2,"b":345.6,"c":1,"s":"N20","n":0}},{"type":"Feature","geometry":{"type":"Point","coordinates":[144.7239,-16.3578]},"properties":{"d":"2026-10-06","t":"0342","frp":6.0,"b":342.8,"c":0,"s":"N20","n":0}},{"type":"Feature","geometry":{"type":"Point","coordinates":[136.6464,-16.3565]},"properties":{"d":"2026-10-06","t":"0342","frp":6.2,"b":335.4,"c":1,"s":"N20","n":0}},{"type":"Feature","geometry":{"type":"Point","coordinates":[144.7242,-16.355]},"properties":{"d":"2026-10-06","t":"0342","frp":6.3,"b":347.3,"c":1,"s":"N20","n":0}},{"type":"Feature","geometry":{"type":"Point","coordinates":[144.7212,-16.3377]},"properties":{"d":"2026-10-06","t":"0342","frp":4.8,"b":342.7,"c":0,"s":"N20","n":0}},{"type":"Feature","geometry":{"type":"Point","coordinates":[144.7206,-16.3336]},"properties":{"d":"2026-10-06","t":"0342","frp":7.0,"b":341.8,"c":0,"s":"N20","n":0}},{"type":"Feature","geometry":{"type":"Point","coordinates":[136.6414,-16.3206]},"properties":{"d":"2026-10-06","t":"0342","frp":14.6,"b":367.0,"c":2,"s":"N20","n":0}},{"type":"Feature","geometry":{"type":"Point","coordinates":[136.6421,-16.3159]},"properties":{"d":"2026-10-06","t":"0342","frp":22.9,"b":367.0,"c":2,"s":"N20","n":0}},{"type":"Feature","geometry":{"type":"Point","coordinates":[136.6407,-16.3138]},"properties":{"d":"2026-10-06","t":"0342","frp":12.1,"b":351.7,"c":1,"s":"N20","n":0}},{"type":"Feature","geometry":{"type":"Point","coordinates":[136.6407,-16.3024]},"properties":{"d":"2026-10-06","t":"0342","frp":7.3,"b":332.3,"c":1,"s":"N20","n":0}},{"type":"Feature","geometry":{"type":"Point","coordinates":[136.6394,-16.3003]},"properties":{"d":"2026-10-06","t":"0342","frp":4.1,"b":336.0,"c":1,"s":"N20","n":0}},{"type":"Feature","geometry":{"type":"Point","coordinates":[136.6457,-16.2997]},"properties":{"d":"2026-10-06","t":"0342","frp":4.1,"b":334.7,"c":1,"s":"N20","n":0}},{"type":"Feature","geometry":{"type":"Point","coordinates":[136.7246,-16.2676]},"properties":{"d":"2026-10-06","t":"0342","frp":32.5,"b":353.7,"c":1,"s":"N20","n":0}},{"type":"Feature","geometry":{"type":"Point","coordinates":[136.7306,-16.267]},"properties":{"d":"2026-10-06","t":"0342","frp":18.0,"b":333.7,"c":1,"s":"N20","n":0}},{"type":"Feature","geometry":{"type":"Point","coordinates":[136.7233,-16.2649]},"properties":{"d":"2026-10-06","t":"0342","frp":17.3,"b":351.4,"c":1,"s":"N20","n":0}},{"type":"Feature","geometry":{"type":"Point","coordinates":[136.7293,-16.2644]},"properties":{"d":"2026-10-06","t":"0342","frp":17.3,"b":356.1,"c":1,"s":"N20","n":0}},{"type":"Feature","geometry":{"type":"Point","coordinates":[136.7227,-16.2582]},"properties":{"d":"2026-10-06","t":"0342","frp":17.3,"b":333.9,"c":1,"s":"N20","n":0}},{"type":"Feature","geometry":{"type":"Point","coordinates":[136.7287,-16.2576]},"properties":{"d":"2026-10-06","t":"0342","frp":17.3,"b":352.9,"c":1,"s":"N20","n":0}},{"type":"Feature","geometry":{"type":"Point","coordinates":[136.7281,-16.2509]},"properties":{"d":"2026-10-06","t":"0342","frp":7.3,"b":343.9,"c":1,"s":"N20","n":0}},{"type":"Feature","geometry":{"type":"Point","coordinates":[136.7273,-16.2442]},"properties":{"d":"2026-10-06","t":"0342","frp":7.3,"b":332.3,"c":1,"s":"N20","n":0}},{"type":"Feature","geometry":{"type":"Point","coordinates":[136.7335,-16.2436]},"properties":{"d":"2026-10-06","t":"0342","frp":7.3,"b":333.1,"c":1,"s":"N20","n":0}},{"type":"Feature","geometry":{"type":"Point","coordinates":[136.8415,-16.1956]},"properties":{"d":"2026-10-06","t":"0342","frp":3.2,"b":332.8,"c":1,"s":"N20","n":0}},{"type":"Feature","geometry":{"type":"Point","coordinates":[136.838,-16.1932]},"properties":{"d":"2026-10-06","t":"0342","frp":6.8,"b":334.9,"c":1,"s":"N20","n":0}},{"type":"Feature","geometry":{"type":"Point","coordinates":[136.7094,-16.1915]},"properties":{"d":"2026-10-06","t":"0342","frp":7.8,"b":337.6,"c":1,"s":"N20","n":0}},{"type":"Feature","geometry":{"type":"Point","coordinates":[136.7064,-16.1887]},"properties":{"d":"2026-10-06","t":"0342","frp":11.9,"b":335.0,"c":1,"s":"N20","n":0}},{"type":"Feature","geometry":{"type":"Point","coordinates":[136.7087,-16.1848]},"properties":{"d":"2026-10-06","t":"0342","frp":4.6,"b":336.9,"c":1,"s":"N20","n":0}},{"type":"Feature","geometry":{"type":"Point","coordinates":[136.7232,-16.1735]},"properties":{"d":"2026-10-06","t":"0342","frp":5.2,"b":331.7,"c":1,"s":"N20","n":0}},{"type":"Feature","geometry":{"type":"Point","coordinates":[136.7255,-16.1697]},"properties":{"d":"2026-10-06","t":"0342","frp":3.2,"b":334.9,"c":1,"s":"N20","n":0}},{"type":"Feature","geometry":{"type":"Point","coordinates":[136.6088,-16.1504]},"properties":{"d":"2026-10-06","t":"0342","frp":20.9,"b":367.0,"c":2,"s":"N20","n":0}},{"type":"Feature","geometry":{"type":"Point","coordinates":[136.6082,-16.1436]},"properties":{"d":"2026-10-06","t":"0342","frp":14.6,"b":367.0,"c":2,"s":"N20","n":0}},{"type":"Feature","geometry":{"type":"Point","coordinates":[136.6144,-16.1431]},"properties":{"d":"2026-10-06","t":"0342","frp":15.3,"b":348.4,"c":1,"s":"N20","n":0}},{"type":"Feature","geometry":{"type":"Point","coordinates":[136.6077,-16.1369]},"properties":{"d":"2026-10-06","t":"0342","frp":14.6,"b":332.9,"c":1,"s":"N20","n":0}},{"type":"Feature","geometry":{"type":"Point","coordinates":[136.6138,-16.1363]},"properties":{"d":"2026-10-06","t":"0342","frp":15.3,"b":349.7,"c":1,"s":"N20","n":0}},{"type":"Feature","geometry":{"type":"Point","coordinates":[136.7622,-16.1358]},"properties":{"d":"2026-10-06","t":"0342","frp":13.8,"b":367.0,"c":2,"s":"N20","n":0}},{"type":"Feature","geometry":{"type":"Point","coordinates":[136.8533,-16.1338]},"properties":{"d":"2026-10-06","t":"0342","frp":9.7,"b":334.3,"c":1,"s":"N20","n":0}},{"type":"Feature","geometry":{"type":"Point","coordinates":[136.8652,-16.1327]},"properties":{"d":"2026-10-06","t":"0342","frp":10.0,"b":367.0,"c":2,"s":"N20","n":0}},{"type":"Feature","geometry":{"type":"Point","coordinates":[136.7616,-16.1291]},"properties":{"d":"2026-10-06","t":"0342","frp":30.0,"b":367.0,"c":2,"s":"N20","n":0}},{"type":"Feature","geometry":{"type":"Point","coordinates":[136.7676,-16.1285]},"properties":{"d":"2026-10-06","t":"0342","frp":30.0,"b":342.9,"c":1,"s":"N20","n":0}},{"type":"Feature","geometry":{"type":"Point","coordinates":[136.8526,-16.1271]},"properties":{"d":"2026-10-06","t":"0342","frp":9.7,"b":351.0,"c":1,"s":"N20","n":0}},{"type":"Feature","geometry":{"type":"Point","coordinates":[136.8586,-16.1266]},"properties":{"d":"2026-10-06","t":"0342","frp":10.0,"b":334.6,"c":1,"s":"N20","n":0}},{"type":"Feature","geometry":{"type":"Point","coordinates":[136.8646,-16.126]},"properties":{"d":"2026-10-06","t":"0342","frp":10.0,"b":335.1,"c":1,"s":"N20","n":0}},{"type":"Feature","geometry":{"type":"Point","coordinates":[136.4412,-16.1249]},"properties":{"d":"2026-10-06","t":"0342","frp":43.7,"b":367.0,"c":2,"s":"N20","n":0}},{"type":"Feature","geometry":{"type":"Point","coordinates":[136.4476,-16.1243]},"properties":{"d":"2026-10-06","t":"0342","frp":17.1,"b":367.0,"c":2,"s":"N20","n":0}},{"type":"Feature","geometry":{"type":"Point","coordinates":[136.4403,-16.1238]},"properties":{"d":"2026-10-06","t":"0342","frp":23.6,"b":367.0,"c":2,"s":"N20","n":0}},{"type":"Feature","geometry":{"type":"Point","coordinates":[136.4539,-16.1237]},"properties":{"d":"2026-10-06","t":"0342","frp":17.1,"b":334.1,"c":1,"s":"N20","n":0}},{"type":"Feature","geometry":{"type":"Point","coordinates":[136.4466,-16.1232]},"properties":{"d":"2026-10-06","t":"0342","frp":23.6,"b":367.0,"c":2,"s":"N20","n":0}},{"type":"Feature","geometry":{"type":"Point","coordinates":[136.4529,-16.1226]},"properties":{"d":"2026-10-06","t":"0342","frp":14.8,"b":367.0,"c":2,"s":"N20","n":0}},{"type":"Feature","geometry":{"type":"Point","coordinates":[136.767,-16.1218]},"properties":{"d":"2026-10-06","t":"0342","frp":30.0,"b":339.1,"c":1,"s":"N20","n":0}},{"type":"Feature","geometry":{"type":"Point","coordinates":[136.773,-16.1212]},"properties":{"d":"2026-10-06","t":"0342","frp":70.7,"b":367.0,"c":2,"s":"N20","n":0}},{"type":"Feature","geometry":{"type":"Point","coordinates":[136.8519,-16.1205]},"properties":{"d":"2026-10-06","t":"0342","frp":9.0,"b":335.5,"c":1,"s":"N20","n":0}},{"type":"Feature","geometry":{"type":"Point","coordinates":[136.4405,-16.1181]},"properties":{"d":"2026-10-06","t":"0342","frp":20.0,"b":352.0,"c":1,"s":"N20","n":0}},{"type":"Feature","geometry":{"type":"Point","coordinates":[136.4469,-16.1175]},"properties":{"d":"2026-10-06","t":"0342","frp":16.7,"b":355.0,"c":1,"s":"N20","n":0}},{"type":"Feature","geometry":{"type":"Point","coordinates":[136.4396,-16.117]},"properties":{"d":"2026-10-06","t":"0342","frp":23.6,"b":345.1,"c":1,"s":"N20","n":0}},{"type":"Feature","geometry":{"type":"Point","coordinates":[136.4532,-16.1169]},"properties":{"d":"2026-10-06","t":"0342","frp":16.7,"b":367.0,"c":2,"s":"N20","n":0}},{"type":"Feature","geometry":{"type":"Point","coordinates":[136.4459,-16.1164]},"properties":{"d":"2026-10-06","t":"0342","frp":23.6,"b":354.9,"c":1,"s":"N20","n":0}},{"type":"Feature","geometry":{"type":"Point","coordinates":[136.4595,-16.1163]},"properties":{"d":"2026-10-06","t":"0342","frp":19.1,"b":343.2,"c":1,"s":"N20","n":0}},{"type":"Feature","geometry":{"type":"Point","coordinates":[136.4522,-16.1158]},"properties":{"d":"2026-10-06","t":"0342","frp":14.8,"b":367.0,"c":2,"s":"N20","n":0}},{"type":"Feature","geometry":{"type":"Point","coordinates":[136.4586,-16.1151]},"properties":{"d":"2026-10-06","t":"0342","frp":14.8,"b":343.1,"c":1,"s":"N20","n":0}},{"type":"Feature","geometry":{"type":"Point","coordinates":[136.7663,-16.1151]},"properties":{"d":"2026-10-06","t":"0342","frp":9.4,"b":332.5,"c":1,"s":"N20","n":0}},{"type":"Feature","geometry":{"type":"Point","coordinates":[136.7723,-16.1145]},"properties":{"d":"2026-10-06","t":"0342","frp":10.7,"b":353.0,"c":1,"s":"N20","n":0}},{"type":"Feature","geometry":{"type":"Point","coordinates":[136.7784,-16.114]},"properties":{"d":"2026-10-06","t":"0342","frp":10.7,"b":338.6,"c":1,"s":"N20","n":0}},{"type":"Feature","geometry":{"type":"Point","coordinates":[136.4461,-16.1106]},"properties":{"d":"2026-10-06","t":"0342","frp":16.7,"b":335.4,"c":1,"s":"N20","n":0}},{"type":"Feature","geometry":{"type":"Point","coordinates":[136.4452,-16.1095]},"properties":{"d":"2026-10-06","t":"0342","frp":9.7,"b":335.4,"c":1,"s":"N20","n":0}},{"type":"Feature","geometry":{"type":"Point","coordinates":[136.7837,-16.1067]},"properties":{"d":"2026-10-06","t":"0342","frp":6.0,"b":337.0,"c":1,"s":"N20","n":0}},{"type":"Feature","geometry":{"type":"Point","coordinates":[136.7822,-16.1035]},"properties":{"d":"2026-10-06","t":"0342","frp":15.7,"b":342.8,"c":1,"s":"N20","n":0}},{"type":"Feature","geometry":{"type":"Point","coordinates":[136.4518,-16.1032]},"properties":{"d":"2026-10-06","t":"0342","frp":12.1,"b":332.9,"c":1,"s":"N20","n":0}},{"type":"Feature","geometry":{"type":"Point","coordinates":[136.4509,-16.1021]},"properties":{"d":"2026-10-06","t":"0342","frp":17.3,"b":338.9,"c":1,"s":"N20","n":0}},{"type":"Feature","geometry":{"type":"Point","coordinates":[136.7831,-16.1]},"properties":{"d":"2026-10-06","t":"0342","frp":13.8,"b":332.0,"c":1,"s":"N20","n":0}},{"type":"Feature","geometry":{"type":"Point","coordinates":[136.4512,-16.0964]},"properties":{"d":"2026-10-06","t":"0342","frp":12.1,"b":367.0,"c":2,"s":"N20","n":0}},{"type":"Feature","geometry":{"type":"Point","coordinates":[136.7875,-16.0962]},"properties":{"d":"2026-10-06","t":"0342","frp":10.8,"b":367.0,"c":2,"s":"N20","n":0}},{"type":"Feature","geometry":{"type":"Point","coordinates":[136.4503,-16.0953]},"properties":{"d":"2026-10-06","t":"0342","frp":7.6,"b":367.0,"c":2,"s":"N20","n":0}},{"type":"Feature","geometry":{"type":"Point","coordinates":[136.4566,-16.0947]},"properties":{"d":"2026-10-06","t":"0342","frp":7.6,"b":331.1,"c":1,"s":"N20","n":0}},{"type":"Feature","geometry":{"type":"Point","coordinates":[136.7824,-16.0933]},"properties":{"d":"2026-10-06","t":"0342","frp":13.8,"b":332.6,"c":1,"s":"N20","n":0}},{"type":"Feature","geometry":{"type":"Point","coordinates":[136.7884,-16.0927]},"properties":{"d":"2026-10-06","t":"0342","frp":13.8,"b":367.0,"c":2,"s":"N20","n":0}},{"type":"Feature","geometry":{"type":"Point","coordinates":[136.7869,-16.0895]},"properties":{"d":"2026-10-06","t":"0342","frp":16.6,"b":351.5,"c":1,"s":"N20","n":0}},{"type":"Feature","geometry":{"type":"Point","coordinates":[136.4568,-16.089]},"properties":{"d":"2026-10-06","t":"0342","frp":3.7,"b":339.9,"c":1,"s":"N20","n":0}},{"type":"Feature","geometry":{"type":"Point","coordinates":[136.7929,-16.0889]},"properties":{"d":"2026-10-06","t":"0342","frp":16.6,"b":349.0,"c":1,"s":"N20","n":0}},{"type":"Feature","geometry":{"type":"Point","coordinates":[136.4631,-16.0885]},"properties":{"d":"2026-10-06","t":"0342","frp":3.7,"b":331.0,"c":0,"s":"N20","n":0}},{"type":"Feature","geometry":{"type":"Point","coordinates":[136.456,-16.0878]},"properties":{"d":"2026-10-06","t":"0342","frp":7.6,"b":336.6,"c":1,"s":"N20","n":0}},{"type":"Feature","geometry":{"type":"Point","coordinates":[136.4623,-16.0872]},"properties":{"d":"2026-10-06","t":"0342","frp":15.2,"b":339.0,"c":1,"s":"N20","n":0}},{"type":"Feature","geometry":{"type":"Point","coordinates":[136.7877,-16.0861]},"properties":{"d":"2026-10-06","t":"0342","frp":18.3,"b":354.8,"c":1,"s":"N20","n":0}},{"type":"Feature","geometry":{"type":"Point","coordinates":[136.7938,-16.0855]},"properties":{"d":"2026-10-06","t":"0342","frp":12.1,"b":346.5,"c":1,"s":"N20","n":0}},{"type":"Feature","geometry":{"type":"Point","coordinates":[136.7862,-16.0828]},"properties":{"d":"2026-10-06","t":"0342","frp":16.6,"b":333.6,"c":1,"s":"N20","n":0}},{"type":"Feature","geometry":{"type":"Point","coordinates":[136.7922,-16.0822]},"properties":{"d":"2026-10-06","t":"0342","frp":16.6,"b":347.5,"c":1,"s":"N20","n":0}},{"type":"Feature","geometry":{"type":"Point","coordinates":[136.4624,-16.0816]},"properties":{"d":"2026-10-06","t":"0342","frp":3.7,"b":330.0,"c":0,"s":"N20","n":0}},{"type":"Feature","geometry":{"type":"Point","coordinates":[136.787,-16.0794]},"properties":{"d":"2026-10-06","t":"0342","frp":18.3,"b":332.0,"c":1,"s":"N20","n":0}},{"type":"Feature","geometry":{"type":"Point","coordinates":[136.7931,-16.0788]},"properties":{"d":"2026-10-06","t":"0342","frp":12.1,"b":342.0,"c":1,"s":"N20","n":0}},{"type":"Feature","geometry":{"type":"Point","coordinates":[136.7916,-16.0755]},"properties":{"d":"2026-10-06","t":"0342","frp":13.6,"b":331.9,"c":1,"s":"N20","n":0}},{"type":"Feature","geometry":{"type":"Point","coordinates":[136.7923,-16.0721]},"properties":{"d":"2026-10-06","t":"0342","frp":10.5,"b":331.0,"c":1,"s":"N20","n":0}},{"type":"Feature","geometry":{"type":"Point","coordinates":[136.7969,-16.0683]},"properties":{"d":"2026-10-06","t":"0342","frp":7.7,"b":335.5,"c":1,"s":"N20","n":0}},{"type":"Feature","geometry":{"type":"Point","coordinates":[136.7902,-16.0622]},"properties":{"d":"2026-10-06","t":"0342","frp":4.7,"b":331.1,"c":1,"s":"N20","n":0}},{"type":"Feature","geometry":{"type":"Point","coordinates":[144.3194,-15.9597]},"properties":{"d":"2026-10-06","t":"0342","frp":6.8,"b":367.0,"c":2,"s":"N20","n":0}},{"type":"Feature","geometry":{"type":"Point","coordinates":[144.3188,-15.9556]},"properties":{"d":"2026-10-06","t":"0342","frp":6.1,"b":346.8,"c":1,"s":"N20","n":0}},{"type":"Feature","geometry":{"type":"Point","coordinates":[144.3144,-15.952]},"properties":{"d":"2026-10-06","t":"0342","frp":4.9,"b":343.1,"c":1,"s":"N20","n":0}},{"type":"Feature","geometry":{"type":"Point","coordinates":[144.3183,-15.9515]},"properties":{"d":"2026-10-06","t":"0342","frp":6.1,"b":348.9,"c":1,"s":"N20","n":0}},{"type":"Feature","geometry":{"type":"Point","coordinates":[144.2084,-15.7506]},"properties":{"d":"2026-10-06","t":"0342","frp":10.2,"b":354.2,"c":1,"s":"N20","n":0}},{"type":"Feature","geometry":{"type":"Point","coordinates":[144.2001,-15.7475]},"properties":{"d":"2026-10-06","t":"0342","frp":9.3,"b":343.5,"c":1,"s":"N20","n":0}},{"type":"Feature","geometry":{"type":"Point","coordinates":[144.2039,-15.747]},"properties":{"d":"2026-10-06","t":"0342","frp":10.8,"b":345.1,"c":1,"s":"N20","n":0}},{"type":"Feature","geometry":{"type":"Point","coordinates":[144.5965,-15.6465]},"properties":{"d":"2026-10-06","t":"0342","frp":3.9,"b":347.2,"c":1,"s":"N20","n":0}},{"type":"Feature","geometry":{"type":"Point","coordinates":[144.567,-15.6462]},"properties":{"d":"2026-10-06","t":"0342","frp":7.0,"b":353.8,"c":1,"s":"N20","n":0}},{"type":"Feature","geometry":{"type":"Point","coordinates":[144.6003,-15.6461]},"properties":{"d":"2026-10-06","t":"0342","frp":3.9,"b":354.3,"c":1,"s":"N20","n":0}},{"type":"Feature","geometry":{"type":"Point","coordinates":[144.604,-15.6456]},"properties":{"d":"2026-10-06","t":"0342","frp":7.0,"b":345.4,"c":1,"s":"N20","n":0}},{"type":"Feature","geometry":{"type":"Point","coordinates":[144.6076,-15.6451]},"properties":{"d":"2026-10-06","t":"0342","frp":7.0,"b":355.8,"c":1,"s":"N20","n":0}},{"type":"Feature","geometry":{"type":"Point","coordinates":[144.6111,-15.6447]},"properties":{"d":"2026-10-06","t":"0342","frp":5.9,"b":350.0,"c":1,"s":"N20","n":0}},{"type":"Feature","geometry":{"type":"Point","coordinates":[144.5961,-15.6425]},"properties":{"d":"2026-10-06","t":"0342","frp":3.9,"b":333.8,"c":0,"s":"N20","n":0}},{"type":"Feature","geometry":{"type":"Point","coordinates":[144.6106,-15.6407]},"properties":{"d":"2026-10-06","t":"0342","frp":5.9,"b":340.4,"c":1,"s":"N20","n":0}},{"type":"Feature","geometry":{"type":"Point","coordinates":[144.6243,-15.6348]},"properties":{"d":"2026-10-06","t":"0342","frp":5.7,"b":349.9,"c":1,"s":"N20","n":0}},{"type":"Feature","geometry":{"type":"Point","coordinates":[144.6273,-15.6303]},"properties":{"d":"2026-10-06","t":"0342","frp":5.7,"b":348.2,"c":1,"s":"N20","n":0}},{"type":"Feature","geometry":{"type":"Point","coordinates":[144.6309,-15.6299]},"properties":{"d":"2026-10-06","t":"0342","frp":4.0,"b":341.6,"c":1,"s":"N20","n":0}},{"type":"Feature","geometry":{"type":"Point","coordinates":[144.6304,-15.6259]},"properties":{"d":"2026-10-06","t":"0342","frp":5.0,"b":350.6,"c":1,"s":"N20","n":0}},{"type":"Feature","geometry":{"type":"Point","coordinates":[144.6341,-15.6254]},"properties":{"d":"2026-10-06","t":"0342","frp":5.0,"b":338.8,"c":1,"s":"N20","n":0}},{"type":"Feature","geometry":{"type":"Point","coordinates":[144.6335,-15.6214]},"properties":{"d":"2026-10-06","t":"0342","frp":5.0,"b":367.0,"c":2,"s":"N20","n":0}},{"type":"Feature","geometry":{"type":"Point","coordinates":[144.6372,-15.6209]},"properties":{"d":"2026-10-06","t":"0342","frp":2.7,"b":337.0,"c":1,"s":"N20","n":0}},{"type":"Feature","geometry":{"type":"Point","coordinates":[144.6331,-15.6174]},"properties":{"d":"2026-10-06","t":"0342","frp":4.6,"b":347.9,"c":1,"s":"N20","n":0}},{"type":"Feature","geometry":{"type":"Point","coordinates":[144.6367,-15.6169]},"properties":{"d":"2026-10-06","t":"0342","frp":7.6,"b":333.1,"c":1,"s":"N20","n":0}},{"type":"Feature","geometry":{"type":"Point","coordinates":[144.6326,-15.6158]},"properties":{"d":"2026-10-06","t":"0342","frp":6.0,"b":353.7,"c":1,"s":"N20","n":0}},{"type":"Feature","geometry":{"type":"Point","coordinates":[144.6398,-15.6149]},"properties":{"d":"2026-10-06","t":"0342","frp":13.2,"b":354.7,"c":1,"s":"N20","n":0}},{"type":"Feature","geometry":{"type":"Point","coordinates":[144.6326,-15.6134]},"properties":{"d":"2026-10-06","t":"0342","frp":4.6,"b":335.5,"c":0,"s":"N20","n":0}},{"type":"Feature","geometry":{"type":"Point","coordinates":[144.6398,-15.6125]},"properties":{"d":"2026-10-06","t":"0342","frp":7.6,"b":354.5,"c":1,"s":"N20","n":0}},{"type":"Feature","geometry":{"type":"Point","coordinates":[144.6435,-15.612]},"properties":{"d":"2026-10-06","t":"0342","frp":6.8,"b":349.5,"c":1,"s":"N20","n":0}},{"type":"Feature","geometry":{"type":"Point","coordinates":[144.643,-15.6104]},"properties":{"d":"2026-10-06","t":"0342","frp":4.9,"b":352.7,"c":1,"s":"N20","n":0}},{"type":"Feature","geometry":{"type":"Point","coordinates":[144.6466,-15.6099]},"properties":{"d":"2026-10-06","t":"0342","frp":4.9,"b":338.6,"c":1,"s":"N20","n":0}},{"type":"Feature","geometry":{"type":"Point","coordinates":[144.4429,-15.6082]},"properties":{"d":"2026-10-06","t":"0342","frp":6.8,"b":355.6,"c":1,"s":"N20","n":0}},{"type":"Feature","geometry":{"type":"Point","coordinates":[144.6461,-15.6059]},"properties":{"d":"2026-10-06","t":"0342","frp":5.8,"b":343.9,"c":1,"s":"N20","n":0}},{"type":"Feature","geometry":{"type":"Point","coordinates":[144.6497,-15.6054]},"properties":{"d":"2026-10-06","t":"0342","frp":7.4,"b":350.6,"c":1,"s":"N20","n":0}},{"type":"Feature","geometry":{"type":"Point","coordinates":[144.4497,-15.6032]},"properties":{"d":"2026-10-06","t":"0342","frp":4.0,"b":349.1,"c":1,"s":"N20","n":0}},{"type":"Feature","geometry":{"type":"Point","coordinates":[144.6492,-15.6014]},"properties":{"d":"2026-10-06","t":"0342","frp":7.4,"b":340.6,"c":1,"s":"N20","n":0}},{"type":"Feature","geometry":{"type":"Point","coordinates":[144.6528,-15.6009]},"properties":{"d":"2026-10-06","t":"0342","frp":7.4,"b":340.4,"c":1,"s":"N20","n":0}},{"type":"Feature","geometry":{"type":"Point","coordinates":[144.6488,-15.5974]},"properties":{"d":"2026-10-06","t":"0342","frp":12.7,"b":353.2,"c":1,"s":"N20","n":0}},{"type":"Feature","geometry":{"type":"Point","coordinates":[144.6524,-15.5969]},"properties":{"d":"2026-10-06","t":"0342","frp":12.7,"b":340.0,"c":1,"s":"N20","n":0}},{"type":"Feature","geometry":{"type":"Point","coordinates":[144.6482,-15.5934]},"properties":{"d":"2026-10-06","t":"0342","frp":12.7,"b":341.0,"c":1,"s":"N20","n":0}},{"type":"Feature","geometry":{"type":"Point","coordinates":[144.6476,-15.5894]},"properties":{"d":"2026-10-06","t":"0342","frp":5.9,"b":355.4,"c":1,"s":"N20","n":0}},{"type":"Feature","geometry":{"type":"Point","coordinates":[144.6434,-15.5859]},"properties":{"d":"2026-10-06","t":"0342","frp":5.7,"b":343.2,"c":1,"s":"N20","n":0}},{"type":"Feature","geometry":{"type":"Point","coordinates":[144.6469,-15.5854]},"properties":{"d":"2026-10-06","t":"0342","frp":5.9,"b":334.7,"c":1,"s":"N20","n":0}},{"type":"Feature","geometry":{"type":"Point","coordinates":[144.6427,-15.5819]},"properties":{"d":"2026-10-06","t":"0342","frp":2.9,"b":340.2,"c":1,"s":"N20","n":0}},{"type":"Feature","geometry":{"type":"Point","coordinates":[144.6462,-15.5814]},"properties":{"d":"2026-10-06","t":"0342","frp":4.0,"b":336.4,"c":1,"s":"N20","n":0}},{"type":"Feature","geometry":{"type":"Point","coordinates":[144.6421,-15.5779]},"properties":{"d":"2026-10-06","t":"0342","frp":2.9,"b":335.6,"c":0,"s":"N20","n":0}},{"type":"Feature","geometry":{"type":"Point","coordinates":[144.6415,-15.5739]},"properties":{"d":"2026-10-06","t":"0342","frp":3.1,"b":334.1,"c":0,"s":"N20","n":0}},{"type":"Feature","geometry":{"type":"Point","coordinates":[144.6409,-15.5699]},"properties":{"d":"2026-10-06","t":"0342","frp":3.1,"b":348.4,"c":1,"s":"N20","n":0}},{"type":"Feature","geometry":{"type":"Point","coordinates":[144.6402,-15.5659]},"properties":{"d":"2026-10-06","t":"0342","frp":4.0,"b":347.5,"c":1,"s":"N20","n":0}},{"type":"Feature","geometry":{"type":"Point","coordinates":[144.6396,-15.5619]},"properties":{"d":"2026-10-06","t":"0342","frp":4.0,"b":334.4,"c":0,"s":"N20","n":0}},{"type":"Feature","geometry":{"type":"Point","coordinates":[144.6355,-15.5584]},"properties":{"d":"2026-10-06","t":"0342","frp":2.6,"b":343.1,"c":1,"s":"N20","n":0}},{"type":"Feature","geometry":{"type":"Point","coordinates":[144.635,-15.5544]},"properties":{"d":"2026-10-06","t":"0342","frp":2.6,"b":340.9,"c":1,"s":"N20","n":0}},{"type":"Feature","geometry":{"type":"Point","coordinates":[144.6343,-15.5504]},"properties":{"d":"2026-10-06","t":"0342","frp":3.7,"b":342.2,"c":1,"s":"N20","n":0}},{"type":"Feature","geometry":{"type":"Point","coordinates":[144.6301,-15.5469]},"properties":{"d":"2026-10-06","t":"0342","frp":5.2,"b":336.1,"c":0,"s":"N20","n":0}},{"type":"Feature","geometry":{"type":"Point","coordinates":[144.6336,-15.5464]},"properties":{"d":"2026-10-06","t":"0342","frp":3.7,"b":343.3,"c":1,"s":"N20","n":0}},{"type":"Feature","geometry":{"type":"Point","coordinates":[144.6295,-15.5429]},"properties":{"d":"2026-10-06","t":"0342","frp":3.7,"b":340.2,"c":1,"s":"N20","n":0}},{"type":"Feature","geometry":{"type":"Point","coordinates":[144.6254,-15.5394]},"properties":{"d":"2026-10-06","t":"0342","frp":3.7,"b":336.6,"c":0,"s":"N20","n":0}},{"type":"Feature","geometry":{"type":"Point","coordinates":[144.6214,-15.5358]},"properties":{"d":"2026-10-06","t":"0342","frp":2.3,"b":335.2,"c":0,"s":"N20","n":0}},{"type":"Feature","geometry":{"type":"Point","coordinates":[144.6248,-15.5353]},"properties":{"d":"2026-10-06","t":"0342","frp":3.3,"b":344.5,"c":1,"s":"N20","n":0}},{"type":"Feature","geometry":{"type":"Point","coordinates":[144.6207,-15.5318]},"properties":{"d":"2026-10-06","t":"0342","frp":2.3,"b":340.8,"c":1,"s":"N20","n":0}},{"type":"Feature","geometry":{"type":"Point","coordinates":[144.6121,-15.5248]},"properties":{"d":"2026-10-06","t":"0342","frp":7.7,"b":342.3,"c":1,"s":"N20","n":0}},{"type":"Feature","geometry":{"type":"Point","coordinates":[144.6079,-15.5212]},"properties":{"d":"2026-10-06","t":"0342","frp":2.3,"b":341.9,"c":1,"s":"N20","n":0}},{"type":"Feature","geometry":{"type":"Point","coordinates":[144.6115,-15.5208]},"properties":{"d":"2026-10-06","t":"0342","frp":2.3,"b":334.5,"c":0,"s":"N20","n":0}},{"type":"Feature","geometry":{"type":"Point","coordinates":[144.6002,-15.5181]},"properties":{"d":"2026-10-06","t":"0342","frp":5.0,"b":349.5,"c":1,"s":"N20","n":0}},{"type":"Feature","geometry":{"type":"Point","coordinates":[144.6038,-15.5177]},"properties":{"d":"2026-10-06","t":"0342","frp":5.0,"b":352.2,"c":1,"s":"N20","n":0}},{"type":"Feature","geometry":{"type":"Point","coordinates":[144.6073,-15.5172]},"properties":{"d":"2026-10-06","t":"0342","frp":2.3,"b":333.2,"c":0,"s":"N20","n":0}},{"type":"Feature","geometry":{"type":"Point","coordinates":[144.5782,-15.5169]},"properties":{"d":"2026-10-06","t":"0342","frp":1.5,"b":332.6,"c":0,"s":"N20","n":0}},{"type":"Feature","geometry":{"type":"Point","coordinates":[144.5416,-15.5161]},"properties":{"d":"2026-10-06","t":"0342","frp":2.1,"b":330.7,"c":1,"s":"N20","n":0}},{"type":"Feature","geometry":{"type":"Point","coordinates":[144.5702,-15.5138]},"properties":{"d":"2026-10-06","t":"0342","frp":4.0,"b":340.1,"c":1,"s":"N20","n":0}},{"type":"Feature","geometry":{"type":"Point","coordinates":[144.5595,-15.5137]},"properties":{"d":"2026-10-06","t":"0342","frp":3.3,"b":334.3,"c":0,"s":"N20","n":0}},{"type":"Feature","geometry":{"type":"Point","coordinates":[144.5374,-15.5125]},"properties":{"d":"2026-10-06","t":"0342","frp":3.0,"b":337.9,"c":1,"s":"N20","n":0}},{"type":"Feature","geometry":{"type":"Point","coordinates":[144.5703,-15.5122]},"properties":{"d":"2026-10-06","t":"0342","frp":4.1,"b":335.4,"c":0,"s":"N20","n":0}},{"type":"Feature","geometry":{"type":"Point","coordinates":[144.541,-15.5121]},"properties":{"d":"2026-10-06","t":"0342","frp":3.0,"b":342.9,"c":1,"s":"N20","n":0}},{"type":"Feature","geometry":{"type":"Point","coordinates":[144.5482,-15.5111]},"properties":{"d":"2026-10-06","t":"0342","frp":4.8,"b":339.9,"c":1,"s":"N20","n":0}},{"type":"Feature","geometry":{"type":"Point","coordinates":[144.5519,-15.5106]},"properties":{"d":"2026-10-06","t":"0342","frp":4.8,"b":352.2,"c":1,"s":"N20","n":0}},{"type":"Feature","geometry":{"type":"Point","coordinates":[144.5554,-15.5101]},"properties":{"d":"2026-10-06","t":"0342","frp":6.9,"b":351.9,"c":1,"s":"N20","n":0}},{"type":"Feature","geometry":{"type":"Point","coordinates":[144.559,-15.5096]},"properties":{"d":"2026-10-06","t":"0342","frp":6.9,"b":355.2,"c":1,"s":"N20","n":0}},{"type":"Feature","geometry":{"type":"Point","coordinates":[144.5625,-15.5092]},"properties":{"d":"2026-10-06","t":"0342","frp":4.4,"b":338.3,"c":1,"s":"N20","n":0}},{"type":"Feature","geometry":{"type":"Point","coordinates":[144.5332,-15.509]},"properties":{"d":"2026-10-06","t":"0342","frp":3.0,"b":334.3,"c":0,"s":"N20","n":0}},{"type":"Feature","geometry":{"type":"Point","coordinates":[145.1062,-15.3084]},"properties":{"d":"2026-10-06","t":"0342","frp":6.3,"b":332.1,"c":1,"s":"N20","n":0}},{"type":"Feature","geometry":{"type":"Point","coordinates":[144.4303,-15.3073]},"properties":{"d":"2026-10-06","t":"0342","frp":3.1,"b":332.9,"c":1,"s":"N20","n":0}},{"type":"Feature","geometry":{"type":"Point","coordinates":[144.4364,-15.2982]},"properties":{"d":"2026-10-06","t":"0342","frp":3.7,"b":341.2,"c":1,"s":"N20","n":0}},{"type":"Feature","geometry":{"type":"Point","coordinates":[144.4431,-15.2932]},"properties":{"d":"2026-10-06","t":"0342","frp":5.5,"b":342.3,"c":1,"s":"N20","n":0}},{"type":"Feature","geometry":{"type":"Point","coordinates":[144.9825,-15.2932]},"properties":{"d":"2026-10-06","t":"0342","frp":16.2,"b":336.6,"c":1,"s":"N20","n":0}},{"type":"Feature","geometry":{"type":"Point","coordinates":[144.4467,-15.2927]},"properties":{"d":"2026-10-06","t":"0342","frp":5.5,"b":332.2,"c":0,"s":"N20","n":0}},{"type":"Feature","geometry":{"type":"Point","coordinates":[145.007,-15.286]},"properties":{"d":"2026-10-06","t":"0342","frp":5.6,"b":333.8,"c":1,"s":"N20","n":0}},{"type":"Feature","geometry":{"type":"Point","coordinates":[145.012,-15.2853]},"properties":{"d":"2026-10-06","t":"0342","frp":5.6,"b":331.9,"c":1,"s":"N20","n":0}},{"type":"Feature","geometry":{"type":"Point","coordinates":[145.0115,-15.2814]},"properties":{"d":"2026-10-06","t":"0342","frp":5.6,"b":343.4,"c":1,"s":"N20","n":0}},{"type":"Feature","geometry":{"type":"Point","coordinates":[144.4282,-15.2664]},"properties":{"d":"2026-10-06","t":"0342","frp":5.2,"b":334.7,"c":0,"s":"N20","n":0}},{"type":"Feature","geometry":{"type":"Point","coordinates":[144.4319,-15.2659]},"properties":{"d":"2026-10-06","t":"0342","frp":8.6,"b":343.6,"c":1,"s":"N20","n":0}},{"type":"Feature","geometry":{"type":"Point","coordinates":[141.8964,-14.9857]},"properties":{"d":"2026-10-06","t":"0342","frp":6.0,"b":336.7,"c":0,"s":"N20","n":0}},{"type":"Feature","geometry":{"type":"Point","coordinates":[141.9001,-14.9844]},"properties":{"d":"2026-10-06","t":"0342","frp":9.4,"b":338.8,"c":0,"s":"N20","n":0}},{"type":"Feature","geometry":{"type":"Point","coordinates":[144.9031,-14.8408]},"properties":{"d":"2026-10-06","t":"0342","frp":8.0,"b":342.4,"c":1,"s":"N20","n":0}},{"type":"Feature","geometry":{"type":"Point","coordinates":[144.9079,-14.8402]},"properties":{"d":"2026-10-06","t":"0342","frp":8.0,"b":337.9,"c":1,"s":"N20","n":0}},{"type":"Feature","geometry":{"type":"Point","coordinates":[144.9072,-14.8363]},"properties":{"d":"2026-10-06","t":"0342","frp":8.2,"b":339.1,"c":1,"s":"N20","n":0}},{"type":"Feature","geometry":{"type":"Point","coordinates":[144.5086,-14.7885]},"properties":{"d":"2026-10-06","t":"0342","frp":12.8,"b":349.7,"c":1,"s":"N20","n":0}},{"type":"Feature","geometry":{"type":"Point","coordinates":[144.5139,-14.7878]},"properties":{"d":"2026-10-06","t":"0342","frp":12.8,"b":351.9,"c":1,"s":"N20","n":0}},{"type":"Feature","geometry":{"type":"Point","coordinates":[144.5192,-14.7871]},"properties":{"d":"2026-10-06","t":"0342","frp":8.1,"b":354.8,"c":1,"s":"N20","n":0}},{"type":"Feature","geometry":{"type":"Point","coordinates":[144.5186,-14.7831]},"properties":{"d":"2026-10-06","t":"0342","frp":8.1,"b":334.7,"c":0,"s":"N20","n":0}},{"type":"Feature","geometry":{"type":"Point","coordinates":[144.5239,-14.7824]},"properties":{"d":"2026-10-06","t":"0342","frp":8.1,"b":355.7,"c":1,"s":"N20","n":0}},{"type":"Feature","geometry":{"type":"Point","coordinates":[144.5287,-14.7777]},"properties":{"d":"2026-10-06","t":"0342","frp":10.2,"b":345.4,"c":1,"s":"N20","n":0}},{"type":"Feature","geometry":{"type":"Point","coordinates":[144.8341,-14.7738]},"properties":{"d":"2026-10-06","t":"0342","frp":10.4,"b":337.4,"c":1,"s":"N20","n":0}},{"type":"Feature","geometry":{"type":"Point","coordinates":[144.8392,-14.7732]},"properties":{"d":"2026-10-06","t":"0342","frp":10.4,"b":332.7,"c":1,"s":"N20","n":0}},{"type":"Feature","geometry":{"type":"Point","coordinates":[143.8441,-14.7706]},"properties":{"d":"2026-10-06","t":"0342","frp":11.8,"b":334.4,"c":1,"s":"N20","n":0}},{"type":"Feature","geometry":{"type":"Point","coordinates":[143.848,-14.77]},"properties":{"d":"2026-10-06","t":"0342","frp":11.8,"b":340.2,"c":1,"s":"N20","n":0}},{"type":"Feature","geometry":{"type":"Point","coordinates":[144.8336,-14.7699]},"properties":{"d":"2026-10-06","t":"0342","frp":6.3,"b":334.8,"c":1,"s":"N20","n":0}},{"type":"Feature","geometry":{"type":"Point","coordinates":[144.8386,-14.7692]},"properties":{"d":"2026-10-06","t":"0342","frp":6.3,"b":344.6,"c":1,"s":"N20","n":0}},{"type":"Feature","geometry":{"type":"Point","coordinates":[144.8437,-14.7686]},"properties":{"d":"2026-10-06","t":"0342","frp":3.8,"b":332.9,"c":1,"s":"N20","n":0}},{"type":"Feature","geometry":{"type":"Point","coordinates":[143.8435,-14.7664]},"properties":{"d":"2026-10-06","t":"0342","frp":16.9,"b":352.8,"c":1,"s":"N20","n":0}},{"type":"Feature","geometry":{"type":"Point","coordinates":[144.54,-14.7659]},"properties":{"d":"2026-10-06","t":"0342","frp":6.8,"b":344.0,"c":1,"s":"N20","n":0}},{"type":"Feature","geometry":{"type":"Point","coordinates":[143.8474,-14.7659]},"properties":{"d":"2026-10-06","t":"0342","frp":16.9,"b":355.8,"c":1,"s":"N20","n":0}},{"type":"Feature","geometry":{"type":"Point","coordinates":[144.8432,-14.7647]},"properties":{"d":"2026-10-06","t":"0342","frp":3.8,"b":336.0,"c":1,"s":"N20","n":0}},{"type":"Feature","geometry":{"type":"Point","coordinates":[144.5376,-14.7644]},"properties":{"d":"2026-10-06","t":"0342","frp":5.8,"b":336.2,"c":0,"s":"N20","n":0}},{"type":"Feature","geometry":{"type":"Point","coordinates":[144.5429,-14.7637]},"properties":{"d":"2026-10-06","t":"0342","frp":5.8,"b":351.6,"c":1,"s":"N20","n":0}},{"type":"Feature","geometry":{"type":"Point","coordinates":[143.839,-14.7627]},"properties":{"d":"2026-10-06","t":"0342","frp":33.6,"b":335.4,"c":1,"s":"N20","n":0}},{"type":"Feature","geometry":{"type":"Point","coordinates":[143.843,-14.7622]},"properties":{"d":"2026-10-06","t":"0342","frp":16.9,"b":348.9,"c":1,"s":"N20","n":0}},{"type":"Feature","geometry":{"type":"Point","coordinates":[143.8468,-14.7617]},"properties":{"d":"2026-10-06","t":"0342","frp":16.9,"b":347.4,"c":1,"s":"N20","n":0}},{"type":"Feature","geometry":{"type":"Point","coordinates":[143.8508,-14.7612]},"properties":{"d":"2026-10-06","t":"0342","frp":4.4,"b":336.8,"c":1,"s":"N20","n":0}},{"type":"Feature","geometry":{"type":"Point","coordinates":[144.5448,-14.7612]},"properties":{"d":"2026-10-06","t":"0342","frp":6.8,"b":338.2,"c":1,"s":"N20","n":0}},{"type":"Feature","geometry":{"type":"Point","coordinates":[143.8424,-14.7581]},"properties":{"d":"2026-10-06","t":"0342","frp":13.2,"b":349.5,"c":1,"s":"N20","n":0}},{"type":"Feature","geometry":{"type":"Point","coordinates":[143.8502,-14.7571]},"properties":{"d":"2026-10-06","t":"0342","frp":5.4,"b":347.6,"c":1,"s":"N20","n":0}},{"type":"Feature","geometry":{"type":"Point","coordinates":[143.8496,-14.7529]},"properties":{"d":"2026-10-06","t":"0342","frp":5.4,"b":345.2,"c":1,"s":"N20","n":0}},{"type":"Feature","geometry":{"type":"Point","coordinates":[143.8535,-14.7524]},"properties":{"d":"2026-10-06","t":"0342","frp":5.4,"b":340.5,"c":1,"s":"N20","n":0}},{"type":"Feature","geometry":{"type":"Point","coordinates":[143.8502,-14.7509]},"properties":{"d":"2026-10-06","t":"0342","frp":7.7,"b":339.8,"c":1,"s":"N20","n":0}},{"type":"Feature","geometry":{"type":"Point","coordinates":[143.8541,-14.7504]},"properties":{"d":"2026-10-06","t":"0342","frp":7.7,"b":340.6,"c":1,"s":"N20","n":0}},{"type":"Feature","geometry":{"type":"Point","coordinates":[143.8529,-14.7483]},"properties":{"d":"2026-10-06","t":"0342","frp":16.9,"b":342.1,"c":1,"s":"N20","n":0}},{"type":"Feature","geometry":{"type":"Point","coordinates":[143.8496,-14.7468]},"properties":{"d":"2026-10-06","t":"0342","frp":7.7,"b":340.0,"c":1,"s":"N20","n":0}},{"type":"Feature","geometry":{"type":"Point","coordinates":[143.8524,-14.738]},"properties":{"d":"2026-10-06","t":"0342","frp":6.2,"b":331.9,"c":1,"s":"N20","n":0}},{"type":"Feature","geometry":{"type":"Point","coordinates":[143.8518,-14.7338]},"properties":{"d":"2026-10-06","t":"0342","frp":6.3,"b":344.8,"c":1,"s":"N20","n":0}},{"type":"Feature","geometry":{"type":"Point","coordinates":[143.8307,-14.7239]},"properties":{"d":"2026-10-06","t":"0342","frp":7.5,"b":341.6,"c":1,"s":"N20","n":0}},{"type":"Feature","geometry":{"type":"Point","coordinates":[143.8301,-14.7197]},"properties":{"d":"2026-10-06","t":"0342","frp":38.0,"b":336.4,"c":0,"s":"N20","n":0}},{"type":"Feature","geometry":{"type":"Point","coordinates":[143.834,-14.7192]},"properties":{"d":"2026-10-06","t":"0342","frp":38.0,"b":352.6,"c":1,"s":"N20","n":0}},{"type":"Feature","geometry":{"type":"Point","coordinates":[143.8295,-14.7156]},"properties":{"d":"2026-10-06","t":"0342","frp":38.0,"b":340.8,"c":1,"s":"N20","n":0}},{"type":"Feature","geometry":{"type":"Point","coordinates":[143.8334,-14.7151]},"properties":{"d":"2026-10-06","t":"0342","frp":38.0,"b":354.7,"c":1,"s":"N20","n":0}},{"type":"Feature","geometry":{"type":"Point","coordinates":[143.8373,-14.7145]},"properties":{"d":"2026-10-06","t":"0342","frp":10.3,"b":340.8,"c":1,"s":"N20","n":0}},{"type":"Feature","geometry":{"type":"Point","coordinates":[143.849,-14.713]},"properties":{"d":"2026-10-06","t":"0342","frp":6.3,"b":338.1,"c":1,"s":"N20","n":0}},{"type":"Feature","geometry":{"type":"Point","coordinates":[143.8528,-14.7125]},"properties":{"d":"2026-10-06","t":"0342","frp":1.8,"b":333.9,"c":1,"s":"N20","n":0}},{"type":"Feature","geometry":{"type":"Point","coordinates":[143.8328,-14.7109]},"properties":{"d":"2026-10-06","t":"0342","frp":11.1,"b":355.8,"c":1,"s":"N20","n":0}},{"type":"Feature","geometry":{"type":"Point","coordinates":[143.8367,-14.7104]},"properties":{"d":"2026-10-06","t":"0342","frp":5.9,"b":335.8,"c":1,"s":"N20","n":0}},{"type":"Feature","geometry":{"type":"Point","coordinates":[143.8523,-14.7084]},"properties":{"d":"2026-10-06","t":"0342","frp":7.3,"b":343.9,"c":1,"s":"N20","n":0}},{"type":"Feature","geometry":{"type":"Point","coordinates":[143.8517,-14.7042]},"properties":{"d":"2026-10-06","t":"0342","frp":7.3,"b":345.3,"c":1,"s":"N20","n":0}},{"type":"Feature","geometry":{"type":"Point","coordinates":[143.8511,-14.7]},"properties":{"d":"2026-10-06","t":"0342","frp":7.5,"b":334.3,"c":1,"s":"N20","n":0}},{"type":"Feature","geometry":{"type":"Point","coordinates":[143.855,-14.6995]},"properties":{"d":"2026-10-06","t":"0342","frp":7.5,"b":334.5,"c":1,"s":"N20","n":0}},{"type":"Feature","geometry":{"type":"Point","coordinates":[143.8545,-14.6954]},"properties":{"d":"2026-10-06","t":"0342","frp":7.5,"b":356.1,"c":1,"s":"N20","n":0}},{"type":"Feature","geometry":{"type":"Point","coordinates":[143.8583,-14.6949]},"properties":{"d":"2026-10-06","t":"0342","frp":15.9,"b":352.2,"c":1,"s":"N20","n":0}},{"type":"Feature","geometry":{"type":"Point","coordinates":[143.8539,-14.6912]},"properties":{"d":"2026-10-06","t":"0342","frp":7.8,"b":347.3,"c":1,"s":"N20","n":0}},{"type":"Feature","geometry":{"type":"Point","coordinates":[143.8577,-14.6907]},"properties":{"d":"2026-10-06","t":"0342","frp":4.9,"b":344.9,"c":1,"s":"N20","n":0}},{"type":"Feature","geometry":{"type":"Point","coordinates":[143.8572,-14.6866]},"properties":{"d":"2026-10-06","t":"0342","frp":4.9,"b":348.7,"c":1,"s":"N20","n":0}},{"type":"Feature","geometry":{"type":"Point","coordinates":[143.8516,-14.6746]},"properties":{"d":"2026-10-06","t":"0342","frp":3.3,"b":340.2,"c":1,"s":"N20","n":0}},{"type":"Feature","geometry":{"type":"Point","coordinates":[143.8505,-14.6663]},"properties":{"d":"2026-10-06","t":"0342","frp":2.1,"b":331.0,"c":1,"s":"N20","n":0}},{"type":"Feature","geometry":{"type":"Point","coordinates":[143.8499,-14.6622]},"properties":{"d":"2026-10-06","t":"0342","frp":2.1,"b":337.1,"c":1,"s":"N20","n":0}},{"type":"Feature","geometry":{"type":"Point","coordinates":[143.8493,-14.658]},"properties":{"d":"2026-10-06","t":"0345","frp":3.5,"b":333.9,"c":1,"s":"N20","n":0}},{"type":"Feature","geometry":{"type":"Point","coordinates":[143.8487,-14.6538]},"properties":{"d":"2026-10-06","t":"0345","frp":3.5,"b":341.4,"c":1,"s":"N20","n":0}},{"type":"Feature","geometry":{"type":"Point","coordinates":[143.8482,-14.6497]},"properties":{"d":"2026-10-06","t":"0345","frp":2.9,"b":336.0,"c":1,"s":"N20","n":0}},{"type":"Feature","geometry":{"type":"Point","coordinates":[143.8437,-14.646]},"properties":{"d":"2026-10-06","t":"0345","frp":2.9,"b":333.8,"c":1,"s":"N20","n":0}},{"type":"Feature","geometry":{"type":"Point","coordinates":[143.8476,-14.6455]},"properties":{"d":"2026-10-06","t":"0345","frp":2.9,"b":333.1,"c":1,"s":"N20","n":0}},{"type":"Feature","geometry":{"type":"Point","coordinates":[135.4848,-14.5978]},"properties":{"d":"2026-10-06","t":"0345","frp":10.7,"b":351.0,"c":1,"s":"N20","n":0}},{"type":"Feature","geometry":{"type":"Point","coordinates":[135.5107,-14.5738]},"properties":{"d":"2026-10-06","t":"0345","frp":32.4,"b":352.5,"c":1,"s":"N20","n":0}},{"type":"Feature","geometry":{"type":"Point","coordinates":[135.517,-14.5661]},"properties":{"d":"2026-10-06","t":"0345","frp":58.5,"b":355.2,"c":1,"s":"N20","n":0}},{"type":"Feature","geometry":{"type":"Point","coordinates":[144.4409,-14.3075]},"properties":{"d":"2026-10-06","t":"0345","frp":12.7,"b":349.7,"c":1,"s":"N20","n":0}},{"type":"Feature","geometry":{"type":"Point","coordinates":[144.4457,-14.3028]},"properties":{"d":"2026-10-06","t":"0345","frp":6.6,"b":341.3,"c":1,"s":"N20","n":0}},{"type":"Feature","geometry":{"type":"Point","coordinates":[144.4505,-14.2981]},"properties":{"d":"2026-10-06","t":"0345","frp":7.9,"b":337.4,"c":1,"s":"N20","n":0}},{"type":"Feature","geometry":{"type":"Point","coordinates":[144.4499,-14.2942]},"properties":{"d":"2026-10-06","t":"0345","frp":7.9,"b":334.3,"c":1,"s":"N20","n":0}},{"type":"Feature","geometry":{"type":"Point","coordinates":[144.444,-14.2909]},"properties":{"d":"2026-10-06","t":"0345","frp":6.8,"b":340.6,"c":1,"s":"N20","n":0}},{"type":"Feature","geometry":{"type":"Point","coordinates":[144.4493,-14.2902]},"properties":{"d":"2026-10-06","t":"0345","frp":6.8,"b":338.5,"c":1,"s":"N20","n":0}},{"type":"Feature","geometry":{"type":"Point","coordinates":[144.4329,-14.2883]},"properties":{"d":"2026-10-06","t":"0345","frp":9.0,"b":341.5,"c":1,"s":"N20","n":0}},{"type":"Feature","geometry":{"type":"Point","coordinates":[144.4381,-14.2876]},"properties":{"d":"2026-10-06","t":"0345","frp":9.0,"b":346.5,"c":1,"s":"N20","n":0}},{"type":"Feature","geometry":{"type":"Point","coordinates":[144.4488,-14.2862]},"properties":{"d":"2026-10-06","t":"0345","frp":6.8,"b":339.4,"c":1,"s":"N20","n":0}},{"type":"Feature","geometry":{"type":"Point","coordinates":[144.4323,-14.2844]},"properties":{"d":"2026-10-06","t":"0345","frp":10.3,"b":334.5,"c":0,"s":"N20","n":0}},{"type":"Feature","geometry":{"type":"Point","coordinates":[144.437,-14.2797]},"properties":{"d":"2026-10-06","t":"0345","frp":10.3,"b":351.6,"c":1,"s":"N20","n":0}},{"type":"Feature","geometry":{"type":"Point","coordinates":[144.4423,-14.279]},"properties":{"d":"2026-10-06","t":"0345","frp":18.0,"b":346.2,"c":1,"s":"N20","n":0}},{"type":"Feature","geometry":{"type":"Point","coordinates":[144.4364,-14.2757]},"properties":{"d":"2026-10-06","t":"0345","frp":13.0,"b":352.7,"c":1,"s":"N20","n":0}},{"type":"Feature","geometry":{"type":"Point","coordinates":[144.4418,-14.275]},"properties":{"d":"2026-10-06","t":"0345","frp":7.1,"b":338.8,"c":1,"s":"N20","n":0}},{"type":"Feature","geometry":{"type":"Point","coordinates":[136.6559,-14.0791]},"properties":{"d":"2026-10-06","t":"0345","frp":14.9,"b":367.0,"c":2,"s":"N20","n":0}},{"type":"Feature","geometry":{"type":"Point","coordinates":[136.6622,-14.0784]},"properties":{"d":"2026-10-06","t":"0345","frp":14.9,"b":337.6,"c":1,"s":"N20","n":0}},{"type":"Feature","geometry":{"type":"Point","coordinates":[136.6528,-14.078]},"properties":{"d":"2026-10-06","t":"0345","frp":14.5,"b":353.2,"c":1,"s":"N20","n":0}},{"type":"Feature","geometry":{"type":"Point","coordinates":[136.6681,-14.0778]},"properties":{"d":"2026-10-06","t":"0345","frp":9.9,"b":339.4,"c":1,"s":"N20","n":0}},{"type":"Feature","geometry":{"type":"Point","coordinates":[136.659,-14.0774]},"properties":{"d":"2026-10-06","t":"0345","frp":14.5,"b":355.5,"c":1,"s":"N20","n":0}},{"type":"Feature","geometry":{"type":"Point","coordinates":[136.6651,-14.0768]},"properties":{"d":"2026-10-06","t":"0345","frp":16.1,"b":344.4,"c":1,"s":"N20","n":0}},{"type":"Feature","geometry":{"type":"Point","coordinates":[143.3298,-14.0703]},"properties":{"d":"2026-10-06","t":"0345","frp":5.2,"b":346.6,"c":1,"s":"N20","n":0}},{"type":"Feature","geometry":{"type":"Point","coordinates":[143.33,-14.067]},"properties":{"d":"2026-10-06","t":"0345","frp":4.5,"b":347.9,"c":1,"s":"N20","n":0}},{"type":"Feature","geometry":{"type":"Point","coordinates":[143.3292,-14.0661]},"properties":{"d":"2026-10-06","t":"0345","frp":5.2,"b":344.7,"c":1,"s":"N20","n":0}},{"type":"Feature","geometry":{"type":"Point","coordinates":[143.3253,-14.0633]},"properties":{"d":"2026-10-06","t":"0345","frp":4.5,"b":332.9,"c":0,"s":"N20","n":0}},{"type":"Feature","geometry":{"type":"Point","coordinates":[143.3294,-14.0627]},"properties":{"d":"2026-10-06","t":"0345","frp":4.5,"b":339.5,"c":1,"s":"N20","n":0}},{"type":"Feature","geometry":{"type":"Point","coordinates":[143.3245,-14.0623]},"properties":{"d":"2026-10-06","t":"0345","frp":2.4,"b":336.7,"c":1,"s":"N20","n":0}},{"type":"Feature","geometry":{"type":"Point","coordinates":[143.3286,-14.0618]},"properties":{"d":"2026-10-06","t":"0345","frp":2.4,"b":333.7,"c":0,"s":"N20","n":0}},{"type":"Feature","geometry":{"type":"Point","coordinates":[136.6593,-14.052]},"properties":{"d":"2026-10-06","t":"0345","frp":8.8,"b":344.4,"c":1,"s":"N20","n":0}},{"type":"Feature","geometry":{"type":"Point","coordinates":[136.6652,-14.0514]},"properties":{"d":"2026-10-06","t":"0345","frp":6.1,"b":330.0,"c":1,"s":"N20","n":0}},{"type":"Feature","geometry":{"type":"Point","coordinates":[136.5127,-14.0069]},"properties":{"d":"2026-10-06","t":"0345","frp":6.6,"b":334.0,"c":1,"s":"N20","n":0}},{"type":"Feature","geometry":{"type":"Point","coordinates":[136.5105,-14.003]},"properties":{"d":"2026-10-06","t":"0345","frp":11.2,"b":339.4,"c":1,"s":"N20","n":0}},{"type":"Feature","geometry":{"type":"Point","coordinates":[136.5163,-14.0024]},"properties":{"d":"2026-10-06","t":"0345","frp":11.2,"b":342.8,"c":1,"s":"N20","n":0}},{"type":"Feature","geometry":{"type":"Point","coordinates":[136.522,-14.0017]},"properties":{"d":"2026-10-06","t":"0345","frp":23.0,"b":367.0,"c":2,"s":"N20","n":0}},{"type":"Feature","geometry":{"type":"Point","coordinates":[136.5171,-13.9997]},"properties":{"d":"2026-10-06","t":"0345","frp":13.7,"b":351.0,"c":1,"s":"N20","n":0}},{"type":"Feature","geometry":{"type":"Point","coordinates":[136.523,-13.9991]},"properties":{"d":"2026-10-06","t":"0345","frp":13.7,"b":367.0,"c":2,"s":"N20","n":0}},{"type":"Feature","geometry":{"type":"Point","coordinates":[136.6559,-13.9874]},"properties":{"d":"2026-10-06","t":"0345","frp":12.0,"b":332.4,"c":1,"s":"N20","n":0}},{"type":"Feature","geometry":{"type":"Point","coordinates":[136.6516,-13.9862]},"properties":{"d":"2026-10-06","t":"0345","frp":10.4,"b":330.9,"c":1,"s":"N20","n":0}},{"type":"Feature","geometry":{"type":"Point","coordinates":[136.6574,-13.9856]},"properties":{"d":"2026-10-06","t":"0345","frp":10.6,"b":338.2,"c":1,"s":"N20","n":0}},{"type":"Feature","geometry":{"type":"Point","coordinates":[136.6714,-13.9724]},"properties":{"d":"2026-10-06","t":"0345","frp":7.9,"b":340.9,"c":1,"s":"N20","n":0}},{"type":"Feature","geometry":{"type":"Point","coordinates":[136.6728,-13.9707]},"properties":{"d":"2026-10-06","t":"0345","frp":6.4,"b":335.0,"c":1,"s":"N20","n":0}},{"type":"Feature","geometry":{"type":"Point","coordinates":[141.8628,-13.6843]},"properties":{"d":"2026-10-06","t":"0345","frp":5.8,"b":336.2,"c":1,"s":"N20","n":0}},{"type":"Feature","geometry":{"type":"Point","coordinates":[141.8678,-13.6836]},"properties":{"d":"2026-10-06","t":"0345","frp":8.4,"b":337.1,"c":1,"s":"N20","n":0}},{"type":"Feature","geometry":{"type":"Point","coordinates":[141.8773,-13.6776]},"properties":{"d":"2026-10-06","t":"0345","frp":3.8,"b":333.6,"c":1,"s":"N20","n":0}},{"type":"Feature","geometry":{"type":"Point","coordinates":[141.8767,-13.673]},"properties":{"d":"2026-10-06","t":"0345","frp":6.3,"b":340.6,"c":1,"s":"N20","n":0}},{"type":"Feature","geometry":{"type":"Point","coordinates":[141.8806,-13.663]},"properties":{"d":"2026-10-06","t":"0345","frp":21.8,"b":350.3,"c":1,"s":"N20","n":0}},{"type":"Feature","geometry":{"type":"Point","coordinates":[141.8856,-13.6623]},"properties":{"d":"2026-10-06","t":"0345","frp":8.7,"b":354.1,"c":1,"s":"N20","n":0}},{"type":"Feature","geometry":{"type":"Point","coordinates":[141.8906,-13.6617]},"properties":{"d":"2026-10-06","t":"0345","frp":8.7,"b":332.6,"c":0,"s":"N20","n":0}},{"type":"Feature","geometry":{"type":"Point","coordinates":[141.8956,-13.6611]},"properties":{"d":"2026-10-06","t":"0345","frp":5.7,"b":334.0,"c":0,"s":"N20","n":0}},{"type":"Feature","geometry":{"type":"Point","coordinates":[141.8999,-13.6558]},"properties":{"d":"2026-10-06","t":"0345","frp":5.7,"b":348.3,"c":1,"s":"N20","n":0}},{"type":"Feature","geometry":{"type":"Point","coordinates":[141.8994,-13.6511]},"properties":{"d":"2026-10-06","t":"0345","frp":9.7,"b":351.0,"c":1,"s":"N20","n":0}},{"type":"Feature","geometry":{"type":"Point","coordinates":[141.8988,-13.6465]},"properties":{"d":"2026-10-06","t":"0345","frp":9.7,"b":343.1,"c":1,"s":"N20","n":0}},{"type":"Feature","geometry":{"type":"Point","coordinates":[141.9032,-13.6412]},"properties":{"d":"2026-10-06","t":"0345","frp":3.4,"b":338.2,"c":1,"s":"N20","n":0}},{"type":"Feature","geometry":{"type":"Point","coordinates":[141.9026,-13.6365]},"properties":{"d":"2026-10-06","t":"0345","frp":3.4,"b":344.9,"c":1,"s":"N20","n":0}},{"type":"Feature","geometry":{"type":"Point","coordinates":[141.897,-13.6325]},"properties":{"d":"2026-10-06","t":"0345","frp":3.3,"b":332.9,"c":0,"s":"N20","n":0}},{"type":"Feature","geometry":{"type":"Point","coordinates":[141.9014,-13.6272]},"properties":{"d":"2026-10-06","t":"0345","frp":3.6,"b":342.6,"c":1,"s":"N20","n":0}},{"type":"Feature","geometry":{"type":"Point","coordinates":[141.8996,-13.6132]},"properties":{"d":"2026-10-06","t":"0345","frp":2.9,"b":336.4,"c":1,"s":"N20","n":0}},{"type":"Feature","geometry":{"type":"Point","coordinates":[141.8968,-13.6108]},"properties":{"d":"2026-10-06","t":"0345","frp":2.9,"b":336.2,"c":1,"s":"N20","n":0}},{"type":"Feature","geometry":{"type":"Point","coordinates":[143.172,-13.5879]},"properties":{"d":"2026-10-06","t":"0345","frp":6.6,"b":335.5,"c":1,"s":"N20","n":0}},{"type":"Feature","geometry":{"type":"Point","coordinates":[143.1762,-13.5874]},"properties":{"d":"2026-10-06","t":"0345","frp":6.6,"b":367.0,"c":2,"s":"N20","n":0}},{"type":"Feature","geometry":{"type":"Point","coordinates":[143.1802,-13.5869]},"properties":{"d":"2026-10-06","t":"0345","frp":7.0,"b":354.6,"c":1,"s":"N20","n":0}},{"type":"Feature","geometry":{"type":"Point","coordinates":[143.1797,-13.5826]},"properties":{"d":"2026-10-06","t":"0345","frp":7.0,"b":338.4,"c":1,"s":"N20","n":0}},{"type":"Feature","geometry":{"type":"Point","coordinates":[143.1838,-13.5821]},"properties":{"d":"2026-10-06","t":"0345","frp":7.0,"b":341.2,"c":1,"s":"N20","n":0}},{"type":"Feature","geometry":{"type":"Point","coordinates":[143.1791,-13.5783]},"properties":{"d":"2026-10-06","t":"0345","frp":7.8,"b":336.0,"c":0,"s":"N20","n":0}},{"type":"Feature","geometry":{"type":"Point","coordinates":[143.1832,-13.5778]},"properties":{"d":"2026-10-06","t":"0345","frp":7.8,"b":354.2,"c":1,"s":"N20","n":0}},{"type":"Feature","geometry":{"type":"Point","coordinates":[143.1827,-13.5735]},"properties":{"d":"2026-10-06","t":"0345","frp":7.8,"b":353.9,"c":1,"s":"N20","n":0}},{"type":"Feature","geometry":{"type":"Point","coordinates":[143.1454,-13.5012]},"properties":{"d":"2026-10-06","t":"0345","frp":18.8,"b":367.0,"c":2,"s":"N20","n":0}},{"type":"Feature","geometry":{"type":"Point","coordinates":[143.1493,-13.5007]},"properties":{"d":"2026-10-06","t":"0345","frp":18.8,"b":334.5,"c":1,"s":"N20","n":0}},{"type":"Feature","geometry":{"type":"Point","coordinates":[143.1448,-13.4969]},"properties":{"d":"2026-10-06","t":"0345","frp":18.8,"b":355.8,"c":1,"s":"N20","n":0}},{"type":"Feature","geometry":{"type":"Point","coordinates":[143.1487,-13.4964]},"properties":{"d":"2026-10-06","t":"0345","frp":18.8,"b":355.3,"c":1,"s":"N20","n":0}},{"type":"Feature","geometry":{"type":"Point","coordinates":[143.1527,-13.4959]},"properties":{"d":"2026-10-06","t":"0345","frp":15.5,"b":367.0,"c":2,"s":"N20","n":0}},{"type":"Feature","geometry":{"type":"Point","coordinates":[143.1568,-13.4953]},"properties":{"d":"2026-10-06","t":"0345","frp":15.5,"b":367.0,"c":2,"s":"N20","n":0}},{"type":"Feature","geometry":{"type":"Point","coordinates":[143.1608,-13.4948]},"properties":{"d":"2026-10-06","t":"0345","frp":5.1,"b":347.3,"c":1,"s":"N20","n":0}},{"type":"Feature","geometry":{"type":"Point","coordinates":[143.1562,-13.4911]},"properties":{"d":"2026-10-06","t":"0345","frp":12.5,"b":345.2,"c":1,"s":"N20","n":0}},{"type":"Feature","geometry":{"type":"Point","coordinates":[143.1602,-13.4905]},"properties":{"d":"2026-10-06","t":"0345","frp":15.4,"b":354.6,"c":1,"s":"N20","n":0}},{"type":"Feature","geometry":{"type":"Point","coordinates":[143.1643,-13.49]},"properties":{"d":"2026-10-06","t":"0345","frp":15.4,"b":343.3,"c":1,"s":"N20","n":0}},{"type":"Feature","geometry":{"type":"Point","coordinates":[143.1637,-13.4857]},"properties":{"d":"2026-10-06","t":"0345","frp":15.4,"b":335.0,"c":0,"s":"N20","n":0}},{"type":"Feature","geometry":{"type":"Point","coordinates":[143.1672,-13.4809]},"properties":{"d":"2026-10-06","t":"0345","frp":6.9,"b":340.9,"c":1,"s":"N20","n":0}},{"type":"Feature","geometry":{"type":"Point","coordinates":[143.1666,-13.4767]},"properties":{"d":"2026-10-06","t":"0345","frp":6.9,"b":345.9,"c":1,"s":"N20","n":0}},{"type":"Feature","geometry":{"type":"Point","coordinates":[143.166,-13.4724]},"properties":{"d":"2026-10-06","t":"0345","frp":10.5,"b":354.3,"c":1,"s":"N20","n":0}},{"type":"Feature","geometry":{"type":"Point","coordinates":[136.1438,-13.4209]},"properties":{"d":"2026-10-06","t":"0345","frp":5.7,"b":335.9,"c":1,"s":"N20","n":0}},{"type":"Feature","geometry":{"type":"Point","coordinates":[136.1431,-13.4142]},"properties":{"d":"2026-10-06","t":"0345","frp":5.7,"b":334.1,"c":1,"s":"N20","n":0}},{"type":"Feature","geometry":{"type":"Point","coordinates":[136.1494,-13.4136]},"properties":{"d":"2026-10-06","t":"0345","frp":5.7,"b":341.2,"c":1,"s":"N20","n":0}},{"type":"Feature","geometry":{"type":"Point","coordinates":[143.1377,-13.4122]},"properties":{"d":"2026-10-06","t":"0345","frp":27.3,"b":343.5,"c":1,"s":"N20","n":0}},{"type":"Feature","geometry":{"type":"Point","coordinates":[136.1546,-13.4062]},"properties":{"d":"2026-10-06","t":"0345","frp":10.3,"b":348.2,"c":1,"s":"N20","n":0}},{"type":"Feature","geometry":{"type":"Point","coordinates":[136.2045,-13.1979]},"properties":{"d":"2026-10-06","t":"0345","frp":3.6,"b":334.6,"c":1,"s":"N20","n":0}},{"type":"Feature","geometry":{"type":"Point","coordinates":[136.203,-13.1949]},"properties":{"d":"2026-10-06","t":"0345","frp":4.1,"b":340.4,"c":1,"s":"N20","n":0}},{"type":"Feature","geometry":{"type":"Point","coordinates":[141.868,-13.1571]},"properties":{"d":"2026-10-06","t":"0345","frp":9.8,"b":340.7,"c":1,"s":"N20","n":0}},{"type":"Feature","geometry":{"type":"Point","coordinates":[141.8624,-13.1531]},"properties":{"d":"2026-10-06","t":"0345","frp":9.8,"b":335.4,"c":1,"s":"N20","n":0}},{"type":"Feature","geometry":{"type":"Point","coordinates":[141.8674,-13.1524]},"properties":{"d":"2026-10-06","t":"0345","frp":9.8,"b":351.8,"c":1,"s":"N20","n":0}},{"type":"Feature","geometry":{"type":"Point","coordinates":[141.8723,-13.1518]},"properties":{"d":"2026-10-06","t":"0345","frp":47.4,"b":353.7,"c":1,"s":"N20","n":0}},{"type":"Feature","geometry":{"type":"Point","coordinates":[141.8667,-13.1478]},"properties":{"d":"2026-10-06","t":"0345","frp":145.2,"b":349.1,"c":1,"s":"N20","n":0}},{"type":"Feature","geometry":{"type":"Point","coordinates":[141.8872,-13.1122]},"properties":{"d":"2026-10-06","t":"0345","frp":4.5,"b":341.5,"c":1,"s":"N20","n":0}},{"type":"Feature","geometry":{"type":"Point","coordinates":[141.9943,-13.1033]},"properties":{"d":"2026-10-06","t":"0345","frp":12.9,"b":356.2,"c":1,"s":"N20","n":0}},{"type":"Feature","geometry":{"type":"Point","coordinates":[141.9992,-13.1027]},"properties":{"d":"2026-10-06","t":"0345","frp":12.9,"b":367.0,"c":2,"s":"N20","n":0}},{"type":"Feature","geometry":{"type":"Point","coordinates":[142.004,-13.1021]},"properties":{"d":"2026-10-06","t":"0345","frp":13.7,"b":367.0,"c":2,"s":"N20","n":0}},{"type":"Feature","geometry":{"type":"Point","coordinates":[142.0088,-13.1015]},"properties":{"d":"2026-10-06","t":"0345","frp":13.7,"b":351.8,"c":1,"s":"N20","n":0}},{"type":"Feature","geometry":{"type":"Point","coordinates":[142.0136,-13.1009]},"properties":{"d":"2026-10-06","t":"0345","frp":7.4,"b":351.2,"c":1,"s":"N20","n":0}},{"type":"Feature","geometry":{"type":"Point","coordinates":[142.013,-13.0963]},"properties":{"d":"2026-10-06","t":"0345","frp":7.4,"b":345.8,"c":1,"s":"N20","n":0}},{"type":"Feature","geometry":{"type":"Point","coordinates":[142.0178,-13.0957]},"properties":{"d":"2026-10-06","t":"0345","frp":7.4,"b":346.5,"c":1,"s":"N20","n":0}},{"type":"Feature","geometry":{"type":"Point","coordinates":[142.0173,-13.0911]},"properties":{"d":"2026-10-06","t":"0345","frp":9.4,"b":343.7,"c":1,"s":"N20","n":0}},{"type":"Feature","geometry":{"type":"Point","coordinates":[142.0215,-13.0859]},"properties":{"d":"2026-10-06","t":"0345","frp":4.7,"b":341.1,"c":1,"s":"N20","n":0}},{"type":"Feature","geometry":{"type":"Point","coordinates":[142.021,-13.0813]},"properties":{"d":"2026-10-06","t":"0345","frp":4.8,"b":346.4,"c":1,"s":"N20","n":0}},{"type":"Feature","geometry":{"type":"Point","coordinates":[142.0205,-13.0767]},"properties":{"d":"2026-10-06","t":"0345","frp":4.8,"b":334.5,"c":0,"s":"N20","n":0}},{"type":"Feature","geometry":{"type":"Point","coordinates":[142.0252,-13.0761]},"properties":{"d":"2026-10-06","t":"0345","frp":4.8,"b":342.2,"c":1,"s":"N20","n":0}},{"type":"Feature","geometry":{"type":"Point","coordinates":[142.0246,-13.0715]},"properties":{"d":"2026-10-06","t":"0345","frp":8.6,"b":341.2,"c":1,"s":"N20","n":0}},{"type":"Feature","geometry":{"type":"Point","coordinates":[142.024,-13.0669]},"properties":{"d":"2026-10-06","t":"0345","frp":8.6,"b":352.5,"c":1,"s":"N20","n":0}},{"type":"Feature","geometry":{"type":"Point","coordinates":[142.0288,-13.0663]},"properties":{"d":"2026-10-06","t":"0345","frp":5.4,"b":345.1,"c":1,"s":"N20","n":0}},{"type":"Feature","geometry":{"type":"Point","coordinates":[142.0276,-13.0571]},"properties":{"d":"2026-10-06","t":"0345","frp":6.4,"b":339.1,"c":1,"s":"N20","n":0}},{"type":"Feature","geometry":{"type":"Point","coordinates":[142.0304,-13.0566]},"properties":{"d":"2026-10-06","t":"0345","frp":5.0,"b":344.9,"c":1,"s":"N20","n":0}},{"type":"Feature","geometry":{"type":"Point","coordinates":[142.0324,-13.0565]},"properties":{"d":"2026-10-06","t":"0345","frp":6.4,"b":331.3,"c":0,"s":"N20","n":0}},{"type":"Feature","geometry":{"type":"Point","coordinates":[141.726,-13.0537]},"properties":{"d":"2026-10-06","t":"0345","frp":27.1,"b":349.9,"c":1,"s":"N20","n":0}},{"type":"Feature","geometry":{"type":"Point","coordinates":[141.731,-13.0531]},"properties":{"d":"2026-10-06","t":"0345","frp":49.9,"b":350.3,"c":1,"s":"N20","n":0}},{"type":"Feature","geometry":{"type":"Point","coordinates":[142.0298,-13.0521]},"properties":{"d":"2026-10-06","t":"0345","frp":5.0,"b":346.7,"c":1,"s":"N20","n":0}},{"type":"Feature","geometry":{"type":"Point","coordinates":[142.0318,-13.0519]},"properties":{"d":"2026-10-06","t":"0345","frp":7.8,"b":341.4,"c":1,"s":"N20","n":0}},{"type":"Feature","geometry":{"type":"Point","coordinates":[141.7254,-13.049]},"properties":{"d":"2026-10-06","t":"0345","frp":11.2,"b":345.9,"c":1,"s":"N20","n":0}},{"type":"Feature","geometry":{"type":"Point","coordinates":[141.7305,-13.0484]},"properties":{"d":"2026-10-06","t":"0345","frp":13.9,"b":344.8,"c":1,"s":"N20","n":0}},{"type":"Feature","geometry":{"type":"Point","coordinates":[142.0245,-13.0481]},"properties":{"d":"2026-10-06","t":"0345","frp":12.4,"b":336.3,"c":1,"s":"N20","n":0}},{"type":"Feature","geometry":{"type":"Point","coordinates":[142.0265,-13.0479]},"properties":{"d":"2026-10-06","t":"0345","frp":7.8,"b":348.8,"c":1,"s":"N20","n":0}},{"type":"Feature","geometry":{"type":"Point","coordinates":[142.0293,-13.0475]},"properties":{"d":"2026-10-06","t":"0345","frp":13.1,"b":352.1,"c":1,"s":"N20","n":0}},{"type":"Feature","geometry":{"type":"Point","coordinates":[142.0312,-13.0473]},"properties":{"d":"2026-10-06","t":"0345","frp":7.8,"b":341.3,"c":1,"s":"N20","n":0}},{"type":"Feature","geometry":{"type":"Point","coordinates":[142.0211,-13.0439]},"properties":{"d":"2026-10-06","t":"0345","frp":8.0,"b":343.1,"c":1,"s":"N20","n":0}},{"type":"Feature","geometry":{"type":"Point","coordinates":[142.0239,-13.0435]},"properties":{"d":"2026-10-06","t":"0345","frp":12.4,"b":367.0,"c":2,"s":"N20","n":0}},{"type":"Feature","geometry":{"type":"Point","coordinates":[142.0259,-13.0433]},"properties":{"d":"2026-10-06","t":"0345","frp":11.3,"b":354.5,"c":1,"s":"N20","n":0}},{"type":"Feature","geometry":{"type":"Point","coordinates":[142.3683,-12.9254]},"properties":{"d":"2026-10-06","t":"0345","frp":8.3,"b":346.4,"c":1,"s":"N20","n":0}},{"type":"Feature","geometry":{"type":"Point","coordinates":[142.3728,-12.9248]},"properties":{"d":"2026-10-06","t":"0345","frp":2.5,"b":341.8,"c":1,"s":"N20","n":0}},{"type":"Feature","geometry":{"type":"Point","coordinates":[142.3722,-12.9203]},"properties":{"d":"2026-10-06","t":"0345","frp":8.7,"b":355.6,"c":1,"s":"N20","n":0}},{"type":"Feature","geometry":{"type":"Point","coordinates":[142.3716,-12.9159]},"properties":{"d":"2026-10-06","t":"0345","frp":8.7,"b":334.7,"c":0,"s":"N20","n":0}},{"type":"Feature","geometry":{"type":"Point","coordinates":[142.377,-12.8879]},"properties":{"d":"2026-10-06","t":"0345","frp":4.4,"b":341.3,"c":1,"s":"N20","n":0}},{"type":"Feature","geometry":{"type":"Point","coordinates":[142.3772,-12.8852]},"properties":{"d":"2026-10-06","t":"0345","frp":4.0,"b":338.1,"c":0,"s":"N20","n":0}},{"type":"Feature","geometry":{"type":"Point","coordinates":[136.3882,-12.8569]},"properties":{"d":"2026-10-06","t":"0345","frp":7.8,"b":330.7,"c":1,"s":"N20","n":0}},{"type":"Feature","geometry":{"type":"Point","coordinates":[136.3701,-12.8538]},"properties":{"d":"2026-10-06","t":"0345","frp":8.3,"b":347.9,"c":1,"s":"N20","n":0}},{"type":"Feature","geometry":{"type":"Point","coordinates":[136.376,-12.8532]},"properties":{"d":"2026-10-06","t":"0345","frp":9.8,"b":334.2,"c":1,"s":"N20","n":0}},{"type":"Feature","geometry":{"type":"Point","coordinates":[136.3818,-12.8525]},"properties":{"d":"2026-10-06","t":"0345","frp":9.8,"b":347.6,"c":1,"s":"N20","n":0}},{"type":"Feature","geometry":{"type":"Point","coordinates":[136.3699,-12.8521]},"properties":{"d":"2026-10-06","t":"0345","frp":8.2,"b":341.9,"c":1,"s":"N20","n":0}},{"type":"Feature","geometry":{"type":"Point","coordinates":[136.3877,-12.8519]},"properties":{"d":"2026-10-06","t":"0345","frp":7.9,"b":338.0,"c":1,"s":"N20","n":0}},{"type":"Feature","geometry":{"type":"Point","coordinates":[136.3757,-12.8515]},"properties":{"d":"2026-10-06","t":"0345","frp":8.2,"b":330.2,"c":1,"s":"N20","n":0}},{"type":"Feature","geometry":{"type":"Point","coordinates":[136.3816,-12.8509]},"properties":{"d":"2026-10-06","t":"0345","frp":7.8,"b":341.3,"c":1,"s":"N20","n":0}},{"type":"Feature","geometry":{"type":"Point","coordinates":[143.3331,-12.8267]},"properties":{"d":"2026-10-06","t":"0345","frp":4.6,"b":336.9,"c":1,"s":"N20","n":0}},{"type":"Feature","geometry":{"type":"Point","coordinates":[143.3371,-12.8262]},"properties":{"d":"2026-10-06","t":"0345","frp":4.6,"b":336.3,"c":1,"s":"N20","n":0}},{"type":"Feature","geometry":{"type":"Point","coordinates":[143.3627,-12.7577]},"properties":{"d":"2026-10-06","t":"0345","frp":10.7,"b":351.8,"c":1,"s":"N20","n":0}},{"type":"Feature","geometry":{"type":"Point","coordinates":[143.3621,-12.7536]},"properties":{"d":"2026-10-06","t":"0345","frp":4.1,"b":344.1,"c":1,"s":"N20","n":0}},{"type":"Feature","geometry":{"type":"Point","coordinates":[143.3659,-12.753]},"properties":{"d":"2026-10-06","t":"0345","frp":4.1,"b":338.8,"c":1,"s":"N20","n":0}},{"type":"Feature","geometry":{"type":"Point","coordinates":[143.3682,-12.74]},"properties":{"d":"2026-10-06","t":"0345","frp":9.1,"b":343.8,"c":1,"s":"N20","n":0}},{"type":"Feature","geometry":{"type":"Point","coordinates":[143.3676,-12.7358]},"properties":{"d":"2026-10-06","t":"0345","frp":3.5,"b":334.5,"c":1,"s":"N20","n":0}},{"type":"Feature","geometry":{"type":"Point","coordinates":[143.376,-12.6481]},"properties":{"d":"2026-10-06","t":"0345","frp":5.2,"b":335.9,"c":1,"s":"N20","n":0}},{"type":"Feature","geometry":{"type":"Point","coordinates":[143.3798,-12.6476]},"properties":{"d":"2026-10-06","t":"0345","frp":7.9,"b":346.8,"c":1,"s":"N20","n":0}},{"type":"Feature","geometry":{"type":"Point","coordinates":[136.8324,-12.4402]},"properties":{"d":"2026-10-06","t":"0345","frp":8.9,"b":348.6,"c":1,"s":"N20","n":0}},{"type":"Feature","geometry":{"type":"Point","coordinates":[136.8377,-12.4396]},"properties":{"d":"2026-10-06","t":"0345","frp":8.9,"b":345.3,"c":1,"s":"N20","n":0}},{"type":"Feature","geometry":{"type":"Point","coordinates":[136.8316,-12.4338]},"properties":{"d":"2026-10-06","t":"0345","frp":8.9,"b":334.9,"c":1,"s":"N20","n":0}},{"type":"Feature","geometry":{"type":"Point","coordinates":[136.8369,-12.4332]},"properties":{"d":"2026-10-06","t":"0345","frp":8.9,"b":367.0,"c":2,"s":"N20","n":0}},{"type":"Feature","geometry":{"type":"Point","coordinates":[141.9508,-12.4094]},"properties":{"d":"2026-10-06","t":"0345","frp":6.1,"b":335.6,"c":0,"s":"N20","n":0}},{"type":"Feature","geometry":{"type":"Point","coordinates":[141.7906,-12.4065]},"properties":{"d":"2026-10-06","t":"0345","frp":8.1,"b":339.7,"c":1,"s":"N20","n":0}},{"type":"Feature","geometry":{"type":"Point","coordinates":[135.7451,-12.3849]},"properties":{"d":"2026-10-06","t":"0345","frp":7.0,"b":334.9,"c":1,"s":"N20","n":0}},{"type":"Feature","geometry":{"type":"Point","coordinates":[142.3119,-12.3778]},"properties":{"d":"2026-10-06","t":"0345","frp":7.8,"b":343.1,"c":1,"s":"N20","n":0}},{"type":"Feature","geometry":{"type":"Point","coordinates":[142.3163,-12.3772]},"properties":{"d":"2026-10-06","t":"0345","frp":4.5,"b":330.9,"c":0,"s":"N20","n":0}},{"type":"Feature","geometry":{"type":"Point","coordinates":[142.3079,-12.3751]},"properties":{"d":"2026-10-06","t":"0345","frp":4.2,"b":337.4,"c":1,"s":"N20","n":0}},{"type":"Feature","geometry":{"type":"Point","coordinates":[142.3123,-12.3745]},"properties":{"d":"2026-10-06","t":"0345","frp":4.2,"b":348.8,"c":1,"s":"N20","n":0}},{"type":"Feature","geometry":{"type":"Point","coordinates":[142.3067,-12.3739]},"properties":{"d":"2026-10-06","t":"0345","frp":2.3,"b":332.8,"c":0,"s":"N20","n":0}},{"type":"Feature","geometry":{"type":"Point","coordinates":[142.3112,-12.3734]},"properties":{"d":"2026-10-06","t":"0345","frp":2.3,"b":339.3,"c":1,"s":"N20","n":0}},{"type":"Feature","geometry":{"type":"Point","coordinates":[142.2983,-12.3718]},"properties":{"d":"2026-10-06","t":"0345","frp":5.6,"b":335.5,"c":0,"s":"N20","n":0}},{"type":"Feature","geometry":{"type":"Point","coordinates":[136.3762,-12.3599]},"properties":{"d":"2026-10-06","t":"0345","frp":9.8,"b":351.1,"c":1,"s":"N20","n":0}},{"type":"Feature","geometry":{"type":"Point","coordinates":[136.3817,-12.3593]},"properties":{"d":"2026-10-06","t":"0345","frp":9.8,"b":338.7,"c":1,"s":"N20","n":0}},{"type":"Feature","geometry":{"type":"Point","coordinates":[136.3778,-12.3584]},"properties":{"d":"2026-10-06","t":"0345","frp":16.2,"b":367.0,"c":2,"s":"N20","n":0}},{"type":"Feature","geometry":{"type":"Point","coordinates":[136.3833,-12.3578]},"properties":{"d":"2026-10-06","t":"0345","frp":9.2,"b":331.5,"c":1,"s":"N20","n":0}},{"type":"Feature","geometry":{"type":"Point","coordinates":[136.3565,-12.3355]},"properties":{"d":"2026-10-06","t":"0345","frp":7.5,"b":333.8,"c":1,"s":"N20","n":0}},{"type":"Feature","geometry":{"type":"Point","coordinates":[136.3373,-12.3244]},"properties":{"d":"2026-10-06","t":"0345","frp":5.8,"b":332.2,"c":1,"s":"N20","n":0}},{"type":"Feature","geometry":{"type":"Point","coordinates":[136.3387,-12.3226]},"properties":{"d":"2026-10-06","t":"0345","frp":2.9,"b":338.8,"c":1,"s":"N20","n":0}},{"type":"Feature","geometry":{"type":"Point","coordinates":[141.8136,-12.0816]},"properties":{"d":"2026-10-06","t":"0345","frp":6.1,"b":335.6,"c":1,"s":"N20","n":0}},{"type":"Feature","geometry":{"type":"Point","coordinates":[142.0661,-12.0439]},"properties":{"d":"2026-10-06","t":"0345","frp":1.7,"b":330.9,"c":0,"s":"N20","n":0}},{"type":"Feature","geometry":{"type":"Point","coordinates":[142.5,-12.0181]},"properties":{"d":"2026-10-06","t":"0345","frp":4.2,"b":334.5,"c":1,"s":"N20","n":0}},{"type":"Feature","geometry":{"type":"Point","coordinates":[142.4968,-12.0181]},"properties":{"d":"2026-10-06","t":"0345","frp":4.5,"b":336.0,"c":1,"s":"N20","n":0}},{"type":"Feature","geometry":{"type":"Point","coordinates":[135.744,-11.9703]},"properties":{"d":"2026-10-06","t":"0345","frp":7.7,"b":330.9,"c":1,"s":"N20","n":0}},{"type":"Feature","geometry":{"type":"Point","coordinates":[135.7185,-11.9663]},"properties":{"d":"2026-10-06","t":"0345","frp":6.7,"b":338.9,"c":1,"s":"N20","n":0}},{"type":"Feature","geometry":{"type":"Point","coordinates":[135.7187,-11.9609]},"properties":{"d":"2026-10-06","t":"0345","frp":8.5,"b":343.5,"c":1,"s":"N20","n":0}},{"type":"Feature","geometry":{"type":"Point","coordinates":[141.9548,-11.9325]},"properties":{"d":"2026-10-06","t":"0345","frp":13.6,"b":356.1,"c":1,"s":"N20","n":0}},{"type":"Feature","geometry":{"type":"Point","coordinates":[141.9541,-11.928]},"properties":{"d":"2026-10-06","t":"0345","frp":12.7,"b":352.4,"c":1,"s":"N20","n":0}},{"type":"Feature","geometry":{"type":"Point","coordinates":[141.9535,-11.9234]},"properties":{"d":"2026-10-06","t":"0345","frp":12.7,"b":353.2,"c":1,"s":"N20","n":0}},{"type":"Feature","geometry":{"type":"Point","coordinates":[141.9529,-11.9189]},"properties":{"d":"2026-10-06","t":"0345","frp":5.9,"b":330.3,"c":0,"s":"N20","n":0}},{"type":"Feature","geometry":{"type":"Point","coordinates":[142.6504,-11.8323]},"properties":{"d":"2026-10-06","t":"0345","frp":66.8,"b":345.5,"c":1,"s":"N20","n":0}},{"type":"Feature","geometry":{"type":"Point","coordinates":[142.6588,-11.8312]},"properties":{"d":"2026-10-06","t":"0345","frp":154.5,"b":354.0,"c":1,"s":"N20","n":0}},{"type":"Feature","geometry":{"type":"Point","coordinates":[142.663,-11.8307]},"properties":{"d":"2026-10-06","t":"0345","frp":8.6,"b":346.4,"c":1,"s":"N20","n":0}},{"type":"Feature","geometry":{"type":"Point","coordinates":[142.6671,-11.8301]},"properties":{"d":"2026-10-06","t":"0345","frp":8.6,"b":331.1,"c":1,"s":"N20","n":0}},{"type":"Feature","geometry":{"type":"Point","coordinates":[142.6541,-11.8275]},"properties":{"d":"2026-10-06","t":"0345","frp":5.7,"b":334.0,"c":1,"s":"N20","n":0}},{"type":"Feature","geometry":{"type":"Point","coordinates":[142.6678,-11.8037]},"properties":{"d":"2026-10-06","t":"0345","frp":3.6,"b":334.9,"c":1,"s":"N20","n":0}},{"type":"Feature","geometry":{"type":"Point","coordinates":[142.6546,-11.801]},"properties":{"d":"2026-10-06","t":"0345","frp":2.9,"b":330.3,"c":1,"s":"N20","n":0}},{"type":"Feature","geometry":{"type":"Point","coordinates":[142.6589,-11.8004]},"properties":{"d":"2026-10-06","t":"0345","frp":3.8,"b":332.1,"c":1,"s":"N20","n":0}},{"type":"Feature","geometry":{"type":"Point","coordinates":[135.8898,-11.7803]},"properties":{"d":"2026-10-06","t":"0345","frp":13.0,"b":341.4,"c":1,"s":"N20","n":0}},{"type":"Feature","geometry":{"type":"Point","coordinates":[135.8879,-11.7777]},"properties":{"d":"2026-10-06","t":"0345","frp":11.1,"b":347.8,"c":1,"s":"N20","n":0}},{"type":"Feature","geometry":{"type":"Point","coordinates":[153.262,-11.4496]},"properties":{"d":"2026-10-06","t":"0345","frp":5.9,"b":334.6,"c":1,"s":"N20","n":0}},{"type":"Feature","geometry":{"type":"Point","coordinates":[142.21,-11.0527]},"properties":{"d":"2026-10-06","t":"0345","frp":6.2,"b":341.9,"c":1,"s":"N20","n":0}},{"type":"Feature","geometry":{"type":"Point","coordinates":[142.2656,-11.0408]},"properties":{"d":"2026-10-06","t":"0345","frp":7.4,"b":333.9,"c":0,"s":"N20","n":0}},{"type":"Feature","geometry":{"type":"Point","coordinates":[142.2169,-11.0384]},"properties":{"d":"2026-10-06","t":"0345","frp":5.8,"b":347.8,"c":1,"s":"N20","n":0}},{"type":"Feature","geometry":{"type":"Point","coordinates":[142.2606,-11.037]},"properties":{"d":"2026-10-06","t":"0345","frp":7.1,"b":338.4,"c":1,"s":"N20","n":0}},{"type":"Feature","geometry":{"type":"Point","coordinates":[142.2076,-11.0351]},"properties":{"d":"2026-10-06","t":"0345","frp":15.7,"b":331.2,"c":0,"s":"N20","n":0}},{"type":"Feature","geometry":{"type":"Point","coordinates":[142.212,-11.0346]},"properties":{"d":"2026-10-06","t":"0345","frp":15.7,"b":351.3,"c":1,"s":"N20","n":0}},{"type":"Feature","geometry":{"type":"Point","coordinates":[142.2163,-11.034]},"properties":{"d":"2026-10-06","t":"0345","frp":8.2,"b":341.0,"c":1,"s":"N20","n":0}},{"type":"Feature","geometry":{"type":"Point","coordinates":[142.2515,-11.0338]},"properties":{"d":"2026-10-06","t":"0345","frp":7.5,"b":349.6,"c":1,"s":"N20","n":0}},{"type":"Feature","geometry":{"type":"Point","coordinates":[142.2558,-11.0332]},"properties":{"d":"2026-10-06","t":"0345","frp":7.5,"b":349.6,"c":1,"s":"N20","n":0}},{"type":"Feature","geometry":{"type":"Point","coordinates":[142.2466,-11.03]},"properties":{"d":"2026-10-06","t":"0345","frp":49.4,"b":302.9,"c":0,"s":"N20","n":0}},{"type":"Feature","geometry":{"type":"Point","coordinates":[142.2509,-11.0294]},"properties":{"d":"2026-10-06","t":"0345","frp":82.7,"b":353.2,"c":1,"s":"N20","n":0}},{"type":"Feature","geometry":{"type":"Point","coordinates":[142.11,-10.9948]},"properties":{"d":"2026-10-06","t":"0345","frp":6.0,"b":331.5,"c":1,"s":"N20","n":0}},{"type":"Feature","geometry":{"type":"Point","coordinates":[142.4316,-10.9199]},"properties":{"d":"2026-10-06","t":"0345","frp":4.8,"b":335.2,"c":1,"s":"N20","n":0}},{"type":"Feature","geometry":{"type":"Point","coordinates":[142.4268,-10.9161]},"properties":{"d":"2026-10-06","t":"0345","frp":8.6,"b":337.7,"c":1,"s":"N20","n":0}},{"type":"Feature","geometry":{"type":"Point","coordinates":[142.431,-10.9155]},"properties":{"d":"2026-10-06","t":"0345","frp":8.6,"b":355.4,"c":1,"s":"N20","n":0}},{"type":"Feature","geometry":{"type":"Point","coordinates":[152.4099,-10.7737]},"properties":{"d":"2026-10-06","t":"0345","frp":2.8,"b":330.1,"c":1,"s":"N20","n":0}},{"type":"Feature","geometry":{"type":"Point","coordinates":[150.384,-10.6829]},"properties":{"d":"2026-10-06","t":"0345","frp":2.4,"b":331.5,"c":1,"s":"N20","n":0}},{"type":"Feature","geometry":{"type":"Point","coordinates":[150.5793,-10.5817]},"properties":{"d":"2026-10-06","t":"0345","frp":2.9,"b":333.6,"c":1,"s":"N20","n":0}},{"type":"Feature","geometry":{"type":"Point","coordinates":[149.8071,-10.3191]},"properties":{"d":"2026-10-06","t":"0345","frp":2.7,"b":332.1,"c":1,"s":"N20","n":0}},{"type":"Feature","geometry":{"type":"Point","coordinates":[149.4228,-10.3121]},"properties":{"d":"2026-10-06","t":"0345","frp":1.9,"b":331.1,"c":1,"s":"N20","n":0}},{"type":"Feature","geometry":{"type":"Point","coordinates":[149.2153,-10.2698]},"properties":{"d":"2026-10-06","t":"0345","frp":2.5,"b":330.5,"c":0,"s":"N20","n":0}},{"type":"Feature","geometry":{"type":"Point","coordinates":[149.2148,-10.2664]},"properties":{"d":"2026-10-06","t":"0345","frp":2.5,"b":328.2,"c":0,"s":"N20","n":0}},{"type":"Feature","geometry":{"type":"Point","coordinates":[150.559,-10.2624]},"properties":{"d":"2026-10-06","t":"0345","frp":2.8,"b":330.4,"c":0,"s":"N20","n":0}},{"type":"Feature","geometry":{"type":"Point","coordinates":[150.5015,-10.2468]},"properties":{"d":"2026-10-06","t":"0345","frp":3.5,"b":333.0,"c":1,"s":"N20","n":0}},{"type":"Feature","geometry":{"type":"Point","coordinates":[149.2982,-10.2433]},"properties":{"d":"2026-10-06","t":"0345","frp":4.1,"b":336.2,"c":1,"s":"N20","n":0}},{"type":"Feature","geometry":{"type":"Point","coordinates":[150.4889,-10.2418]},"properties":{"d":"2026-10-06","t":"0345","frp":4.3,"b":333.7,"c":1,"s":"N20","n":0}},{"type":"Feature","geometry":{"type":"Point","coordinates":[150.5236,-10.2362]},"properties":{"d":"2026-10-06","t":"0345","frp":4.6,"b":336.5,"c":1,"s":"N20","n":0}},{"type":"Feature","geometry":{"type":"Point","coordinates":[150.5275,-10.2356]},"properties":{"d":"2026-10-06","t":"0345","frp":4.6,"b":335.0,"c":1,"s":"N20","n":0}},{"type":"Feature","geometry":{"type":"Point","coordinates":[148.76,-10.2179]},"properties":{"d":"2026-10-06","t":"0345","frp":6.7,"b":352.8,"c":1,"s":"N20","n":0}},{"type":"Feature","geometry":{"type":"Point","coordinates":[142.1703,-10.2152]},"properties":{"d":"2026-10-06","t":"0345","frp":4.7,"b":330.4,"c":1,"s":"N20","n":0}},{"type":"Feature","geometry":{"type":"Point","coordinates":[148.8561,-10.2133]},"properties":{"d":"2026-10-06","t":"0345","frp":2.6,"b":333.8,"c":1,"s":"N20","n":0}},{"type":"Feature","geometry":{"type":"Point","coordinates":[142.1697,-10.2108]},"properties":{"d":"2026-10-06","t":"0345","frp":4.7,"b":329.5,"c":1,"s":"N20","n":0}},{"type":"Feature","geometry":{"type":"Point","coordinates":[142.2916,-10.1941]},"properties":{"d":"2026-10-06","t":"0345","frp":5.3,"b":338.6,"c":1,"s":"N20","n":0}},{"type":"Feature","geometry":{"type":"Point","coordinates":[150.2268,-10.1925]},"properties":{"d":"2026-10-06","t":"0345","frp":5.6,"b":342.6,"c":1,"s":"N20","n":0}},{"type":"Feature","geometry":{"type":"Point","coordinates":[142.2784,-10.1915]},"properties":{"d":"2026-10-06","t":"0345","frp":4.1,"b":336.0,"c":1,"s":"N20","n":0}},{"type":"Feature","geometry":{"type":"Point","coordinates":[148.4407,-10.1683]},"properties":{"d":"2026-10-06","t":"0345","frp":3.9,"b":332.7,"c":1,"s":"N20","n":0}},{"type":"Feature","geometry":{"type":"Point","coordinates":[149.9179,-10.143]},"properties":{"d":"2026-10-06","t":"0345","frp":2.2,"b":332.3,"c":1,"s":"N20","n":0}},{"type":"Feature","geometry":{"type":"Point","coordinates":[149.2802,-10.1341]},"properties":{"d":"2026-10-06","t":"0345","frp":7.3,"b":335.5,"c":1,"s":"N20","n":0}},{"type":"Feature","geometry":{"type":"Point","coordinates":[148.46,-10.1315]},"properties":{"d":"2026-10-06","t":"0345","frp":2.3,"b":330.1,"c":1,"s":"N20","n":0}},{"type":"Feature","geometry":{"type":"Point","coordinates":[148.4594,-10.1282]},"properties":{"d":"2026-10-06","t":"0345","frp":6.0,"b":342.9,"c":1,"s":"N20","n":0}},{"type":"Feature","geometry":{"type":"Point","coordinates":[148.0284,-10.1192]},"properties":{"d":"2026-10-06","t":"0345","frp":2.9,"b":330.8,"c":0,"s":"N20","n":0}},{"type":"Feature","geometry":{"type":"Point","coordinates":[151.0918,-10.1156]},"properties":{"d":"2026-10-06","t":"0345","frp":2.2,"b":330.4,"c":1,"s":"N20","n":0}},{"type":"Feature","geometry":{"type":"Point","coordinates":[148.0599,-10.1144]},"properties":{"d":"2026-10-06","t":"0345","frp":3.9,"b":333.9,"c":1,"s":"N20","n":0}},{"type":"Feature","geometry":{"type":"Point","coordinates":[151.0251,-10.1081]},"properties":{"d":"2026-10-06","t":"0345","frp":2.5,"b":330.2,"c":1,"s":"N20","n":0}},{"type":"Feature","geometry":{"type":"Point","coordinates":[148.1428,-10.095]},"properties":{"d":"2026-10-06","t":"0345","frp":1.7,"b":333.8,"c":1,"s":"N20","n":0}},{"type":"Feature","geometry":{"type":"Point","coordinates":[148.2461,-10.0929]},"properties":{"d":"2026-10-06","t":"0345","frp":3.9,"b":334.7,"c":1,"s":"N20","n":0}},{"type":"Feature","geometry":{"type":"Point","coordinates":[148.1423,-10.0917]},"properties":{"d":"2026-10-06","t":"0345","frp":1.7,"b":328.9,"c":0,"s":"N20","n":0}},{"type":"Feature","geometry":{"type":"Point","coordinates":[149.5398,-10.0765]},"properties":{"d":"2026-10-06","t":"0345","frp":6.2,"b":334.4,"c":1,"s":"N20","n":0}},{"type":"Feature","geometry":{"type":"Point","coordinates":[151.1367,-10.0685]},"properties":{"d":"2026-10-06","t":"0345","frp":3.5,"b":335.8,"c":1,"s":"N20","n":0}},{"type":"Feature","geometry":{"type":"Point","coordinates":[148.2205,-10.0663]},"properties":{"d":"2026-10-06","t":"0345","frp":2.4,"b":333.6,"c":1,"s":"N20","n":0}},{"type":"Feature","geometry":{"type":"Point","coordinates":[148.1022,-10.0639]},"properties":{"d":"2026-10-06","t":"0345","frp":5.1,"b":344.2,"c":1,"s":"N20","n":0}},{"type":"Feature","geometry":{"type":"Point","coordinates":[148.0142,-10.0501]},"properties":{"d":"2026-10-06","t":"0345","frp":4.7,"b":336.8,"c":1,"s":"N20","n":0}},{"type":"Feature","geometry":{"type":"Point","coordinates":[148.0133,-10.0467]},"properties":{"d":"2026-10-06","t":"0345","frp":4.4,"b":333.8,"c":1,"s":"N20","n":0}},{"type":"Feature","geometry":{"type":"Point","coordinates":[147.7296,-10.0218]},"properties":{"d":"2026-10-06","t":"0345","frp":3.5,"b":339.6,"c":1,"s":"N20","n":0}},{"type":"Feature","geometry":{"type":"Point","coordinates":[147.7763,-10.0215]},"properties":{"d":"2026-10-06","t":"0345","frp":3.1,"b":331.6,"c":0,"s":"N20","n":0}},{"type":"Feature","geometry":{"type":"Point","coordinates":[148.4812,-10.0197]},"properties":{"d":"2026-10-06","t":"0345","frp":2.4,"b":331.4,"c":0,"s":"N20","n":0}},{"type":"Feature","geometry":{"type":"Point","coordinates":[151.1828,-10.0175]},"properties":{"d":"2026-10-06","t":"0345","frp":11.9,"b":332.8,"c":1,"s":"N20","n":0}},{"type":"Feature","geometry":{"type":"Point","coordinates":[147.6757,-9.9993]},"properties":{"d":"2026-10-06","t":"0345","frp":1.6,"b":330.4,"c":0,"s":"N20","n":0}},{"type":"Feature","geometry":{"type":"Point","coordinates":[147.7868,-9.9962]},"properties":{"d":"2026-10-06","t":"0345","frp":3.9,"b":343.1,"c":1,"s":"N20","n":0}},{"type":"Feature","geometry":{"type":"Point","coordinates":[150.9087,-9.9927]},"properties":{"d":"2026-10-06","t":"0345","frp":3.5,"b":334.4,"c":1,"s":"N20","n":0}},{"type":"Feature","geometry":{"type":"Point","coordinates":[148.4497,-9.9802]},"properties":{"d":"2026-10-06","t":"0345","frp":2.6,"b":333.9,"c":0,"s":"N20","n":0}},{"type":"Feature","geometry":{"type":"Point","coordinates":[148.2058,-9.9734]},"properties":{"d":"2026-10-06","t":"0345","frp":6.1,"b":339.9,"c":1,"s":"N20","n":0}},{"type":"Feature","geometry":{"type":"Point","coordinates":[151.0074,-9.9733]},"properties":{"d":"2026-10-06","t":"0345","frp":3.8,"b":333.5,"c":1,"s":"N20","n":0}},{"type":"Feature","geometry":{"type":"Point","coordinates":[147.9301,-9.9712]},"properties":{"d":"2026-10-06","t":"0345","frp":3.1,"b":330.8,"c":0,"s":"N20","n":0}},{"type":"Feature","geometry":{"type":"Point","coordinates":[147.879,-9.9653]},"properties":{"d":"2026-10-06","t":"0345","frp":27.6,"b":350.1,"c":1,"s":"N20","n":0}},{"type":"Feature","geometry":{"type":"Point","coordinates":[151.2161,-9.9652]},"properties":{"d":"2026-10-06","t":"0345","frp":3.2,"b":332.5,"c":1,"s":"N20","n":0}},{"type":"Feature","geometry":{"type":"Point","coordinates":[147.8011,-9.9568]},"properties":{"d":"2026-10-06","t":"0345","frp":5.0,"b":341.4,"c":1,"s":"N20","n":0}},{"type":"Feature","geometry":{"type":"Point","coordinates":[151.2061,-9.9522]},"properties":{"d":"2026-10-06","t":"0345","frp":6.9,"b":338.3,"c":1,"s":"N20","n":0}},{"type":"Feature","geometry":{"type":"Point","coordinates":[148.4266,-9.9465]},"properties":{"d":"2026-10-06","t":"0345","frp":3.9,"b":334.8,"c":1,"s":"N20","n":0}},{"type":"Feature","geometry":{"type":"Point","coordinates":[149.5644,-9.9331]},"properties":{"d":"2026-10-06","t":"0345","frp":1.9,"b":333.4,"c":1,"s":"N20","n":0}},{"type":"Feature","geometry":{"type":"Point","coordinates":[149.4025,-9.932]},"properties":{"d":"2026-10-06","t":"0345","frp":7.2,"b":344.5,"c":1,"s":"N20","n":0}},{"type":"Feature","geometry":{"type":"Point","coordinates":[149.4083,-9.9208]},"properties":{"d":"2026-10-06","t":"0345","frp":9.8,"b":345.0,"c":1,"s":"N20","n":0}},{"type":"Feature","geometry":{"type":"Point","coordinates":[149.3268,-9.913]},"properties":{"d":"2026-10-06","t":"0345","frp":1.7,"b":330.6,"c":1,"s":"N20","n":0}},{"type":"Feature","geometry":{"type":"Point","coordinates":[147.7618,-9.8881]},"properties":{"d":"2026-10-06","t":"0345","frp":2.2,"b":329.9,"c":0,"s":"N20","n":0}},{"type":"Feature","geometry":{"type":"Point","coordinates":[147.7613,-9.8848]},"properties":{"d":"2026-10-06","t":"0345","frp":2.2,"b":337.5,"c":1,"s":"N20","n":0}},{"type":"Feature","geometry":{"type":"Point","coordinates":[147.994,-9.8598]},"properties":{"d":"2026-10-06","t":"0345","frp":2.6,"b":331.5,"c":1,"s":"N20","n":0}},{"type":"Feature","geometry":{"type":"Point","coordinates":[149.3265,-9.8551]},"properties":{"d":"2026-10-06","t":"0345","frp":3.7,"b":333.6,"c":1,"s":"N20","n":0}},{"type":"Feature","geometry":{"type":"Point","coordinates":[147.8131,-9.8498]},"properties":{"d":"2026-10-06","t":"0345","frp":3.5,"b":344.6,"c":1,"s":"N20","n":0}},{"type":"Feature","geometry":{"type":"Point","coordinates":[149.335,-9.8405]},"properties":{"d":"2026-10-06","t":"0345","frp":5.8,"b":338.0,"c":1,"s":"N20","n":0}},{"type":"Feature","geometry":{"type":"Point","coordinates":[149.3386,-9.84]},"properties":{"d":"2026-10-06","t":"0345","frp":5.8,"b":335.1,"c":1,"s":"N20","n":0}},{"type":"Feature","geometry":{"type":"Point","coordinates":[149.3346,-9.8372]},"properties":{"d":"2026-10-06","t":"0345","frp":80.6,"b":338.6,"c":1,"s":"N20","n":0}},{"type":"Feature","geometry":{"type":"Point","coordinates":[147.6556,-9.8294]},"properties":{"d":"2026-10-06","t":"0345","frp":3.2,"b":340.1,"c":1,"s":"N20","n":0}},{"type":"Feature","geometry":{"type":"Point","coordinates":[147.6591,-9.8289]},"properties":{"d":"2026-10-06","t":"0345","frp":3.2,"b":339.4,"c":1,"s":"N20","n":0}},{"type":"Feature","geometry":{"type":"Point","coordinates":[148.5781,-9.8283]},"properties":{"d":"2026-10-06","t":"0345","frp":4.3,"b":338.4,"c":1,"s":"N20","n":0}},{"type":"Feature","geometry":{"type":"Point","coordinates":[150.8891,-9.8181]},"properties":{"d":"2026-10-06","t":"0345","frp":4.5,"b":334.3,"c":1,"s":"N20","n":0}},{"type":"Feature","geometry":{"type":"Point","coordinates":[147.7714,-9.812]},"properties":{"d":"2026-10-06","t":"0345","frp":4.9,"b":345.0,"c":1,"s":"N20","n":0}},{"type":"Feature","geometry":{"type":"Point","coordinates":[149.2539,-9.8088]},"properties":{"d":"2026-10-06","t":"0345","frp":6.8,"b":344.6,"c":1,"s":"N20","n":0}},{"type":"Feature","geometry":{"type":"Point","coordinates":[149.3587,-9.8027]},"properties":{"d":"2026-10-06","t":"0345","frp":5.3,"b":334.2,"c":1,"s":"N20","n":0}},{"type":"Feature","geometry":{"type":"Point","coordinates":[149.3545,-9.8]},"properties":{"d":"2026-10-06","t":"0345","frp":8.0,"b":333.9,"c":1,"s":"N20","n":0}},{"type":"Feature","geometry":{"type":"Point","coordinates":[147.7623,-9.7998]},"properties":{"d":"2026-10-06","t":"0345","frp":3.7,"b":338.3,"c":1,"s":"N20","n":0}},{"type":"Feature","geometry":{"type":"Point","coordinates":[149.3457,-9.7911]},"properties":{"d":"2026-10-06","t":"0345","frp":5.1,"b":332.8,"c":1,"s":"N20","n":0}},{"type":"Feature","geometry":{"type":"Point","coordinates":[149.3337,-9.7862]},"properties":{"d":"2026-10-06","t":"0345","frp":10.7,"b":332.8,"c":0,"s":"N20","n":0}},{"type":"Feature","geometry":{"type":"Point","coordinates":[149.3372,-9.7856]},"properties":{"d":"2026-10-06","t":"0345","frp":10.7,"b":342.0,"c":1,"s":"N20","n":0}},{"type":"Feature","geometry":{"type":"Point","coordinates":[149.3367,-9.7823]},"properties":{"d":"2026-10-06","t":"0345","frp":11.3,"b":345.3,"c":1,"s":"N20","n":0}},{"type":"Feature","geometry":{"type":"Point","coordinates":[149.329,-9.7801]},"properties":{"d":"2026-10-06","t":"0345","frp":5.2,"b":334.0,"c":1,"s":"N20","n":0}},{"type":"Feature","geometry":{"type":"Point","coordinates":[149.3362,-9.7789]},"properties":{"d":"2026-10-06","t":"0345","frp":11.3,"b":338.2,"c":1,"s":"N20","n":0}},{"type":"Feature","geometry":{"type":"Point","coordinates":[149.8324,-9.7668]},"properties":{"d":"2026-10-06","t":"0345","frp":3.2,"b":329.7,"c":0,"s":"N20","n":0}},{"type":"Feature","geometry":{"type":"Point","coordinates":[149.2189,-9.7665]},"properties":{"d":"2026-10-06","t":"0345","frp":10.8,"b":343.6,"c":1,"s":"N20","n":0}},{"type":"Feature","geometry":{"type":"Point","coordinates":[149.2184,-9.7632]},"properties":{"d":"2026-10-06","t":"0345","frp":10.8,"b":339.4,"c":1,"s":"N20","n":0}},{"type":"Feature","geometry":{"type":"Point","coordinates":[149.601,-9.7615]},"properties":{"d":"2026-10-06","t":"0345","frp":2.9,"b":329.7,"c":1,"s":"N20","n":0}},{"type":"Feature","geometry":{"type":"Point","coordinates":[147.8154,-9.7511]},"properties":{"d":"2026-10-06","t":"0345","frp":2.0,"b":340.1,"c":1,"s":"N20","n":0}},{"type":"Feature","geometry":{"type":"Point","coordinates":[149.5731,-9.7487]},"properties":{"d":"2026-10-06","t":"0345","frp":6.0,"b":341.7,"c":1,"s":"N20","n":0}},{"type":"Feature","geometry":{"type":"Point","coordinates":[149.8019,-9.7404]},"properties":{"d":"2026-10-06","t":"0345","frp":2.1,"b":332.1,"c":1,"s":"N20","n":0}},{"type":"Feature","geometry":{"type":"Point","coordinates":[147.9303,-9.7303]},"properties":{"d":"2026-10-06","t":"0345","frp":2.2,"b":331.8,"c":1,"s":"N20","n":0}},{"type":"Feature","geometry":{"type":"Point","coordinates":[148.5312,-9.7133]},"properties":{"d":"2026-10-06","t":"0345","frp":6.8,"b":353.1,"c":1,"s":"N20","n":0}},{"type":"Feature","geometry":{"type":"Point","coordinates":[147.6618,-9.7099]},"properties":{"d":"2026-10-06","t":"0345","frp":1.8,"b":334.7,"c":1,"s":"N20","n":0}},{"type":"Feature","geometry":{"type":"Point","coordinates":[149.7929,-9.7072]},"properties":{"d":"2026-10-06","t":"0345","frp":1.2,"b":331.4,"c":1,"s":"N20","n":0}},{"type":"Feature","geometry":{"type":"Point","coordinates":[147.715,-9.7052]},"properties":{"d":"2026-10-06","t":"0345","frp":2.8,"b":335.5,"c":1,"s":"N20","n":0}},{"type":"Feature","geometry":{"type":"Point","coordinates":[147.7435,-9.7043]},"properties":{"d":"2026-10-06","t":"0345","frp":3.1,"b":334.5,"c":1,"s":"N20","n":0}},{"type":"Feature","geometry":{"type":"Point","coordinates":[149.5548,-9.7034]},"properties":{"d":"2026-10-06","t":"0345","frp":19.1,"b":338.5,"c":1,"s":"N20","n":0}},{"type":"Feature","geometry":{"type":"Point","coordinates":[147.6824,-9.7034]},"properties":{"d":"2026-10-06","t":"0345","frp":4.1,"b":345.1,"c":1,"s":"N20","n":0}},{"type":"Feature","geometry":{"type":"Point","coordinates":[149.9153,-9.6983]},"properties":{"d":"2026-10-06","t":"0345","frp":4.1,"b":330.4,"c":0,"s":"N20","n":0}},{"type":"Feature","geometry":{"type":"Point","coordinates":[147.739,-9.6982]},"properties":{"d":"2026-10-06","t":"0345","frp":10.9,"b":351.9,"c":1,"s":"N20","n":0}},{"type":"Feature","geometry":{"type":"Point","coordinates":[147.8822,-9.6969]},"properties":{"d":"2026-10-06","t":"0345","frp":3.0,"b":337.2,"c":1,"s":"N20","n":0}},{"type":"Feature","geometry":{"type":"Point","coordinates":[147.7135,-9.6953]},"properties":{"d":"2026-10-06","t":"0345","frp":2.9,"b":330.6,"c":0,"s":"N20","n":0}},{"type":"Feature","geometry":{"type":"Point","coordinates":[148.5781,-9.6925]},"properties":{"d":"2026-10-06","t":"0345","frp":3.7,"b":341.6,"c":1,"s":"N20","n":0}},{"type":"Feature","geometry":{"type":"Point","coordinates":[147.8418,-9.6895]},"properties":{"d":"2026-10-06","t":"0345","frp":2.4,"b":333.8,"c":1,"s":"N20","n":0}},{"type":"Feature","geometry":{"type":"Point","coordinates":[147.6548,-9.6872]},"properties":{"d":"2026-10-06","t":"0345","frp":2.0,"b":334.8,"c":1,"s":"N20","n":0}},{"type":"Feature","geometry":{"type":"Point","coordinates":[147.7983,-9.6859]},"properties":{"d":"2026-10-06","t":"0345","frp":2.9,"b":333.6,"c":1,"s":"N20","n":0}},{"type":"Feature","geometry":{"type":"Point","coordinates":[147.8732,-9.6847]},"properties":{"d":"2026-10-06","t":"0345","frp":2.5,"b":329.8,"c":0,"s":"N20","n":0}},{"type":"Feature","geometry":{"type":"Point","coordinates":[147.7545,-9.6823]},"properties":{"d":"2026-10-06","t":"0345","frp":1.5,"b":329.3,"c":1,"s":"N20","n":0}},{"type":"Feature","geometry":{"type":"Point","coordinates":[147.7797,-9.6819]},"properties":{"d":"2026-10-06","t":"0345","frp":1.7,"b":333.3,"c":1,"s":"N20","n":0}},{"type":"Feature","geometry":{"type":"Point","coordinates":[147.8546,-9.6807]},"properties":{"d":"2026-10-06","t":"0345","frp":2.9,"b":331.4,"c":0,"s":"N20","n":0}},{"type":"Feature","geometry":{"type":"Point","coordinates":[147.7506,-9.6795]},"properties":{"d":"2026-10-06","t":"0345","frp":1.1,"b":330.2,"c":1,"s":"N20","n":0}},{"type":"Feature","geometry":{"type":"Point","coordinates":[147.8113,-9.6771]},"properties":{"d":"2026-10-06","t":"0345","frp":3.1,"b":339.8,"c":1,"s":"N20","n":0}},{"type":"Feature","geometry":{"type":"Point","coordinates":[149.9708,-9.6687]},"properties":{"d":"2026-10-06","t":"0345","frp":1.8,"b":333.6,"c":0,"s":"N20","n":0}},{"type":"Feature","geometry":{"type":"Point","coordinates":[148.6124,-9.6601]},"properties":{"d":"2026-10-06","t":"0345","frp":2.6,"b":335.6,"c":1,"s":"N20","n":0}},{"type":"Feature","geometry":{"type":"Point","coordinates":[147.6856,-9.6554]},"properties":{"d":"2026-10-06","t":"0345","frp":3.5,"b":336.2,"c":1,"s":"N20","n":0}},{"type":"Feature","geometry":{"type":"Point","coordinates":[147.804,-9.6545]},"properties":{"d":"2026-10-06","t":"0345","frp":2.2,"b":333.7,"c":1,"s":"N20","n":0}},{"type":"Feature","geometry":{"type":"Point","coordinates":[147.8291,-9.6541]},"properties":{"d":"2026-10-06","t":"0345","frp":3.7,"b":337.8,"c":1,"s":"N20","n":0}},{"type":"Feature","geometry":{"type":"Point","coordinates":[147.6629,-9.6486]},"properties":{"d":"2026-10-06","t":"0345","frp":3.5,"b":330.2,"c":0,"s":"N20","n":0}},{"type":"Feature","geometry":{"type":"Point","coordinates":[147.6664,-9.6481]},"properties":{"d":"2026-10-06","t":"0345","frp":3.5,"b":335.3,"c":1,"s":"N20","n":0}},{"type":"Feature","geometry":{"type":"Point","coordinates":[147.6659,-9.6447]},"properties":{"d":"2026-10-06","t":"0345","frp":5.6,"b":335.1,"c":1,"s":"N20","n":0}},{"type":"Feature","geometry":{"type":"Point","coordinates":[148.6923,-9.6445]},"properties":{"d":"2026-10-06","t":"0345","frp":4.1,"b":339.2,"c":1,"s":"N20","n":0}},{"type":"Feature","geometry":{"type":"Point","coordinates":[148.6813,-9.6428]},"properties":{"d":"2026-10-06","t":"0345","frp":3.0,"b":335.8,"c":1,"s":"N20","n":0}},{"type":"Feature","geometry":{"type":"Point","coordinates":[147.9735,-9.6391]},"properties":{"d":"2026-10-06","t":"0345","frp":4.1,"b":337.7,"c":1,"s":"N20","n":0}},{"type":"Feature","geometry":{"type":"Point","coordinates":[148.7233,-9.6363]},"properties":{"d":"2026-10-06","t":"0345","frp":6.2,"b":335.5,"c":0,"s":"N20","n":0}},{"type":"Feature","geometry":{"type":"Point","coordinates":[147.973,-9.6357]},"properties":{"d":"2026-10-06","t":"0345","frp":4.1,"b":342.9,"c":1,"s":"N20","n":0}},{"type":"Feature","geometry":{"type":"Point","coordinates":[147.6856,-9.6316]},"properties":{"d":"2026-10-06","t":"0345","frp":5.5,"b":339.0,"c":1,"s":"N20","n":0}},{"type":"Feature","geometry":{"type":"Point","coordinates":[150.85,-9.6258]},"properties":{"d":"2026-10-06","t":"0345","frp":3.3,"b":334.6,"c":1,"s":"N20","n":0}},{"type":"Feature","geometry":{"type":"Point","coordinates":[147.9032,-9.6257]},"properties":{"d":"2026-10-06","t":"0345","frp":6.7,"b":355.1,"c":1,"s":"N20","n":0}},{"type":"Feature","geometry":{"type":"Point","coordinates":[148.5846,-9.6237]},"properties":{"d":"2026-10-06","t":"0345","frp":2.9,"b":330.4,"c":0,"s":"N20","n":0}},{"type":"Feature","geometry":{"type":"Point","coordinates":[150.8495,-9.6223]},"properties":{"d":"2026-10-06","t":"0345","frp":4.8,"b":331.9,"c":0,"s":"N20","n":0}},{"type":"Feature","geometry":{"type":"Point","coordinates":[150.8535,-9.6217]},"properties":{"d":"2026-10-06","t":"0345","frp":5.6,"b":336.7,"c":0,"s":"N20","n":0}},{"type":"Feature","geometry":{"type":"Point","coordinates":[150.8478,-9.6118]},"properties":{"d":"2026-10-06","t":"0345","frp":6.5,"b":333.6,"c":1,"s":"N20","n":0}},{"type":"Feature","geometry":{"type":"Point","coordinates":[149.346,-9.5977]},"properties":{"d":"2026-10-06","t":"0345","frp":12.9,"b":341.8,"c":1,"s":"N20","n":0}},{"type":"Feature","geometry":{"type":"Point","coordinates":[149.3455,-9.5944]},"properties":{"d":"2026-10-06","t":"0345","frp":12.9,"b":344.3,"c":1,"s":"N20","n":0}},{"type":"Feature","geometry":{"type":"Point","coordinates":[150.7239,-9.5697]},"properties":{"d":"2026-10-06","t":"0345","frp":4.5,"b":340.6,"c":1,"s":"N20","n":0}},{"type":"Feature","geometry":{"type":"Point","coordinates":[148.5325,-9.5639]},"properties":{"d":"2026-10-06","t":"0345","frp":3.0,"b":335.1,"c":0,"s":"N20","n":0}},{"type":"Feature","geometry":{"type":"Point","coordinates":[150.5684,-9.5484]},"properties":{"d":"2026-10-06","t":"0345","frp":1.9,"b":331.4,"c":1,"s":"N20","n":0}},{"type":"Feature","geometry":{"type":"Point","coordinates":[148.5194,-9.5283]},"properties":{"d":"2026-10-06","t":"0345","frp":10.3,"b":343.9,"c":1,"s":"N20","n":0}},{"type":"Feature","geometry":{"type":"Point","coordinates":[150.5453,-9.5253]},"properties":{"d":"2026-10-06","t":"0345","frp":3.3,"b":330.6,"c":0,"s":"N20","n":0}},{"type":"Feature","geometry":{"type":"Point","coordinates":[150.5206,-9.5185]},"properties":{"d":"2026-10-06","t":"0345","frp":2.7,"b":333.6,"c":1,"s":"N20","n":0}},{"type":"Feature","geometry":{"type":"Point","coordinates":[147.5949,-9.513]},"properties":{"d":"2026-10-06","t":"0345","frp":5.5,"b":331.7,"c":1,"s":"N20","n":0}},{"type":"Feature","geometry":{"type":"Point","coordinates":[148.3564,-9.5127]},"properties":{"d":"2026-10-06","t":"0345","frp":1.8,"b":331.5,"c":1,"s":"N20","n":0}},{"type":"Feature","geometry":{"type":"Point","coordinates":[150.5628,-9.5118]},"properties":{"d":"2026-10-06","t":"0345","frp":4.6,"b":336.8,"c":1,"s":"N20","n":0}},{"type":"Feature","geometry":{"type":"Point","coordinates":[147.5909,-9.5102]},"properties":{"d":"2026-10-06","t":"0345","frp":5.5,"b":354.4,"c":1,"s":"N20","n":0}},{"type":"Feature","geometry":{"type":"Point","coordinates":[150.5304,-9.5063]},"properties":{"d":"2026-10-06","t":"0345","frp":3.3,"b":335.1,"c":0,"s":"N20","n":0}},{"type":"Feature","geometry":{"type":"Point","coordinates":[150.5574,-9.502]},"properties":{"d":"2026-10-06","t":"0345","frp":2.9,"b":332.5,"c":0,"s":"N20","n":0}},{"type":"Feature","geometry":{"type":"Point","coordinates":[150.5249,-9.4965]},"properties":{"d":"2026-10-06","t":"0345","frp":3.0,"b":334.8,"c":1,"s":"N20","n":0}},{"type":"Feature","geometry":{"type":"Point","coordinates":[148.317,-9.4882]},"properties":{"d":"2026-10-06","t":"0345","frp":37.0,"b":304.4,"c":0,"s":"N20","n":0}},{"type":"Feature","geometry":{"type":"Point","coordinates":[148.3204,-9.4877]},"properties":{"d":"2026-10-06","t":"0345","frp":37.0,"b":342.4,"c":1,"s":"N20","n":0}},{"type":"Feature","geometry":{"type":"Point","coordinates":[148.5411,-9.4843]},"properties":{"d":"2026-10-06","t":"0345","frp":2.2,"b":332.2,"c":0,"s":"N20","n":0}},{"type":"Feature","geometry":{"type":"Point","coordinates":[148.4289,-9.4745]},"properties":{"d":"2026-10-06","t":"0345","frp":12.2,"b":340.5,"c":1,"s":"N20","n":0}},{"type":"Feature","geometry":{"type":"Point","coordinates":[148.4324,-9.4739]},"properties":{"d":"2026-10-06","t":"0345","frp":12.2,"b":334.7,"c":1,"s":"N20","n":0}},{"type":"Feature","geometry":{"type":"Point","coordinates":[148.4284,-9.4712]},"properties":{"d":"2026-10-06","t":"0345","frp":12.2,"b":352.7,"c":1,"s":"N20","n":0}},{"type":"Feature","geometry":{"type":"Point","coordinates":[148.775,-9.4688]},"properties":{"d":"2026-10-06","t":"0345","frp":3.2,"b":330.8,"c":1,"s":"N20","n":0}},{"type":"Feature","geometry":{"type":"Point","coordinates":[148.8431,-9.4685]},"properties":{"d":"2026-10-06","t":"0345","frp":2.7,"b":335.0,"c":1,"s":"N20","n":0}},{"type":"Feature","geometry":{"type":"Point","coordinates":[148.7529,-9.4654]},"properties":{"d":"2026-10-06","t":"0345","frp":2.4,"b":330.4,"c":1,"s":"N20","n":0}},{"type":"Feature","geometry":{"type":"Point","coordinates":[148.3094,-9.4623]},"properties":{"d":"2026-10-06","t":"0345","frp":6.5,"b":339.3,"c":1,"s":"N20","n":0}},{"type":"Feature","geometry":{"type":"Point","coordinates":[148.7899,-9.4495]},"properties":{"d":"2026-10-06","t":"0345","frp":6.3,"b":334.5,"c":1,"s":"N20","n":0}},{"type":"Feature","geometry":{"type":"Point","coordinates":[148.7934,-9.4489]},"properties":{"d":"2026-10-06","t":"0345","frp":6.3,"b":344.9,"c":1,"s":"N20","n":0}},{"type":"Feature","geometry":{"type":"Point","coordinates":[148.5105,-9.4484]},"properties":{"d":"2026-10-06","t":"0345","frp":5.2,"b":343.1,"c":1,"s":"N20","n":0}},{"type":"Feature","geometry":{"type":"Point","coordinates":[147.9604,-9.4442]},"properties":{"d":"2026-10-06","t":"0345","frp":3.1,"b":332.7,"c":1,"s":"N20","n":0}},{"type":"Feature","geometry":{"type":"Point","coordinates":[147.4525,-9.4327]},"properties":{"d":"2026-10-06","t":"0345","frp":4.3,"b":339.7,"c":1,"s":"N20","n":0}},{"type":"Feature","geometry":{"type":"Point","coordinates":[147.2814,-9.4277]},"properties":{"d":"2026-10-06","t":"0345","frp":1.1,"b":336.9,"c":1,"s":"N20","n":0}},{"type":"Feature","geometry":{"type":"Point","coordinates":[148.3458,-9.4261]},"properties":{"d":"2026-10-06","t":"0345","frp":2.5,"b":335.8,"c":1,"s":"N20","n":0}},{"type":"Feature","geometry":{"type":"Point","coordinates":[148.7823,-9.4235]},"properties":{"d":"2026-10-06","t":"0345","frp":2.7,"b":333.1,"c":1,"s":"N20","n":0}},{"type":"Feature","geometry":{"type":"Point","coordinates":[148.7858,-9.4229]},"properties":{"d":"2026-10-06","t":"0345","frp":3.9,"b":336.3,"c":1,"s":"N20","n":0}},{"type":"Feature","geometry":{"type":"Point","coordinates":[147.4615,-9.4211]},"properties":{"d":"2026-10-06","t":"0345","frp":3.7,"b":338.5,"c":1,"s":"N20","n":0}},{"type":"Feature","geometry":{"type":"Point","coordinates":[148.6771,-9.4159]},"properties":{"d":"2026-10-06","t":"0345","frp":1.7,"b":328.8,"c":1,"s":"N20","n":0}},{"type":"Feature","geometry":{"type":"Point","coordinates":[147.5284,-9.411]},"properties":{"d":"2026-10-06","t":"0345","frp":3.8,"b":336.3,"c":1,"s":"N20","n":0}},{"type":"Feature","geometry":{"type":"Point","coordinates":[148.7942,-9.408]},"properties":{"d":"2026-10-06","t":"0345","frp":3.9,"b":333.0,"c":1,"s":"N20","n":0}},{"type":"Feature","geometry":{"type":"Point","coordinates":[147.4414,-9.4071]},"properties":{"d":"2026-10-06","t":"0345","frp":1.9,"b":334.9,"c":1,"s":"N20","n":0}},{"type":"Feature","geometry":{"type":"Point","coordinates":[148.7471,-9.4051]},"properties":{"d":"2026-10-06","t":"0345","frp":4.2,"b":335.9,"c":1,"s":"N20","n":0}},{"type":"Feature","geometry":{"type":"Point","coordinates":[148.7937,-9.4047]},"properties":{"d":"2026-10-06","t":"0345","frp":2.4,"b":329.2,"c":1,"s":"N20","n":0}},{"type":"Feature","geometry":{"type":"Point","coordinates":[148.7164,-9.3964]},"properties":{"d":"2026-10-06","t":"0345","frp":4.8,"b":334.3,"c":1,"s":"N20","n":0}},{"type":"Feature","geometry":{"type":"Point","coordinates":[148.7199,-9.3958]},"properties":{"d":"2026-10-06","t":"0345","frp":4.8,"b":332.1,"c":1,"s":"N20","n":0}},{"type":"Feature","geometry":{"type":"Point","coordinates":[147.0537,-9.3943]},"properties":{"d":"2026-10-06","t":"0345","frp":4.2,"b":337.0,"c":0,"s":"N20","n":0}},{"type":"Feature","geometry":{"type":"Point","coordinates":[147.0573,-9.3938]},"properties":{"d":"2026-10-06","t":"0345","frp":2.7,"b":336.0,"c":0,"s":"N20","n":0}},{"type":"Feature","geometry":{"type":"Point","coordinates":[148.7333,-9.3904]},"properties":{"d":"2026-10-06","t":"0345","frp":21.6,"b":351.0,"c":1,"s":"N20","n":0}},{"type":"Feature","geometry":{"type":"Point","coordinates":[148.7724,-9.3878]},"properties":{"d":"2026-10-06","t":"0345","frp":6.7,"b":353.8,"c":1,"s":"N20","n":0}},{"type":"Feature","geometry":{"type":"Point","coordinates":[147.3768,-9.3862]},"properties":{"d":"2026-10-06","t":"0345","frp":4.0,"b":331.7,"c":0,"s":"N20","n":0}},{"type":"Feature","geometry":{"type":"Point","coordinates":[148.7719,-9.3845]},"properties":{"d":"2026-10-06","t":"0345","frp":6.7,"b":337.1,"c":1,"s":"N20","n":0}},{"type":"Feature","geometry":{"type":"Point","coordinates":[147.3613,-9.3822]},"properties":{"d":"2026-10-06","t":"0345","frp":4.2,"b":348.5,"c":1,"s":"N20","n":0}},{"type":"Feature","geometry":{"type":"Point","coordinates":[147.3607,-9.3789]},"properties":{"d":"2026-10-06","t":"0345","frp":6.6,"b":339.4,"c":1,"s":"N20","n":0}},{"type":"Feature","geometry":{"type":"Point","coordinates":[150.4422,-9.3726]},"properties":{"d":"2026-10-06","t":"0345","frp":3.6,"b":335.8,"c":1,"s":"N20","n":0}},{"type":"Feature","geometry":{"type":"Point","coordinates":[148.7698,-9.3712]},"properties":{"d":"2026-10-06","t":"0345","frp":2.2,"b":336.7,"c":1,"s":"N20","n":0}},{"type":"Feature","geometry":{"type":"Point","coordinates":[148.7337,-9.3699]},"properties":{"d":"2026-10-06","t":"0345","frp":1.4,"b":330.2,"c":1,"s":"N20","n":0}},{"type":"Feature","geometry":{"type":"Point","coordinates":[148.7622,-9.369]},"properties":{"d":"2026-10-06","t":"0345","frp":6.8,"b":337.5,"c":1,"s":"N20","n":0}},{"type":"Feature","geometry":{"type":"Point","coordinates":[150.1257,-9.3602]},"properties":{"d":"2026-10-06","t":"0345","frp":3.6,"b":340.6,"c":1,"s":"N20","n":0}},{"type":"Feature","geometry":{"type":"Point","coordinates":[148.7492,-9.354]},"properties":{"d":"2026-10-06","t":"0345","frp":5.5,"b":335.9,"c":1,"s":"N20","n":0}},{"type":"Feature","geometry":{"type":"Point","coordinates":[148.7958,-9.3536]},"properties":{"d":"2026-10-06","t":"0345","frp":2.2,"b":333.2,"c":1,"s":"N20","n":0}},{"type":"Feature","geometry":{"type":"Point","coordinates":[149.0846,-9.3527]},"properties":{"d":"2026-10-06","t":"0345","frp":2.1,"b":333.9,"c":1,"s":"N20","n":0}},{"type":"Feature","geometry":{"type":"Point","coordinates":[148.244,-9.3498]},"properties":{"d":"2026-10-06","t":"0345","frp":8.2,"b":343.6,"c":1,"s":"N20","n":0}},{"type":"Feature","geometry":{"type":"Point","coordinates":[148.5856,-9.3385]},"properties":{"d":"2026-10-06","t":"0345","frp":2.1,"b":330.2,"c":1,"s":"N20","n":0}},{"type":"Feature","geometry":{"type":"Point","coordinates":[148.9719,-9.3298]},"properties":{"d":"2026-10-06","t":"0345","frp":2.7,"b":329.2,"c":1,"s":"N20","n":0}},{"type":"Feature","geometry":{"type":"Point","coordinates":[149.0404,-9.3295]},"properties":{"d":"2026-10-06","t":"0345","frp":3.7,"b":333.2,"c":1,"s":"N20","n":0}},{"type":"Feature","geometry":{"type":"Point","coordinates":[149.1496,-9.3092]},"properties":{"d":"2026-10-06","t":"0345","frp":2.3,"b":340.4,"c":1,"s":"N20","n":0}},{"type":"Feature","geometry":{"type":"Point","coordinates":[147.2592,-9.3089]},"properties":{"d":"2026-10-06","t":"0345","frp":2.9,"b":335.0,"c":1,"s":"N20","n":0}},{"type":"Feature","geometry":{"type":"Point","coordinates":[147.2627,-9.3084]},"properties":{"d":"2026-10-06","t":"0345","frp":1.9,"b":339.4,"c":1,"s":"N20","n":0}},{"type":"Feature","geometry":{"type":"Point","coordinates":[149.1526,-9.3053]},"properties":{"d":"2026-10-06","t":"0345","frp":2.3,"b":328.9,"c":1,"s":"N20","n":0}},{"type":"Feature","geometry":{"type":"Point","coordinates":[147.126,-9.2954]},"properties":{"d":"2026-10-06","t":"0345","frp":3.6,"b":334.4,"c":1,"s":"N20","n":0}},{"type":"Feature","geometry":{"type":"Point","coordinates":[147.1296,-9.2948]},"properties":{"d":"2026-10-06","t":"0345","frp":3.6,"b":329.7,"c":0,"s":"N20","n":0}},{"type":"Feature","geometry":{"type":"Point","coordinates":[142.6217,-9.2862]},"properties":{"d":"2026-10-06","t":"0345","frp":4.5,"b":332.2,"c":1,"s":"N20","n":0}},{"type":"Feature","geometry":{"type":"Point","coordinates":[149.1961,-9.2575]},"properties":{"d":"2026-10-06","t":"0345","frp":4.3,"b":329.4,"c":1,"s":"N20","n":0}},{"type":"Feature","geometry":{"type":"Point","coordinates":[148.6202,-9.2448]},"properties":{"d":"2026-10-06","t":"0345","frp":5.2,"b":331.0,"c":1,"s":"N20","n":0}},{"type":"Feature","geometry":{"type":"Point","coordinates":[148.6197,-9.2415]},"properties":{"d":"2026-10-06","t":"0345","frp":2.7,"b":334.8,"c":1,"s":"N20","n":0}},{"type":"Feature","geometry":{"type":"Point","coordinates":[147.3284,-9.241]},"properties":{"d":"2026-10-06","t":"0345","frp":1.6,"b":332.1,"c":1,"s":"N20","n":0}},{"type":"Feature","geometry":{"type":"Point","coordinates":[152.878,-9.2409]},"properties":{"d":"2026-10-06","t":"0345","frp":8.9,"b":346.1,"c":1,"s":"N20","n":0}},{"type":"Feature","geometry":{"type":"Point","coordinates":[147.3748,-9.2375]},"properties":{"d":"2026-10-06","t":"0345","frp":3.6,"b":336.6,"c":1,"s":"N20","n":0}},{"type":"Feature","geometry":{"type":"Point","coordinates":[147.2189,-9.237]},"properties":{"d":"2026-10-06","t":"0345","frp":2.3,"b":333.6,"c":0,"s":"N20","n":0}},{"type":"Feature","geometry":{"type":"Point","coordinates":[148.6936,-9.2335]},"properties":{"d":"2026-10-06","t":"0345","frp":3.3,"b":337.6,"c":1,"s":"N20","n":0}},{"type":"Feature","geometry":{"type":"Point","coordinates":[150.1517,-9.2332]},"properties":{"d":"2026-10-06","t":"0345","frp":2.4,"b":334.4,"c":1,"s":"N20","n":0}},{"type":"Feature","geometry":{"type":"Point","coordinates":[148.633,-9.2123]},"properties":{"d":"2026-10-06","t":"0345","frp":2.5,"b":334.8,"c":1,"s":"N20","n":0}},{"type":"Feature","geometry":{"type":"Point","coordinates":[147.0065,-9.2083]},"properties":{"d":"2026-10-06","t":"0345","frp":2.4,"b":330.9,"c":0,"s":"N20","n":0}},{"type":"Feature","geometry":{"type":"Point","coordinates":[147.2463,-9.2022]},"properties":{"d":"2026-10-06","t":"0345","frp":2.8,"b":338.7,"c":1,"s":"N20","n":0}},{"type":"Feature","geometry":{"type":"Point","coordinates":[149.2443,-9.1995]},"properties":{"d":"2026-10-06","t":"0345","frp":12.2,"b":341.3,"c":1,"s":"N20","n":0}},{"type":"Feature","geometry":{"type":"Point","coordinates":[147.3288,-9.1967]},"properties":{"d":"2026-10-06","t":"0345","frp":1.8,"b":329.4,"c":0,"s":"N20","n":0}},{"type":"Feature","geometry":{"type":"Point","coordinates":[148.6182,-9.1908]},"properties":{"d":"2026-10-06","t":"0345","frp":5.2,"b":336.3,"c":1,"s":"N20","n":0}},{"type":"Feature","geometry":{"type":"Point","coordinates":[142.5685,-9.1902]},"properties":{"d":"2026-10-06","t":"0345","frp":5.1,"b":336.8,"c":1,"s":"N20","n":0}},{"type":"Feature","geometry":{"type":"Point","coordinates":[142.5723,-9.1896]},"properties":{"d":"2026-10-06","t":"0345","frp":6.4,"b":332.5,"c":1,"s":"N20","n":0}},{"type":"Feature","geometry":{"type":"Point","coordinates":[147.8094,-9.1886]},"properties":{"d":"2026-10-06","t":"0345","frp":21.7,"b":336.4,"c":1,"s":"N20","n":0}},{"type":"Feature","geometry":{"type":"Point","coordinates":[147.2837,-9.1864]},"properties":{"d":"2026-10-06","t":"0345","frp":3.6,"b":336.9,"c":1,"s":"N20","n":0}},{"type":"Feature","geometry":{"type":"Point","coordinates":[142.7391,-9.1853]},"properties":{"d":"2026-10-06","t":"0345","frp":13.5,"b":353.9,"c":1,"s":"N20","n":0}},{"type":"Feature","geometry":{"type":"Point","coordinates":[142.7379,-9.1832]},"properties":{"d":"2026-10-06","t":"0345","frp":15.8,"b":353.2,"c":1,"s":"N20","n":0}},{"type":"Feature","geometry":{"type":"Point","coordinates":[142.5909,-9.1828]},"properties":{"d":"2026-10-06","t":"0345","frp":7.0,"b":341.3,"c":1,"s":"N20","n":0}},{"type":"Feature","geometry":{"type":"Point","coordinates":[142.5904,-9.1786]},"properties":{"d":"2026-10-06","t":"0345","frp":4.4,"b":331.3,"c":1,"s":"N20","n":0}},{"type":"Feature","geometry":{"type":"Point","coordinates":[148.8572,-9.1776]},"properties":{"d":"2026-10-06","t":"0345","frp":4.6,"b":329.6,"c":0,"s":"N20","n":0}},{"type":"Feature","geometry":{"type":"Point","coordinates":[142.5859,-9.1749]},"properties":{"d":"2026-10-06","t":"0345","frp":4.4,"b":331.0,"c":0,"s":"N20","n":0}},{"type":"Feature","geometry":{"type":"Point","coordinates":[147.2742,-9.1748]},"properties":{"d":"2026-10-06","t":"0345","frp":5.1,"b":340.1,"c":1,"s":"N20","n":0}},{"type":"Feature","geometry":{"type":"Point","coordinates":[142.5898,-9.1744]},"properties":{"d":"2026-10-06","t":"0345","frp":4.4,"b":339.9,"c":1,"s":"N20","n":0}},{"type":"Feature","geometry":{"type":"Point","coordinates":[142.5738,-9.1724]},"properties":{"d":"2026-10-06","t":"0345","frp":7.1,"b":331.3,"c":0,"s":"N20","n":0}},{"type":"Feature","geometry":{"type":"Point","coordinates":[142.5777,-9.1718]},"properties":{"d":"2026-10-06","t":"0345","frp":6.0,"b":341.5,"c":1,"s":"N20","n":0}},{"type":"Feature","geometry":{"type":"Point","coordinates":[142.5815,-9.1713]},"properties":{"d":"2026-10-06","t":"0345","frp":6.0,"b":337.9,"c":1,"s":"N20","n":0}},{"type":"Feature","geometry":{"type":"Point","coordinates":[142.5853,-9.1708]},"properties":{"d":"2026-10-06","t":"0345","frp":21.1,"b":353.4,"c":1,"s":"N20","n":0}},{"type":"Feature","geometry":{"type":"Point","coordinates":[147.2838,-9.1666]},"properties":{"d":"2026-10-06","t":"0345","frp":2.1,"b":329.2,"c":0,"s":"N20","n":0}},{"type":"Feature","geometry":{"type":"Point","coordinates":[149.2824,-9.1627]},"properties":{"d":"2026-10-06","t":"0345","frp":3.3,"b":332.5,"c":1,"s":"N20","n":0}},{"type":"Feature","geometry":{"type":"Point","coordinates":[147.2722,-9.1615]},"properties":{"d":"2026-10-06","t":"0345","frp":2.4,"b":335.8,"c":1,"s":"N20","n":0}},{"type":"Feature","geometry":{"type":"Point","coordinates":[147.2717,-9.1582]},"properties":{"d":"2026-10-06","t":"0345","frp":2.4,"b":329.3,"c":0,"s":"N20","n":0}},{"type":"Feature","geometry":{"type":"Point","coordinates":[147.2752,-9.1577]},"properties":{"d":"2026-10-06","t":"0345","frp":4.4,"b":339.3,"c":1,"s":"N20","n":0}},{"type":"Feature","geometry":{"type":"Point","coordinates":[141.5724,-9.1529]},"properties":{"d":"2026-10-06","t":"0345","frp":4.8,"b":342.8,"c":1,"s":"N20","n":0}},{"type":"Feature","geometry":{"type":"Point","coordinates":[142.4084,-9.1523]},"properties":{"d":"2026-10-06","t":"0345","frp":2.9,"b":334.4,"c":1,"s":"N20","n":0}},{"type":"Feature","geometry":{"type":"Point","coordinates":[141.5769,-9.1523]},"properties":{"d":"2026-10-06","t":"0345","frp":4.8,"b":339.5,"c":1,"s":"N20","n":0}},{"type":"Feature","geometry":{"type":"Point","coordinates":[147.1982,-9.1522]},"properties":{"d":"2026-10-06","t":"0345","frp":2.6,"b":331.7,"c":1,"s":"N20","n":0}},{"type":"Feature","geometry":{"type":"Point","coordinates":[141.6221,-9.1508]},"properties":{"d":"2026-10-06","t":"0345","frp":6.2,"b":345.9,"c":1,"s":"N20","n":0}},{"type":"Feature","geometry":{"type":"Point","coordinates":[142.4039,-9.1487]},"properties":{"d":"2026-10-06","t":"0345","frp":7.5,"b":336.2,"c":1,"s":"N20","n":0}},{"type":"Feature","geometry":{"type":"Point","coordinates":[141.617,-9.147]},"properties":{"d":"2026-10-06","t":"0345","frp":6.2,"b":342.7,"c":1,"s":"N20","n":0}},{"type":"Feature","geometry":{"type":"Point","coordinates":[141.6215,-9.1464]},"properties":{"d":"2026-10-06","t":"0345","frp":6.2,"b":342.9,"c":1,"s":"N20","n":0}},{"type":"Feature","geometry":{"type":"Point","coordinates":[141.6164,-9.1425]},"properties":{"d":"2026-10-06","t":"0345","frp":12.9,"b":355.9,"c":1,"s":"N20","n":0}},{"type":"Feature","geometry":{"type":"Point","coordinates":[141.5314,-9.1423]},"properties":{"d":"2026-10-06","t":"0345","frp":3.1,"b":333.0,"c":1,"s":"N20","n":0}},{"type":"Feature","geometry":{"type":"Point","coordinates":[141.6568,-9.1416]},"properties":{"d":"2026-10-06","t":"0345","frp":4.2,"b":331.7,"c":1,"s":"N20","n":0}},{"type":"Feature","geometry":{"type":"Point","coordinates":[141.5019,-9.1395]},"properties":{"d":"2026-10-06","t":"0345","frp":12.2,"b":342.7,"c":1,"s":"N20","n":0}},{"type":"Feature","geometry":{"type":"Point","coordinates":[141.643,-9.1389]},"properties":{"d":"2026-10-06","t":"0345","frp":7.7,"b":348.1,"c":1,"s":"N20","n":0}},{"type":"Feature","geometry":{"type":"Point","coordinates":[141.4987,-9.1378]},"properties":{"d":"2026-10-06","t":"0345","frp":12.0,"b":343.4,"c":1,"s":"N20","n":0}},{"type":"Feature","geometry":{"type":"Point","coordinates":[141.529,-9.1359]},"properties":{"d":"2026-10-06","t":"0345","frp":4.2,"b":332.8,"c":1,"s":"N20","n":0}},{"type":"Feature","geometry":{"type":"Point","coordinates":[148.8714,-9.1349]},"properties":{"d":"2026-10-06","t":"0345","frp":11.5,"b":331.3,"c":1,"s":"N20","n":0}},{"type":"Feature","geometry":{"type":"Point","coordinates":[141.8114,-9.1343]},"properties":{"d":"2026-10-06","t":"0345","frp":2.7,"b":333.2,"c":1,"s":"N20","n":0}},{"type":"Feature","geometry":{"type":"Point","coordinates":[148.8709,-9.1316]},"properties":{"d":"2026-10-06","t":"0345","frp":11.5,"b":354.4,"c":1,"s":"N20","n":0}},{"type":"Feature","geometry":{"type":"Point","coordinates":[147.2241,-9.1312]},"properties":{"d":"2026-10-06","t":"0345","frp":3.3,"b":331.4,"c":1,"s":"N20","n":0}},{"type":"Feature","geometry":{"type":"Point","coordinates":[141.5704,-9.1277]},"properties":{"d":"2026-10-06","t":"0345","frp":11.0,"b":354.4,"c":1,"s":"N20","n":0}},{"type":"Feature","geometry":{"type":"Point","coordinates":[142.3414,-9.1271]},"properties":{"d":"2026-10-06","t":"0345","frp":2.7,"b":332.2,"c":1,"s":"N20","n":0}},{"type":"Feature","geometry":{"type":"Point","coordinates":[141.5687,-9.1261]},"properties":{"d":"2026-10-06","t":"0345","frp":7.7,"b":343.1,"c":1,"s":"N20","n":0}},{"type":"Feature","geometry":{"type":"Point","coordinates":[147.0086,-9.1258]},"properties":{"d":"2026-10-06","t":"0345","frp":4.0,"b":340.5,"c":1,"s":"N20","n":0}},{"type":"Feature","geometry":{"type":"Point","coordinates":[141.5732,-9.1255]},"properties":{"d":"2026-10-06","t":"0345","frp":7.7,"b":330.5,"c":1,"s":"N20","n":0}},{"type":"Feature","geometry":{"type":"Point","coordinates":[148.3397,-9.1248]},"properties":{"d":"2026-10-06","t":"0345","frp":3.2,"b":333.8,"c":1,"s":"N20","n":0}},{"type":"Feature","geometry":{"type":"Point","coordinates":[141.1905,-9.1245]},"properties":{"d":"2026-10-06","t":"0345","frp":7.0,"b":338.4,"c":1,"s":"N20","n":0}},{"type":"Feature","geometry":{"type":"Point","coordinates":[142.3328,-9.124]},"properties":{"d":"2026-10-06","t":"0345","frp":3.6,"b":335.1,"c":1,"s":"N20","n":0}},{"type":"Feature","geometry":{"type":"Point","coordinates":[142.7105,-9.1237]},"properties":{"d":"2026-10-06","t":"0345","frp":5.4,"b":332.5,"c":1,"s":"N20","n":0}},{"type":"Feature","geometry":{"type":"Point","coordinates":[142.3368,-9.1234]},"properties":{"d":"2026-10-06","t":"0345","frp":3.6,"b":335.4,"c":1,"s":"N20","n":0}},{"type":"Feature","geometry":{"type":"Point","coordinates":[147.0081,-9.1225]},"properties":{"d":"2026-10-06","t":"0345","frp":4.0,"b":333.4,"c":1,"s":"N20","n":0}},{"type":"Feature","geometry":{"type":"Point","coordinates":[141.8138,-9.1206]},"properties":{"d":"2026-10-06","t":"0345","frp":12.6,"b":356.2,"c":1,"s":"N20","n":0}},{"type":"Feature","geometry":{"type":"Point","coordinates":[142.7062,-9.1201]},"properties":{"d":"2026-10-06","t":"0345","frp":14.8,"b":354.4,"c":1,"s":"N20","n":0}},{"type":"Feature","geometry":{"type":"Point","coordinates":[141.1899,-9.1199]},"properties":{"d":"2026-10-06","t":"0345","frp":6.2,"b":331.2,"c":1,"s":"N20","n":0}},{"type":"Feature","geometry":{"type":"Point","coordinates":[142.71,-9.1196]},"properties":{"d":"2026-10-06","t":"0345","frp":10.1,"b":350.4,"c":1,"s":"N20","n":0}},{"type":"Feature","geometry":{"type":"Point","coordinates":[141.2618,-9.1195]},"properties":{"d":"2026-10-06","t":"0345","frp":11.3,"b":342.8,"c":1,"s":"N20","n":0}},{"type":"Feature","geometry":{"type":"Point","coordinates":[142.5975,-9.1181]},"properties":{"d":"2026-10-06","t":"0345","frp":7.1,"b":347.8,"c":1,"s":"N20","n":0}},{"type":"Feature","geometry":{"type":"Point","coordinates":[147.2327,-9.1163]},"properties":{"d":"2026-10-06","t":"0345","frp":4.1,"b":337.2,"c":1,"s":"N20","n":0}},{"type":"Feature","geometry":{"type":"Point","coordinates":[141.2565,-9.1156]},"properties":{"d":"2026-10-06","t":"0345","frp":22.4,"b":336.1,"c":1,"s":"N20","n":0}},{"type":"Feature","geometry":{"type":"Point","coordinates":[141.2611,-9.115]},"properties":{"d":"2026-10-06","t":"0345","frp":11.3,"b":340.5,"c":1,"s":"N20","n":0}},{"type":"Feature","geometry":{"type":"Point","coordinates":[142.6008,-9.1134]},"properties":{"d":"2026-10-06","t":"0345","frp":6.7,"b":338.5,"c":1,"s":"N20","n":0}},{"type":"Feature","geometry":{"type":"Point","coordinates":[141.6138,-9.1126]},"properties":{"d":"2026-10-06","t":"0345","frp":2.9,"b":335.4,"c":1,"s":"N20","n":0}},{"type":"Feature","geometry":{"type":"Point","coordinates":[148.5844,-9.1112]},"properties":{"d":"2026-10-06","t":"0345","frp":5.1,"b":335.2,"c":1,"s":"N20","n":0}},{"type":"Feature","geometry":{"type":"Point","coordinates":[141.1159,-9.1111]},"properties":{"d":"2026-10-06","t":"0345","frp":5.8,"b":333.5,"c":1,"s":"N20","n":0}},{"type":"Feature","geometry":{"type":"Point","coordinates":[141.2558,-9.111]},"properties":{"d":"2026-10-06","t":"0345","frp":8.9,"b":345.4,"c":1,"s":"N20","n":0}},{"type":"Feature","geometry":{"type":"Point","coordinates":[142.9239,-9.1109]},"properties":{"d":"2026-10-06","t":"0345","frp":5.4,"b":340.3,"c":1,"s":"N20","n":0}},{"type":"Feature","geometry":{"type":"Point","coordinates":[141.1547,-9.1106]},"properties":{"d":"2026-10-06","t":"0345","frp":8.4,"b":335.7,"c":1,"s":"N20","n":0}},{"type":"Feature","geometry":{"type":"Point","coordinates":[141.1832,-9.1068]},"properties":{"d":"2026-10-06","t":"0345","frp":8.3,"b":342.5,"c":1,"s":"N20","n":0}},{"type":"Feature","geometry":{"type":"Point","coordinates":[141.1153,-9.1064]},"properties":{"d":"2026-10-06","t":"0345","frp":5.8,"b":339.9,"c":1,"s":"N20","n":0}},{"type":"Feature","geometry":{"type":"Point","coordinates":[141.8464,-9.1028]},"properties":{"d":"2026-10-06","t":"0345","frp":4.7,"b":330.1,"c":1,"s":"N20","n":0}},{"type":"Feature","geometry":{"type":"Point","coordinates":[147.1181,-9.1027]},"properties":{"d":"2026-10-06","t":"0345","frp":3.1,"b":337.0,"c":1,"s":"N20","n":0}},{"type":"Feature","geometry":{"type":"Point","coordinates":[141.8474,-9.1024]},"properties":{"d":"2026-10-06","t":"0345","frp":8.8,"b":347.3,"c":1,"s":"N20","n":0}},{"type":"Feature","geometry":{"type":"Point","coordinates":[141.8507,-9.1022]},"properties":{"d":"2026-10-06","t":"0345","frp":7.6,"b":341.6,"c":1,"s":"N20","n":0}},{"type":"Feature","geometry":{"type":"Point","coordinates":[141.1487,-9.102]},"properties":{"d":"2026-10-06","t":"0345","frp":6.2,"b":341.7,"c":1,"s":"N20","n":0}},{"type":"Feature","geometry":{"type":"Point","coordinates":[141.8517,-9.1018]},"properties":{"d":"2026-10-06","t":"0345","frp":8.5,"b":333.8,"c":1,"s":"N20","n":0}},{"type":"Feature","geometry":{"type":"Point","coordinates":[141.1874,-9.1015]},"properties":{"d":"2026-10-06","t":"0345","frp":7.3,"b":330.1,"c":0,"s":"N20","n":0}},{"type":"Feature","geometry":{"type":"Point","coordinates":[141.1921,-9.1009]},"properties":{"d":"2026-10-06","t":"0345","frp":5.8,"b":336.7,"c":1,"s":"N20","n":0}},{"type":"Feature","geometry":{"type":"Point","coordinates":[141.1968,-9.1003]},"properties":{"d":"2026-10-06","t":"0345","frp":5.8,"b":337.3,"c":1,"s":"N20","n":0}},{"type":"Feature","geometry":{"type":"Point","coordinates":[141.8458,-9.0984]},"properties":{"d":"2026-10-06","t":"0345","frp":4.7,"b":333.2,"c":1,"s":"N20","n":0}},{"type":"Feature","geometry":{"type":"Point","coordinates":[141.8468,-9.098]},"properties":{"d":"2026-10-06","t":"0345","frp":8.8,"b":342.8,"c":1,"s":"N20","n":0}},{"type":"Feature","geometry":{"type":"Point","coordinates":[141.8501,-9.0978]},"properties":{"d":"2026-10-06","t":"0345","frp":7.6,"b":339.9,"c":1,"s":"N20","n":0}},{"type":"Feature","geometry":{"type":"Point","coordinates":[141.1867,-9.097]},"properties":{"d":"2026-10-06","t":"0345","frp":7.3,"b":341.3,"c":1,"s":"N20","n":0}},{"type":"Feature","geometry":{"type":"Point","coordinates":[141.5662,-9.0964]},"properties":{"d":"2026-10-06","t":"0345","frp":5.3,"b":337.6,"c":1,"s":"N20","n":0}},{"type":"Feature","geometry":{"type":"Point","coordinates":[141.1915,-9.0963]},"properties":{"d":"2026-10-06","t":"0345","frp":5.8,"b":341.1,"c":1,"s":"N20","n":0}},{"type":"Feature","geometry":{"type":"Point","coordinates":[141.7978,-9.0914]},"properties":{"d":"2026-10-06","t":"0345","frp":6.6,"b":343.5,"c":1,"s":"N20","n":0}},{"type":"Feature","geometry":{"type":"Point","coordinates":[141.2339,-9.0907]},"properties":{"d":"2026-10-06","t":"0345","frp":7.3,"b":343.7,"c":1,"s":"N20","n":0}},{"type":"Feature","geometry":{"type":"Point","coordinates":[147.119,-9.0896]},"properties":{"d":"2026-10-06","t":"0345","frp":10.2,"b":331.1,"c":0,"s":"N20","n":0}},{"type":"Feature","geometry":{"type":"Point","coordinates":[141.8015,-9.0864]},"properties":{"d":"2026-10-06","t":"0345","frp":6.6,"b":336.9,"c":1,"s":"N20","n":0}},{"type":"Feature","geometry":{"type":"Point","coordinates":[147.1221,-9.0858]},"properties":{"d":"2026-10-06","t":"0345","frp":10.2,"b":332.8,"c":0,"s":"N20","n":0}},{"type":"Feature","geometry":{"type":"Point","coordinates":[142.0203,-9.084]},"properties":{"d":"2026-10-06","t":"0345","frp":4.8,"b":345.7,"c":1,"s":"N20","n":0}},{"type":"Feature","geometry":{"type":"Point","coordinates":[142.0244,-9.0834]},"properties":{"d":"2026-10-06","t":"0345","frp":4.8,"b":337.8,"c":1,"s":"N20","n":0}},{"type":"Feature","geometry":{"type":"Point","coordinates":[142.0286,-9.0828]},"properties":{"d":"2026-10-06","t":"0345","frp":3.8,"b":331.9,"c":1,"s":"N20","n":0}},{"type":"Feature","geometry":{"type":"Point","coordinates":[141.7966,-9.0826]},"properties":{"d":"2026-10-06","t":"0345","frp":16.4,"b":345.3,"c":1,"s":"N20","n":0}},{"type":"Feature","geometry":{"type":"Point","coordinates":[141.3656,-9.0824]},"properties":{"d":"2026-10-06","t":"0345","frp":7.4,"b":348.5,"c":1,"s":"N20","n":0}},{"type":"Feature","geometry":{"type":"Point","coordinates":[147.1687,-9.0821]},"properties":{"d":"2026-10-06","t":"0345","frp":2.9,"b":333.3,"c":0,"s":"N20","n":0}},{"type":"Feature","geometry":{"type":"Point","coordinates":[149.0364,-9.0821]},"properties":{"d":"2026-10-06","t":"0345","frp":4.4,"b":333.6,"c":0,"s":"N20","n":0}},{"type":"Feature","geometry":{"type":"Point","coordinates":[149.0399,-9.0816]},"properties":{"d":"2026-10-06","t":"0345","frp":3.9,"b":336.9,"c":0,"s":"N20","n":0}},{"type":"Feature","geometry":{"type":"Point","coordinates":[142.0072,-9.0813]},"properties":{"d":"2026-10-06","t":"0345","frp":9.7,"b":338.9,"c":1,"s":"N20","n":0}},{"type":"Feature","geometry":{"type":"Point","coordinates":[142.0113,-9.0807]},"properties":{"d":"2026-10-06","t":"0345","frp":5.2,"b":339.5,"c":1,"s":"N20","n":0}},{"type":"Feature","geometry":{"type":"Point","coordinates":[142.0155,-9.0802]},"properties":{"d":"2026-10-06","t":"0345","frp":5.2,"b":331.9,"c":1,"s":"N20","n":0}},{"type":"Feature","geometry":{"type":"Point","coordinates":[142.0078,-9.0797]},"properties":{"d":"2026-10-06","t":"0345","frp":10.3,"b":347.4,"c":1,"s":"N20","n":0}},{"type":"Feature","geometry":{"type":"Point","coordinates":[142.0197,-9.0796]},"properties":{"d":"2026-10-06","t":"0345","frp":3.7,"b":332.0,"c":1,"s":"N20","n":0}},{"type":"Feature","geometry":{"type":"Point","coordinates":[141.7917,-9.0788]},"properties":{"d":"2026-10-06","t":"0345","frp":16.9,"b":335.1,"c":1,"s":"N20","n":0}},{"type":"Feature","geometry":{"type":"Point","coordinates":[141.3603,-9.0785]},"properties":{"d":"2026-10-06","t":"0345","frp":26.8,"b":348.2,"c":1,"s":"N20","n":0}},{"type":"Feature","geometry":{"type":"Point","coordinates":[141.796,-9.0782]},"properties":{"d":"2026-10-06","t":"0345","frp":16.4,"b":352.6,"c":1,"s":"N20","n":0}},{"type":"Feature","geometry":{"type":"Point","coordinates":[142.0322,-9.0779]},"properties":{"d":"2026-10-06","t":"0345","frp":4.6,"b":332.4,"c":1,"s":"N20","n":0}},{"type":"Feature","geometry":{"type":"Point","coordinates":[141.3649,-9.0779]},"properties":{"d":"2026-10-06","t":"0345","frp":26.8,"b":343.1,"c":1,"s":"N20","n":0}},{"type":"Feature","geometry":{"type":"Point","coordinates":[142.7199,-9.0777]},"properties":{"d":"2026-10-06","t":"0345","frp":4.0,"b":342.6,"c":1,"s":"N20","n":0}},{"type":"Feature","geometry":{"type":"Point","coordinates":[141.8003,-9.0776]},"properties":{"d":"2026-10-06","t":"0345","frp":16.4,"b":336.2,"c":1,"s":"N20","n":0}},{"type":"Feature","geometry":{"type":"Point","coordinates":[142.2692,-9.0765]},"properties":{"d":"2026-10-06","t":"0345","frp":6.3,"b":345.1,"c":1,"s":"N20","n":0}},{"type":"Feature","geometry":{"type":"Point","coordinates":[147.0479,-9.0764]},"properties":{"d":"2026-10-06","t":"0345","frp":3.0,"b":332.0,"c":1,"s":"N20","n":0}},{"type":"Feature","geometry":{"type":"Point","coordinates":[142.2773,-9.0754]},"properties":{"d":"2026-10-06","t":"0345","frp":2.7,"b":335.4,"c":1,"s":"N20","n":0}},{"type":"Feature","geometry":{"type":"Point","coordinates":[141.7206,-9.0752]},"properties":{"d":"2026-10-06","t":"0345","frp":5.6,"b":340.8,"c":1,"s":"N20","n":0}},{"type":"Feature","geometry":{"type":"Point","coordinates":[142.7118,-9.0746]},"properties":{"d":"2026-10-06","t":"0345","frp":8.3,"b":345.6,"c":1,"s":"N20","n":0}},{"type":"Feature","geometry":{"type":"Point","coordinates":[141.7954,-9.0738]},"properties":{"d":"2026-10-06","t":"0345","frp":11.8,"b":355.2,"c":1,"s":"N20","n":0}},{"type":"Feature","geometry":{"type":"Point","coordinates":[142.7193,-9.0736]},"properties":{"d":"2026-10-06","t":"0345","frp":4.0,"b":331.0,"c":1,"s":"N20","n":0}},{"type":"Feature","geometry":{"type":"Point","coordinates":[141.7997,-9.0732]},"properties":{"d":"2026-10-06","t":"0345","frp":11.8,"b":342.1,"c":1,"s":"N20","n":0}},{"type":"Feature","geometry":{"type":"Point","coordinates":[141.9642,-9.0726]},"properties":{"d":"2026-10-06","t":"0345","frp":2.3,"b":332.1,"c":1,"s":"N20","n":0}},{"type":"Feature","geometry":{"type":"Point","coordinates":[141.9426,-9.0712]},"properties":{"d":"2026-10-06","t":"0345","frp":7.8,"b":334.4,"c":1,"s":"N20","n":0}},{"type":"Feature","geometry":{"type":"Point","coordinates":[142.2767,-9.0711]},"properties":{"d":"2026-10-06","t":"0345","frp":5.5,"b":336.3,"c":1,"s":"N20","n":0}},{"type":"Feature","geometry":{"type":"Point","coordinates":[141.7948,-9.0694]},"properties":{"d":"2026-10-06","t":"0345","frp":11.8,"b":354.4,"c":1,"s":"N20","n":0}},{"type":"Feature","geometry":{"type":"Point","coordinates":[141.359,-9.0694]},"properties":{"d":"2026-10-06","t":"0345","frp":6.7,"b":334.5,"c":1,"s":"N20","n":0}},{"type":"Feature","geometry":{"type":"Point","coordinates":[142.7225,-9.0689]},"properties":{"d":"2026-10-06","t":"0345","frp":3.4,"b":332.5,"c":1,"s":"N20","n":0}},{"type":"Feature","geometry":{"type":"Point","coordinates":[141.3637,-9.0688]},"properties":{"d":"2026-10-06","t":"0345","frp":6.7,"b":332.4,"c":1,"s":"N20","n":0}},{"type":"Feature","geometry":{"type":"Point","coordinates":[141.8034,-9.0683]},"properties":{"d":"2026-10-06","t":"0345","frp":11.8,"b":341.4,"c":1,"s":"N20","n":0}},{"type":"Feature","geometry":{"type":"Point","coordinates":[141.9378,-9.0674]},"properties":{"d":"2026-10-06","t":"0345","frp":9.0,"b":349.8,"c":1,"s":"N20","n":0}},{"type":"Feature","geometry":{"type":"Point","coordinates":[148.5379,-9.0673]},"properties":{"d":"2026-10-06","t":"0345","frp":3.5,"b":331.2,"c":1,"s":"N20","n":0}},{"type":"Feature","geometry":{"type":"Point","coordinates":[141.7899,-9.0656]},"properties":{"d":"2026-10-06","t":"0345","frp":5.2,"b":333.6,"c":1,"s":"N20","n":0}},{"type":"Feature","geometry":{"type":"Point","coordinates":[141.7942,-9.065]},"properties":{"d":"2026-10-06","t":"0345","frp":37.4,"b":341.1,"c":1,"s":"N20","n":0}},{"type":"Feature","geometry":{"type":"Point","coordinates":[141.3584,-9.0649]},"properties":{"d":"2026-10-06","t":"0345","frp":6.7,"b":347.6,"c":1,"s":"N20","n":0}},{"type":"Feature","geometry":{"type":"Point","coordinates":[141.7985,-9.0645]},"properties":{"d":"2026-10-06","t":"0345","frp":37.4,"b":348.1,"c":1,"s":"N20","n":0}},{"type":"Feature","geometry":{"type":"Point","coordinates":[141.9287,-9.0642]},"properties":{"d":"2026-10-06","t":"0345","frp":7.2,"b":338.8,"c":1,"s":"N20","n":0}},{"type":"Feature","geometry":{"type":"Point","coordinates":[141.8028,-9.0639]},"properties":{"d":"2026-10-06","t":"0345","frp":9.5,"b":354.5,"c":1,"s":"N20","n":0}},{"type":"Feature","geometry":{"type":"Point","coordinates":[141.356,-9.0638]},"properties":{"d":"2026-10-06","t":"0345","frp":8.6,"b":341.8,"c":1,"s":"N20","n":0}},{"type":"Feature","geometry":{"type":"Point","coordinates":[141.9329,-9.0636]},"properties":{"d":"2026-10-06","t":"0345","frp":5.0,"b":349.3,"c":1,"s":"N20","n":0}},{"type":"Feature","geometry":{"type":"Point","coordinates":[141.3606,-9.0631]},"properties":{"d":"2026-10-06","t":"0345","frp":2.9,"b":332.3,"c":1,"s":"N20","n":0}},{"type":"Feature","geometry":{"type":"Point","coordinates":[141.9372,-9.063]},"properties":{"d":"2026-10-06","t":"0345","frp":5.0,"b":330.2,"c":0,"s":"N20","n":0}},{"type":"Feature","geometry":{"type":"Point","coordinates":[141.785,-9.0618]},"properties":{"d":"2026-10-06","t":"0345","frp":5.2,"b":333.1,"c":1,"s":"N20","n":0}},{"type":"Feature","geometry":{"type":"Point","coordinates":[147.1692,-9.0616]},"properties":{"d":"2026-10-06","t":"0345","frp":3.8,"b":332.9,"c":1,"s":"N20","n":0}},{"type":"Feature","geometry":{"type":"Point","coordinates":[141.7936,-9.0606]},"properties":{"d":"2026-10-06","t":"0345","frp":37.4,"b":343.1,"c":1,"s":"N20","n":0}},{"type":"Feature","geometry":{"type":"Point","coordinates":[141.3578,-9.0603]},"properties":{"d":"2026-10-06","t":"0345","frp":2.6,"b":341.2,"c":1,"s":"N20","n":0}},{"type":"Feature","geometry":{"type":"Point","coordinates":[141.7979,-9.0601]},"properties":{"d":"2026-10-06","t":"0345","frp":37.4,"b":341.2,"c":1,"s":"N20","n":0}},{"type":"Feature","geometry":{"type":"Point","coordinates":[141.9281,-9.0599]},"properties":{"d":"2026-10-06","t":"0345","frp":7.2,"b":344.1,"c":1,"s":"N20","n":0}},{"type":"Feature","geometry":{"type":"Point","coordinates":[141.9323,-9.0593]},"properties":{"d":"2026-10-06","t":"0345","frp":5.0,"b":332.5,"c":1,"s":"N20","n":0}},{"type":"Feature","geometry":{"type":"Point","coordinates":[147.187,-9.0589]},"properties":{"d":"2026-10-06","t":"0345","frp":4.8,"b":337.4,"c":1,"s":"N20","n":0}},{"type":"Feature","geometry":{"type":"Point","coordinates":[141.9365,-9.0587]},"properties":{"d":"2026-10-06","t":"0345","frp":5.0,"b":330.6,"c":1,"s":"N20","n":0}},{"type":"Feature","geometry":{"type":"Point","coordinates":[141.7492,-9.0578]},"properties":{"d":"2026-10-06","t":"0345","frp":5.0,"b":338.8,"c":1,"s":"N20","n":0}},{"type":"Feature","geometry":{"type":"Point","coordinates":[141.7844,-9.0574]},"properties":{"d":"2026-10-06","t":"0345","frp":16.1,"b":347.3,"c":1,"s":"N20","n":0}},{"type":"Feature","geometry":{"type":"Point","coordinates":[141.7887,-9.0568]},"properties":{"d":"2026-10-06","t":"0345","frp":16.1,"b":331.7,"c":1,"s":"N20","n":0}},{"type":"Feature","geometry":{"type":"Point","coordinates":[141.793,-9.0562]},"properties":{"d":"2026-10-06","t":"0345","frp":5.2,"b":343.3,"c":1,"s":"N20","n":0}},{"type":"Feature","geometry":{"type":"Point","coordinates":[141.9233,-9.0561]},"properties":{"d":"2026-10-06","t":"0345","frp":19.3,"b":353.0,"c":1,"s":"N20","n":0}},{"type":"Feature","geometry":{"type":"Point","coordinates":[141.9275,-9.0555]},"properties":{"d":"2026-10-06","t":"0345","frp":19.3,"b":334.9,"c":1,"s":"N20","n":0}},{"type":"Feature","geometry":{"type":"Point","coordinates":[141.9317,-9.0549]},"properties":{"d":"2026-10-06","t":"0345","frp":7.3,"b":340.1,"c":1,"s":"N20","n":0}},{"type":"Feature","geometry":{"type":"Point","coordinates":[141.9359,-9.0543]},"properties":{"d":"2026-10-06","t":"0345","frp":7.3,"b":340.9,"c":1,"s":"N20","n":0}},{"type":"Feature","geometry":{"type":"Point","coordinates":[142.4635,-9.0541]},"properties":{"d":"2026-10-06","t":"0345","frp":5.6,"b":341.3,"c":1,"s":"N20","n":0}},{"type":"Feature","geometry":{"type":"Point","coordinates":[141.7795,-9.0536]},"properties":{"d":"2026-10-06","t":"0345","frp":38.9,"b":335.7,"c":1,"s":"N20","n":0}},{"type":"Feature","geometry":{"type":"Point","coordinates":[142.5931,-9.0532]},"properties":{"d":"2026-10-06","t":"0345","frp":9.0,"b":340.1,"c":1,"s":"N20","n":0}},{"type":"Feature","geometry":{"type":"Point","coordinates":[141.9444,-9.0532]},"properties":{"d":"2026-10-06","t":"0345","frp":6.9,"b":334.5,"c":1,"s":"N20","n":0}},{"type":"Feature","geometry":{"type":"Point","coordinates":[142.4712,-9.053]},"properties":{"d":"2026-10-06","t":"0345","frp":68.0,"b":351.0,"c":1,"s":"N20","n":0}},{"type":"Feature","geometry":{"type":"Point","coordinates":[141.7838,-9.053]},"properties":{"d":"2026-10-06","t":"0345","frp":16.1,"b":367.0,"c":2,"s":"N20","n":0}},{"type":"Feature","geometry":{"type":"Point","coordinates":[142.5969,-9.0527]},"properties":{"d":"2026-10-06","t":"0345","frp":9.0,"b":353.6,"c":1,"s":"N20","n":0}},{"type":"Feature","geometry":{"type":"Point","coordinates":[142.4751,-9.0525]},"properties":{"d":"2026-10-06","t":"0345","frp":5.8,"b":333.1,"c":1,"s":"N20","n":0}},{"type":"Feature","geometry":{"type":"Point","coordinates":[141.7881,-9.0524]},"properties":{"d":"2026-10-06","t":"0345","frp":16.1,"b":355.5,"c":1,"s":"N20","n":0}},{"type":"Feature","geometry":{"type":"Point","coordinates":[141.9185,-9.0523]},"properties":{"d":"2026-10-06","t":"0345","frp":13.8,"b":337.2,"c":1,"s":"N20","n":0}},{"type":"Feature","geometry":{"type":"Point","coordinates":[142.6007,-9.0522]},"properties":{"d":"2026-10-06","t":"0345","frp":7.3,"b":349.4,"c":1,"s":"N20","n":0}},{"type":"Feature","geometry":{"type":"Point","coordinates":[141.7924,-9.0518]},"properties":{"d":"2026-10-06","t":"0345","frp":5.2,"b":331.6,"c":1,"s":"N20","n":0}},{"type":"Feature","geometry":{"type":"Point","coordinates":[141.9227,-9.0517]},"properties":{"d":"2026-10-06","t":"0345","frp":19.3,"b":347.6,"c":1,"s":"N20","n":0}},{"type":"Feature","geometry":{"type":"Point","coordinates":[142.6045,-9.0516]},"properties":{"d":"2026-10-06","t":"0345","frp":7.3,"b":341.8,"c":1,"s":"N20","n":0}},{"type":"Feature","geometry":{"type":"Point","coordinates":[140.8976,-9.0516]},"properties":{"d":"2026-10-06","t":"0345","frp":26.8,"b":340.8,"c":1,"s":"N20","n":0}},{"type":"Feature","geometry":{"type":"Point","coordinates":[141.9269,-9.0511]},"properties":{"d":"2026-10-06","t":"0345","frp":19.3,"b":343.2,"c":1,"s":"N20","n":0}},{"type":"Feature","geometry":{"type":"Point","coordinates":[142.6083,-9.0511]},"properties":{"d":"2026-10-06","t":"0345","frp":6.7,"b":332.9,"c":1,"s":"N20","n":0}},{"type":"Feature","geometry":{"type":"Point","coordinates":[147.1966,-9.0506]},"properties":{"d":"2026-10-06","t":"0345","frp":2.5,"b":330.9,"c":1,"s":"N20","n":0}},{"type":"Feature","geometry":{"type":"Point","coordinates":[141.3704,-9.0495]},"properties":{"d":"2026-10-06","t":"0345","frp":5.0,"b":339.2,"c":1,"s":"N20","n":0}},{"type":"Feature","geometry":{"type":"Point","coordinates":[142.2777,-9.0493]},"properties":{"d":"2026-10-06","t":"0345","frp":11.9,"b":347.3,"c":1,"s":"N20","n":0}},{"type":"Feature","geometry":{"type":"Point","coordinates":[142.3748,-9.0491]},"properties":{"d":"2026-10-06","t":"0345","frp":7.6,"b":343.9,"c":1,"s":"N20","n":0}},{"type":"Feature","geometry":{"type":"Point","coordinates":[142.5925,-9.0491]},"properties":{"d":"2026-10-06","t":"0345","frp":9.0,"b":339.9,"c":1,"s":"N20","n":0}},{"type":"Feature","geometry":{"type":"Point","coordinates":[141.7832,-9.0486]},"properties":{"d":"2026-10-06","t":"0345","frp":25.9,"b":342.2,"c":1,"s":"N20","n":0}},{"type":"Feature","geometry":{"type":"Point","coordinates":[142.5963,-9.0485]},"properties":{"d":"2026-10-06","t":"0345","frp":9.0,"b":340.7,"c":1,"s":"N20","n":0}},{"type":"Feature","geometry":{"type":"Point","coordinates":[142.3788,-9.0485]},"properties":{"d":"2026-10-06","t":"0345","frp":9.1,"b":345.6,"c":1,"s":"N20","n":0}},{"type":"Feature","geometry":{"type":"Point","coordinates":[141.3679,-9.0482]},"properties":{"d":"2026-10-06","t":"0345","frp":5.5,"b":338.4,"c":1,"s":"N20","n":0}},{"type":"Feature","geometry":{"type":"Point","coordinates":[142.3827,-9.048]},"properties":{"d":"2026-10-06","t":"0345","frp":9.1,"b":350.8,"c":1,"s":"N20","n":0}},{"type":"Feature","geometry":{"type":"Point","coordinates":[142.3867,-9.0475]},"properties":{"d":"2026-10-06","t":"0345","frp":6.4,"b":367.0,"c":2,"s":"N20","n":0}},{"type":"Feature","geometry":{"type":"Point","coordinates":[142.3906,-9.0469]},"properties":{"d":"2026-10-06","t":"0345","frp":6.4,"b":331.1,"c":1,"s":"N20","n":0}},{"type":"Feature","geometry":{"type":"Point","coordinates":[142.9703,-9.0464]},"properties":{"d":"2026-10-06","t":"0345","frp":4.6,"b":333.4,"c":1,"s":"N20","n":0}},{"type":"Feature","geometry":{"type":"Point","coordinates":[142.9704,-9.0461]},"properties":{"d":"2026-10-06","t":"0345","frp":4.4,"b":333.7,"c":1,"s":"N20","n":0}},{"type":"Feature","geometry":{"type":"Point","coordinates":[142.3663,-9.0459]},"properties":{"d":"2026-10-06","t":"0345","frp":8.1,"b":354.1,"c":1,"s":"N20","n":0}},{"type":"Feature","geometry":{"type":"Point","coordinates":[141.3652,-9.0455]},"properties":{"d":"2026-10-06","t":"0345","frp":5.0,"b":350.0,"c":1,"s":"N20","n":0}},{"type":"Feature","geometry":{"type":"Point","coordinates":[142.3703,-9.0454]},"properties":{"d":"2026-10-06","t":"0345","frp":7.6,"b":353.3,"c":1,"s":"N20","n":0}},{"type":"Feature","geometry":{"type":"Point","coordinates":[141.939,-9.045]},"properties":{"d":"2026-10-06","t":"0345","frp":8.4,"b":346.8,"c":1,"s":"N20","n":0}},{"type":"Feature","geometry":{"type":"Point","coordinates":[142.3742,-9.0448]},"properties":{"d":"2026-10-06","t":"0345","frp":7.6,"b":350.8,"c":1,"s":"N20","n":0}},{"type":"Feature","geometry":{"type":"Point","coordinates":[143.134,-9.0446]},"properties":{"d":"2026-10-06","t":"0345","frp":3.0,"b":334.9,"c":1,"s":"N20","n":0}},{"type":"Feature","geometry":{"type":"Point","coordinates":[141.3628,-9.0444]},"properties":{"d":"2026-10-06","t":"0345","frp":4.9,"b":340.3,"c":1,"s":"N20","n":0}},{"type":"Feature","geometry":{"type":"Point","coordinates":[142.4779,-9.0436]},"properties":{"d":"2026-10-06","t":"0345","frp":6.3,"b":333.7,"c":1,"s":"N20","n":0}},{"type":"Feature","geometry":{"type":"Point","coordinates":[142.6033,-9.0433]},"properties":{"d":"2026-10-06","t":"0345","frp":23.9,"b":346.6,"c":1,"s":"N20","n":0}},{"type":"Feature","geometry":{"type":"Point","coordinates":[142.4817,-9.043]},"properties":{"d":"2026-10-06","t":"0345","frp":5.0,"b":338.4,"c":1,"s":"N20","n":0}},{"type":"Feature","geometry":{"type":"Point","coordinates":[142.6072,-9.0428]},"properties":{"d":"2026-10-06","t":"0345","frp":10.1,"b":333.0,"c":0,"s":"N20","n":0}},{"type":"Feature","geometry":{"type":"Point","coordinates":[147.228,-9.0425]},"properties":{"d":"2026-10-06","t":"0345","frp":2.8,"b":333.2,"c":1,"s":"N20","n":0}},{"type":"Feature","geometry":{"type":"Point","coordinates":[142.5951,-9.0402]},"properties":{"d":"2026-10-06","t":"0345","frp":3.2,"b":339.4,"c":1,"s":"N20","n":0}},{"type":"Feature","geometry":{"type":"Point","coordinates":[141.3622,-9.0398]},"properties":{"d":"2026-10-06","t":"0345","frp":4.9,"b":331.6,"c":1,"s":"N20","n":0}},{"type":"Feature","geometry":{"type":"Point","coordinates":[142.4773,-9.0394]},"properties":{"d":"2026-10-06","t":"0345","frp":6.3,"b":342.7,"c":1,"s":"N20","n":0}},{"type":"Feature","geometry":{"type":"Point","coordinates":[142.4811,-9.0389]},"properties":{"d":"2026-10-06","t":"0345","frp":5.0,"b":340.3,"c":1,"s":"N20","n":0}},{"type":"Feature","geometry":{"type":"Point","coordinates":[142.6142,-9.0376]},"properties":{"d":"2026-10-06","t":"0345","frp":4.8,"b":339.1,"c":1,"s":"N20","n":0}},{"type":"Feature","geometry":{"type":"Point","coordinates":[142.3731,-9.0364]},"properties":{"d":"2026-10-06","t":"0345","frp":7.1,"b":330.6,"c":0,"s":"N20","n":0}},{"type":"Feature","geometry":{"type":"Point","coordinates":[142.4767,-9.0352]},"properties":{"d":"2026-10-06","t":"0345","frp":11.4,"b":351.6,"c":1,"s":"N20","n":0}},{"type":"Feature","geometry":{"type":"Point","coordinates":[142.3566,-9.0343]},"properties":{"d":"2026-10-06","t":"0345","frp":3.1,"b":336.2,"c":1,"s":"N20","n":0}},{"type":"Feature","geometry":{"type":"Point","coordinates":[142.6098,-9.0339]},"properties":{"d":"2026-10-06","t":"0345","frp":6.8,"b":331.2,"c":1,"s":"N20","n":0}},{"type":"Feature","geometry":{"type":"Point","coordinates":[142.6136,-9.0334]},"properties":{"d":"2026-10-06","t":"0345","frp":5.2,"b":344.7,"c":1,"s":"N20","n":0}},{"type":"Feature","geometry":{"type":"Point","coordinates":[142.3646,-9.0332]},"properties":{"d":"2026-10-06","t":"0345","frp":5.5,"b":333.8,"c":1,"s":"N20","n":0}},{"type":"Feature","geometry":{"type":"Point","coordinates":[142.5551,-9.033]},"properties":{"d":"2026-10-06","t":"0345","frp":5.3,"b":330.6,"c":1,"s":"N20","n":0}},{"type":"Feature","geometry":{"type":"Point","coordinates":[142.3084,-9.0327]},"properties":{"d":"2026-10-06","t":"0345","frp":6.9,"b":342.1,"c":1,"s":"N20","n":0}},{"type":"Feature","geometry":{"type":"Point","coordinates":[142.5628,-9.0319]},"properties":{"d":"2026-10-06","t":"0345","frp":7.8,"b":337.9,"c":1,"s":"N20","n":0}},{"type":"Feature","geometry":{"type":"Point","coordinates":[142.3118,-9.0317]},"properties":{"d":"2026-10-06","t":"0345","frp":6.2,"b":340.0,"c":1,"s":"N20","n":0}},{"type":"Feature","geometry":{"type":"Point","coordinates":[142.5666,-9.0314]},"properties":{"d":"2026-10-06","t":"0345","frp":5.2,"b":342.0,"c":1,"s":"N20","n":0}},{"type":"Feature","geometry":{"type":"Point","coordinates":[141.9755,-9.0311]},"properties":{"d":"2026-10-06","t":"0345","frp":7.0,"b":342.1,"c":1,"s":"N20","n":0}},{"type":"Feature","geometry":{"type":"Point","coordinates":[141.3609,-9.0308]},"properties":{"d":"2026-10-06","t":"0345","frp":3.0,"b":331.3,"c":1,"s":"N20","n":0}},{"type":"Feature","geometry":{"type":"Point","coordinates":[140.9846,-9.0305]},"properties":{"d":"2026-10-06","t":"0345","frp":9.2,"b":341.2,"c":1,"s":"N20","n":0}},{"type":"Feature","geometry":{"type":"Point","coordinates":[142.5506,-9.0293]},"properties":{"d":"2026-10-06","t":"0345","frp":5.3,"b":330.2,"c":1,"s":"N20","n":0}},{"type":"Feature","geometry":{"type":"Point","coordinates":[142.5545,-9.0288]},"properties":{"d":"2026-10-06","t":"0345","frp":5.3,"b":342.1,"c":1,"s":"N20","n":0}},{"type":"Feature","geometry":{"type":"Point","coordinates":[142.3078,-9.0284]},"properties":{"d":"2026-10-06","t":"0345","frp":7.3,"b":354.5,"c":1,"s":"N20","n":0}},{"type":"Feature","geometry":{"type":"Point","coordinates":[140.9645,-9.0284]},"properties":{"d":"2026-10-06","t":"0345","frp":3.0,"b":332.5,"c":1,"s":"N20","n":0}},{"type":"Feature","geometry":{"type":"Point","coordinates":[142.3072,-9.028]},"properties":{"d":"2026-10-06","t":"0345","frp":10.4,"b":351.3,"c":1,"s":"N20","n":0}},{"type":"Feature","geometry":{"type":"Point","coordinates":[141.9707,-9.0274]},"properties":{"d":"2026-10-06","t":"0345","frp":7.0,"b":346.3,"c":1,"s":"N20","n":0}},{"type":"Feature","geometry":{"type":"Point","coordinates":[141.3557,-9.0269]},"properties":{"d":"2026-10-06","t":"0345","frp":16.0,"b":335.5,"c":1,"s":"N20","n":0}},{"type":"Feature","geometry":{"type":"Point","coordinates":[141.9749,-9.0268]},"properties":{"d":"2026-10-06","t":"0345","frp":7.0,"b":367.0,"c":2,"s":"N20","n":0}},{"type":"Feature","geometry":{"type":"Point","coordinates":[142.5385,-9.0267]},"properties":{"d":"2026-10-06","t":"0345","frp":6.6,"b":346.5,"c":1,"s":"N20","n":0}},{"type":"Feature","geometry":{"type":"Point","coordinates":[141.3603,-9.0262]},"properties":{"d":"2026-10-06","t":"0345","frp":16.0,"b":330.2,"c":1,"s":"N20","n":0}},{"type":"Feature","geometry":{"type":"Point","coordinates":[142.5424,-9.0262]},"properties":{"d":"2026-10-06","t":"0345","frp":6.2,"b":349.1,"c":1,"s":"N20","n":0}},{"type":"Feature","geometry":{"type":"Point","coordinates":[141.058,-9.0254]},"properties":{"d":"2026-10-06","t":"0345","frp":4.4,"b":334.6,"c":1,"s":"N20","n":0}},{"type":"Feature","geometry":{"type":"Point","coordinates":[142.5501,-9.0252]},"properties":{"d":"2026-10-06","t":"0345","frp":4.1,"b":336.6,"c":1,"s":"N20","n":0}},{"type":"Feature","geometry":{"type":"Point","coordinates":[149.2054,-9.025]},"properties":{"d":"2026-10-06","t":"0345","frp":1.9,"b":335.1,"c":1,"s":"N20","n":0}},{"type":"Feature","geometry":{"type":"Point","coordinates":[142.4594,-9.0247]},"properties":{"d":"2026-10-06","t":"0345","frp":60.7,"b":341.6,"c":1,"s":"N20","n":0}},{"type":"Feature","geometry":{"type":"Point","coordinates":[142.4632,-9.0242]},"properties":{"d":"2026-10-06","t":"0345","frp":8.7,"b":345.0,"c":1,"s":"N20","n":0}},{"type":"Feature","geometry":{"type":"Point","coordinates":[142.4076,-9.0229]},"properties":{"d":"2026-10-06","t":"0345","frp":6.0,"b":332.5,"c":0,"s":"N20","n":0}},{"type":"Feature","geometry":{"type":"Point","coordinates":[142.4112,-9.0226]},"properties":{"d":"2026-10-06","t":"0345","frp":5.2,"b":333.0,"c":0,"s":"N20","n":0}},{"type":"Feature","geometry":{"type":"Point","coordinates":[141.9743,-9.0224]},"properties":{"d":"2026-10-06","t":"0345","frp":32.6,"b":342.0,"c":1,"s":"N20","n":0}},{"type":"Feature","geometry":{"type":"Point","coordinates":[141.3551,-9.0223]},"properties":{"d":"2026-10-06","t":"0345","frp":16.0,"b":353.4,"c":1,"s":"N20","n":0}},{"type":"Feature","geometry":{"type":"Point","coordinates":[142.5533,-9.0205]},"properties":{"d":"2026-10-06","t":"0345","frp":4.1,"b":334.0,"c":1,"s":"N20","n":0}},{"type":"Feature","geometry":{"type":"Point","coordinates":[141.9569,-9.0204]},"properties":{"d":"2026-10-06","t":"0345","frp":5.0,"b":337.2,"c":1,"s":"N20","n":0}},{"type":"Feature","geometry":{"type":"Point","coordinates":[141.9653,-9.0192]},"properties":{"d":"2026-10-06","t":"0345","frp":8.2,"b":340.0,"c":1,"s":"N20","n":0}},{"type":"Feature","geometry":{"type":"Point","coordinates":[141.9695,-9.0187]},"properties":{"d":"2026-10-06","t":"0345","frp":32.6,"b":354.6,"c":1,"s":"N20","n":0}},{"type":"Feature","geometry":{"type":"Point","coordinates":[141.3499,-9.0184]},"properties":{"d":"2026-10-06","t":"0345","frp":15.6,"b":340.0,"c":1,"s":"N20","n":0}},{"type":"Feature","geometry":{"type":"Point","coordinates":[152.6444,-9.0184]},"properties":{"d":"2026-10-06","t":"0345","frp":8.0,"b":336.1,"c":1,"s":"N20","n":0}},{"type":"Feature","geometry":{"type":"Point","coordinates":[140.9156,-9.018]},"properties":{"d":"2026-10-06","t":"0345","frp":1.2,"b":331.9,"c":1,"s":"N20","n":0}},{"type":"Feature","geometry":{"type":"Point","coordinates":[142.4504,-9.0174]},"properties":{"d":"2026-10-06","t":"0345","frp":5.0,"b":342.2,"c":1,"s":"N20","n":0}},{"type":"Feature","geometry":{"type":"Point","coordinates":[140.9778,-9.0172]},"properties":{"d":"2026-10-06","t":"0345","frp":6.9,"b":333.2,"c":1,"s":"N20","n":0}},{"type":"Feature","geometry":{"type":"Point","coordinates":[142.4543,-9.0168]},"properties":{"d":"2026-10-06","t":"0345","frp":5.4,"b":340.6,"c":1,"s":"N20","n":0}},{"type":"Feature","geometry":{"type":"Point","coordinates":[142.4506,-9.0168]},"properties":{"d":"2026-10-06","t":"0345","frp":6.7,"b":343.1,"c":1,"s":"N20","n":0}},{"type":"Feature","geometry":{"type":"Point","coordinates":[147.2891,-9.0163]},"properties":{"d":"2026-10-06","t":"0345","frp":3.5,"b":340.1,"c":1,"s":"N20","n":0}},{"type":"Feature","geometry":{"type":"Point","coordinates":[142.4544,-9.0162]},"properties":{"d":"2026-10-06","t":"0345","frp":6.3,"b":331.9,"c":1,"s":"N20","n":0}},{"type":"Feature","geometry":{"type":"Point","coordinates":[141.3354,-9.0158]},"properties":{"d":"2026-10-06","t":"0345","frp":5.7,"b":330.0,"c":1,"s":"N20","n":0}},{"type":"Feature","geometry":{"type":"Point","coordinates":[141.9605,-9.0155]},"properties":{"d":"2026-10-06","t":"0345","frp":23.2,"b":345.0,"c":1,"s":"N20","n":0}},{"type":"Feature","geometry":{"type":"Point","coordinates":[141.9647,-9.0149]},"properties":{"d":"2026-10-06","t":"0345","frp":23.2,"b":352.4,"c":1,"s":"N20","n":0}},{"type":"Feature","geometry":{"type":"Point","coordinates":[141.9689,-9.0143]},"properties":{"d":"2026-10-06","t":"0345","frp":7.8,"b":340.1,"c":1,"s":"N20","n":0}},{"type":"Feature","geometry":{"type":"Point","coordinates":[141.3493,-9.0139]},"properties":{"d":"2026-10-06","t":"0345","frp":15.6,"b":367.0,"c":2,"s":"N20","n":0}},{"type":"Feature","geometry":{"type":"Point","coordinates":[142.4497,-9.0131]},"properties":{"d":"2026-10-06","t":"0345","frp":5.6,"b":342.6,"c":1,"s":"N20","n":0}},{"type":"Feature","geometry":{"type":"Point","coordinates":[142.4537,-9.0126]},"properties":{"d":"2026-10-06","t":"0345","frp":4.6,"b":341.2,"c":1,"s":"N20","n":0}},{"type":"Feature","geometry":{"type":"Point","coordinates":[142.45,-9.0126]},"properties":{"d":"2026-10-06","t":"0345","frp":6.7,"b":343.0,"c":1,"s":"N20","n":0}},{"type":"Feature","geometry":{"type":"Point","coordinates":[141.2924,-9.0124]},"properties":{"d":"2026-10-06","t":"0345","frp":2.9,"b":331.4,"c":1,"s":"N20","n":0}},{"type":"Feature","geometry":{"type":"Point","coordinates":[141.9599,-9.0111]},"properties":{"d":"2026-10-06","t":"0345","frp":23.2,"b":345.1,"c":1,"s":"N20","n":0}},{"type":"Feature","geometry":{"type":"Point","coordinates":[141.9641,-9.0106]},"properties":{"d":"2026-10-06","t":"0345","frp":23.2,"b":346.0,"c":1,"s":"N20","n":0}},{"type":"Feature","geometry":{"type":"Point","coordinates":[142.5675,-9.01]},"properties":{"d":"2026-10-06","t":"0345","frp":4.0,"b":343.3,"c":1,"s":"N20","n":0}},{"type":"Feature","geometry":{"type":"Point","coordinates":[141.344,-9.01]},"properties":{"d":"2026-10-06","t":"0345","frp":31.2,"b":355.7,"c":1,"s":"N20","n":0}},{"type":"Feature","geometry":{"type":"Point","coordinates":[142.5714,-9.0095]},"properties":{"d":"2026-10-06","t":"0345","frp":4.9,"b":335.7,"c":1,"s":"N20","n":0}},{"type":"Feature","geometry":{"type":"Point","coordinates":[142.5317,-9.0063]},"properties":{"d":"2026-10-06","t":"0345","frp":6.7,"b":347.8,"c":1,"s":"N20","n":0}},{"type":"Feature","geometry":{"type":"Point","coordinates":[143.2949,-9.0062]},"properties":{"d":"2026-10-06","t":"0345","frp":8.4,"b":333.1,"c":1,"s":"N20","n":0}},{"type":"Feature","geometry":{"type":"Point","coordinates":[142.5669,-9.0058]},"properties":{"d":"2026-10-06","t":"0345","frp":6.7,"b":340.7,"c":1,"s":"N20","n":0}},{"type":"Feature","geometry":{"type":"Point","coordinates":[140.9213,-9.0056]},"properties":{"d":"2026-10-06","t":"0345","frp":5.4,"b":337.4,"c":1,"s":"N20","n":0}},{"type":"Feature","geometry":{"type":"Point","coordinates":[142.4764,-9.0053]},"properties":{"d":"2026-10-06","t":"0345","frp":6.4,"b":348.0,"c":1,"s":"N20","n":0}},{"type":"Feature","geometry":{"type":"Point","coordinates":[142.5318,-9.0052]},"properties":{"d":"2026-10-06","t":"0345","frp":4.5,"b":336.4,"c":1,"s":"N20","n":0}},{"type":"Feature","geometry":{"type":"Point","coordinates":[141.7083,-9.0052]},"properties":{"d":"2026-10-06","t":"0345","frp":7.8,"b":340.6,"c":1,"s":"N20","n":0}},{"type":"Feature","geometry":{"type":"Point","coordinates":[141.7064,-9.005]},"properties":{"d":"2026-10-06","t":"0345","frp":11.9,"b":342.5,"c":1,"s":"N20","n":0}},{"type":"Feature","geometry":{"type":"Point","coordinates":[142.5746,-9.0048]},"properties":{"d":"2026-10-06","t":"0345","frp":4.4,"b":339.8,"c":1,"s":"N20","n":0}},{"type":"Feature","geometry":{"type":"Point","coordinates":[142.4803,-9.0048]},"properties":{"d":"2026-10-06","t":"0345","frp":6.4,"b":348.9,"c":1,"s":"N20","n":0}},{"type":"Feature","geometry":{"type":"Point","coordinates":[140.9086,-9.0047]},"properties":{"d":"2026-10-06","t":"0345","frp":6.0,"b":334.8,"c":1,"s":"N20","n":0}},{"type":"Feature","geometry":{"type":"Point","coordinates":[142.4766,-9.0045]},"properties":{"d":"2026-10-06","t":"0345","frp":9.1,"b":340.4,"c":1,"s":"N20","n":0}},{"type":"Feature","geometry":{"type":"Point","coordinates":[140.9135,-9.004]},"properties":{"d":"2026-10-06","t":"0345","frp":6.0,"b":341.2,"c":1,"s":"N20","n":0}},{"type":"Feature","geometry":{"type":"Point","coordinates":[142.4804,-9.004]},"properties":{"d":"2026-10-06","t":"0345","frp":9.1,"b":341.5,"c":1,"s":"N20","n":0}},{"type":"Feature","geometry":{"type":"Point","coordinates":[140.9184,-9.0033]},"properties":{"d":"2026-10-06","t":"0345","frp":11.4,"b":348.4,"c":1,"s":"N20","n":0}},{"type":"Feature","geometry":{"type":"Point","coordinates":[140.9234,-9.0027]},"properties":{"d":"2026-10-06","t":"0345","frp":11.4,"b":340.1,"c":1,"s":"N20","n":0}},{"type":"Feature","geometry":{"type":"Point","coordinates":[141.9587,-9.0024]},"properties":{"d":"2026-10-06","t":"0345","frp":5.1,"b":334.4,"c":1,"s":"N20","n":0}},{"type":"Feature","geometry":{"type":"Point","coordinates":[140.9108,-9.0023]},"properties":{"d":"2026-10-06","t":"0345","frp":8.7,"b":345.9,"c":1,"s":"N20","n":0}},{"type":"Feature","geometry":{"type":"Point","coordinates":[142.535,-9.0016]},"properties":{"d":"2026-10-06","t":"0345","frp":9.3,"b":336.7,"c":1,"s":"N20","n":0}},{"type":"Feature","geometry":{"type":"Point","coordinates":[140.9157,-9.0016]},"properties":{"d":"2026-10-06","t":"0345","frp":9.0,"b":339.4,"c":1,"s":"N20","n":0}},{"type":"Feature","geometry":{"type":"Point","coordinates":[142.5312,-9.001]},"properties":{"d":"2026-10-06","t":"0345","frp":4.5,"b":332.5,"c":0,"s":"N20","n":0}},{"type":"Feature","geometry":{"type":"Point","coordinates":[140.9206,-9.001]},"properties":{"d":"2026-10-06","t":"0345","frp":9.0,"b":350.6,"c":1,"s":"N20","n":0}},{"type":"Feature","geometry":{"type":"Point","coordinates":[142.5351,-9.0005]},"properties":{"d":"2026-10-06","t":"0345","frp":4.5,"b":346.8,"c":1,"s":"N20","n":0}}]}