{"type":"FeatureCollection","features":[{"type":"Feature","geometry":{"type":"Point","coordinates":[150.8824,-34.4616]},"properties":{"d":"2026-09-30","t":"0253","frp":6.5,"b":328.0,"c":1,"s":"N21","n":0}},{"type":"Feature","geometry":{"type":"Point","coordinates":[150.8791,-34.4607]},"properties":{"d":"2026-09-30","t":"0253","frp":8.0,"b":326.0,"c":0,"s":"N21","n":0}},{"type":"Feature","geometry":{"type":"Point","coordinates":[147.4562,-32.2824]},"properties":{"d":"2026-09-30","t":"0253","frp":5.4,"b":329.8,"c":1,"s":"N21","n":0}},{"type":"Feature","geometry":{"type":"Point","coordinates":[152.0773,-31.6916]},"properties":{"d":"2026-09-30","t":"0253","frp":6.1,"b":348.2,"c":1,"s":"N21","n":0}},{"type":"Feature","geometry":{"type":"Point","coordinates":[152.0774,-31.6909]},"properties":{"d":"2026-09-30","t":"0253","frp":7.0,"b":348.4,"c":1,"s":"N21","n":0}},{"type":"Feature","geometry":{"type":"Point","coordinates":[146.9897,-31.6167]},"properties":{"d":"2026-09-30","t":"0253","frp":17.9,"b":348.3,"c":1,"s":"N21","n":0}},{"type":"Feature","geometry":{"type":"Point","coordinates":[152.6222,-29.7204]},"properties":{"d":"2026-09-30","t":"0253","frp":4.6,"b":332.8,"c":1,"s":"N21","n":0}},{"type":"Feature","geometry":{"type":"Point","coordinates":[148.1396,-29.6784]},"properties":{"d":"2026-09-30","t":"0253","frp":5.6,"b":335.1,"c":1,"s":"N21","n":0}},{"type":"Feature","geometry":{"type":"Point","coordinates":[148.1407,-29.6762]},"properties":{"d":"2026-09-30","t":"0253","frp":4.3,"b":332.1,"c":1,"s":"N21","n":0}},{"type":"Feature","geometry":{"type":"Point","coordinates":[149.5139,-29.3274]},"properties":{"d":"2026-09-30","t":"0253","frp":5.9,"b":342.4,"c":1,"s":"N21","n":0}},{"type":"Feature","geometry":{"type":"Point","coordinates":[149.5132,-29.3247]},"properties":{"d":"2026-09-30","t":"0253","frp":11.9,"b":352.7,"c":1,"s":"N21","n":0}},{"type":"Feature","geometry":{"type":"Point","coordinates":[149.5136,-29.3211]},"properties":{"d":"2026-09-30","t":"0253","frp":5.9,"b":334.2,"c":1,"s":"N21","n":0}},{"type":"Feature","geometry":{"type":"Point","coordinates":[149.1759,-28.314]},"properties":{"d":"2026-09-30","t":"0256","frp":6.1,"b":341.1,"c":1,"s":"N21","n":0}},{"type":"Feature","geometry":{"type":"Point","coordinates":[149.1791,-28.3101]},"properties":{"d":"2026-09-30","t":"0256","frp":7.8,"b":338.6,"c":1,"s":"N21","n":0}},{"type":"Feature","geometry":{"type":"Point","coordinates":[150.6684,-28.1225]},"properties":{"d":"2026-09-30","t":"0256","frp":4.7,"b":344.5,"c":1,"s":"N21","n":0}},{"type":"Feature","geometry":{"type":"Point","coordinates":[150.6679,-28.1167]},"properties":{"d":"2026-09-30","t":"0256","frp":17.6,"b":367.0,"c":2,"s":"N21","n":0}},{"type":"Feature","geometry":{"type":"Point","coordinates":[150.8661,-28.0782]},"properties":{"d":"2026-09-30","t":"0256","frp":8.9,"b":342.2,"c":1,"s":"N21","n":0}},{"type":"Feature","geometry":{"type":"Point","coordinates":[150.0281,-27.9171]},"properties":{"d":"2026-09-30","t":"0256","frp":10.1,"b":342.8,"c":1,"s":"N21","n":0}},{"type":"Feature","geometry":{"type":"Point","coordinates":[150.0331,-27.9167]},"properties":{"d":"2026-09-30","t":"0256","frp":10.1,"b":367.0,"c":2,"s":"N21","n":0}},{"type":"Feature","geometry":{"type":"Point","coordinates":[150.0271,-27.9133]},"properties":{"d":"2026-09-30","t":"0256","frp":20.8,"b":339.8,"c":1,"s":"N21","n":0}},{"type":"Feature","geometry":{"type":"Point","coordinates":[150.0321,-27.913]},"properties":{"d":"2026-09-30","t":"0256","frp":20.8,"b":367.0,"c":2,"s":"N21","n":0}},{"type":"Feature","geometry":{"type":"Point","coordinates":[150.0371,-27.9127]},"properties":{"d":"2026-09-30","t":"0256","frp":18.1,"b":338.9,"c":1,"s":"N21","n":0}},{"type":"Feature","geometry":{"type":"Point","coordinates":[150.0277,-27.911]},"properties":{"d":"2026-09-30","t":"0256","frp":10.1,"b":335.4,"c":1,"s":"N21","n":0}},{"type":"Feature","geometry":{"type":"Point","coordinates":[150.0326,-27.9107]},"properties":{"d":"2026-09-30","t":"0256","frp":10.1,"b":367.0,"c":2,"s":"N21","n":0}},{"type":"Feature","geometry":{"type":"Point","coordinates":[148.7343,-27.8584]},"properties":{"d":"2026-09-30","t":"0256","frp":17.7,"b":330.8,"c":1,"s":"N21","n":0}},{"type":"Feature","geometry":{"type":"Point","coordinates":[148.7404,-27.8581]},"properties":{"d":"2026-09-30","t":"0256","frp":17.7,"b":367.0,"c":2,"s":"N21","n":0}},{"type":"Feature","geometry":{"type":"Point","coordinates":[148.7726,-27.7978]},"properties":{"d":"2026-09-30","t":"0256","frp":3.9,"b":341.9,"c":1,"s":"N21","n":0}},{"type":"Feature","geometry":{"type":"Point","coordinates":[148.7846,-27.7971]},"properties":{"d":"2026-09-30","t":"0256","frp":16.5,"b":352.9,"c":1,"s":"N21","n":0}},{"type":"Feature","geometry":{"type":"Point","coordinates":[148.7718,-27.7968]},"properties":{"d":"2026-09-30","t":"0256","frp":9.0,"b":335.5,"c":1,"s":"N21","n":0}},{"type":"Feature","geometry":{"type":"Point","coordinates":[148.7837,-27.7961]},"properties":{"d":"2026-09-30","t":"0256","frp":10.7,"b":367.0,"c":2,"s":"N21","n":0}},{"type":"Feature","geometry":{"type":"Point","coordinates":[148.7897,-27.7957]},"properties":{"d":"2026-09-30","t":"0256","frp":10.7,"b":341.7,"c":1,"s":"N21","n":0}},{"type":"Feature","geometry":{"type":"Point","coordinates":[148.7842,-27.7906]},"properties":{"d":"2026-09-30","t":"0256","frp":6.2,"b":338.2,"c":1,"s":"N21","n":0}},{"type":"Feature","geometry":{"type":"Point","coordinates":[152.0955,-27.439]},"properties":{"d":"2026-09-30","t":"0256","frp":5.0,"b":350.6,"c":1,"s":"N21","n":0}},{"type":"Feature","geometry":{"type":"Point","coordinates":[152.9006,-27.1545]},"properties":{"d":"2026-09-30","t":"0256","frp":4.9,"b":327.7,"c":1,"s":"N21","n":0}},{"type":"Feature","geometry":{"type":"Point","coordinates":[150.1302,-26.371]},"properties":{"d":"2026-09-30","t":"0256","frp":6.2,"b":338.6,"c":1,"s":"N21","n":0}},{"type":"Feature","geometry":{"type":"Point","coordinates":[150.1436,-26.3641]},"properties":{"d":"2026-09-30","t":"0256","frp":12.5,"b":332.1,"c":1,"s":"N21","n":0}},{"type":"Feature","geometry":{"type":"Point","coordinates":[150.1476,-26.3579]},"properties":{"d":"2026-09-30","t":"0256","frp":6.7,"b":335.0,"c":1,"s":"N21","n":0}},{"type":"Feature","geometry":{"type":"Point","coordinates":[150.5144,-26.1199]},"properties":{"d":"2026-09-30","t":"0256","frp":3.5,"b":331.0,"c":1,"s":"N21","n":0}},{"type":"Feature","geometry":{"type":"Point","coordinates":[152.5427,-25.5065]},"properties":{"d":"2026-09-30","t":"0256","frp":9.1,"b":367.0,"c":2,"s":"N21","n":0}},{"type":"Feature","geometry":{"type":"Point","coordinates":[152.5404,-25.5024]},"properties":{"d":"2026-09-30","t":"0256","frp":12.5,"b":367.0,"c":2,"s":"N21","n":0}},{"type":"Feature","geometry":{"type":"Point","coordinates":[152.2617,-25.1842]},"properties":{"d":"2026-09-30","t":"0256","frp":8.3,"b":367.0,"c":2,"s":"N21","n":0}},{"type":"Feature","geometry":{"type":"Point","coordinates":[151.5104,-24.4261]},"properties":{"d":"2026-09-30","t":"0256","frp":26.6,"b":367.0,"c":2,"s":"N21","n":0}},{"type":"Feature","geometry":{"type":"Point","coordinates":[151.5139,-24.4258]},"properties":{"d":"2026-09-30","t":"0256","frp":25.6,"b":367.0,"c":2,"s":"N21","n":0}},{"type":"Feature","geometry":{"type":"Point","coordinates":[151.5101,-24.4251]},"properties":{"d":"2026-09-30","t":"0256","frp":25.9,"b":350.5,"c":1,"s":"N21","n":0}},{"type":"Feature","geometry":{"type":"Point","coordinates":[151.5137,-24.4248]},"properties":{"d":"2026-09-30","t":"0256","frp":27.5,"b":367.0,"c":2,"s":"N21","n":0}},{"type":"Feature","geometry":{"type":"Point","coordinates":[151.2777,-23.8903]},"properties":{"d":"2026-09-30","t":"0256","frp":6.1,"b":350.0,"c":1,"s":"N21","n":0}},{"type":"Feature","geometry":{"type":"Point","coordinates":[150.3193,-22.6612]},"properties":{"d":"2026-09-30","t":"0256","frp":8.5,"b":346.9,"c":1,"s":"N21","n":0}},{"type":"Feature","geometry":{"type":"Point","coordinates":[146.5216,-19.3659]},"properties":{"d":"2026-09-30","t":"0258","frp":6.9,"b":349.0,"c":1,"s":"N21","n":0}},{"type":"Feature","geometry":{"type":"Point","coordinates":[147.0342,-19.2748]},"properties":{"d":"2026-09-30","t":"0258","frp":8.8,"b":333.1,"c":1,"s":"N21","n":0}},{"type":"Feature","geometry":{"type":"Point","coordinates":[147.0133,-19.2633]},"properties":{"d":"2026-09-30","t":"0258","frp":12.3,"b":353.0,"c":1,"s":"N21","n":0}},{"type":"Feature","geometry":{"type":"Point","coordinates":[150.9052,-10.6497]},"properties":{"d":"2026-09-30","t":"0300","frp":2.6,"b":328.6,"c":1,"s":"N21","n":0}},{"type":"Feature","geometry":{"type":"Point","coordinates":[148.3919,-10.1891]},"properties":{"d":"2026-09-30","t":"0300","frp":4.5,"b":341.1,"c":1,"s":"N21","n":0}},{"type":"Feature","geometry":{"type":"Point","coordinates":[147.9545,-10.0183]},"properties":{"d":"2026-09-30","t":"0300","frp":2.7,"b":329.0,"c":1,"s":"N21","n":0}},{"type":"Feature","geometry":{"type":"Point","coordinates":[148.037,-9.9975]},"properties":{"d":"2026-09-30","t":"0300","frp":9.8,"b":344.3,"c":1,"s":"N21","n":0}},{"type":"Feature","geometry":{"type":"Point","coordinates":[148.0364,-9.9919]},"properties":{"d":"2026-09-30","t":"0300","frp":3.2,"b":333.4,"c":1,"s":"N21","n":0}},{"type":"Feature","geometry":{"type":"Point","coordinates":[150.9415,-9.9856]},"properties":{"d":"2026-09-30","t":"0300","frp":5.2,"b":327.7,"c":1,"s":"N21","n":0}},{"type":"Feature","geometry":{"type":"Point","coordinates":[148.156,-9.9317]},"properties":{"d":"2026-09-30","t":"0300","frp":3.8,"b":328.0,"c":1,"s":"N21","n":0}},{"type":"Feature","geometry":{"type":"Point","coordinates":[147.5194,-9.7751]},"properties":{"d":"2026-09-30","t":"0300","frp":3.8,"b":335.9,"c":1,"s":"N21","n":0}},{"type":"Feature","geometry":{"type":"Point","coordinates":[149.5398,-9.7029]},"properties":{"d":"2026-09-30","t":"0300","frp":8.8,"b":332.9,"c":1,"s":"N21","n":0}},{"type":"Feature","geometry":{"type":"Point","coordinates":[149.5428,-9.7025]},"properties":{"d":"2026-09-30","t":"0300","frp":8.8,"b":367.0,"c":2,"s":"N21","n":0}},{"type":"Feature","geometry":{"type":"Point","coordinates":[149.5457,-9.7021]},"properties":{"d":"2026-09-30","t":"0300","frp":8.3,"b":337.5,"c":1,"s":"N21","n":0}},{"type":"Feature","geometry":{"type":"Point","coordinates":[150.4494,-9.6204]},"properties":{"d":"2026-09-30","t":"0300","frp":4.7,"b":330.0,"c":1,"s":"N21","n":0}},{"type":"Feature","geometry":{"type":"Point","coordinates":[148.7867,-9.6109]},"properties":{"d":"2026-09-30","t":"0300","frp":3.9,"b":355.7,"c":0,"s":"N21","n":0}},{"type":"Feature","geometry":{"type":"Point","coordinates":[148.786,-9.6056]},"properties":{"d":"2026-09-30","t":"0300","frp":4.8,"b":341.2,"c":1,"s":"N21","n":0}},{"type":"Feature","geometry":{"type":"Point","coordinates":[148.7868,-9.6052]},"properties":{"d":"2026-09-30","t":"0300","frp":9.4,"b":350.6,"c":1,"s":"N21","n":0}},{"type":"Feature","geometry":{"type":"Point","coordinates":[149.2536,-9.5565]},"properties":{"d":"2026-09-30","t":"0300","frp":1.6,"b":331.1,"c":1,"s":"N21","n":0}},{"type":"Feature","geometry":{"type":"Point","coordinates":[148.5206,-9.543]},"properties":{"d":"2026-09-30","t":"0300","frp":9.2,"b":367.0,"c":2,"s":"N21","n":0}},{"type":"Feature","geometry":{"type":"Point","coordinates":[148.9521,-9.4759]},"properties":{"d":"2026-09-30","t":"0300","frp":3.0,"b":331.4,"c":1,"s":"N21","n":0}},{"type":"Feature","geometry":{"type":"Point","coordinates":[148.7661,-9.4155]},"properties":{"d":"2026-09-30","t":"0300","frp":5.7,"b":330.4,"c":1,"s":"N21","n":0}},{"type":"Feature","geometry":{"type":"Point","coordinates":[148.7751,-9.4091]},"properties":{"d":"2026-09-30","t":"0300","frp":5.8,"b":331.6,"c":1,"s":"N21","n":0}},{"type":"Feature","geometry":{"type":"Point","coordinates":[148.7595,-9.3946]},"properties":{"d":"2026-09-30","t":"0300","frp":3.1,"b":330.9,"c":1,"s":"N21","n":0}},{"type":"Feature","geometry":{"type":"Point","coordinates":[148.7796,-9.3925]},"properties":{"d":"2026-09-30","t":"0300","frp":3.7,"b":329.2,"c":1,"s":"N21","n":0}},{"type":"Feature","geometry":{"type":"Point","coordinates":[148.7789,-9.392]},"properties":{"d":"2026-09-30","t":"0300","frp":3.8,"b":334.0,"c":1,"s":"N21","n":0}},{"type":"Feature","geometry":{"type":"Point","coordinates":[148.7742,-9.3553]},"properties":{"d":"2026-09-30","t":"0300","frp":8.8,"b":334.7,"c":1,"s":"N21","n":0}},{"type":"Feature","geometry":{"type":"Point","coordinates":[149.018,-9.3464]},"properties":{"d":"2026-09-30","t":"0300","frp":3.6,"b":339.6,"c":1,"s":"N21","n":0}},{"type":"Feature","geometry":{"type":"Point","coordinates":[149.0167,-9.3441]},"properties":{"d":"2026-09-30","t":"0300","frp":2.7,"b":330.6,"c":1,"s":"N21","n":0}},{"type":"Feature","geometry":{"type":"Point","coordinates":[148.9942,-9.3419]},"properties":{"d":"2026-09-30","t":"0300","frp":3.5,"b":334.6,"c":1,"s":"N21","n":0}},{"type":"Feature","geometry":{"type":"Point","coordinates":[148.9333,-9.3395]},"properties":{"d":"2026-09-30","t":"0300","frp":6.6,"b":342.2,"c":1,"s":"N21","n":0}},{"type":"Feature","geometry":{"type":"Point","coordinates":[148.9364,-9.3391]},"properties":{"d":"2026-09-30","t":"0300","frp":12.4,"b":367.0,"c":2,"s":"N21","n":0}},{"type":"Feature","geometry":{"type":"Point","coordinates":[148.9451,-9.3327]},"properties":{"d":"2026-09-30","t":"0300","frp":8.1,"b":350.5,"c":1,"s":"N21","n":0}},{"type":"Feature","geometry":{"type":"Point","coordinates":[148.794,-9.3314]},"properties":{"d":"2026-09-30","t":"0300","frp":6.1,"b":352.5,"c":1,"s":"N21","n":0}},{"type":"Feature","geometry":{"type":"Point","coordinates":[148.9444,-9.3275]},"properties":{"d":"2026-09-30","t":"0300","frp":4.2,"b":339.7,"c":1,"s":"N21","n":0}},{"type":"Feature","geometry":{"type":"Point","coordinates":[148.9407,-9.3227]},"properties":{"d":"2026-09-30","t":"0300","frp":4.2,"b":328.6,"c":0,"s":"N21","n":0}},{"type":"Feature","geometry":{"type":"Point","coordinates":[148.9349,-9.3024]},"properties":{"d":"2026-09-30","t":"0300","frp":3.5,"b":331.2,"c":1,"s":"N21","n":0}},{"type":"Feature","geometry":{"type":"Point","coordinates":[149.1846,-9.3008]},"properties":{"d":"2026-09-30","t":"0300","frp":2.8,"b":328.2,"c":1,"s":"N21","n":0}},{"type":"Feature","geometry":{"type":"Point","coordinates":[150.3176,-9.2941]},"properties":{"d":"2026-09-30","t":"0300","frp":8.7,"b":328.6,"c":0,"s":"N21","n":0}},{"type":"Feature","geometry":{"type":"Point","coordinates":[148.9748,-9.2814]},"properties":{"d":"2026-09-30","t":"0300","frp":2.5,"b":327.3,"c":1,"s":"N21","n":0}},{"type":"Feature","geometry":{"type":"Point","coordinates":[148.9846,-9.2802]},"properties":{"d":"2026-09-30","t":"0300","frp":3.3,"b":328.8,"c":1,"s":"N21","n":0}},{"type":"Feature","geometry":{"type":"Point","coordinates":[148.9744,-9.2762]},"properties":{"d":"2026-09-30","t":"0300","frp":2.5,"b":330.4,"c":1,"s":"N21","n":0}},{"type":"Feature","geometry":{"type":"Point","coordinates":[148.9938,-9.2737]},"properties":{"d":"2026-09-30","t":"0300","frp":6.1,"b":329.3,"c":1,"s":"N21","n":0}},{"type":"Feature","geometry":{"type":"Point","coordinates":[152.9681,-9.1832]},"properties":{"d":"2026-09-30","t":"0300","frp":7.3,"b":332.8,"c":1,"s":"N21","n":0}},{"type":"Feature","geometry":{"type":"Point","coordinates":[148.6136,-9.1624]},"properties":{"d":"2026-09-30","t":"0300","frp":6.2,"b":349.2,"c":1,"s":"N21","n":0}},{"type":"Feature","geometry":{"type":"Point","coordinates":[148.5898,-9.1064]},"properties":{"d":"2026-09-30","t":"0300","frp":8.0,"b":343.8,"c":1,"s":"N21","n":0}},{"type":"Feature","geometry":{"type":"Point","coordinates":[148.5931,-9.1059]},"properties":{"d":"2026-09-30","t":"0300","frp":8.0,"b":352.7,"c":1,"s":"N21","n":0}},{"type":"Feature","geometry":{"type":"Point","coordinates":[148.9718,-9.1043]},"properties":{"d":"2026-09-30","t":"0300","frp":2.2,"b":333.6,"c":1,"s":"N21","n":0}},{"type":"Feature","geometry":{"type":"Point","coordinates":[148.5827,-9.0757]},"properties":{"d":"2026-09-30","t":"0300","frp":6.0,"b":348.9,"c":1,"s":"N21","n":0}},{"type":"Feature","geometry":{"type":"Point","coordinates":[147.0866,-9.0718]},"properties":{"d":"2026-09-30","t":"0300","frp":6.0,"b":337.4,"c":1,"s":"N21","n":0}},{"type":"Feature","geometry":{"type":"Point","coordinates":[147.0867,-9.0715]},"properties":{"d":"2026-09-30","t":"0300","frp":6.3,"b":338.7,"c":1,"s":"N21","n":0}},{"type":"Feature","geometry":{"type":"Point","coordinates":[152.6866,-9.0348]},"properties":{"d":"2026-09-30","t":"0300","frp":5.2,"b":338.6,"c":1,"s":"N21","n":0}},{"type":"Feature","geometry":{"type":"Point","coordinates":[141.3934,-37.6145]},"properties":{"d":"2026-09-30","t":"0434","frp":6.5,"b":345.0,"c":1,"s":"N21","n":0}},{"type":"Feature","geometry":{"type":"Point","coordinates":[141.3979,-37.6137]},"properties":{"d":"2026-09-30","t":"0434","frp":3.3,"b":329.3,"c":1,"s":"N21","n":0}},{"type":"Feature","geometry":{"type":"Point","coordinates":[140.8445,-36.2314]},"properties":{"d":"2026-09-30","t":"0434","frp":3.9,"b":330.6,"c":1,"s":"N21","n":0}},{"type":"Feature","geometry":{"type":"Point","coordinates":[145.9541,-34.7851]},"properties":{"d":"2026-09-30","t":"0434","frp":53.9,"b":336.9,"c":1,"s":"N21","n":0}},{"type":"Feature","geometry":{"type":"Point","coordinates":[145.9588,-34.7841]},"properties":{"d":"2026-09-30","t":"0434","frp":106.3,"b":341.5,"c":1,"s":"N21","n":0}},{"type":"Feature","geometry":{"type":"Point","coordinates":[145.948,-34.7819]},"properties":{"d":"2026-09-30","t":"0434","frp":53.9,"b":329.6,"c":1,"s":"N21","n":0}},{"type":"Feature","geometry":{"type":"Point","coordinates":[145.9622,-34.7788]},"properties":{"d":"2026-09-30","t":"0434","frp":106.3,"b":346.1,"c":1,"s":"N21","n":0}},{"type":"Feature","geometry":{"type":"Point","coordinates":[145.9514,-34.7767]},"properties":{"d":"2026-09-30","t":"0434","frp":7.1,"b":337.6,"c":1,"s":"N21","n":0}},{"type":"Feature","geometry":{"type":"Point","coordinates":[145.9561,-34.7757]},"properties":{"d":"2026-09-30","t":"0434","frp":10.1,"b":345.1,"c":1,"s":"N21","n":0}},{"type":"Feature","geometry":{"type":"Point","coordinates":[150.8803,-34.4606]},"properties":{"d":"2026-09-30","t":"0434","frp":6.9,"b":329.4,"c":1,"s":"N21","n":0}},{"type":"Feature","geometry":{"type":"Point","coordinates":[150.8783,-34.4552]},"properties":{"d":"2026-09-30","t":"0434","frp":4.8,"b":333.6,"c":1,"s":"N21","n":0}},{"type":"Feature","geometry":{"type":"Point","coordinates":[149.7219,-34.4418]},"properties":{"d":"2026-09-30","t":"0434","frp":4.4,"b":327.4,"c":1,"s":"N21","n":0}},{"type":"Feature","geometry":{"type":"Point","coordinates":[148.8242,-34.3673]},"properties":{"d":"2026-09-30","t":"0434","frp":4.1,"b":339.8,"c":1,"s":"N21","n":0}},{"type":"Feature","geometry":{"type":"Point","coordinates":[150.9716,-33.6181]},"properties":{"d":"2026-09-30","t":"0434","frp":6.6,"b":325.5,"c":1,"s":"N21","n":0}},{"type":"Feature","geometry":{"type":"Point","coordinates":[149.402,-32.7841]},"properties":{"d":"2026-09-30","t":"0434","frp":2.2,"b":328.3,"c":1,"s":"N21","n":0}},{"type":"Feature","geometry":{"type":"Point","coordinates":[147.5242,-32.76]},"properties":{"d":"2026-09-30","t":"0434","frp":4.8,"b":331.4,"c":1,"s":"N21","n":0}},{"type":"Feature","geometry":{"type":"Point","coordinates":[146.5755,-32.7269]},"properties":{"d":"2026-09-30","t":"0434","frp":10.2,"b":340.9,"c":1,"s":"N21","n":0}},{"type":"Feature","geometry":{"type":"Point","coordinates":[146.5811,-32.7256]},"properties":{"d":"2026-09-30","t":"0434","frp":10.2,"b":332.0,"c":0,"s":"N21","n":0}},{"type":"Feature","geometry":{"type":"Point","coordinates":[146.5741,-32.7223]},"properties":{"d":"2026-09-30","t":"0434","frp":15.0,"b":341.8,"c":1,"s":"N21","n":0}},{"type":"Feature","geometry":{"type":"Point","coordinates":[146.0343,-32.5494]},"properties":{"d":"2026-09-30","t":"0434","frp":8.1,"b":340.8,"c":1,"s":"N21","n":0}},{"type":"Feature","geometry":{"type":"Point","coordinates":[146.6229,-32.3696]},"properties":{"d":"2026-09-30","t":"0434","frp":11.4,"b":344.8,"c":1,"s":"N21","n":0}},{"type":"Feature","geometry":{"type":"Point","coordinates":[146.6341,-32.3671]},"properties":{"d":"2026-09-30","t":"0434","frp":12.5,"b":339.5,"c":1,"s":"N21","n":0}},{"type":"Feature","geometry":{"type":"Point","coordinates":[147.4563,-32.2843]},"properties":{"d":"2026-09-30","t":"0434","frp":5.3,"b":332.0,"c":1,"s":"N21","n":0}},{"type":"Feature","geometry":{"type":"Point","coordinates":[147.4576,-32.2816]},"properties":{"d":"2026-09-30","t":"0434","frp":11.8,"b":342.8,"c":1,"s":"N21","n":0}},{"type":"Feature","geometry":{"type":"Point","coordinates":[147.4548,-32.2795]},"properties":{"d":"2026-09-30","t":"0434","frp":7.9,"b":340.6,"c":1,"s":"N21","n":0}},{"type":"Feature","geometry":{"type":"Point","coordinates":[151.4413,-32.2733]},"properties":{"d":"2026-09-30","t":"0434","frp":9.8,"b":355.8,"c":0,"s":"N21","n":0}},{"type":"Feature","geometry":{"type":"Point","coordinates":[151.4435,-32.2714]},"properties":{"d":"2026-09-30","t":"0434","frp":25.6,"b":367.0,"c":2,"s":"N21","n":0}},{"type":"Feature","geometry":{"type":"Point","coordinates":[151.437,-32.268]},"properties":{"d":"2026-09-30","t":"0434","frp":9.8,"b":341.0,"c":1,"s":"N21","n":0}},{"type":"Feature","geometry":{"type":"Point","coordinates":[146.9861,-31.6235]},"properties":{"d":"2026-09-30","t":"0434","frp":9.8,"b":340.9,"c":1,"s":"N21","n":0}},{"type":"Feature","geometry":{"type":"Point","coordinates":[146.9855,-31.6224]},"properties":{"d":"2026-09-30","t":"0434","frp":9.5,"b":340.3,"c":1,"s":"N21","n":0}},{"type":"Feature","geometry":{"type":"Point","coordinates":[146.9915,-31.621]},"properties":{"d":"2026-09-30","t":"0434","frp":9.5,"b":345.2,"c":1,"s":"N21","n":0}},{"type":"Feature","geometry":{"type":"Point","coordinates":[146.9907,-31.6174]},"properties":{"d":"2026-09-30","t":"0434","frp":25.6,"b":367.0,"c":2,"s":"N21","n":0}},{"type":"Feature","geometry":{"type":"Point","coordinates":[146.99,-31.6163]},"properties":{"d":"2026-09-30","t":"0434","frp":9.5,"b":345.6,"c":1,"s":"N21","n":0}},{"type":"Feature","geometry":{"type":"Point","coordinates":[150.9643,-31.6086]},"properties":{"d":"2026-09-30","t":"0434","frp":11.7,"b":341.4,"c":1,"s":"N21","n":0}},{"type":"Feature","geometry":{"type":"Point","coordinates":[150.9596,-31.6061]},"properties":{"d":"2026-09-30","t":"0434","frp":10.3,"b":335.5,"c":1,"s":"N21","n":0}},{"type":"Feature","geometry":{"type":"Point","coordinates":[150.9638,-31.605]},"properties":{"d":"2026-09-30","t":"0434","frp":8.2,"b":329.4,"c":1,"s":"N21","n":0}},{"type":"Feature","geometry":{"type":"Point","coordinates":[150.9507,-31.5994]},"properties":{"d":"2026-09-30","t":"0434","frp":11.3,"b":341.4,"c":1,"s":"N21","n":0}},{"type":"Feature","geometry":{"type":"Point","coordinates":[150.9552,-31.5983]},"properties":{"d":"2026-09-30","t":"0434","frp":12.2,"b":338.7,"c":1,"s":"N21","n":0}},{"type":"Feature","geometry":{"type":"Point","coordinates":[148.4156,-31.1922]},"properties":{"d":"2026-09-30","t":"0434","frp":2.6,"b":333.6,"c":1,"s":"N21","n":0}},{"type":"Feature","geometry":{"type":"Point","coordinates":[148.4193,-31.1913]},"properties":{"d":"2026-09-30","t":"0434","frp":2.6,"b":333.2,"c":1,"s":"N21","n":0}},{"type":"Feature","geometry":{"type":"Point","coordinates":[146.7648,-31.1259]},"properties":{"d":"2026-09-30","t":"0434","frp":4.0,"b":339.4,"c":1,"s":"N21","n":0}},{"type":"Feature","geometry":{"type":"Point","coordinates":[146.7559,-31.1237]},"properties":{"d":"2026-09-30","t":"0434","frp":20.9,"b":339.7,"c":1,"s":"N21","n":0}},{"type":"Feature","geometry":{"type":"Point","coordinates":[146.7574,-31.1226]},"properties":{"d":"2026-09-30","t":"0434","frp":25.1,"b":338.7,"c":1,"s":"N21","n":0}},{"type":"Feature","geometry":{"type":"Point","coordinates":[146.7619,-31.1224]},"properties":{"d":"2026-09-30","t":"0434","frp":20.9,"b":351.8,"c":1,"s":"N21","n":0}},{"type":"Feature","geometry":{"type":"Point","coordinates":[146.7633,-31.1212]},"properties":{"d":"2026-09-30","t":"0434","frp":21.7,"b":342.9,"c":1,"s":"N21","n":0}},{"type":"Feature","geometry":{"type":"Point","coordinates":[147.8294,-31.1018]},"properties":{"d":"2026-09-30","t":"0434","frp":1.8,"b":335.4,"c":1,"s":"N21","n":0}},{"type":"Feature","geometry":{"type":"Point","coordinates":[151.5933,-30.6115]},"properties":{"d":"2026-09-30","t":"0434","frp":12.6,"b":338.7,"c":1,"s":"N21","n":0}},{"type":"Feature","geometry":{"type":"Point","coordinates":[151.5987,-30.5898]},"properties":{"d":"2026-09-30","t":"0434","frp":7.0,"b":352.4,"c":1,"s":"N21","n":0}},{"type":"Feature","geometry":{"type":"Point","coordinates":[148.8336,-30.5006]},"properties":{"d":"2026-09-30","t":"0434","frp":3.5,"b":342.1,"c":1,"s":"N21","n":0}},{"type":"Feature","geometry":{"type":"Point","coordinates":[148.139,-30.369]},"properties":{"d":"2026-09-30","t":"0434","frp":1.9,"b":331.5,"c":1,"s":"N21","n":0}},{"type":"Feature","geometry":{"type":"Point","coordinates":[148.1373,-30.3638]},"properties":{"d":"2026-09-30","t":"0434","frp":6.0,"b":340.4,"c":1,"s":"N21","n":0}},{"type":"Feature","geometry":{"type":"Point","coordinates":[149.5121,-29.3269]},"properties":{"d":"2026-09-30","t":"0436","frp":14.5,"b":367.0,"c":2,"s":"N21","n":0}},{"type":"Feature","geometry":{"type":"Point","coordinates":[149.5132,-29.3259]},"properties":{"d":"2026-09-30","t":"0436","frp":25.6,"b":367.0,"c":2,"s":"N21","n":0}},{"type":"Feature","geometry":{"type":"Point","coordinates":[149.5102,-29.3212]},"properties":{"d":"2026-09-30","t":"0436","frp":14.9,"b":367.0,"c":2,"s":"N21","n":0}},{"type":"Feature","geometry":{"type":"Point","coordinates":[149.5149,-29.3201]},"properties":{"d":"2026-09-30","t":"0436","frp":13.9,"b":353.3,"c":1,"s":"N21","n":0}},{"type":"Feature","geometry":{"type":"Point","coordinates":[150.9896,-28.4782]},"properties":{"d":"2026-09-30","t":"0436","frp":11.7,"b":346.4,"c":1,"s":"N21","n":0}},{"type":"Feature","geometry":{"type":"Point","coordinates":[150.9875,-28.4719]},"properties":{"d":"2026-09-30","t":"0436","frp":9.6,"b":338.6,"c":1,"s":"N21","n":0}},{"type":"Feature","geometry":{"type":"Point","coordinates":[148.9919,-28.3169]},"properties":{"d":"2026-09-30","t":"0436","frp":5.6,"b":339.8,"c":1,"s":"N21","n":0}},{"type":"Feature","geometry":{"type":"Point","coordinates":[149.1795,-28.3134]},"properties":{"d":"2026-09-30","t":"0436","frp":6.2,"b":341.5,"c":1,"s":"N21","n":0}},{"type":"Feature","geometry":{"type":"Point","coordinates":[149.1785,-28.3125]},"properties":{"d":"2026-09-30","t":"0436","frp":6.0,"b":345.7,"c":1,"s":"N21","n":0}},{"type":"Feature","geometry":{"type":"Point","coordinates":[150.67,-28.1213]},"properties":{"d":"2026-09-30","t":"0436","frp":5.8,"b":335.2,"c":1,"s":"N21","n":0}},{"type":"Feature","geometry":{"type":"Point","coordinates":[150.6679,-28.1151]},"properties":{"d":"2026-09-30","t":"0436","frp":5.1,"b":335.8,"c":0,"s":"N21","n":0}},{"type":"Feature","geometry":{"type":"Point","coordinates":[150.0256,-27.9122]},"properties":{"d":"2026-09-30","t":"0436","frp":7.3,"b":346.0,"c":1,"s":"N21","n":0}},{"type":"Feature","geometry":{"type":"Point","coordinates":[150.0309,-27.9108]},"properties":{"d":"2026-09-30","t":"0436","frp":7.3,"b":337.6,"c":0,"s":"N21","n":0}},{"type":"Feature","geometry":{"type":"Point","coordinates":[148.739,-27.8591]},"properties":{"d":"2026-09-30","t":"0436","frp":7.1,"b":367.0,"c":2,"s":"N21","n":0}},{"type":"Feature","geometry":{"type":"Point","coordinates":[148.7372,-27.8535]},"properties":{"d":"2026-09-30","t":"0436","frp":7.1,"b":336.6,"c":1,"s":"N21","n":0}},{"type":"Feature","geometry":{"type":"Point","coordinates":[148.7742,-27.8016]},"properties":{"d":"2026-09-30","t":"0436","frp":6.6,"b":342.1,"c":1,"s":"N21","n":0}},{"type":"Feature","geometry":{"type":"Point","coordinates":[148.7768,-27.7948]},"properties":{"d":"2026-09-30","t":"0436","frp":6.6,"b":335.4,"c":1,"s":"N21","n":0}},{"type":"Feature","geometry":{"type":"Point","coordinates":[148.7813,-27.7937]},"properties":{"d":"2026-09-30","t":"0436","frp":24.0,"b":367.0,"c":2,"s":"N21","n":0}},{"type":"Feature","geometry":{"type":"Point","coordinates":[148.7858,-27.7926]},"properties":{"d":"2026-09-30","t":"0436","frp":24.0,"b":367.0,"c":2,"s":"N21","n":0}},{"type":"Feature","geometry":{"type":"Point","coordinates":[148.7903,-27.7914]},"properties":{"d":"2026-09-30","t":"0436","frp":17.0,"b":336.0,"c":1,"s":"N21","n":0}},{"type":"Feature","geometry":{"type":"Point","coordinates":[150.1251,-26.3713]},"properties":{"d":"2026-09-30","t":"0436","frp":18.5,"b":367.0,"c":2,"s":"N21","n":0}},{"type":"Feature","geometry":{"type":"Point","coordinates":[150.1311,-26.3698]},"properties":{"d":"2026-09-30","t":"0436","frp":27.6,"b":367.0,"c":2,"s":"N21","n":0}},{"type":"Feature","geometry":{"type":"Point","coordinates":[150.137,-26.3682]},"properties":{"d":"2026-09-30","t":"0436","frp":27.6,"b":354.6,"c":1,"s":"N21","n":0}},{"type":"Feature","geometry":{"type":"Point","coordinates":[150.1428,-26.3667]},"properties":{"d":"2026-09-30","t":"0436","frp":14.7,"b":341.1,"c":1,"s":"N21","n":0}},{"type":"Feature","geometry":{"type":"Point","coordinates":[150.1231,-26.365]},"properties":{"d":"2026-09-30","t":"0436","frp":18.5,"b":367.0,"c":2,"s":"N21","n":0}},{"type":"Feature","geometry":{"type":"Point","coordinates":[150.1468,-26.3589]},"properties":{"d":"2026-09-30","t":"0436","frp":14.7,"b":346.8,"c":1,"s":"N21","n":0}},{"type":"Feature","geometry":{"type":"Point","coordinates":[150.1213,-26.3587]},"properties":{"d":"2026-09-30","t":"0436","frp":37.2,"b":352.6,"c":1,"s":"N21","n":0}},{"type":"Feature","geometry":{"type":"Point","coordinates":[150.1272,-26.3572]},"properties":{"d":"2026-09-30","t":"0436","frp":17.9,"b":338.7,"c":1,"s":"N21","n":0}},{"type":"Feature","geometry":{"type":"Point","coordinates":[150.1331,-26.3557]},"properties":{"d":"2026-09-30","t":"0436","frp":17.9,"b":332.6,"c":1,"s":"N21","n":0}},{"type":"Feature","geometry":{"type":"Point","coordinates":[149.6254,-26.306]},"properties":{"d":"2026-09-30","t":"0436","frp":65.5,"b":341.7,"c":1,"s":"N21","n":0}},{"type":"Feature","geometry":{"type":"Point","coordinates":[149.6309,-26.3046]},"properties":{"d":"2026-09-30","t":"0436","frp":163.9,"b":351.6,"c":1,"s":"N21","n":0}},{"type":"Feature","geometry":{"type":"Point","coordinates":[134.6092,-23.6425]},"properties":{"d":"2026-09-30","t":"0438","frp":12.2,"b":367.0,"c":2,"s":"N21","n":0}},{"type":"Feature","geometry":{"type":"Point","coordinates":[134.613,-23.6419]},"properties":{"d":"2026-09-30","t":"0438","frp":59.2,"b":352.6,"c":0,"s":"N21","n":0}},{"type":"Feature","geometry":{"type":"Point","coordinates":[128.7757,-23.1651]},"properties":{"d":"2026-09-30","t":"0438","frp":8.4,"b":346.0,"c":1,"s":"N21","n":0}},{"type":"Feature","geometry":{"type":"Point","coordinates":[130.2741,-22.6679]},"properties":{"d":"2026-09-30","t":"0438","frp":24.8,"b":348.1,"c":1,"s":"N21","n":0}},{"type":"Feature","geometry":{"type":"Point","coordinates":[131.5215,-22.5101]},"properties":{"d":"2026-09-30","t":"0438","frp":14.0,"b":342.5,"c":1,"s":"N21","n":0}},{"type":"Feature","geometry":{"type":"Point","coordinates":[131.5228,-22.5079]},"properties":{"d":"2026-09-30","t":"0438","frp":17.1,"b":353.9,"c":1,"s":"N21","n":0}},{"type":"Feature","geometry":{"type":"Point","coordinates":[131.521,-22.5064]},"properties":{"d":"2026-09-30","t":"0438","frp":14.0,"b":354.1,"c":1,"s":"N21","n":0}},{"type":"Feature","geometry":{"type":"Point","coordinates":[131.527,-22.5036]},"properties":{"d":"2026-09-30","t":"0438","frp":17.1,"b":367.0,"c":2,"s":"N21","n":0}},{"type":"Feature","geometry":{"type":"Point","coordinates":[131.5496,-22.4931]},"properties":{"d":"2026-09-30","t":"0438","frp":11.2,"b":353.6,"c":1,"s":"N21","n":0}},{"type":"Feature","geometry":{"type":"Point","coordinates":[131.5491,-22.4894]},"properties":{"d":"2026-09-30","t":"0438","frp":30.8,"b":367.0,"c":2,"s":"N21","n":0}},{"type":"Feature","geometry":{"type":"Point","coordinates":[145.8641,-22.4783]},"properties":{"d":"2026-09-30","t":"0438","frp":10.2,"b":339.4,"c":1,"s":"N21","n":0}},{"type":"Feature","geometry":{"type":"Point","coordinates":[131.5422,-22.4752]},"properties":{"d":"2026-09-30","t":"0438","frp":24.9,"b":350.1,"c":1,"s":"N21","n":0}},{"type":"Feature","geometry":{"type":"Point","coordinates":[132.3405,-22.3839]},"properties":{"d":"2026-09-30","t":"0438","frp":32.0,"b":347.7,"c":1,"s":"N21","n":0}},{"type":"Feature","geometry":{"type":"Point","coordinates":[132.34,-22.3803]},"properties":{"d":"2026-09-30","t":"0438","frp":32.0,"b":367.0,"c":0,"s":"N21","n":0}},{"type":"Feature","geometry":{"type":"Point","coordinates":[132.0523,-22.177]},"properties":{"d":"2026-09-30","t":"0438","frp":12.5,"b":347.6,"c":0,"s":"N21","n":0}},{"type":"Feature","geometry":{"type":"Point","coordinates":[132.0429,-22.1746]},"properties":{"d":"2026-09-30","t":"0438","frp":7.3,"b":345.0,"c":0,"s":"N21","n":0}},{"type":"Feature","geometry":{"type":"Point","coordinates":[132.0373,-22.168]},"properties":{"d":"2026-09-30","t":"0438","frp":10.8,"b":349.3,"c":1,"s":"N21","n":0}},{"type":"Feature","geometry":{"type":"Point","coordinates":[132.019,-22.1667]},"properties":{"d":"2026-09-30","t":"0438","frp":4.9,"b":348.3,"c":1,"s":"N21","n":0}},{"type":"Feature","geometry":{"type":"Point","coordinates":[133.3907,-22.0565]},"properties":{"d":"2026-09-30","t":"0438","frp":12.5,"b":354.7,"c":1,"s":"N21","n":0}},{"type":"Feature","geometry":{"type":"Point","coordinates":[133.3946,-22.056]},"properties":{"d":"2026-09-30","t":"0438","frp":12.5,"b":353.0,"c":1,"s":"N21","n":0}},{"type":"Feature","geometry":{"type":"Point","coordinates":[133.3986,-22.0554]},"properties":{"d":"2026-09-30","t":"0438","frp":24.4,"b":355.3,"c":1,"s":"N21","n":0}},{"type":"Feature","geometry":{"type":"Point","coordinates":[133.3901,-22.0531]},"properties":{"d":"2026-09-30","t":"0438","frp":8.1,"b":354.6,"c":1,"s":"N21","n":0}},{"type":"Feature","geometry":{"type":"Point","coordinates":[133.3941,-22.0526]},"properties":{"d":"2026-09-30","t":"0438","frp":8.1,"b":356.2,"c":1,"s":"N21","n":0}},{"type":"Feature","geometry":{"type":"Point","coordinates":[133.398,-22.052]},"properties":{"d":"2026-09-30","t":"0438","frp":10.2,"b":367.0,"c":2,"s":"N21","n":0}},{"type":"Feature","geometry":{"type":"Point","coordinates":[133.402,-22.0515]},"properties":{"d":"2026-09-30","t":"0438","frp":10.2,"b":346.8,"c":1,"s":"N21","n":0}},{"type":"Feature","geometry":{"type":"Point","coordinates":[133.3935,-22.0492]},"properties":{"d":"2026-09-30","t":"0438","frp":8.1,"b":343.8,"c":1,"s":"N21","n":0}},{"type":"Feature","geometry":{"type":"Point","coordinates":[133.3975,-22.0486]},"properties":{"d":"2026-09-30","t":"0438","frp":10.2,"b":345.9,"c":1,"s":"N21","n":0}},{"type":"Feature","geometry":{"type":"Point","coordinates":[133.4014,-22.0481]},"properties":{"d":"2026-09-30","t":"0438","frp":10.2,"b":353.1,"c":1,"s":"N21","n":0}},{"type":"Feature","geometry":{"type":"Point","coordinates":[133.393,-22.0458]},"properties":{"d":"2026-09-30","t":"0438","frp":14.5,"b":367.0,"c":2,"s":"N21","n":0}},{"type":"Feature","geometry":{"type":"Point","coordinates":[133.3969,-22.0452]},"properties":{"d":"2026-09-30","t":"0438","frp":6.2,"b":348.0,"c":1,"s":"N21","n":0}},{"type":"Feature","geometry":{"type":"Point","coordinates":[133.4009,-22.0447]},"properties":{"d":"2026-09-30","t":"0438","frp":6.2,"b":351.1,"c":0,"s":"N21","n":0}},{"type":"Feature","geometry":{"type":"Point","coordinates":[133.4409,-22.0425]},"properties":{"d":"2026-09-30","t":"0438","frp":7.1,"b":339.0,"c":0,"s":"N21","n":0}},{"type":"Feature","geometry":{"type":"Point","coordinates":[133.4003,-22.0412]},"properties":{"d":"2026-09-30","t":"0438","frp":6.2,"b":344.4,"c":0,"s":"N21","n":0}},{"type":"Feature","geometry":{"type":"Point","coordinates":[133.4278,-22.0302]},"properties":{"d":"2026-09-30","t":"0438","frp":17.2,"b":350.4,"c":0,"s":"N21","n":0}},{"type":"Feature","geometry":{"type":"Point","coordinates":[132.3149,-21.8749]},"properties":{"d":"2026-09-30","t":"0438","frp":21.1,"b":367.0,"c":2,"s":"N21","n":0}},{"type":"Feature","geometry":{"type":"Point","coordinates":[132.3181,-21.8672]},"properties":{"d":"2026-09-30","t":"0438","frp":4.2,"b":344.7,"c":0,"s":"N21","n":0}},{"type":"Feature","geometry":{"type":"Point","coordinates":[132.3859,-21.8546]},"properties":{"d":"2026-09-30","t":"0438","frp":5.9,"b":347.6,"c":1,"s":"N21","n":0}},{"type":"Feature","geometry":{"type":"Point","coordinates":[132.3856,-21.8438]},"properties":{"d":"2026-09-30","t":"0438","frp":10.9,"b":346.5,"c":1,"s":"N21","n":0}},{"type":"Feature","geometry":{"type":"Point","coordinates":[132.3851,-21.8402]},"properties":{"d":"2026-09-30","t":"0438","frp":10.9,"b":347.4,"c":1,"s":"N21","n":0}},{"type":"Feature","geometry":{"type":"Point","coordinates":[132.3829,-21.8261]},"properties":{"d":"2026-09-30","t":"0438","frp":14.9,"b":342.4,"c":0,"s":"N21","n":0}},{"type":"Feature","geometry":{"type":"Point","coordinates":[132.3765,-21.8125]},"properties":{"d":"2026-09-30","t":"0438","frp":12.1,"b":344.6,"c":0,"s":"N21","n":0}},{"type":"Feature","geometry":{"type":"Point","coordinates":[132.3711,-21.806]},"properties":{"d":"2026-09-30","t":"0438","frp":9.0,"b":346.1,"c":0,"s":"N21","n":0}},{"type":"Feature","geometry":{"type":"Point","coordinates":[132.3663,-21.8031]},"properties":{"d":"2026-09-30","t":"0438","frp":5.7,"b":346.5,"c":0,"s":"N21","n":0}},{"type":"Feature","geometry":{"type":"Point","coordinates":[132.3657,-21.7995]},"properties":{"d":"2026-09-30","t":"0438","frp":5.7,"b":347.4,"c":1,"s":"N21","n":0}},{"type":"Feature","geometry":{"type":"Point","coordinates":[132.361,-21.7966]},"properties":{"d":"2026-09-30","t":"0438","frp":19.0,"b":345.9,"c":1,"s":"N21","n":0}},{"type":"Feature","geometry":{"type":"Point","coordinates":[132.3513,-21.7907]},"properties":{"d":"2026-09-30","t":"0438","frp":7.4,"b":349.2,"c":0,"s":"N21","n":0}},{"type":"Feature","geometry":{"type":"Point","coordinates":[132.3556,-21.7901]},"properties":{"d":"2026-09-30","t":"0438","frp":4.9,"b":345.3,"c":0,"s":"N21","n":0}},{"type":"Feature","geometry":{"type":"Point","coordinates":[132.3422,-21.7883]},"properties":{"d":"2026-09-30","t":"0438","frp":6.2,"b":344.3,"c":0,"s":"N21","n":0}},{"type":"Feature","geometry":{"type":"Point","coordinates":[132.3465,-21.7877]},"properties":{"d":"2026-09-30","t":"0438","frp":7.4,"b":352.7,"c":1,"s":"N21","n":0}},{"type":"Feature","geometry":{"type":"Point","coordinates":[132.3508,-21.7871]},"properties":{"d":"2026-09-30","t":"0438","frp":7.4,"b":347.7,"c":1,"s":"N21","n":0}},{"type":"Feature","geometry":{"type":"Point","coordinates":[127.422,-21.0414]},"properties":{"d":"2026-09-30","t":"0438","frp":5.6,"b":334.9,"c":0,"s":"N21","n":0}},{"type":"Feature","geometry":{"type":"Point","coordinates":[127.4111,-21.0379]},"properties":{"d":"2026-09-30","t":"0438","frp":12.8,"b":341.2,"c":1,"s":"N21","n":0}},{"type":"Feature","geometry":{"type":"Point","coordinates":[127.4361,-21.0256]},"properties":{"d":"2026-09-30","t":"0438","frp":85.2,"b":342.3,"c":1,"s":"N21","n":0}},{"type":"Feature","geometry":{"type":"Point","coordinates":[127.3276,-21.0042]},"properties":{"d":"2026-09-30","t":"0438","frp":13.3,"b":351.6,"c":1,"s":"N21","n":0}},{"type":"Feature","geometry":{"type":"Point","coordinates":[127.3271,-20.9994]},"properties":{"d":"2026-09-30","t":"0438","frp":19.8,"b":344.4,"c":1,"s":"N21","n":0}},{"type":"Feature","geometry":{"type":"Point","coordinates":[127.3265,-20.9947]},"properties":{"d":"2026-09-30","t":"0438","frp":19.8,"b":345.6,"c":1,"s":"N21","n":0}},{"type":"Feature","geometry":{"type":"Point","coordinates":[127.3248,-20.9806]},"properties":{"d":"2026-09-30","t":"0438","frp":9.3,"b":346.4,"c":1,"s":"N21","n":0}},{"type":"Feature","geometry":{"type":"Point","coordinates":[127.4254,-20.9793]},"properties":{"d":"2026-09-30","t":"0438","frp":20.5,"b":367.0,"c":2,"s":"N21","n":0}},{"type":"Feature","geometry":{"type":"Point","coordinates":[127.3218,-20.979]},"properties":{"d":"2026-09-30","t":"0438","frp":10.3,"b":341.9,"c":1,"s":"N21","n":0}},{"type":"Feature","geometry":{"type":"Point","coordinates":[127.4093,-20.9763]},"properties":{"d":"2026-09-30","t":"0438","frp":21.3,"b":341.2,"c":1,"s":"N21","n":0}},{"type":"Feature","geometry":{"type":"Point","coordinates":[127.3243,-20.9759]},"properties":{"d":"2026-09-30","t":"0438","frp":9.3,"b":345.6,"c":1,"s":"N21","n":0}},{"type":"Feature","geometry":{"type":"Point","coordinates":[127.4144,-20.9758]},"properties":{"d":"2026-09-30","t":"0438","frp":25.2,"b":342.3,"c":1,"s":"N21","n":0}},{"type":"Feature","geometry":{"type":"Point","coordinates":[127.3212,-20.9743]},"properties":{"d":"2026-09-30","t":"0438","frp":10.3,"b":340.5,"c":1,"s":"N21","n":0}},{"type":"Feature","geometry":{"type":"Point","coordinates":[127.3237,-20.9712]},"properties":{"d":"2026-09-30","t":"0438","frp":11.3,"b":342.1,"c":1,"s":"N21","n":0}},{"type":"Feature","geometry":{"type":"Point","coordinates":[127.3259,-20.969]},"properties":{"d":"2026-09-30","t":"0438","frp":13.9,"b":344.2,"c":1,"s":"N21","n":0}},{"type":"Feature","geometry":{"type":"Point","coordinates":[127.3279,-20.9612]},"properties":{"d":"2026-09-30","t":"0438","frp":19.6,"b":339.8,"c":1,"s":"N21","n":0}},{"type":"Feature","geometry":{"type":"Point","coordinates":[127.3302,-20.9589]},"properties":{"d":"2026-09-30","t":"0438","frp":10.0,"b":342.9,"c":1,"s":"N21","n":0}},{"type":"Feature","geometry":{"type":"Point","coordinates":[127.3269,-20.9306]},"properties":{"d":"2026-09-30","t":"0438","frp":23.4,"b":343.6,"c":1,"s":"N21","n":0}},{"type":"Feature","geometry":{"type":"Point","coordinates":[144.1308,-20.927]},"properties":{"d":"2026-09-30","t":"0438","frp":34.1,"b":367.0,"c":2,"s":"N21","n":0}},{"type":"Feature","geometry":{"type":"Point","coordinates":[127.4061,-20.9266]},"properties":{"d":"2026-09-30","t":"0438","frp":10.1,"b":346.8,"c":1,"s":"N21","n":0}},{"type":"Feature","geometry":{"type":"Point","coordinates":[144.134,-20.9263]},"properties":{"d":"2026-09-30","t":"0438","frp":17.5,"b":351.5,"c":1,"s":"N21","n":0}},{"type":"Feature","geometry":{"type":"Point","coordinates":[144.1293,-20.9256]},"properties":{"d":"2026-09-30","t":"0438","frp":17.9,"b":346.3,"c":1,"s":"N21","n":0}},{"type":"Feature","geometry":{"type":"Point","coordinates":[144.1325,-20.925]},"properties":{"d":"2026-09-30","t":"0438","frp":17.9,"b":367.0,"c":2,"s":"N21","n":0}},{"type":"Feature","geometry":{"type":"Point","coordinates":[127.4056,-20.9219]},"properties":{"d":"2026-09-30","t":"0438","frp":9.1,"b":344.0,"c":1,"s":"N21","n":0}},{"type":"Feature","geometry":{"type":"Point","coordinates":[127.3311,-20.9207]},"properties":{"d":"2026-09-30","t":"0438","frp":25.5,"b":338.4,"c":1,"s":"N21","n":0}},{"type":"Feature","geometry":{"type":"Point","coordinates":[127.405,-20.9173]},"properties":{"d":"2026-09-30","t":"0438","frp":9.1,"b":343.5,"c":1,"s":"N21","n":0}},{"type":"Feature","geometry":{"type":"Point","coordinates":[127.3304,-20.916]},"properties":{"d":"2026-09-30","t":"0438","frp":25.5,"b":353.4,"c":1,"s":"N21","n":0}},{"type":"Feature","geometry":{"type":"Point","coordinates":[127.6287,-20.9158]},"properties":{"d":"2026-09-30","t":"0438","frp":9.4,"b":337.7,"c":1,"s":"N21","n":0}},{"type":"Feature","geometry":{"type":"Point","coordinates":[127.6338,-20.9152]},"properties":{"d":"2026-09-30","t":"0438","frp":9.4,"b":348.1,"c":1,"s":"N21","n":0}},{"type":"Feature","geometry":{"type":"Point","coordinates":[127.6439,-20.914]},"properties":{"d":"2026-09-30","t":"0438","frp":16.8,"b":352.3,"c":1,"s":"N21","n":0}},{"type":"Feature","geometry":{"type":"Point","coordinates":[127.3298,-20.9112]},"properties":{"d":"2026-09-30","t":"0438","frp":23.5,"b":336.2,"c":1,"s":"N21","n":0}},{"type":"Feature","geometry":{"type":"Point","coordinates":[127.3351,-20.9107]},"properties":{"d":"2026-09-30","t":"0438","frp":18.6,"b":347.0,"c":1,"s":"N21","n":0}},{"type":"Feature","geometry":{"type":"Point","coordinates":[127.6434,-20.9094]},"properties":{"d":"2026-09-30","t":"0438","frp":16.8,"b":336.9,"c":1,"s":"N21","n":0}},{"type":"Feature","geometry":{"type":"Point","coordinates":[127.6484,-20.9089]},"properties":{"d":"2026-09-30","t":"0438","frp":52.3,"b":343.5,"c":1,"s":"N21","n":0}},{"type":"Feature","geometry":{"type":"Point","coordinates":[127.4826,-20.9087]},"properties":{"d":"2026-09-30","t":"0438","frp":8.3,"b":339.9,"c":1,"s":"N21","n":0}},{"type":"Feature","geometry":{"type":"Point","coordinates":[127.4877,-20.9081]},"properties":{"d":"2026-09-30","t":"0438","frp":8.3,"b":344.5,"c":1,"s":"N21","n":0}},{"type":"Feature","geometry":{"type":"Point","coordinates":[127.3345,-20.906]},"properties":{"d":"2026-09-30","t":"0438","frp":18.6,"b":355.2,"c":1,"s":"N21","n":0}},{"type":"Feature","geometry":{"type":"Point","coordinates":[127.6479,-20.9042]},"properties":{"d":"2026-09-30","t":"0438","frp":133.4,"b":346.3,"c":1,"s":"N21","n":0}},{"type":"Feature","geometry":{"type":"Point","coordinates":[127.4871,-20.9034]},"properties":{"d":"2026-09-30","t":"0438","frp":10.0,"b":344.5,"c":1,"s":"N21","n":0}},{"type":"Feature","geometry":{"type":"Point","coordinates":[127.4033,-20.9032]},"properties":{"d":"2026-09-30","t":"0438","frp":14.5,"b":346.4,"c":1,"s":"N21","n":0}},{"type":"Feature","geometry":{"type":"Point","coordinates":[127.466,-20.9011]},"properties":{"d":"2026-09-30","t":"0438","frp":5.8,"b":347.4,"c":1,"s":"N21","n":0}},{"type":"Feature","geometry":{"type":"Point","coordinates":[127.6523,-20.8991]},"properties":{"d":"2026-09-30","t":"0438","frp":133.4,"b":350.7,"c":1,"s":"N21","n":0}},{"type":"Feature","geometry":{"type":"Point","coordinates":[127.4917,-20.8982]},"properties":{"d":"2026-09-30","t":"0438","frp":5.1,"b":341.7,"c":1,"s":"N21","n":0}},{"type":"Feature","geometry":{"type":"Point","coordinates":[127.4654,-20.8964]},"properties":{"d":"2026-09-30","t":"0438","frp":16.1,"b":353.7,"c":1,"s":"N21","n":0}},{"type":"Feature","geometry":{"type":"Point","coordinates":[127.4912,-20.8936]},"properties":{"d":"2026-09-30","t":"0438","frp":5.4,"b":337.2,"c":1,"s":"N21","n":0}},{"type":"Feature","geometry":{"type":"Point","coordinates":[127.4177,-20.8921]},"properties":{"d":"2026-09-30","t":"0438","frp":24.9,"b":346.3,"c":1,"s":"N21","n":0}},{"type":"Feature","geometry":{"type":"Point","coordinates":[127.4648,-20.8917]},"properties":{"d":"2026-09-30","t":"0438","frp":16.1,"b":350.9,"c":1,"s":"N21","n":0}},{"type":"Feature","geometry":{"type":"Point","coordinates":[127.4906,-20.8889]},"properties":{"d":"2026-09-30","t":"0438","frp":5.4,"b":334.7,"c":0,"s":"N21","n":0}},{"type":"Feature","geometry":{"type":"Point","coordinates":[127.4172,-20.8875]},"properties":{"d":"2026-09-30","t":"0438","frp":24.9,"b":355.3,"c":1,"s":"N21","n":0}},{"type":"Feature","geometry":{"type":"Point","coordinates":[127.4643,-20.8871]},"properties":{"d":"2026-09-30","t":"0438","frp":8.9,"b":346.1,"c":1,"s":"N21","n":0}},{"type":"Feature","geometry":{"type":"Point","coordinates":[127.4694,-20.8865]},"properties":{"d":"2026-09-30","t":"0438","frp":6.7,"b":335.3,"c":1,"s":"N21","n":0}},{"type":"Feature","geometry":{"type":"Point","coordinates":[127.4798,-20.8854]},"properties":{"d":"2026-09-30","t":"0438","frp":9.8,"b":335.7,"c":0,"s":"N21","n":0}},{"type":"Feature","geometry":{"type":"Point","coordinates":[127.4637,-20.8824]},"properties":{"d":"2026-09-30","t":"0438","frp":8.9,"b":337.4,"c":1,"s":"N21","n":0}},{"type":"Feature","geometry":{"type":"Point","coordinates":[127.4689,-20.8818]},"properties":{"d":"2026-09-30","t":"0438","frp":6.7,"b":335.7,"c":1,"s":"N21","n":0}},{"type":"Feature","geometry":{"type":"Point","coordinates":[127.474,-20.8813]},"properties":{"d":"2026-09-30","t":"0438","frp":6.7,"b":334.3,"c":0,"s":"N21","n":0}},{"type":"Feature","geometry":{"type":"Point","coordinates":[127.6067,-20.862]},"properties":{"d":"2026-09-30","t":"0438","frp":9.1,"b":340.7,"c":1,"s":"N21","n":0}},{"type":"Feature","geometry":{"type":"Point","coordinates":[127.3319,-20.8566]},"properties":{"d":"2026-09-30","t":"0438","frp":11.7,"b":341.0,"c":1,"s":"N21","n":0}},{"type":"Feature","geometry":{"type":"Point","coordinates":[127.3334,-20.8537]},"properties":{"d":"2026-09-30","t":"0438","frp":45.2,"b":347.3,"c":1,"s":"N21","n":0}},{"type":"Feature","geometry":{"type":"Point","coordinates":[127.3314,-20.8519]},"properties":{"d":"2026-09-30","t":"0438","frp":49.8,"b":307.0,"c":0,"s":"N21","n":0}},{"type":"Feature","geometry":{"type":"Point","coordinates":[127.3367,-20.8513]},"properties":{"d":"2026-09-30","t":"0438","frp":49.8,"b":342.8,"c":1,"s":"N21","n":0}},{"type":"Feature","geometry":{"type":"Point","coordinates":[127.3328,-20.849]},"properties":{"d":"2026-09-30","t":"0438","frp":45.2,"b":351.1,"c":1,"s":"N21","n":0}},{"type":"Feature","geometry":{"type":"Point","coordinates":[127.3502,-20.8307]},"properties":{"d":"2026-09-30","t":"0438","frp":13.3,"b":341.7,"c":1,"s":"N21","n":0}},{"type":"Feature","geometry":{"type":"Point","coordinates":[127.3286,-20.8284]},"properties":{"d":"2026-09-30","t":"0438","frp":16.4,"b":338.7,"c":1,"s":"N21","n":0}},{"type":"Feature","geometry":{"type":"Point","coordinates":[127.3496,-20.826]},"properties":{"d":"2026-09-30","t":"0438","frp":13.3,"b":352.8,"c":1,"s":"N21","n":0}},{"type":"Feature","geometry":{"type":"Point","coordinates":[127.3548,-20.8255]},"properties":{"d":"2026-09-30","t":"0438","frp":13.3,"b":341.4,"c":1,"s":"N21","n":0}},{"type":"Feature","geometry":{"type":"Point","coordinates":[127.3333,-20.8231]},"properties":{"d":"2026-09-30","t":"0438","frp":15.0,"b":346.8,"c":1,"s":"N21","n":0}},{"type":"Feature","geometry":{"type":"Point","coordinates":[127.3327,-20.8184]},"properties":{"d":"2026-09-30","t":"0438","frp":15.0,"b":347.8,"c":1,"s":"N21","n":0}},{"type":"Feature","geometry":{"type":"Point","coordinates":[127.3374,-20.8131]},"properties":{"d":"2026-09-30","t":"0438","frp":14.6,"b":343.3,"c":1,"s":"N21","n":0}},{"type":"Feature","geometry":{"type":"Point","coordinates":[127.3368,-20.8084]},"properties":{"d":"2026-09-30","t":"0438","frp":14.6,"b":351.8,"c":1,"s":"N21","n":0}},{"type":"Feature","geometry":{"type":"Point","coordinates":[127.3525,-20.8067]},"properties":{"d":"2026-09-30","t":"0438","frp":13.1,"b":341.1,"c":1,"s":"N21","n":0}},{"type":"Feature","geometry":{"type":"Point","coordinates":[127.3362,-20.8037]},"properties":{"d":"2026-09-30","t":"0438","frp":8.7,"b":337.9,"c":1,"s":"N21","n":0}},{"type":"Feature","geometry":{"type":"Point","coordinates":[127.3415,-20.8031]},"properties":{"d":"2026-09-30","t":"0438","frp":8.7,"b":344.6,"c":1,"s":"N21","n":0}},{"type":"Feature","geometry":{"type":"Point","coordinates":[127.8968,-20.7551]},"properties":{"d":"2026-09-30","t":"0438","frp":155.3,"b":346.8,"c":1,"s":"N21","n":0}},{"type":"Feature","geometry":{"type":"Point","coordinates":[139.4752,-20.734]},"properties":{"d":"2026-09-30","t":"0438","frp":7.0,"b":338.5,"c":0,"s":"N21","n":0}},{"type":"Feature","geometry":{"type":"Point","coordinates":[127.4959,-20.7167]},"properties":{"d":"2026-09-30","t":"0438","frp":30.1,"b":341.4,"c":1,"s":"N21","n":0}},{"type":"Feature","geometry":{"type":"Point","coordinates":[127.5005,-20.7115]},"properties":{"d":"2026-09-30","t":"0438","frp":30.1,"b":341.5,"c":1,"s":"N21","n":0}},{"type":"Feature","geometry":{"type":"Point","coordinates":[127.4994,-20.7022]},"properties":{"d":"2026-09-30","t":"0438","frp":34.9,"b":343.5,"c":1,"s":"N21","n":0}},{"type":"Feature","geometry":{"type":"Point","coordinates":[127.4988,-20.6975]},"properties":{"d":"2026-09-30","t":"0438","frp":5.3,"b":335.0,"c":1,"s":"N21","n":0}},{"type":"Feature","geometry":{"type":"Point","coordinates":[127.504,-20.697]},"properties":{"d":"2026-09-30","t":"0438","frp":9.3,"b":335.9,"c":1,"s":"N21","n":0}},{"type":"Feature","geometry":{"type":"Point","coordinates":[129.7338,-20.6849]},"properties":{"d":"2026-09-30","t":"0438","frp":3.0,"b":347.1,"c":1,"s":"N21","n":0}},{"type":"Feature","geometry":{"type":"Point","coordinates":[129.7375,-20.6845]},"properties":{"d":"2026-09-30","t":"0438","frp":96.6,"b":343.7,"c":1,"s":"N21","n":0}},{"type":"Feature","geometry":{"type":"Point","coordinates":[129.7369,-20.6804]},"properties":{"d":"2026-09-30","t":"0438","frp":13.3,"b":347.8,"c":1,"s":"N21","n":0}},{"type":"Feature","geometry":{"type":"Point","coordinates":[129.7364,-20.6764]},"properties":{"d":"2026-09-30","t":"0438","frp":13.3,"b":348.6,"c":1,"s":"N21","n":0}},{"type":"Feature","geometry":{"type":"Point","coordinates":[129.7401,-20.676]},"properties":{"d":"2026-09-30","t":"0438","frp":13.3,"b":342.6,"c":1,"s":"N21","n":0}},{"type":"Feature","geometry":{"type":"Point","coordinates":[129.7359,-20.6724]},"properties":{"d":"2026-09-30","t":"0438","frp":11.5,"b":347.2,"c":1,"s":"N21","n":0}},{"type":"Feature","geometry":{"type":"Point","coordinates":[129.7353,-20.6684]},"properties":{"d":"2026-09-30","t":"0438","frp":11.5,"b":350.6,"c":1,"s":"N21","n":0}},{"type":"Feature","geometry":{"type":"Point","coordinates":[129.7183,-20.6542]},"properties":{"d":"2026-09-30","t":"0438","frp":10.6,"b":353.3,"c":1,"s":"N21","n":0}},{"type":"Feature","geometry":{"type":"Point","coordinates":[129.8185,-20.6254]},"properties":{"d":"2026-09-30","t":"0438","frp":15.3,"b":347.0,"c":1,"s":"N21","n":0}},{"type":"Feature","geometry":{"type":"Point","coordinates":[129.7219,-20.6251]},"properties":{"d":"2026-09-30","t":"0438","frp":7.1,"b":339.3,"c":0,"s":"N21","n":0}},{"type":"Feature","geometry":{"type":"Point","coordinates":[129.7214,-20.6211]},"properties":{"d":"2026-09-30","t":"0438","frp":7.1,"b":348.9,"c":1,"s":"N21","n":0}},{"type":"Feature","geometry":{"type":"Point","coordinates":[129.7505,-20.6134]},"properties":{"d":"2026-09-30","t":"0438","frp":16.0,"b":355.6,"c":1,"s":"N21","n":0}},{"type":"Feature","geometry":{"type":"Point","coordinates":[129.7494,-20.6054]},"properties":{"d":"2026-09-30","t":"0438","frp":7.3,"b":343.2,"c":0,"s":"N21","n":0}},{"type":"Feature","geometry":{"type":"Point","coordinates":[129.7715,-20.6027]},"properties":{"d":"2026-09-30","t":"0438","frp":11.2,"b":350.2,"c":1,"s":"N21","n":0}},{"type":"Feature","geometry":{"type":"Point","coordinates":[129.7451,-20.6018]},"properties":{"d":"2026-09-30","t":"0438","frp":8.8,"b":343.4,"c":1,"s":"N21","n":0}},{"type":"Feature","geometry":{"type":"Point","coordinates":[129.7409,-20.5983]},"properties":{"d":"2026-09-30","t":"0438","frp":6.9,"b":345.3,"c":0,"s":"N21","n":0}},{"type":"Feature","geometry":{"type":"Point","coordinates":[129.7446,-20.5978]},"properties":{"d":"2026-09-30","t":"0438","frp":6.9,"b":342.9,"c":1,"s":"N21","n":0}},{"type":"Feature","geometry":{"type":"Point","coordinates":[129.7404,-20.5943]},"properties":{"d":"2026-09-30","t":"0438","frp":6.9,"b":343.1,"c":1,"s":"N21","n":0}},{"type":"Feature","geometry":{"type":"Point","coordinates":[129.7699,-20.5907]},"properties":{"d":"2026-09-30","t":"0438","frp":16.2,"b":348.1,"c":1,"s":"N21","n":0}},{"type":"Feature","geometry":{"type":"Point","coordinates":[129.7693,-20.5867]},"properties":{"d":"2026-09-30","t":"0438","frp":10.3,"b":351.5,"c":1,"s":"N21","n":0}},{"type":"Feature","geometry":{"type":"Point","coordinates":[129.7725,-20.5822]},"properties":{"d":"2026-09-30","t":"0438","frp":10.3,"b":355.1,"c":1,"s":"N21","n":0}},{"type":"Feature","geometry":{"type":"Point","coordinates":[129.7777,-20.5635]},"properties":{"d":"2026-09-30","t":"0438","frp":7.8,"b":347.3,"c":1,"s":"N21","n":0}},{"type":"Feature","geometry":{"type":"Point","coordinates":[129.7772,-20.5596]},"properties":{"d":"2026-09-30","t":"0438","frp":11.5,"b":347.8,"c":1,"s":"N21","n":0}},{"type":"Feature","geometry":{"type":"Point","coordinates":[129.7803,-20.5551]},"properties":{"d":"2026-09-30","t":"0438","frp":15.2,"b":350.2,"c":1,"s":"N21","n":0}},{"type":"Feature","geometry":{"type":"Point","coordinates":[129.7834,-20.5506]},"properties":{"d":"2026-09-30","t":"0438","frp":43.5,"b":350.4,"c":1,"s":"N21","n":0}},{"type":"Feature","geometry":{"type":"Point","coordinates":[129.8223,-20.5417]},"properties":{"d":"2026-09-30","t":"0438","frp":399.2,"b":367.0,"c":2,"s":"N21","n":0}},{"type":"Feature","geometry":{"type":"Point","coordinates":[129.8278,-20.541]},"properties":{"d":"2026-09-30","t":"0438","frp":208.6,"b":367.0,"c":0,"s":"N21","n":0}},{"type":"Feature","geometry":{"type":"Point","coordinates":[129.8218,-20.5377]},"properties":{"d":"2026-09-30","t":"0438","frp":46.8,"b":367.0,"c":0,"s":"N21","n":0}},{"type":"Feature","geometry":{"type":"Point","coordinates":[129.8273,-20.537]},"properties":{"d":"2026-09-30","t":"0438","frp":150.1,"b":367.0,"c":2,"s":"N21","n":0}},{"type":"Feature","geometry":{"type":"Point","coordinates":[129.8212,-20.5337]},"properties":{"d":"2026-09-30","t":"0438","frp":46.8,"b":351.3,"c":1,"s":"N21","n":0}},{"type":"Feature","geometry":{"type":"Point","coordinates":[129.8201,-20.5257]},"properties":{"d":"2026-09-30","t":"0438","frp":34.4,"b":351.0,"c":0,"s":"N21","n":0}},{"type":"Feature","geometry":{"type":"Point","coordinates":[129.8196,-20.5217]},"properties":{"d":"2026-09-30","t":"0438","frp":20.5,"b":349.1,"c":0,"s":"N21","n":0}},{"type":"Feature","geometry":{"type":"Point","coordinates":[129.8185,-20.5137]},"properties":{"d":"2026-09-30","t":"0438","frp":7.9,"b":344.4,"c":0,"s":"N21","n":0}},{"type":"Feature","geometry":{"type":"Point","coordinates":[129.818,-20.5097]},"properties":{"d":"2026-09-30","t":"0438","frp":7.9,"b":346.7,"c":0,"s":"N21","n":0}},{"type":"Feature","geometry":{"type":"Point","coordinates":[129.8174,-20.5058]},"properties":{"d":"2026-09-30","t":"0438","frp":9.4,"b":342.1,"c":0,"s":"N21","n":0}},{"type":"Feature","geometry":{"type":"Point","coordinates":[129.8169,-20.5018]},"properties":{"d":"2026-09-30","t":"0438","frp":9.4,"b":340.2,"c":0,"s":"N21","n":0}},{"type":"Feature","geometry":{"type":"Point","coordinates":[129.8103,-20.4945]},"properties":{"d":"2026-09-30","t":"0438","frp":13.1,"b":346.5,"c":1,"s":"N21","n":0}},{"type":"Feature","geometry":{"type":"Point","coordinates":[129.8037,-20.4872]},"properties":{"d":"2026-09-30","t":"0438","frp":14.0,"b":345.0,"c":1,"s":"N21","n":0}},{"type":"Feature","geometry":{"type":"Point","coordinates":[147.7724,-20.4827]},"properties":{"d":"2026-09-30","t":"0438","frp":7.2,"b":335.9,"c":1,"s":"N21","n":0}},{"type":"Feature","geometry":{"type":"Point","coordinates":[129.7362,-20.3999]},"properties":{"d":"2026-09-30","t":"0438","frp":11.4,"b":345.2,"c":0,"s":"N21","n":0}},{"type":"Feature","geometry":{"type":"Point","coordinates":[129.7382,-20.3874]},"properties":{"d":"2026-09-30","t":"0438","frp":15.7,"b":347.9,"c":0,"s":"N21","n":0}},{"type":"Feature","geometry":{"type":"Point","coordinates":[126.8892,-20.3859]},"properties":{"d":"2026-09-30","t":"0438","frp":13.7,"b":346.5,"c":1,"s":"N21","n":0}},{"type":"Feature","geometry":{"type":"Point","coordinates":[129.6289,-20.3843]},"properties":{"d":"2026-09-30","t":"0438","frp":10.6,"b":347.0,"c":1,"s":"N21","n":0}},{"type":"Feature","geometry":{"type":"Point","coordinates":[129.7377,-20.3834]},"properties":{"d":"2026-09-30","t":"0438","frp":7.5,"b":347.4,"c":1,"s":"N21","n":0}},{"type":"Feature","geometry":{"type":"Point","coordinates":[129.6284,-20.3803]},"properties":{"d":"2026-09-30","t":"0438","frp":35.5,"b":367.0,"c":0,"s":"N21","n":0}},{"type":"Feature","geometry":{"type":"Point","coordinates":[129.7371,-20.3794]},"properties":{"d":"2026-09-30","t":"0438","frp":7.5,"b":342.5,"c":0,"s":"N21","n":0}},{"type":"Feature","geometry":{"type":"Point","coordinates":[129.6279,-20.3793]},"properties":{"d":"2026-09-30","t":"0438","frp":25.8,"b":347.0,"c":0,"s":"N21","n":0}},{"type":"Feature","geometry":{"type":"Point","coordinates":[129.6167,-20.3776]},"properties":{"d":"2026-09-30","t":"0438","frp":8.7,"b":353.3,"c":1,"s":"N21","n":0}},{"type":"Feature","geometry":{"type":"Point","coordinates":[129.6241,-20.3767]},"properties":{"d":"2026-09-30","t":"0438","frp":22.4,"b":345.5,"c":0,"s":"N21","n":0}},{"type":"Feature","geometry":{"type":"Point","coordinates":[129.6163,-20.3767]},"properties":{"d":"2026-09-30","t":"0438","frp":9.5,"b":350.4,"c":1,"s":"N21","n":0}},{"type":"Feature","geometry":{"type":"Point","coordinates":[129.6195,-20.3722]},"properties":{"d":"2026-09-30","t":"0438","frp":8.9,"b":345.5,"c":0,"s":"N21","n":0}},{"type":"Feature","geometry":{"type":"Point","coordinates":[129.7324,-20.3718]},"properties":{"d":"2026-09-30","t":"0438","frp":11.3,"b":350.1,"c":1,"s":"N21","n":0}},{"type":"Feature","geometry":{"type":"Point","coordinates":[129.6343,-20.3703]},"properties":{"d":"2026-09-30","t":"0438","frp":6.4,"b":343.8,"c":0,"s":"N21","n":0}},{"type":"Feature","geometry":{"type":"Point","coordinates":[129.7282,-20.3683]},"properties":{"d":"2026-09-30","t":"0438","frp":8.8,"b":347.2,"c":1,"s":"N21","n":0}},{"type":"Feature","geometry":{"type":"Point","coordinates":[129.6263,-20.3672]},"properties":{"d":"2026-09-30","t":"0438","frp":13.4,"b":347.9,"c":0,"s":"N21","n":0}},{"type":"Feature","geometry":{"type":"Point","coordinates":[129.63,-20.3667]},"properties":{"d":"2026-09-30","t":"0438","frp":13.4,"b":354.9,"c":1,"s":"N21","n":0}},{"type":"Feature","geometry":{"type":"Point","coordinates":[129.7275,-20.3666]},"properties":{"d":"2026-09-30","t":"0438","frp":5.3,"b":345.4,"c":1,"s":"N21","n":0}},{"type":"Feature","geometry":{"type":"Point","coordinates":[129.6337,-20.3663]},"properties":{"d":"2026-09-30","t":"0438","frp":6.4,"b":340.2,"c":0,"s":"N21","n":0}},{"type":"Feature","geometry":{"type":"Point","coordinates":[129.6258,-20.3632]},"properties":{"d":"2026-09-30","t":"0438","frp":5.0,"b":348.4,"c":1,"s":"N21","n":0}},{"type":"Feature","geometry":{"type":"Point","coordinates":[129.6591,-20.359]},"properties":{"d":"2026-09-30","t":"0438","frp":6.8,"b":345.1,"c":0,"s":"N21","n":0}},{"type":"Feature","geometry":{"type":"Point","coordinates":[129.6665,-20.358]},"properties":{"d":"2026-09-30","t":"0438","frp":6.7,"b":347.6,"c":1,"s":"N21","n":0}},{"type":"Feature","geometry":{"type":"Point","coordinates":[129.7112,-20.3565]},"properties":{"d":"2026-09-30","t":"0438","frp":7.8,"b":344.8,"c":0,"s":"N21","n":0}},{"type":"Feature","geometry":{"type":"Point","coordinates":[129.6586,-20.3549]},"properties":{"d":"2026-09-30","t":"0438","frp":6.8,"b":339.6,"c":0,"s":"N21","n":0}},{"type":"Feature","geometry":{"type":"Point","coordinates":[129.666,-20.354]},"properties":{"d":"2026-09-30","t":"0438","frp":6.7,"b":342.9,"c":0,"s":"N21","n":0}},{"type":"Feature","geometry":{"type":"Point","coordinates":[129.6696,-20.3535]},"properties":{"d":"2026-09-30","t":"0438","frp":12.3,"b":346.7,"c":0,"s":"N21","n":0}},{"type":"Feature","geometry":{"type":"Point","coordinates":[129.707,-20.3529]},"properties":{"d":"2026-09-30","t":"0438","frp":8.5,"b":348.7,"c":1,"s":"N21","n":0}},{"type":"Feature","geometry":{"type":"Point","coordinates":[129.6807,-20.3522]},"properties":{"d":"2026-09-30","t":"0438","frp":15.4,"b":367.0,"c":2,"s":"N21","n":0}},{"type":"Feature","geometry":{"type":"Point","coordinates":[129.6844,-20.3517]},"properties":{"d":"2026-09-30","t":"0438","frp":11.3,"b":367.0,"c":2,"s":"N21","n":0}},{"type":"Feature","geometry":{"type":"Point","coordinates":[129.6881,-20.3512]},"properties":{"d":"2026-09-30","t":"0438","frp":11.3,"b":367.0,"c":2,"s":"N21","n":0}},{"type":"Feature","geometry":{"type":"Point","coordinates":[129.6918,-20.3508]},"properties":{"d":"2026-09-30","t":"0438","frp":10.3,"b":367.0,"c":2,"s":"N21","n":0}},{"type":"Feature","geometry":{"type":"Point","coordinates":[129.6955,-20.3503]},"properties":{"d":"2026-09-30","t":"0438","frp":10.3,"b":367.0,"c":2,"s":"N21","n":0}},{"type":"Feature","geometry":{"type":"Point","coordinates":[129.6991,-20.3498]},"properties":{"d":"2026-09-30","t":"0438","frp":6.8,"b":346.8,"c":1,"s":"N21","n":0}},{"type":"Feature","geometry":{"type":"Point","coordinates":[129.6691,-20.3495]},"properties":{"d":"2026-09-30","t":"0438","frp":7.5,"b":344.3,"c":1,"s":"N21","n":0}},{"type":"Feature","geometry":{"type":"Point","coordinates":[129.7028,-20.3494]},"properties":{"d":"2026-09-30","t":"0438","frp":6.8,"b":346.8,"c":1,"s":"N21","n":0}},{"type":"Feature","geometry":{"type":"Point","coordinates":[126.704,-20.2904]},"properties":{"d":"2026-09-30","t":"0438","frp":10.6,"b":335.9,"c":1,"s":"N21","n":0}},{"type":"Feature","geometry":{"type":"Point","coordinates":[126.7096,-20.2898]},"properties":{"d":"2026-09-30","t":"0438","frp":13.4,"b":332.5,"c":1,"s":"N21","n":0}},{"type":"Feature","geometry":{"type":"Point","coordinates":[126.6937,-20.2898]},"properties":{"d":"2026-09-30","t":"0438","frp":12.9,"b":340.3,"c":1,"s":"N21","n":0}},{"type":"Feature","geometry":{"type":"Point","coordinates":[126.7153,-20.2891]},"properties":{"d":"2026-09-30","t":"0438","frp":13.4,"b":339.6,"c":1,"s":"N21","n":0}},{"type":"Feature","geometry":{"type":"Point","coordinates":[126.705,-20.2886]},"properties":{"d":"2026-09-30","t":"0438","frp":15.9,"b":340.0,"c":1,"s":"N21","n":0}},{"type":"Feature","geometry":{"type":"Point","coordinates":[126.7164,-20.2874]},"properties":{"d":"2026-09-30","t":"0438","frp":5.1,"b":339.6,"c":1,"s":"N21","n":0}},{"type":"Feature","geometry":{"type":"Point","coordinates":[126.7034,-20.2856]},"properties":{"d":"2026-09-30","t":"0438","frp":10.6,"b":339.2,"c":1,"s":"N21","n":0}},{"type":"Feature","geometry":{"type":"Point","coordinates":[126.7044,-20.2837]},"properties":{"d":"2026-09-30","t":"0438","frp":15.9,"b":339.7,"c":1,"s":"N21","n":0}},{"type":"Feature","geometry":{"type":"Point","coordinates":[126.6971,-20.2813]},"properties":{"d":"2026-09-30","t":"0438","frp":11.2,"b":333.4,"c":1,"s":"N21","n":0}},{"type":"Feature","geometry":{"type":"Point","coordinates":[126.7028,-20.2807]},"properties":{"d":"2026-09-30","t":"0438","frp":11.2,"b":339.3,"c":1,"s":"N21","n":0}},{"type":"Feature","geometry":{"type":"Point","coordinates":[126.6982,-20.2795]},"properties":{"d":"2026-09-30","t":"0438","frp":11.2,"b":335.8,"c":1,"s":"N21","n":0}},{"type":"Feature","geometry":{"type":"Point","coordinates":[126.7039,-20.2789]},"properties":{"d":"2026-09-30","t":"0438","frp":14.0,"b":340.2,"c":1,"s":"N21","n":0}},{"type":"Feature","geometry":{"type":"Point","coordinates":[126.6966,-20.2765]},"properties":{"d":"2026-09-30","t":"0438","frp":11.2,"b":340.5,"c":1,"s":"N21","n":0}},{"type":"Feature","geometry":{"type":"Point","coordinates":[126.708,-20.2752]},"properties":{"d":"2026-09-30","t":"0438","frp":24.4,"b":342.0,"c":1,"s":"N21","n":0}},{"type":"Feature","geometry":{"type":"Point","coordinates":[126.6976,-20.2746]},"properties":{"d":"2026-09-30","t":"0438","frp":11.2,"b":341.1,"c":1,"s":"N21","n":0}},{"type":"Feature","geometry":{"type":"Point","coordinates":[126.7033,-20.274]},"properties":{"d":"2026-09-30","t":"0438","frp":14.0,"b":340.7,"c":1,"s":"N21","n":0}},{"type":"Feature","geometry":{"type":"Point","coordinates":[126.709,-20.2734]},"properties":{"d":"2026-09-30","t":"0438","frp":14.0,"b":333.2,"c":1,"s":"N21","n":0}},{"type":"Feature","geometry":{"type":"Point","coordinates":[126.7074,-20.2703]},"properties":{"d":"2026-09-30","t":"0438","frp":53.5,"b":349.4,"c":1,"s":"N21","n":0}},{"type":"Feature","geometry":{"type":"Point","coordinates":[126.7131,-20.2697]},"properties":{"d":"2026-09-30","t":"0438","frp":53.5,"b":333.9,"c":1,"s":"N21","n":0}},{"type":"Feature","geometry":{"type":"Point","coordinates":[126.7187,-20.2691]},"properties":{"d":"2026-09-30","t":"0438","frp":15.2,"b":341.6,"c":1,"s":"N21","n":0}},{"type":"Feature","geometry":{"type":"Point","coordinates":[126.7069,-20.2655]},"properties":{"d":"2026-09-30","t":"0438","frp":53.5,"b":350.9,"c":1,"s":"N21","n":0}},{"type":"Feature","geometry":{"type":"Point","coordinates":[126.6666,-20.265]},"properties":{"d":"2026-09-30","t":"0438","frp":237.5,"b":348.9,"c":1,"s":"N21","n":0}},{"type":"Feature","geometry":{"type":"Point","coordinates":[126.7125,-20.2648]},"properties":{"d":"2026-09-30","t":"0438","frp":53.5,"b":344.9,"c":1,"s":"N21","n":0}},{"type":"Feature","geometry":{"type":"Point","coordinates":[126.7181,-20.2642]},"properties":{"d":"2026-09-30","t":"0438","frp":15.2,"b":339.4,"c":1,"s":"N21","n":0}},{"type":"Feature","geometry":{"type":"Point","coordinates":[126.7063,-20.2606]},"properties":{"d":"2026-09-30","t":"0438","frp":13.4,"b":331.0,"c":1,"s":"N21","n":0}},{"type":"Feature","geometry":{"type":"Point","coordinates":[126.6661,-20.2601]},"properties":{"d":"2026-09-30","t":"0438","frp":237.5,"b":343.6,"c":1,"s":"N21","n":0}},{"type":"Feature","geometry":{"type":"Point","coordinates":[126.7119,-20.26]},"properties":{"d":"2026-09-30","t":"0438","frp":13.4,"b":336.2,"c":1,"s":"N21","n":0}},{"type":"Feature","geometry":{"type":"Point","coordinates":[126.7057,-20.2557]},"properties":{"d":"2026-09-30","t":"0438","frp":13.4,"b":335.2,"c":1,"s":"N21","n":0}},{"type":"Feature","geometry":{"type":"Point","coordinates":[126.7114,-20.2551]},"properties":{"d":"2026-09-30","t":"0438","frp":13.4,"b":346.6,"c":1,"s":"N21","n":0}},{"type":"Feature","geometry":{"type":"Point","coordinates":[126.717,-20.2545]},"properties":{"d":"2026-09-30","t":"0438","frp":6.2,"b":330.8,"c":1,"s":"N21","n":0}},{"type":"Feature","geometry":{"type":"Point","coordinates":[147.0371,-19.2767]},"properties":{"d":"2026-09-30","t":"0438","frp":19.8,"b":349.1,"c":1,"s":"N21","n":0}},{"type":"Feature","geometry":{"type":"Point","coordinates":[147.0399,-19.2696]},"properties":{"d":"2026-09-30","t":"0438","frp":15.3,"b":344.0,"c":1,"s":"N21","n":0}},{"type":"Feature","geometry":{"type":"Point","coordinates":[147.0457,-19.2682]},"properties":{"d":"2026-09-30","t":"0438","frp":15.3,"b":343.4,"c":1,"s":"N21","n":0}},{"type":"Feature","geometry":{"type":"Point","coordinates":[147.0131,-19.2626]},"properties":{"d":"2026-09-30","t":"0438","frp":14.4,"b":348.7,"c":1,"s":"N21","n":0}},{"type":"Feature","geometry":{"type":"Point","coordinates":[147.0176,-19.2616]},"properties":{"d":"2026-09-30","t":"0438","frp":14.4,"b":353.8,"c":1,"s":"N21","n":0}},{"type":"Feature","geometry":{"type":"Point","coordinates":[138.2998,-18.766]},"properties":{"d":"2026-09-30","t":"0438","frp":9.0,"b":348.1,"c":1,"s":"N21","n":0}},{"type":"Feature","geometry":{"type":"Point","coordinates":[138.3044,-18.7652]},"properties":{"d":"2026-09-30","t":"0438","frp":5.3,"b":335.7,"c":1,"s":"N21","n":0}},{"type":"Feature","geometry":{"type":"Point","coordinates":[138.2981,-18.7651]},"properties":{"d":"2026-09-30","t":"0438","frp":3.7,"b":336.0,"c":1,"s":"N21","n":0}},{"type":"Feature","geometry":{"type":"Point","coordinates":[138.3027,-18.7643]},"properties":{"d":"2026-09-30","t":"0438","frp":6.5,"b":346.8,"c":1,"s":"N21","n":0}},{"type":"Feature","geometry":{"type":"Point","coordinates":[138.3037,-18.7615]},"properties":{"d":"2026-09-30","t":"0438","frp":2.2,"b":330.9,"c":1,"s":"N21","n":0}},{"type":"Feature","geometry":{"type":"Point","coordinates":[138.3065,-18.7599]},"properties":{"d":"2026-09-30","t":"0438","frp":6.5,"b":331.8,"c":1,"s":"N21","n":0}},{"type":"Feature","geometry":{"type":"Point","coordinates":[138.4186,-18.738]},"properties":{"d":"2026-09-30","t":"0438","frp":8.3,"b":341.6,"c":1,"s":"N21","n":0}},{"type":"Feature","geometry":{"type":"Point","coordinates":[138.4219,-18.7298]},"properties":{"d":"2026-09-30","t":"0438","frp":6.1,"b":340.4,"c":1,"s":"N21","n":0}},{"type":"Feature","geometry":{"type":"Point","coordinates":[144.7094,-18.6216]},"properties":{"d":"2026-09-30","t":"0438","frp":27.8,"b":342.5,"c":1,"s":"N21","n":0}},{"type":"Feature","geometry":{"type":"Point","coordinates":[144.7132,-18.6208]},"properties":{"d":"2026-09-30","t":"0438","frp":27.9,"b":367.0,"c":2,"s":"N21","n":0}},{"type":"Feature","geometry":{"type":"Point","coordinates":[144.7141,-18.6208]},"properties":{"d":"2026-09-30","t":"0438","frp":14.3,"b":367.0,"c":2,"s":"N21","n":0}},{"type":"Feature","geometry":{"type":"Point","coordinates":[144.717,-18.62]},"properties":{"d":"2026-09-30","t":"0438","frp":27.9,"b":367.0,"c":2,"s":"N21","n":0}},{"type":"Feature","geometry":{"type":"Point","coordinates":[144.7179,-18.62]},"properties":{"d":"2026-09-30","t":"0438","frp":14.3,"b":367.0,"c":2,"s":"N21","n":0}},{"type":"Feature","geometry":{"type":"Point","coordinates":[144.7208,-18.6193]},"properties":{"d":"2026-09-30","t":"0438","frp":25.2,"b":367.0,"c":2,"s":"N21","n":0}},{"type":"Feature","geometry":{"type":"Point","coordinates":[144.7217,-18.6192]},"properties":{"d":"2026-09-30","t":"0438","frp":17.2,"b":367.0,"c":2,"s":"N21","n":0}},{"type":"Feature","geometry":{"type":"Point","coordinates":[144.6979,-18.6186]},"properties":{"d":"2026-09-30","t":"0438","frp":21.5,"b":355.7,"c":0,"s":"N21","n":0}},{"type":"Feature","geometry":{"type":"Point","coordinates":[144.7245,-18.6185]},"properties":{"d":"2026-09-30","t":"0438","frp":25.2,"b":367.0,"c":2,"s":"N21","n":0}},{"type":"Feature","geometry":{"type":"Point","coordinates":[144.7254,-18.6184]},"properties":{"d":"2026-09-30","t":"0438","frp":17.2,"b":367.0,"c":2,"s":"N21","n":0}},{"type":"Feature","geometry":{"type":"Point","coordinates":[144.7016,-18.6178]},"properties":{"d":"2026-09-30","t":"0438","frp":21.5,"b":355.1,"c":1,"s":"N21","n":0}},{"type":"Feature","geometry":{"type":"Point","coordinates":[144.7006,-18.6178]},"properties":{"d":"2026-09-30","t":"0438","frp":33.4,"b":367.0,"c":2,"s":"N21","n":0}},{"type":"Feature","geometry":{"type":"Point","coordinates":[144.7283,-18.6177]},"properties":{"d":"2026-09-30","t":"0438","frp":15.7,"b":367.0,"c":2,"s":"N21","n":0}},{"type":"Feature","geometry":{"type":"Point","coordinates":[144.7292,-18.6176]},"properties":{"d":"2026-09-30","t":"0438","frp":10.5,"b":347.9,"c":1,"s":"N21","n":0}},{"type":"Feature","geometry":{"type":"Point","coordinates":[144.7053,-18.617]},"properties":{"d":"2026-09-30","t":"0438","frp":38.3,"b":355.2,"c":1,"s":"N21","n":0}},{"type":"Feature","geometry":{"type":"Point","coordinates":[144.7043,-18.617]},"properties":{"d":"2026-09-30","t":"0438","frp":27.8,"b":367.0,"c":2,"s":"N21","n":0}},{"type":"Feature","geometry":{"type":"Point","coordinates":[144.7091,-18.6162]},"properties":{"d":"2026-09-30","t":"0438","frp":38.3,"b":367.0,"c":2,"s":"N21","n":0}},{"type":"Feature","geometry":{"type":"Point","coordinates":[144.7081,-18.6162]},"properties":{"d":"2026-09-30","t":"0438","frp":27.8,"b":367.0,"c":2,"s":"N21","n":0}},{"type":"Feature","geometry":{"type":"Point","coordinates":[144.7118,-18.6154]},"properties":{"d":"2026-09-30","t":"0438","frp":27.9,"b":355.7,"c":1,"s":"N21","n":0}},{"type":"Feature","geometry":{"type":"Point","coordinates":[144.7128,-18.6154]},"properties":{"d":"2026-09-30","t":"0438","frp":45.1,"b":354.7,"c":1,"s":"N21","n":0}},{"type":"Feature","geometry":{"type":"Point","coordinates":[144.7156,-18.6146]},"properties":{"d":"2026-09-30","t":"0438","frp":27.9,"b":367.0,"c":2,"s":"N21","n":0}},{"type":"Feature","geometry":{"type":"Point","coordinates":[144.7166,-18.6146]},"properties":{"d":"2026-09-30","t":"0438","frp":45.1,"b":367.0,"c":2,"s":"N21","n":0}},{"type":"Feature","geometry":{"type":"Point","coordinates":[144.7194,-18.6138]},"properties":{"d":"2026-09-30","t":"0438","frp":25.2,"b":367.0,"c":2,"s":"N21","n":0}},{"type":"Feature","geometry":{"type":"Point","coordinates":[144.7203,-18.6138]},"properties":{"d":"2026-09-30","t":"0438","frp":38.9,"b":367.0,"c":2,"s":"N21","n":0}},{"type":"Feature","geometry":{"type":"Point","coordinates":[144.7231,-18.613]},"properties":{"d":"2026-09-30","t":"0438","frp":25.2,"b":367.0,"c":2,"s":"N21","n":0}},{"type":"Feature","geometry":{"type":"Point","coordinates":[144.7241,-18.613]},"properties":{"d":"2026-09-30","t":"0438","frp":38.9,"b":367.0,"c":2,"s":"N21","n":0}},{"type":"Feature","geometry":{"type":"Point","coordinates":[144.7269,-18.6122]},"properties":{"d":"2026-09-30","t":"0438","frp":15.7,"b":367.0,"c":2,"s":"N21","n":0}},{"type":"Feature","geometry":{"type":"Point","coordinates":[144.7278,-18.6121]},"properties":{"d":"2026-09-30","t":"0438","frp":27.4,"b":344.5,"c":1,"s":"N21","n":0}},{"type":"Feature","geometry":{"type":"Point","coordinates":[144.7077,-18.6108]},"properties":{"d":"2026-09-30","t":"0438","frp":38.3,"b":353.0,"c":1,"s":"N21","n":0}},{"type":"Feature","geometry":{"type":"Point","coordinates":[144.7067,-18.6107]},"properties":{"d":"2026-09-30","t":"0438","frp":23.9,"b":355.5,"c":0,"s":"N21","n":0}},{"type":"Feature","geometry":{"type":"Point","coordinates":[144.7105,-18.61]},"properties":{"d":"2026-09-30","t":"0438","frp":43.8,"b":354.6,"c":1,"s":"N21","n":0}},{"type":"Feature","geometry":{"type":"Point","coordinates":[144.7115,-18.61]},"properties":{"d":"2026-09-30","t":"0438","frp":45.1,"b":355.1,"c":1,"s":"N21","n":0}},{"type":"Feature","geometry":{"type":"Point","coordinates":[144.7143,-18.6092]},"properties":{"d":"2026-09-30","t":"0438","frp":43.8,"b":354.7,"c":1,"s":"N21","n":0}},{"type":"Feature","geometry":{"type":"Point","coordinates":[144.7152,-18.6091]},"properties":{"d":"2026-09-30","t":"0438","frp":45.1,"b":354.2,"c":1,"s":"N21","n":0}},{"type":"Feature","geometry":{"type":"Point","coordinates":[144.718,-18.6084]},"properties":{"d":"2026-09-30","t":"0438","frp":49.6,"b":348.8,"c":1,"s":"N21","n":0}},{"type":"Feature","geometry":{"type":"Point","coordinates":[144.719,-18.6083]},"properties":{"d":"2026-09-30","t":"0438","frp":38.9,"b":350.9,"c":1,"s":"N21","n":0}},{"type":"Feature","geometry":{"type":"Point","coordinates":[144.7218,-18.6076]},"properties":{"d":"2026-09-30","t":"0438","frp":49.6,"b":367.0,"c":2,"s":"N21","n":0}},{"type":"Feature","geometry":{"type":"Point","coordinates":[144.7227,-18.6075]},"properties":{"d":"2026-09-30","t":"0438","frp":38.9,"b":367.0,"c":2,"s":"N21","n":0}},{"type":"Feature","geometry":{"type":"Point","coordinates":[144.7255,-18.6068]},"properties":{"d":"2026-09-30","t":"0438","frp":18.0,"b":337.8,"c":1,"s":"N21","n":0}},{"type":"Feature","geometry":{"type":"Point","coordinates":[144.9736,-16.8645]},"properties":{"d":"2026-09-30","t":"0438","frp":5.2,"b":330.8,"c":1,"s":"N21","n":0}},{"type":"Feature","geometry":{"type":"Point","coordinates":[144.9779,-16.8636]},"properties":{"d":"2026-09-30","t":"0438","frp":5.2,"b":330.1,"c":1,"s":"N21","n":0}},{"type":"Feature","geometry":{"type":"Point","coordinates":[130.3684,-18.4132]},"properties":{"d":"2026-09-30","t":"0440","frp":7.3,"b":336.6,"c":0,"s":"N21","n":0}},{"type":"Feature","geometry":{"type":"Point","coordinates":[130.3557,-18.3919]},"properties":{"d":"2026-09-30","t":"0440","frp":6.8,"b":337.8,"c":0,"s":"N21","n":0}},{"type":"Feature","geometry":{"type":"Point","coordinates":[130.3541,-18.3806]},"properties":{"d":"2026-09-30","t":"0440","frp":5.7,"b":344.1,"c":1,"s":"N21","n":0}},{"type":"Feature","geometry":{"type":"Point","coordinates":[130.3536,-18.3768]},"properties":{"d":"2026-09-30","t":"0440","frp":5.7,"b":342.4,"c":1,"s":"N21","n":0}},{"type":"Feature","geometry":{"type":"Point","coordinates":[130.5083,-18.3185]},"properties":{"d":"2026-09-30","t":"0440","frp":42.7,"b":351.6,"c":1,"s":"N21","n":0}},{"type":"Feature","geometry":{"type":"Point","coordinates":[130.5281,-18.3142]},"properties":{"d":"2026-09-30","t":"0440","frp":9.0,"b":342.1,"c":0,"s":"N21","n":0}},{"type":"Feature","geometry":{"type":"Point","coordinates":[130.5276,-18.3105]},"properties":{"d":"2026-09-30","t":"0440","frp":9.6,"b":341.7,"c":0,"s":"N21","n":0}},{"type":"Feature","geometry":{"type":"Point","coordinates":[130.5162,-18.2969]},"properties":{"d":"2026-09-30","t":"0440","frp":10.9,"b":344.3,"c":0,"s":"N21","n":0}},{"type":"Feature","geometry":{"type":"Point","coordinates":[130.5244,-18.2882]},"properties":{"d":"2026-09-30","t":"0440","frp":8.9,"b":348.0,"c":1,"s":"N21","n":0}},{"type":"Feature","geometry":{"type":"Point","coordinates":[130.5285,-18.2838]},"properties":{"d":"2026-09-30","t":"0440","frp":8.9,"b":345.2,"c":1,"s":"N21","n":0}},{"type":"Feature","geometry":{"type":"Point","coordinates":[130.548,-18.2547]},"properties":{"d":"2026-09-30","t":"0440","frp":12.6,"b":349.9,"c":1,"s":"N21","n":0}},{"type":"Feature","geometry":{"type":"Point","coordinates":[126.8378,-18.2534]},"properties":{"d":"2026-09-30","t":"0440","frp":5.2,"b":336.6,"c":1,"s":"N21","n":0}},{"type":"Feature","geometry":{"type":"Point","coordinates":[126.8431,-18.2528]},"properties":{"d":"2026-09-30","t":"0440","frp":9.9,"b":342.4,"c":1,"s":"N21","n":0}},{"type":"Feature","geometry":{"type":"Point","coordinates":[126.8408,-18.2506]},"properties":{"d":"2026-09-30","t":"0440","frp":2.7,"b":339.0,"c":1,"s":"N21","n":0}},{"type":"Feature","geometry":{"type":"Point","coordinates":[130.5423,-18.2479]},"properties":{"d":"2026-09-30","t":"0440","frp":5.7,"b":341.0,"c":0,"s":"N21","n":0}},{"type":"Feature","geometry":{"type":"Point","coordinates":[130.4616,-18.2471]},"properties":{"d":"2026-09-30","t":"0440","frp":18.1,"b":346.9,"c":1,"s":"N21","n":0}},{"type":"Feature","geometry":{"type":"Point","coordinates":[130.5325,-18.2454]},"properties":{"d":"2026-09-30","t":"0440","frp":8.7,"b":343.4,"c":0,"s":"N21","n":0}},{"type":"Feature","geometry":{"type":"Point","coordinates":[130.5372,-18.2448]},"properties":{"d":"2026-09-30","t":"0440","frp":5.7,"b":340.9,"c":0,"s":"N21","n":0}},{"type":"Feature","geometry":{"type":"Point","coordinates":[130.4896,-18.2434]},"properties":{"d":"2026-09-30","t":"0440","frp":7.3,"b":345.2,"c":0,"s":"N21","n":0}},{"type":"Feature","geometry":{"type":"Point","coordinates":[130.4943,-18.2428]},"properties":{"d":"2026-09-30","t":"0440","frp":7.3,"b":351.9,"c":1,"s":"N21","n":0}},{"type":"Feature","geometry":{"type":"Point","coordinates":[130.4657,-18.2428]},"properties":{"d":"2026-09-30","t":"0440","frp":7.0,"b":343.3,"c":0,"s":"N21","n":0}},{"type":"Feature","geometry":{"type":"Point","coordinates":[130.5274,-18.2423]},"properties":{"d":"2026-09-30","t":"0440","frp":8.5,"b":353.3,"c":1,"s":"N21","n":0}},{"type":"Feature","geometry":{"type":"Point","coordinates":[130.499,-18.2422]},"properties":{"d":"2026-09-30","t":"0440","frp":2.7,"b":337.7,"c":0,"s":"N21","n":0}},{"type":"Feature","geometry":{"type":"Point","coordinates":[130.4704,-18.2421]},"properties":{"d":"2026-09-30","t":"0440","frp":7.7,"b":345.7,"c":0,"s":"N21","n":0}},{"type":"Feature","geometry":{"type":"Point","coordinates":[130.4751,-18.2415]},"properties":{"d":"2026-09-30","t":"0440","frp":7.7,"b":347.0,"c":1,"s":"N21","n":0}},{"type":"Feature","geometry":{"type":"Point","coordinates":[130.5083,-18.241]},"properties":{"d":"2026-09-30","t":"0440","frp":10.8,"b":342.5,"c":0,"s":"N21","n":0}},{"type":"Feature","geometry":{"type":"Point","coordinates":[130.4844,-18.2403]},"properties":{"d":"2026-09-30","t":"0440","frp":7.5,"b":347.8,"c":1,"s":"N21","n":0}},{"type":"Feature","geometry":{"type":"Point","coordinates":[130.5175,-18.2398]},"properties":{"d":"2026-09-30","t":"0440","frp":12.0,"b":340.1,"c":0,"s":"N21","n":0}},{"type":"Feature","geometry":{"type":"Point","coordinates":[130.5031,-18.2379]},"properties":{"d":"2026-09-30","t":"0440","frp":9.6,"b":345.0,"c":1,"s":"N21","n":0}},{"type":"Feature","geometry":{"type":"Point","coordinates":[130.4793,-18.2372]},"properties":{"d":"2026-09-30","t":"0440","frp":7.5,"b":346.0,"c":1,"s":"N21","n":0}},{"type":"Feature","geometry":{"type":"Point","coordinates":[130.5571,-18.1113]},"properties":{"d":"2026-09-30","t":"0440","frp":7.9,"b":338.5,"c":0,"s":"N21","n":0}},{"type":"Feature","geometry":{"type":"Point","coordinates":[130.5566,-18.1076]},"properties":{"d":"2026-09-30","t":"0440","frp":6.8,"b":337.8,"c":0,"s":"N21","n":0}},{"type":"Feature","geometry":{"type":"Point","coordinates":[130.5541,-18.1058]},"properties":{"d":"2026-09-30","t":"0440","frp":12.0,"b":342.0,"c":0,"s":"N21","n":0}},{"type":"Feature","geometry":{"type":"Point","coordinates":[130.5514,-18.1045]},"properties":{"d":"2026-09-30","t":"0440","frp":13.7,"b":349.6,"c":1,"s":"N21","n":0}},{"type":"Feature","geometry":{"type":"Point","coordinates":[130.5561,-18.1039]},"properties":{"d":"2026-09-30","t":"0440","frp":6.8,"b":345.6,"c":1,"s":"N21","n":0}},{"type":"Feature","geometry":{"type":"Point","coordinates":[130.5536,-18.1021]},"properties":{"d":"2026-09-30","t":"0440","frp":12.0,"b":355.8,"c":1,"s":"N21","n":0}},{"type":"Feature","geometry":{"type":"Point","coordinates":[123.2626,-17.2108]},"properties":{"d":"2026-09-30","t":"0440","frp":8.1,"b":342.3,"c":1,"s":"N21","n":0}},{"type":"Feature","geometry":{"type":"Point","coordinates":[123.2663,-17.2045]},"properties":{"d":"2026-09-30","t":"0440","frp":8.1,"b":346.2,"c":1,"s":"N21","n":0}},{"type":"Feature","geometry":{"type":"Point","coordinates":[123.2699,-17.1982]},"properties":{"d":"2026-09-30","t":"0440","frp":10.2,"b":352.9,"c":1,"s":"N21","n":0}},{"type":"Feature","geometry":{"type":"Point","coordinates":[123.2742,-17.1978]},"properties":{"d":"2026-09-30","t":"0440","frp":10.2,"b":350.3,"c":1,"s":"N21","n":0}},{"type":"Feature","geometry":{"type":"Point","coordinates":[123.2779,-17.1915]},"properties":{"d":"2026-09-30","t":"0440","frp":7.7,"b":347.7,"c":1,"s":"N21","n":0}},{"type":"Feature","geometry":{"type":"Point","coordinates":[123.2822,-17.1911]},"properties":{"d":"2026-09-30","t":"0440","frp":7.7,"b":334.5,"c":1,"s":"N21","n":0}},{"type":"Feature","geometry":{"type":"Point","coordinates":[134.8763,-17.1449]},"properties":{"d":"2026-09-30","t":"0440","frp":8.5,"b":343.7,"c":1,"s":"N21","n":0}},{"type":"Feature","geometry":{"type":"Point","coordinates":[134.8721,-17.1421]},"properties":{"d":"2026-09-30","t":"0440","frp":8.4,"b":355.4,"c":1,"s":"N21","n":0}},{"type":"Feature","geometry":{"type":"Point","coordinates":[134.8757,-17.1415]},"properties":{"d":"2026-09-30","t":"0440","frp":9.4,"b":367.0,"c":2,"s":"N21","n":0}},{"type":"Feature","geometry":{"type":"Point","coordinates":[134.8794,-17.141]},"properties":{"d":"2026-09-30","t":"0440","frp":9.4,"b":367.0,"c":2,"s":"N21","n":0}},{"type":"Feature","geometry":{"type":"Point","coordinates":[134.883,-17.1404]},"properties":{"d":"2026-09-30","t":"0440","frp":8.1,"b":352.1,"c":1,"s":"N21","n":0}},{"type":"Feature","geometry":{"type":"Point","coordinates":[134.8939,-17.1387]},"properties":{"d":"2026-09-30","t":"0440","frp":12.9,"b":340.2,"c":1,"s":"N21","n":0}},{"type":"Feature","geometry":{"type":"Point","coordinates":[134.8975,-17.1381]},"properties":{"d":"2026-09-30","t":"0440","frp":10.2,"b":348.2,"c":1,"s":"N21","n":0}},{"type":"Feature","geometry":{"type":"Point","coordinates":[134.9272,-17.1369]},"properties":{"d":"2026-09-30","t":"0440","frp":28.8,"b":346.0,"c":0,"s":"N21","n":0}},{"type":"Feature","geometry":{"type":"Point","coordinates":[134.9496,-17.1369]},"properties":{"d":"2026-09-30","t":"0440","frp":4.5,"b":338.7,"c":0,"s":"N21","n":0}},{"type":"Feature","geometry":{"type":"Point","coordinates":[134.9308,-17.1364]},"properties":{"d":"2026-09-30","t":"0440","frp":28.8,"b":354.1,"c":1,"s":"N21","n":0}},{"type":"Feature","geometry":{"type":"Point","coordinates":[134.8897,-17.136]},"properties":{"d":"2026-09-30","t":"0440","frp":12.9,"b":339.7,"c":1,"s":"N21","n":0}},{"type":"Feature","geometry":{"type":"Point","coordinates":[134.9345,-17.1358]},"properties":{"d":"2026-09-30","t":"0440","frp":10.4,"b":355.4,"c":1,"s":"N21","n":0}},{"type":"Feature","geometry":{"type":"Point","coordinates":[134.8933,-17.1354]},"properties":{"d":"2026-09-30","t":"0440","frp":12.9,"b":352.3,"c":1,"s":"N21","n":0}},{"type":"Feature","geometry":{"type":"Point","coordinates":[134.9381,-17.1352]},"properties":{"d":"2026-09-30","t":"0440","frp":10.4,"b":367.0,"c":2,"s":"N21","n":0}},{"type":"Feature","geometry":{"type":"Point","coordinates":[134.897,-17.1348]},"properties":{"d":"2026-09-30","t":"0440","frp":10.2,"b":367.0,"c":2,"s":"N21","n":0}},{"type":"Feature","geometry":{"type":"Point","coordinates":[134.9417,-17.1347]},"properties":{"d":"2026-09-30","t":"0440","frp":6.8,"b":353.1,"c":1,"s":"N21","n":0}},{"type":"Feature","geometry":{"type":"Point","coordinates":[134.9006,-17.1343]},"properties":{"d":"2026-09-30","t":"0440","frp":10.2,"b":342.2,"c":1,"s":"N21","n":0}},{"type":"Feature","geometry":{"type":"Point","coordinates":[134.923,-17.1342]},"properties":{"d":"2026-09-30","t":"0440","frp":4.8,"b":342.7,"c":1,"s":"N21","n":0}},{"type":"Feature","geometry":{"type":"Point","coordinates":[134.9454,-17.1341]},"properties":{"d":"2026-09-30","t":"0440","frp":6.8,"b":353.1,"c":1,"s":"N21","n":0}},{"type":"Feature","geometry":{"type":"Point","coordinates":[134.9042,-17.1337]},"properties":{"d":"2026-09-30","t":"0440","frp":5.8,"b":345.9,"c":1,"s":"N21","n":0}},{"type":"Feature","geometry":{"type":"Point","coordinates":[134.949,-17.1335]},"properties":{"d":"2026-09-30","t":"0440","frp":4.5,"b":342.8,"c":1,"s":"N21","n":0}},{"type":"Feature","geometry":{"type":"Point","coordinates":[134.9079,-17.1331]},"properties":{"d":"2026-09-30","t":"0440","frp":5.8,"b":352.0,"c":1,"s":"N21","n":0}},{"type":"Feature","geometry":{"type":"Point","coordinates":[134.9115,-17.1326]},"properties":{"d":"2026-09-30","t":"0440","frp":6.5,"b":349.2,"c":1,"s":"N21","n":0}},{"type":"Feature","geometry":{"type":"Point","coordinates":[134.9672,-17.1307]},"properties":{"d":"2026-09-30","t":"0440","frp":10.5,"b":352.1,"c":1,"s":"N21","n":0}},{"type":"Feature","geometry":{"type":"Point","coordinates":[134.9709,-17.1301]},"properties":{"d":"2026-09-30","t":"0440","frp":10.1,"b":348.2,"c":1,"s":"N21","n":0}},{"type":"Feature","geometry":{"type":"Point","coordinates":[134.9703,-17.1268]},"properties":{"d":"2026-09-30","t":"0440","frp":3.8,"b":338.4,"c":1,"s":"N21","n":0}},{"type":"Feature","geometry":{"type":"Point","coordinates":[134.974,-17.1262]},"properties":{"d":"2026-09-30","t":"0440","frp":3.8,"b":347.8,"c":1,"s":"N21","n":0}},{"type":"Feature","geometry":{"type":"Point","coordinates":[134.9916,-17.1201]},"properties":{"d":"2026-09-30","t":"0440","frp":5.8,"b":347.1,"c":1,"s":"N21","n":0}},{"type":"Feature","geometry":{"type":"Point","coordinates":[134.9953,-17.1195]},"properties":{"d":"2026-09-30","t":"0440","frp":5.8,"b":353.9,"c":1,"s":"N21","n":0}},{"type":"Feature","geometry":{"type":"Point","coordinates":[122.8209,-17.0506]},"properties":{"d":"2026-09-30","t":"0440","frp":15.7,"b":340.0,"c":1,"s":"N21","n":0}},{"type":"Feature","geometry":{"type":"Point","coordinates":[122.8255,-17.0501]},"properties":{"d":"2026-09-30","t":"0440","frp":5.2,"b":331.2,"c":1,"s":"N21","n":0}},{"type":"Feature","geometry":{"type":"Point","coordinates":[135.2227,-17.0427]},"properties":{"d":"2026-09-30","t":"0440","frp":67.5,"b":349.8,"c":1,"s":"N21","n":0}},{"type":"Feature","geometry":{"type":"Point","coordinates":[135.2185,-17.0399]},"properties":{"d":"2026-09-30","t":"0440","frp":12.3,"b":348.2,"c":1,"s":"N21","n":0}},{"type":"Feature","geometry":{"type":"Point","coordinates":[135.2222,-17.0394]},"properties":{"d":"2026-09-30","t":"0440","frp":12.3,"b":346.9,"c":1,"s":"N21","n":0}},{"type":"Feature","geometry":{"type":"Point","coordinates":[135.2216,-17.036]},"properties":{"d":"2026-09-30","t":"0440","frp":12.3,"b":354.6,"c":1,"s":"N21","n":0}},{"type":"Feature","geometry":{"type":"Point","coordinates":[135.221,-17.0327]},"properties":{"d":"2026-09-30","t":"0440","frp":4.9,"b":335.9,"c":0,"s":"N21","n":0}},{"type":"Feature","geometry":{"type":"Point","coordinates":[135.2247,-17.0321]},"properties":{"d":"2026-09-30","t":"0440","frp":1.2,"b":337.7,"c":1,"s":"N21","n":0}},{"type":"Feature","geometry":{"type":"Point","coordinates":[135.2241,-17.0287]},"properties":{"d":"2026-09-30","t":"0440","frp":1.2,"b":335.5,"c":0,"s":"N21","n":0}},{"type":"Feature","geometry":{"type":"Point","coordinates":[135.1876,-17.014]},"properties":{"d":"2026-09-30","t":"0440","frp":5.8,"b":347.6,"c":1,"s":"N21","n":0}},{"type":"Feature","geometry":{"type":"Point","coordinates":[135.187,-17.0106]},"properties":{"d":"2026-09-30","t":"0440","frp":3.9,"b":334.7,"c":1,"s":"N21","n":0}},{"type":"Feature","geometry":{"type":"Point","coordinates":[135.1907,-17.01]},"properties":{"d":"2026-09-30","t":"0440","frp":14.1,"b":350.5,"c":1,"s":"N21","n":0}},{"type":"Feature","geometry":{"type":"Point","coordinates":[135.2091,-17.0071]},"properties":{"d":"2026-09-30","t":"0440","frp":3.8,"b":341.1,"c":1,"s":"N21","n":0}},{"type":"Feature","geometry":{"type":"Point","coordinates":[135.1901,-17.0067]},"properties":{"d":"2026-09-30","t":"0440","frp":14.1,"b":335.6,"c":1,"s":"N21","n":0}},{"type":"Feature","geometry":{"type":"Point","coordinates":[135.1938,-17.0061]},"properties":{"d":"2026-09-30","t":"0440","frp":14.1,"b":352.4,"c":1,"s":"N21","n":0}},{"type":"Feature","geometry":{"type":"Point","coordinates":[135.1975,-17.0055]},"properties":{"d":"2026-09-30","t":"0440","frp":13.8,"b":355.2,"c":1,"s":"N21","n":0}},{"type":"Feature","geometry":{"type":"Point","coordinates":[135.2012,-17.005]},"properties":{"d":"2026-09-30","t":"0440","frp":13.8,"b":344.1,"c":1,"s":"N21","n":0}},{"type":"Feature","geometry":{"type":"Point","coordinates":[135.2048,-17.0044]},"properties":{"d":"2026-09-30","t":"0440","frp":3.8,"b":342.2,"c":1,"s":"N21","n":0}},{"type":"Feature","geometry":{"type":"Point","coordinates":[135.1969,-17.0022]},"properties":{"d":"2026-09-30","t":"0440","frp":11.4,"b":367.0,"c":2,"s":"N21","n":0}},{"type":"Feature","geometry":{"type":"Point","coordinates":[135.2006,-17.0016]},"properties":{"d":"2026-09-30","t":"0440","frp":11.4,"b":336.9,"c":1,"s":"N21","n":0}},{"type":"Feature","geometry":{"type":"Point","coordinates":[135.2043,-17.001]},"properties":{"d":"2026-09-30","t":"0440","frp":8.8,"b":346.0,"c":1,"s":"N21","n":0}},{"type":"Feature","geometry":{"type":"Point","coordinates":[135.1958,-16.9955]},"properties":{"d":"2026-09-30","t":"0440","frp":7.8,"b":343.6,"c":1,"s":"N21","n":0}},{"type":"Feature","geometry":{"type":"Point","coordinates":[135.1989,-16.9916]},"properties":{"d":"2026-09-30","t":"0440","frp":7.8,"b":353.9,"c":1,"s":"N21","n":0}},{"type":"Feature","geometry":{"type":"Point","coordinates":[122.6344,-16.9775]},"properties":{"d":"2026-09-30","t":"0440","frp":2.3,"b":334.4,"c":1,"s":"N21","n":0}},{"type":"Feature","geometry":{"type":"Point","coordinates":[122.6346,-16.976]},"properties":{"d":"2026-09-30","t":"0440","frp":5.2,"b":331.7,"c":1,"s":"N21","n":0}},{"type":"Feature","geometry":{"type":"Point","coordinates":[135.3078,-16.9445]},"properties":{"d":"2026-09-30","t":"0440","frp":6.2,"b":345.8,"c":1,"s":"N21","n":0}},{"type":"Feature","geometry":{"type":"Point","coordinates":[135.3072,-16.9412]},"properties":{"d":"2026-09-30","t":"0440","frp":6.2,"b":347.7,"c":1,"s":"N21","n":0}},{"type":"Feature","geometry":{"type":"Point","coordinates":[135.3984,-16.9405]},"properties":{"d":"2026-09-30","t":"0440","frp":22.4,"b":346.3,"c":1,"s":"N21","n":0}},{"type":"Feature","geometry":{"type":"Point","coordinates":[135.3793,-16.9401]},"properties":{"d":"2026-09-30","t":"0440","frp":14.9,"b":367.0,"c":2,"s":"N21","n":0}},{"type":"Feature","geometry":{"type":"Point","coordinates":[135.3904,-16.9383]},"properties":{"d":"2026-09-30","t":"0440","frp":5.0,"b":343.8,"c":1,"s":"N21","n":0}},{"type":"Feature","geometry":{"type":"Point","coordinates":[135.3484,-16.9381]},"properties":{"d":"2026-09-30","t":"0440","frp":6.6,"b":347.4,"c":1,"s":"N21","n":0}},{"type":"Feature","geometry":{"type":"Point","coordinates":[135.4015,-16.9366]},"properties":{"d":"2026-09-30","t":"0440","frp":14.4,"b":367.0,"c":2,"s":"N21","n":0}},{"type":"Feature","geometry":{"type":"Point","coordinates":[135.3824,-16.9362]},"properties":{"d":"2026-09-30","t":"0440","frp":12.3,"b":339.7,"c":1,"s":"N21","n":0}},{"type":"Feature","geometry":{"type":"Point","coordinates":[135.4052,-16.936]},"properties":{"d":"2026-09-30","t":"0440","frp":6.9,"b":349.2,"c":1,"s":"N21","n":0}},{"type":"Feature","geometry":{"type":"Point","coordinates":[130.0456,-16.7857]},"properties":{"d":"2026-09-30","t":"0440","frp":30.9,"b":347.7,"c":1,"s":"N21","n":0}},{"type":"Feature","geometry":{"type":"Point","coordinates":[130.0404,-16.7826]},"properties":{"d":"2026-09-30","t":"0440","frp":30.9,"b":347.0,"c":1,"s":"N21","n":0}},{"type":"Feature","geometry":{"type":"Point","coordinates":[130.0544,-16.7807]},"properties":{"d":"2026-09-30","t":"0440","frp":20.0,"b":347.9,"c":1,"s":"N21","n":0}},{"type":"Feature","geometry":{"type":"Point","coordinates":[130.0586,-16.7764]},"properties":{"d":"2026-09-30","t":"0440","frp":8.8,"b":343.8,"c":1,"s":"N21","n":0}},{"type":"Feature","geometry":{"type":"Point","coordinates":[130.0345,-16.7757]},"properties":{"d":"2026-09-30","t":"0440","frp":17.4,"b":341.3,"c":1,"s":"N21","n":0}},{"type":"Feature","geometry":{"type":"Point","coordinates":[130.0392,-16.7751]},"properties":{"d":"2026-09-30","t":"0440","frp":92.5,"b":350.9,"c":1,"s":"N21","n":0}},{"type":"Feature","geometry":{"type":"Point","coordinates":[130.058,-16.7726]},"properties":{"d":"2026-09-30","t":"0440","frp":8.8,"b":342.8,"c":0,"s":"N21","n":0}},{"type":"Feature","geometry":{"type":"Point","coordinates":[130.0622,-16.7683]},"properties":{"d":"2026-09-30","t":"0440","frp":9.1,"b":347.7,"c":1,"s":"N21","n":0}},{"type":"Feature","geometry":{"type":"Point","coordinates":[130.0616,-16.7645]},"properties":{"d":"2026-09-30","t":"0440","frp":9.1,"b":345.3,"c":1,"s":"N21","n":0}},{"type":"Feature","geometry":{"type":"Point","coordinates":[130.0628,-16.7631]},"properties":{"d":"2026-09-30","t":"0440","frp":17.9,"b":341.7,"c":0,"s":"N21","n":0}},{"type":"Feature","geometry":{"type":"Point","coordinates":[130.0277,-16.7613]},"properties":{"d":"2026-09-30","t":"0440","frp":31.3,"b":354.0,"c":1,"s":"N21","n":0}},{"type":"Feature","geometry":{"type":"Point","coordinates":[130.0289,-16.7601]},"properties":{"d":"2026-09-30","t":"0440","frp":28.3,"b":367.0,"c":2,"s":"N21","n":0}},{"type":"Feature","geometry":{"type":"Point","coordinates":[130.0622,-16.7594]},"properties":{"d":"2026-09-30","t":"0440","frp":5.5,"b":339.4,"c":0,"s":"N21","n":0}},{"type":"Feature","geometry":{"type":"Point","coordinates":[130.0653,-16.7564]},"properties":{"d":"2026-09-30","t":"0440","frp":5.8,"b":337.7,"c":0,"s":"N21","n":0}},{"type":"Feature","geometry":{"type":"Point","coordinates":[130.0617,-16.7556]},"properties":{"d":"2026-09-30","t":"0440","frp":5.5,"b":337.3,"c":0,"s":"N21","n":0}},{"type":"Feature","geometry":{"type":"Point","coordinates":[130.0664,-16.755]},"properties":{"d":"2026-09-30","t":"0440","frp":5.7,"b":335.6,"c":0,"s":"N21","n":0}},{"type":"Feature","geometry":{"type":"Point","coordinates":[130.0279,-16.7526]},"properties":{"d":"2026-09-30","t":"0440","frp":11.8,"b":338.8,"c":1,"s":"N21","n":0}},{"type":"Feature","geometry":{"type":"Point","coordinates":[130.0658,-16.7513]},"properties":{"d":"2026-09-30","t":"0440","frp":7.3,"b":341.9,"c":1,"s":"N21","n":0}},{"type":"Feature","geometry":{"type":"Point","coordinates":[130.0653,-16.7475]},"properties":{"d":"2026-09-30","t":"0440","frp":7.3,"b":345.7,"c":1,"s":"N21","n":0}},{"type":"Feature","geometry":{"type":"Point","coordinates":[130.07,-16.7469]},"properties":{"d":"2026-09-30","t":"0440","frp":7.3,"b":347.0,"c":1,"s":"N21","n":0}},{"type":"Feature","geometry":{"type":"Point","coordinates":[130.0694,-16.7431]},"properties":{"d":"2026-09-30","t":"0440","frp":5.7,"b":341.2,"c":1,"s":"N21","n":0}},{"type":"Feature","geometry":{"type":"Point","coordinates":[130.0689,-16.7394]},"properties":{"d":"2026-09-30","t":"0440","frp":5.7,"b":339.9,"c":1,"s":"N21","n":0}},{"type":"Feature","geometry":{"type":"Point","coordinates":[130.0735,-16.7387]},"properties":{"d":"2026-09-30","t":"0440","frp":6.4,"b":339.8,"c":1,"s":"N21","n":0}},{"type":"Feature","geometry":{"type":"Point","coordinates":[130.073,-16.735]},"properties":{"d":"2026-09-30","t":"0440","frp":11.4,"b":346.2,"c":1,"s":"N21","n":0}},{"type":"Feature","geometry":{"type":"Point","coordinates":[130.0725,-16.7313]},"properties":{"d":"2026-09-30","t":"0440","frp":11.4,"b":342.6,"c":1,"s":"N21","n":0}},{"type":"Feature","geometry":{"type":"Point","coordinates":[130.0719,-16.7275]},"properties":{"d":"2026-09-30","t":"0440","frp":21.1,"b":334.4,"c":0,"s":"N21","n":0}},{"type":"Feature","geometry":{"type":"Point","coordinates":[130.0797,-16.715]},"properties":{"d":"2026-09-30","t":"0440","frp":5.1,"b":334.0,"c":0,"s":"N21","n":0}},{"type":"Feature","geometry":{"type":"Point","coordinates":[128.1447,-16.7131]},"properties":{"d":"2026-09-30","t":"0440","frp":5.0,"b":343.6,"c":1,"s":"N21","n":0}},{"type":"Feature","geometry":{"type":"Point","coordinates":[130.0791,-16.7113]},"properties":{"d":"2026-09-30","t":"0440","frp":14.6,"b":353.6,"c":1,"s":"N21","n":0}},{"type":"Feature","geometry":{"type":"Point","coordinates":[130.0833,-16.7069]},"properties":{"d":"2026-09-30","t":"0440","frp":14.6,"b":344.4,"c":1,"s":"N21","n":0}},{"type":"Feature","geometry":{"type":"Point","coordinates":[130.0781,-16.7038]},"properties":{"d":"2026-09-30","t":"0440","frp":12.1,"b":339.9,"c":0,"s":"N21","n":0}},{"type":"Feature","geometry":{"type":"Point","coordinates":[130.0915,-16.6982]},"properties":{"d":"2026-09-30","t":"0440","frp":22.1,"b":349.2,"c":1,"s":"N21","n":0}},{"type":"Feature","geometry":{"type":"Point","coordinates":[128.1503,-16.6904]},"properties":{"d":"2026-09-30","t":"0440","frp":9.1,"b":342.5,"c":1,"s":"N21","n":0}},{"type":"Feature","geometry":{"type":"Point","coordinates":[130.1024,-16.6739]},"properties":{"d":"2026-09-30","t":"0440","frp":7.2,"b":338.6,"c":0,"s":"N21","n":0}},{"type":"Feature","geometry":{"type":"Point","coordinates":[130.11,-16.6615]},"properties":{"d":"2026-09-30","t":"0440","frp":19.4,"b":350.5,"c":1,"s":"N21","n":0}},{"type":"Feature","geometry":{"type":"Point","coordinates":[130.114,-16.6571]},"properties":{"d":"2026-09-30","t":"0440","frp":19.4,"b":352.6,"c":1,"s":"N21","n":0}},{"type":"Feature","geometry":{"type":"Point","coordinates":[130.1187,-16.6565]},"properties":{"d":"2026-09-30","t":"0440","frp":9.7,"b":337.3,"c":0,"s":"N21","n":0}},{"type":"Feature","geometry":{"type":"Point","coordinates":[130.1135,-16.6534]},"properties":{"d":"2026-09-30","t":"0440","frp":12.0,"b":344.1,"c":1,"s":"N21","n":0}},{"type":"Feature","geometry":{"type":"Point","coordinates":[130.1103,-16.6523]},"properties":{"d":"2026-09-30","t":"0440","frp":5.7,"b":335.3,"c":1,"s":"N21","n":0}},{"type":"Feature","geometry":{"type":"Point","coordinates":[130.1149,-16.6517]},"properties":{"d":"2026-09-30","t":"0440","frp":5.7,"b":342.1,"c":1,"s":"N21","n":0}},{"type":"Feature","geometry":{"type":"Point","coordinates":[130.1412,-16.6498]},"properties":{"d":"2026-09-30","t":"0440","frp":4.9,"b":343.4,"c":1,"s":"N21","n":0}},{"type":"Feature","geometry":{"type":"Point","coordinates":[130.1508,-16.6391]},"properties":{"d":"2026-09-30","t":"0440","frp":5.0,"b":335.9,"c":1,"s":"N21","n":0}},{"type":"Feature","geometry":{"type":"Point","coordinates":[130.1725,-16.638]},"properties":{"d":"2026-09-30","t":"0440","frp":12.7,"b":345.2,"c":1,"s":"N21","n":0}},{"type":"Feature","geometry":{"type":"Point","coordinates":[130.1535,-16.6367]},"properties":{"d":"2026-09-30","t":"0440","frp":7.1,"b":344.3,"c":1,"s":"N21","n":0}},{"type":"Feature","geometry":{"type":"Point","coordinates":[130.1693,-16.6366]},"properties":{"d":"2026-09-30","t":"0440","frp":58.9,"b":348.0,"c":1,"s":"N21","n":0}},{"type":"Feature","geometry":{"type":"Point","coordinates":[130.1674,-16.6349]},"properties":{"d":"2026-09-30","t":"0440","frp":18.3,"b":344.5,"c":1,"s":"N21","n":0}},{"type":"Feature","geometry":{"type":"Point","coordinates":[130.1683,-16.6291]},"properties":{"d":"2026-09-30","t":"0440","frp":53.0,"b":367.0,"c":2,"s":"N21","n":0}},{"type":"Feature","geometry":{"type":"Point","coordinates":[130.1489,-16.6242]},"properties":{"d":"2026-09-30","t":"0440","frp":5.6,"b":338.9,"c":1,"s":"N21","n":0}},{"type":"Feature","geometry":{"type":"Point","coordinates":[130.1627,-16.6223]},"properties":{"d":"2026-09-30","t":"0440","frp":3.9,"b":343.6,"c":1,"s":"N21","n":0}},{"type":"Feature","geometry":{"type":"Point","coordinates":[130.2156,-16.566]},"properties":{"d":"2026-09-30","t":"0440","frp":26.6,"b":343.6,"c":0,"s":"N21","n":0}},{"type":"Feature","geometry":{"type":"Point","coordinates":[130.2292,-16.5641]},"properties":{"d":"2026-09-30","t":"0440","frp":5.6,"b":336.1,"c":1,"s":"N21","n":0}},{"type":"Feature","geometry":{"type":"Point","coordinates":[130.2377,-16.5592]},"properties":{"d":"2026-09-30","t":"0440","frp":19.6,"b":354.9,"c":1,"s":"N21","n":0}},{"type":"Feature","geometry":{"type":"Point","coordinates":[130.2372,-16.5555]},"properties":{"d":"2026-09-30","t":"0440","frp":19.6,"b":340.7,"c":0,"s":"N21","n":0}},{"type":"Feature","geometry":{"type":"Point","coordinates":[130.2417,-16.5549]},"properties":{"d":"2026-09-30","t":"0440","frp":19.6,"b":343.5,"c":1,"s":"N21","n":0}},{"type":"Feature","geometry":{"type":"Point","coordinates":[130.2412,-16.5512]},"properties":{"d":"2026-09-30","t":"0440","frp":4.9,"b":336.8,"c":0,"s":"N21","n":0}},{"type":"Feature","geometry":{"type":"Point","coordinates":[130.2407,-16.5475]},"properties":{"d":"2026-09-30","t":"0440","frp":4.9,"b":336.2,"c":1,"s":"N21","n":0}},{"type":"Feature","geometry":{"type":"Point","coordinates":[129.8342,-16.5203]},"properties":{"d":"2026-09-30","t":"0440","frp":5.8,"b":335.7,"c":1,"s":"N21","n":0}},{"type":"Feature","geometry":{"type":"Point","coordinates":[129.8337,-16.5165]},"properties":{"d":"2026-09-30","t":"0440","frp":5.8,"b":343.3,"c":1,"s":"N21","n":0}},{"type":"Feature","geometry":{"type":"Point","coordinates":[129.8332,-16.5127]},"properties":{"d":"2026-09-30","t":"0440","frp":7.8,"b":341.8,"c":1,"s":"N21","n":0}},{"type":"Feature","geometry":{"type":"Point","coordinates":[129.8374,-16.5083]},"properties":{"d":"2026-09-30","t":"0440","frp":7.8,"b":340.1,"c":1,"s":"N21","n":0}},{"type":"Feature","geometry":{"type":"Point","coordinates":[129.8369,-16.5045]},"properties":{"d":"2026-09-30","t":"0440","frp":6.7,"b":334.6,"c":0,"s":"N21","n":0}},{"type":"Feature","geometry":{"type":"Point","coordinates":[129.8411,-16.5001]},"properties":{"d":"2026-09-30","t":"0440","frp":6.9,"b":336.9,"c":1,"s":"N21","n":0}},{"type":"Feature","geometry":{"type":"Point","coordinates":[130.3201,-16.4775]},"properties":{"d":"2026-09-30","t":"0440","frp":13.6,"b":342.1,"c":0,"s":"N21","n":0}},{"type":"Feature","geometry":{"type":"Point","coordinates":[130.3275,-16.4652]},"properties":{"d":"2026-09-30","t":"0440","frp":8.0,"b":341.0,"c":0,"s":"N21","n":0}},{"type":"Feature","geometry":{"type":"Point","coordinates":[130.332,-16.4646]},"properties":{"d":"2026-09-30","t":"0440","frp":8.0,"b":338.1,"c":0,"s":"N21","n":0}},{"type":"Feature","geometry":{"type":"Point","coordinates":[130.3264,-16.4578]},"properties":{"d":"2026-09-30","t":"0440","frp":9.3,"b":339.5,"c":0,"s":"N21","n":0}},{"type":"Feature","geometry":{"type":"Point","coordinates":[130.3776,-16.4359]},"properties":{"d":"2026-09-30","t":"0440","frp":5.0,"b":337.5,"c":0,"s":"N21","n":0}},{"type":"Feature","geometry":{"type":"Point","coordinates":[130.3771,-16.4322]},"properties":{"d":"2026-09-30","t":"0440","frp":4.7,"b":337.3,"c":0,"s":"N21","n":0}},{"type":"Feature","geometry":{"type":"Point","coordinates":[130.3766,-16.4286]},"properties":{"d":"2026-09-30","t":"0440","frp":4.7,"b":343.2,"c":1,"s":"N21","n":0}},{"type":"Feature","geometry":{"type":"Point","coordinates":[130.3761,-16.4249]},"properties":{"d":"2026-09-30","t":"0440","frp":6.2,"b":336.3,"c":0,"s":"N21","n":0}},{"type":"Feature","geometry":{"type":"Point","coordinates":[130.3756,-16.4212]},"properties":{"d":"2026-09-30","t":"0440","frp":6.2,"b":335.5,"c":0,"s":"N21","n":0}},{"type":"Feature","geometry":{"type":"Point","coordinates":[130.3801,-16.4206]},"properties":{"d":"2026-09-30","t":"0440","frp":6.2,"b":354.7,"c":1,"s":"N21","n":0}},{"type":"Feature","geometry":{"type":"Point","coordinates":[130.3746,-16.4139]},"properties":{"d":"2026-09-30","t":"0440","frp":6.2,"b":339.1,"c":1,"s":"N21","n":0}},{"type":"Feature","geometry":{"type":"Point","coordinates":[130.379,-16.4133]},"properties":{"d":"2026-09-30","t":"0440","frp":6.2,"b":337.9,"c":0,"s":"N21","n":0}},{"type":"Feature","geometry":{"type":"Point","coordinates":[130.3776,-16.4022]},"properties":{"d":"2026-09-30","t":"0440","frp":8.2,"b":341.6,"c":0,"s":"N21","n":0}},{"type":"Feature","geometry":{"type":"Point","coordinates":[130.3782,-16.3988]},"properties":{"d":"2026-09-30","t":"0440","frp":7.9,"b":341.6,"c":0,"s":"N21","n":0}},{"type":"Feature","geometry":{"type":"Point","coordinates":[130.3771,-16.3986]},"properties":{"d":"2026-09-30","t":"0440","frp":8.2,"b":343.3,"c":0,"s":"N21","n":0}},{"type":"Feature","geometry":{"type":"Point","coordinates":[130.3777,-16.3951]},"properties":{"d":"2026-09-30","t":"0440","frp":7.9,"b":339.3,"c":0,"s":"N21","n":0}},{"type":"Feature","geometry":{"type":"Point","coordinates":[130.3766,-16.3949]},"properties":{"d":"2026-09-30","t":"0440","frp":14.9,"b":340.7,"c":0,"s":"N21","n":0}},{"type":"Feature","geometry":{"type":"Point","coordinates":[130.3722,-16.3884]},"properties":{"d":"2026-09-30","t":"0440","frp":16.2,"b":348.3,"c":1,"s":"N21","n":0}},{"type":"Feature","geometry":{"type":"Point","coordinates":[130.3716,-16.3847]},"properties":{"d":"2026-09-30","t":"0440","frp":5.2,"b":341.2,"c":1,"s":"N21","n":0}},{"type":"Feature","geometry":{"type":"Point","coordinates":[133.8215,-15.968]},"properties":{"d":"2026-09-30","t":"0440","frp":4.5,"b":343.4,"c":1,"s":"N21","n":0}},{"type":"Feature","geometry":{"type":"Point","coordinates":[133.8245,-15.9641]},"properties":{"d":"2026-09-30","t":"0440","frp":7.6,"b":337.9,"c":1,"s":"N21","n":0}},{"type":"Feature","geometry":{"type":"Point","coordinates":[133.8635,-15.9108]},"properties":{"d":"2026-09-30","t":"0440","frp":15.2,"b":351.5,"c":1,"s":"N21","n":0}},{"type":"Feature","geometry":{"type":"Point","coordinates":[133.8629,-15.9074]},"properties":{"d":"2026-09-30","t":"0440","frp":15.2,"b":341.8,"c":1,"s":"N21","n":0}},{"type":"Feature","geometry":{"type":"Point","coordinates":[133.9099,-15.8628]},"properties":{"d":"2026-09-30","t":"0440","frp":4.4,"b":330.8,"c":0,"s":"N21","n":0}},{"type":"Feature","geometry":{"type":"Point","coordinates":[134.3532,-15.8558]},"properties":{"d":"2026-09-30","t":"0440","frp":4.5,"b":335.9,"c":1,"s":"N21","n":0}},{"type":"Feature","geometry":{"type":"Point","coordinates":[133.9154,-15.8517]},"properties":{"d":"2026-09-30","t":"0440","frp":2.7,"b":331.4,"c":0,"s":"N21","n":0}},{"type":"Feature","geometry":{"type":"Point","coordinates":[133.9185,-15.8479]},"properties":{"d":"2026-09-30","t":"0440","frp":3.1,"b":334.1,"c":1,"s":"N21","n":0}},{"type":"Feature","geometry":{"type":"Point","coordinates":[133.9179,-15.8446]},"properties":{"d":"2026-09-30","t":"0440","frp":3.1,"b":334.2,"c":1,"s":"N21","n":0}},{"type":"Feature","geometry":{"type":"Point","coordinates":[133.921,-15.8407]},"properties":{"d":"2026-09-30","t":"0440","frp":4.4,"b":346.0,"c":1,"s":"N21","n":0}},{"type":"Feature","geometry":{"type":"Point","coordinates":[133.9204,-15.8374]},"properties":{"d":"2026-09-30","t":"0440","frp":4.4,"b":337.6,"c":1,"s":"N21","n":0}},{"type":"Feature","geometry":{"type":"Point","coordinates":[133.924,-15.8369]},"properties":{"d":"2026-09-30","t":"0440","frp":3.2,"b":334.0,"c":1,"s":"N21","n":0}},{"type":"Feature","geometry":{"type":"Point","coordinates":[133.9235,-15.8336]},"properties":{"d":"2026-09-30","t":"0440","frp":6.9,"b":343.1,"c":1,"s":"N21","n":0}},{"type":"Feature","geometry":{"type":"Point","coordinates":[133.926,-15.8264]},"properties":{"d":"2026-09-30","t":"0440","frp":5.5,"b":343.4,"c":1,"s":"N21","n":0}},{"type":"Feature","geometry":{"type":"Point","coordinates":[134.3948,-15.7984]},"properties":{"d":"2026-09-30","t":"0440","frp":7.8,"b":345.6,"c":1,"s":"N21","n":0}},{"type":"Feature","geometry":{"type":"Point","coordinates":[133.9354,-15.7944]},"properties":{"d":"2026-09-30","t":"0440","frp":2.7,"b":331.1,"c":0,"s":"N21","n":0}},{"type":"Feature","geometry":{"type":"Point","coordinates":[133.9348,-15.7911]},"properties":{"d":"2026-09-30","t":"0440","frp":4.4,"b":330.7,"c":0,"s":"N21","n":0}},{"type":"Feature","geometry":{"type":"Point","coordinates":[134.3967,-15.7879]},"properties":{"d":"2026-09-30","t":"0440","frp":8.3,"b":351.4,"c":1,"s":"N21","n":0}},{"type":"Feature","geometry":{"type":"Point","coordinates":[133.9343,-15.7878]},"properties":{"d":"2026-09-30","t":"0440","frp":4.4,"b":338.0,"c":1,"s":"N21","n":0}},{"type":"Feature","geometry":{"type":"Point","coordinates":[133.9338,-15.7845]},"properties":{"d":"2026-09-30","t":"0440","frp":3.7,"b":337.7,"c":1,"s":"N21","n":0}},{"type":"Feature","geometry":{"type":"Point","coordinates":[133.9296,-15.7818]},"properties":{"d":"2026-09-30","t":"0440","frp":3.7,"b":331.8,"c":0,"s":"N21","n":0}},{"type":"Feature","geometry":{"type":"Point","coordinates":[134.415,-15.7646]},"properties":{"d":"2026-09-30","t":"0440","frp":11.2,"b":347.0,"c":1,"s":"N21","n":0}},{"type":"Feature","geometry":{"type":"Point","coordinates":[134.4186,-15.7641]},"properties":{"d":"2026-09-30","t":"0440","frp":7.8,"b":337.0,"c":1,"s":"N21","n":0}},{"type":"Feature","geometry":{"type":"Point","coordinates":[134.4205,-15.7536]},"properties":{"d":"2026-09-30","t":"0440","frp":1.5,"b":332.4,"c":1,"s":"N21","n":0}},{"type":"Feature","geometry":{"type":"Point","coordinates":[136.3319,-15.6874]},"properties":{"d":"2026-09-30","t":"0440","frp":7.2,"b":342.8,"c":1,"s":"N21","n":0}},{"type":"Feature","geometry":{"type":"Point","coordinates":[136.3387,-15.6791]},"properties":{"d":"2026-09-30","t":"0440","frp":4.5,"b":335.3,"c":1,"s":"N21","n":0}},{"type":"Feature","geometry":{"type":"Point","coordinates":[144.6537,-15.6705]},"properties":{"d":"2026-09-30","t":"0440","frp":3.6,"b":331.9,"c":1,"s":"N21","n":0}},{"type":"Feature","geometry":{"type":"Point","coordinates":[144.6486,-15.6656]},"properties":{"d":"2026-09-30","t":"0440","frp":10.5,"b":336.7,"c":1,"s":"N21","n":0}},{"type":"Feature","geometry":{"type":"Point","coordinates":[134.5677,-15.6628]},"properties":{"d":"2026-09-30","t":"0440","frp":3.9,"b":333.1,"c":1,"s":"N21","n":0}},{"type":"Feature","geometry":{"type":"Point","coordinates":[134.5671,-15.6594]},"properties":{"d":"2026-09-30","t":"0440","frp":4.5,"b":343.4,"c":1,"s":"N21","n":0}},{"type":"Feature","geometry":{"type":"Point","coordinates":[134.5629,-15.6567]},"properties":{"d":"2026-09-30","t":"0440","frp":4.5,"b":338.1,"c":1,"s":"N21","n":0}},{"type":"Feature","geometry":{"type":"Point","coordinates":[132.2496,-15.6557]},"properties":{"d":"2026-09-30","t":"0440","frp":9.8,"b":349.2,"c":1,"s":"N21","n":0}},{"type":"Feature","geometry":{"type":"Point","coordinates":[132.2534,-15.6552]},"properties":{"d":"2026-09-30","t":"0440","frp":9.8,"b":348.5,"c":1,"s":"N21","n":0}},{"type":"Feature","geometry":{"type":"Point","coordinates":[134.5588,-15.6539]},"properties":{"d":"2026-09-30","t":"0440","frp":5.5,"b":338.2,"c":1,"s":"N21","n":0}},{"type":"Feature","geometry":{"type":"Point","coordinates":[134.5591,-15.6334]},"properties":{"d":"2026-09-30","t":"0440","frp":63.2,"b":339.1,"c":1,"s":"N21","n":0}},{"type":"Feature","geometry":{"type":"Point","coordinates":[134.5585,-15.6301]},"properties":{"d":"2026-09-30","t":"0440","frp":63.2,"b":367.0,"c":2,"s":"N21","n":0}},{"type":"Feature","geometry":{"type":"Point","coordinates":[144.526,-15.6251]},"properties":{"d":"2026-09-30","t":"0440","frp":32.4,"b":346.8,"c":1,"s":"N21","n":0}},{"type":"Feature","geometry":{"type":"Point","coordinates":[144.5213,-15.6249]},"properties":{"d":"2026-09-30","t":"0440","frp":16.5,"b":339.9,"c":1,"s":"N21","n":0}},{"type":"Feature","geometry":{"type":"Point","coordinates":[144.53,-15.6243]},"properties":{"d":"2026-09-30","t":"0440","frp":32.4,"b":367.0,"c":2,"s":"N21","n":0}},{"type":"Feature","geometry":{"type":"Point","coordinates":[144.5253,-15.6241]},"properties":{"d":"2026-09-30","t":"0440","frp":41.3,"b":347.5,"c":1,"s":"N21","n":0}},{"type":"Feature","geometry":{"type":"Point","coordinates":[144.5341,-15.6234]},"properties":{"d":"2026-09-30","t":"0440","frp":18.1,"b":367.0,"c":2,"s":"N21","n":0}},{"type":"Feature","geometry":{"type":"Point","coordinates":[144.5293,-15.6233]},"properties":{"d":"2026-09-30","t":"0440","frp":41.3,"b":367.0,"c":2,"s":"N21","n":0}},{"type":"Feature","geometry":{"type":"Point","coordinates":[144.5382,-15.6226]},"properties":{"d":"2026-09-30","t":"0440","frp":18.1,"b":367.0,"c":2,"s":"N21","n":0}},{"type":"Feature","geometry":{"type":"Point","coordinates":[144.5334,-15.6225]},"properties":{"d":"2026-09-30","t":"0440","frp":20.3,"b":367.0,"c":2,"s":"N21","n":0}},{"type":"Feature","geometry":{"type":"Point","coordinates":[144.5423,-15.6217]},"properties":{"d":"2026-09-30","t":"0440","frp":17.3,"b":367.0,"c":2,"s":"N21","n":0}},{"type":"Feature","geometry":{"type":"Point","coordinates":[144.5375,-15.6217]},"properties":{"d":"2026-09-30","t":"0440","frp":20.3,"b":367.0,"c":2,"s":"N21","n":0}},{"type":"Feature","geometry":{"type":"Point","coordinates":[144.5085,-15.6216]},"properties":{"d":"2026-09-30","t":"0440","frp":15.9,"b":367.0,"c":2,"s":"N21","n":0}},{"type":"Feature","geometry":{"type":"Point","coordinates":[144.517,-15.621]},"properties":{"d":"2026-09-30","t":"0440","frp":11.2,"b":330.1,"c":1,"s":"N21","n":0}},{"type":"Feature","geometry":{"type":"Point","coordinates":[144.5417,-15.6208]},"properties":{"d":"2026-09-30","t":"0440","frp":18.1,"b":367.0,"c":2,"s":"N21","n":0}},{"type":"Feature","geometry":{"type":"Point","coordinates":[144.5465,-15.6208]},"properties":{"d":"2026-09-30","t":"0440","frp":17.3,"b":367.0,"c":2,"s":"N21","n":0}},{"type":"Feature","geometry":{"type":"Point","coordinates":[144.5125,-15.6208]},"properties":{"d":"2026-09-30","t":"0440","frp":15.9,"b":367.0,"c":2,"s":"N21","n":0}},{"type":"Feature","geometry":{"type":"Point","coordinates":[144.5209,-15.6202]},"properties":{"d":"2026-09-30","t":"0440","frp":11.2,"b":367.0,"c":2,"s":"N21","n":0}},{"type":"Feature","geometry":{"type":"Point","coordinates":[144.5163,-15.62]},"properties":{"d":"2026-09-30","t":"0440","frp":8.3,"b":339.6,"c":1,"s":"N21","n":0}},{"type":"Feature","geometry":{"type":"Point","coordinates":[144.5458,-15.62]},"properties":{"d":"2026-09-30","t":"0440","frp":18.1,"b":367.0,"c":2,"s":"N21","n":0}},{"type":"Feature","geometry":{"type":"Point","coordinates":[144.5507,-15.6199]},"properties":{"d":"2026-09-30","t":"0440","frp":14.7,"b":355.0,"c":1,"s":"N21","n":0}},{"type":"Feature","geometry":{"type":"Point","coordinates":[144.5249,-15.6194]},"properties":{"d":"2026-09-30","t":"0440","frp":8.9,"b":355.5,"c":1,"s":"N21","n":0}},{"type":"Feature","geometry":{"type":"Point","coordinates":[144.5202,-15.6192]},"properties":{"d":"2026-09-30","t":"0440","frp":8.3,"b":353.8,"c":1,"s":"N21","n":0}},{"type":"Feature","geometry":{"type":"Point","coordinates":[144.55,-15.6191]},"properties":{"d":"2026-09-30","t":"0440","frp":17.6,"b":367.0,"c":2,"s":"N21","n":0}},{"type":"Feature","geometry":{"type":"Point","coordinates":[144.5289,-15.6185]},"properties":{"d":"2026-09-30","t":"0440","frp":8.9,"b":334.1,"c":1,"s":"N21","n":0}},{"type":"Feature","geometry":{"type":"Point","coordinates":[144.5242,-15.6184]},"properties":{"d":"2026-09-30","t":"0440","frp":10.3,"b":330.5,"c":1,"s":"N21","n":0}},{"type":"Feature","geometry":{"type":"Point","coordinates":[144.533,-15.6177]},"properties":{"d":"2026-09-30","t":"0440","frp":7.3,"b":331.6,"c":1,"s":"N21","n":0}},{"type":"Feature","geometry":{"type":"Point","coordinates":[144.5079,-15.617]},"properties":{"d":"2026-09-30","t":"0440","frp":28.2,"b":354.7,"c":1,"s":"N21","n":0}},{"type":"Feature","geometry":{"type":"Point","coordinates":[144.5032,-15.6167]},"properties":{"d":"2026-09-30","t":"0440","frp":15.1,"b":340.7,"c":1,"s":"N21","n":0}},{"type":"Feature","geometry":{"type":"Point","coordinates":[144.5119,-15.6161]},"properties":{"d":"2026-09-30","t":"0440","frp":28.2,"b":367.0,"c":2,"s":"N21","n":0}},{"type":"Feature","geometry":{"type":"Point","coordinates":[144.5071,-15.6159]},"properties":{"d":"2026-09-30","t":"0440","frp":15.9,"b":367.0,"c":2,"s":"N21","n":0}},{"type":"Feature","geometry":{"type":"Point","coordinates":[144.5158,-15.6153]},"properties":{"d":"2026-09-30","t":"0440","frp":11.2,"b":342.1,"c":1,"s":"N21","n":0}},{"type":"Feature","geometry":{"type":"Point","coordinates":[144.5111,-15.6151]},"properties":{"d":"2026-09-30","t":"0440","frp":15.9,"b":339.9,"c":1,"s":"N21","n":0}},{"type":"Feature","geometry":{"type":"Point","coordinates":[134.5708,-15.6145]},"properties":{"d":"2026-09-30","t":"0440","frp":2.7,"b":331.7,"c":1,"s":"N21","n":0}},{"type":"Feature","geometry":{"type":"Point","coordinates":[144.515,-15.6143]},"properties":{"d":"2026-09-30","t":"0440","frp":8.3,"b":344.0,"c":1,"s":"N21","n":0}},{"type":"Feature","geometry":{"type":"Point","coordinates":[134.5744,-15.614]},"properties":{"d":"2026-09-30","t":"0440","frp":2.7,"b":333.7,"c":1,"s":"N21","n":0}},{"type":"Feature","geometry":{"type":"Point","coordinates":[144.5238,-15.6136]},"properties":{"d":"2026-09-30","t":"0440","frp":8.9,"b":341.4,"c":1,"s":"N21","n":0}},{"type":"Feature","geometry":{"type":"Point","coordinates":[144.519,-15.6135]},"properties":{"d":"2026-09-30","t":"0440","frp":8.3,"b":335.2,"c":1,"s":"N21","n":0}},{"type":"Feature","geometry":{"type":"Point","coordinates":[144.5537,-15.6133]},"properties":{"d":"2026-09-30","t":"0440","frp":10.2,"b":344.1,"c":1,"s":"N21","n":0}},{"type":"Feature","geometry":{"type":"Point","coordinates":[144.4989,-15.6129]},"properties":{"d":"2026-09-30","t":"0440","frp":17.8,"b":351.6,"c":1,"s":"N21","n":0}},{"type":"Feature","geometry":{"type":"Point","coordinates":[144.5231,-15.6126]},"properties":{"d":"2026-09-30","t":"0440","frp":10.3,"b":347.5,"c":1,"s":"N21","n":0}},{"type":"Feature","geometry":{"type":"Point","coordinates":[144.553,-15.6126]},"properties":{"d":"2026-09-30","t":"0440","frp":7.7,"b":340.7,"c":1,"s":"N21","n":0}},{"type":"Feature","geometry":{"type":"Point","coordinates":[144.5584,-15.6123]},"properties":{"d":"2026-09-30","t":"0440","frp":7.4,"b":340.7,"c":1,"s":"N21","n":0}},{"type":"Feature","geometry":{"type":"Point","coordinates":[144.5027,-15.6121]},"properties":{"d":"2026-09-30","t":"0440","frp":17.8,"b":367.0,"c":2,"s":"N21","n":0}},{"type":"Feature","geometry":{"type":"Point","coordinates":[144.4981,-15.6118]},"properties":{"d":"2026-09-30","t":"0440","frp":15.3,"b":334.0,"c":1,"s":"N21","n":0}},{"type":"Feature","geometry":{"type":"Point","coordinates":[144.5576,-15.6116]},"properties":{"d":"2026-09-30","t":"0440","frp":6.7,"b":343.4,"c":1,"s":"N21","n":0}},{"type":"Feature","geometry":{"type":"Point","coordinates":[144.5632,-15.6113]},"properties":{"d":"2026-09-30","t":"0440","frp":7.4,"b":334.7,"c":1,"s":"N21","n":0}},{"type":"Feature","geometry":{"type":"Point","coordinates":[144.5066,-15.6113]},"properties":{"d":"2026-09-30","t":"0440","frp":16.1,"b":355.1,"c":1,"s":"N21","n":0}},{"type":"Feature","geometry":{"type":"Point","coordinates":[144.5019,-15.611]},"properties":{"d":"2026-09-30","t":"0440","frp":15.3,"b":367.0,"c":2,"s":"N21","n":0}},{"type":"Feature","geometry":{"type":"Point","coordinates":[144.5624,-15.6107]},"properties":{"d":"2026-09-30","t":"0440","frp":6.7,"b":332.5,"c":1,"s":"N21","n":0}},{"type":"Feature","geometry":{"type":"Point","coordinates":[134.5738,-15.6106]},"properties":{"d":"2026-09-30","t":"0440","frp":5.4,"b":341.3,"c":1,"s":"N21","n":0}},{"type":"Feature","geometry":{"type":"Point","coordinates":[144.5674,-15.6104]},"properties":{"d":"2026-09-30","t":"0440","frp":12.7,"b":353.9,"c":1,"s":"N21","n":0}},{"type":"Feature","geometry":{"type":"Point","coordinates":[144.5106,-15.6104]},"properties":{"d":"2026-09-30","t":"0440","frp":16.1,"b":367.0,"c":2,"s":"N21","n":0}},{"type":"Feature","geometry":{"type":"Point","coordinates":[144.5059,-15.6102]},"properties":{"d":"2026-09-30","t":"0440","frp":14.9,"b":352.7,"c":1,"s":"N21","n":0}},{"type":"Feature","geometry":{"type":"Point","coordinates":[144.5667,-15.6098]},"properties":{"d":"2026-09-30","t":"0440","frp":12.4,"b":351.9,"c":1,"s":"N21","n":0}},{"type":"Feature","geometry":{"type":"Point","coordinates":[144.5147,-15.6096]},"properties":{"d":"2026-09-30","t":"0440","frp":12.3,"b":367.0,"c":2,"s":"N21","n":0}},{"type":"Feature","geometry":{"type":"Point","coordinates":[144.5716,-15.6096]},"properties":{"d":"2026-09-30","t":"0440","frp":12.7,"b":355.4,"c":1,"s":"N21","n":0}},{"type":"Feature","geometry":{"type":"Point","coordinates":[144.5099,-15.6094]},"properties":{"d":"2026-09-30","t":"0440","frp":14.9,"b":355.5,"c":1,"s":"N21","n":0}},{"type":"Feature","geometry":{"type":"Point","coordinates":[144.5709,-15.6089]},"properties":{"d":"2026-09-30","t":"0440","frp":12.4,"b":354.4,"c":1,"s":"N21","n":0}},{"type":"Feature","geometry":{"type":"Point","coordinates":[144.5754,-15.6088]},"properties":{"d":"2026-09-30","t":"0440","frp":13.2,"b":353.2,"c":1,"s":"N21","n":0}},{"type":"Feature","geometry":{"type":"Point","coordinates":[144.5187,-15.6087]},"properties":{"d":"2026-09-30","t":"0440","frp":12.3,"b":342.4,"c":1,"s":"N21","n":0}},{"type":"Feature","geometry":{"type":"Point","coordinates":[144.5139,-15.6085]},"properties":{"d":"2026-09-30","t":"0440","frp":10.8,"b":367.0,"c":2,"s":"N21","n":0}},{"type":"Feature","geometry":{"type":"Point","coordinates":[144.5747,-15.6081]},"properties":{"d":"2026-09-30","t":"0440","frp":13.6,"b":367.0,"c":2,"s":"N21","n":0}},{"type":"Feature","geometry":{"type":"Point","coordinates":[144.5228,-15.6078]},"properties":{"d":"2026-09-30","t":"0440","frp":6.2,"b":330.2,"c":1,"s":"N21","n":0}},{"type":"Feature","geometry":{"type":"Point","coordinates":[144.518,-15.6077]},"properties":{"d":"2026-09-30","t":"0440","frp":10.8,"b":334.3,"c":1,"s":"N21","n":0}},{"type":"Feature","geometry":{"type":"Point","coordinates":[134.5769,-15.6067]},"properties":{"d":"2026-09-30","t":"0440","frp":7.2,"b":346.2,"c":1,"s":"N21","n":0}},{"type":"Feature","geometry":{"type":"Point","coordinates":[144.5218,-15.6021]},"properties":{"d":"2026-09-30","t":"0440","frp":6.2,"b":338.8,"c":1,"s":"N21","n":0}},{"type":"Feature","geometry":{"type":"Point","coordinates":[144.521,-15.6011]},"properties":{"d":"2026-09-30","t":"0440","frp":12.5,"b":336.3,"c":1,"s":"N21","n":0}},{"type":"Feature","geometry":{"type":"Point","coordinates":[144.6111,-15.5952]},"properties":{"d":"2026-09-30","t":"0440","frp":7.6,"b":340.7,"c":1,"s":"N21","n":0}},{"type":"Feature","geometry":{"type":"Point","coordinates":[144.6106,-15.5948]},"properties":{"d":"2026-09-30","t":"0440","frp":7.2,"b":341.5,"c":1,"s":"N21","n":0}},{"type":"Feature","geometry":{"type":"Point","coordinates":[144.5242,-15.5945]},"properties":{"d":"2026-09-30","t":"0440","frp":16.4,"b":367.0,"c":2,"s":"N21","n":0}},{"type":"Feature","geometry":{"type":"Point","coordinates":[144.6098,-15.5895]},"properties":{"d":"2026-09-30","t":"0440","frp":13.2,"b":367.0,"c":2,"s":"N21","n":0}},{"type":"Feature","geometry":{"type":"Point","coordinates":[144.6093,-15.5891]},"properties":{"d":"2026-09-30","t":"0440","frp":13.6,"b":367.0,"c":2,"s":"N21","n":0}},{"type":"Feature","geometry":{"type":"Point","coordinates":[144.5233,-15.5887]},"properties":{"d":"2026-09-30","t":"0440","frp":16.4,"b":367.0,"c":2,"s":"N21","n":0}},{"type":"Feature","geometry":{"type":"Point","coordinates":[144.6137,-15.5887]},"properties":{"d":"2026-09-30","t":"0440","frp":19.0,"b":341.6,"c":1,"s":"N21","n":0}},{"type":"Feature","geometry":{"type":"Point","coordinates":[144.6132,-15.5883]},"properties":{"d":"2026-09-30","t":"0440","frp":20.1,"b":352.1,"c":1,"s":"N21","n":0}},{"type":"Feature","geometry":{"type":"Point","coordinates":[144.5275,-15.5879]},"properties":{"d":"2026-09-30","t":"0440","frp":17.1,"b":332.3,"c":1,"s":"N21","n":0}},{"type":"Feature","geometry":{"type":"Point","coordinates":[144.6047,-15.5846]},"properties":{"d":"2026-09-30","t":"0440","frp":13.2,"b":354.0,"c":1,"s":"N21","n":0}},{"type":"Feature","geometry":{"type":"Point","coordinates":[144.6042,-15.5841]},"properties":{"d":"2026-09-30","t":"0440","frp":13.6,"b":367.0,"c":2,"s":"N21","n":0}},{"type":"Feature","geometry":{"type":"Point","coordinates":[144.6085,-15.5838]},"properties":{"d":"2026-09-30","t":"0440","frp":13.2,"b":367.0,"c":2,"s":"N21","n":0}},{"type":"Feature","geometry":{"type":"Point","coordinates":[144.608,-15.5834]},"properties":{"d":"2026-09-30","t":"0440","frp":13.6,"b":367.0,"c":2,"s":"N21","n":0}},{"type":"Feature","geometry":{"type":"Point","coordinates":[144.5264,-15.5821]},"properties":{"d":"2026-09-30","t":"0440","frp":8.9,"b":367.0,"c":2,"s":"N21","n":0}},{"type":"Feature","geometry":{"type":"Point","coordinates":[144.5304,-15.5813]},"properties":{"d":"2026-09-30","t":"0440","frp":8.9,"b":335.5,"c":1,"s":"N21","n":0}},{"type":"Feature","geometry":{"type":"Point","coordinates":[144.6027,-15.5785]},"properties":{"d":"2026-09-30","t":"0440","frp":13.0,"b":367.0,"c":2,"s":"N21","n":0}},{"type":"Feature","geometry":{"type":"Point","coordinates":[144.5169,-15.5781]},"properties":{"d":"2026-09-30","t":"0440","frp":12.9,"b":336.2,"c":1,"s":"N21","n":0}},{"type":"Feature","geometry":{"type":"Point","coordinates":[144.551,-15.577]},"properties":{"d":"2026-09-30","t":"0440","frp":11.0,"b":337.7,"c":1,"s":"N21","n":0}},{"type":"Feature","geometry":{"type":"Point","coordinates":[144.5552,-15.5762]},"properties":{"d":"2026-09-30","t":"0440","frp":11.0,"b":367.0,"c":2,"s":"N21","n":0}},{"type":"Feature","geometry":{"type":"Point","coordinates":[134.5863,-15.5746]},"properties":{"d":"2026-09-30","t":"0440","frp":3.8,"b":340.9,"c":1,"s":"N21","n":0}},{"type":"Feature","geometry":{"type":"Point","coordinates":[144.5974,-15.5735]},"properties":{"d":"2026-09-30","t":"0440","frp":10.5,"b":334.0,"c":1,"s":"N21","n":0}},{"type":"Feature","geometry":{"type":"Point","coordinates":[144.5722,-15.5727]},"properties":{"d":"2026-09-30","t":"0440","frp":8.9,"b":341.1,"c":1,"s":"N21","n":0}},{"type":"Feature","geometry":{"type":"Point","coordinates":[134.5786,-15.5724]},"properties":{"d":"2026-09-30","t":"0440","frp":4.2,"b":338.7,"c":1,"s":"N21","n":0}},{"type":"Feature","geometry":{"type":"Point","coordinates":[134.5822,-15.5718]},"properties":{"d":"2026-09-30","t":"0440","frp":4.2,"b":341.9,"c":1,"s":"N21","n":0}},{"type":"Feature","geometry":{"type":"Point","coordinates":[134.5858,-15.5712]},"properties":{"d":"2026-09-30","t":"0440","frp":3.8,"b":335.3,"c":0,"s":"N21","n":0}},{"type":"Feature","geometry":{"type":"Point","coordinates":[144.5363,-15.5681]},"properties":{"d":"2026-09-30","t":"0440","frp":18.2,"b":341.0,"c":1,"s":"N21","n":0}},{"type":"Feature","geometry":{"type":"Point","coordinates":[144.5404,-15.5673]},"properties":{"d":"2026-09-30","t":"0440","frp":18.9,"b":367.0,"c":2,"s":"N21","n":0}},{"type":"Feature","geometry":{"type":"Point","coordinates":[144.5486,-15.5656]},"properties":{"d":"2026-09-30","t":"0440","frp":7.6,"b":335.8,"c":1,"s":"N21","n":0}},{"type":"Feature","geometry":{"type":"Point","coordinates":[144.5528,-15.5647]},"properties":{"d":"2026-09-30","t":"0440","frp":7.6,"b":340.5,"c":1,"s":"N21","n":0}},{"type":"Feature","geometry":{"type":"Point","coordinates":[144.5831,-15.5645]},"properties":{"d":"2026-09-30","t":"0440","frp":7.4,"b":347.6,"c":1,"s":"N21","n":0}},{"type":"Feature","geometry":{"type":"Point","coordinates":[144.557,-15.5639]},"properties":{"d":"2026-09-30","t":"0440","frp":22.8,"b":367.0,"c":2,"s":"N21","n":0}},{"type":"Feature","geometry":{"type":"Point","coordinates":[144.5613,-15.563]},"properties":{"d":"2026-09-30","t":"0440","frp":22.8,"b":351.0,"c":1,"s":"N21","n":0}},{"type":"Feature","geometry":{"type":"Point","coordinates":[144.5656,-15.5621]},"properties":{"d":"2026-09-30","t":"0440","frp":26.0,"b":350.1,"c":1,"s":"N21","n":0}},{"type":"Feature","geometry":{"type":"Point","coordinates":[144.5391,-15.5616]},"properties":{"d":"2026-09-30","t":"0440","frp":18.9,"b":347.0,"c":1,"s":"N21","n":0}},{"type":"Feature","geometry":{"type":"Point","coordinates":[144.5699,-15.5612]},"properties":{"d":"2026-09-30","t":"0440","frp":26.0,"b":367.0,"c":2,"s":"N21","n":0}},{"type":"Feature","geometry":{"type":"Point","coordinates":[144.5781,-15.5595]},"properties":{"d":"2026-09-30","t":"0440","frp":12.3,"b":347.5,"c":1,"s":"N21","n":0}},{"type":"Feature","geometry":{"type":"Point","coordinates":[144.582,-15.5587]},"properties":{"d":"2026-09-30","t":"0440","frp":11.8,"b":353.8,"c":1,"s":"N21","n":0}},{"type":"Feature","geometry":{"type":"Point","coordinates":[144.5601,-15.5572]},"properties":{"d":"2026-09-30","t":"0440","frp":22.8,"b":355.3,"c":1,"s":"N21","n":0}},{"type":"Feature","geometry":{"type":"Point","coordinates":[144.5644,-15.5563]},"properties":{"d":"2026-09-30","t":"0440","frp":26.0,"b":367.0,"c":2,"s":"N21","n":0}},{"type":"Feature","geometry":{"type":"Point","coordinates":[144.5687,-15.5554]},"properties":{"d":"2026-09-30","t":"0440","frp":26.0,"b":345.2,"c":1,"s":"N21","n":0}},{"type":"Feature","geometry":{"type":"Point","coordinates":[144.5729,-15.5546]},"properties":{"d":"2026-09-30","t":"0440","frp":12.3,"b":342.3,"c":1,"s":"N21","n":0}},{"type":"Feature","geometry":{"type":"Point","coordinates":[144.5588,-15.5515]},"properties":{"d":"2026-09-30","t":"0440","frp":32.6,"b":351.1,"c":1,"s":"N21","n":0}},{"type":"Feature","geometry":{"type":"Point","coordinates":[144.5631,-15.5506]},"properties":{"d":"2026-09-30","t":"0440","frp":30.8,"b":367.0,"c":2,"s":"N21","n":0}},{"type":"Feature","geometry":{"type":"Point","coordinates":[144.5674,-15.5497]},"properties":{"d":"2026-09-30","t":"0440","frp":30.8,"b":367.0,"c":2,"s":"N21","n":0}},{"type":"Feature","geometry":{"type":"Point","coordinates":[134.5749,-15.5495]},"properties":{"d":"2026-09-30","t":"0440","frp":3.4,"b":333.7,"c":1,"s":"N21","n":0}},{"type":"Feature","geometry":{"type":"Point","coordinates":[144.4591,-15.5483]},"properties":{"d":"2026-09-30","t":"0440","frp":7.4,"b":337.0,"c":1,"s":"N21","n":0}},{"type":"Feature","geometry":{"type":"Point","coordinates":[134.5999,-15.5217]},"properties":{"d":"2026-09-30","t":"0440","frp":10.3,"b":338.6,"c":1,"s":"N21","n":0}},{"type":"Feature","geometry":{"type":"Point","coordinates":[134.6035,-15.5211]},"properties":{"d":"2026-09-30","t":"0440","frp":10.3,"b":367.0,"c":2,"s":"N21","n":0}},{"type":"Feature","geometry":{"type":"Point","coordinates":[134.6071,-15.5205]},"properties":{"d":"2026-09-30","t":"0440","frp":6.3,"b":341.7,"c":1,"s":"N21","n":0}},{"type":"Feature","geometry":{"type":"Point","coordinates":[134.6066,-15.5172]},"properties":{"d":"2026-09-30","t":"0440","frp":8.3,"b":342.9,"c":1,"s":"N21","n":0}},{"type":"Feature","geometry":{"type":"Point","coordinates":[134.6102,-15.5167]},"properties":{"d":"2026-09-30","t":"0440","frp":8.3,"b":354.6,"c":1,"s":"N21","n":0}},{"type":"Feature","geometry":{"type":"Point","coordinates":[134.6138,-15.5161]},"properties":{"d":"2026-09-30","t":"0440","frp":6.6,"b":335.9,"c":1,"s":"N21","n":0}},{"type":"Feature","geometry":{"type":"Point","coordinates":[134.6133,-15.5128]},"properties":{"d":"2026-09-30","t":"0440","frp":6.6,"b":351.6,"c":1,"s":"N21","n":0}},{"type":"Feature","geometry":{"type":"Point","coordinates":[134.6169,-15.5122]},"properties":{"d":"2026-09-30","t":"0440","frp":6.6,"b":337.7,"c":1,"s":"N21","n":0}},{"type":"Feature","geometry":{"type":"Point","coordinates":[134.6163,-15.5089]},"properties":{"d":"2026-09-30","t":"0440","frp":13.2,"b":367.0,"c":2,"s":"N21","n":0}},{"type":"Feature","geometry":{"type":"Point","coordinates":[134.6199,-15.5083]},"properties":{"d":"2026-09-30","t":"0440","frp":6.2,"b":355.0,"c":1,"s":"N21","n":0}},{"type":"Feature","geometry":{"type":"Point","coordinates":[134.6235,-15.5077]},"properties":{"d":"2026-09-30","t":"0440","frp":6.2,"b":334.5,"c":0,"s":"N21","n":0}},{"type":"Feature","geometry":{"type":"Point","coordinates":[134.623,-15.5044]},"properties":{"d":"2026-09-30","t":"0440","frp":6.2,"b":352.7,"c":1,"s":"N21","n":0}},{"type":"Feature","geometry":{"type":"Point","coordinates":[134.6261,-15.5005]},"properties":{"d":"2026-09-30","t":"0440","frp":7.0,"b":347.1,"c":1,"s":"N21","n":0}},{"type":"Feature","geometry":{"type":"Point","coordinates":[134.6297,-15.4999]},"properties":{"d":"2026-09-30","t":"0440","frp":7.0,"b":336.7,"c":0,"s":"N21","n":0}},{"type":"Feature","geometry":{"type":"Point","coordinates":[134.6291,-15.4966]},"properties":{"d":"2026-09-30","t":"0440","frp":7.0,"b":349.1,"c":1,"s":"N21","n":0}},{"type":"Feature","geometry":{"type":"Point","coordinates":[134.6327,-15.4961]},"properties":{"d":"2026-09-30","t":"0440","frp":4.2,"b":336.6,"c":0,"s":"N21","n":0}},{"type":"Feature","geometry":{"type":"Point","coordinates":[134.6322,-15.4927]},"properties":{"d":"2026-09-30","t":"0440","frp":6.7,"b":349.0,"c":1,"s":"N21","n":0}},{"type":"Feature","geometry":{"type":"Point","coordinates":[134.6358,-15.4922]},"properties":{"d":"2026-09-30","t":"0440","frp":6.7,"b":346.5,"c":1,"s":"N21","n":0}},{"type":"Feature","geometry":{"type":"Point","coordinates":[134.6353,-15.4888]},"properties":{"d":"2026-09-30","t":"0440","frp":6.7,"b":345.8,"c":1,"s":"N21","n":0}},{"type":"Feature","geometry":{"type":"Point","coordinates":[134.6389,-15.4883]},"properties":{"d":"2026-09-30","t":"0440","frp":5.1,"b":335.4,"c":0,"s":"N21","n":0}},{"type":"Feature","geometry":{"type":"Point","coordinates":[134.6383,-15.4849]},"properties":{"d":"2026-09-30","t":"0440","frp":6.9,"b":337.9,"c":0,"s":"N21","n":0}},{"type":"Feature","geometry":{"type":"Point","coordinates":[134.642,-15.4844]},"properties":{"d":"2026-09-30","t":"0440","frp":6.9,"b":337.3,"c":1,"s":"N21","n":0}},{"type":"Feature","geometry":{"type":"Point","coordinates":[134.6414,-15.481]},"properties":{"d":"2026-09-30","t":"0440","frp":6.9,"b":343.8,"c":1,"s":"N21","n":0}},{"type":"Feature","geometry":{"type":"Point","coordinates":[134.1596,-15.4709]},"properties":{"d":"2026-09-30","t":"0440","frp":9.8,"b":338.7,"c":1,"s":"N21","n":0}},{"type":"Feature","geometry":{"type":"Point","coordinates":[134.6447,-15.4566]},"properties":{"d":"2026-09-30","t":"0440","frp":3.5,"b":330.2,"c":1,"s":"N21","n":0}},{"type":"Feature","geometry":{"type":"Point","coordinates":[134.6442,-15.4533]},"properties":{"d":"2026-09-30","t":"0440","frp":3.5,"b":336.1,"c":1,"s":"N21","n":0}},{"type":"Feature","geometry":{"type":"Point","coordinates":[134.6436,-15.4499]},"properties":{"d":"2026-09-30","t":"0440","frp":10.3,"b":342.7,"c":1,"s":"N21","n":0}},{"type":"Feature","geometry":{"type":"Point","coordinates":[144.1904,-15.4454]},"properties":{"d":"2026-09-30","t":"0440","frp":7.0,"b":332.6,"c":1,"s":"N21","n":0}},{"type":"Feature","geometry":{"type":"Point","coordinates":[144.1943,-15.4446]},"properties":{"d":"2026-09-30","t":"0440","frp":6.4,"b":335.8,"c":1,"s":"N21","n":0}},{"type":"Feature","geometry":{"type":"Point","coordinates":[144.1982,-15.4438]},"properties":{"d":"2026-09-30","t":"0440","frp":6.4,"b":336.9,"c":1,"s":"N21","n":0}},{"type":"Feature","geometry":{"type":"Point","coordinates":[144.2021,-15.4431]},"properties":{"d":"2026-09-30","t":"0440","frp":8.8,"b":338.6,"c":1,"s":"N21","n":0}},{"type":"Feature","geometry":{"type":"Point","coordinates":[144.2059,-15.4423]},"properties":{"d":"2026-09-30","t":"0440","frp":8.8,"b":349.8,"c":1,"s":"N21","n":0}},{"type":"Feature","geometry":{"type":"Point","coordinates":[144.2098,-15.4415]},"properties":{"d":"2026-09-30","t":"0440","frp":7.5,"b":340.0,"c":1,"s":"N21","n":0}},{"type":"Feature","geometry":{"type":"Point","coordinates":[144.1931,-15.439]},"properties":{"d":"2026-09-30","t":"0440","frp":6.4,"b":344.6,"c":1,"s":"N21","n":0}},{"type":"Feature","geometry":{"type":"Point","coordinates":[144.1919,-15.4334]},"properties":{"d":"2026-09-30","t":"0440","frp":7.3,"b":367.0,"c":2,"s":"N21","n":0}},{"type":"Feature","geometry":{"type":"Point","coordinates":[144.1957,-15.4326]},"properties":{"d":"2026-09-30","t":"0440","frp":7.3,"b":330.6,"c":1,"s":"N21","n":0}},{"type":"Feature","geometry":{"type":"Point","coordinates":[134.6231,-15.4194]},"properties":{"d":"2026-09-30","t":"0440","frp":20.1,"b":335.4,"c":1,"s":"N21","n":0}},{"type":"Feature","geometry":{"type":"Point","coordinates":[134.6267,-15.4188]},"properties":{"d":"2026-09-30","t":"0440","frp":18.5,"b":353.6,"c":1,"s":"N21","n":0}},{"type":"Feature","geometry":{"type":"Point","coordinates":[134.6262,-15.4155]},"properties":{"d":"2026-09-30","t":"0440","frp":18.5,"b":353.9,"c":1,"s":"N21","n":0}},{"type":"Feature","geometry":{"type":"Point","coordinates":[134.6298,-15.4149]},"properties":{"d":"2026-09-30","t":"0440","frp":18.5,"b":351.8,"c":1,"s":"N21","n":0}},{"type":"Feature","geometry":{"type":"Point","coordinates":[134.6334,-15.4144]},"properties":{"d":"2026-09-30","t":"0440","frp":9.5,"b":352.4,"c":1,"s":"N21","n":0}},{"type":"Feature","geometry":{"type":"Point","coordinates":[134.622,-15.4127]},"properties":{"d":"2026-09-30","t":"0440","frp":13.1,"b":339.6,"c":1,"s":"N21","n":0}},{"type":"Feature","geometry":{"type":"Point","coordinates":[134.6256,-15.4122]},"properties":{"d":"2026-09-30","t":"0440","frp":9.2,"b":343.7,"c":1,"s":"N21","n":0}},{"type":"Feature","geometry":{"type":"Point","coordinates":[134.6365,-15.4105]},"properties":{"d":"2026-09-30","t":"0440","frp":15.9,"b":367.0,"c":2,"s":"N21","n":0}},{"type":"Feature","geometry":{"type":"Point","coordinates":[134.6395,-15.4066]},"properties":{"d":"2026-09-30","t":"0440","frp":20.3,"b":349.3,"c":1,"s":"N21","n":0}},{"type":"Feature","geometry":{"type":"Point","coordinates":[134.3285,-15.404]},"properties":{"d":"2026-09-30","t":"0440","frp":4.6,"b":340.0,"c":1,"s":"N21","n":0}},{"type":"Feature","geometry":{"type":"Point","coordinates":[134.6426,-15.4027]},"properties":{"d":"2026-09-30","t":"0440","frp":12.6,"b":349.7,"c":1,"s":"N21","n":0}},{"type":"Feature","geometry":{"type":"Point","coordinates":[134.328,-15.4007]},"properties":{"d":"2026-09-30","t":"0440","frp":4.6,"b":337.6,"c":1,"s":"N21","n":0}},{"type":"Feature","geometry":{"type":"Point","coordinates":[134.6482,-15.3916]},"properties":{"d":"2026-09-30","t":"0440","frp":6.6,"b":340.5,"c":1,"s":"N21","n":0}},{"type":"Feature","geometry":{"type":"Point","coordinates":[134.6476,-15.3882]},"properties":{"d":"2026-09-30","t":"0440","frp":4.5,"b":342.0,"c":1,"s":"N21","n":0}},{"type":"Feature","geometry":{"type":"Point","coordinates":[133.7332,-15.37]},"properties":{"d":"2026-09-30","t":"0440","frp":5.2,"b":340.2,"c":0,"s":"N21","n":0}},{"type":"Feature","geometry":{"type":"Point","coordinates":[133.7288,-15.3669]},"properties":{"d":"2026-09-30","t":"0440","frp":4.4,"b":344.5,"c":1,"s":"N21","n":0}},{"type":"Feature","geometry":{"type":"Point","coordinates":[133.7283,-15.3636]},"properties":{"d":"2026-09-30","t":"0440","frp":4.4,"b":338.9,"c":1,"s":"N21","n":0}},{"type":"Feature","geometry":{"type":"Point","coordinates":[133.7319,-15.3631]},"properties":{"d":"2026-09-30","t":"0440","frp":4.4,"b":344.7,"c":1,"s":"N21","n":0}},{"type":"Feature","geometry":{"type":"Point","coordinates":[133.768,-15.361]},"properties":{"d":"2026-09-30","t":"0440","frp":4.1,"b":340.6,"c":0,"s":"N21","n":0}},{"type":"Feature","geometry":{"type":"Point","coordinates":[133.7716,-15.3604]},"properties":{"d":"2026-09-30","t":"0440","frp":14.7,"b":348.3,"c":1,"s":"N21","n":0}},{"type":"Feature","geometry":{"type":"Point","coordinates":[133.7675,-15.3576]},"properties":{"d":"2026-09-30","t":"0440","frp":4.1,"b":344.4,"c":1,"s":"N21","n":0}},{"type":"Feature","geometry":{"type":"Point","coordinates":[133.7237,-15.3576]},"properties":{"d":"2026-09-30","t":"0440","frp":4.8,"b":340.1,"c":1,"s":"N21","n":0}},{"type":"Feature","geometry":{"type":"Point","coordinates":[133.7272,-15.357]},"properties":{"d":"2026-09-30","t":"0440","frp":4.8,"b":348.1,"c":1,"s":"N21","n":0}},{"type":"Feature","geometry":{"type":"Point","coordinates":[133.7308,-15.3565]},"properties":{"d":"2026-09-30","t":"0440","frp":4.8,"b":342.1,"c":1,"s":"N21","n":0}},{"type":"Feature","geometry":{"type":"Point","coordinates":[133.8072,-15.355]},"properties":{"d":"2026-09-30","t":"0440","frp":5.5,"b":341.1,"c":0,"s":"N21","n":0}},{"type":"Feature","geometry":{"type":"Point","coordinates":[133.7338,-15.3526]},"properties":{"d":"2026-09-30","t":"0440","frp":4.9,"b":339.6,"c":1,"s":"N21","n":0}},{"type":"Feature","geometry":{"type":"Point","coordinates":[133.7333,-15.3493]},"properties":{"d":"2026-09-30","t":"0440","frp":4.9,"b":340.7,"c":1,"s":"N21","n":0}},{"type":"Feature","geometry":{"type":"Point","coordinates":[133.7336,-15.3289]},"properties":{"d":"2026-09-30","t":"0440","frp":5.7,"b":338.8,"c":1,"s":"N21","n":0}},{"type":"Feature","geometry":{"type":"Point","coordinates":[133.7331,-15.3256]},"properties":{"d":"2026-09-30","t":"0440","frp":4.6,"b":339.9,"c":1,"s":"N21","n":0}},{"type":"Feature","geometry":{"type":"Point","coordinates":[133.7438,-15.324]},"properties":{"d":"2026-09-30","t":"0440","frp":8.8,"b":338.1,"c":1,"s":"N21","n":0}},{"type":"Feature","geometry":{"type":"Point","coordinates":[133.7473,-15.3234]},"properties":{"d":"2026-09-30","t":"0440","frp":8.8,"b":351.2,"c":1,"s":"N21","n":0}},{"type":"Feature","geometry":{"type":"Point","coordinates":[133.8421,-15.3225]},"properties":{"d":"2026-09-30","t":"0440","frp":7.0,"b":340.9,"c":1,"s":"N21","n":0}},{"type":"Feature","geometry":{"type":"Point","coordinates":[133.7325,-15.3223]},"properties":{"d":"2026-09-30","t":"0440","frp":4.6,"b":333.4,"c":0,"s":"N21","n":0}},{"type":"Feature","geometry":{"type":"Point","coordinates":[133.7361,-15.3218]},"properties":{"d":"2026-09-30","t":"0440","frp":5.9,"b":334.2,"c":0,"s":"N21","n":0}},{"type":"Feature","geometry":{"type":"Point","coordinates":[134.6623,-15.3216]},"properties":{"d":"2026-09-30","t":"0440","frp":1.5,"b":332.9,"c":1,"s":"N21","n":0}},{"type":"Feature","geometry":{"type":"Point","coordinates":[133.8416,-15.3192]},"properties":{"d":"2026-09-30","t":"0440","frp":7.0,"b":336.3,"c":0,"s":"N21","n":0}},{"type":"Feature","geometry":{"type":"Point","coordinates":[133.8339,-15.317]},"properties":{"d":"2026-09-30","t":"0440","frp":6.3,"b":340.8,"c":0,"s":"N21","n":0}},{"type":"Feature","geometry":{"type":"Point","coordinates":[133.8375,-15.3164]},"properties":{"d":"2026-09-30","t":"0440","frp":7.0,"b":352.6,"c":1,"s":"N21","n":0}},{"type":"Feature","geometry":{"type":"Point","coordinates":[133.8334,-15.3137]},"properties":{"d":"2026-09-30","t":"0440","frp":6.3,"b":345.3,"c":1,"s":"N21","n":0}},{"type":"Feature","geometry":{"type":"Point","coordinates":[133.8293,-15.3109]},"properties":{"d":"2026-09-30","t":"0440","frp":13.3,"b":354.0,"c":1,"s":"N21","n":0}},{"type":"Feature","geometry":{"type":"Point","coordinates":[133.8216,-15.3087]},"properties":{"d":"2026-09-30","t":"0440","frp":5.9,"b":340.5,"c":0,"s":"N21","n":0}},{"type":"Feature","geometry":{"type":"Point","coordinates":[133.8252,-15.3082]},"properties":{"d":"2026-09-30","t":"0440","frp":5.9,"b":352.6,"c":1,"s":"N21","n":0}},{"type":"Feature","geometry":{"type":"Point","coordinates":[133.8175,-15.3059]},"properties":{"d":"2026-09-30","t":"0440","frp":4.2,"b":342.4,"c":1,"s":"N21","n":0}},{"type":"Feature","geometry":{"type":"Point","coordinates":[133.8211,-15.3054]},"properties":{"d":"2026-09-30","t":"0440","frp":8.4,"b":347.5,"c":1,"s":"N21","n":0}},{"type":"Feature","geometry":{"type":"Point","coordinates":[133.7991,-15.3054]},"properties":{"d":"2026-09-30","t":"0440","frp":6.7,"b":352.0,"c":1,"s":"N21","n":0}},{"type":"Feature","geometry":{"type":"Point","coordinates":[133.8027,-15.3048]},"properties":{"d":"2026-09-30","t":"0440","frp":6.7,"b":347.3,"c":1,"s":"N21","n":0}},{"type":"Feature","geometry":{"type":"Point","coordinates":[133.8063,-15.3043]},"properties":{"d":"2026-09-30","t":"0440","frp":14.8,"b":341.0,"c":1,"s":"N21","n":0}},{"type":"Feature","geometry":{"type":"Point","coordinates":[133.8134,-15.3032]},"properties":{"d":"2026-09-30","t":"0440","frp":4.2,"b":339.6,"c":1,"s":"N21","n":0}},{"type":"Feature","geometry":{"type":"Point","coordinates":[133.817,-15.3026]},"properties":{"d":"2026-09-30","t":"0440","frp":4.2,"b":342.3,"c":1,"s":"N21","n":0}},{"type":"Feature","geometry":{"type":"Point","coordinates":[133.7986,-15.3021]},"properties":{"d":"2026-09-30","t":"0440","frp":23.9,"b":343.1,"c":1,"s":"N21","n":0}},{"type":"Feature","geometry":{"type":"Point","coordinates":[133.8057,-15.301]},"properties":{"d":"2026-09-30","t":"0440","frp":5.5,"b":333.0,"c":0,"s":"N21","n":0}},{"type":"Feature","geometry":{"type":"Point","coordinates":[133.8093,-15.3004]},"properties":{"d":"2026-09-30","t":"0440","frp":5.5,"b":355.2,"c":1,"s":"N21","n":0}},{"type":"Feature","geometry":{"type":"Point","coordinates":[134.6615,-15.2944]},"properties":{"d":"2026-09-30","t":"0440","frp":52.8,"b":351.6,"c":1,"s":"N21","n":0}},{"type":"Feature","geometry":{"type":"Point","coordinates":[134.6646,-15.2905]},"properties":{"d":"2026-09-30","t":"0440","frp":4.3,"b":340.8,"c":1,"s":"N21","n":0}},{"type":"Feature","geometry":{"type":"Point","coordinates":[141.7314,-15.2602]},"properties":{"d":"2026-09-30","t":"0440","frp":19.7,"b":336.5,"c":1,"s":"N21","n":0}},{"type":"Feature","geometry":{"type":"Point","coordinates":[134.3673,-15.2178]},"properties":{"d":"2026-09-30","t":"0440","frp":91.1,"b":367.0,"c":0,"s":"N21","n":0}},{"type":"Feature","geometry":{"type":"Point","coordinates":[134.3709,-15.2172]},"properties":{"d":"2026-09-30","t":"0440","frp":31.2,"b":346.5,"c":1,"s":"N21","n":0}},{"type":"Feature","geometry":{"type":"Point","coordinates":[134.3745,-15.2166]},"properties":{"d":"2026-09-30","t":"0440","frp":31.2,"b":367.0,"c":2,"s":"N21","n":0}},{"type":"Feature","geometry":{"type":"Point","coordinates":[134.3781,-15.2161]},"properties":{"d":"2026-09-30","t":"0440","frp":13.2,"b":347.7,"c":1,"s":"N21","n":0}},{"type":"Feature","geometry":{"type":"Point","coordinates":[134.3704,-15.2139]},"properties":{"d":"2026-09-30","t":"0440","frp":8.7,"b":350.8,"c":1,"s":"N21","n":0}},{"type":"Feature","geometry":{"type":"Point","coordinates":[134.374,-15.2133]},"properties":{"d":"2026-09-30","t":"0440","frp":8.7,"b":351.5,"c":1,"s":"N21","n":0}},{"type":"Feature","geometry":{"type":"Point","coordinates":[134.3776,-15.2127]},"properties":{"d":"2026-09-30","t":"0440","frp":9.1,"b":351.6,"c":1,"s":"N21","n":0}},{"type":"Feature","geometry":{"type":"Point","coordinates":[134.3812,-15.2122]},"properties":{"d":"2026-09-30","t":"0440","frp":9.1,"b":367.0,"c":2,"s":"N21","n":0}},{"type":"Feature","geometry":{"type":"Point","coordinates":[134.3842,-15.2083]},"properties":{"d":"2026-09-30","t":"0440","frp":19.5,"b":367.0,"c":2,"s":"N21","n":0}},{"type":"Feature","geometry":{"type":"Point","coordinates":[134.3878,-15.2078]},"properties":{"d":"2026-09-30","t":"0440","frp":19.5,"b":345.3,"c":1,"s":"N21","n":0}},{"type":"Feature","geometry":{"type":"Point","coordinates":[134.3914,-15.2072]},"properties":{"d":"2026-09-30","t":"0440","frp":16.3,"b":352.7,"c":1,"s":"N21","n":0}},{"type":"Feature","geometry":{"type":"Point","coordinates":[134.3986,-15.2061]},"properties":{"d":"2026-09-30","t":"0440","frp":9.9,"b":344.4,"c":1,"s":"N21","n":0}},{"type":"Feature","geometry":{"type":"Point","coordinates":[134.3872,-15.2044]},"properties":{"d":"2026-09-30","t":"0440","frp":9.9,"b":346.4,"c":1,"s":"N21","n":0}},{"type":"Feature","geometry":{"type":"Point","coordinates":[134.3908,-15.2039]},"properties":{"d":"2026-09-30","t":"0440","frp":13.8,"b":367.0,"c":2,"s":"N21","n":0}},{"type":"Feature","geometry":{"type":"Point","coordinates":[135.5985,-15.1107]},"properties":{"d":"2026-09-30","t":"0440","frp":6.4,"b":347.0,"c":1,"s":"N21","n":0}},{"type":"Feature","geometry":{"type":"Point","coordinates":[135.5979,-15.1073]},"properties":{"d":"2026-09-30","t":"0440","frp":6.2,"b":337.3,"c":1,"s":"N21","n":0}},{"type":"Feature","geometry":{"type":"Point","coordinates":[135.6017,-15.1067]},"properties":{"d":"2026-09-30","t":"0440","frp":6.9,"b":348.2,"c":1,"s":"N21","n":0}},{"type":"Feature","geometry":{"type":"Point","coordinates":[135.6011,-15.1032]},"properties":{"d":"2026-09-30","t":"0440","frp":6.9,"b":341.6,"c":1,"s":"N21","n":0}},{"type":"Feature","geometry":{"type":"Point","coordinates":[135.6049,-15.1026]},"properties":{"d":"2026-09-30","t":"0440","frp":6.9,"b":335.7,"c":1,"s":"N21","n":0}},{"type":"Feature","geometry":{"type":"Point","coordinates":[135.6043,-15.0992]},"properties":{"d":"2026-09-30","t":"0440","frp":12.9,"b":344.0,"c":1,"s":"N21","n":0}},{"type":"Feature","geometry":{"type":"Point","coordinates":[135.6037,-15.0958]},"properties":{"d":"2026-09-30","t":"0440","frp":12.9,"b":336.8,"c":1,"s":"N21","n":0}},{"type":"Feature","geometry":{"type":"Point","coordinates":[135.5841,-15.0955]},"properties":{"d":"2026-09-30","t":"0440","frp":16.7,"b":332.9,"c":0,"s":"N21","n":0}},{"type":"Feature","geometry":{"type":"Point","coordinates":[135.5879,-15.0948]},"properties":{"d":"2026-09-30","t":"0440","frp":16.7,"b":350.2,"c":1,"s":"N21","n":0}},{"type":"Feature","geometry":{"type":"Point","coordinates":[135.5917,-15.0942]},"properties":{"d":"2026-09-30","t":"0440","frp":12.4,"b":355.3,"c":1,"s":"N21","n":0}},{"type":"Feature","geometry":{"type":"Point","coordinates":[135.5955,-15.0936]},"properties":{"d":"2026-09-30","t":"0440","frp":12.4,"b":353.9,"c":1,"s":"N21","n":0}},{"type":"Feature","geometry":{"type":"Point","coordinates":[135.5993,-15.093]},"properties":{"d":"2026-09-30","t":"0440","frp":17.8,"b":367.0,"c":2,"s":"N21","n":0}},{"type":"Feature","geometry":{"type":"Point","coordinates":[135.5949,-15.0902]},"properties":{"d":"2026-09-30","t":"0440","frp":12.4,"b":342.4,"c":1,"s":"N21","n":0}},{"type":"Feature","geometry":{"type":"Point","coordinates":[144.4988,-14.7506]},"properties":{"d":"2026-09-30","t":"0440","frp":9.3,"b":345.2,"c":1,"s":"N21","n":0}},{"type":"Feature","geometry":{"type":"Point","coordinates":[144.5005,-14.7498]},"properties":{"d":"2026-09-30","t":"0440","frp":9.2,"b":367.0,"c":2,"s":"N21","n":0}},{"type":"Feature","geometry":{"type":"Point","coordinates":[144.5031,-14.7498]},"properties":{"d":"2026-09-30","t":"0440","frp":7.8,"b":343.4,"c":1,"s":"N21","n":0}},{"type":"Feature","geometry":{"type":"Point","coordinates":[144.5074,-14.7489]},"properties":{"d":"2026-09-30","t":"0440","frp":7.8,"b":343.0,"c":1,"s":"N21","n":0}},{"type":"Feature","geometry":{"type":"Point","coordinates":[144.5047,-14.7489]},"properties":{"d":"2026-09-30","t":"0440","frp":9.2,"b":341.5,"c":1,"s":"N21","n":0}},{"type":"Feature","geometry":{"type":"Point","coordinates":[144.5116,-14.748]},"properties":{"d":"2026-09-30","t":"0440","frp":6.8,"b":343.7,"c":1,"s":"N21","n":0}},{"type":"Feature","geometry":{"type":"Point","coordinates":[144.509,-14.748]},"properties":{"d":"2026-09-30","t":"0440","frp":8.1,"b":343.6,"c":1,"s":"N21","n":0}},{"type":"Feature","geometry":{"type":"Point","coordinates":[144.5159,-14.7472]},"properties":{"d":"2026-09-30","t":"0440","frp":6.8,"b":343.8,"c":1,"s":"N21","n":0}},{"type":"Feature","geometry":{"type":"Point","coordinates":[144.5132,-14.7471]},"properties":{"d":"2026-09-30","t":"0440","frp":8.1,"b":342.6,"c":1,"s":"N21","n":0}},{"type":"Feature","geometry":{"type":"Point","coordinates":[144.4865,-14.7466]},"properties":{"d":"2026-09-30","t":"0440","frp":20.3,"b":343.0,"c":1,"s":"N21","n":0}},{"type":"Feature","geometry":{"type":"Point","coordinates":[144.489,-14.7465]},"properties":{"d":"2026-09-30","t":"0440","frp":38.4,"b":367.0,"c":2,"s":"N21","n":0}},{"type":"Feature","geometry":{"type":"Point","coordinates":[144.5175,-14.7462]},"properties":{"d":"2026-09-30","t":"0440","frp":8.8,"b":345.2,"c":1,"s":"N21","n":0}},{"type":"Feature","geometry":{"type":"Point","coordinates":[144.4907,-14.7458]},"properties":{"d":"2026-09-30","t":"0440","frp":20.3,"b":367.0,"c":2,"s":"N21","n":0}},{"type":"Feature","geometry":{"type":"Point","coordinates":[144.4933,-14.7457]},"properties":{"d":"2026-09-30","t":"0440","frp":15.0,"b":332.7,"c":1,"s":"N21","n":0}},{"type":"Feature","geometry":{"type":"Point","coordinates":[144.495,-14.7449]},"properties":{"d":"2026-09-30","t":"0440","frp":20.3,"b":338.6,"c":1,"s":"N21","n":0}},{"type":"Feature","geometry":{"type":"Point","coordinates":[144.4975,-14.7448]},"properties":{"d":"2026-09-30","t":"0440","frp":15.0,"b":343.0,"c":1,"s":"N21","n":0}},{"type":"Feature","geometry":{"type":"Point","coordinates":[144.4992,-14.744]},"properties":{"d":"2026-09-30","t":"0440","frp":10.5,"b":332.9,"c":1,"s":"N21","n":0}},{"type":"Feature","geometry":{"type":"Point","coordinates":[144.54,-14.7362]},"properties":{"d":"2026-09-30","t":"0440","frp":10.6,"b":340.1,"c":1,"s":"N21","n":0}},{"type":"Feature","geometry":{"type":"Point","coordinates":[144.5416,-14.7351]},"properties":{"d":"2026-09-30","t":"0440","frp":8.4,"b":336.8,"c":1,"s":"N21","n":0}},{"type":"Feature","geometry":{"type":"Point","coordinates":[144.5388,-14.7304]},"properties":{"d":"2026-09-30","t":"0440","frp":10.6,"b":367.0,"c":2,"s":"N21","n":0}},{"type":"Feature","geometry":{"type":"Point","coordinates":[144.543,-14.7296]},"properties":{"d":"2026-09-30","t":"0440","frp":17.1,"b":336.3,"c":1,"s":"N21","n":0}},{"type":"Feature","geometry":{"type":"Point","coordinates":[144.5404,-14.7293]},"properties":{"d":"2026-09-30","t":"0440","frp":8.4,"b":367.0,"c":2,"s":"N21","n":0}},{"type":"Feature","geometry":{"type":"Point","coordinates":[144.5446,-14.7284]},"properties":{"d":"2026-09-30","t":"0440","frp":8.4,"b":342.1,"c":1,"s":"N21","n":0}},{"type":"Feature","geometry":{"type":"Point","coordinates":[135.1445,-14.6947]},"properties":{"d":"2026-09-30","t":"0440","frp":2.2,"b":336.3,"c":1,"s":"N21","n":0}},{"type":"Feature","geometry":{"type":"Point","coordinates":[133.1855,-14.5694]},"properties":{"d":"2026-09-30","t":"0440","frp":6.2,"b":338.2,"c":0,"s":"N21","n":0}},{"type":"Feature","geometry":{"type":"Point","coordinates":[133.1997,-14.5672]},"properties":{"d":"2026-09-30","t":"0440","frp":6.4,"b":341.3,"c":0,"s":"N21","n":0}},{"type":"Feature","geometry":{"type":"Point","coordinates":[133.2027,-14.5634]},"properties":{"d":"2026-09-30","t":"0440","frp":6.9,"b":347.9,"c":1,"s":"N21","n":0}},{"type":"Feature","geometry":{"type":"Point","coordinates":[133.2022,-14.5601]},"properties":{"d":"2026-09-30","t":"0440","frp":6.9,"b":341.1,"c":0,"s":"N21","n":0}},{"type":"Feature","geometry":{"type":"Point","coordinates":[132.7812,-14.4366]},"properties":{"d":"2026-09-30","t":"0440","frp":6.3,"b":348.6,"c":1,"s":"N21","n":0}},{"type":"Feature","geometry":{"type":"Point","coordinates":[132.7842,-14.4328]},"properties":{"d":"2026-09-30","t":"0440","frp":6.3,"b":344.7,"c":0,"s":"N21","n":0}},{"type":"Feature","geometry":{"type":"Point","coordinates":[132.7878,-14.4322]},"properties":{"d":"2026-09-30","t":"0440","frp":8.9,"b":352.4,"c":1,"s":"N21","n":0}},{"type":"Feature","geometry":{"type":"Point","coordinates":[133.1923,-14.4292]},"properties":{"d":"2026-09-30","t":"0440","frp":7.6,"b":367.0,"c":2,"s":"N21","n":0}},{"type":"Feature","geometry":{"type":"Point","coordinates":[133.1917,-14.4259]},"properties":{"d":"2026-09-30","t":"0440","frp":7.6,"b":346.0,"c":1,"s":"N21","n":0}},{"type":"Feature","geometry":{"type":"Point","coordinates":[133.1953,-14.4254]},"properties":{"d":"2026-09-30","t":"0440","frp":11.0,"b":343.4,"c":1,"s":"N21","n":0}},{"type":"Feature","geometry":{"type":"Point","coordinates":[133.1947,-14.4221]},"properties":{"d":"2026-09-30","t":"0440","frp":5.3,"b":341.3,"c":0,"s":"N21","n":0}},{"type":"Feature","geometry":{"type":"Point","coordinates":[133.2272,-14.4205]},"properties":{"d":"2026-09-30","t":"0440","frp":7.1,"b":340.5,"c":0,"s":"N21","n":0}},{"type":"Feature","geometry":{"type":"Point","coordinates":[133.2089,-14.4199]},"properties":{"d":"2026-09-30","t":"0440","frp":6.0,"b":347.6,"c":1,"s":"N21","n":0}},{"type":"Feature","geometry":{"type":"Point","coordinates":[133.216,-14.4189]},"properties":{"d":"2026-09-30","t":"0440","frp":4.4,"b":349.3,"c":1,"s":"N21","n":0}},{"type":"Feature","geometry":{"type":"Point","coordinates":[133.1942,-14.4188]},"properties":{"d":"2026-09-30","t":"0440","frp":5.3,"b":341.1,"c":1,"s":"N21","n":0}},{"type":"Feature","geometry":{"type":"Point","coordinates":[132.7888,-14.4185]},"properties":{"d":"2026-09-30","t":"0440","frp":11.4,"b":345.3,"c":0,"s":"N21","n":0}},{"type":"Feature","geometry":{"type":"Point","coordinates":[133.2196,-14.4183]},"properties":{"d":"2026-09-30","t":"0440","frp":4.4,"b":342.7,"c":0,"s":"N21","n":0}},{"type":"Feature","geometry":{"type":"Point","coordinates":[133.1977,-14.4182]},"properties":{"d":"2026-09-30","t":"0440","frp":5.3,"b":351.0,"c":1,"s":"N21","n":0}},{"type":"Feature","geometry":{"type":"Point","coordinates":[133.2048,-14.4171]},"properties":{"d":"2026-09-30","t":"0440","frp":8.2,"b":341.5,"c":0,"s":"N21","n":0}},{"type":"Feature","geometry":{"type":"Point","coordinates":[133.2084,-14.4166]},"properties":{"d":"2026-09-30","t":"0440","frp":6.0,"b":342.8,"c":0,"s":"N21","n":0}},{"type":"Feature","geometry":{"type":"Point","coordinates":[133.2155,-14.4155]},"properties":{"d":"2026-09-30","t":"0440","frp":4.4,"b":339.3,"c":0,"s":"N21","n":0}},{"type":"Feature","geometry":{"type":"Point","coordinates":[133.2008,-14.4144]},"properties":{"d":"2026-09-30","t":"0440","frp":7.1,"b":345.2,"c":1,"s":"N21","n":0}},{"type":"Feature","geometry":{"type":"Point","coordinates":[132.878,-14.3814]},"properties":{"d":"2026-09-30","t":"0440","frp":5.5,"b":340.3,"c":0,"s":"N21","n":0}},{"type":"Feature","geometry":{"type":"Point","coordinates":[132.8816,-14.3808]},"properties":{"d":"2026-09-30","t":"0440","frp":13.1,"b":338.2,"c":0,"s":"N21","n":0}},{"type":"Feature","geometry":{"type":"Point","coordinates":[132.8775,-14.378]},"properties":{"d":"2026-09-30","t":"0440","frp":5.5,"b":342.4,"c":0,"s":"N21","n":0}},{"type":"Feature","geometry":{"type":"Point","coordinates":[132.8734,-14.3753]},"properties":{"d":"2026-09-30","t":"0440","frp":6.7,"b":349.1,"c":1,"s":"N21","n":0}},{"type":"Feature","geometry":{"type":"Point","coordinates":[132.877,-14.3747]},"properties":{"d":"2026-09-30","t":"0440","frp":6.7,"b":354.3,"c":1,"s":"N21","n":0}},{"type":"Feature","geometry":{"type":"Point","coordinates":[132.8693,-14.3725]},"properties":{"d":"2026-09-30","t":"0440","frp":13.2,"b":350.2,"c":1,"s":"N21","n":0}},{"type":"Feature","geometry":{"type":"Point","coordinates":[132.8729,-14.372]},"properties":{"d":"2026-09-30","t":"0440","frp":6.7,"b":347.5,"c":1,"s":"N21","n":0}},{"type":"Feature","geometry":{"type":"Point","coordinates":[135.7194,-14.2551]},"properties":{"d":"2026-09-30","t":"0440","frp":5.3,"b":340.6,"c":1,"s":"N21","n":0}},{"type":"Feature","geometry":{"type":"Point","coordinates":[135.7233,-14.2544]},"properties":{"d":"2026-09-30","t":"0440","frp":5.3,"b":336.0,"c":1,"s":"N21","n":0}},{"type":"Feature","geometry":{"type":"Point","coordinates":[135.8811,-14.0146]},"properties":{"d":"2026-09-30","t":"0440","frp":4.9,"b":344.1,"c":1,"s":"N21","n":0}},{"type":"Feature","geometry":{"type":"Point","coordinates":[135.8851,-14.014]},"properties":{"d":"2026-09-30","t":"0440","frp":4.9,"b":332.8,"c":1,"s":"N21","n":0}},{"type":"Feature","geometry":{"type":"Point","coordinates":[135.8958,-14.0051]},"properties":{"d":"2026-09-30","t":"0440","frp":6.6,"b":344.0,"c":1,"s":"N21","n":0}},{"type":"Feature","geometry":{"type":"Point","coordinates":[135.8953,-14.0016]},"properties":{"d":"2026-09-30","t":"0440","frp":6.6,"b":333.3,"c":1,"s":"N21","n":0}},{"type":"Feature","geometry":{"type":"Point","coordinates":[141.8361,-13.6512]},"properties":{"d":"2026-09-30","t":"0440","frp":24.3,"b":354.0,"c":1,"s":"N21","n":0}},{"type":"Feature","geometry":{"type":"Point","coordinates":[141.8367,-13.6507]},"properties":{"d":"2026-09-30","t":"0440","frp":30.4,"b":354.6,"c":1,"s":"N21","n":0}},{"type":"Feature","geometry":{"type":"Point","coordinates":[141.839,-13.6507]},"properties":{"d":"2026-09-30","t":"0440","frp":20.0,"b":355.8,"c":1,"s":"N21","n":0}},{"type":"Feature","geometry":{"type":"Point","coordinates":[141.842,-13.6501]},"properties":{"d":"2026-09-30","t":"0440","frp":20.0,"b":350.6,"c":1,"s":"N21","n":0}},{"type":"Feature","geometry":{"type":"Point","coordinates":[141.8397,-13.6501]},"properties":{"d":"2026-09-30","t":"0440","frp":20.1,"b":367.0,"c":2,"s":"N21","n":0}},{"type":"Feature","geometry":{"type":"Point","coordinates":[141.8426,-13.6495]},"properties":{"d":"2026-09-30","t":"0440","frp":20.1,"b":336.6,"c":1,"s":"N21","n":0}},{"type":"Feature","geometry":{"type":"Point","coordinates":[141.8655,-13.6145]},"properties":{"d":"2026-09-30","t":"0440","frp":5.3,"b":340.9,"c":1,"s":"N21","n":0}},{"type":"Feature","geometry":{"type":"Point","coordinates":[131.3602,-13.0891]},"properties":{"d":"2026-09-30","t":"0440","frp":13.1,"b":351.1,"c":1,"s":"N21","n":0}},{"type":"Feature","geometry":{"type":"Point","coordinates":[131.3639,-13.0885]},"properties":{"d":"2026-09-30","t":"0440","frp":13.1,"b":343.0,"c":0,"s":"N21","n":0}},{"type":"Feature","geometry":{"type":"Point","coordinates":[131.3596,-13.0857]},"properties":{"d":"2026-09-30","t":"0440","frp":14.0,"b":346.6,"c":1,"s":"N21","n":0}},{"type":"Feature","geometry":{"type":"Point","coordinates":[141.6912,-13.0472]},"properties":{"d":"2026-09-30","t":"0440","frp":4.2,"b":352.5,"c":1,"s":"N21","n":0}},{"type":"Feature","geometry":{"type":"Point","coordinates":[141.6903,-13.0422]},"properties":{"d":"2026-09-30","t":"0440","frp":4.2,"b":331.4,"c":1,"s":"N21","n":0}},{"type":"Feature","geometry":{"type":"Point","coordinates":[131.3364,-13.0334]},"properties":{"d":"2026-09-30","t":"0440","frp":10.4,"b":348.7,"c":0,"s":"N21","n":0}},{"type":"Feature","geometry":{"type":"Point","coordinates":[131.3359,-13.0299]},"properties":{"d":"2026-09-30","t":"0440","frp":10.4,"b":346.7,"c":0,"s":"N21","n":0}},{"type":"Feature","geometry":{"type":"Point","coordinates":[131.3316,-13.0271]},"properties":{"d":"2026-09-30","t":"0440","frp":23.5,"b":347.0,"c":0,"s":"N21","n":0}},{"type":"Feature","geometry":{"type":"Point","coordinates":[131.3236,-13.0247]},"properties":{"d":"2026-09-30","t":"0440","frp":17.6,"b":346.4,"c":0,"s":"N21","n":0}},{"type":"Feature","geometry":{"type":"Point","coordinates":[131.2781,-12.9787]},"properties":{"d":"2026-09-30","t":"0440","frp":24.2,"b":347.9,"c":0,"s":"N21","n":0}},{"type":"Feature","geometry":{"type":"Point","coordinates":[131.2954,-12.9657]},"properties":{"d":"2026-09-30","t":"0440","frp":14.3,"b":349.6,"c":1,"s":"N21","n":0}},{"type":"Feature","geometry":{"type":"Point","coordinates":[131.3079,-12.9464]},"properties":{"d":"2026-09-30","t":"0440","frp":106.0,"b":348.3,"c":0,"s":"N21","n":0}},{"type":"Feature","geometry":{"type":"Point","coordinates":[136.4115,-12.8848]},"properties":{"d":"2026-09-30","t":"0440","frp":26.0,"b":354.4,"c":1,"s":"N21","n":0}},{"type":"Feature","geometry":{"type":"Point","coordinates":[136.4157,-12.8841]},"properties":{"d":"2026-09-30","t":"0440","frp":26.0,"b":367.0,"c":2,"s":"N21","n":0}},{"type":"Feature","geometry":{"type":"Point","coordinates":[136.4108,-12.8812]},"properties":{"d":"2026-09-30","t":"0440","frp":36.8,"b":348.1,"c":1,"s":"N21","n":0}},{"type":"Feature","geometry":{"type":"Point","coordinates":[136.4151,-12.8805]},"properties":{"d":"2026-09-30","t":"0440","frp":36.8,"b":348.9,"c":1,"s":"N21","n":0}},{"type":"Feature","geometry":{"type":"Point","coordinates":[136.4059,-12.8783]},"properties":{"d":"2026-09-30","t":"0440","frp":24.8,"b":330.5,"c":1,"s":"N21","n":0}},{"type":"Feature","geometry":{"type":"Point","coordinates":[136.4102,-12.8776]},"properties":{"d":"2026-09-30","t":"0440","frp":36.8,"b":352.6,"c":1,"s":"N21","n":0}},{"type":"Feature","geometry":{"type":"Point","coordinates":[136.4145,-12.8769]},"properties":{"d":"2026-09-30","t":"0440","frp":36.8,"b":336.7,"c":1,"s":"N21","n":0}},{"type":"Feature","geometry":{"type":"Point","coordinates":[136.4111,-12.8764]},"properties":{"d":"2026-09-30","t":"0440","frp":27.6,"b":367.0,"c":2,"s":"N21","n":0}},{"type":"Feature","geometry":{"type":"Point","coordinates":[136.4096,-12.874]},"properties":{"d":"2026-09-30","t":"0440","frp":25.7,"b":367.0,"c":2,"s":"N21","n":0}},{"type":"Feature","geometry":{"type":"Point","coordinates":[136.4062,-12.8735]},"properties":{"d":"2026-09-30","t":"0440","frp":141.2,"b":350.3,"c":1,"s":"N21","n":0}},{"type":"Feature","geometry":{"type":"Point","coordinates":[136.4138,-12.8733]},"properties":{"d":"2026-09-30","t":"0440","frp":25.7,"b":334.4,"c":1,"s":"N21","n":0}},{"type":"Feature","geometry":{"type":"Point","coordinates":[136.4105,-12.8728]},"properties":{"d":"2026-09-30","t":"0440","frp":27.6,"b":367.0,"c":2,"s":"N21","n":0}},{"type":"Feature","geometry":{"type":"Point","coordinates":[132.2395,-12.6939]},"properties":{"d":"2026-09-30","t":"0440","frp":8.1,"b":343.7,"c":1,"s":"N21","n":0}},{"type":"Feature","geometry":{"type":"Point","coordinates":[132.2385,-12.6873]},"properties":{"d":"2026-09-30","t":"0440","frp":18.0,"b":367.0,"c":2,"s":"N21","n":0}},{"type":"Feature","geometry":{"type":"Point","coordinates":[132.2344,-12.6845]},"properties":{"d":"2026-09-30","t":"0440","frp":8.1,"b":341.6,"c":1,"s":"N21","n":0}},{"type":"Feature","geometry":{"type":"Point","coordinates":[132.1941,-12.6837]},"properties":{"d":"2026-09-30","t":"0440","frp":5.2,"b":338.4,"c":1,"s":"N21","n":0}},{"type":"Feature","geometry":{"type":"Point","coordinates":[132.1895,-12.6775]},"properties":{"d":"2026-09-30","t":"0440","frp":4.9,"b":342.4,"c":1,"s":"N21","n":0}},{"type":"Feature","geometry":{"type":"Point","coordinates":[132.189,-12.6742]},"properties":{"d":"2026-09-30","t":"0440","frp":4.9,"b":337.5,"c":1,"s":"N21","n":0}},{"type":"Feature","geometry":{"type":"Point","coordinates":[132.1849,-12.6714]},"properties":{"d":"2026-09-30","t":"0440","frp":7.6,"b":351.5,"c":1,"s":"N21","n":0}},{"type":"Feature","geometry":{"type":"Point","coordinates":[132.2354,-12.6673]},"properties":{"d":"2026-09-30","t":"0440","frp":3.2,"b":332.5,"c":0,"s":"N21","n":0}},{"type":"Feature","geometry":{"type":"Point","coordinates":[132.2201,-12.6628]},"properties":{"d":"2026-09-30","t":"0440","frp":5.8,"b":343.2,"c":1,"s":"N21","n":0}},{"type":"Feature","geometry":{"type":"Point","coordinates":[132.2272,-12.6617]},"properties":{"d":"2026-09-30","t":"0440","frp":24.1,"b":349.1,"c":1,"s":"N21","n":0}},{"type":"Feature","geometry":{"type":"Point","coordinates":[142.0752,-12.5822]},"properties":{"d":"2026-09-30","t":"0440","frp":2.7,"b":337.1,"c":1,"s":"N21","n":0}},{"type":"Feature","geometry":{"type":"Point","coordinates":[132.1699,-12.5312]},"properties":{"d":"2026-09-30","t":"0440","frp":13.7,"b":344.2,"c":1,"s":"N21","n":0}},{"type":"Feature","geometry":{"type":"Point","coordinates":[136.662,-12.5271]},"properties":{"d":"2026-09-30","t":"0440","frp":12.7,"b":354.9,"c":1,"s":"N21","n":0}},{"type":"Feature","geometry":{"type":"Point","coordinates":[132.1689,-12.5246]},"properties":{"d":"2026-09-30","t":"0440","frp":19.0,"b":352.0,"c":1,"s":"N21","n":0}},{"type":"Feature","geometry":{"type":"Point","coordinates":[136.6556,-12.5168]},"properties":{"d":"2026-09-30","t":"0440","frp":2.9,"b":334.0,"c":1,"s":"N21","n":0}},{"type":"Feature","geometry":{"type":"Point","coordinates":[136.6601,-12.5161]},"properties":{"d":"2026-09-30","t":"0440","frp":2.9,"b":336.6,"c":1,"s":"N21","n":0}},{"type":"Feature","geometry":{"type":"Point","coordinates":[136.6506,-12.5139]},"properties":{"d":"2026-09-30","t":"0440","frp":4.3,"b":335.1,"c":1,"s":"N21","n":0}},{"type":"Feature","geometry":{"type":"Point","coordinates":[136.655,-12.5132]},"properties":{"d":"2026-09-30","t":"0440","frp":8.2,"b":345.4,"c":1,"s":"N21","n":0}},{"type":"Feature","geometry":{"type":"Point","coordinates":[132.1582,-12.5023]},"properties":{"d":"2026-09-30","t":"0440","frp":7.1,"b":342.0,"c":1,"s":"N21","n":0}},{"type":"Feature","geometry":{"type":"Point","coordinates":[132.1541,-12.4995]},"properties":{"d":"2026-09-30","t":"0440","frp":6.0,"b":336.8,"c":0,"s":"N21","n":0}},{"type":"Feature","geometry":{"type":"Point","coordinates":[134.137,-12.4688]},"properties":{"d":"2026-09-30","t":"0440","frp":3.6,"b":342.0,"c":1,"s":"N21","n":0}},{"type":"Feature","geometry":{"type":"Point","coordinates":[136.3846,-12.4416]},"properties":{"d":"2026-09-30","t":"0440","frp":3.5,"b":331.6,"c":1,"s":"N21","n":0}},{"type":"Feature","geometry":{"type":"Point","coordinates":[136.3874,-12.4381]},"properties":{"d":"2026-09-30","t":"0440","frp":6.8,"b":331.0,"c":1,"s":"N21","n":0}},{"type":"Feature","geometry":{"type":"Point","coordinates":[136.3883,-12.4373]},"properties":{"d":"2026-09-30","t":"0440","frp":4.3,"b":333.1,"c":1,"s":"N21","n":0}},{"type":"Feature","geometry":{"type":"Point","coordinates":[136.3462,-12.3389]},"properties":{"d":"2026-09-30","t":"0440","frp":4.5,"b":336.2,"c":1,"s":"N21","n":0}},{"type":"Feature","geometry":{"type":"Point","coordinates":[136.3486,-12.3357]},"properties":{"d":"2026-09-30","t":"0440","frp":3.8,"b":331.9,"c":1,"s":"N21","n":0}},{"type":"Feature","geometry":{"type":"Point","coordinates":[134.5987,-12.3204]},"properties":{"d":"2026-09-30","t":"0440","frp":5.0,"b":336.2,"c":1,"s":"N21","n":0}},{"type":"Feature","geometry":{"type":"Point","coordinates":[134.6024,-12.3198]},"properties":{"d":"2026-09-30","t":"0440","frp":7.4,"b":341.3,"c":1,"s":"N21","n":0}},{"type":"Feature","geometry":{"type":"Point","coordinates":[134.5216,-12.3119]},"properties":{"d":"2026-09-30","t":"0440","frp":25.5,"b":349.2,"c":1,"s":"N21","n":0}},{"type":"Feature","geometry":{"type":"Point","coordinates":[134.51,-12.3103]},"properties":{"d":"2026-09-30","t":"0440","frp":4.4,"b":330.2,"c":0,"s":"N21","n":0}},{"type":"Feature","geometry":{"type":"Point","coordinates":[134.5101,-12.3087]},"properties":{"d":"2026-09-30","t":"0440","frp":4.3,"b":339.7,"c":1,"s":"N21","n":0}},{"type":"Feature","geometry":{"type":"Point","coordinates":[134.5138,-12.3082]},"properties":{"d":"2026-09-30","t":"0440","frp":4.3,"b":333.0,"c":0,"s":"N21","n":0}},{"type":"Feature","geometry":{"type":"Point","coordinates":[134.5174,-12.3076]},"properties":{"d":"2026-09-30","t":"0440","frp":4.8,"b":349.5,"c":1,"s":"N21","n":0}},{"type":"Feature","geometry":{"type":"Point","coordinates":[134.5058,-12.3059]},"properties":{"d":"2026-09-30","t":"0440","frp":6.0,"b":351.4,"c":1,"s":"N21","n":0}},{"type":"Feature","geometry":{"type":"Point","coordinates":[134.5169,-12.3042]},"properties":{"d":"2026-09-30","t":"0440","frp":4.8,"b":349.3,"c":1,"s":"N21","n":0}},{"type":"Feature","geometry":{"type":"Point","coordinates":[134.5053,-12.3026]},"properties":{"d":"2026-09-30","t":"0440","frp":30.6,"b":352.4,"c":1,"s":"N21","n":0}},{"type":"Feature","geometry":{"type":"Point","coordinates":[134.509,-12.302]},"properties":{"d":"2026-09-30","t":"0440","frp":6.4,"b":351.8,"c":1,"s":"N21","n":0}},{"type":"Feature","geometry":{"type":"Point","coordinates":[134.5127,-12.3014]},"properties":{"d":"2026-09-30","t":"0440","frp":6.4,"b":343.3,"c":1,"s":"N21","n":0}},{"type":"Feature","geometry":{"type":"Point","coordinates":[134.5163,-12.3008]},"properties":{"d":"2026-09-30","t":"0440","frp":2.8,"b":332.5,"c":0,"s":"N21","n":0}},{"type":"Feature","geometry":{"type":"Point","coordinates":[136.7818,-12.3004]},"properties":{"d":"2026-09-30","t":"0440","frp":22.1,"b":352.4,"c":1,"s":"N21","n":0}},{"type":"Feature","geometry":{"type":"Point","coordinates":[136.7863,-12.2997]},"properties":{"d":"2026-09-30","t":"0440","frp":8.1,"b":338.8,"c":1,"s":"N21","n":0}},{"type":"Feature","geometry":{"type":"Point","coordinates":[134.5231,-12.2963]},"properties":{"d":"2026-09-30","t":"0440","frp":5.5,"b":341.8,"c":1,"s":"N21","n":0}},{"type":"Feature","geometry":{"type":"Point","coordinates":[134.5268,-12.2957]},"properties":{"d":"2026-09-30","t":"0440","frp":5.5,"b":338.7,"c":1,"s":"N21","n":0}},{"type":"Feature","geometry":{"type":"Point","coordinates":[134.5305,-12.2952]},"properties":{"d":"2026-09-30","t":"0440","frp":5.3,"b":340.1,"c":1,"s":"N21","n":0}},{"type":"Feature","geometry":{"type":"Point","coordinates":[134.5226,-12.2929]},"properties":{"d":"2026-09-30","t":"0440","frp":6.8,"b":339.8,"c":1,"s":"N21","n":0}},{"type":"Feature","geometry":{"type":"Point","coordinates":[134.5263,-12.2924]},"properties":{"d":"2026-09-30","t":"0440","frp":6.8,"b":352.3,"c":1,"s":"N21","n":0}},{"type":"Feature","geometry":{"type":"Point","coordinates":[134.5716,-12.2922]},"properties":{"d":"2026-09-30","t":"0440","frp":4.8,"b":337.0,"c":1,"s":"N21","n":0}},{"type":"Feature","geometry":{"type":"Point","coordinates":[134.5299,-12.2918]},"properties":{"d":"2026-09-30","t":"0440","frp":8.3,"b":350.9,"c":1,"s":"N21","n":0}},{"type":"Feature","geometry":{"type":"Point","coordinates":[134.571,-12.2888]},"properties":{"d":"2026-09-30","t":"0440","frp":4.8,"b":336.8,"c":1,"s":"N21","n":0}},{"type":"Feature","geometry":{"type":"Point","coordinates":[136.8694,-12.2665]},"properties":{"d":"2026-09-30","t":"0440","frp":4.3,"b":336.7,"c":1,"s":"N21","n":0}},{"type":"Feature","geometry":{"type":"Point","coordinates":[136.874,-12.2657]},"properties":{"d":"2026-09-30","t":"0440","frp":20.0,"b":332.0,"c":0,"s":"N21","n":0}},{"type":"Feature","geometry":{"type":"Point","coordinates":[136.8785,-12.2649]},"properties":{"d":"2026-09-30","t":"0440","frp":20.0,"b":332.3,"c":1,"s":"N21","n":0}},{"type":"Feature","geometry":{"type":"Point","coordinates":[134.5936,-12.2644]},"properties":{"d":"2026-09-30","t":"0440","frp":9.0,"b":346.6,"c":1,"s":"N21","n":0}},{"type":"Feature","geometry":{"type":"Point","coordinates":[136.8733,-12.262]},"properties":{"d":"2026-09-30","t":"0440","frp":20.0,"b":335.4,"c":1,"s":"N21","n":0}},{"type":"Feature","geometry":{"type":"Point","coordinates":[135.8236,-12.22]},"properties":{"d":"2026-09-30","t":"0440","frp":4.1,"b":335.5,"c":1,"s":"N21","n":0}},{"type":"Feature","geometry":{"type":"Point","coordinates":[135.8277,-12.2193]},"properties":{"d":"2026-09-30","t":"0440","frp":4.1,"b":337.9,"c":1,"s":"N21","n":0}},{"type":"Feature","geometry":{"type":"Point","coordinates":[135.8271,-12.2158]},"properties":{"d":"2026-09-30","t":"0440","frp":101.0,"b":349.0,"c":1,"s":"N21","n":0}},{"type":"Feature","geometry":{"type":"Point","coordinates":[135.8312,-12.2151]},"properties":{"d":"2026-09-30","t":"0440","frp":4.8,"b":334.6,"c":1,"s":"N21","n":0}},{"type":"Feature","geometry":{"type":"Point","coordinates":[135.8265,-12.2123]},"properties":{"d":"2026-09-30","t":"0440","frp":101.0,"b":343.7,"c":1,"s":"N21","n":0}},{"type":"Feature","geometry":{"type":"Point","coordinates":[135.8306,-12.2116]},"properties":{"d":"2026-09-30","t":"0440","frp":4.8,"b":337.7,"c":1,"s":"N21","n":0}},{"type":"Feature","geometry":{"type":"Point","coordinates":[135.8265,-12.2088]},"properties":{"d":"2026-09-30","t":"0440","frp":25.6,"b":355.3,"c":1,"s":"N21","n":0}},{"type":"Feature","geometry":{"type":"Point","coordinates":[135.826,-12.2087]},"properties":{"d":"2026-09-30","t":"0440","frp":21.4,"b":354.3,"c":1,"s":"N21","n":0}},{"type":"Feature","geometry":{"type":"Point","coordinates":[135.8306,-12.2082]},"properties":{"d":"2026-09-30","t":"0440","frp":6.4,"b":341.4,"c":1,"s":"N21","n":0}},{"type":"Feature","geometry":{"type":"Point","coordinates":[135.83,-12.208]},"properties":{"d":"2026-09-30","t":"0440","frp":8.3,"b":346.4,"c":1,"s":"N21","n":0}},{"type":"Feature","geometry":{"type":"Point","coordinates":[135.83,-12.2047]},"properties":{"d":"2026-09-30","t":"0440","frp":6.4,"b":343.2,"c":1,"s":"N21","n":0}},{"type":"Feature","geometry":{"type":"Point","coordinates":[135.8294,-12.2045]},"properties":{"d":"2026-09-30","t":"0440","frp":8.3,"b":344.4,"c":1,"s":"N21","n":0}},{"type":"Feature","geometry":{"type":"Point","coordinates":[134.316,-12.2026]},"properties":{"d":"2026-09-30","t":"0440","frp":3.2,"b":336.9,"c":1,"s":"N21","n":0}},{"type":"Feature","geometry":{"type":"Point","coordinates":[135.8294,-12.2011]},"properties":{"d":"2026-09-30","t":"0440","frp":8.8,"b":347.1,"c":1,"s":"N21","n":0}},{"type":"Feature","geometry":{"type":"Point","coordinates":[135.8335,-12.2005]},"properties":{"d":"2026-09-30","t":"0440","frp":8.8,"b":339.4,"c":1,"s":"N21","n":0}},{"type":"Feature","geometry":{"type":"Point","coordinates":[134.3284,-12.1869]},"properties":{"d":"2026-09-30","t":"0440","frp":4.2,"b":342.1,"c":1,"s":"N21","n":0}},{"type":"Feature","geometry":{"type":"Point","coordinates":[134.332,-12.1863]},"properties":{"d":"2026-09-30","t":"0440","frp":4.5,"b":338.4,"c":1,"s":"N21","n":0}},{"type":"Feature","geometry":{"type":"Point","coordinates":[134.5028,-12.1283]},"properties":{"d":"2026-09-30","t":"0440","frp":7.0,"b":346.2,"c":1,"s":"N21","n":0}},{"type":"Feature","geometry":{"type":"Point","coordinates":[134.2517,-12.1074]},"properties":{"d":"2026-09-30","t":"0440","frp":35.4,"b":352.2,"c":1,"s":"N21","n":0}},{"type":"Feature","geometry":{"type":"Point","coordinates":[133.3898,-12.0948]},"properties":{"d":"2026-09-30","t":"0440","frp":4.2,"b":338.9,"c":1,"s":"N21","n":0}},{"type":"Feature","geometry":{"type":"Point","coordinates":[142.0847,-12.0924]},"properties":{"d":"2026-09-30","t":"0440","frp":4.3,"b":331.1,"c":1,"s":"N21","n":0}},{"type":"Feature","geometry":{"type":"Point","coordinates":[133.3893,-12.0915]},"properties":{"d":"2026-09-30","t":"0440","frp":4.2,"b":338.3,"c":1,"s":"N21","n":0}},{"type":"Feature","geometry":{"type":"Point","coordinates":[133.3853,-12.0888]},"properties":{"d":"2026-09-30","t":"0440","frp":6.2,"b":346.7,"c":1,"s":"N21","n":0}},{"type":"Feature","geometry":{"type":"Point","coordinates":[134.327,-12.0887]},"properties":{"d":"2026-09-30","t":"0440","frp":2.8,"b":337.7,"c":1,"s":"N21","n":0}},{"type":"Feature","geometry":{"type":"Point","coordinates":[134.3264,-12.0853]},"properties":{"d":"2026-09-30","t":"0440","frp":2.2,"b":335.7,"c":0,"s":"N21","n":0}},{"type":"Feature","geometry":{"type":"Point","coordinates":[133.3883,-12.0849]},"properties":{"d":"2026-09-30","t":"0440","frp":6.2,"b":344.2,"c":1,"s":"N21","n":0}},{"type":"Feature","geometry":{"type":"Point","coordinates":[142.0696,-12.0845]},"properties":{"d":"2026-09-30","t":"0440","frp":4.1,"b":338.3,"c":1,"s":"N21","n":0}},{"type":"Feature","geometry":{"type":"Point","coordinates":[142.0718,-12.0841]},"properties":{"d":"2026-09-30","t":"0440","frp":11.1,"b":350.6,"c":1,"s":"N21","n":0}},{"type":"Feature","geometry":{"type":"Point","coordinates":[142.0728,-12.0839]},"properties":{"d":"2026-09-30","t":"0440","frp":8.8,"b":344.0,"c":1,"s":"N21","n":0}},{"type":"Feature","geometry":{"type":"Point","coordinates":[133.3953,-12.0838]},"properties":{"d":"2026-09-30","t":"0440","frp":9.8,"b":348.4,"c":1,"s":"N21","n":0}},{"type":"Feature","geometry":{"type":"Point","coordinates":[133.3842,-12.0821]},"properties":{"d":"2026-09-30","t":"0440","frp":97.3,"b":352.6,"c":1,"s":"N21","n":0}},{"type":"Feature","geometry":{"type":"Point","coordinates":[133.3913,-12.081]},"properties":{"d":"2026-09-30","t":"0440","frp":24.4,"b":345.3,"c":1,"s":"N21","n":0}},{"type":"Feature","geometry":{"type":"Point","coordinates":[142.0654,-12.0799]},"properties":{"d":"2026-09-30","t":"0440","frp":4.1,"b":337.2,"c":1,"s":"N21","n":0}},{"type":"Feature","geometry":{"type":"Point","coordinates":[142.0676,-12.0795]},"properties":{"d":"2026-09-30","t":"0440","frp":10.9,"b":336.3,"c":1,"s":"N21","n":0}},{"type":"Feature","geometry":{"type":"Point","coordinates":[142.0686,-12.0793]},"properties":{"d":"2026-09-30","t":"0440","frp":4.1,"b":332.6,"c":1,"s":"N21","n":0}},{"type":"Feature","geometry":{"type":"Point","coordinates":[133.3907,-12.0777]},"properties":{"d":"2026-09-30","t":"0440","frp":24.4,"b":348.9,"c":1,"s":"N21","n":0}},{"type":"Feature","geometry":{"type":"Point","coordinates":[133.3943,-12.0772]},"properties":{"d":"2026-09-30","t":"0440","frp":24.4,"b":354.1,"c":1,"s":"N21","n":0}},{"type":"Feature","geometry":{"type":"Point","coordinates":[136.3252,-12.0761]},"properties":{"d":"2026-09-30","t":"0440","frp":5.5,"b":337.8,"c":1,"s":"N21","n":0}},{"type":"Feature","geometry":{"type":"Point","coordinates":[134.2686,-12.0738]},"properties":{"d":"2026-09-30","t":"0440","frp":14.3,"b":353.8,"c":1,"s":"N21","n":0}},{"type":"Feature","geometry":{"type":"Point","coordinates":[133.3973,-12.0733]},"properties":{"d":"2026-09-30","t":"0440","frp":7.2,"b":346.8,"c":1,"s":"N21","n":0}},{"type":"Feature","geometry":{"type":"Point","coordinates":[133.3756,-12.0733]},"properties":{"d":"2026-09-30","t":"0440","frp":7.4,"b":346.1,"c":1,"s":"N21","n":0}},{"type":"Feature","geometry":{"type":"Point","coordinates":[134.2722,-12.0732]},"properties":{"d":"2026-09-30","t":"0440","frp":14.3,"b":346.9,"c":1,"s":"N21","n":0}},{"type":"Feature","geometry":{"type":"Point","coordinates":[133.3791,-12.0727]},"properties":{"d":"2026-09-30","t":"0440","frp":7.4,"b":337.4,"c":1,"s":"N21","n":0}},{"type":"Feature","geometry":{"type":"Point","coordinates":[134.2716,-12.0698]},"properties":{"d":"2026-09-30","t":"0440","frp":14.3,"b":349.7,"c":1,"s":"N21","n":0}},{"type":"Feature","geometry":{"type":"Point","coordinates":[134.2753,-12.0693]},"properties":{"d":"2026-09-30","t":"0440","frp":5.2,"b":340.6,"c":1,"s":"N21","n":0}},{"type":"Feature","geometry":{"type":"Point","coordinates":[134.2748,-12.0659]},"properties":{"d":"2026-09-30","t":"0440","frp":14.1,"b":344.6,"c":1,"s":"N21","n":0}},{"type":"Feature","geometry":{"type":"Point","coordinates":[133.3851,-12.065]},"properties":{"d":"2026-09-30","t":"0440","frp":9.8,"b":339.6,"c":1,"s":"N21","n":0}},{"type":"Feature","geometry":{"type":"Point","coordinates":[133.3886,-12.0645]},"properties":{"d":"2026-09-30","t":"0440","frp":8.2,"b":339.9,"c":1,"s":"N21","n":0}},{"type":"Feature","geometry":{"type":"Point","coordinates":[134.2779,-12.062]},"properties":{"d":"2026-09-30","t":"0440","frp":14.1,"b":331.5,"c":0,"s":"N21","n":0}},{"type":"Feature","geometry":{"type":"Point","coordinates":[134.2773,-12.0586]},"properties":{"d":"2026-09-30","t":"0440","frp":4.6,"b":333.7,"c":0,"s":"N21","n":0}},{"type":"Feature","geometry":{"type":"Point","coordinates":[133.3971,-12.0496]},"properties":{"d":"2026-09-30","t":"0440","frp":5.8,"b":338.0,"c":1,"s":"N21","n":0}},{"type":"Feature","geometry":{"type":"Point","coordinates":[133.4183,-12.0464]},"properties":{"d":"2026-09-30","t":"0440","frp":4.6,"b":351.0,"c":1,"s":"N21","n":0}},{"type":"Feature","geometry":{"type":"Point","coordinates":[133.3961,-12.0462]},"properties":{"d":"2026-09-30","t":"0440","frp":6.3,"b":341.3,"c":1,"s":"N21","n":0}},{"type":"Feature","geometry":{"type":"Point","coordinates":[133.3996,-12.0457]},"properties":{"d":"2026-09-30","t":"0440","frp":11.0,"b":345.2,"c":1,"s":"N21","n":0}},{"type":"Feature","geometry":{"type":"Point","coordinates":[133.4031,-12.0452]},"properties":{"d":"2026-09-30","t":"0440","frp":11.0,"b":347.4,"c":1,"s":"N21","n":0}},{"type":"Feature","geometry":{"type":"Point","coordinates":[133.4067,-12.0446]},"properties":{"d":"2026-09-30","t":"0440","frp":5.1,"b":336.9,"c":1,"s":"N21","n":0}},{"type":"Feature","geometry":{"type":"Point","coordinates":[133.454,-12.0442]},"properties":{"d":"2026-09-30","t":"0440","frp":5.1,"b":344.4,"c":1,"s":"N21","n":0}},{"type":"Feature","geometry":{"type":"Point","coordinates":[133.4208,-12.0425]},"properties":{"d":"2026-09-30","t":"0440","frp":20.9,"b":345.5,"c":1,"s":"N21","n":0}},{"type":"Feature","geometry":{"type":"Point","coordinates":[133.4026,-12.0419]},"properties":{"d":"2026-09-30","t":"0440","frp":11.0,"b":367.0,"c":2,"s":"N21","n":0}},{"type":"Feature","geometry":{"type":"Point","coordinates":[133.45,-12.0414]},"properties":{"d":"2026-09-30","t":"0440","frp":5.1,"b":342.8,"c":1,"s":"N21","n":0}},{"type":"Feature","geometry":{"type":"Point","coordinates":[133.4535,-12.0409]},"properties":{"d":"2026-09-30","t":"0440","frp":5.1,"b":354.2,"c":1,"s":"N21","n":0}},{"type":"Feature","geometry":{"type":"Point","coordinates":[133.4384,-12.0397]},"properties":{"d":"2026-09-30","t":"0440","frp":8.0,"b":334.5,"c":1,"s":"N21","n":0}},{"type":"Feature","geometry":{"type":"Point","coordinates":[133.4419,-12.0392]},"properties":{"d":"2026-09-30","t":"0440","frp":6.1,"b":348.7,"c":1,"s":"N21","n":0}},{"type":"Feature","geometry":{"type":"Point","coordinates":[133.4202,-12.0391]},"properties":{"d":"2026-09-30","t":"0440","frp":20.9,"b":351.6,"c":1,"s":"N21","n":0}},{"type":"Feature","geometry":{"type":"Point","coordinates":[133.4238,-12.0386]},"properties":{"d":"2026-09-30","t":"0440","frp":20.9,"b":341.4,"c":1,"s":"N21","n":0}},{"type":"Feature","geometry":{"type":"Point","coordinates":[133.4273,-12.0381]},"properties":{"d":"2026-09-30","t":"0440","frp":4.1,"b":334.7,"c":0,"s":"N21","n":0}},{"type":"Feature","geometry":{"type":"Point","coordinates":[133.4308,-12.0375]},"properties":{"d":"2026-09-30","t":"0440","frp":4.1,"b":346.3,"c":1,"s":"N21","n":0}},{"type":"Feature","geometry":{"type":"Point","coordinates":[133.4343,-12.037]},"properties":{"d":"2026-09-30","t":"0440","frp":8.0,"b":352.9,"c":1,"s":"N21","n":0}},{"type":"Feature","geometry":{"type":"Point","coordinates":[133.4666,-12.0354]},"properties":{"d":"2026-09-30","t":"0440","frp":13.9,"b":351.0,"c":1,"s":"N21","n":0}},{"type":"Feature","geometry":{"type":"Point","coordinates":[133.4232,-12.0353]},"properties":{"d":"2026-09-30","t":"0440","frp":4.3,"b":341.6,"c":1,"s":"N21","n":0}},{"type":"Feature","geometry":{"type":"Point","coordinates":[133.4701,-12.0349]},"properties":{"d":"2026-09-30","t":"0440","frp":6.3,"b":353.3,"c":1,"s":"N21","n":0}},{"type":"Feature","geometry":{"type":"Point","coordinates":[133.4268,-12.0347]},"properties":{"d":"2026-09-30","t":"0440","frp":2.8,"b":332.6,"c":0,"s":"N21","n":0}},{"type":"Feature","geometry":{"type":"Point","coordinates":[133.4772,-12.0338]},"properties":{"d":"2026-09-30","t":"0440","frp":31.8,"b":341.0,"c":0,"s":"N21","n":0}},{"type":"Feature","geometry":{"type":"Point","coordinates":[133.4807,-12.0332]},"properties":{"d":"2026-09-30","t":"0440","frp":31.8,"b":337.1,"c":0,"s":"N21","n":0}},{"type":"Feature","geometry":{"type":"Point","coordinates":[133.4843,-12.0327]},"properties":{"d":"2026-09-30","t":"0440","frp":15.3,"b":344.6,"c":1,"s":"N21","n":0}},{"type":"Feature","geometry":{"type":"Point","coordinates":[133.4878,-12.0321]},"properties":{"d":"2026-09-30","t":"0440","frp":15.3,"b":352.1,"c":1,"s":"N21","n":0}},{"type":"Feature","geometry":{"type":"Point","coordinates":[133.4913,-12.0316]},"properties":{"d":"2026-09-30","t":"0440","frp":7.0,"b":338.5,"c":1,"s":"N21","n":0}},{"type":"Feature","geometry":{"type":"Point","coordinates":[133.4802,-12.0299]},"properties":{"d":"2026-09-30","t":"0440","frp":31.8,"b":352.8,"c":1,"s":"N21","n":0}},{"type":"Feature","geometry":{"type":"Point","coordinates":[133.4837,-12.0294]},"properties":{"d":"2026-09-30","t":"0440","frp":15.3,"b":351.7,"c":1,"s":"N21","n":0}},{"type":"Feature","geometry":{"type":"Point","coordinates":[133.5599,-12.0075]},"properties":{"d":"2026-09-30","t":"0440","frp":4.8,"b":336.5,"c":1,"s":"N21","n":0}},{"type":"Feature","geometry":{"type":"Point","coordinates":[133.5635,-12.0069]},"properties":{"d":"2026-09-30","t":"0440","frp":4.8,"b":350.6,"c":1,"s":"N21","n":0}},{"type":"Feature","geometry":{"type":"Point","coordinates":[133.5518,-12.0019]},"properties":{"d":"2026-09-30","t":"0440","frp":5.6,"b":344.2,"c":1,"s":"N21","n":0}},{"type":"Feature","geometry":{"type":"Point","coordinates":[133.5442,-11.9997]},"properties":{"d":"2026-09-30","t":"0440","frp":10.8,"b":367.0,"c":2,"s":"N21","n":0}},{"type":"Feature","geometry":{"type":"Point","coordinates":[133.5477,-11.9991]},"properties":{"d":"2026-09-30","t":"0440","frp":10.8,"b":355.1,"c":1,"s":"N21","n":0}},{"type":"Feature","geometry":{"type":"Point","coordinates":[133.5513,-11.9986]},"properties":{"d":"2026-09-30","t":"0440","frp":5.6,"b":340.3,"c":1,"s":"N21","n":0}},{"type":"Feature","geometry":{"type":"Point","coordinates":[133.5366,-11.9975]},"properties":{"d":"2026-09-30","t":"0440","frp":5.4,"b":348.2,"c":1,"s":"N21","n":0}},{"type":"Feature","geometry":{"type":"Point","coordinates":[135.7058,-11.9561]},"properties":{"d":"2026-09-30","t":"0440","frp":3.8,"b":333.8,"c":1,"s":"N21","n":0}},{"type":"Feature","geometry":{"type":"Point","coordinates":[135.7808,-11.9548]},"properties":{"d":"2026-09-30","t":"0440","frp":4.7,"b":340.4,"c":1,"s":"N21","n":0}},{"type":"Feature","geometry":{"type":"Point","coordinates":[135.7801,-11.9513]},"properties":{"d":"2026-09-30","t":"0440","frp":4.7,"b":337.6,"c":1,"s":"N21","n":0}},{"type":"Feature","geometry":{"type":"Point","coordinates":[135.8439,-11.876]},"properties":{"d":"2026-09-30","t":"0440","frp":9.3,"b":349.0,"c":1,"s":"N21","n":0}},{"type":"Feature","geometry":{"type":"Point","coordinates":[135.8431,-11.8752]},"properties":{"d":"2026-09-30","t":"0440","frp":6.9,"b":349.4,"c":1,"s":"N21","n":0}},{"type":"Feature","geometry":{"type":"Point","coordinates":[135.8472,-11.8746]},"properties":{"d":"2026-09-30","t":"0440","frp":6.9,"b":341.1,"c":1,"s":"N21","n":0}},{"type":"Feature","geometry":{"type":"Point","coordinates":[135.8474,-11.8718]},"properties":{"d":"2026-09-30","t":"0440","frp":9.3,"b":344.6,"c":1,"s":"N21","n":0}},{"type":"Feature","geometry":{"type":"Point","coordinates":[135.8627,-11.862]},"properties":{"d":"2026-09-30","t":"0440","frp":3.9,"b":336.0,"c":1,"s":"N21","n":0}},{"type":"Feature","geometry":{"type":"Point","coordinates":[130.4008,-11.7933]},"properties":{"d":"2026-09-30","t":"0440","frp":4.5,"b":342.2,"c":1,"s":"N21","n":0}},{"type":"Feature","geometry":{"type":"Point","coordinates":[130.4003,-11.7897]},"properties":{"d":"2026-09-30","t":"0440","frp":4.5,"b":331.0,"c":0,"s":"N21","n":0}},{"type":"Feature","geometry":{"type":"Point","coordinates":[130.4042,-11.7892]},"properties":{"d":"2026-09-30","t":"0440","frp":4.5,"b":342.9,"c":1,"s":"N21","n":0}},{"type":"Feature","geometry":{"type":"Point","coordinates":[135.8926,-11.7875]},"properties":{"d":"2026-09-30","t":"0440","frp":5.2,"b":338.7,"c":1,"s":"N21","n":0}},{"type":"Feature","geometry":{"type":"Point","coordinates":[135.8968,-11.7868]},"properties":{"d":"2026-09-30","t":"0440","frp":4.8,"b":338.6,"c":1,"s":"N21","n":0}},{"type":"Feature","geometry":{"type":"Point","coordinates":[135.892,-11.7839]},"properties":{"d":"2026-09-30","t":"0440","frp":7.1,"b":345.5,"c":1,"s":"N21","n":0}},{"type":"Feature","geometry":{"type":"Point","coordinates":[130.6927,-11.7299]},"properties":{"d":"2026-09-30","t":"0440","frp":8.7,"b":345.8,"c":0,"s":"N21","n":0}},{"type":"Feature","geometry":{"type":"Point","coordinates":[130.6922,-11.7264]},"properties":{"d":"2026-09-30","t":"0440","frp":8.7,"b":339.1,"c":0,"s":"N21","n":0}},{"type":"Feature","geometry":{"type":"Point","coordinates":[130.6955,-11.7224]},"properties":{"d":"2026-09-30","t":"0440","frp":10.4,"b":344.0,"c":0,"s":"N21","n":0}},{"type":"Feature","geometry":{"type":"Point","coordinates":[130.6994,-11.7218]},"properties":{"d":"2026-09-30","t":"0440","frp":6.0,"b":339.9,"c":0,"s":"N21","n":0}},{"type":"Feature","geometry":{"type":"Point","coordinates":[130.716,-11.5727]},"properties":{"d":"2026-09-30","t":"0440","frp":5.2,"b":334.4,"c":1,"s":"N21","n":0}},{"type":"Feature","geometry":{"type":"Point","coordinates":[130.7177,-11.5584]},"properties":{"d":"2026-09-30","t":"0440","frp":5.5,"b":337.5,"c":0,"s":"N21","n":0}},{"type":"Feature","geometry":{"type":"Point","coordinates":[130.7215,-11.5579]},"properties":{"d":"2026-09-30","t":"0440","frp":12.9,"b":343.1,"c":0,"s":"N21","n":0}},{"type":"Feature","geometry":{"type":"Point","coordinates":[130.7172,-11.555]},"properties":{"d":"2026-09-30","t":"0440","frp":5.5,"b":332.8,"c":0,"s":"N21","n":0}},{"type":"Feature","geometry":{"type":"Point","coordinates":[130.721,-11.5544]},"properties":{"d":"2026-09-30","t":"0440","frp":12.9,"b":351.3,"c":1,"s":"N21","n":0}},{"type":"Feature","geometry":{"type":"Point","coordinates":[130.7091,-11.5527]},"properties":{"d":"2026-09-30","t":"0440","frp":9.5,"b":337.1,"c":0,"s":"N21","n":0}},{"type":"Feature","geometry":{"type":"Point","coordinates":[130.7129,-11.5521]},"properties":{"d":"2026-09-30","t":"0440","frp":9.5,"b":348.0,"c":1,"s":"N21","n":0}},{"type":"Feature","geometry":{"type":"Point","coordinates":[130.7167,-11.5515]},"properties":{"d":"2026-09-30","t":"0440","frp":9.5,"b":348.7,"c":1,"s":"N21","n":0}},{"type":"Feature","geometry":{"type":"Point","coordinates":[130.7162,-11.5481]},"properties":{"d":"2026-09-30","t":"0440","frp":9.5,"b":338.8,"c":0,"s":"N21","n":0}},{"type":"Feature","geometry":{"type":"Point","coordinates":[130.7195,-11.5441]},"properties":{"d":"2026-09-30","t":"0440","frp":8.0,"b":344.8,"c":0,"s":"N21","n":0}},{"type":"Feature","geometry":{"type":"Point","coordinates":[130.719,-11.5407]},"properties":{"d":"2026-09-30","t":"0440","frp":8.0,"b":336.6,"c":0,"s":"N21","n":0}},{"type":"Feature","geometry":{"type":"Point","coordinates":[130.7184,-11.5372]},"properties":{"d":"2026-09-30","t":"0440","frp":5.1,"b":334.4,"c":0,"s":"N21","n":0}},{"type":"Feature","geometry":{"type":"Point","coordinates":[130.7223,-11.5367]},"properties":{"d":"2026-09-30","t":"0440","frp":5.1,"b":336.8,"c":0,"s":"N21","n":0}},{"type":"Feature","geometry":{"type":"Point","coordinates":[130.7179,-11.5338]},"properties":{"d":"2026-09-30","t":"0440","frp":5.1,"b":349.1,"c":1,"s":"N21","n":0}},{"type":"Feature","geometry":{"type":"Point","coordinates":[130.7217,-11.5332]},"properties":{"d":"2026-09-30","t":"0440","frp":5.1,"b":332.4,"c":0,"s":"N21","n":0}},{"type":"Feature","geometry":{"type":"Point","coordinates":[130.7174,-11.5304]},"properties":{"d":"2026-09-30","t":"0440","frp":29.8,"b":348.5,"c":1,"s":"N21","n":0}},{"type":"Feature","geometry":{"type":"Point","coordinates":[130.7131,-11.5275]},"properties":{"d":"2026-09-30","t":"0440","frp":13.2,"b":338.0,"c":0,"s":"N21","n":0}},{"type":"Feature","geometry":{"type":"Point","coordinates":[130.7169,-11.5269]},"properties":{"d":"2026-09-30","t":"0440","frp":29.8,"b":346.7,"c":1,"s":"N21","n":0}},{"type":"Feature","geometry":{"type":"Point","coordinates":[130.7126,-11.524]},"properties":{"d":"2026-09-30","t":"0440","frp":11.3,"b":337.6,"c":0,"s":"N21","n":0}},{"type":"Feature","geometry":{"type":"Point","coordinates":[130.7164,-11.5235]},"properties":{"d":"2026-09-30","t":"0440","frp":16.8,"b":347.7,"c":1,"s":"N21","n":0}},{"type":"Feature","geometry":{"type":"Point","coordinates":[130.7202,-11.5229]},"properties":{"d":"2026-09-30","t":"0440","frp":16.8,"b":346.0,"c":1,"s":"N21","n":0}},{"type":"Feature","geometry":{"type":"Point","coordinates":[130.7159,-11.52]},"properties":{"d":"2026-09-30","t":"0440","frp":16.8,"b":337.4,"c":0,"s":"N21","n":0}},{"type":"Feature","geometry":{"type":"Point","coordinates":[130.7197,-11.5195]},"properties":{"d":"2026-09-30","t":"0440","frp":16.8,"b":347.0,"c":1,"s":"N21","n":0}},{"type":"Feature","geometry":{"type":"Point","coordinates":[130.7116,-11.5172]},"properties":{"d":"2026-09-30","t":"0440","frp":6.6,"b":340.9,"c":1,"s":"N21","n":0}},{"type":"Feature","geometry":{"type":"Point","coordinates":[130.7154,-11.5166]},"properties":{"d":"2026-09-30","t":"0440","frp":14.3,"b":353.4,"c":1,"s":"N21","n":0}},{"type":"Feature","geometry":{"type":"Point","coordinates":[130.6544,-11.4169]},"properties":{"d":"2026-09-30","t":"0440","frp":5.8,"b":336.1,"c":0,"s":"N21","n":0}},{"type":"Feature","geometry":{"type":"Point","coordinates":[130.9527,-11.3734]},"properties":{"d":"2026-09-30","t":"0440","frp":8.4,"b":334.6,"c":0,"s":"N21","n":0}},{"type":"Feature","geometry":{"type":"Point","coordinates":[130.9564,-11.3729]},"properties":{"d":"2026-09-30","t":"0440","frp":9.4,"b":343.8,"c":1,"s":"N21","n":0}},{"type":"Feature","geometry":{"type":"Point","coordinates":[130.9559,-11.3695]},"properties":{"d":"2026-09-30","t":"0440","frp":9.4,"b":351.7,"c":1,"s":"N21","n":0}},{"type":"Feature","geometry":{"type":"Point","coordinates":[130.6551,-11.3435]},"properties":{"d":"2026-09-30","t":"0440","frp":6.5,"b":336.8,"c":1,"s":"N21","n":0}},{"type":"Feature","geometry":{"type":"Point","coordinates":[142.276,-11.0775]},"properties":{"d":"2026-09-30","t":"0440","frp":5.0,"b":332.3,"c":1,"s":"N21","n":0}},{"type":"Feature","geometry":{"type":"Point","coordinates":[142.2763,-11.074]},"properties":{"d":"2026-09-30","t":"0440","frp":4.8,"b":333.8,"c":1,"s":"N21","n":0}},{"type":"Feature","geometry":{"type":"Point","coordinates":[142.2679,-11.0734]},"properties":{"d":"2026-09-30","t":"0440","frp":8.2,"b":345.4,"c":1,"s":"N21","n":0}},{"type":"Feature","geometry":{"type":"Point","coordinates":[142.2714,-11.0727]},"properties":{"d":"2026-09-30","t":"0440","frp":8.2,"b":330.2,"c":1,"s":"N21","n":0}},{"type":"Feature","geometry":{"type":"Point","coordinates":[142.2648,-11.0706]},"properties":{"d":"2026-09-30","t":"0440","frp":11.3,"b":367.0,"c":2,"s":"N21","n":0}},{"type":"Feature","geometry":{"type":"Point","coordinates":[142.2683,-11.07]},"properties":{"d":"2026-09-30","t":"0440","frp":16.1,"b":367.0,"c":2,"s":"N21","n":0}},{"type":"Feature","geometry":{"type":"Point","coordinates":[142.2599,-11.0693]},"properties":{"d":"2026-09-30","t":"0440","frp":15.8,"b":355.6,"c":1,"s":"N21","n":0}},{"type":"Feature","geometry":{"type":"Point","coordinates":[142.2634,-11.0686]},"properties":{"d":"2026-09-30","t":"0440","frp":15.8,"b":367.0,"c":2,"s":"N21","n":0}},{"type":"Feature","geometry":{"type":"Point","coordinates":[142.2669,-11.068]},"properties":{"d":"2026-09-30","t":"0440","frp":8.2,"b":367.0,"c":2,"s":"N21","n":0}},{"type":"Feature","geometry":{"type":"Point","coordinates":[142.2533,-11.0673]},"properties":{"d":"2026-09-30","t":"0440","frp":5.9,"b":335.2,"c":1,"s":"N21","n":0}},{"type":"Feature","geometry":{"type":"Point","coordinates":[142.2568,-11.0666]},"properties":{"d":"2026-09-30","t":"0440","frp":5.9,"b":335.0,"c":1,"s":"N21","n":0}},{"type":"Feature","geometry":{"type":"Point","coordinates":[142.2603,-11.0659]},"properties":{"d":"2026-09-30","t":"0440","frp":11.3,"b":367.0,"c":2,"s":"N21","n":0}},{"type":"Feature","geometry":{"type":"Point","coordinates":[142.2638,-11.0653]},"properties":{"d":"2026-09-30","t":"0440","frp":11.3,"b":333.6,"c":1,"s":"N21","n":0}},{"type":"Feature","geometry":{"type":"Point","coordinates":[142.2553,-11.0646]},"properties":{"d":"2026-09-30","t":"0440","frp":4.2,"b":333.8,"c":1,"s":"N21","n":0}},{"type":"Feature","geometry":{"type":"Point","coordinates":[142.741,-9.1874]},"properties":{"d":"2026-09-30","t":"0440","frp":4.7,"b":337.4,"c":1,"s":"N21","n":0}},{"type":"Feature","geometry":{"type":"Point","coordinates":[141.8029,-9.1506]},"properties":{"d":"2026-09-30","t":"0440","frp":5.0,"b":333.4,"c":1,"s":"N21","n":0}},{"type":"Feature","geometry":{"type":"Point","coordinates":[141.9732,-9.1363]},"properties":{"d":"2026-09-30","t":"0440","frp":6.3,"b":330.7,"c":1,"s":"N21","n":0}},{"type":"Feature","geometry":{"type":"Point","coordinates":[143.1844,-9.0027]},"properties":{"d":"2026-09-30","t":"0440","frp":41.1,"b":367.0,"c":2,"s":"N21","n":0}},{"type":"Feature","geometry":{"type":"Point","coordinates":[143.1887,-9.0019]},"properties":{"d":"2026-09-30","t":"0440","frp":23.4,"b":333.0,"c":1,"s":"N21","n":0}},{"type":"Feature","geometry":{"type":"Point","coordinates":[124.0697,-10.1613]},"properties":{"d":"2026-09-30","t":"0442","frp":2.4,"b":330.6,"c":1,"s":"N21","n":0}},{"type":"Feature","geometry":{"type":"Point","coordinates":[124.3134,-10.1348]},"properties":{"d":"2026-09-30","t":"0442","frp":5.5,"b":335.3,"c":1,"s":"N21","n":0}},{"type":"Feature","geometry":{"type":"Point","coordinates":[124.0917,-10.1071]},"properties":{"d":"2026-09-30","t":"0442","frp":1.1,"b":330.0,"c":1,"s":"N21","n":0}},{"type":"Feature","geometry":{"type":"Point","coordinates":[124.1491,-10.1053]},"properties":{"d":"2026-09-30","t":"0442","frp":2.1,"b":331.9,"c":1,"s":"N21","n":0}},{"type":"Feature","geometry":{"type":"Point","coordinates":[124.1499,-10.1049]},"properties":{"d":"2026-09-30","t":"0442","frp":4.2,"b":338.3,"c":1,"s":"N21","n":0}},{"type":"Feature","geometry":{"type":"Point","coordinates":[124.1655,-10.098]},"properties":{"d":"2026-09-30","t":"0442","frp":5.0,"b":344.3,"c":1,"s":"N21","n":0}},{"type":"Feature","geometry":{"type":"Point","coordinates":[124.1663,-10.0977]},"properties":{"d":"2026-09-30","t":"0442","frp":5.6,"b":355.8,"c":1,"s":"N21","n":0}},{"type":"Feature","geometry":{"type":"Point","coordinates":[124.2066,-10.0977]},"properties":{"d":"2026-09-30","t":"0442","frp":6.5,"b":367.0,"c":2,"s":"N21","n":0}},{"type":"Feature","geometry":{"type":"Point","coordinates":[124.2075,-10.0976]},"properties":{"d":"2026-09-30","t":"0442","frp":7.3,"b":355.2,"c":1,"s":"N21","n":0}},{"type":"Feature","geometry":{"type":"Point","coordinates":[120.5733,-10.0907]},"properties":{"d":"2026-09-30","t":"0442","frp":4.8,"b":334.2,"c":1,"s":"N21","n":0}},{"type":"Feature","geometry":{"type":"Point","coordinates":[123.9246,-10.0678]},"properties":{"d":"2026-09-30","t":"0442","frp":2.1,"b":336.8,"c":1,"s":"N21","n":0}},{"type":"Feature","geometry":{"type":"Point","coordinates":[123.8691,-10.0645]},"properties":{"d":"2026-09-30","t":"0442","frp":14.1,"b":367.0,"c":2,"s":"N21","n":0}},{"type":"Feature","geometry":{"type":"Point","coordinates":[123.8554,-10.0216]},"properties":{"d":"2026-09-30","t":"0442","frp":2.4,"b":335.9,"c":1,"s":"N21","n":0}},{"type":"Feature","geometry":{"type":"Point","coordinates":[120.5658,-9.9727]},"properties":{"d":"2026-09-30","t":"0442","frp":6.5,"b":332.4,"c":1,"s":"N21","n":0}},{"type":"Feature","geometry":{"type":"Point","coordinates":[120.2187,-9.9289]},"properties":{"d":"2026-09-30","t":"0442","frp":5.2,"b":336.0,"c":1,"s":"N21","n":0}},{"type":"Feature","geometry":{"type":"Point","coordinates":[124.1931,-9.9156]},"properties":{"d":"2026-09-30","t":"0442","frp":1.6,"b":331.1,"c":1,"s":"N21","n":0}},{"type":"Feature","geometry":{"type":"Point","coordinates":[123.8864,-9.9104]},"properties":{"d":"2026-09-30","t":"0442","frp":80.0,"b":346.0,"c":1,"s":"N21","n":0}},{"type":"Feature","geometry":{"type":"Point","coordinates":[123.8894,-9.91]},"properties":{"d":"2026-09-30","t":"0442","frp":37.4,"b":367.0,"c":2,"s":"N21","n":0}},{"type":"Feature","geometry":{"type":"Point","coordinates":[123.9882,-9.8969]},"properties":{"d":"2026-09-30","t":"0442","frp":2.0,"b":332.9,"c":1,"s":"N21","n":0}},{"type":"Feature","geometry":{"type":"Point","coordinates":[123.8756,-9.8859]},"properties":{"d":"2026-09-30","t":"0442","frp":9.1,"b":354.4,"c":1,"s":"N21","n":0}},{"type":"Feature","geometry":{"type":"Point","coordinates":[123.8791,-9.8854]},"properties":{"d":"2026-09-30","t":"0442","frp":6.3,"b":330.1,"c":0,"s":"N21","n":0}},{"type":"Feature","geometry":{"type":"Point","coordinates":[124.1657,-9.8783]},"properties":{"d":"2026-09-30","t":"0442","frp":3.4,"b":330.6,"c":0,"s":"N21","n":0}},{"type":"Feature","geometry":{"type":"Point","coordinates":[120.3255,-9.844]},"properties":{"d":"2026-09-30","t":"0442","frp":8.8,"b":330.6,"c":0,"s":"N21","n":0}},{"type":"Feature","geometry":{"type":"Point","coordinates":[120.3211,-9.8429]},"properties":{"d":"2026-09-30","t":"0442","frp":8.9,"b":335.9,"c":1,"s":"N21","n":0}},{"type":"Feature","geometry":{"type":"Point","coordinates":[124.0538,-9.8368]},"properties":{"d":"2026-09-30","t":"0442","frp":2.6,"b":334.9,"c":1,"s":"N21","n":0}},{"type":"Feature","geometry":{"type":"Point","coordinates":[123.7581,-9.8202]},"properties":{"d":"2026-09-30","t":"0442","frp":1.9,"b":331.4,"c":1,"s":"N21","n":0}},{"type":"Feature","geometry":{"type":"Point","coordinates":[120.4189,-9.714]},"properties":{"d":"2026-09-30","t":"0442","frp":7.9,"b":335.3,"c":1,"s":"N21","n":0}},{"type":"Feature","geometry":{"type":"Point","coordinates":[120.4243,-9.7133]},"properties":{"d":"2026-09-30","t":"0442","frp":7.9,"b":346.1,"c":1,"s":"N21","n":0}},{"type":"Feature","geometry":{"type":"Point","coordinates":[120.4296,-9.7127]},"properties":{"d":"2026-09-30","t":"0442","frp":5.1,"b":332.1,"c":1,"s":"N21","n":0}},{"type":"Feature","geometry":{"type":"Point","coordinates":[120.4204,-9.7117]},"properties":{"d":"2026-09-30","t":"0442","frp":7.5,"b":337.9,"c":1,"s":"N21","n":0}},{"type":"Feature","geometry":{"type":"Point","coordinates":[120.4257,-9.7111]},"properties":{"d":"2026-09-30","t":"0442","frp":7.5,"b":348.0,"c":1,"s":"N21","n":0}},{"type":"Feature","geometry":{"type":"Point","coordinates":[120.4309,-9.7104]},"properties":{"d":"2026-09-30","t":"0442","frp":4.2,"b":330.6,"c":0,"s":"N21","n":0}},{"type":"Feature","geometry":{"type":"Point","coordinates":[120.4341,-9.7057]},"properties":{"d":"2026-09-30","t":"0442","frp":6.1,"b":334.1,"c":1,"s":"N21","n":0}},{"type":"Feature","geometry":{"type":"Point","coordinates":[120.4355,-9.7034]},"properties":{"d":"2026-09-30","t":"0442","frp":5.4,"b":333.2,"c":1,"s":"N21","n":0}},{"type":"Feature","geometry":{"type":"Point","coordinates":[120.4386,-9.6987]},"properties":{"d":"2026-09-30","t":"0442","frp":5.7,"b":335.5,"c":1,"s":"N21","n":0}},{"type":"Feature","geometry":{"type":"Point","coordinates":[120.4399,-9.6963]},"properties":{"d":"2026-09-30","t":"0442","frp":3.4,"b":334.3,"c":1,"s":"N21","n":0}},{"type":"Feature","geometry":{"type":"Point","coordinates":[124.7443,-9.6586]},"properties":{"d":"2026-09-30","t":"0442","frp":7.5,"b":341.1,"c":1,"s":"N21","n":0}},{"type":"Feature","geometry":{"type":"Point","coordinates":[124.4682,-9.6555]},"properties":{"d":"2026-09-30","t":"0442","frp":6.3,"b":334.9,"c":1,"s":"N21","n":0}},{"type":"Feature","geometry":{"type":"Point","coordinates":[123.8093,-9.6198]},"properties":{"d":"2026-09-30","t":"0442","frp":7.5,"b":354.1,"c":1,"s":"N21","n":0}},{"type":"Feature","geometry":{"type":"Point","coordinates":[124.5674,-9.6193]},"properties":{"d":"2026-09-30","t":"0442","frp":8.9,"b":339.3,"c":1,"s":"N21","n":0}},{"type":"Feature","geometry":{"type":"Point","coordinates":[123.8084,-9.6179]},"properties":{"d":"2026-09-30","t":"0442","frp":9.7,"b":367.0,"c":2,"s":"N21","n":0}},{"type":"Feature","geometry":{"type":"Point","coordinates":[124.57,-9.6176]},"properties":{"d":"2026-09-30","t":"0442","frp":13.0,"b":339.7,"c":1,"s":"N21","n":0}},{"type":"Feature","geometry":{"type":"Point","coordinates":[123.8113,-9.6175]},"properties":{"d":"2026-09-30","t":"0442","frp":9.7,"b":337.4,"c":1,"s":"N21","n":0}},{"type":"Feature","geometry":{"type":"Point","coordinates":[123.808,-9.6148]},"properties":{"d":"2026-09-30","t":"0442","frp":7.5,"b":367.0,"c":2,"s":"N21","n":0}},{"type":"Feature","geometry":{"type":"Point","coordinates":[124.1028,-9.6058]},"properties":{"d":"2026-09-30","t":"0442","frp":3.5,"b":333.6,"c":0,"s":"N21","n":0}},{"type":"Feature","geometry":{"type":"Point","coordinates":[124.112,-9.6046]},"properties":{"d":"2026-09-30","t":"0442","frp":2.1,"b":336.0,"c":1,"s":"N21","n":0}},{"type":"Feature","geometry":{"type":"Point","coordinates":[124.1085,-9.5898]},"properties":{"d":"2026-09-30","t":"0442","frp":3.1,"b":337.6,"c":1,"s":"N21","n":0}},{"type":"Feature","geometry":{"type":"Point","coordinates":[124.114,-9.5789]},"properties":{"d":"2026-09-30","t":"0442","frp":13.7,"b":353.2,"c":1,"s":"N21","n":0}},{"type":"Feature","geometry":{"type":"Point","coordinates":[124.1166,-9.5786]},"properties":{"d":"2026-09-30","t":"0442","frp":13.7,"b":367.0,"c":2,"s":"N21","n":0}},{"type":"Feature","geometry":{"type":"Point","coordinates":[124.114,-9.5785]},"properties":{"d":"2026-09-30","t":"0442","frp":12.3,"b":353.6,"c":1,"s":"N21","n":0}},{"type":"Feature","geometry":{"type":"Point","coordinates":[124.1167,-9.5781]},"properties":{"d":"2026-09-30","t":"0442","frp":13.6,"b":367.0,"c":2,"s":"N21","n":0}},{"type":"Feature","geometry":{"type":"Point","coordinates":[124.0202,-9.5759]},"properties":{"d":"2026-09-30","t":"0442","frp":5.4,"b":367.0,"c":2,"s":"N21","n":0}},{"type":"Feature","geometry":{"type":"Point","coordinates":[124.114,-9.5738]},"properties":{"d":"2026-09-30","t":"0442","frp":4.7,"b":355.1,"c":1,"s":"N21","n":0}},{"type":"Feature","geometry":{"type":"Point","coordinates":[124.1166,-9.5735]},"properties":{"d":"2026-09-30","t":"0442","frp":4.7,"b":344.3,"c":1,"s":"N21","n":0}},{"type":"Feature","geometry":{"type":"Point","coordinates":[124.1141,-9.5734]},"properties":{"d":"2026-09-30","t":"0442","frp":12.3,"b":351.5,"c":1,"s":"N21","n":0}},{"type":"Feature","geometry":{"type":"Point","coordinates":[124.1167,-9.573]},"properties":{"d":"2026-09-30","t":"0442","frp":13.6,"b":342.3,"c":1,"s":"N21","n":0}},{"type":"Feature","geometry":{"type":"Point","coordinates":[124.0151,-9.5663]},"properties":{"d":"2026-09-30","t":"0442","frp":6.3,"b":330.9,"c":1,"s":"N21","n":0}},{"type":"Feature","geometry":{"type":"Point","coordinates":[124.5487,-9.5526]},"properties":{"d":"2026-09-30","t":"0442","frp":12.1,"b":340.2,"c":1,"s":"N21","n":0}},{"type":"Feature","geometry":{"type":"Point","coordinates":[124.2969,-9.4732]},"properties":{"d":"2026-09-30","t":"0442","frp":4.1,"b":339.9,"c":1,"s":"N21","n":0}},{"type":"Feature","geometry":{"type":"Point","coordinates":[124.2332,-9.4715]},"properties":{"d":"2026-09-30","t":"0442","frp":9.2,"b":338.9,"c":1,"s":"N21","n":0}},{"type":"Feature","geometry":{"type":"Point","coordinates":[124.2562,-9.4534]},"properties":{"d":"2026-09-30","t":"0442","frp":10.6,"b":349.1,"c":1,"s":"N21","n":0}},{"type":"Feature","geometry":{"type":"Point","coordinates":[124.2546,-9.4521]},"properties":{"d":"2026-09-30","t":"0442","frp":14.0,"b":340.6,"c":1,"s":"N21","n":0}},{"type":"Feature","geometry":{"type":"Point","coordinates":[124.3322,-9.4265]},"properties":{"d":"2026-09-30","t":"0442","frp":4.7,"b":333.7,"c":1,"s":"N21","n":0}},{"type":"Feature","geometry":{"type":"Point","coordinates":[124.3384,-9.4056]},"properties":{"d":"2026-09-30","t":"0442","frp":7.0,"b":340.0,"c":1,"s":"N21","n":0}},{"type":"Feature","geometry":{"type":"Point","coordinates":[124.366,-9.4019]},"properties":{"d":"2026-09-30","t":"0442","frp":10.0,"b":336.0,"c":0,"s":"N21","n":0}},{"type":"Feature","geometry":{"type":"Point","coordinates":[124.4206,-9.3796]},"properties":{"d":"2026-09-30","t":"0442","frp":4.7,"b":333.9,"c":1,"s":"N21","n":0}},{"type":"Feature","geometry":{"type":"Point","coordinates":[124.3448,-9.3748]},"properties":{"d":"2026-09-30","t":"0442","frp":10.1,"b":341.1,"c":1,"s":"N21","n":0}},{"type":"Feature","geometry":{"type":"Point","coordinates":[124.3088,-9.3745]},"properties":{"d":"2026-09-30","t":"0442","frp":4.0,"b":334.6,"c":0,"s":"N21","n":0}},{"type":"Feature","geometry":{"type":"Point","coordinates":[124.4065,-9.3666]},"properties":{"d":"2026-09-30","t":"0442","frp":4.0,"b":330.1,"c":0,"s":"N21","n":0}},{"type":"Feature","geometry":{"type":"Point","coordinates":[124.7748,-9.3226]},"properties":{"d":"2026-09-30","t":"0442","frp":2.1,"b":333.5,"c":1,"s":"N21","n":0}},{"type":"Feature","geometry":{"type":"Point","coordinates":[124.3245,-9.31]},"properties":{"d":"2026-09-30","t":"0442","frp":12.2,"b":341.8,"c":1,"s":"N21","n":0}},{"type":"Feature","geometry":{"type":"Point","coordinates":[124.9536,-9.2843]},"properties":{"d":"2026-09-30","t":"0442","frp":5.7,"b":333.1,"c":1,"s":"N21","n":0}},{"type":"Feature","geometry":{"type":"Point","coordinates":[124.8096,-9.2696]},"properties":{"d":"2026-09-30","t":"0442","frp":10.5,"b":338.5,"c":1,"s":"N21","n":0}},{"type":"Feature","geometry":{"type":"Point","coordinates":[124.8113,-9.2681]},"properties":{"d":"2026-09-30","t":"0442","frp":8.7,"b":339.1,"c":1,"s":"N21","n":0}},{"type":"Feature","geometry":{"type":"Point","coordinates":[124.7067,-9.263]},"properties":{"d":"2026-09-30","t":"0442","frp":25.4,"b":354.0,"c":1,"s":"N21","n":0}},{"type":"Feature","geometry":{"type":"Point","coordinates":[124.8046,-9.2605]},"properties":{"d":"2026-09-30","t":"0442","frp":4.0,"b":336.7,"c":1,"s":"N21","n":0}},{"type":"Feature","geometry":{"type":"Point","coordinates":[124.8062,-9.2591]},"properties":{"d":"2026-09-30","t":"0442","frp":6.7,"b":339.6,"c":1,"s":"N21","n":0}},{"type":"Feature","geometry":{"type":"Point","coordinates":[124.3935,-9.2559]},"properties":{"d":"2026-09-30","t":"0442","frp":11.2,"b":340.3,"c":1,"s":"N21","n":0}},{"type":"Feature","geometry":{"type":"Point","coordinates":[124.9538,-9.2555]},"properties":{"d":"2026-09-30","t":"0442","frp":6.9,"b":332.1,"c":1,"s":"N21","n":0}},{"type":"Feature","geometry":{"type":"Point","coordinates":[125.4241,-9.2538]},"properties":{"d":"2026-09-30","t":"0442","frp":7.7,"b":332.5,"c":0,"s":"N21","n":0}},{"type":"Feature","geometry":{"type":"Point","coordinates":[124.9551,-9.253]},"properties":{"d":"2026-09-30","t":"0442","frp":6.3,"b":332.6,"c":1,"s":"N21","n":0}},{"type":"Feature","geometry":{"type":"Point","coordinates":[124.3883,-9.2516]},"properties":{"d":"2026-09-30","t":"0442","frp":11.2,"b":337.7,"c":1,"s":"N21","n":0}},{"type":"Feature","geometry":{"type":"Point","coordinates":[125.0391,-9.1842]},"properties":{"d":"2026-09-30","t":"0442","frp":6.1,"b":332.6,"c":0,"s":"N21","n":0}},{"type":"Feature","geometry":{"type":"Point","coordinates":[125.0329,-9.1803]},"properties":{"d":"2026-09-30","t":"0442","frp":5.4,"b":334.9,"c":1,"s":"N21","n":0}},{"type":"Feature","geometry":{"type":"Point","coordinates":[125.0375,-9.1797]},"properties":{"d":"2026-09-30","t":"0442","frp":8.0,"b":345.6,"c":1,"s":"N21","n":0}},{"type":"Feature","geometry":{"type":"Point","coordinates":[141.6739,-9.152]},"properties":{"d":"2026-09-30","t":"0442","frp":5.6,"b":336.7,"c":1,"s":"N21","n":0}},{"type":"Feature","geometry":{"type":"Point","coordinates":[125.0812,-9.1501]},"properties":{"d":"2026-09-30","t":"0442","frp":15.4,"b":352.9,"c":1,"s":"N21","n":0}},{"type":"Feature","geometry":{"type":"Point","coordinates":[141.6592,-9.1491]},"properties":{"d":"2026-09-30","t":"0442","frp":6.9,"b":331.5,"c":1,"s":"N21","n":0}},{"type":"Feature","geometry":{"type":"Point","coordinates":[125.1226,-9.1399]},"properties":{"d":"2026-09-30","t":"0442","frp":4.2,"b":334.8,"c":1,"s":"N21","n":0}},{"type":"Feature","geometry":{"type":"Point","coordinates":[141.6538,-9.139]},"properties":{"d":"2026-09-30","t":"0442","frp":12.4,"b":336.2,"c":1,"s":"N21","n":0}},{"type":"Feature","geometry":{"type":"Point","coordinates":[141.1972,-9.1365]},"properties":{"d":"2026-09-30","t":"0442","frp":11.4,"b":367.0,"c":2,"s":"N21","n":0}},{"type":"Feature","geometry":{"type":"Point","coordinates":[141.6521,-9.1365]},"properties":{"d":"2026-09-30","t":"0442","frp":10.3,"b":343.5,"c":1,"s":"N21","n":0}},{"type":"Feature","geometry":{"type":"Point","coordinates":[141.2004,-9.1359]},"properties":{"d":"2026-09-30","t":"0442","frp":12.3,"b":331.8,"c":1,"s":"N21","n":0}},{"type":"Feature","geometry":{"type":"Point","coordinates":[141.2036,-9.1354]},"properties":{"d":"2026-09-30","t":"0442","frp":12.3,"b":343.8,"c":1,"s":"N21","n":0}},{"type":"Feature","geometry":{"type":"Point","coordinates":[125.0981,-9.1337]},"properties":{"d":"2026-09-30","t":"0442","frp":3.3,"b":332.9,"c":1,"s":"N21","n":0}},{"type":"Feature","geometry":{"type":"Point","coordinates":[141.1962,-9.1313]},"properties":{"d":"2026-09-30","t":"0442","frp":11.4,"b":367.0,"c":2,"s":"N21","n":0}},{"type":"Feature","geometry":{"type":"Point","coordinates":[141.6484,-9.129]},"properties":{"d":"2026-09-30","t":"0442","frp":5.4,"b":333.7,"c":1,"s":"N21","n":0}},{"type":"Feature","geometry":{"type":"Point","coordinates":[141.6432,-9.127]},"properties":{"d":"2026-09-30","t":"0442","frp":3.4,"b":333.7,"c":1,"s":"N21","n":0}},{"type":"Feature","geometry":{"type":"Point","coordinates":[125.1844,-9.127]},"properties":{"d":"2026-09-30","t":"0442","frp":14.2,"b":340.2,"c":1,"s":"N21","n":0}},{"type":"Feature","geometry":{"type":"Point","coordinates":[125.0416,-9.1269]},"properties":{"d":"2026-09-30","t":"0442","frp":3.8,"b":331.6,"c":1,"s":"N21","n":0}},{"type":"Feature","geometry":{"type":"Point","coordinates":[141.6466,-9.1264]},"properties":{"d":"2026-09-30","t":"0442","frp":3.4,"b":334.4,"c":1,"s":"N21","n":0}},{"type":"Feature","geometry":{"type":"Point","coordinates":[141.6439,-9.1243]},"properties":{"d":"2026-09-30","t":"0442","frp":5.4,"b":342.6,"c":1,"s":"N21","n":0}},{"type":"Feature","geometry":{"type":"Point","coordinates":[141.6422,-9.1216]},"properties":{"d":"2026-09-30","t":"0442","frp":6.1,"b":347.1,"c":1,"s":"N21","n":0}},{"type":"Feature","geometry":{"type":"Point","coordinates":[141.6456,-9.121]},"properties":{"d":"2026-09-30","t":"0442","frp":6.1,"b":334.1,"c":1,"s":"N21","n":0}},{"type":"Feature","geometry":{"type":"Point","coordinates":[141.1542,-9.1175]},"properties":{"d":"2026-09-30","t":"0442","frp":4.6,"b":337.5,"c":1,"s":"N21","n":0}},{"type":"Feature","geometry":{"type":"Point","coordinates":[141.1539,-9.1164]},"properties":{"d":"2026-09-30","t":"0442","frp":3.6,"b":334.4,"c":1,"s":"N21","n":0}},{"type":"Feature","geometry":{"type":"Point","coordinates":[141.1307,-9.1151]},"properties":{"d":"2026-09-30","t":"0442","frp":7.8,"b":333.8,"c":1,"s":"N21","n":0}},{"type":"Feature","geometry":{"type":"Point","coordinates":[141.1339,-9.1146]},"properties":{"d":"2026-09-30","t":"0442","frp":7.8,"b":333.6,"c":1,"s":"N21","n":0}},{"type":"Feature","geometry":{"type":"Point","coordinates":[141.2392,-9.1127]},"properties":{"d":"2026-09-30","t":"0442","frp":70.8,"b":367.0,"c":2,"s":"N21","n":0}},{"type":"Feature","geometry":{"type":"Point","coordinates":[141.2424,-9.1121]},"properties":{"d":"2026-09-30","t":"0442","frp":29.3,"b":331.0,"c":1,"s":"N21","n":0}},{"type":"Feature","geometry":{"type":"Point","coordinates":[141.1269,-9.1119]},"properties":{"d":"2026-09-30","t":"0442","frp":27.6,"b":367.0,"c":2,"s":"N21","n":0}},{"type":"Feature","geometry":{"type":"Point","coordinates":[141.1301,-9.1113]},"properties":{"d":"2026-09-30","t":"0442","frp":14.5,"b":367.0,"c":2,"s":"N21","n":0}},{"type":"Feature","geometry":{"type":"Point","coordinates":[141.1234,-9.1111]},"properties":{"d":"2026-09-30","t":"0442","frp":24.3,"b":367.0,"c":2,"s":"N21","n":0}},{"type":"Feature","geometry":{"type":"Point","coordinates":[141.1333,-9.1107]},"properties":{"d":"2026-09-30","t":"0442","frp":14.5,"b":341.7,"c":1,"s":"N21","n":0}},{"type":"Feature","geometry":{"type":"Point","coordinates":[141.1266,-9.1105]},"properties":{"d":"2026-09-30","t":"0442","frp":24.3,"b":367.0,"c":2,"s":"N21","n":0}},{"type":"Feature","geometry":{"type":"Point","coordinates":[141.1924,-9.1105]},"properties":{"d":"2026-09-30","t":"0442","frp":12.1,"b":367.0,"c":2,"s":"N21","n":0}},{"type":"Feature","geometry":{"type":"Point","coordinates":[141.1298,-9.11]},"properties":{"d":"2026-09-30","t":"0442","frp":7.8,"b":367.0,"c":2,"s":"N21","n":0}},{"type":"Feature","geometry":{"type":"Point","coordinates":[141.1956,-9.1099]},"properties":{"d":"2026-09-30","t":"0442","frp":12.1,"b":352.7,"c":1,"s":"N21","n":0}},{"type":"Feature","geometry":{"type":"Point","coordinates":[141.1923,-9.1097]},"properties":{"d":"2026-09-30","t":"0442","frp":17.1,"b":367.0,"c":2,"s":"N21","n":0}},{"type":"Feature","geometry":{"type":"Point","coordinates":[141.1329,-9.1094]},"properties":{"d":"2026-09-30","t":"0442","frp":7.8,"b":334.8,"c":1,"s":"N21","n":0}},{"type":"Feature","geometry":{"type":"Point","coordinates":[141.1954,-9.1091]},"properties":{"d":"2026-09-30","t":"0442","frp":13.8,"b":349.6,"c":1,"s":"N21","n":0}},{"type":"Feature","geometry":{"type":"Point","coordinates":[141.1882,-9.1059]},"properties":{"d":"2026-09-30","t":"0442","frp":9.0,"b":330.7,"c":1,"s":"N21","n":0}},{"type":"Feature","geometry":{"type":"Point","coordinates":[141.1224,-9.1059]},"properties":{"d":"2026-09-30","t":"0442","frp":7.2,"b":346.2,"c":1,"s":"N21","n":0}},{"type":"Feature","geometry":{"type":"Point","coordinates":[141.1256,-9.1053]},"properties":{"d":"2026-09-30","t":"0442","frp":7.2,"b":354.5,"c":1,"s":"N21","n":0}},{"type":"Feature","geometry":{"type":"Point","coordinates":[141.1914,-9.1053]},"properties":{"d":"2026-09-30","t":"0442","frp":9.0,"b":367.0,"c":2,"s":"N21","n":0}},{"type":"Feature","geometry":{"type":"Point","coordinates":[141.1881,-9.105]},"properties":{"d":"2026-09-30","t":"0442","frp":5.6,"b":330.5,"c":1,"s":"N21","n":0}},{"type":"Feature","geometry":{"type":"Point","coordinates":[141.1913,-9.1045]},"properties":{"d":"2026-09-30","t":"0442","frp":5.6,"b":367.0,"c":2,"s":"N21","n":0}},{"type":"Feature","geometry":{"type":"Point","coordinates":[141.5491,-9.0943]},"properties":{"d":"2026-09-30","t":"0442","frp":6.6,"b":331.9,"c":1,"s":"N21","n":0}},{"type":"Feature","geometry":{"type":"Point","coordinates":[141.1926,-9.0935]},"properties":{"d":"2026-09-30","t":"0442","frp":13.2,"b":367.0,"c":2,"s":"N21","n":0}},{"type":"Feature","geometry":{"type":"Point","coordinates":[141.1958,-9.0929]},"properties":{"d":"2026-09-30","t":"0442","frp":13.2,"b":343.0,"c":1,"s":"N21","n":0}},{"type":"Feature","geometry":{"type":"Point","coordinates":[141.199,-9.0923]},"properties":{"d":"2026-09-30","t":"0442","frp":7.6,"b":346.4,"c":1,"s":"N21","n":0}},{"type":"Feature","geometry":{"type":"Point","coordinates":[141.1852,-9.0894]},"properties":{"d":"2026-09-30","t":"0442","frp":35.8,"b":346.7,"c":1,"s":"N21","n":0}},{"type":"Feature","geometry":{"type":"Point","coordinates":[141.1884,-9.0889]},"properties":{"d":"2026-09-30","t":"0442","frp":35.8,"b":367.0,"c":2,"s":"N21","n":0}},{"type":"Feature","geometry":{"type":"Point","coordinates":[141.1916,-9.0883]},"properties":{"d":"2026-09-30","t":"0442","frp":13.2,"b":346.9,"c":1,"s":"N21","n":0}},{"type":"Feature","geometry":{"type":"Point","coordinates":[141.1843,-9.0842]},"properties":{"d":"2026-09-30","t":"0442","frp":2.2,"b":336.5,"c":1,"s":"N21","n":0}},{"type":"Feature","geometry":{"type":"Point","coordinates":[141.351,-9.0816]},"properties":{"d":"2026-09-30","t":"0442","frp":1.8,"b":333.4,"c":1,"s":"N21","n":0}},{"type":"Feature","geometry":{"type":"Point","coordinates":[141.3508,-9.0814]},"properties":{"d":"2026-09-30","t":"0442","frp":3.0,"b":334.0,"c":1,"s":"N21","n":0}},{"type":"Feature","geometry":{"type":"Point","coordinates":[141.3524,-9.0705]},"properties":{"d":"2026-09-30","t":"0442","frp":4.0,"b":339.9,"c":1,"s":"N21","n":0}},{"type":"Feature","geometry":{"type":"Point","coordinates":[141.3521,-9.0702]},"properties":{"d":"2026-09-30","t":"0442","frp":5.6,"b":341.0,"c":1,"s":"N21","n":0}},{"type":"Feature","geometry":{"type":"Point","coordinates":[141.119,-9.0691]},"properties":{"d":"2026-09-30","t":"0442","frp":3.3,"b":331.0,"c":1,"s":"N21","n":0}},{"type":"Feature","geometry":{"type":"Point","coordinates":[125.6754,-9.066]},"properties":{"d":"2026-09-30","t":"0442","frp":7.0,"b":339.8,"c":1,"s":"N21","n":0}},{"type":"Feature","geometry":{"type":"Point","coordinates":[141.3481,-9.0659]},"properties":{"d":"2026-09-30","t":"0442","frp":5.4,"b":340.7,"c":1,"s":"N21","n":0}},{"type":"Feature","geometry":{"type":"Point","coordinates":[141.3514,-9.0653]},"properties":{"d":"2026-09-30","t":"0442","frp":5.4,"b":330.7,"c":1,"s":"N21","n":0}},{"type":"Feature","geometry":{"type":"Point","coordinates":[125.0212,-9.0649]},"properties":{"d":"2026-09-30","t":"0442","frp":8.0,"b":340.5,"c":1,"s":"N21","n":0}},{"type":"Feature","geometry":{"type":"Point","coordinates":[125.0258,-9.0643]},"properties":{"d":"2026-09-30","t":"0442","frp":8.0,"b":332.1,"c":1,"s":"N21","n":0}},{"type":"Feature","geometry":{"type":"Point","coordinates":[141.3471,-9.0606]},"properties":{"d":"2026-09-30","t":"0442","frp":5.4,"b":337.7,"c":1,"s":"N21","n":0}},{"type":"Feature","geometry":{"type":"Point","coordinates":[141.3537,-9.0594]},"properties":{"d":"2026-09-30","t":"0442","frp":8.2,"b":348.9,"c":1,"s":"N21","n":0}},{"type":"Feature","geometry":{"type":"Point","coordinates":[141.3668,-9.0571]},"properties":{"d":"2026-09-30","t":"0442","frp":9.5,"b":348.3,"c":1,"s":"N21","n":0}},{"type":"Feature","geometry":{"type":"Point","coordinates":[141.3462,-9.0554]},"properties":{"d":"2026-09-30","t":"0442","frp":7.8,"b":367.0,"c":2,"s":"N21","n":0}},{"type":"Feature","geometry":{"type":"Point","coordinates":[141.3495,-9.0548]},"properties":{"d":"2026-09-30","t":"0442","frp":7.8,"b":348.7,"c":1,"s":"N21","n":0}},{"type":"Feature","geometry":{"type":"Point","coordinates":[141.3527,-9.0542]},"properties":{"d":"2026-09-30","t":"0442","frp":4.3,"b":332.3,"c":1,"s":"N21","n":0}},{"type":"Feature","geometry":{"type":"Point","coordinates":[141.3452,-9.0501]},"properties":{"d":"2026-09-30","t":"0442","frp":7.8,"b":333.6,"c":1,"s":"N21","n":0}},{"type":"Feature","geometry":{"type":"Point","coordinates":[125.6918,-9.0469]},"properties":{"d":"2026-09-30","t":"0442","frp":7.0,"b":339.5,"c":1,"s":"N21","n":0}},{"type":"Feature","geometry":{"type":"Point","coordinates":[125.6909,-9.0458]},"properties":{"d":"2026-09-30","t":"0442","frp":6.2,"b":339.2,"c":1,"s":"N21","n":0}},{"type":"Feature","geometry":{"type":"Point","coordinates":[141.7233,-9.0403]},"properties":{"d":"2026-09-30","t":"0442","frp":7.1,"b":355.8,"c":0,"s":"N21","n":0}},{"type":"Feature","geometry":{"type":"Point","coordinates":[141.7223,-9.0349]},"properties":{"d":"2026-09-30","t":"0442","frp":7.1,"b":333.3,"c":1,"s":"N21","n":0}},{"type":"Feature","geometry":{"type":"Point","coordinates":[125.5192,-9.0345]},"properties":{"d":"2026-09-30","t":"0442","frp":4.3,"b":332.3,"c":1,"s":"N21","n":0}},{"type":"Feature","geometry":{"type":"Point","coordinates":[125.0667,-9.0079]},"properties":{"d":"2026-09-30","t":"0442","frp":8.8,"b":333.4,"c":1,"s":"N21","n":0}},{"type":"Feature","geometry":{"type":"Point","coordinates":[125.0686,-9.0065]},"properties":{"d":"2026-09-30","t":"0442","frp":9.6,"b":334.2,"c":1,"s":"N21","n":0}},{"type":"Feature","geometry":{"type":"Point","coordinates":[141.0183,-9.0056]},"properties":{"d":"2026-09-30","t":"0442","frp":2.6,"b":332.1,"c":1,"s":"N21","n":0}},{"type":"Feature","geometry":{"type":"Point","coordinates":[120.5057,-26.8182]},"properties":{"d":"2026-09-30","t":"0618","frp":1.5,"b":332.6,"c":1,"s":"N21","n":0}},{"type":"Feature","geometry":{"type":"Point","coordinates":[118.4952,-26.5687]},"properties":{"d":"2026-09-30","t":"0618","frp":13.5,"b":354.5,"c":1,"s":"N21","n":0}},{"type":"Feature","geometry":{"type":"Point","coordinates":[123.2669,-17.2028]},"properties":{"d":"2026-09-30","t":"0620","frp":11.7,"b":332.1,"c":1,"s":"N21","n":0}},{"type":"Feature","geometry":{"type":"Point","coordinates":[123.2703,-17.1975]},"properties":{"d":"2026-09-30","t":"0620","frp":19.4,"b":336.4,"c":1,"s":"N21","n":0}},{"type":"Feature","geometry":{"type":"Point","coordinates":[123.2724,-17.1941]},"properties":{"d":"2026-09-30","t":"0620","frp":11.7,"b":335.1,"c":1,"s":"N21","n":0}},{"type":"Feature","geometry":{"type":"Point","coordinates":[123.2796,-17.1924]},"properties":{"d":"2026-09-30","t":"0620","frp":15.9,"b":331.1,"c":1,"s":"N21","n":0}},{"type":"Feature","geometry":{"type":"Point","coordinates":[119.8527,-9.9071]},"properties":{"d":"2026-09-30","t":"0622","frp":8.0,"b":340.3,"c":1,"s":"N21","n":0}},{"type":"Feature","geometry":{"type":"Point","coordinates":[119.8491,-9.9058]},"properties":{"d":"2026-09-30","t":"0622","frp":12.9,"b":336.8,"c":1,"s":"N21","n":0}},{"type":"Feature","geometry":{"type":"Point","coordinates":[120.326,-9.8146]},"properties":{"d":"2026-09-30","t":"0622","frp":12.8,"b":337.9,"c":1,"s":"N21","n":0}},{"type":"Feature","geometry":{"type":"Point","coordinates":[119.6269,-9.7565]},"properties":{"d":"2026-09-30","t":"0622","frp":6.3,"b":332.3,"c":1,"s":"N21","n":0}},{"type":"Feature","geometry":{"type":"Point","coordinates":[120.4283,-9.7159]},"properties":{"d":"2026-09-30","t":"0622","frp":3.2,"b":335.0,"c":1,"s":"N21","n":0}},{"type":"Feature","geometry":{"type":"Point","coordinates":[120.4382,-9.6997]},"properties":{"d":"2026-09-30","t":"0622","frp":5.9,"b":333.6,"c":1,"s":"N21","n":0}},{"type":"Feature","geometry":{"type":"Point","coordinates":[119.9399,-9.6098]},"properties":{"d":"2026-09-30","t":"0622","frp":5.2,"b":330.7,"c":0,"s":"N21","n":0}},{"type":"Feature","geometry":{"type":"Point","coordinates":[119.9261,-9.5226]},"properties":{"d":"2026-09-30","t":"0622","frp":7.4,"b":340.2,"c":1,"s":"N21","n":0}},{"type":"Feature","geometry":{"type":"Point","coordinates":[117.2868,-9.0233]},"properties":{"d":"2026-09-30","t":"0622","frp":5.5,"b":331.6,"c":1,"s":"N21","n":0}},{"type":"Feature","geometry":{"type":"Point","coordinates":[149.3566,-36.3976]},"properties":{"d":"2026-09-30","t":"0349","frp":4.7,"b":334.1,"c":1,"s":"N20","n":0}},{"type":"Feature","geometry":{"type":"Point","coordinates":[146.6471,-36.3659]},"properties":{"d":"2026-09-30","t":"0349","frp":4.8,"b":332.6,"c":1,"s":"N20","n":0}},{"type":"Feature","geometry":{"type":"Point","coordinates":[150.8822,-34.4604]},"properties":{"d":"2026-09-30","t":"0349","frp":3.8,"b":335.5,"c":1,"s":"N20","n":0}},{"type":"Feature","geometry":{"type":"Point","coordinates":[150.8863,-34.4598]},"properties":{"d":"2026-09-30","t":"0349","frp":2.3,"b":331.3,"c":1,"s":"N20","n":0}},{"type":"Feature","geometry":{"type":"Point","coordinates":[150.8772,-34.4577]},"properties":{"d":"2026-09-30","t":"0349","frp":2.0,"b":326.6,"c":0,"s":"N20","n":0}},{"type":"Feature","geometry":{"type":"Point","coordinates":[150.8765,-34.4544]},"properties":{"d":"2026-09-30","t":"0349","frp":2.0,"b":328.9,"c":0,"s":"N20","n":0}},{"type":"Feature","geometry":{"type":"Point","coordinates":[149.7211,-34.4417]},"properties":{"d":"2026-09-30","t":"0349","frp":4.5,"b":333.1,"c":1,"s":"N20","n":0}},{"type":"Feature","geometry":{"type":"Point","coordinates":[149.3407,-34.3861]},"properties":{"d":"2026-09-30","t":"0349","frp":3.1,"b":327.8,"c":1,"s":"N20","n":0}},{"type":"Feature","geometry":{"type":"Point","coordinates":[148.8257,-34.3683]},"properties":{"d":"2026-09-30","t":"0349","frp":2.1,"b":330.5,"c":1,"s":"N20","n":0}},{"type":"Feature","geometry":{"type":"Point","coordinates":[148.2351,-34.2296]},"properties":{"d":"2026-09-30","t":"0349","frp":2.0,"b":331.7,"c":1,"s":"N20","n":0}},{"type":"Feature","geometry":{"type":"Point","coordinates":[150.8959,-33.9671]},"properties":{"d":"2026-09-30","t":"0349","frp":4.0,"b":335.4,"c":1,"s":"N20","n":0}},{"type":"Feature","geometry":{"type":"Point","coordinates":[149.6505,-33.9314]},"properties":{"d":"2026-09-30","t":"0349","frp":2.4,"b":331.1,"c":1,"s":"N20","n":0}},{"type":"Feature","geometry":{"type":"Point","coordinates":[150.9695,-33.6233]},"properties":{"d":"2026-09-30","t":"0349","frp":5.4,"b":327.6,"c":1,"s":"N20","n":0}},{"type":"Feature","geometry":{"type":"Point","coordinates":[150.9605,-33.6212]},"properties":{"d":"2026-09-30","t":"0349","frp":4.2,"b":332.0,"c":1,"s":"N20","n":0}},{"type":"Feature","geometry":{"type":"Point","coordinates":[150.9646,-33.6206]},"properties":{"d":"2026-09-30","t":"0349","frp":4.2,"b":329.2,"c":1,"s":"N20","n":0}},{"type":"Feature","geometry":{"type":"Point","coordinates":[150.9688,-33.62]},"properties":{"d":"2026-09-30","t":"0349","frp":5.4,"b":335.9,"c":1,"s":"N20","n":0}},{"type":"Feature","geometry":{"type":"Point","coordinates":[150.9729,-33.6193]},"properties":{"d":"2026-09-30","t":"0349","frp":5.4,"b":342.9,"c":1,"s":"N20","n":0}},{"type":"Feature","geometry":{"type":"Point","coordinates":[150.9639,-33.6173]},"properties":{"d":"2026-09-30","t":"0349","frp":5.5,"b":338.7,"c":1,"s":"N20","n":0}},{"type":"Feature","geometry":{"type":"Point","coordinates":[150.9681,-33.6167]},"properties":{"d":"2026-09-30","t":"0349","frp":22.2,"b":356.0,"c":1,"s":"N20","n":0}},{"type":"Feature","geometry":{"type":"Point","coordinates":[149.0165,-33.3316]},"properties":{"d":"2026-09-30","t":"0349","frp":2.5,"b":330.5,"c":1,"s":"N20","n":0}},{"type":"Feature","geometry":{"type":"Point","coordinates":[146.5761,-32.7274]},"properties":{"d":"2026-09-30","t":"0349","frp":6.0,"b":334.8,"c":1,"s":"N20","n":0}},{"type":"Feature","geometry":{"type":"Point","coordinates":[146.5755,-32.7237]},"properties":{"d":"2026-09-30","t":"0349","frp":6.0,"b":347.6,"c":1,"s":"N20","n":0}},{"type":"Feature","geometry":{"type":"Point","coordinates":[146.5743,-32.7163]},"properties":{"d":"2026-09-30","t":"0349","frp":5.8,"b":333.6,"c":1,"s":"N20","n":0}},{"type":"Feature","geometry":{"type":"Point","coordinates":[146.5685,-32.7131]},"properties":{"d":"2026-09-30","t":"0349","frp":3.8,"b":334.3,"c":1,"s":"N20","n":0}},{"type":"Feature","geometry":{"type":"Point","coordinates":[146.5678,-32.7094]},"properties":{"d":"2026-09-30","t":"0349","frp":3.8,"b":338.4,"c":1,"s":"N20","n":0}},{"type":"Feature","geometry":{"type":"Point","coordinates":[146.0381,-32.549]},"properties":{"d":"2026-09-30","t":"0349","frp":5.2,"b":336.8,"c":1,"s":"N20","n":0}},{"type":"Feature","geometry":{"type":"Point","coordinates":[146.6223,-32.3728]},"properties":{"d":"2026-09-30","t":"0349","frp":2.5,"b":335.3,"c":0,"s":"N20","n":0}},{"type":"Feature","geometry":{"type":"Point","coordinates":[146.6326,-32.3716]},"properties":{"d":"2026-09-30","t":"0349","frp":5.6,"b":336.5,"c":0,"s":"N20","n":0}},{"type":"Feature","geometry":{"type":"Point","coordinates":[146.6378,-32.371]},"properties":{"d":"2026-09-30","t":"0349","frp":3.0,"b":337.5,"c":0,"s":"N20","n":0}},{"type":"Feature","geometry":{"type":"Point","coordinates":[146.6217,-32.3691]},"properties":{"d":"2026-09-30","t":"0349","frp":7.6,"b":350.4,"c":1,"s":"N20","n":0}},{"type":"Feature","geometry":{"type":"Point","coordinates":[146.6269,-32.3685]},"properties":{"d":"2026-09-30","t":"0349","frp":8.3,"b":345.9,"c":1,"s":"N20","n":0}},{"type":"Feature","geometry":{"type":"Point","coordinates":[147.4549,-32.2808]},"properties":{"d":"2026-09-30","t":"0349","frp":6.4,"b":333.4,"c":0,"s":"N20","n":0}},{"type":"Feature","geometry":{"type":"Point","coordinates":[151.4441,-32.2727]},"properties":{"d":"2026-09-30","t":"0349","frp":11.3,"b":341.1,"c":1,"s":"N20","n":0}},{"type":"Feature","geometry":{"type":"Point","coordinates":[152.4428,-32.195]},"properties":{"d":"2026-09-30","t":"0349","frp":2.8,"b":334.1,"c":1,"s":"N20","n":0}},{"type":"Feature","geometry":{"type":"Point","coordinates":[149.8375,-32.1711]},"properties":{"d":"2026-09-30","t":"0349","frp":3.9,"b":331.9,"c":0,"s":"N20","n":0}},{"type":"Feature","geometry":{"type":"Point","coordinates":[152.0829,-32.1628]},"properties":{"d":"2026-09-30","t":"0349","frp":2.1,"b":328.2,"c":1,"s":"N20","n":0}},{"type":"Feature","geometry":{"type":"Point","coordinates":[147.258,-32.1123]},"properties":{"d":"2026-09-30","t":"0349","frp":5.4,"b":347.4,"c":1,"s":"N20","n":0}},{"type":"Feature","geometry":{"type":"Point","coordinates":[146.9858,-31.6233]},"properties":{"d":"2026-09-30","t":"0349","frp":3.2,"b":335.6,"c":1,"s":"N20","n":0}},{"type":"Feature","geometry":{"type":"Point","coordinates":[146.9907,-31.6227]},"properties":{"d":"2026-09-30","t":"0349","frp":3.2,"b":336.2,"c":1,"s":"N20","n":0}},{"type":"Feature","geometry":{"type":"Point","coordinates":[146.9876,-31.6224]},"properties":{"d":"2026-09-30","t":"0349","frp":9.0,"b":351.5,"c":1,"s":"N20","n":0}},{"type":"Feature","geometry":{"type":"Point","coordinates":[146.987,-31.6188]},"properties":{"d":"2026-09-30","t":"0349","frp":9.0,"b":336.0,"c":0,"s":"N20","n":0}},{"type":"Feature","geometry":{"type":"Point","coordinates":[146.9918,-31.6182]},"properties":{"d":"2026-09-30","t":"0349","frp":9.0,"b":346.3,"c":1,"s":"N20","n":0}},{"type":"Feature","geometry":{"type":"Point","coordinates":[146.9967,-31.6176]},"properties":{"d":"2026-09-30","t":"0349","frp":6.0,"b":336.0,"c":0,"s":"N20","n":0}},{"type":"Feature","geometry":{"type":"Point","coordinates":[150.9618,-31.6079]},"properties":{"d":"2026-09-30","t":"0349","frp":6.3,"b":345.9,"c":1,"s":"N20","n":0}},{"type":"Feature","geometry":{"type":"Point","coordinates":[150.9611,-31.6046]},"properties":{"d":"2026-09-30","t":"0349","frp":6.3,"b":335.2,"c":1,"s":"N20","n":0}},{"type":"Feature","geometry":{"type":"Point","coordinates":[150.9516,-31.5992]},"properties":{"d":"2026-09-30","t":"0349","frp":10.9,"b":345.3,"c":1,"s":"N20","n":0}},{"type":"Feature","geometry":{"type":"Point","coordinates":[151.2507,-31.5854]},"properties":{"d":"2026-09-30","t":"0349","frp":7.7,"b":331.6,"c":1,"s":"N20","n":0}},{"type":"Feature","geometry":{"type":"Point","coordinates":[151.1941,-31.2348]},"properties":{"d":"2026-09-30","t":"0349","frp":2.9,"b":333.3,"c":1,"s":"N20","n":0}},{"type":"Feature","geometry":{"type":"Point","coordinates":[151.6549,-31.2076]},"properties":{"d":"2026-09-30","t":"0349","frp":4.1,"b":343.2,"c":1,"s":"N20","n":0}},{"type":"Feature","geometry":{"type":"Point","coordinates":[148.416,-31.1921]},"properties":{"d":"2026-09-30","t":"0349","frp":5.4,"b":338.3,"c":1,"s":"N20","n":0}},{"type":"Feature","geometry":{"type":"Point","coordinates":[148.4202,-31.1915]},"properties":{"d":"2026-09-30","t":"0349","frp":4.1,"b":334.2,"c":0,"s":"N20","n":0}},{"type":"Feature","geometry":{"type":"Point","coordinates":[146.7648,-31.1269]},"properties":{"d":"2026-09-30","t":"0349","frp":1.9,"b":334.4,"c":0,"s":"N20","n":0}},{"type":"Feature","geometry":{"type":"Point","coordinates":[146.7593,-31.1239]},"properties":{"d":"2026-09-30","t":"0349","frp":6.8,"b":340.2,"c":1,"s":"N20","n":0}},{"type":"Feature","geometry":{"type":"Point","coordinates":[146.7642,-31.1233]},"properties":{"d":"2026-09-30","t":"0349","frp":9.2,"b":347.8,"c":1,"s":"N20","n":0}},{"type":"Feature","geometry":{"type":"Point","coordinates":[146.7587,-31.1202]},"properties":{"d":"2026-09-30","t":"0349","frp":6.8,"b":342.0,"c":1,"s":"N20","n":0}},{"type":"Feature","geometry":{"type":"Point","coordinates":[146.7602,-31.12]},"properties":{"d":"2026-09-30","t":"0349","frp":5.8,"b":338.8,"c":0,"s":"N20","n":0}},{"type":"Feature","geometry":{"type":"Point","coordinates":[145.7638,-31.0735]},"properties":{"d":"2026-09-30","t":"0349","frp":3.6,"b":338.1,"c":1,"s":"N20","n":0}},{"type":"Feature","geometry":{"type":"Point","coordinates":[151.3981,-30.9915]},"properties":{"d":"2026-09-30","t":"0349","frp":4.0,"b":339.1,"c":1,"s":"N20","n":0}},{"type":"Feature","geometry":{"type":"Point","coordinates":[151.6432,-30.8758]},"properties":{"d":"2026-09-30","t":"0349","frp":4.6,"b":331.8,"c":0,"s":"N20","n":0}},{"type":"Feature","geometry":{"type":"Point","coordinates":[151.2633,-30.8321]},"properties":{"d":"2026-09-30","t":"0349","frp":7.7,"b":335.7,"c":1,"s":"N20","n":0}},{"type":"Feature","geometry":{"type":"Point","coordinates":[148.8354,-30.4978]},"properties":{"d":"2026-09-30","t":"0349","frp":12.9,"b":335.6,"c":0,"s":"N20","n":0}},{"type":"Feature","geometry":{"type":"Point","coordinates":[148.1407,-30.3684]},"properties":{"d":"2026-09-30","t":"0349","frp":5.4,"b":338.8,"c":1,"s":"N20","n":0}},{"type":"Feature","geometry":{"type":"Point","coordinates":[148.1401,-30.365]},"properties":{"d":"2026-09-30","t":"0349","frp":5.4,"b":346.8,"c":1,"s":"N20","n":0}},{"type":"Feature","geometry":{"type":"Point","coordinates":[147.8941,-30.3154]},"properties":{"d":"2026-09-30","t":"0349","frp":3.5,"b":341.3,"c":1,"s":"N20","n":0}},{"type":"Feature","geometry":{"type":"Point","coordinates":[151.4445,-30.1772]},"properties":{"d":"2026-09-30","t":"0349","frp":2.8,"b":340.1,"c":1,"s":"N20","n":0}},{"type":"Feature","geometry":{"type":"Point","coordinates":[150.3166,-30.1728]},"properties":{"d":"2026-09-30","t":"0349","frp":24.6,"b":336.8,"c":1,"s":"N20","n":0}},{"type":"Feature","geometry":{"type":"Point","coordinates":[152.6437,-29.736]},"properties":{"d":"2026-09-30","t":"0349","frp":3.9,"b":331.8,"c":1,"s":"N20","n":0}},{"type":"Feature","geometry":{"type":"Point","coordinates":[152.6222,-29.7218]},"properties":{"d":"2026-09-30","t":"0349","frp":5.8,"b":345.9,"c":1,"s":"N20","n":0}},{"type":"Feature","geometry":{"type":"Point","coordinates":[152.6214,-29.7184]},"properties":{"d":"2026-09-30","t":"0349","frp":2.5,"b":329.2,"c":1,"s":"N20","n":0}},{"type":"Feature","geometry":{"type":"Point","coordinates":[153.3424,-29.0583]},"properties":{"d":"2026-09-30","t":"0349","frp":3.4,"b":332.3,"c":1,"s":"N20","n":0}},{"type":"Feature","geometry":{"type":"Point","coordinates":[149.1691,-29.3519]},"properties":{"d":"2026-09-30","t":"0351","frp":2.4,"b":339.9,"c":0,"s":"N20","n":0}},{"type":"Feature","geometry":{"type":"Point","coordinates":[149.512,-29.3248]},"properties":{"d":"2026-09-30","t":"0351","frp":25.9,"b":367.0,"c":0,"s":"N20","n":0}},{"type":"Feature","geometry":{"type":"Point","coordinates":[149.516,-29.3242]},"properties":{"d":"2026-09-30","t":"0351","frp":12.7,"b":338.5,"c":1,"s":"N20","n":0}},{"type":"Feature","geometry":{"type":"Point","coordinates":[149.5113,-29.3215]},"properties":{"d":"2026-09-30","t":"0351","frp":25.9,"b":351.4,"c":1,"s":"N20","n":0}},{"type":"Feature","geometry":{"type":"Point","coordinates":[149.5153,-29.3209]},"properties":{"d":"2026-09-30","t":"0351","frp":12.7,"b":335.3,"c":1,"s":"N20","n":0}},{"type":"Feature","geometry":{"type":"Point","coordinates":[149.5107,-29.3182]},"properties":{"d":"2026-09-30","t":"0351","frp":4.9,"b":349.2,"c":1,"s":"N20","n":0}},{"type":"Feature","geometry":{"type":"Point","coordinates":[147.6958,-28.8561]},"properties":{"d":"2026-09-30","t":"0351","frp":2.2,"b":339.3,"c":1,"s":"N20","n":0}},{"type":"Feature","geometry":{"type":"Point","coordinates":[150.9923,-28.4745]},"properties":{"d":"2026-09-30","t":"0351","frp":9.7,"b":353.8,"c":1,"s":"N20","n":0}},{"type":"Feature","geometry":{"type":"Point","coordinates":[149.1772,-28.3131]},"properties":{"d":"2026-09-30","t":"0351","frp":7.2,"b":348.1,"c":1,"s":"N20","n":0}},{"type":"Feature","geometry":{"type":"Point","coordinates":[150.6693,-28.1226]},"properties":{"d":"2026-09-30","t":"0351","frp":3.6,"b":341.6,"c":1,"s":"N20","n":0}},{"type":"Feature","geometry":{"type":"Point","coordinates":[150.6686,-28.1193]},"properties":{"d":"2026-09-30","t":"0351","frp":6.1,"b":344.9,"c":1,"s":"N20","n":0}},{"type":"Feature","geometry":{"type":"Point","coordinates":[150.6679,-28.116]},"properties":{"d":"2026-09-30","t":"0351","frp":6.1,"b":346.4,"c":1,"s":"N20","n":0}},{"type":"Feature","geometry":{"type":"Point","coordinates":[150.0277,-27.9187]},"properties":{"d":"2026-09-30","t":"0351","frp":2.8,"b":340.4,"c":1,"s":"N20","n":0}},{"type":"Feature","geometry":{"type":"Point","coordinates":[150.027,-27.9154]},"properties":{"d":"2026-09-30","t":"0351","frp":22.1,"b":352.1,"c":1,"s":"N20","n":0}},{"type":"Feature","geometry":{"type":"Point","coordinates":[150.0309,-27.9148]},"properties":{"d":"2026-09-30","t":"0351","frp":22.1,"b":355.8,"c":1,"s":"N20","n":0}},{"type":"Feature","geometry":{"type":"Point","coordinates":[150.0348,-27.9142]},"properties":{"d":"2026-09-30","t":"0351","frp":10.1,"b":367.0,"c":2,"s":"N20","n":0}},{"type":"Feature","geometry":{"type":"Point","coordinates":[148.7414,-27.8593]},"properties":{"d":"2026-09-30","t":"0351","frp":16.4,"b":349.0,"c":0,"s":"N20","n":0}},{"type":"Feature","geometry":{"type":"Point","coordinates":[148.7408,-27.8559]},"properties":{"d":"2026-09-30","t":"0351","frp":16.4,"b":349.8,"c":1,"s":"N20","n":0}},{"type":"Feature","geometry":{"type":"Point","coordinates":[148.1604,-27.8524]},"properties":{"d":"2026-09-30","t":"0351","frp":2.1,"b":337.0,"c":0,"s":"N20","n":0}},{"type":"Feature","geometry":{"type":"Point","coordinates":[148.7753,-27.8007]},"properties":{"d":"2026-09-30","t":"0351","frp":10.0,"b":342.6,"c":0,"s":"N20","n":0}},{"type":"Feature","geometry":{"type":"Point","coordinates":[148.7826,-27.7962]},"properties":{"d":"2026-09-30","t":"0351","frp":23.6,"b":343.2,"c":0,"s":"N20","n":0}},{"type":"Feature","geometry":{"type":"Point","coordinates":[148.7865,-27.7956]},"properties":{"d":"2026-09-30","t":"0351","frp":23.6,"b":347.2,"c":0,"s":"N20","n":0}},{"type":"Feature","geometry":{"type":"Point","coordinates":[152.0969,-27.4378]},"properties":{"d":"2026-09-30","t":"0351","frp":14.2,"b":349.3,"c":1,"s":"N20","n":0}},{"type":"Feature","geometry":{"type":"Point","coordinates":[152.8992,-27.1532]},"properties":{"d":"2026-09-30","t":"0351","frp":3.4,"b":333.8,"c":1,"s":"N20","n":0}},{"type":"Feature","geometry":{"type":"Point","coordinates":[152.7746,-26.5053]},"properties":{"d":"2026-09-30","t":"0351","frp":2.1,"b":331.1,"c":1,"s":"N20","n":0}},{"type":"Feature","geometry":{"type":"Point","coordinates":[150.1304,-26.3701]},"properties":{"d":"2026-09-30","t":"0351","frp":53.5,"b":353.9,"c":1,"s":"N20","n":0}},{"type":"Feature","geometry":{"type":"Point","coordinates":[150.1343,-26.3695]},"properties":{"d":"2026-09-30","t":"0351","frp":26.7,"b":350.1,"c":1,"s":"N20","n":0}},{"type":"Feature","geometry":{"type":"Point","coordinates":[150.1297,-26.3667]},"properties":{"d":"2026-09-30","t":"0351","frp":53.5,"b":354.6,"c":1,"s":"N20","n":0}},{"type":"Feature","geometry":{"type":"Point","coordinates":[150.1336,-26.3661]},"properties":{"d":"2026-09-30","t":"0351","frp":26.7,"b":353.9,"c":1,"s":"N20","n":0}},{"type":"Feature","geometry":{"type":"Point","coordinates":[150.1375,-26.3655]},"properties":{"d":"2026-09-30","t":"0351","frp":26.7,"b":355.2,"c":1,"s":"N20","n":0}},{"type":"Feature","geometry":{"type":"Point","coordinates":[150.1414,-26.3649]},"properties":{"d":"2026-09-30","t":"0351","frp":30.4,"b":345.6,"c":1,"s":"N20","n":0}},{"type":"Feature","geometry":{"type":"Point","coordinates":[150.1453,-26.3642]},"properties":{"d":"2026-09-30","t":"0351","frp":30.4,"b":346.0,"c":1,"s":"N20","n":0}},{"type":"Feature","geometry":{"type":"Point","coordinates":[150.1291,-26.3634]},"properties":{"d":"2026-09-30","t":"0351","frp":45.5,"b":350.9,"c":1,"s":"N20","n":0}},{"type":"Feature","geometry":{"type":"Point","coordinates":[150.1408,-26.3616]},"properties":{"d":"2026-09-30","t":"0351","frp":11.7,"b":353.9,"c":1,"s":"N20","n":0}},{"type":"Feature","geometry":{"type":"Point","coordinates":[150.1447,-26.3609]},"properties":{"d":"2026-09-30","t":"0351","frp":11.7,"b":350.8,"c":1,"s":"N20","n":0}},{"type":"Feature","geometry":{"type":"Point","coordinates":[150.144,-26.3576]},"properties":{"d":"2026-09-30","t":"0351","frp":11.7,"b":332.6,"c":0,"s":"N20","n":0}},{"type":"Feature","geometry":{"type":"Point","coordinates":[150.1238,-26.3574]},"properties":{"d":"2026-09-30","t":"0351","frp":17.9,"b":341.7,"c":1,"s":"N20","n":0}},{"type":"Feature","geometry":{"type":"Point","coordinates":[150.1479,-26.357]},"properties":{"d":"2026-09-30","t":"0351","frp":81.9,"b":355.8,"c":1,"s":"N20","n":0}},{"type":"Feature","geometry":{"type":"Point","coordinates":[150.1277,-26.3568]},"properties":{"d":"2026-09-30","t":"0351","frp":17.9,"b":355.9,"c":1,"s":"N20","n":0}},{"type":"Feature","geometry":{"type":"Point","coordinates":[150.1317,-26.3561]},"properties":{"d":"2026-09-30","t":"0351","frp":9.9,"b":356.4,"c":1,"s":"N20","n":0}},{"type":"Feature","geometry":{"type":"Point","coordinates":[150.1356,-26.3555]},"properties":{"d":"2026-09-30","t":"0351","frp":9.9,"b":347.3,"c":1,"s":"N20","n":0}},{"type":"Feature","geometry":{"type":"Point","coordinates":[150.1395,-26.3549]},"properties":{"d":"2026-09-30","t":"0351","frp":5.0,"b":333.3,"c":0,"s":"N20","n":0}},{"type":"Feature","geometry":{"type":"Point","coordinates":[150.1434,-26.3543]},"properties":{"d":"2026-09-30","t":"0351","frp":5.0,"b":343.4,"c":1,"s":"N20","n":0}},{"type":"Feature","geometry":{"type":"Point","coordinates":[150.1473,-26.3536]},"properties":{"d":"2026-09-30","t":"0351","frp":7.3,"b":338.3,"c":1,"s":"N20","n":0}},{"type":"Feature","geometry":{"type":"Point","coordinates":[150.1349,-26.3522]},"properties":{"d":"2026-09-30","t":"0351","frp":9.9,"b":350.2,"c":1,"s":"N20","n":0}},{"type":"Feature","geometry":{"type":"Point","coordinates":[150.4706,-26.3499]},"properties":{"d":"2026-09-30","t":"0351","frp":5.2,"b":344.7,"c":1,"s":"N20","n":0}},{"type":"Feature","geometry":{"type":"Point","coordinates":[149.6339,-26.3024]},"properties":{"d":"2026-09-30","t":"0351","frp":4.9,"b":342.1,"c":1,"s":"N20","n":0}},{"type":"Feature","geometry":{"type":"Point","coordinates":[150.5282,-26.1229]},"properties":{"d":"2026-09-30","t":"0351","frp":3.7,"b":336.2,"c":1,"s":"N20","n":0}},{"type":"Feature","geometry":{"type":"Point","coordinates":[150.5321,-26.1223]},"properties":{"d":"2026-09-30","t":"0351","frp":3.3,"b":344.6,"c":1,"s":"N20","n":0}},{"type":"Feature","geometry":{"type":"Point","coordinates":[150.5361,-26.1217]},"properties":{"d":"2026-09-30","t":"0351","frp":3.3,"b":342.2,"c":1,"s":"N20","n":0}},{"type":"Feature","geometry":{"type":"Point","coordinates":[150.5156,-26.1215]},"properties":{"d":"2026-09-30","t":"0351","frp":5.2,"b":342.8,"c":1,"s":"N20","n":0}},{"type":"Feature","geometry":{"type":"Point","coordinates":[150.5202,-26.1034]},"properties":{"d":"2026-09-30","t":"0351","frp":5.5,"b":337.6,"c":0,"s":"N20","n":0}},{"type":"Feature","geometry":{"type":"Point","coordinates":[150.5281,-26.1021]},"properties":{"d":"2026-09-30","t":"0351","frp":9.2,"b":352.4,"c":1,"s":"N20","n":0}},{"type":"Feature","geometry":{"type":"Point","coordinates":[152.5433,-25.5038]},"properties":{"d":"2026-09-30","t":"0351","frp":13.4,"b":341.8,"c":1,"s":"N20","n":0}},{"type":"Feature","geometry":{"type":"Point","coordinates":[149.0595,-25.4139]},"properties":{"d":"2026-09-30","t":"0351","frp":3.0,"b":335.8,"c":1,"s":"N20","n":0}},{"type":"Feature","geometry":{"type":"Point","coordinates":[151.5127,-24.4273]},"properties":{"d":"2026-09-30","t":"0351","frp":4.2,"b":348.5,"c":1,"s":"N20","n":0}},{"type":"Feature","geometry":{"type":"Point","coordinates":[151.512,-24.4238]},"properties":{"d":"2026-09-30","t":"0351","frp":4.2,"b":332.1,"c":0,"s":"N20","n":0}},{"type":"Feature","geometry":{"type":"Point","coordinates":[151.5163,-24.423]},"properties":{"d":"2026-09-30","t":"0351","frp":4.2,"b":331.7,"c":0,"s":"N20","n":0}},{"type":"Feature","geometry":{"type":"Point","coordinates":[149.5332,-24.1716]},"properties":{"d":"2026-09-30","t":"0351","frp":6.4,"b":346.5,"c":1,"s":"N20","n":0}},{"type":"Feature","geometry":{"type":"Point","coordinates":[151.28,-23.8933]},"properties":{"d":"2026-09-30","t":"0351","frp":19.6,"b":347.1,"c":1,"s":"N20","n":0}},{"type":"Feature","geometry":{"type":"Point","coordinates":[151.2793,-23.8898]},"properties":{"d":"2026-09-30","t":"0351","frp":19.6,"b":337.7,"c":1,"s":"N20","n":0}},{"type":"Feature","geometry":{"type":"Point","coordinates":[134.6139,-23.6446]},"properties":{"d":"2026-09-30","t":"0351","frp":30.4,"b":348.4,"c":1,"s":"N20","n":0}},{"type":"Feature","geometry":{"type":"Point","coordinates":[134.6202,-23.6442]},"properties":{"d":"2026-09-30","t":"0351","frp":30.4,"b":350.0,"c":1,"s":"N20","n":0}},{"type":"Feature","geometry":{"type":"Point","coordinates":[134.6099,-23.6429]},"properties":{"d":"2026-09-30","t":"0351","frp":28.7,"b":351.4,"c":1,"s":"N20","n":0}},{"type":"Feature","geometry":{"type":"Point","coordinates":[134.6162,-23.6425]},"properties":{"d":"2026-09-30","t":"0351","frp":28.7,"b":367.0,"c":2,"s":"N20","n":0}},{"type":"Feature","geometry":{"type":"Point","coordinates":[150.3268,-22.6836]},"properties":{"d":"2026-09-30","t":"0351","frp":2.0,"b":332.5,"c":1,"s":"N20","n":0}},{"type":"Feature","geometry":{"type":"Point","coordinates":[150.3269,-22.6806]},"properties":{"d":"2026-09-30","t":"0351","frp":3.1,"b":337.4,"c":1,"s":"N20","n":0}},{"type":"Feature","geometry":{"type":"Point","coordinates":[150.3261,-22.6801]},"properties":{"d":"2026-09-30","t":"0351","frp":2.0,"b":338.6,"c":1,"s":"N20","n":0}},{"type":"Feature","geometry":{"type":"Point","coordinates":[150.3262,-22.6772]},"properties":{"d":"2026-09-30","t":"0351","frp":3.1,"b":334.4,"c":1,"s":"N20","n":0}},{"type":"Feature","geometry":{"type":"Point","coordinates":[150.3295,-22.6731]},"properties":{"d":"2026-09-30","t":"0351","frp":4.8,"b":331.9,"c":1,"s":"N20","n":0}},{"type":"Feature","geometry":{"type":"Point","coordinates":[150.2702,-22.6441]},"properties":{"d":"2026-09-30","t":"0351","frp":4.8,"b":339.1,"c":1,"s":"N20","n":0}},{"type":"Feature","geometry":{"type":"Point","coordinates":[145.8623,-22.4793]},"properties":{"d":"2026-09-30","t":"0351","frp":4.7,"b":343.4,"c":1,"s":"N20","n":0}},{"type":"Feature","geometry":{"type":"Point","coordinates":[145.8664,-22.4787]},"properties":{"d":"2026-09-30","t":"0351","frp":4.4,"b":334.0,"c":0,"s":"N20","n":0}},{"type":"Feature","geometry":{"type":"Point","coordinates":[145.8577,-22.4764]},"properties":{"d":"2026-09-30","t":"0351","frp":4.7,"b":338.9,"c":1,"s":"N20","n":0}},{"type":"Feature","geometry":{"type":"Point","coordinates":[145.8618,-22.4758]},"properties":{"d":"2026-09-30","t":"0351","frp":4.7,"b":353.0,"c":1,"s":"N20","n":0}},{"type":"Feature","geometry":{"type":"Point","coordinates":[133.3934,-22.0578]},"properties":{"d":"2026-09-30","t":"0353","frp":16.9,"b":348.2,"c":1,"s":"N20","n":0}},{"type":"Feature","geometry":{"type":"Point","coordinates":[133.4009,-22.0573]},"properties":{"d":"2026-09-30","t":"0353","frp":14.8,"b":336.2,"c":1,"s":"N20","n":0}},{"type":"Feature","geometry":{"type":"Point","coordinates":[133.3952,-22.0544]},"properties":{"d":"2026-09-30","t":"0353","frp":13.9,"b":367.0,"c":2,"s":"N20","n":0}},{"type":"Feature","geometry":{"type":"Point","coordinates":[133.4026,-22.0539]},"properties":{"d":"2026-09-30","t":"0353","frp":13.9,"b":367.0,"c":2,"s":"N20","n":0}},{"type":"Feature","geometry":{"type":"Point","coordinates":[133.3928,-22.0506]},"properties":{"d":"2026-09-30","t":"0353","frp":16.9,"b":347.8,"c":1,"s":"N20","n":0}},{"type":"Feature","geometry":{"type":"Point","coordinates":[133.4003,-22.0501]},"properties":{"d":"2026-09-30","t":"0353","frp":14.8,"b":367.0,"c":2,"s":"N20","n":0}},{"type":"Feature","geometry":{"type":"Point","coordinates":[133.4078,-22.0497]},"properties":{"d":"2026-09-30","t":"0353","frp":14.8,"b":338.0,"c":1,"s":"N20","n":0}},{"type":"Feature","geometry":{"type":"Point","coordinates":[133.3946,-22.0472]},"properties":{"d":"2026-09-30","t":"0353","frp":13.9,"b":345.5,"c":1,"s":"N20","n":0}},{"type":"Feature","geometry":{"type":"Point","coordinates":[133.4021,-22.0467]},"properties":{"d":"2026-09-30","t":"0353","frp":13.9,"b":347.1,"c":1,"s":"N20","n":0}},{"type":"Feature","geometry":{"type":"Point","coordinates":[133.3997,-22.043]},"properties":{"d":"2026-09-30","t":"0353","frp":11.6,"b":333.4,"c":1,"s":"N20","n":0}},{"type":"Feature","geometry":{"type":"Point","coordinates":[133.4366,-22.0335]},"properties":{"d":"2026-09-30","t":"0353","frp":16.0,"b":335.5,"c":1,"s":"N20","n":0}},{"type":"Feature","geometry":{"type":"Point","coordinates":[133.4308,-22.0304]},"properties":{"d":"2026-09-30","t":"0353","frp":16.7,"b":350.0,"c":1,"s":"N20","n":0}},{"type":"Feature","geometry":{"type":"Point","coordinates":[139.4767,-20.7357]},"properties":{"d":"2026-09-30","t":"0353","frp":6.8,"b":344.4,"c":1,"s":"N20","n":0}},{"type":"Feature","geometry":{"type":"Point","coordinates":[146.5223,-19.3669]},"properties":{"d":"2026-09-30","t":"0353","frp":11.2,"b":349.6,"c":1,"s":"N20","n":0}},{"type":"Feature","geometry":{"type":"Point","coordinates":[147.0289,-19.2882]},"properties":{"d":"2026-09-30","t":"0353","frp":3.1,"b":332.0,"c":1,"s":"N20","n":0}},{"type":"Feature","geometry":{"type":"Point","coordinates":[147.0325,-19.2877]},"properties":{"d":"2026-09-30","t":"0353","frp":6.2,"b":367.0,"c":2,"s":"N20","n":0}},{"type":"Feature","geometry":{"type":"Point","coordinates":[147.0319,-19.2843]},"properties":{"d":"2026-09-30","t":"0353","frp":6.2,"b":349.0,"c":1,"s":"N20","n":0}},{"type":"Feature","geometry":{"type":"Point","coordinates":[147.035,-19.2805]},"properties":{"d":"2026-09-30","t":"0353","frp":7.0,"b":340.6,"c":1,"s":"N20","n":0}},{"type":"Feature","geometry":{"type":"Point","coordinates":[147.0382,-19.2766]},"properties":{"d":"2026-09-30","t":"0353","frp":19.3,"b":354.2,"c":1,"s":"N20","n":0}},{"type":"Feature","geometry":{"type":"Point","coordinates":[147.0376,-19.2733]},"properties":{"d":"2026-09-30","t":"0353","frp":7.8,"b":348.3,"c":1,"s":"N20","n":0}},{"type":"Feature","geometry":{"type":"Point","coordinates":[147.0413,-19.2727]},"properties":{"d":"2026-09-30","t":"0353","frp":7.8,"b":355.8,"c":1,"s":"N20","n":0}},{"type":"Feature","geometry":{"type":"Point","coordinates":[147.0449,-19.2722]},"properties":{"d":"2026-09-30","t":"0353","frp":9.8,"b":346.4,"c":1,"s":"N20","n":0}},{"type":"Feature","geometry":{"type":"Point","coordinates":[147.0371,-19.27]},"properties":{"d":"2026-09-30","t":"0353","frp":7.8,"b":337.9,"c":1,"s":"N20","n":0}},{"type":"Feature","geometry":{"type":"Point","coordinates":[147.0141,-19.2666]},"properties":{"d":"2026-09-30","t":"0353","frp":4.6,"b":338.0,"c":1,"s":"N20","n":0}},{"type":"Feature","geometry":{"type":"Point","coordinates":[147.0136,-19.2633]},"properties":{"d":"2026-09-30","t":"0353","frp":7.8,"b":344.4,"c":1,"s":"N20","n":0}},{"type":"Feature","geometry":{"type":"Point","coordinates":[147.0172,-19.2628]},"properties":{"d":"2026-09-30","t":"0353","frp":7.8,"b":343.4,"c":1,"s":"N20","n":0}},{"type":"Feature","geometry":{"type":"Point","coordinates":[147.0167,-19.2595]},"properties":{"d":"2026-09-30","t":"0353","frp":7.8,"b":355.9,"c":1,"s":"N20","n":0}},{"type":"Feature","geometry":{"type":"Point","coordinates":[138.2997,-18.7777]},"properties":{"d":"2026-09-30","t":"0353","frp":12.5,"b":352.5,"c":1,"s":"N20","n":0}},{"type":"Feature","geometry":{"type":"Point","coordinates":[138.3029,-18.7774]},"properties":{"d":"2026-09-30","t":"0353","frp":17.7,"b":367.0,"c":2,"s":"N20","n":0}},{"type":"Feature","geometry":{"type":"Point","coordinates":[138.2991,-18.7726]},"properties":{"d":"2026-09-30","t":"0353","frp":12.0,"b":354.9,"c":1,"s":"N20","n":0}},{"type":"Feature","geometry":{"type":"Point","coordinates":[138.3023,-18.7722]},"properties":{"d":"2026-09-30","t":"0353","frp":10.6,"b":356.1,"c":0,"s":"N20","n":0}},{"type":"Feature","geometry":{"type":"Point","coordinates":[138.2947,-18.7053]},"properties":{"d":"2026-09-30","t":"0353","frp":8.3,"b":354.8,"c":1,"s":"N20","n":0}},{"type":"Feature","geometry":{"type":"Point","coordinates":[138.2979,-18.705]},"properties":{"d":"2026-09-30","t":"0353","frp":8.3,"b":342.3,"c":1,"s":"N20","n":0}},{"type":"Feature","geometry":{"type":"Point","coordinates":[138.2971,-18.6998]},"properties":{"d":"2026-09-30","t":"0353","frp":10.5,"b":367.0,"c":2,"s":"N20","n":0}},{"type":"Feature","geometry":{"type":"Point","coordinates":[138.3067,-18.6988]},"properties":{"d":"2026-09-30","t":"0353","frp":5.5,"b":338.8,"c":1,"s":"N20","n":0}},{"type":"Feature","geometry":{"type":"Point","coordinates":[138.3062,-18.6964]},"properties":{"d":"2026-09-30","t":"0353","frp":7.8,"b":346.0,"c":1,"s":"N20","n":0}},{"type":"Feature","geometry":{"type":"Point","coordinates":[138.319,-18.6923]},"properties":{"d":"2026-09-30","t":"0353","frp":6.1,"b":354.4,"c":1,"s":"N20","n":0}},{"type":"Feature","geometry":{"type":"Point","coordinates":[138.3221,-18.692]},"properties":{"d":"2026-09-30","t":"0353","frp":6.1,"b":349.1,"c":1,"s":"N20","n":0}},{"type":"Feature","geometry":{"type":"Point","coordinates":[138.3185,-18.6898]},"properties":{"d":"2026-09-30","t":"0353","frp":7.4,"b":351.4,"c":1,"s":"N20","n":0}},{"type":"Feature","geometry":{"type":"Point","coordinates":[138.3217,-18.6895]},"properties":{"d":"2026-09-30","t":"0353","frp":7.4,"b":341.3,"c":1,"s":"N20","n":0}},{"type":"Feature","geometry":{"type":"Point","coordinates":[145.5957,-18.6587]},"properties":{"d":"2026-09-30","t":"0353","frp":6.2,"b":334.9,"c":1,"s":"N20","n":0}},{"type":"Feature","geometry":{"type":"Point","coordinates":[145.5995,-18.6582]},"properties":{"d":"2026-09-30","t":"0353","frp":4.6,"b":331.3,"c":1,"s":"N20","n":0}},{"type":"Feature","geometry":{"type":"Point","coordinates":[145.5951,-18.6553]},"properties":{"d":"2026-09-30","t":"0353","frp":6.2,"b":346.2,"c":1,"s":"N20","n":0}},{"type":"Feature","geometry":{"type":"Point","coordinates":[144.7075,-18.6173]},"properties":{"d":"2026-09-30","t":"0353","frp":141.0,"b":334.4,"c":1,"s":"N20","n":0}},{"type":"Feature","geometry":{"type":"Point","coordinates":[144.7115,-18.6168]},"properties":{"d":"2026-09-30","t":"0353","frp":65.7,"b":350.2,"c":1,"s":"N20","n":0}},{"type":"Feature","geometry":{"type":"Point","coordinates":[144.7156,-18.6162]},"properties":{"d":"2026-09-30","t":"0353","frp":65.7,"b":350.2,"c":1,"s":"N20","n":0}},{"type":"Feature","geometry":{"type":"Point","coordinates":[144.7197,-18.6156]},"properties":{"d":"2026-09-30","t":"0353","frp":54.2,"b":350.5,"c":0,"s":"N20","n":0}},{"type":"Feature","geometry":{"type":"Point","coordinates":[144.7237,-18.6151]},"properties":{"d":"2026-09-30","t":"0353","frp":54.2,"b":353.4,"c":1,"s":"N20","n":0}},{"type":"Feature","geometry":{"type":"Point","coordinates":[144.7277,-18.6145]},"properties":{"d":"2026-09-30","t":"0353","frp":18.6,"b":354.1,"c":1,"s":"N20","n":0}},{"type":"Feature","geometry":{"type":"Point","coordinates":[144.7029,-18.6144]},"properties":{"d":"2026-09-30","t":"0353","frp":141.0,"b":336.9,"c":1,"s":"N20","n":0}},{"type":"Feature","geometry":{"type":"Point","coordinates":[144.707,-18.6138]},"properties":{"d":"2026-09-30","t":"0353","frp":141.0,"b":367.0,"c":0,"s":"N20","n":0}},{"type":"Feature","geometry":{"type":"Point","coordinates":[144.711,-18.6133]},"properties":{"d":"2026-09-30","t":"0353","frp":65.7,"b":367.0,"c":2,"s":"N20","n":0}},{"type":"Feature","geometry":{"type":"Point","coordinates":[144.7151,-18.6127]},"properties":{"d":"2026-09-30","t":"0353","frp":65.7,"b":367.0,"c":0,"s":"N20","n":0}},{"type":"Feature","geometry":{"type":"Point","coordinates":[144.7191,-18.6121]},"properties":{"d":"2026-09-30","t":"0353","frp":54.2,"b":367.0,"c":0,"s":"N20","n":0}},{"type":"Feature","geometry":{"type":"Point","coordinates":[144.7272,-18.611]},"properties":{"d":"2026-09-30","t":"0353","frp":18.6,"b":344.7,"c":1,"s":"N20","n":0}},{"type":"Feature","geometry":{"type":"Point","coordinates":[144.7064,-18.6104]},"properties":{"d":"2026-09-30","t":"0353","frp":63.8,"b":341.4,"c":1,"s":"N20","n":0}},{"type":"Feature","geometry":{"type":"Point","coordinates":[144.7105,-18.6098]},"properties":{"d":"2026-09-30","t":"0353","frp":35.8,"b":352.3,"c":1,"s":"N20","n":0}},{"type":"Feature","geometry":{"type":"Point","coordinates":[144.7145,-18.6092]},"properties":{"d":"2026-09-30","t":"0353","frp":35.8,"b":352.4,"c":1,"s":"N20","n":0}},{"type":"Feature","geometry":{"type":"Point","coordinates":[144.7186,-18.6086]},"properties":{"d":"2026-09-30","t":"0353","frp":9.7,"b":347.6,"c":1,"s":"N20","n":0}},{"type":"Feature","geometry":{"type":"Point","coordinates":[135.2177,-17.4969]},"properties":{"d":"2026-09-30","t":"0353","frp":3.8,"b":338.3,"c":1,"s":"N20","n":0}},{"type":"Feature","geometry":{"type":"Point","coordinates":[135.2226,-17.4964]},"properties":{"d":"2026-09-30","t":"0353","frp":3.8,"b":330.4,"c":1,"s":"N20","n":0}},{"type":"Feature","geometry":{"type":"Point","coordinates":[135.217,-17.4907]},"properties":{"d":"2026-09-30","t":"0353","frp":15.3,"b":344.2,"c":1,"s":"N20","n":0}},{"type":"Feature","geometry":{"type":"Point","coordinates":[135.2219,-17.4903]},"properties":{"d":"2026-09-30","t":"0353","frp":15.3,"b":367.0,"c":2,"s":"N20","n":0}},{"type":"Feature","geometry":{"type":"Point","coordinates":[135.2268,-17.4898]},"properties":{"d":"2026-09-30","t":"0353","frp":19.1,"b":355.8,"c":1,"s":"N20","n":0}},{"type":"Feature","geometry":{"type":"Point","coordinates":[135.2317,-17.4893]},"properties":{"d":"2026-09-30","t":"0353","frp":19.1,"b":367.0,"c":2,"s":"N20","n":0}},{"type":"Feature","geometry":{"type":"Point","coordinates":[135.231,-17.4831]},"properties":{"d":"2026-09-30","t":"0353","frp":19.1,"b":345.0,"c":1,"s":"N20","n":0}},{"type":"Feature","geometry":{"type":"Point","coordinates":[135.1963,-17.4367]},"properties":{"d":"2026-09-30","t":"0353","frp":14.2,"b":337.1,"c":1,"s":"N20","n":0}},{"type":"Feature","geometry":{"type":"Point","coordinates":[135.2039,-17.4367]},"properties":{"d":"2026-09-30","t":"0353","frp":49.9,"b":367.0,"c":2,"s":"N20","n":0}},{"type":"Feature","geometry":{"type":"Point","coordinates":[135.2012,-17.4362]},"properties":{"d":"2026-09-30","t":"0353","frp":17.9,"b":356.3,"c":0,"s":"N20","n":0}},{"type":"Feature","geometry":{"type":"Point","coordinates":[135.2062,-17.4357]},"properties":{"d":"2026-09-30","t":"0353","frp":17.9,"b":367.0,"c":2,"s":"N20","n":0}},{"type":"Feature","geometry":{"type":"Point","coordinates":[135.2186,-17.4352]},"properties":{"d":"2026-09-30","t":"0353","frp":340.2,"b":367.0,"c":0,"s":"N20","n":0}},{"type":"Feature","geometry":{"type":"Point","coordinates":[135.2235,-17.4347]},"properties":{"d":"2026-09-30","t":"0353","frp":141.8,"b":367.0,"c":2,"s":"N20","n":0}},{"type":"Feature","geometry":{"type":"Point","coordinates":[135.2258,-17.4338]},"properties":{"d":"2026-09-30","t":"0353","frp":434.6,"b":367.0,"c":2,"s":"N20","n":0}},{"type":"Feature","geometry":{"type":"Point","coordinates":[135.218,-17.429]},"properties":{"d":"2026-09-30","t":"0353","frp":340.2,"b":207.9,"c":0,"s":"N20","n":0}},{"type":"Feature","geometry":{"type":"Point","coordinates":[135.2229,-17.4285]},"properties":{"d":"2026-09-30","t":"0353","frp":141.8,"b":367.0,"c":2,"s":"N20","n":0}},{"type":"Feature","geometry":{"type":"Point","coordinates":[135.2278,-17.428]},"properties":{"d":"2026-09-30","t":"0353","frp":141.8,"b":367.0,"c":2,"s":"N20","n":0}},{"type":"Feature","geometry":{"type":"Point","coordinates":[135.2252,-17.4277]},"properties":{"d":"2026-09-30","t":"0353","frp":316.4,"b":367.0,"c":2,"s":"N20","n":0}},{"type":"Feature","geometry":{"type":"Point","coordinates":[135.2301,-17.4272]},"properties":{"d":"2026-09-30","t":"0353","frp":46.7,"b":367.0,"c":2,"s":"N20","n":0}},{"type":"Feature","geometry":{"type":"Point","coordinates":[135.2321,-17.4213]},"properties":{"d":"2026-09-30","t":"0353","frp":158.5,"b":367.0,"c":2,"s":"N20","n":0}},{"type":"Feature","geometry":{"type":"Point","coordinates":[135.2295,-17.4211]},"properties":{"d":"2026-09-30","t":"0353","frp":46.7,"b":367.0,"c":2,"s":"N20","n":0}},{"type":"Feature","geometry":{"type":"Point","coordinates":[135.2266,-17.4157]},"properties":{"d":"2026-09-30","t":"0353","frp":372.4,"b":207.9,"c":0,"s":"N20","n":0}},{"type":"Feature","geometry":{"type":"Point","coordinates":[135.2315,-17.4152]},"properties":{"d":"2026-09-30","t":"0353","frp":158.5,"b":207.9,"c":0,"s":"N20","n":0}},{"type":"Feature","geometry":{"type":"Point","coordinates":[135.2288,-17.4149]},"properties":{"d":"2026-09-30","t":"0353","frp":560.5,"b":207.9,"c":0,"s":"N20","n":0}},{"type":"Feature","geometry":{"type":"Point","coordinates":[135.2364,-17.4147]},"properties":{"d":"2026-09-30","t":"0353","frp":158.5,"b":367.0,"c":2,"s":"N20","n":0}},{"type":"Feature","geometry":{"type":"Point","coordinates":[135.2387,-17.414]},"properties":{"d":"2026-09-30","t":"0353","frp":57.3,"b":367.0,"c":2,"s":"N20","n":0}},{"type":"Feature","geometry":{"type":"Point","coordinates":[135.2407,-17.408]},"properties":{"d":"2026-09-30","t":"0353","frp":44.9,"b":367.0,"c":2,"s":"N20","n":0}},{"type":"Feature","geometry":{"type":"Point","coordinates":[135.238,-17.4078]},"properties":{"d":"2026-09-30","t":"0353","frp":57.3,"b":367.0,"c":2,"s":"N20","n":0}},{"type":"Feature","geometry":{"type":"Point","coordinates":[135.2429,-17.4074]},"properties":{"d":"2026-09-30","t":"0353","frp":57.3,"b":356.6,"c":0,"s":"N20","n":0}},{"type":"Feature","geometry":{"type":"Point","coordinates":[135.2449,-17.4014]},"properties":{"d":"2026-09-30","t":"0353","frp":44.9,"b":356.2,"c":0,"s":"N20","n":0}},{"type":"Feature","geometry":{"type":"Point","coordinates":[135.2423,-17.4012]},"properties":{"d":"2026-09-30","t":"0353","frp":209.9,"b":356.9,"c":0,"s":"N20","n":0}},{"type":"Feature","geometry":{"type":"Point","coordinates":[145.1349,-16.4883]},"properties":{"d":"2026-09-30","t":"0353","frp":3.0,"b":331.5,"c":0,"s":"N20","n":0}},{"type":"Feature","geometry":{"type":"Point","coordinates":[134.8079,-17.2245]},"properties":{"d":"2026-09-30","t":"0355","frp":22.2,"b":367.0,"c":2,"s":"N20","n":0}},{"type":"Feature","geometry":{"type":"Point","coordinates":[134.8056,-17.2215]},"properties":{"d":"2026-09-30","t":"0355","frp":43.0,"b":367.0,"c":2,"s":"N20","n":0}},{"type":"Feature","geometry":{"type":"Point","coordinates":[134.8107,-17.221]},"properties":{"d":"2026-09-30","t":"0355","frp":22.7,"b":367.0,"c":2,"s":"N20","n":0}},{"type":"Feature","geometry":{"type":"Point","coordinates":[134.8101,-17.2147]},"properties":{"d":"2026-09-30","t":"0355","frp":40.4,"b":367.0,"c":2,"s":"N20","n":0}},{"type":"Feature","geometry":{"type":"Point","coordinates":[135.3562,-17.1484]},"properties":{"d":"2026-09-30","t":"0355","frp":25.1,"b":367.0,"c":2,"s":"N20","n":0}},{"type":"Feature","geometry":{"type":"Point","coordinates":[135.3652,-17.1413]},"properties":{"d":"2026-09-30","t":"0355","frp":7.8,"b":332.8,"c":1,"s":"N20","n":0}},{"type":"Feature","geometry":{"type":"Point","coordinates":[135.3747,-17.1404]},"properties":{"d":"2026-09-30","t":"0355","frp":6.0,"b":335.9,"c":1,"s":"N20","n":0}},{"type":"Feature","geometry":{"type":"Point","coordinates":[134.9834,-17.1236]},"properties":{"d":"2026-09-30","t":"0355","frp":5.4,"b":332.7,"c":1,"s":"N20","n":0}},{"type":"Feature","geometry":{"type":"Point","coordinates":[134.8023,-17.1227]},"properties":{"d":"2026-09-30","t":"0355","frp":10.6,"b":344.1,"c":1,"s":"N20","n":0}},{"type":"Feature","geometry":{"type":"Point","coordinates":[135.0129,-17.1144]},"properties":{"d":"2026-09-30","t":"0355","frp":12.4,"b":338.8,"c":1,"s":"N20","n":0}},{"type":"Feature","geometry":{"type":"Point","coordinates":[135.0179,-17.1139]},"properties":{"d":"2026-09-30","t":"0355","frp":16.8,"b":354.8,"c":1,"s":"N20","n":0}},{"type":"Feature","geometry":{"type":"Point","coordinates":[135.0163,-17.1128]},"properties":{"d":"2026-09-30","t":"0355","frp":8.3,"b":355.5,"c":1,"s":"N20","n":0}},{"type":"Feature","geometry":{"type":"Point","coordinates":[135.0214,-17.1123]},"properties":{"d":"2026-09-30","t":"0355","frp":8.3,"b":343.0,"c":1,"s":"N20","n":0}},{"type":"Feature","geometry":{"type":"Point","coordinates":[135.0431,-17.1113]},"properties":{"d":"2026-09-30","t":"0355","frp":12.9,"b":351.3,"c":1,"s":"N20","n":0}},{"type":"Feature","geometry":{"type":"Point","coordinates":[135.0481,-17.1108]},"properties":{"d":"2026-09-30","t":"0355","frp":6.3,"b":335.3,"c":1,"s":"N20","n":0}},{"type":"Feature","geometry":{"type":"Point","coordinates":[135.0415,-17.1104]},"properties":{"d":"2026-09-30","t":"0355","frp":8.9,"b":341.1,"c":1,"s":"N20","n":0}},{"type":"Feature","geometry":{"type":"Point","coordinates":[134.801,-17.1101]},"properties":{"d":"2026-09-30","t":"0355","frp":8.8,"b":348.5,"c":1,"s":"N20","n":0}},{"type":"Feature","geometry":{"type":"Point","coordinates":[135.0465,-17.11]},"properties":{"d":"2026-09-30","t":"0355","frp":4.9,"b":342.2,"c":1,"s":"N20","n":0}},{"type":"Feature","geometry":{"type":"Point","coordinates":[135.0516,-17.1095]},"properties":{"d":"2026-09-30","t":"0355","frp":4.9,"b":332.2,"c":1,"s":"N20","n":0}},{"type":"Feature","geometry":{"type":"Point","coordinates":[135.0274,-17.1066]},"properties":{"d":"2026-09-30","t":"0355","frp":9.6,"b":337.7,"c":1,"s":"N20","n":0}},{"type":"Feature","geometry":{"type":"Point","coordinates":[135.0525,-17.1041]},"properties":{"d":"2026-09-30","t":"0355","frp":6.3,"b":330.2,"c":1,"s":"N20","n":0}},{"type":"Feature","geometry":{"type":"Point","coordinates":[134.8003,-17.1038]},"properties":{"d":"2026-09-30","t":"0355","frp":8.8,"b":345.4,"c":1,"s":"N20","n":0}},{"type":"Feature","geometry":{"type":"Point","coordinates":[135.0559,-17.1028]},"properties":{"d":"2026-09-30","t":"0355","frp":3.2,"b":333.6,"c":1,"s":"N20","n":0}},{"type":"Feature","geometry":{"type":"Point","coordinates":[134.287,-15.9125]},"properties":{"d":"2026-09-30","t":"0355","frp":18.3,"b":330.7,"c":1,"s":"N20","n":0}},{"type":"Feature","geometry":{"type":"Point","coordinates":[133.8896,-15.8844]},"properties":{"d":"2026-09-30","t":"0355","frp":7.3,"b":333.2,"c":1,"s":"N20","n":0}},{"type":"Feature","geometry":{"type":"Point","coordinates":[133.8981,-15.8715]},"properties":{"d":"2026-09-30","t":"0355","frp":13.2,"b":355.4,"c":1,"s":"N20","n":0}},{"type":"Feature","geometry":{"type":"Point","coordinates":[133.9039,-15.8709]},"properties":{"d":"2026-09-30","t":"0355","frp":13.2,"b":334.7,"c":1,"s":"N20","n":0}},{"type":"Feature","geometry":{"type":"Point","coordinates":[133.8997,-15.8702]},"properties":{"d":"2026-09-30","t":"0355","frp":29.7,"b":356.4,"c":0,"s":"N20","n":0}},{"type":"Feature","geometry":{"type":"Point","coordinates":[133.9055,-15.8697]},"properties":{"d":"2026-09-30","t":"0355","frp":11.1,"b":335.9,"c":1,"s":"N20","n":0}},{"type":"Feature","geometry":{"type":"Point","coordinates":[134.3889,-15.8166]},"properties":{"d":"2026-09-30","t":"0355","frp":6.4,"b":344.6,"c":1,"s":"N20","n":0}},{"type":"Feature","geometry":{"type":"Point","coordinates":[136.4161,-15.7503]},"properties":{"d":"2026-09-30","t":"0355","frp":5.6,"b":367.0,"c":2,"s":"N20","n":0}},{"type":"Feature","geometry":{"type":"Point","coordinates":[136.42,-15.7499]},"properties":{"d":"2026-09-30","t":"0355","frp":5.6,"b":335.2,"c":1,"s":"N20","n":0}},{"type":"Feature","geometry":{"type":"Point","coordinates":[136.4155,-15.7447]},"properties":{"d":"2026-09-30","t":"0355","frp":5.1,"b":332.0,"c":1,"s":"N20","n":0}},{"type":"Feature","geometry":{"type":"Point","coordinates":[136.4187,-15.7387]},"properties":{"d":"2026-09-30","t":"0355","frp":5.1,"b":332.3,"c":1,"s":"N20","n":0}},{"type":"Feature","geometry":{"type":"Point","coordinates":[136.4225,-15.7383]},"properties":{"d":"2026-09-30","t":"0355","frp":12.7,"b":345.9,"c":1,"s":"N20","n":0}},{"type":"Feature","geometry":{"type":"Point","coordinates":[136.4341,-15.7371]},"properties":{"d":"2026-09-30","t":"0355","frp":8.7,"b":337.8,"c":1,"s":"N20","n":0}},{"type":"Feature","geometry":{"type":"Point","coordinates":[136.418,-15.7331]},"properties":{"d":"2026-09-30","t":"0355","frp":8.5,"b":352.7,"c":1,"s":"N20","n":0}},{"type":"Feature","geometry":{"type":"Point","coordinates":[136.4219,-15.7327]},"properties":{"d":"2026-09-30","t":"0355","frp":8.0,"b":351.8,"c":1,"s":"N20","n":0}},{"type":"Feature","geometry":{"type":"Point","coordinates":[136.4334,-15.7315]},"properties":{"d":"2026-09-30","t":"0355","frp":5.5,"b":334.0,"c":1,"s":"N20","n":0}},{"type":"Feature","geometry":{"type":"Point","coordinates":[136.4373,-15.7311]},"properties":{"d":"2026-09-30","t":"0355","frp":5.8,"b":333.4,"c":1,"s":"N20","n":0}},{"type":"Feature","geometry":{"type":"Point","coordinates":[136.4251,-15.7267]},"properties":{"d":"2026-09-30","t":"0355","frp":8.0,"b":334.2,"c":1,"s":"N20","n":0}},{"type":"Feature","geometry":{"type":"Point","coordinates":[136.4289,-15.7263]},"properties":{"d":"2026-09-30","t":"0355","frp":5.5,"b":332.5,"c":1,"s":"N20","n":0}},{"type":"Feature","geometry":{"type":"Point","coordinates":[136.4404,-15.7251]},"properties":{"d":"2026-09-30","t":"0355","frp":5.8,"b":335.0,"c":1,"s":"N20","n":0}},{"type":"Feature","geometry":{"type":"Point","coordinates":[136.4443,-15.7246]},"properties":{"d":"2026-09-30","t":"0355","frp":13.3,"b":351.7,"c":1,"s":"N20","n":0}},{"type":"Feature","geometry":{"type":"Point","coordinates":[136.4481,-15.7242]},"properties":{"d":"2026-09-30","t":"0355","frp":13.3,"b":367.0,"c":2,"s":"N20","n":0}},{"type":"Feature","geometry":{"type":"Point","coordinates":[136.4519,-15.7238]},"properties":{"d":"2026-09-30","t":"0355","frp":9.0,"b":331.0,"c":1,"s":"N20","n":0}},{"type":"Feature","geometry":{"type":"Point","coordinates":[136.4475,-15.7186]},"properties":{"d":"2026-09-30","t":"0355","frp":15.0,"b":349.8,"c":1,"s":"N20","n":0}},{"type":"Feature","geometry":{"type":"Point","coordinates":[136.4513,-15.7182]},"properties":{"d":"2026-09-30","t":"0355","frp":10.5,"b":367.0,"c":2,"s":"N20","n":0}},{"type":"Feature","geometry":{"type":"Point","coordinates":[136.4551,-15.7178]},"properties":{"d":"2026-09-30","t":"0355","frp":10.5,"b":349.0,"c":1,"s":"N20","n":0}},{"type":"Feature","geometry":{"type":"Point","coordinates":[136.4589,-15.7174]},"properties":{"d":"2026-09-30","t":"0355","frp":6.5,"b":342.2,"c":1,"s":"N20","n":0}},{"type":"Feature","geometry":{"type":"Point","coordinates":[136.4596,-15.7128]},"properties":{"d":"2026-09-30","t":"0355","frp":10.5,"b":343.5,"c":1,"s":"N20","n":0}},{"type":"Feature","geometry":{"type":"Point","coordinates":[136.4621,-15.7114]},"properties":{"d":"2026-09-30","t":"0355","frp":6.5,"b":342.6,"c":1,"s":"N20","n":0}},{"type":"Feature","geometry":{"type":"Point","coordinates":[144.6555,-15.6702]},"properties":{"d":"2026-09-30","t":"0355","frp":2.3,"b":340.1,"c":1,"s":"N20","n":0}},{"type":"Feature","geometry":{"type":"Point","coordinates":[144.6511,-15.6674]},"properties":{"d":"2026-09-30","t":"0355","frp":8.3,"b":345.8,"c":1,"s":"N20","n":0}},{"type":"Feature","geometry":{"type":"Point","coordinates":[144.6549,-15.6668]},"properties":{"d":"2026-09-30","t":"0355","frp":8.3,"b":348.2,"c":1,"s":"N20","n":0}},{"type":"Feature","geometry":{"type":"Point","coordinates":[144.6544,-15.6634]},"properties":{"d":"2026-09-30","t":"0355","frp":8.3,"b":347.3,"c":1,"s":"N20","n":0}},{"type":"Feature","geometry":{"type":"Point","coordinates":[144.6538,-15.66]},"properties":{"d":"2026-09-30","t":"0355","frp":2.7,"b":336.3,"c":1,"s":"N20","n":0}},{"type":"Feature","geometry":{"type":"Point","coordinates":[136.3427,-15.6463]},"properties":{"d":"2026-09-30","t":"0355","frp":3.3,"b":335.3,"c":1,"s":"N20","n":0}},{"type":"Feature","geometry":{"type":"Point","coordinates":[144.5271,-15.6224]},"properties":{"d":"2026-09-30","t":"0355","frp":9.2,"b":348.8,"c":1,"s":"N20","n":0}},{"type":"Feature","geometry":{"type":"Point","coordinates":[144.531,-15.6219]},"properties":{"d":"2026-09-30","t":"0355","frp":9.2,"b":356.0,"c":1,"s":"N20","n":0}},{"type":"Feature","geometry":{"type":"Point","coordinates":[144.5348,-15.6213]},"properties":{"d":"2026-09-30","t":"0355","frp":15.4,"b":355.4,"c":1,"s":"N20","n":0}},{"type":"Feature","geometry":{"type":"Point","coordinates":[144.5386,-15.6208]},"properties":{"d":"2026-09-30","t":"0355","frp":15.4,"b":367.0,"c":2,"s":"N20","n":0}},{"type":"Feature","geometry":{"type":"Point","coordinates":[144.5425,-15.6202]},"properties":{"d":"2026-09-30","t":"0355","frp":24.8,"b":354.2,"c":1,"s":"N20","n":0}},{"type":"Feature","geometry":{"type":"Point","coordinates":[144.5188,-15.6201]},"properties":{"d":"2026-09-30","t":"0355","frp":15.8,"b":346.2,"c":1,"s":"N20","n":0}},{"type":"Feature","geometry":{"type":"Point","coordinates":[144.5463,-15.6197]},"properties":{"d":"2026-09-30","t":"0355","frp":24.8,"b":355.3,"c":1,"s":"N20","n":0}},{"type":"Feature","geometry":{"type":"Point","coordinates":[144.5227,-15.6196]},"properties":{"d":"2026-09-30","t":"0355","frp":15.8,"b":354.3,"c":1,"s":"N20","n":0}},{"type":"Feature","geometry":{"type":"Point","coordinates":[144.5501,-15.6191]},"properties":{"d":"2026-09-30","t":"0355","frp":14.4,"b":367.0,"c":2,"s":"N20","n":0}},{"type":"Feature","geometry":{"type":"Point","coordinates":[144.5266,-15.619]},"properties":{"d":"2026-09-30","t":"0355","frp":8.1,"b":355.2,"c":1,"s":"N20","n":0}},{"type":"Feature","geometry":{"type":"Point","coordinates":[144.5304,-15.6185]},"properties":{"d":"2026-09-30","t":"0355","frp":8.1,"b":354.0,"c":1,"s":"N20","n":0}},{"type":"Feature","geometry":{"type":"Point","coordinates":[144.5343,-15.6179]},"properties":{"d":"2026-09-30","t":"0355","frp":5.5,"b":351.9,"c":1,"s":"N20","n":0}},{"type":"Feature","geometry":{"type":"Point","coordinates":[144.5381,-15.6174]},"properties":{"d":"2026-09-30","t":"0355","frp":5.5,"b":339.4,"c":1,"s":"N20","n":0}},{"type":"Feature","geometry":{"type":"Point","coordinates":[144.5183,-15.6167]},"properties":{"d":"2026-09-30","t":"0355","frp":15.8,"b":355.5,"c":1,"s":"N20","n":0}},{"type":"Feature","geometry":{"type":"Point","coordinates":[144.5222,-15.6162]},"properties":{"d":"2026-09-30","t":"0355","frp":15.8,"b":348.0,"c":1,"s":"N20","n":0}},{"type":"Feature","geometry":{"type":"Point","coordinates":[144.526,-15.6156]},"properties":{"d":"2026-09-30","t":"0355","frp":8.1,"b":349.3,"c":1,"s":"N20","n":0}},{"type":"Feature","geometry":{"type":"Point","coordinates":[144.5534,-15.6151]},"properties":{"d":"2026-09-30","t":"0355","frp":9.5,"b":349.6,"c":1,"s":"N20","n":0}},{"type":"Feature","geometry":{"type":"Point","coordinates":[144.5299,-15.615]},"properties":{"d":"2026-09-30","t":"0355","frp":8.1,"b":345.0,"c":1,"s":"N20","n":0}},{"type":"Feature","geometry":{"type":"Point","coordinates":[144.5101,-15.6144]},"properties":{"d":"2026-09-30","t":"0355","frp":70.5,"b":309.4,"c":0,"s":"N20","n":0}},{"type":"Feature","geometry":{"type":"Point","coordinates":[144.5139,-15.6138]},"properties":{"d":"2026-09-30","t":"0355","frp":70.5,"b":367.0,"c":2,"s":"N20","n":0}},{"type":"Feature","geometry":{"type":"Point","coordinates":[144.5178,-15.6133]},"properties":{"d":"2026-09-30","t":"0355","frp":36.4,"b":367.0,"c":0,"s":"N20","n":0}},{"type":"Feature","geometry":{"type":"Point","coordinates":[144.5685,-15.6129]},"properties":{"d":"2026-09-30","t":"0355","frp":7.5,"b":353.7,"c":1,"s":"N20","n":0}},{"type":"Feature","geometry":{"type":"Point","coordinates":[144.5216,-15.6127]},"properties":{"d":"2026-09-30","t":"0355","frp":36.4,"b":353.9,"c":1,"s":"N20","n":0}},{"type":"Feature","geometry":{"type":"Point","coordinates":[144.5723,-15.6124]},"properties":{"d":"2026-09-30","t":"0355","frp":11.0,"b":340.9,"c":1,"s":"N20","n":0}},{"type":"Feature","geometry":{"type":"Point","coordinates":[144.5255,-15.6122]},"properties":{"d":"2026-09-30","t":"0355","frp":15.7,"b":352.2,"c":1,"s":"N20","n":0}},{"type":"Feature","geometry":{"type":"Point","coordinates":[144.5529,-15.6117]},"properties":{"d":"2026-09-30","t":"0355","frp":9.5,"b":348.4,"c":1,"s":"N20","n":0}},{"type":"Feature","geometry":{"type":"Point","coordinates":[144.5567,-15.6112]},"properties":{"d":"2026-09-30","t":"0355","frp":21.3,"b":355.0,"c":1,"s":"N20","n":0}},{"type":"Feature","geometry":{"type":"Point","coordinates":[144.5134,-15.6104]},"properties":{"d":"2026-09-30","t":"0355","frp":70.5,"b":334.9,"c":1,"s":"N20","n":0}},{"type":"Feature","geometry":{"type":"Point","coordinates":[144.5642,-15.6101]},"properties":{"d":"2026-09-30","t":"0355","frp":7.5,"b":342.9,"c":1,"s":"N20","n":0}},{"type":"Feature","geometry":{"type":"Point","coordinates":[144.5173,-15.6099]},"properties":{"d":"2026-09-30","t":"0355","frp":36.4,"b":350.6,"c":1,"s":"N20","n":0}},{"type":"Feature","geometry":{"type":"Point","coordinates":[144.568,-15.6095]},"properties":{"d":"2026-09-30","t":"0355","frp":7.5,"b":344.9,"c":1,"s":"N20","n":0}},{"type":"Feature","geometry":{"type":"Point","coordinates":[144.5211,-15.6093]},"properties":{"d":"2026-09-30","t":"0355","frp":36.4,"b":345.7,"c":1,"s":"N20","n":0}},{"type":"Feature","geometry":{"type":"Point","coordinates":[144.5718,-15.609]},"properties":{"d":"2026-09-30","t":"0355","frp":11.0,"b":355.2,"c":1,"s":"N20","n":0}},{"type":"Feature","geometry":{"type":"Point","coordinates":[144.5249,-15.6088]},"properties":{"d":"2026-09-30","t":"0355","frp":15.7,"b":346.4,"c":1,"s":"N20","n":0}},{"type":"Feature","geometry":{"type":"Point","coordinates":[144.5757,-15.6084]},"properties":{"d":"2026-09-30","t":"0355","frp":11.0,"b":347.3,"c":1,"s":"N20","n":0}},{"type":"Feature","geometry":{"type":"Point","coordinates":[144.5599,-15.6072]},"properties":{"d":"2026-09-30","t":"0355","frp":4.7,"b":344.6,"c":1,"s":"N20","n":0}},{"type":"Feature","geometry":{"type":"Point","coordinates":[144.5244,-15.6053]},"properties":{"d":"2026-09-30","t":"0355","frp":8.2,"b":340.2,"c":1,"s":"N20","n":0}},{"type":"Feature","geometry":{"type":"Point","coordinates":[144.5238,-15.6019]},"properties":{"d":"2026-09-30","t":"0355","frp":8.2,"b":343.3,"c":1,"s":"N20","n":0}},{"type":"Feature","geometry":{"type":"Point","coordinates":[144.5746,-15.6016]},"properties":{"d":"2026-09-30","t":"0355","frp":4.5,"b":335.1,"c":0,"s":"N20","n":0}},{"type":"Feature","geometry":{"type":"Point","coordinates":[144.5277,-15.6014]},"properties":{"d":"2026-09-30","t":"0355","frp":8.2,"b":355.2,"c":1,"s":"N20","n":0}},{"type":"Feature","geometry":{"type":"Point","coordinates":[144.5315,-15.6008]},"properties":{"d":"2026-09-30","t":"0355","frp":8.1,"b":344.3,"c":1,"s":"N20","n":0}},{"type":"Feature","geometry":{"type":"Point","coordinates":[144.5233,-15.5985]},"properties":{"d":"2026-09-30","t":"0355","frp":15.5,"b":354.1,"c":1,"s":"N20","n":0}},{"type":"Feature","geometry":{"type":"Point","coordinates":[144.5271,-15.5979]},"properties":{"d":"2026-09-30","t":"0355","frp":15.5,"b":349.9,"c":1,"s":"N20","n":0}},{"type":"Feature","geometry":{"type":"Point","coordinates":[144.5309,-15.5974]},"properties":{"d":"2026-09-30","t":"0355","frp":6.1,"b":341.7,"c":1,"s":"N20","n":0}},{"type":"Feature","geometry":{"type":"Point","coordinates":[144.609,-15.5966]},"properties":{"d":"2026-09-30","t":"0355","frp":12.3,"b":353.6,"c":1,"s":"N20","n":0}},{"type":"Feature","geometry":{"type":"Point","coordinates":[144.6129,-15.596]},"properties":{"d":"2026-09-30","t":"0355","frp":12.3,"b":334.4,"c":0,"s":"N20","n":0}},{"type":"Feature","geometry":{"type":"Point","coordinates":[144.5227,-15.5951]},"properties":{"d":"2026-09-30","t":"0355","frp":15.5,"b":352.0,"c":1,"s":"N20","n":0}},{"type":"Feature","geometry":{"type":"Point","coordinates":[144.5265,-15.5945]},"properties":{"d":"2026-09-30","t":"0355","frp":15.5,"b":354.8,"c":1,"s":"N20","n":0}},{"type":"Feature","geometry":{"type":"Point","coordinates":[144.6124,-15.5926]},"properties":{"d":"2026-09-30","t":"0355","frp":15.4,"b":345.4,"c":1,"s":"N20","n":0}},{"type":"Feature","geometry":{"type":"Point","coordinates":[144.526,-15.5911]},"properties":{"d":"2026-09-30","t":"0355","frp":25.1,"b":353.8,"c":1,"s":"N20","n":0}},{"type":"Feature","geometry":{"type":"Point","coordinates":[144.5298,-15.5906]},"properties":{"d":"2026-09-30","t":"0355","frp":12.1,"b":367.0,"c":2,"s":"N20","n":0}},{"type":"Feature","geometry":{"type":"Point","coordinates":[144.5337,-15.59]},"properties":{"d":"2026-09-30","t":"0355","frp":12.1,"b":352.4,"c":1,"s":"N20","n":0}},{"type":"Feature","geometry":{"type":"Point","coordinates":[144.6119,-15.5892]},"properties":{"d":"2026-09-30","t":"0355","frp":15.4,"b":345.8,"c":1,"s":"N20","n":0}},{"type":"Feature","geometry":{"type":"Point","coordinates":[144.6036,-15.5869]},"properties":{"d":"2026-09-30","t":"0355","frp":13.0,"b":341.4,"c":0,"s":"N20","n":0}},{"type":"Feature","geometry":{"type":"Point","coordinates":[144.6075,-15.5863]},"properties":{"d":"2026-09-30","t":"0355","frp":17.1,"b":354.5,"c":1,"s":"N20","n":0}},{"type":"Feature","geometry":{"type":"Point","coordinates":[144.6113,-15.5858]},"properties":{"d":"2026-09-30","t":"0355","frp":17.1,"b":338.9,"c":0,"s":"N20","n":0}},{"type":"Feature","geometry":{"type":"Point","coordinates":[144.6031,-15.5835]},"properties":{"d":"2026-09-30","t":"0355","frp":13.0,"b":349.1,"c":1,"s":"N20","n":0}},{"type":"Feature","geometry":{"type":"Point","coordinates":[144.607,-15.5829]},"properties":{"d":"2026-09-30","t":"0355","frp":17.1,"b":351.3,"c":1,"s":"N20","n":0}},{"type":"Feature","geometry":{"type":"Point","coordinates":[144.5282,-15.5803]},"properties":{"d":"2026-09-30","t":"0355","frp":7.7,"b":354.5,"c":1,"s":"N20","n":0}},{"type":"Feature","geometry":{"type":"Point","coordinates":[144.6026,-15.5801]},"properties":{"d":"2026-09-30","t":"0355","frp":15.0,"b":346.5,"c":1,"s":"N20","n":0}},{"type":"Feature","geometry":{"type":"Point","coordinates":[144.532,-15.5797]},"properties":{"d":"2026-09-30","t":"0355","frp":7.7,"b":343.9,"c":1,"s":"N20","n":0}},{"type":"Feature","geometry":{"type":"Point","coordinates":[144.5161,-15.5785]},"properties":{"d":"2026-09-30","t":"0355","frp":7.0,"b":343.1,"c":1,"s":"N20","n":0}},{"type":"Feature","geometry":{"type":"Point","coordinates":[144.52,-15.578]},"properties":{"d":"2026-09-30","t":"0355","frp":5.9,"b":353.3,"c":1,"s":"N20","n":0}},{"type":"Feature","geometry":{"type":"Point","coordinates":[144.6021,-15.5767]},"properties":{"d":"2026-09-30","t":"0355","frp":15.0,"b":346.2,"c":1,"s":"N20","n":0}},{"type":"Feature","geometry":{"type":"Point","coordinates":[144.555,-15.5764]},"properties":{"d":"2026-09-30","t":"0355","frp":12.3,"b":367.0,"c":2,"s":"N20","n":0}},{"type":"Feature","geometry":{"type":"Point","coordinates":[144.5589,-15.5759]},"properties":{"d":"2026-09-30","t":"0355","frp":3.5,"b":339.1,"c":1,"s":"N20","n":0}},{"type":"Feature","geometry":{"type":"Point","coordinates":[144.5156,-15.5751]},"properties":{"d":"2026-09-30","t":"0355","frp":7.0,"b":341.7,"c":1,"s":"N20","n":0}},{"type":"Feature","geometry":{"type":"Point","coordinates":[144.5195,-15.5746]},"properties":{"d":"2026-09-30","t":"0355","frp":5.9,"b":340.2,"c":1,"s":"N20","n":0}},{"type":"Feature","geometry":{"type":"Point","coordinates":[144.5233,-15.574]},"properties":{"d":"2026-09-30","t":"0355","frp":5.9,"b":337.1,"c":0,"s":"N20","n":0}},{"type":"Feature","geometry":{"type":"Point","coordinates":[144.5977,-15.5738]},"properties":{"d":"2026-09-30","t":"0355","frp":5.7,"b":349.3,"c":1,"s":"N20","n":0}},{"type":"Feature","geometry":{"type":"Point","coordinates":[144.5741,-15.5737]},"properties":{"d":"2026-09-30","t":"0355","frp":9.8,"b":344.3,"c":1,"s":"N20","n":0}},{"type":"Feature","geometry":{"type":"Point","coordinates":[144.6016,-15.5732]},"properties":{"d":"2026-09-30","t":"0355","frp":5.7,"b":335.8,"c":0,"s":"N20","n":0}},{"type":"Feature","geometry":{"type":"Point","coordinates":[144.8028,-15.5719]},"properties":{"d":"2026-09-30","t":"0355","frp":5.2,"b":344.3,"c":1,"s":"N20","n":0}},{"type":"Feature","geometry":{"type":"Point","coordinates":[144.566,-15.5714]},"properties":{"d":"2026-09-30","t":"0355","frp":14.4,"b":342.2,"c":1,"s":"N20","n":0}},{"type":"Feature","geometry":{"type":"Point","coordinates":[144.5425,-15.5712]},"properties":{"d":"2026-09-30","t":"0355","frp":3.8,"b":349.1,"c":1,"s":"N20","n":0}},{"type":"Feature","geometry":{"type":"Point","coordinates":[144.5189,-15.5711]},"properties":{"d":"2026-09-30","t":"0355","frp":5.8,"b":344.0,"c":1,"s":"N20","n":0}},{"type":"Feature","geometry":{"type":"Point","coordinates":[144.5933,-15.5709]},"properties":{"d":"2026-09-30","t":"0355","frp":6.4,"b":348.5,"c":1,"s":"N20","n":0}},{"type":"Feature","geometry":{"type":"Point","coordinates":[144.5697,-15.5708]},"properties":{"d":"2026-09-30","t":"0355","frp":14.4,"b":349.2,"c":1,"s":"N20","n":0}},{"type":"Feature","geometry":{"type":"Point","coordinates":[144.5463,-15.5707]},"properties":{"d":"2026-09-30","t":"0355","frp":3.8,"b":337.8,"c":1,"s":"N20","n":0}},{"type":"Feature","geometry":{"type":"Point","coordinates":[144.5972,-15.5704]},"properties":{"d":"2026-09-30","t":"0355","frp":5.7,"b":342.4,"c":1,"s":"N20","n":0}},{"type":"Feature","geometry":{"type":"Point","coordinates":[144.5736,-15.5703]},"properties":{"d":"2026-09-30","t":"0355","frp":10.7,"b":350.4,"c":1,"s":"N20","n":0}},{"type":"Feature","geometry":{"type":"Point","coordinates":[144.5502,-15.5701]},"properties":{"d":"2026-09-30","t":"0355","frp":18.6,"b":340.2,"c":1,"s":"N20","n":0}},{"type":"Feature","geometry":{"type":"Point","coordinates":[144.554,-15.5696]},"properties":{"d":"2026-09-30","t":"0355","frp":18.6,"b":350.6,"c":1,"s":"N20","n":0}},{"type":"Feature","geometry":{"type":"Point","coordinates":[144.7985,-15.5691]},"properties":{"d":"2026-09-30","t":"0355","frp":5.2,"b":347.1,"c":1,"s":"N20","n":0}},{"type":"Feature","geometry":{"type":"Point","coordinates":[144.7753,-15.569]},"properties":{"d":"2026-09-30","t":"0355","frp":3.3,"b":331.9,"c":0,"s":"N20","n":0}},{"type":"Feature","geometry":{"type":"Point","coordinates":[144.7791,-15.5684]},"properties":{"d":"2026-09-30","t":"0355","frp":3.3,"b":340.0,"c":1,"s":"N20","n":0}},{"type":"Feature","geometry":{"type":"Point","coordinates":[144.589,-15.5681]},"properties":{"d":"2026-09-30","t":"0355","frp":4.5,"b":338.4,"c":1,"s":"N20","n":0}},{"type":"Feature","geometry":{"type":"Point","coordinates":[144.5654,-15.568]},"properties":{"d":"2026-09-30","t":"0355","frp":14.4,"b":345.3,"c":1,"s":"N20","n":0}},{"type":"Feature","geometry":{"type":"Point","coordinates":[144.7828,-15.5679]},"properties":{"d":"2026-09-30","t":"0355","frp":2.6,"b":331.1,"c":0,"s":"N20","n":0}},{"type":"Feature","geometry":{"type":"Point","coordinates":[144.5928,-15.5675]},"properties":{"d":"2026-09-30","t":"0355","frp":4.5,"b":336.1,"c":1,"s":"N20","n":0}},{"type":"Feature","geometry":{"type":"Point","coordinates":[144.7867,-15.5673]},"properties":{"d":"2026-09-30","t":"0355","frp":2.6,"b":337.5,"c":0,"s":"N20","n":0}},{"type":"Feature","geometry":{"type":"Point","coordinates":[144.5458,-15.5673]},"properties":{"d":"2026-09-30","t":"0355","frp":64.4,"b":349.1,"c":1,"s":"N20","n":0}},{"type":"Feature","geometry":{"type":"Point","coordinates":[144.5496,-15.5667]},"properties":{"d":"2026-09-30","t":"0355","frp":15.8,"b":341.3,"c":1,"s":"N20","n":0}},{"type":"Feature","geometry":{"type":"Point","coordinates":[144.5534,-15.5662]},"properties":{"d":"2026-09-30","t":"0355","frp":15.8,"b":353.8,"c":1,"s":"N20","n":0}},{"type":"Feature","geometry":{"type":"Point","coordinates":[144.7979,-15.5657]},"properties":{"d":"2026-09-30","t":"0355","frp":7.7,"b":342.1,"c":1,"s":"N20","n":0}},{"type":"Feature","geometry":{"type":"Point","coordinates":[144.5573,-15.5656]},"properties":{"d":"2026-09-30","t":"0355","frp":8.3,"b":356.3,"c":1,"s":"N20","n":0}},{"type":"Feature","geometry":{"type":"Point","coordinates":[144.5611,-15.5651]},"properties":{"d":"2026-09-30","t":"0355","frp":8.3,"b":354.5,"c":1,"s":"N20","n":0}},{"type":"Feature","geometry":{"type":"Point","coordinates":[144.5649,-15.5645]},"properties":{"d":"2026-09-30","t":"0355","frp":17.4,"b":356.0,"c":1,"s":"N20","n":0}},{"type":"Feature","geometry":{"type":"Point","coordinates":[144.5414,-15.5644]},"properties":{"d":"2026-09-30","t":"0355","frp":64.4,"b":317.4,"c":0,"s":"N20","n":0}},{"type":"Feature","geometry":{"type":"Point","coordinates":[144.7861,-15.5639]},"properties":{"d":"2026-09-30","t":"0355","frp":2.6,"b":343.0,"c":1,"s":"N20","n":0}},{"type":"Feature","geometry":{"type":"Point","coordinates":[144.5452,-15.5639]},"properties":{"d":"2026-09-30","t":"0355","frp":64.4,"b":367.0,"c":0,"s":"N20","n":0}},{"type":"Feature","geometry":{"type":"Point","coordinates":[144.5491,-15.5633]},"properties":{"d":"2026-09-30","t":"0355","frp":15.8,"b":355.7,"c":1,"s":"N20","n":0}},{"type":"Feature","geometry":{"type":"Point","coordinates":[144.7936,-15.5628]},"properties":{"d":"2026-09-30","t":"0355","frp":7.2,"b":334.3,"c":0,"s":"N20","n":0}},{"type":"Feature","geometry":{"type":"Point","coordinates":[144.5605,-15.5617]},"properties":{"d":"2026-09-30","t":"0355","frp":8.3,"b":340.9,"c":1,"s":"N20","n":0}},{"type":"Feature","geometry":{"type":"Point","coordinates":[144.5681,-15.5606]},"properties":{"d":"2026-09-30","t":"0355","frp":17.4,"b":349.4,"c":1,"s":"N20","n":0}},{"type":"Feature","geometry":{"type":"Point","coordinates":[144.5719,-15.56]},"properties":{"d":"2026-09-30","t":"0355","frp":13.9,"b":341.0,"c":0,"s":"N20","n":0}},{"type":"Feature","geometry":{"type":"Point","coordinates":[144.5796,-15.5589]},"properties":{"d":"2026-09-30","t":"0355","frp":14.2,"b":347.1,"c":1,"s":"N20","n":0}},{"type":"Feature","geometry":{"type":"Point","coordinates":[144.5638,-15.5577]},"properties":{"d":"2026-09-30","t":"0355","frp":79.6,"b":367.0,"c":2,"s":"N20","n":0}},{"type":"Feature","geometry":{"type":"Point","coordinates":[144.5676,-15.5572]},"properties":{"d":"2026-09-30","t":"0355","frp":79.6,"b":351.4,"c":1,"s":"N20","n":0}},{"type":"Feature","geometry":{"type":"Point","coordinates":[144.5714,-15.5566]},"properties":{"d":"2026-09-30","t":"0355","frp":31.1,"b":355.0,"c":1,"s":"N20","n":0}},{"type":"Feature","geometry":{"type":"Point","coordinates":[144.5752,-15.5561]},"properties":{"d":"2026-09-30","t":"0355","frp":31.1,"b":355.7,"c":1,"s":"N20","n":0}},{"type":"Feature","geometry":{"type":"Point","coordinates":[144.4537,-15.5559]},"properties":{"d":"2026-09-30","t":"0355","frp":4.7,"b":341.8,"c":1,"s":"N20","n":0}},{"type":"Feature","geometry":{"type":"Point","coordinates":[144.5791,-15.5555]},"properties":{"d":"2026-09-30","t":"0355","frp":3.9,"b":337.7,"c":0,"s":"N20","n":0}},{"type":"Feature","geometry":{"type":"Point","coordinates":[144.5671,-15.5537]},"properties":{"d":"2026-09-30","t":"0355","frp":79.6,"b":367.0,"c":2,"s":"N20","n":0}},{"type":"Feature","geometry":{"type":"Point","coordinates":[144.5709,-15.5532]},"properties":{"d":"2026-09-30","t":"0355","frp":31.1,"b":367.0,"c":0,"s":"N20","n":0}},{"type":"Feature","geometry":{"type":"Point","coordinates":[144.5747,-15.5526]},"properties":{"d":"2026-09-30","t":"0355","frp":31.1,"b":338.4,"c":1,"s":"N20","n":0}},{"type":"Feature","geometry":{"type":"Point","coordinates":[144.4531,-15.5525]},"properties":{"d":"2026-09-30","t":"0355","frp":4.4,"b":332.7,"c":0,"s":"N20","n":0}},{"type":"Feature","geometry":{"type":"Point","coordinates":[144.457,-15.5519]},"properties":{"d":"2026-09-30","t":"0355","frp":4.4,"b":348.3,"c":1,"s":"N20","n":0}},{"type":"Feature","geometry":{"type":"Point","coordinates":[144.4608,-15.5514]},"properties":{"d":"2026-09-30","t":"0355","frp":4.2,"b":336.8,"c":1,"s":"N20","n":0}},{"type":"Feature","geometry":{"type":"Point","coordinates":[144.4602,-15.5483]},"properties":{"d":"2026-09-30","t":"0355","frp":4.7,"b":341.6,"c":1,"s":"N20","n":0}},{"type":"Feature","geometry":{"type":"Point","coordinates":[144.4603,-15.548]},"properties":{"d":"2026-09-30","t":"0355","frp":4.2,"b":341.8,"c":1,"s":"N20","n":0}},{"type":"Feature","geometry":{"type":"Point","coordinates":[144.4597,-15.5448]},"properties":{"d":"2026-09-30","t":"0355","frp":4.7,"b":339.4,"c":1,"s":"N20","n":0}},{"type":"Feature","geometry":{"type":"Point","coordinates":[144.4625,-15.5374]},"properties":{"d":"2026-09-30","t":"0355","frp":3.9,"b":332.2,"c":0,"s":"N20","n":0}},{"type":"Feature","geometry":{"type":"Point","coordinates":[144.4658,-15.5334]},"properties":{"d":"2026-09-30","t":"0355","frp":4.5,"b":333.7,"c":0,"s":"N20","n":0}},{"type":"Feature","geometry":{"type":"Point","coordinates":[144.4686,-15.526]},"properties":{"d":"2026-09-30","t":"0355","frp":3.0,"b":342.2,"c":1,"s":"N20","n":0}},{"type":"Feature","geometry":{"type":"Point","coordinates":[144.4752,-15.518]},"properties":{"d":"2026-09-30","t":"0355","frp":4.7,"b":337.8,"c":0,"s":"N20","n":0}},{"type":"Feature","geometry":{"type":"Point","coordinates":[144.4747,-15.5146]},"properties":{"d":"2026-09-30","t":"0355","frp":4.7,"b":346.5,"c":1,"s":"N20","n":0}},{"type":"Feature","geometry":{"type":"Point","coordinates":[144.1951,-15.4467]},"properties":{"d":"2026-09-30","t":"0355","frp":44.7,"b":367.0,"c":2,"s":"N20","n":0}},{"type":"Feature","geometry":{"type":"Point","coordinates":[144.199,-15.4461]},"properties":{"d":"2026-09-30","t":"0355","frp":6.6,"b":352.8,"c":1,"s":"N20","n":0}},{"type":"Feature","geometry":{"type":"Point","coordinates":[144.2029,-15.4456]},"properties":{"d":"2026-09-30","t":"0355","frp":6.6,"b":341.8,"c":1,"s":"N20","n":0}},{"type":"Feature","geometry":{"type":"Point","coordinates":[144.2069,-15.445]},"properties":{"d":"2026-09-30","t":"0355","frp":3.5,"b":338.9,"c":1,"s":"N20","n":0}},{"type":"Feature","geometry":{"type":"Point","coordinates":[144.1906,-15.4438]},"properties":{"d":"2026-09-30","t":"0355","frp":17.4,"b":344.0,"c":1,"s":"N20","n":0}},{"type":"Feature","geometry":{"type":"Point","coordinates":[144.1945,-15.4433]},"properties":{"d":"2026-09-30","t":"0355","frp":17.4,"b":355.4,"c":1,"s":"N20","n":0}},{"type":"Feature","geometry":{"type":"Point","coordinates":[144.1985,-15.4427]},"properties":{"d":"2026-09-30","t":"0355","frp":10.8,"b":349.5,"c":1,"s":"N20","n":0}},{"type":"Feature","geometry":{"type":"Point","coordinates":[144.2063,-15.4415]},"properties":{"d":"2026-09-30","t":"0355","frp":4.5,"b":349.3,"c":1,"s":"N20","n":0}},{"type":"Feature","geometry":{"type":"Point","coordinates":[144.2103,-15.441]},"properties":{"d":"2026-09-30","t":"0355","frp":4.5,"b":343.6,"c":1,"s":"N20","n":0}},{"type":"Feature","geometry":{"type":"Point","coordinates":[144.2097,-15.4375]},"properties":{"d":"2026-09-30","t":"0355","frp":4.5,"b":335.6,"c":0,"s":"N20","n":0}},{"type":"Feature","geometry":{"type":"Point","coordinates":[144.2013,-15.4352]},"properties":{"d":"2026-09-30","t":"0355","frp":7.0,"b":344.5,"c":1,"s":"N20","n":0}},{"type":"Feature","geometry":{"type":"Point","coordinates":[144.189,-15.4334]},"properties":{"d":"2026-09-30","t":"0355","frp":7.8,"b":343.7,"c":1,"s":"N20","n":0}},{"type":"Feature","geometry":{"type":"Point","coordinates":[144.1929,-15.4329]},"properties":{"d":"2026-09-30","t":"0355","frp":7.8,"b":354.6,"c":1,"s":"N20","n":0}},{"type":"Feature","geometry":{"type":"Point","coordinates":[144.1969,-15.4323]},"properties":{"d":"2026-09-30","t":"0355","frp":7.0,"b":347.9,"c":1,"s":"N20","n":0}},{"type":"Feature","geometry":{"type":"Point","coordinates":[133.727,-15.3564]},"properties":{"d":"2026-09-30","t":"0355","frp":7.4,"b":342.7,"c":1,"s":"N20","n":0}},{"type":"Feature","geometry":{"type":"Point","coordinates":[133.7327,-15.3559]},"properties":{"d":"2026-09-30","t":"0355","frp":7.4,"b":337.3,"c":1,"s":"N20","n":0}},{"type":"Feature","geometry":{"type":"Point","coordinates":[133.727,-15.3552]},"properties":{"d":"2026-09-30","t":"0355","frp":8.7,"b":332.6,"c":1,"s":"N20","n":0}},{"type":"Feature","geometry":{"type":"Point","coordinates":[133.7327,-15.3546]},"properties":{"d":"2026-09-30","t":"0355","frp":11.6,"b":336.8,"c":1,"s":"N20","n":0}},{"type":"Feature","geometry":{"type":"Point","coordinates":[133.8383,-15.3185]},"properties":{"d":"2026-09-30","t":"0355","frp":9.7,"b":337.9,"c":1,"s":"N20","n":0}},{"type":"Feature","geometry":{"type":"Point","coordinates":[133.8384,-15.3179]},"properties":{"d":"2026-09-30","t":"0355","frp":8.9,"b":337.2,"c":1,"s":"N20","n":0}},{"type":"Feature","geometry":{"type":"Point","coordinates":[133.8321,-15.3125]},"properties":{"d":"2026-09-30","t":"0355","frp":7.3,"b":332.8,"c":1,"s":"N20","n":0}},{"type":"Feature","geometry":{"type":"Point","coordinates":[133.8202,-15.3071]},"properties":{"d":"2026-09-30","t":"0355","frp":10.5,"b":330.6,"c":1,"s":"N20","n":0}},{"type":"Feature","geometry":{"type":"Point","coordinates":[133.8258,-15.3065]},"properties":{"d":"2026-09-30","t":"0355","frp":7.3,"b":330.6,"c":1,"s":"N20","n":0}},{"type":"Feature","geometry":{"type":"Point","coordinates":[133.7625,-15.3063]},"properties":{"d":"2026-09-30","t":"0355","frp":26.1,"b":367.0,"c":2,"s":"N20","n":0}},{"type":"Feature","geometry":{"type":"Point","coordinates":[133.774,-15.3051]},"properties":{"d":"2026-09-30","t":"0355","frp":21.4,"b":338.0,"c":1,"s":"N20","n":0}},{"type":"Feature","geometry":{"type":"Point","coordinates":[133.7798,-15.3045]},"properties":{"d":"2026-09-30","t":"0355","frp":8.5,"b":330.7,"c":1,"s":"N20","n":0}},{"type":"Feature","geometry":{"type":"Point","coordinates":[133.8138,-15.3011]},"properties":{"d":"2026-09-30","t":"0355","frp":10.8,"b":341.4,"c":1,"s":"N20","n":0}},{"type":"Feature","geometry":{"type":"Point","coordinates":[144.6697,-15.2626]},"properties":{"d":"2026-09-30","t":"0355","frp":3.5,"b":346.2,"c":1,"s":"N20","n":0}},{"type":"Feature","geometry":{"type":"Point","coordinates":[144.6692,-15.2592]},"properties":{"d":"2026-09-30","t":"0355","frp":1.5,"b":336.0,"c":0,"s":"N20","n":0}},{"type":"Feature","geometry":{"type":"Point","coordinates":[141.742,-15.2592]},"properties":{"d":"2026-09-30","t":"0355","frp":1.8,"b":335.9,"c":1,"s":"N20","n":0}},{"type":"Feature","geometry":{"type":"Point","coordinates":[144.673,-15.2587]},"properties":{"d":"2026-09-30","t":"0355","frp":2.0,"b":340.4,"c":1,"s":"N20","n":0}},{"type":"Feature","geometry":{"type":"Point","coordinates":[135.5979,-15.1143]},"properties":{"d":"2026-09-30","t":"0355","frp":7.8,"b":339.6,"c":1,"s":"N20","n":0}},{"type":"Feature","geometry":{"type":"Point","coordinates":[135.6016,-15.1079]},"properties":{"d":"2026-09-30","t":"0355","frp":6.2,"b":341.6,"c":1,"s":"N20","n":0}},{"type":"Feature","geometry":{"type":"Point","coordinates":[135.6052,-15.1016]},"properties":{"d":"2026-09-30","t":"0355","frp":7.6,"b":346.9,"c":1,"s":"N20","n":0}},{"type":"Feature","geometry":{"type":"Point","coordinates":[135.5874,-15.0976]},"properties":{"d":"2026-09-30","t":"0355","frp":4.2,"b":333.0,"c":1,"s":"N20","n":0}},{"type":"Feature","geometry":{"type":"Point","coordinates":[135.5917,-15.0971]},"properties":{"d":"2026-09-30","t":"0355","frp":10.0,"b":349.3,"c":1,"s":"N20","n":0}},{"type":"Feature","geometry":{"type":"Point","coordinates":[135.6003,-15.0962]},"properties":{"d":"2026-09-30","t":"0355","frp":7.6,"b":351.8,"c":1,"s":"N20","n":0}},{"type":"Feature","geometry":{"type":"Point","coordinates":[135.5953,-15.0908]},"properties":{"d":"2026-09-30","t":"0355","frp":4.8,"b":339.8,"c":1,"s":"N20","n":0}},{"type":"Feature","geometry":{"type":"Point","coordinates":[144.51,-14.7512]},"properties":{"d":"2026-09-30","t":"0355","frp":8.7,"b":338.2,"c":1,"s":"N20","n":0}},{"type":"Feature","geometry":{"type":"Point","coordinates":[144.5138,-14.7506]},"properties":{"d":"2026-09-30","t":"0355","frp":8.7,"b":342.0,"c":1,"s":"N20","n":0}},{"type":"Feature","geometry":{"type":"Point","coordinates":[144.5019,-14.7488]},"properties":{"d":"2026-09-30","t":"0355","frp":5.7,"b":333.8,"c":1,"s":"N20","n":0}},{"type":"Feature","geometry":{"type":"Point","coordinates":[144.5057,-14.7483]},"properties":{"d":"2026-09-30","t":"0355","frp":5.7,"b":367.0,"c":2,"s":"N20","n":0}},{"type":"Feature","geometry":{"type":"Point","coordinates":[144.5133,-14.7472]},"properties":{"d":"2026-09-30","t":"0355","frp":68.9,"b":355.1,"c":1,"s":"N20","n":0}},{"type":"Feature","geometry":{"type":"Point","coordinates":[144.517,-14.7467]},"properties":{"d":"2026-09-30","t":"0355","frp":12.4,"b":367.0,"c":2,"s":"N20","n":0}},{"type":"Feature","geometry":{"type":"Point","coordinates":[144.4939,-14.7465]},"properties":{"d":"2026-09-30","t":"0355","frp":6.9,"b":348.5,"c":1,"s":"N20","n":0}},{"type":"Feature","geometry":{"type":"Point","coordinates":[144.4976,-14.746]},"properties":{"d":"2026-09-30","t":"0355","frp":6.9,"b":367.0,"c":2,"s":"N20","n":0}},{"type":"Feature","geometry":{"type":"Point","coordinates":[144.5014,-14.7454]},"properties":{"d":"2026-09-30","t":"0355","frp":5.7,"b":348.0,"c":1,"s":"N20","n":0}},{"type":"Feature","geometry":{"type":"Point","coordinates":[144.4933,-14.7431]},"properties":{"d":"2026-09-30","t":"0355","frp":7.4,"b":339.3,"c":1,"s":"N20","n":0}},{"type":"Feature","geometry":{"type":"Point","coordinates":[144.5424,-14.736]},"properties":{"d":"2026-09-30","t":"0355","frp":13.5,"b":332.1,"c":0,"s":"N20","n":0}},{"type":"Feature","geometry":{"type":"Point","coordinates":[144.5381,-14.7332]},"properties":{"d":"2026-09-30","t":"0355","frp":13.5,"b":334.3,"c":0,"s":"N20","n":0}},{"type":"Feature","geometry":{"type":"Point","coordinates":[144.5419,-14.7326]},"properties":{"d":"2026-09-30","t":"0355","frp":13.5,"b":345.3,"c":1,"s":"N20","n":0}},{"type":"Feature","geometry":{"type":"Point","coordinates":[144.5451,-14.7287]},"properties":{"d":"2026-09-30","t":"0355","frp":5.9,"b":347.8,"c":1,"s":"N20","n":0}},{"type":"Feature","geometry":{"type":"Point","coordinates":[144.5904,-14.6978]},"properties":{"d":"2026-09-30","t":"0355","frp":4.2,"b":340.0,"c":1,"s":"N20","n":0}},{"type":"Feature","geometry":{"type":"Point","coordinates":[133.2008,-14.5634]},"properties":{"d":"2026-09-30","t":"0355","frp":7.1,"b":333.3,"c":1,"s":"N20","n":0}},{"type":"Feature","geometry":{"type":"Point","coordinates":[133.2143,-14.4396]},"properties":{"d":"2026-09-30","t":"0355","frp":15.6,"b":333.3,"c":1,"s":"N20","n":0}},{"type":"Feature","geometry":{"type":"Point","coordinates":[133.2204,-14.439]},"properties":{"d":"2026-09-30","t":"0355","frp":15.6,"b":367.0,"c":2,"s":"N20","n":0}},{"type":"Feature","geometry":{"type":"Point","coordinates":[133.2189,-14.4363]},"properties":{"d":"2026-09-30","t":"0355","frp":15.2,"b":367.0,"c":2,"s":"N20","n":0}},{"type":"Feature","geometry":{"type":"Point","coordinates":[133.225,-14.4357]},"properties":{"d":"2026-09-30","t":"0355","frp":15.2,"b":335.8,"c":1,"s":"N20","n":0}},{"type":"Feature","geometry":{"type":"Point","coordinates":[132.7875,-14.4318]},"properties":{"d":"2026-09-30","t":"0355","frp":5.7,"b":337.9,"c":1,"s":"N20","n":0}},{"type":"Feature","geometry":{"type":"Point","coordinates":[132.7939,-14.4311]},"properties":{"d":"2026-09-30","t":"0355","frp":5.7,"b":330.6,"c":1,"s":"N20","n":0}},{"type":"Feature","geometry":{"type":"Point","coordinates":[133.192,-14.4254]},"properties":{"d":"2026-09-30","t":"0355","frp":13.6,"b":346.5,"c":1,"s":"N20","n":0}},{"type":"Feature","geometry":{"type":"Point","coordinates":[133.1984,-14.4248]},"properties":{"d":"2026-09-30","t":"0355","frp":13.6,"b":349.4,"c":1,"s":"N20","n":0}},{"type":"Feature","geometry":{"type":"Point","coordinates":[132.7932,-14.4242]},"properties":{"d":"2026-09-30","t":"0355","frp":5.7,"b":335.7,"c":1,"s":"N20","n":0}},{"type":"Feature","geometry":{"type":"Point","coordinates":[132.7939,-14.4236]},"properties":{"d":"2026-09-30","t":"0355","frp":7.0,"b":333.9,"c":1,"s":"N20","n":0}},{"type":"Feature","geometry":{"type":"Point","coordinates":[133.1973,-14.4181]},"properties":{"d":"2026-09-30","t":"0355","frp":17.9,"b":350.9,"c":1,"s":"N20","n":0}},{"type":"Feature","geometry":{"type":"Point","coordinates":[133.2036,-14.4175]},"properties":{"d":"2026-09-30","t":"0355","frp":10.8,"b":336.9,"c":1,"s":"N20","n":0}},{"type":"Feature","geometry":{"type":"Point","coordinates":[132.7868,-14.4173]},"properties":{"d":"2026-09-30","t":"0355","frp":8.1,"b":331.1,"c":1,"s":"N20","n":0}},{"type":"Feature","geometry":{"type":"Point","coordinates":[132.8796,-14.3799]},"properties":{"d":"2026-09-30","t":"0355","frp":7.5,"b":336.1,"c":1,"s":"N20","n":0}},{"type":"Feature","geometry":{"type":"Point","coordinates":[132.8718,-14.3749]},"properties":{"d":"2026-09-30","t":"0355","frp":4.9,"b":331.2,"c":1,"s":"N20","n":0}},{"type":"Feature","geometry":{"type":"Point","coordinates":[132.8784,-14.3743]},"properties":{"d":"2026-09-30","t":"0355","frp":4.9,"b":331.0,"c":1,"s":"N20","n":0}},{"type":"Feature","geometry":{"type":"Point","coordinates":[132.8726,-14.3737]},"properties":{"d":"2026-09-30","t":"0355","frp":2.0,"b":331.1,"c":1,"s":"N20","n":0}},{"type":"Feature","geometry":{"type":"Point","coordinates":[134.8813,-14.2277]},"properties":{"d":"2026-09-30","t":"0355","frp":18.0,"b":337.8,"c":1,"s":"N20","n":0}},{"type":"Feature","geometry":{"type":"Point","coordinates":[134.8851,-14.215]},"properties":{"d":"2026-09-30","t":"0355","frp":8.9,"b":334.0,"c":1,"s":"N20","n":0}},{"type":"Feature","geometry":{"type":"Point","coordinates":[136.6657,-14.06]},"properties":{"d":"2026-09-30","t":"0355","frp":3.3,"b":342.3,"c":1,"s":"N20","n":0}},{"type":"Feature","geometry":{"type":"Point","coordinates":[136.5381,-13.9869]},"properties":{"d":"2026-09-30","t":"0355","frp":3.8,"b":336.1,"c":1,"s":"N20","n":0}},{"type":"Feature","geometry":{"type":"Point","coordinates":[136.5349,-13.9854]},"properties":{"d":"2026-09-30","t":"0355","frp":6.6,"b":332.6,"c":1,"s":"N20","n":0}},{"type":"Feature","geometry":{"type":"Point","coordinates":[141.8373,-13.6505]},"properties":{"d":"2026-09-30","t":"0355","frp":12.9,"b":355.3,"c":1,"s":"N20","n":0}},{"type":"Feature","geometry":{"type":"Point","coordinates":[141.8351,-13.65]},"properties":{"d":"2026-09-30","t":"0355","frp":6.7,"b":334.1,"c":1,"s":"N20","n":0}},{"type":"Feature","geometry":{"type":"Point","coordinates":[141.8398,-13.6493]},"properties":{"d":"2026-09-30","t":"0355","frp":10.0,"b":354.7,"c":1,"s":"N20","n":0}},{"type":"Feature","geometry":{"type":"Point","coordinates":[141.8574,-13.6205]},"properties":{"d":"2026-09-30","t":"0355","frp":10.6,"b":331.6,"c":1,"s":"N20","n":0}},{"type":"Feature","geometry":{"type":"Point","coordinates":[141.8622,-13.6199]},"properties":{"d":"2026-09-30","t":"0355","frp":10.6,"b":347.0,"c":1,"s":"N20","n":0}},{"type":"Feature","geometry":{"type":"Point","coordinates":[141.8658,-13.6116]},"properties":{"d":"2026-09-30","t":"0355","frp":15.6,"b":349.4,"c":1,"s":"N20","n":0}},{"type":"Feature","geometry":{"type":"Point","coordinates":[141.6938,-13.0448]},"properties":{"d":"2026-09-30","t":"0355","frp":5.6,"b":336.3,"c":1,"s":"N20","n":0}},{"type":"Feature","geometry":{"type":"Point","coordinates":[136.0158,-12.9269]},"properties":{"d":"2026-09-30","t":"0355","frp":4.0,"b":340.1,"c":1,"s":"N20","n":0}},{"type":"Feature","geometry":{"type":"Point","coordinates":[136.4127,-12.8856]},"properties":{"d":"2026-09-30","t":"0355","frp":19.4,"b":367.0,"c":2,"s":"N20","n":0}},{"type":"Feature","geometry":{"type":"Point","coordinates":[136.4162,-12.8851]},"properties":{"d":"2026-09-30","t":"0355","frp":19.4,"b":367.0,"c":2,"s":"N20","n":0}},{"type":"Feature","geometry":{"type":"Point","coordinates":[136.4121,-12.8802]},"properties":{"d":"2026-09-30","t":"0355","frp":19.4,"b":351.4,"c":1,"s":"N20","n":0}},{"type":"Feature","geometry":{"type":"Point","coordinates":[136.4156,-12.8797]},"properties":{"d":"2026-09-30","t":"0355","frp":19.4,"b":355.9,"c":0,"s":"N20","n":0}},{"type":"Feature","geometry":{"type":"Point","coordinates":[136.4115,-12.8748]},"properties":{"d":"2026-09-30","t":"0355","frp":9.1,"b":367.0,"c":2,"s":"N20","n":0}},{"type":"Feature","geometry":{"type":"Point","coordinates":[136.415,-12.8743]},"properties":{"d":"2026-09-30","t":"0355","frp":9.1,"b":335.6,"c":1,"s":"N20","n":0}},{"type":"Feature","geometry":{"type":"Point","coordinates":[136.6621,-12.5253]},"properties":{"d":"2026-09-30","t":"0355","frp":4.7,"b":352.2,"c":1,"s":"N20","n":0}},{"type":"Feature","geometry":{"type":"Point","coordinates":[136.6615,-12.52]},"properties":{"d":"2026-09-30","t":"0355","frp":4.7,"b":341.8,"c":1,"s":"N20","n":0}},{"type":"Feature","geometry":{"type":"Point","coordinates":[136.6542,-12.5155]},"properties":{"d":"2026-09-30","t":"0355","frp":5.5,"b":367.0,"c":2,"s":"N20","n":0}},{"type":"Feature","geometry":{"type":"Point","coordinates":[136.6576,-12.5151]},"properties":{"d":"2026-09-30","t":"0355","frp":5.5,"b":331.9,"c":1,"s":"N20","n":0}},{"type":"Feature","geometry":{"type":"Point","coordinates":[136.3664,-12.3586]},"properties":{"d":"2026-09-30","t":"0355","frp":5.1,"b":340.2,"c":1,"s":"N20","n":0}},{"type":"Feature","geometry":{"type":"Point","coordinates":[136.3698,-12.3582]},"properties":{"d":"2026-09-30","t":"0355","frp":5.1,"b":336.6,"c":1,"s":"N20","n":0}},{"type":"Feature","geometry":{"type":"Point","coordinates":[136.3726,-12.3524]},"properties":{"d":"2026-09-30","t":"0355","frp":5.3,"b":341.6,"c":1,"s":"N20","n":0}},{"type":"Feature","geometry":{"type":"Point","coordinates":[136.3615,-12.3482]},"properties":{"d":"2026-09-30","t":"0355","frp":7.8,"b":367.0,"c":2,"s":"N20","n":0}},{"type":"Feature","geometry":{"type":"Point","coordinates":[136.3609,-12.3429]},"properties":{"d":"2026-09-30","t":"0355","frp":7.8,"b":339.2,"c":1,"s":"N20","n":0}},{"type":"Feature","geometry":{"type":"Point","coordinates":[136.3498,-12.3387]},"properties":{"d":"2026-09-30","t":"0355","frp":3.9,"b":332.9,"c":1,"s":"N20","n":0}},{"type":"Feature","geometry":{"type":"Point","coordinates":[134.5107,-12.3077]},"properties":{"d":"2026-09-30","t":"0355","frp":5.5,"b":331.9,"c":1,"s":"N20","n":0}},{"type":"Feature","geometry":{"type":"Point","coordinates":[136.7824,-12.3027]},"properties":{"d":"2026-09-30","t":"0355","frp":5.9,"b":338.6,"c":1,"s":"N20","n":0}},{"type":"Feature","geometry":{"type":"Point","coordinates":[136.7858,-12.3023]},"properties":{"d":"2026-09-30","t":"0355","frp":6.6,"b":337.1,"c":1,"s":"N20","n":0}},{"type":"Feature","geometry":{"type":"Point","coordinates":[136.8789,-12.2698]},"properties":{"d":"2026-09-30","t":"0355","frp":5.8,"b":344.9,"c":1,"s":"N20","n":0}},{"type":"Feature","geometry":{"type":"Point","coordinates":[136.872,-12.2654]},"properties":{"d":"2026-09-30","t":"0355","frp":15.6,"b":342.9,"c":1,"s":"N20","n":0}},{"type":"Feature","geometry":{"type":"Point","coordinates":[136.8751,-12.265]},"properties":{"d":"2026-09-30","t":"0355","frp":15.6,"b":341.6,"c":1,"s":"N20","n":0}},{"type":"Feature","geometry":{"type":"Point","coordinates":[136.8783,-12.2646]},"properties":{"d":"2026-09-30","t":"0355","frp":33.8,"b":367.0,"c":2,"s":"N20","n":0}},{"type":"Feature","geometry":{"type":"Point","coordinates":[135.832,-12.2042]},"properties":{"d":"2026-09-30","t":"0355","frp":3.0,"b":341.8,"c":1,"s":"N20","n":0}},{"type":"Feature","geometry":{"type":"Point","coordinates":[142.0864,-12.0904]},"properties":{"d":"2026-09-30","t":"0355","frp":11.7,"b":344.4,"c":0,"s":"N20","n":0}},{"type":"Feature","geometry":{"type":"Point","coordinates":[142.0726,-12.0886]},"properties":{"d":"2026-09-30","t":"0355","frp":6.8,"b":333.4,"c":0,"s":"N20","n":0}},{"type":"Feature","geometry":{"type":"Point","coordinates":[142.0677,-12.0855]},"properties":{"d":"2026-09-30","t":"0355","frp":7.0,"b":332.8,"c":1,"s":"N20","n":0}},{"type":"Feature","geometry":{"type":"Point","coordinates":[142.0721,-12.0849]},"properties":{"d":"2026-09-30","t":"0355","frp":6.8,"b":346.4,"c":1,"s":"N20","n":0}},{"type":"Feature","geometry":{"type":"Point","coordinates":[142.0765,-12.0842]},"properties":{"d":"2026-09-30","t":"0355","frp":6.8,"b":349.7,"c":1,"s":"N20","n":0}},{"type":"Feature","geometry":{"type":"Point","coordinates":[142.0671,-12.0818]},"properties":{"d":"2026-09-30","t":"0355","frp":7.8,"b":341.8,"c":1,"s":"N20","n":0}},{"type":"Feature","geometry":{"type":"Point","coordinates":[142.0716,-12.0812]},"properties":{"d":"2026-09-30","t":"0355","frp":5.1,"b":329.8,"c":1,"s":"N20","n":0}},{"type":"Feature","geometry":{"type":"Point","coordinates":[134.2742,-12.074]},"properties":{"d":"2026-09-30","t":"0355","frp":6.9,"b":331.3,"c":1,"s":"N20","n":0}},{"type":"Feature","geometry":{"type":"Point","coordinates":[134.2781,-12.0673]},"properties":{"d":"2026-09-30","t":"0355","frp":6.9,"b":346.7,"c":1,"s":"N20","n":0}},{"type":"Feature","geometry":{"type":"Point","coordinates":[133.4012,-12.0547]},"properties":{"d":"2026-09-30","t":"0355","frp":7.8,"b":338.8,"c":1,"s":"N20","n":0}},{"type":"Feature","geometry":{"type":"Point","coordinates":[133.4268,-12.0387]},"properties":{"d":"2026-09-30","t":"0355","frp":10.0,"b":330.8,"c":1,"s":"N20","n":0}},{"type":"Feature","geometry":{"type":"Point","coordinates":[133.426,-12.0378]},"properties":{"d":"2026-09-30","t":"0355","frp":10.2,"b":331.7,"c":1,"s":"N20","n":0}},{"type":"Feature","geometry":{"type":"Point","coordinates":[133.5644,-12.0085]},"properties":{"d":"2026-09-30","t":"0355","frp":6.6,"b":330.5,"c":1,"s":"N20","n":0}},{"type":"Feature","geometry":{"type":"Point","coordinates":[135.781,-11.953]},"properties":{"d":"2026-09-30","t":"0355","frp":3.9,"b":343.2,"c":1,"s":"N20","n":0}},{"type":"Feature","geometry":{"type":"Point","coordinates":[135.7837,-11.952]},"properties":{"d":"2026-09-30","t":"0355","frp":3.5,"b":330.8,"c":1,"s":"N20","n":0}},{"type":"Feature","geometry":{"type":"Point","coordinates":[135.8967,-11.7874]},"properties":{"d":"2026-09-30","t":"0355","frp":5.0,"b":334.9,"c":1,"s":"N20","n":0}},{"type":"Feature","geometry":{"type":"Point","coordinates":[142.2909,-11.1069]},"properties":{"d":"2026-09-30","t":"0355","frp":5.4,"b":341.2,"c":1,"s":"N20","n":0}},{"type":"Feature","geometry":{"type":"Point","coordinates":[142.2951,-11.1063]},"properties":{"d":"2026-09-30","t":"0355","frp":5.4,"b":342.7,"c":1,"s":"N20","n":0}},{"type":"Feature","geometry":{"type":"Point","coordinates":[142.2478,-11.1056]},"properties":{"d":"2026-09-30","t":"0355","frp":7.4,"b":347.7,"c":1,"s":"N20","n":0}},{"type":"Feature","geometry":{"type":"Point","coordinates":[142.2488,-11.104]},"properties":{"d":"2026-09-30","t":"0355","frp":9.1,"b":348.1,"c":1,"s":"N20","n":0}},{"type":"Feature","geometry":{"type":"Point","coordinates":[142.2792,-11.0775]},"properties":{"d":"2026-09-30","t":"0355","frp":4.8,"b":333.3,"c":0,"s":"N20","n":0}},{"type":"Feature","geometry":{"type":"Point","coordinates":[142.2703,-11.0751]},"properties":{"d":"2026-09-30","t":"0355","frp":9.1,"b":341.1,"c":1,"s":"N20","n":0}},{"type":"Feature","geometry":{"type":"Point","coordinates":[142.2745,-11.0745]},"properties":{"d":"2026-09-30","t":"0355","frp":9.1,"b":352.3,"c":1,"s":"N20","n":0}},{"type":"Feature","geometry":{"type":"Point","coordinates":[142.2656,-11.0721]},"properties":{"d":"2026-09-30","t":"0355","frp":11.6,"b":341.8,"c":1,"s":"N20","n":0}},{"type":"Feature","geometry":{"type":"Point","coordinates":[142.2698,-11.0715]},"properties":{"d":"2026-09-30","t":"0355","frp":17.8,"b":349.9,"c":1,"s":"N20","n":0}},{"type":"Feature","geometry":{"type":"Point","coordinates":[142.2524,-11.0703]},"properties":{"d":"2026-09-30","t":"0355","frp":8.7,"b":337.4,"c":0,"s":"N20","n":0}},{"type":"Feature","geometry":{"type":"Point","coordinates":[142.2609,-11.0691]},"properties":{"d":"2026-09-30","t":"0355","frp":11.6,"b":342.8,"c":1,"s":"N20","n":0}},{"type":"Feature","geometry":{"type":"Point","coordinates":[142.2203,-11.0565]},"properties":{"d":"2026-09-30","t":"0355","frp":4.8,"b":341.5,"c":1,"s":"N20","n":0}},{"type":"Feature","geometry":{"type":"Point","coordinates":[142.2245,-11.0559]},"properties":{"d":"2026-09-30","t":"0355","frp":6.2,"b":328.2,"c":0,"s":"N20","n":0}},{"type":"Feature","geometry":{"type":"Point","coordinates":[142.2198,-11.0529]},"properties":{"d":"2026-09-30","t":"0355","frp":4.8,"b":336.8,"c":1,"s":"N20","n":0}},{"type":"Feature","geometry":{"type":"Point","coordinates":[142.1686,-10.743]},"properties":{"d":"2026-09-30","t":"0355","frp":9.0,"b":342.2,"c":1,"s":"N20","n":0}},{"type":"Feature","geometry":{"type":"Point","coordinates":[142.1681,-10.7394]},"properties":{"d":"2026-09-30","t":"0355","frp":4.9,"b":331.6,"c":1,"s":"N20","n":0}},{"type":"Feature","geometry":{"type":"Point","coordinates":[142.1824,-10.6253]},"properties":{"d":"2026-09-30","t":"0355","frp":5.4,"b":329.8,"c":0,"s":"N20","n":0}},{"type":"Feature","geometry":{"type":"Point","coordinates":[142.1819,-10.6217]},"properties":{"d":"2026-09-30","t":"0355","frp":6.5,"b":331.1,"c":0,"s":"N20","n":0}},{"type":"Feature","geometry":{"type":"Point","coordinates":[150.3533,-10.3103]},"properties":{"d":"2026-09-30","t":"0355","frp":1.8,"b":330.6,"c":1,"s":"N20","n":0}},{"type":"Feature","geometry":{"type":"Point","coordinates":[150.4296,-10.2302]},"properties":{"d":"2026-09-30","t":"0355","frp":4.5,"b":342.6,"c":1,"s":"N20","n":0}},{"type":"Feature","geometry":{"type":"Point","coordinates":[147.9855,-10.0386]},"properties":{"d":"2026-09-30","t":"0355","frp":2.3,"b":330.3,"c":1,"s":"N20","n":0}},{"type":"Feature","geometry":{"type":"Point","coordinates":[147.7435,-10.0087]},"properties":{"d":"2026-09-30","t":"0355","frp":4.1,"b":337.9,"c":1,"s":"N20","n":0}},{"type":"Feature","geometry":{"type":"Point","coordinates":[148.05,-9.9959]},"properties":{"d":"2026-09-30","t":"0355","frp":4.0,"b":341.4,"c":1,"s":"N20","n":0}},{"type":"Feature","geometry":{"type":"Point","coordinates":[148.0372,-9.9942]},"properties":{"d":"2026-09-30","t":"0355","frp":11.4,"b":344.2,"c":1,"s":"N20","n":0}},{"type":"Feature","geometry":{"type":"Point","coordinates":[148.055,-9.9768]},"properties":{"d":"2026-09-30","t":"0355","frp":2.2,"b":333.1,"c":1,"s":"N20","n":0}},{"type":"Feature","geometry":{"type":"Point","coordinates":[148.0034,-9.9669]},"properties":{"d":"2026-09-30","t":"0355","frp":3.5,"b":336.4,"c":1,"s":"N20","n":0}},{"type":"Feature","geometry":{"type":"Point","coordinates":[147.8165,-9.932]},"properties":{"d":"2026-09-30","t":"0355","frp":2.4,"b":333.9,"c":1,"s":"N20","n":0}},{"type":"Feature","geometry":{"type":"Point","coordinates":[147.7784,-9.8729]},"properties":{"d":"2026-09-30","t":"0355","frp":1.5,"b":332.1,"c":1,"s":"N20","n":0}},{"type":"Feature","geometry":{"type":"Point","coordinates":[147.8731,-9.8539]},"properties":{"d":"2026-09-30","t":"0355","frp":3.1,"b":330.2,"c":1,"s":"N20","n":0}},{"type":"Feature","geometry":{"type":"Point","coordinates":[147.6785,-9.8305]},"properties":{"d":"2026-09-30","t":"0355","frp":1.5,"b":333.4,"c":1,"s":"N20","n":0}},{"type":"Feature","geometry":{"type":"Point","coordinates":[147.7834,-9.8288]},"properties":{"d":"2026-09-30","t":"0355","frp":15.5,"b":339.2,"c":1,"s":"N20","n":0}},{"type":"Feature","geometry":{"type":"Point","coordinates":[147.7839,-9.8282]},"properties":{"d":"2026-09-30","t":"0355","frp":12.0,"b":338.0,"c":1,"s":"N20","n":0}},{"type":"Feature","geometry":{"type":"Point","coordinates":[148.7116,-9.7849]},"properties":{"d":"2026-09-30","t":"0355","frp":4.4,"b":333.6,"c":1,"s":"N20","n":0}},{"type":"Feature","geometry":{"type":"Point","coordinates":[148.7105,-9.7841]},"properties":{"d":"2026-09-30","t":"0355","frp":6.4,"b":333.4,"c":1,"s":"N20","n":0}},{"type":"Feature","geometry":{"type":"Point","coordinates":[148.7153,-9.7833]},"properties":{"d":"2026-09-30","t":"0355","frp":6.4,"b":332.6,"c":1,"s":"N20","n":0}},{"type":"Feature","geometry":{"type":"Point","coordinates":[148.711,-9.7812]},"properties":{"d":"2026-09-30","t":"0355","frp":9.1,"b":347.6,"c":1,"s":"N20","n":0}},{"type":"Feature","geometry":{"type":"Point","coordinates":[147.7265,-9.7761]},"properties":{"d":"2026-09-30","t":"0355","frp":5.3,"b":336.0,"c":1,"s":"N20","n":0}},{"type":"Feature","geometry":{"type":"Point","coordinates":[147.5076,-9.6705]},"properties":{"d":"2026-09-30","t":"0355","frp":9.7,"b":356.0,"c":1,"s":"N20","n":0}},{"type":"Feature","geometry":{"type":"Point","coordinates":[147.7368,-9.6694]},"properties":{"d":"2026-09-30","t":"0355","frp":3.7,"b":335.4,"c":1,"s":"N20","n":0}},{"type":"Feature","geometry":{"type":"Point","coordinates":[147.6911,-9.6372]},"properties":{"d":"2026-09-30","t":"0355","frp":5.2,"b":335.3,"c":1,"s":"N20","n":0}},{"type":"Feature","geometry":{"type":"Point","coordinates":[150.8832,-9.6023]},"properties":{"d":"2026-09-30","t":"0355","frp":5.6,"b":339.6,"c":1,"s":"N20","n":0}},{"type":"Feature","geometry":{"type":"Point","coordinates":[147.3957,-9.5459]},"properties":{"d":"2026-09-30","t":"0355","frp":8.4,"b":343.0,"c":1,"s":"N20","n":0}},{"type":"Feature","geometry":{"type":"Point","coordinates":[147.3115,-9.5344]},"properties":{"d":"2026-09-30","t":"0355","frp":1.6,"b":335.3,"c":1,"s":"N20","n":0}},{"type":"Feature","geometry":{"type":"Point","coordinates":[147.3109,-9.531]},"properties":{"d":"2026-09-30","t":"0355","frp":1.6,"b":333.7,"c":1,"s":"N20","n":0}},{"type":"Feature","geometry":{"type":"Point","coordinates":[148.7015,-9.5049]},"properties":{"d":"2026-09-30","t":"0355","frp":7.9,"b":344.3,"c":1,"s":"N20","n":0}},{"type":"Feature","geometry":{"type":"Point","coordinates":[148.7009,-9.5013]},"properties":{"d":"2026-09-30","t":"0355","frp":7.9,"b":350.2,"c":1,"s":"N20","n":0}},{"type":"Feature","geometry":{"type":"Point","coordinates":[148.9511,-9.4791]},"properties":{"d":"2026-09-30","t":"0355","frp":10.9,"b":340.6,"c":1,"s":"N20","n":0}},{"type":"Feature","geometry":{"type":"Point","coordinates":[148.7855,-9.4568]},"properties":{"d":"2026-09-30","t":"0355","frp":3.0,"b":335.0,"c":1,"s":"N20","n":0}},{"type":"Feature","geometry":{"type":"Point","coordinates":[148.763,-9.4546]},"properties":{"d":"2026-09-30","t":"0355","frp":6.5,"b":332.4,"c":1,"s":"N20","n":0}},{"type":"Feature","geometry":{"type":"Point","coordinates":[148.762,-9.4531]},"properties":{"d":"2026-09-30","t":"0355","frp":7.7,"b":337.1,"c":1,"s":"N20","n":0}},{"type":"Feature","geometry":{"type":"Point","coordinates":[148.7573,-9.4479]},"properties":{"d":"2026-09-30","t":"0355","frp":4.2,"b":333.5,"c":1,"s":"N20","n":0}},{"type":"Feature","geometry":{"type":"Point","coordinates":[148.7753,-9.4183]},"properties":{"d":"2026-09-30","t":"0355","frp":3.8,"b":330.0,"c":0,"s":"N20","n":0}},{"type":"Feature","geometry":{"type":"Point","coordinates":[148.7613,-9.4168]},"properties":{"d":"2026-09-30","t":"0355","frp":7.7,"b":338.3,"c":1,"s":"N20","n":0}},{"type":"Feature","geometry":{"type":"Point","coordinates":[148.7658,-9.4161]},"properties":{"d":"2026-09-30","t":"0355","frp":14.7,"b":348.7,"c":1,"s":"N20","n":0}},{"type":"Feature","geometry":{"type":"Point","coordinates":[148.7651,-9.4124]},"properties":{"d":"2026-09-30","t":"0355","frp":14.7,"b":347.2,"c":1,"s":"N20","n":0}},{"type":"Feature","geometry":{"type":"Point","coordinates":[148.774,-9.4109]},"properties":{"d":"2026-09-30","t":"0355","frp":11.2,"b":343.2,"c":1,"s":"N20","n":0}},{"type":"Feature","geometry":{"type":"Point","coordinates":[148.7588,-9.402]},"properties":{"d":"2026-09-30","t":"0355","frp":6.0,"b":335.0,"c":1,"s":"N20","n":0}},{"type":"Feature","geometry":{"type":"Point","coordinates":[148.7627,-9.3975]},"properties":{"d":"2026-09-30","t":"0355","frp":7.5,"b":336.5,"c":1,"s":"N20","n":0}},{"type":"Feature","geometry":{"type":"Point","coordinates":[148.7806,-9.3946]},"properties":{"d":"2026-09-30","t":"0355","frp":2.8,"b":332.6,"c":1,"s":"N20","n":0}},{"type":"Feature","geometry":{"type":"Point","coordinates":[148.7576,-9.3946]},"properties":{"d":"2026-09-30","t":"0355","frp":3.6,"b":333.2,"c":1,"s":"N20","n":0}},{"type":"Feature","geometry":{"type":"Point","coordinates":[148.762,-9.3938]},"properties":{"d":"2026-09-30","t":"0355","frp":7.3,"b":340.7,"c":1,"s":"N20","n":0}},{"type":"Feature","geometry":{"type":"Point","coordinates":[148.771,-9.3924]},"properties":{"d":"2026-09-30","t":"0355","frp":6.5,"b":330.5,"c":1,"s":"N20","n":0}},{"type":"Feature","geometry":{"type":"Point","coordinates":[149.1026,-9.392]},"properties":{"d":"2026-09-30","t":"0355","frp":5.9,"b":333.8,"c":1,"s":"N20","n":0}},{"type":"Feature","geometry":{"type":"Point","coordinates":[149.1037,-9.3919]},"properties":{"d":"2026-09-30","t":"0355","frp":5.0,"b":333.2,"c":1,"s":"N20","n":0}},{"type":"Feature","geometry":{"type":"Point","coordinates":[148.7615,-9.3901]},"properties":{"d":"2026-09-30","t":"0355","frp":7.3,"b":332.1,"c":1,"s":"N20","n":0}},{"type":"Feature","geometry":{"type":"Point","coordinates":[148.7659,-9.3894]},"properties":{"d":"2026-09-30","t":"0355","frp":7.3,"b":344.4,"c":1,"s":"N20","n":0}},{"type":"Feature","geometry":{"type":"Point","coordinates":[148.7196,-9.3856]},"properties":{"d":"2026-09-30","t":"0355","frp":6.0,"b":343.3,"c":1,"s":"N20","n":0}},{"type":"Feature","geometry":{"type":"Point","coordinates":[149.0766,-9.373]},"properties":{"d":"2026-09-30","t":"0355","frp":11.1,"b":343.7,"c":1,"s":"N20","n":0}},{"type":"Feature","geometry":{"type":"Point","coordinates":[149.0562,-9.3647]},"properties":{"d":"2026-09-30","t":"0355","frp":6.0,"b":332.4,"c":1,"s":"N20","n":0}},{"type":"Feature","geometry":{"type":"Point","coordinates":[149.0701,-9.3624]},"properties":{"d":"2026-09-30","t":"0355","frp":2.8,"b":332.8,"c":1,"s":"N20","n":0}},{"type":"Feature","geometry":{"type":"Point","coordinates":[149.041,-9.3595]},"properties":{"d":"2026-09-30","t":"0355","frp":4.1,"b":332.0,"c":1,"s":"N20","n":0}},{"type":"Feature","geometry":{"type":"Point","coordinates":[148.7745,-9.3574]},"properties":{"d":"2026-09-30","t":"0355","frp":28.8,"b":338.9,"c":1,"s":"N20","n":0}},{"type":"Feature","geometry":{"type":"Point","coordinates":[149.02,-9.3474]},"properties":{"d":"2026-09-30","t":"0355","frp":3.8,"b":332.6,"c":1,"s":"N20","n":0}},{"type":"Feature","geometry":{"type":"Point","coordinates":[148.8002,-9.3455]},"properties":{"d":"2026-09-30","t":"0355","frp":3.3,"b":338.9,"c":1,"s":"N20","n":0}},{"type":"Feature","geometry":{"type":"Point","coordinates":[148.9958,-9.3437]},"properties":{"d":"2026-09-30","t":"0355","frp":2.7,"b":330.2,"c":1,"s":"N20","n":0}},{"type":"Feature","geometry":{"type":"Point","coordinates":[149.0194,-9.3437]},"properties":{"d":"2026-09-30","t":"0355","frp":4.1,"b":332.2,"c":1,"s":"N20","n":0}},{"type":"Feature","geometry":{"type":"Point","coordinates":[148.934,-9.3385]},"properties":{"d":"2026-09-30","t":"0355","frp":11.9,"b":350.0,"c":1,"s":"N20","n":0}},{"type":"Feature","geometry":{"type":"Point","coordinates":[148.9385,-9.3378]},"properties":{"d":"2026-09-30","t":"0355","frp":7.7,"b":338.3,"c":1,"s":"N20","n":0}},{"type":"Feature","geometry":{"type":"Point","coordinates":[148.9431,-9.337]},"properties":{"d":"2026-09-30","t":"0355","frp":7.7,"b":336.7,"c":1,"s":"N20","n":0}},{"type":"Feature","geometry":{"type":"Point","coordinates":[148.7938,-9.3351]},"properties":{"d":"2026-09-30","t":"0355","frp":9.4,"b":343.4,"c":1,"s":"N20","n":0}},{"type":"Feature","geometry":{"type":"Point","coordinates":[149.0554,-9.3338]},"properties":{"d":"2026-09-30","t":"0355","frp":3.1,"b":334.8,"c":1,"s":"N20","n":0}},{"type":"Feature","geometry":{"type":"Point","coordinates":[148.7947,-9.3334]},"properties":{"d":"2026-09-30","t":"0355","frp":11.3,"b":353.9,"c":1,"s":"N20","n":0}},{"type":"Feature","geometry":{"type":"Point","coordinates":[148.9471,-9.3325]},"properties":{"d":"2026-09-30","t":"0355","frp":9.6,"b":339.8,"c":1,"s":"N20","n":0}},{"type":"Feature","geometry":{"type":"Point","coordinates":[148.9465,-9.3288]},"properties":{"d":"2026-09-30","t":"0355","frp":9.6,"b":347.6,"c":1,"s":"N20","n":0}},{"type":"Feature","geometry":{"type":"Point","coordinates":[148.8301,-9.3238]},"properties":{"d":"2026-09-30","t":"0355","frp":3.4,"b":333.9,"c":1,"s":"N20","n":0}},{"type":"Feature","geometry":{"type":"Point","coordinates":[148.9406,-9.322]},"properties":{"d":"2026-09-30","t":"0355","frp":4.2,"b":336.1,"c":1,"s":"N20","n":0}},{"type":"Feature","geometry":{"type":"Point","coordinates":[149.0199,-9.3204]},"properties":{"d":"2026-09-30","t":"0355","frp":6.5,"b":331.9,"c":1,"s":"N20","n":0}},{"type":"Feature","geometry":{"type":"Point","coordinates":[147.211,-9.3012]},"properties":{"d":"2026-09-30","t":"0355","frp":4.7,"b":340.1,"c":1,"s":"N20","n":0}},{"type":"Feature","geometry":{"type":"Point","coordinates":[147.2103,-9.2978]},"properties":{"d":"2026-09-30","t":"0355","frp":3.9,"b":338.6,"c":1,"s":"N20","n":0}},{"type":"Feature","geometry":{"type":"Point","coordinates":[148.986,-9.2793]},"properties":{"d":"2026-09-30","t":"0355","frp":4.3,"b":333.1,"c":1,"s":"N20","n":0}},{"type":"Feature","geometry":{"type":"Point","coordinates":[147.1606,-9.2774]},"properties":{"d":"2026-09-30","t":"0355","frp":2.0,"b":335.4,"c":1,"s":"N20","n":0}},{"type":"Feature","geometry":{"type":"Point","coordinates":[147.203,-9.2741]},"properties":{"d":"2026-09-30","t":"0355","frp":4.9,"b":333.6,"c":1,"s":"N20","n":0}},{"type":"Feature","geometry":{"type":"Point","coordinates":[148.9944,-9.2741]},"properties":{"d":"2026-09-30","t":"0355","frp":7.6,"b":334.4,"c":1,"s":"N20","n":0}},{"type":"Feature","geometry":{"type":"Point","coordinates":[147.0855,-9.2689]},"properties":{"d":"2026-09-30","t":"0355","frp":4.9,"b":335.4,"c":1,"s":"N20","n":0}},{"type":"Feature","geometry":{"type":"Point","coordinates":[149.0118,-9.2673]},"properties":{"d":"2026-09-30","t":"0355","frp":4.6,"b":338.8,"c":1,"s":"N20","n":0}},{"type":"Feature","geometry":{"type":"Point","coordinates":[148.9227,-9.2627]},"properties":{"d":"2026-09-30","t":"0355","frp":4.2,"b":332.9,"c":1,"s":"N20","n":0}},{"type":"Feature","geometry":{"type":"Point","coordinates":[147.1039,-9.2624]},"properties":{"d":"2026-09-30","t":"0355","frp":4.2,"b":335.9,"c":1,"s":"N20","n":0}},{"type":"Feature","geometry":{"type":"Point","coordinates":[147.0676,-9.2541]},"properties":{"d":"2026-09-30","t":"0355","frp":8.5,"b":337.1,"c":1,"s":"N20","n":0}},{"type":"Feature","geometry":{"type":"Point","coordinates":[147.0497,-9.2393]},"properties":{"d":"2026-09-30","t":"0355","frp":1.7,"b":332.0,"c":1,"s":"N20","n":0}},{"type":"Feature","geometry":{"type":"Point","coordinates":[148.4895,-9.2099]},"properties":{"d":"2026-09-30","t":"0355","frp":4.8,"b":332.9,"c":1,"s":"N20","n":0}},{"type":"Feature","geometry":{"type":"Point","coordinates":[147.201,-9.1869]},"properties":{"d":"2026-09-30","t":"0355","frp":2.8,"b":336.1,"c":1,"s":"N20","n":0}},{"type":"Feature","geometry":{"type":"Point","coordinates":[147.0305,-9.1725]},"properties":{"d":"2026-09-30","t":"0355","frp":5.0,"b":333.0,"c":1,"s":"N20","n":0}},{"type":"Feature","geometry":{"type":"Point","coordinates":[147.0331,-9.165]},"properties":{"d":"2026-09-30","t":"0355","frp":4.0,"b":331.6,"c":1,"s":"N20","n":0}},{"type":"Feature","geometry":{"type":"Point","coordinates":[147.1611,-9.1626]},"properties":{"d":"2026-09-30","t":"0355","frp":2.3,"b":334.0,"c":1,"s":"N20","n":0}},{"type":"Feature","geometry":{"type":"Point","coordinates":[141.6706,-9.154]},"properties":{"d":"2026-09-30","t":"0355","frp":6.5,"b":340.0,"c":1,"s":"N20","n":0}},{"type":"Feature","geometry":{"type":"Point","coordinates":[141.6748,-9.1533]},"properties":{"d":"2026-09-30","t":"0355","frp":6.5,"b":353.6,"c":1,"s":"N20","n":0}},{"type":"Feature","geometry":{"type":"Point","coordinates":[141.6658,-9.1509]},"properties":{"d":"2026-09-30","t":"0355","frp":12.1,"b":344.5,"c":1,"s":"N20","n":0}},{"type":"Feature","geometry":{"type":"Point","coordinates":[141.6743,-9.1497]},"properties":{"d":"2026-09-30","t":"0355","frp":6.1,"b":335.7,"c":1,"s":"N20","n":0}},{"type":"Feature","geometry":{"type":"Point","coordinates":[141.8038,-9.1497]},"properties":{"d":"2026-09-30","t":"0355","frp":21.3,"b":355.8,"c":1,"s":"N20","n":0}},{"type":"Feature","geometry":{"type":"Point","coordinates":[141.661,-9.1479]},"properties":{"d":"2026-09-30","t":"0355","frp":12.1,"b":347.5,"c":0,"s":"N20","n":0}},{"type":"Feature","geometry":{"type":"Point","coordinates":[141.6509,-9.1382]},"properties":{"d":"2026-09-30","t":"0355","frp":14.3,"b":342.0,"c":1,"s":"N20","n":0}},{"type":"Feature","geometry":{"type":"Point","coordinates":[141.6552,-9.1376]},"properties":{"d":"2026-09-30","t":"0355","frp":14.3,"b":350.0,"c":1,"s":"N20","n":0}},{"type":"Feature","geometry":{"type":"Point","coordinates":[141.2003,-9.1354]},"properties":{"d":"2026-09-30","t":"0355","frp":5.6,"b":334.5,"c":0,"s":"N20","n":0}},{"type":"Feature","geometry":{"type":"Point","coordinates":[142.0092,-9.1347]},"properties":{"d":"2026-09-30","t":"0355","frp":7.8,"b":332.8,"c":1,"s":"N20","n":0}},{"type":"Feature","geometry":{"type":"Point","coordinates":[141.5242,-9.134]},"properties":{"d":"2026-09-30","t":"0355","frp":5.4,"b":337.0,"c":0,"s":"N20","n":0}},{"type":"Feature","geometry":{"type":"Point","coordinates":[141.6546,-9.134]},"properties":{"d":"2026-09-30","t":"0355","frp":14.3,"b":338.8,"c":0,"s":"N20","n":0}},{"type":"Feature","geometry":{"type":"Point","coordinates":[141.6556,-9.1334]},"properties":{"d":"2026-09-30","t":"0355","frp":4.1,"b":340.8,"c":1,"s":"N20","n":0}},{"type":"Feature","geometry":{"type":"Point","coordinates":[141.8227,-9.1323]},"properties":{"d":"2026-09-30","t":"0355","frp":6.0,"b":335.5,"c":0,"s":"N20","n":0}},{"type":"Feature","geometry":{"type":"Point","coordinates":[148.9216,-9.1309]},"properties":{"d":"2026-09-30","t":"0355","frp":7.1,"b":338.2,"c":1,"s":"N20","n":0}},{"type":"Feature","geometry":{"type":"Point","coordinates":[141.6551,-9.1298]},"properties":{"d":"2026-09-30","t":"0355","frp":4.1,"b":330.1,"c":0,"s":"N20","n":0}},{"type":"Feature","geometry":{"type":"Point","coordinates":[141.645,-9.1279]},"properties":{"d":"2026-09-30","t":"0355","frp":2.3,"b":334.2,"c":1,"s":"N20","n":0}},{"type":"Feature","geometry":{"type":"Point","coordinates":[141.646,-9.1274]},"properties":{"d":"2026-09-30","t":"0355","frp":17.6,"b":350.4,"c":1,"s":"N20","n":0}},{"type":"Feature","geometry":{"type":"Point","coordinates":[141.6493,-9.1273]},"properties":{"d":"2026-09-30","t":"0355","frp":6.5,"b":334.0,"c":0,"s":"N20","n":0}},{"type":"Feature","geometry":{"type":"Point","coordinates":[148.6257,-9.1245]},"properties":{"d":"2026-09-30","t":"0355","frp":10.1,"b":340.6,"c":1,"s":"N20","n":0}},{"type":"Feature","geometry":{"type":"Point","coordinates":[141.6455,-9.1237]},"properties":{"d":"2026-09-30","t":"0355","frp":17.6,"b":354.2,"c":1,"s":"N20","n":0}},{"type":"Feature","geometry":{"type":"Point","coordinates":[141.645,-9.1201]},"properties":{"d":"2026-09-30","t":"0355","frp":38.4,"b":341.2,"c":1,"s":"N20","n":0}},{"type":"Feature","geometry":{"type":"Point","coordinates":[141.6402,-9.1171]},"properties":{"d":"2026-09-30","t":"0355","frp":38.4,"b":340.9,"c":0,"s":"N20","n":0}},{"type":"Feature","geometry":{"type":"Point","coordinates":[141.1327,-9.1145]},"properties":{"d":"2026-09-30","t":"0355","frp":25.4,"b":355.7,"c":0,"s":"N20","n":0}},{"type":"Feature","geometry":{"type":"Point","coordinates":[141.243,-9.1142]},"properties":{"d":"2026-09-30","t":"0355","frp":7.1,"b":336.5,"c":1,"s":"N20","n":0}},{"type":"Feature","geometry":{"type":"Point","coordinates":[141.6354,-9.1141]},"properties":{"d":"2026-09-30","t":"0355","frp":4.7,"b":332.2,"c":0,"s":"N20","n":0}},{"type":"Feature","geometry":{"type":"Point","coordinates":[141.6397,-9.1134]},"properties":{"d":"2026-09-30","t":"0355","frp":3.6,"b":330.3,"c":0,"s":"N20","n":0}},{"type":"Feature","geometry":{"type":"Point","coordinates":[141.197,-9.1131]},"properties":{"d":"2026-09-30","t":"0355","frp":8.3,"b":349.3,"c":1,"s":"N20","n":0}},{"type":"Feature","geometry":{"type":"Point","coordinates":[141.2245,-9.113]},"properties":{"d":"2026-09-30","t":"0355","frp":15.3,"b":351.4,"c":1,"s":"N20","n":0}},{"type":"Feature","geometry":{"type":"Point","coordinates":[141.3242,-9.1102]},"properties":{"d":"2026-09-30","t":"0355","frp":7.6,"b":338.7,"c":1,"s":"N20","n":0}},{"type":"Feature","geometry":{"type":"Point","coordinates":[141.192,-9.11]},"properties":{"d":"2026-09-30","t":"0355","frp":158.3,"b":367.0,"c":2,"s":"N20","n":0}},{"type":"Feature","geometry":{"type":"Point","coordinates":[141.1965,-9.1093]},"properties":{"d":"2026-09-30","t":"0355","frp":158.3,"b":338.0,"c":1,"s":"N20","n":0}},{"type":"Feature","geometry":{"type":"Point","coordinates":[148.5912,-9.1073]},"properties":{"d":"2026-09-30","t":"0355","frp":21.7,"b":355.3,"c":1,"s":"N20","n":0}},{"type":"Feature","geometry":{"type":"Point","coordinates":[141.2144,-9.1068]},"properties":{"d":"2026-09-30","t":"0355","frp":5.0,"b":330.1,"c":0,"s":"N20","n":0}},{"type":"Feature","geometry":{"type":"Point","coordinates":[141.1915,-9.1062]},"properties":{"d":"2026-09-30","t":"0355","frp":158.3,"b":350.0,"c":1,"s":"N20","n":0}},{"type":"Feature","geometry":{"type":"Point","coordinates":[141.3595,-9.1052]},"properties":{"d":"2026-09-30","t":"0355","frp":5.0,"b":334.1,"c":0,"s":"N20","n":0}},{"type":"Feature","geometry":{"type":"Point","coordinates":[141.1369,-9.0973]},"properties":{"d":"2026-09-30","t":"0355","frp":5.5,"b":338.1,"c":0,"s":"N20","n":0}},{"type":"Feature","geometry":{"type":"Point","coordinates":[141.5497,-9.0967]},"properties":{"d":"2026-09-30","t":"0355","frp":10.4,"b":344.2,"c":0,"s":"N20","n":0}},{"type":"Feature","geometry":{"type":"Point","coordinates":[141.8055,-9.0966]},"properties":{"d":"2026-09-30","t":"0355","frp":6.3,"b":337.5,"c":1,"s":"N20","n":0}},{"type":"Feature","geometry":{"type":"Point","coordinates":[141.554,-9.0961]},"properties":{"d":"2026-09-30","t":"0355","frp":10.4,"b":341.0,"c":0,"s":"N20","n":0}},{"type":"Feature","geometry":{"type":"Point","coordinates":[141.1943,-9.0944]},"properties":{"d":"2026-09-30","t":"0355","frp":61.6,"b":343.8,"c":1,"s":"N20","n":0}},{"type":"Feature","geometry":{"type":"Point","coordinates":[141.1988,-9.0938]},"properties":{"d":"2026-09-30","t":"0355","frp":15.3,"b":355.3,"c":1,"s":"N20","n":0}},{"type":"Feature","geometry":{"type":"Point","coordinates":[141.1914,-9.0931]},"properties":{"d":"2026-09-30","t":"0355","frp":84.4,"b":330.0,"c":0,"s":"N20","n":0}},{"type":"Feature","geometry":{"type":"Point","coordinates":[141.1959,-9.0925]},"properties":{"d":"2026-09-30","t":"0355","frp":84.4,"b":345.9,"c":1,"s":"N20","n":0}},{"type":"Feature","geometry":{"type":"Point","coordinates":[141.6584,-9.0921]},"properties":{"d":"2026-09-30","t":"0355","frp":8.2,"b":332.4,"c":0,"s":"N20","n":0}},{"type":"Feature","geometry":{"type":"Point","coordinates":[141.1938,-9.0907]},"properties":{"d":"2026-09-30","t":"0355","frp":61.6,"b":349.3,"c":1,"s":"N20","n":0}},{"type":"Feature","geometry":{"type":"Point","coordinates":[141.6536,-9.0891]},"properties":{"d":"2026-09-30","t":"0355","frp":5.4,"b":335.7,"c":1,"s":"N20","n":0}},{"type":"Feature","geometry":{"type":"Point","coordinates":[141.5043,-9.0882]},"properties":{"d":"2026-09-30","t":"0355","frp":7.5,"b":336.0,"c":0,"s":"N20","n":0}},{"type":"Feature","geometry":{"type":"Point","coordinates":[141.1887,-9.0876]},"properties":{"d":"2026-09-30","t":"0355","frp":29.1,"b":336.0,"c":0,"s":"N20","n":0}},{"type":"Feature","geometry":{"type":"Point","coordinates":[141.1932,-9.087]},"properties":{"d":"2026-09-30","t":"0355","frp":29.1,"b":334.1,"c":0,"s":"N20","n":0}},{"type":"Feature","geometry":{"type":"Point","coordinates":[141.3519,-9.0836]},"properties":{"d":"2026-09-30","t":"0355","frp":3.8,"b":331.2,"c":0,"s":"N20","n":0}},{"type":"Feature","geometry":{"type":"Point","coordinates":[141.3607,-9.0824]},"properties":{"d":"2026-09-30","t":"0355","frp":5.0,"b":341.8,"c":1,"s":"N20","n":0}},{"type":"Feature","geometry":{"type":"Point","coordinates":[141.3513,-9.0799]},"properties":{"d":"2026-09-30","t":"0355","frp":9.0,"b":346.8,"c":1,"s":"N20","n":0}},{"type":"Feature","geometry":{"type":"Point","coordinates":[141.3602,-9.0787]},"properties":{"d":"2026-09-30","t":"0355","frp":8.1,"b":337.0,"c":1,"s":"N20","n":0}},{"type":"Feature","geometry":{"type":"Point","coordinates":[140.9611,-9.0767]},"properties":{"d":"2026-09-30","t":"0355","frp":6.6,"b":331.3,"c":1,"s":"N20","n":0}},{"type":"Feature","geometry":{"type":"Point","coordinates":[148.5814,-9.0748]},"properties":{"d":"2026-09-30","t":"0355","frp":5.2,"b":332.7,"c":1,"s":"N20","n":0}},{"type":"Feature","geometry":{"type":"Point","coordinates":[141.3547,-9.0719]},"properties":{"d":"2026-09-30","t":"0355","frp":10.9,"b":335.3,"c":0,"s":"N20","n":0}},{"type":"Feature","geometry":{"type":"Point","coordinates":[147.088,-9.0717]},"properties":{"d":"2026-09-30","t":"0355","frp":4.2,"b":334.0,"c":1,"s":"N20","n":0}},{"type":"Feature","geometry":{"type":"Point","coordinates":[141.3516,-9.0697]},"properties":{"d":"2026-09-30","t":"0355","frp":33.0,"b":349.5,"c":1,"s":"N20","n":0}},{"type":"Feature","geometry":{"type":"Point","coordinates":[141.1189,-9.0694]},"properties":{"d":"2026-09-30","t":"0355","frp":8.5,"b":345.7,"c":1,"s":"N20","n":0}},{"type":"Feature","geometry":{"type":"Point","coordinates":[141.3497,-9.0688]},"properties":{"d":"2026-09-30","t":"0355","frp":10.9,"b":337.8,"c":0,"s":"N20","n":0}},{"type":"Feature","geometry":{"type":"Point","coordinates":[141.1003,-9.0682]},"properties":{"d":"2026-09-30","t":"0355","frp":6.8,"b":347.9,"c":1,"s":"N20","n":0}},{"type":"Feature","geometry":{"type":"Point","coordinates":[141.3541,-9.0682]},"properties":{"d":"2026-09-30","t":"0355","frp":10.9,"b":334.8,"c":0,"s":"N20","n":0}},{"type":"Feature","geometry":{"type":"Point","coordinates":[141.3466,-9.0666]},"properties":{"d":"2026-09-30","t":"0355","frp":15.0,"b":330.9,"c":0,"s":"N20","n":0}},{"type":"Feature","geometry":{"type":"Point","coordinates":[141.351,-9.066]},"properties":{"d":"2026-09-30","t":"0355","frp":33.0,"b":344.5,"c":1,"s":"N20","n":0}},{"type":"Feature","geometry":{"type":"Point","coordinates":[141.3492,-9.0651]},"properties":{"d":"2026-09-30","t":"0355","frp":19.9,"b":335.4,"c":0,"s":"N20","n":0}},{"type":"Feature","geometry":{"type":"Point","coordinates":[141.3536,-9.0645]},"properties":{"d":"2026-09-30","t":"0355","frp":19.9,"b":346.1,"c":1,"s":"N20","n":0}},{"type":"Feature","geometry":{"type":"Point","coordinates":[141.3461,-9.0629]},"properties":{"d":"2026-09-30","t":"0355","frp":16.7,"b":336.8,"c":0,"s":"N20","n":0}},{"type":"Feature","geometry":{"type":"Point","coordinates":[141.3505,-9.0623]},"properties":{"d":"2026-09-30","t":"0355","frp":9.8,"b":351.5,"c":1,"s":"N20","n":0}},{"type":"Feature","geometry":{"type":"Point","coordinates":[141.3712,-9.062]},"properties":{"d":"2026-09-30","t":"0355","frp":23.6,"b":337.6,"c":0,"s":"N20","n":0}},{"type":"Feature","geometry":{"type":"Point","coordinates":[141.3549,-9.0616]},"properties":{"d":"2026-09-30","t":"0355","frp":9.8,"b":335.3,"c":0,"s":"N20","n":0}},{"type":"Feature","geometry":{"type":"Point","coordinates":[141.3486,-9.0615]},"properties":{"d":"2026-09-30","t":"0355","frp":19.9,"b":355.0,"c":1,"s":"N20","n":0}},{"type":"Feature","geometry":{"type":"Point","coordinates":[141.3531,-9.0608]},"properties":{"d":"2026-09-30","t":"0355","frp":19.9,"b":348.0,"c":1,"s":"N20","n":0}},{"type":"Feature","geometry":{"type":"Point","coordinates":[141.3681,-9.0597]},"properties":{"d":"2026-09-30","t":"0355","frp":21.2,"b":349.3,"c":0,"s":"N20","n":0}},{"type":"Feature","geometry":{"type":"Point","coordinates":[141.35,-9.0586]},"properties":{"d":"2026-09-30","t":"0355","frp":9.8,"b":349.7,"c":1,"s":"N20","n":0}},{"type":"Feature","geometry":{"type":"Point","coordinates":[141.3544,-9.0579]},"properties":{"d":"2026-09-30","t":"0355","frp":9.8,"b":338.4,"c":0,"s":"N20","n":0}},{"type":"Feature","geometry":{"type":"Point","coordinates":[141.3494,-9.0549]},"properties":{"d":"2026-09-30","t":"0355","frp":19.4,"b":346.7,"c":1,"s":"N20","n":0}},{"type":"Feature","geometry":{"type":"Point","coordinates":[149.2944,-9.053]},"properties":{"d":"2026-09-30","t":"0355","frp":2.4,"b":333.3,"c":1,"s":"N20","n":0}},{"type":"Feature","geometry":{"type":"Point","coordinates":[146.792,-9.0488]},"properties":{"d":"2026-09-30","t":"0355","frp":4.7,"b":336.4,"c":1,"s":"N20","n":0}},{"type":"Feature","geometry":{"type":"Point","coordinates":[146.8719,-9.0466]},"properties":{"d":"2026-09-30","t":"0355","frp":6.5,"b":347.1,"c":1,"s":"N20","n":0}},{"type":"Feature","geometry":{"type":"Point","coordinates":[141.9002,-9.046]},"properties":{"d":"2026-09-30","t":"0355","frp":20.6,"b":345.0,"c":1,"s":"N20","n":0}},{"type":"Feature","geometry":{"type":"Point","coordinates":[147.0979,-9.0355]},"properties":{"d":"2026-09-30","t":"0355","frp":5.0,"b":331.6,"c":0,"s":"N20","n":0}},{"type":"Feature","geometry":{"type":"Point","coordinates":[141.2026,-9.0117]},"properties":{"d":"2026-09-30","t":"0355","frp":5.8,"b":335.4,"c":1,"s":"N20","n":0}},{"type":"Feature","geometry":{"type":"Point","coordinates":[141.1975,-9.0086]},"properties":{"d":"2026-09-30","t":"0355","frp":11.5,"b":343.4,"c":1,"s":"N20","n":0}},{"type":"Feature","geometry":{"type":"Point","coordinates":[141.0169,-9.0072]},"properties":{"d":"2026-09-30","t":"0355","frp":5.8,"b":336.8,"c":0,"s":"N20","n":0}},{"type":"Feature","geometry":{"type":"Point","coordinates":[141.0728,-9.0071]},"properties":{"d":"2026-09-30","t":"0355","frp":2.7,"b":330.5,"c":0,"s":"N20","n":0}},{"type":"Feature","geometry":{"type":"Point","coordinates":[141.0177,-9.0066]},"properties":{"d":"2026-09-30","t":"0355","frp":15.4,"b":346.9,"c":1,"s":"N20","n":0}},{"type":"Feature","geometry":{"type":"Point","coordinates":[141.0163,-9.0035]},"properties":{"d":"2026-09-30","t":"0355","frp":5.9,"b":335.9,"c":0,"s":"N20","n":0}},{"type":"Feature","geometry":{"type":"Point","coordinates":[138.7488,-35.0804]},"properties":{"d":"2026-09-30","t":"0529","frp":6.7,"b":339.6,"c":1,"s":"N20","n":0}},{"type":"Feature","geometry":{"type":"Point","coordinates":[114.2722,-28.2006]},"properties":{"d":"2026-09-30","t":"0533","frp":1.8,"b":334.1,"c":1,"s":"N20","n":0}},{"type":"Feature","geometry":{"type":"Point","coordinates":[120.4346,-26.7328]},"properties":{"d":"2026-09-30","t":"0533","frp":7.5,"b":336.9,"c":0,"s":"N20","n":0}},{"type":"Feature","geometry":{"type":"Point","coordinates":[134.6195,-23.6468]},"properties":{"d":"2026-09-30","t":"0533","frp":9.0,"b":333.0,"c":1,"s":"N20","n":0}},{"type":"Feature","geometry":{"type":"Point","coordinates":[134.6203,-23.6464]},"properties":{"d":"2026-09-30","t":"0533","frp":8.8,"b":346.2,"c":1,"s":"N20","n":0}},{"type":"Feature","geometry":{"type":"Point","coordinates":[134.6239,-23.6458]},"properties":{"d":"2026-09-30","t":"0533","frp":9.0,"b":367.0,"c":2,"s":"N20","n":0}},{"type":"Feature","geometry":{"type":"Point","coordinates":[134.6247,-23.6453]},"properties":{"d":"2026-09-30","t":"0533","frp":8.8,"b":367.0,"c":2,"s":"N20","n":0}},{"type":"Feature","geometry":{"type":"Point","coordinates":[134.6132,-23.6422]},"properties":{"d":"2026-09-30","t":"0533","frp":7.5,"b":343.2,"c":1,"s":"N20","n":0}},{"type":"Feature","geometry":{"type":"Point","coordinates":[134.6178,-23.6411]},"properties":{"d":"2026-09-30","t":"0533","frp":5.7,"b":340.1,"c":1,"s":"N20","n":0}},{"type":"Feature","geometry":{"type":"Point","coordinates":[128.8123,-23.1429]},"properties":{"d":"2026-09-30","t":"0533","frp":8.1,"b":347.4,"c":1,"s":"N20","n":0}},{"type":"Feature","geometry":{"type":"Point","coordinates":[128.7995,-23.1411]},"properties":{"d":"2026-09-30","t":"0533","frp":10.2,"b":338.0,"c":1,"s":"N20","n":0}},{"type":"Feature","geometry":{"type":"Point","coordinates":[128.8034,-23.1404]},"properties":{"d":"2026-09-30","t":"0533","frp":13.7,"b":352.1,"c":1,"s":"N20","n":0}},{"type":"Feature","geometry":{"type":"Point","coordinates":[128.7946,-23.1378]},"properties":{"d":"2026-09-30","t":"0533","frp":10.2,"b":354.3,"c":1,"s":"N20","n":0}},{"type":"Feature","geometry":{"type":"Point","coordinates":[128.7986,-23.137]},"properties":{"d":"2026-09-30","t":"0533","frp":10.2,"b":354.9,"c":1,"s":"N20","n":0}},{"type":"Feature","geometry":{"type":"Point","coordinates":[130.2901,-22.6844]},"properties":{"d":"2026-09-30","t":"0533","frp":26.0,"b":342.9,"c":1,"s":"N20","n":0}},{"type":"Feature","geometry":{"type":"Point","coordinates":[130.289,-22.6799]},"properties":{"d":"2026-09-30","t":"0533","frp":26.0,"b":354.3,"c":1,"s":"N20","n":0}},{"type":"Feature","geometry":{"type":"Point","coordinates":[130.283,-22.6764]},"properties":{"d":"2026-09-30","t":"0533","frp":79.7,"b":367.0,"c":2,"s":"N20","n":0}},{"type":"Feature","geometry":{"type":"Point","coordinates":[131.4247,-22.5269]},"properties":{"d":"2026-09-30","t":"0533","frp":12.3,"b":354.7,"c":1,"s":"N20","n":0}},{"type":"Feature","geometry":{"type":"Point","coordinates":[131.4278,-22.5244]},"properties":{"d":"2026-09-30","t":"0533","frp":22.8,"b":341.7,"c":1,"s":"N20","n":0}},{"type":"Feature","geometry":{"type":"Point","coordinates":[131.4236,-22.522]},"properties":{"d":"2026-09-30","t":"0533","frp":12.3,"b":343.0,"c":1,"s":"N20","n":0}},{"type":"Feature","geometry":{"type":"Point","coordinates":[131.4294,-22.5208]},"properties":{"d":"2026-09-30","t":"0533","frp":13.1,"b":342.1,"c":1,"s":"N20","n":0}},{"type":"Feature","geometry":{"type":"Point","coordinates":[131.4266,-22.5196]},"properties":{"d":"2026-09-30","t":"0533","frp":17.7,"b":349.7,"c":1,"s":"N20","n":0}},{"type":"Feature","geometry":{"type":"Point","coordinates":[131.5561,-22.5038]},"properties":{"d":"2026-09-30","t":"0533","frp":17.8,"b":345.2,"c":1,"s":"N20","n":0}},{"type":"Feature","geometry":{"type":"Point","coordinates":[131.5536,-22.5035]},"properties":{"d":"2026-09-30","t":"0533","frp":27.9,"b":346.1,"c":1,"s":"N20","n":0}},{"type":"Feature","geometry":{"type":"Point","coordinates":[131.5621,-22.5026]},"properties":{"d":"2026-09-30","t":"0533","frp":14.3,"b":343.5,"c":1,"s":"N20","n":0}},{"type":"Feature","geometry":{"type":"Point","coordinates":[131.5595,-22.5023]},"properties":{"d":"2026-09-30","t":"0533","frp":27.9,"b":349.0,"c":1,"s":"N20","n":0}},{"type":"Feature","geometry":{"type":"Point","coordinates":[131.5549,-22.499]},"properties":{"d":"2026-09-30","t":"0533","frp":143.0,"b":352.0,"c":1,"s":"N20","n":0}},{"type":"Feature","geometry":{"type":"Point","coordinates":[131.4365,-22.4988]},"properties":{"d":"2026-09-30","t":"0533","frp":9.2,"b":346.3,"c":1,"s":"N20","n":0}},{"type":"Feature","geometry":{"type":"Point","coordinates":[131.5523,-22.4986]},"properties":{"d":"2026-09-30","t":"0533","frp":27.9,"b":343.2,"c":1,"s":"N20","n":0}},{"type":"Feature","geometry":{"type":"Point","coordinates":[131.4424,-22.4975]},"properties":{"d":"2026-09-30","t":"0533","frp":9.2,"b":348.9,"c":1,"s":"N20","n":0}},{"type":"Feature","geometry":{"type":"Point","coordinates":[131.5584,-22.4973]},"properties":{"d":"2026-09-30","t":"0533","frp":27.9,"b":342.6,"c":1,"s":"N20","n":0}},{"type":"Feature","geometry":{"type":"Point","coordinates":[131.4395,-22.4964]},"properties":{"d":"2026-09-30","t":"0533","frp":19.7,"b":355.4,"c":1,"s":"N20","n":0}},{"type":"Feature","geometry":{"type":"Point","coordinates":[131.5512,-22.4937]},"properties":{"d":"2026-09-30","t":"0533","frp":81.5,"b":342.1,"c":1,"s":"N20","n":0}},{"type":"Feature","geometry":{"type":"Point","coordinates":[131.5597,-22.4928]},"properties":{"d":"2026-09-30","t":"0533","frp":78.2,"b":343.2,"c":1,"s":"N20","n":0}},{"type":"Feature","geometry":{"type":"Point","coordinates":[131.5525,-22.4891]},"properties":{"d":"2026-09-30","t":"0533","frp":104.4,"b":350.4,"c":1,"s":"N20","n":0}},{"type":"Feature","geometry":{"type":"Point","coordinates":[131.55,-22.4888]},"properties":{"d":"2026-09-30","t":"0533","frp":81.5,"b":348.9,"c":1,"s":"N20","n":0}},{"type":"Feature","geometry":{"type":"Point","coordinates":[131.5559,-22.4875]},"properties":{"d":"2026-09-30","t":"0533","frp":81.5,"b":342.4,"c":1,"s":"N20","n":0}},{"type":"Feature","geometry":{"type":"Point","coordinates":[131.5454,-22.4855]},"properties":{"d":"2026-09-30","t":"0533","frp":104.4,"b":346.6,"c":1,"s":"N20","n":0}},{"type":"Feature","geometry":{"type":"Point","coordinates":[131.449,-22.4842]},"properties":{"d":"2026-09-30","t":"0533","frp":17.2,"b":350.8,"c":1,"s":"N20","n":0}},{"type":"Feature","geometry":{"type":"Point","coordinates":[131.5488,-22.4839]},"properties":{"d":"2026-09-30","t":"0533","frp":221.3,"b":367.0,"c":2,"s":"N20","n":0}},{"type":"Feature","geometry":{"type":"Point","coordinates":[131.5548,-22.4826]},"properties":{"d":"2026-09-30","t":"0533","frp":221.3,"b":346.7,"c":1,"s":"N20","n":0}},{"type":"Feature","geometry":{"type":"Point","coordinates":[131.5442,-22.4806]},"properties":{"d":"2026-09-30","t":"0533","frp":180.2,"b":345.3,"c":1,"s":"N20","n":0}},{"type":"Feature","geometry":{"type":"Point","coordinates":[131.5502,-22.4793]},"properties":{"d":"2026-09-30","t":"0533","frp":180.2,"b":367.0,"c":2,"s":"N20","n":0}},{"type":"Feature","geometry":{"type":"Point","coordinates":[131.5476,-22.479]},"properties":{"d":"2026-09-30","t":"0533","frp":221.3,"b":367.0,"c":2,"s":"N20","n":0}},{"type":"Feature","geometry":{"type":"Point","coordinates":[131.5562,-22.478]},"properties":{"d":"2026-09-30","t":"0533","frp":143.6,"b":346.7,"c":1,"s":"N20","n":0}},{"type":"Feature","geometry":{"type":"Point","coordinates":[131.5536,-22.4777]},"properties":{"d":"2026-09-30","t":"0533","frp":221.3,"b":348.8,"c":1,"s":"N20","n":0}},{"type":"Feature","geometry":{"type":"Point","coordinates":[131.4596,-22.4769]},"properties":{"d":"2026-09-30","t":"0533","frp":8.0,"b":345.1,"c":1,"s":"N20","n":0}},{"type":"Feature","geometry":{"type":"Point","coordinates":[131.543,-22.4757]},"properties":{"d":"2026-09-30","t":"0533","frp":180.2,"b":348.3,"c":1,"s":"N20","n":0}},{"type":"Feature","geometry":{"type":"Point","coordinates":[131.549,-22.4744]},"properties":{"d":"2026-09-30","t":"0533","frp":180.2,"b":367.0,"c":2,"s":"N20","n":0}},{"type":"Feature","geometry":{"type":"Point","coordinates":[131.5464,-22.4741]},"properties":{"d":"2026-09-30","t":"0533","frp":118.4,"b":367.0,"c":2,"s":"N20","n":0}},{"type":"Feature","geometry":{"type":"Point","coordinates":[131.5524,-22.4728]},"properties":{"d":"2026-09-30","t":"0533","frp":118.4,"b":339.7,"c":1,"s":"N20","n":0}},{"type":"Feature","geometry":{"type":"Point","coordinates":[132.3462,-22.3863]},"properties":{"d":"2026-09-30","t":"0533","frp":9.4,"b":367.0,"c":2,"s":"N20","n":0}},{"type":"Feature","geometry":{"type":"Point","coordinates":[132.3414,-22.3819]},"properties":{"d":"2026-09-30","t":"0533","frp":9.6,"b":367.0,"c":2,"s":"N20","n":0}},{"type":"Feature","geometry":{"type":"Point","coordinates":[132.3448,-22.3811]},"properties":{"d":"2026-09-30","t":"0533","frp":17.2,"b":356.1,"c":1,"s":"N20","n":0}},{"type":"Feature","geometry":{"type":"Point","coordinates":[132.0518,-22.1778]},"properties":{"d":"2026-09-30","t":"0533","frp":12.5,"b":341.7,"c":1,"s":"N20","n":0}},{"type":"Feature","geometry":{"type":"Point","coordinates":[132.0551,-22.1771]},"properties":{"d":"2026-09-30","t":"0533","frp":16.1,"b":349.7,"c":1,"s":"N20","n":0}},{"type":"Feature","geometry":{"type":"Point","coordinates":[132.0584,-22.1764]},"properties":{"d":"2026-09-30","t":"0533","frp":16.1,"b":367.0,"c":2,"s":"N20","n":0}},{"type":"Feature","geometry":{"type":"Point","coordinates":[132.0442,-22.1741]},"properties":{"d":"2026-09-30","t":"0533","frp":8.4,"b":367.0,"c":2,"s":"N20","n":0}},{"type":"Feature","geometry":{"type":"Point","coordinates":[132.0474,-22.1734]},"properties":{"d":"2026-09-30","t":"0533","frp":31.6,"b":351.9,"c":1,"s":"N20","n":0}},{"type":"Feature","geometry":{"type":"Point","coordinates":[132.0401,-22.1729]},"properties":{"d":"2026-09-30","t":"0533","frp":5.1,"b":340.0,"c":1,"s":"N20","n":0}},{"type":"Feature","geometry":{"type":"Point","coordinates":[132.0507,-22.1727]},"properties":{"d":"2026-09-30","t":"0533","frp":31.6,"b":351.5,"c":1,"s":"N20","n":0}},{"type":"Feature","geometry":{"type":"Point","coordinates":[132.0433,-22.1722]},"properties":{"d":"2026-09-30","t":"0533","frp":12.6,"b":367.0,"c":2,"s":"N20","n":0}},{"type":"Feature","geometry":{"type":"Point","coordinates":[132.0539,-22.172]},"properties":{"d":"2026-09-30","t":"0533","frp":18.4,"b":367.0,"c":2,"s":"N20","n":0}},{"type":"Feature","geometry":{"type":"Point","coordinates":[132.0465,-22.1716]},"properties":{"d":"2026-09-30","t":"0533","frp":12.6,"b":367.0,"c":2,"s":"N20","n":0}},{"type":"Feature","geometry":{"type":"Point","coordinates":[132.0332,-22.1712]},"properties":{"d":"2026-09-30","t":"0533","frp":3.8,"b":339.9,"c":0,"s":"N20","n":0}},{"type":"Feature","geometry":{"type":"Point","coordinates":[132.0258,-22.1706]},"properties":{"d":"2026-09-30","t":"0533","frp":5.1,"b":335.0,"c":0,"s":"N20","n":0}},{"type":"Feature","geometry":{"type":"Point","coordinates":[132.0365,-22.1705]},"properties":{"d":"2026-09-30","t":"0533","frp":3.8,"b":340.4,"c":1,"s":"N20","n":0}},{"type":"Feature","geometry":{"type":"Point","coordinates":[132.0397,-22.1698]},"properties":{"d":"2026-09-30","t":"0533","frp":8.4,"b":367.0,"c":2,"s":"N20","n":0}},{"type":"Feature","geometry":{"type":"Point","coordinates":[132.0324,-22.1692]},"properties":{"d":"2026-09-30","t":"0533","frp":6.6,"b":339.5,"c":1,"s":"N20","n":0}},{"type":"Feature","geometry":{"type":"Point","coordinates":[132.043,-22.169]},"properties":{"d":"2026-09-30","t":"0533","frp":8.4,"b":351.8,"c":1,"s":"N20","n":0}},{"type":"Feature","geometry":{"type":"Point","coordinates":[132.019,-22.1689]},"properties":{"d":"2026-09-30","t":"0533","frp":4.9,"b":341.4,"c":1,"s":"N20","n":0}},{"type":"Feature","geometry":{"type":"Point","coordinates":[132.0356,-22.1685]},"properties":{"d":"2026-09-30","t":"0533","frp":5.1,"b":338.2,"c":1,"s":"N20","n":0}},{"type":"Feature","geometry":{"type":"Point","coordinates":[132.0389,-22.1678]},"properties":{"d":"2026-09-30","t":"0533","frp":5.1,"b":350.4,"c":1,"s":"N20","n":0}},{"type":"Feature","geometry":{"type":"Point","coordinates":[132.0181,-22.1669]},"properties":{"d":"2026-09-30","t":"0533","frp":3.6,"b":339.1,"c":0,"s":"N20","n":0}},{"type":"Feature","geometry":{"type":"Point","coordinates":[132.0214,-22.1662]},"properties":{"d":"2026-09-30","t":"0533","frp":3.2,"b":338.0,"c":1,"s":"N20","n":0}},{"type":"Feature","geometry":{"type":"Point","coordinates":[133.3815,-22.0607]},"properties":{"d":"2026-09-30","t":"0533","frp":27.2,"b":343.4,"c":1,"s":"N20","n":0}},{"type":"Feature","geometry":{"type":"Point","coordinates":[133.3854,-22.0598]},"properties":{"d":"2026-09-30","t":"0533","frp":27.2,"b":352.2,"c":1,"s":"N20","n":0}},{"type":"Feature","geometry":{"type":"Point","coordinates":[133.3894,-22.0589]},"properties":{"d":"2026-09-30","t":"0533","frp":21.1,"b":367.0,"c":2,"s":"N20","n":0}},{"type":"Feature","geometry":{"type":"Point","coordinates":[133.3934,-22.0581]},"properties":{"d":"2026-09-30","t":"0533","frp":21.1,"b":367.0,"c":2,"s":"N20","n":0}},{"type":"Feature","geometry":{"type":"Point","coordinates":[133.3974,-22.0572]},"properties":{"d":"2026-09-30","t":"0533","frp":18.1,"b":356.0,"c":1,"s":"N20","n":0}},{"type":"Feature","geometry":{"type":"Point","coordinates":[133.4013,-22.0563]},"properties":{"d":"2026-09-30","t":"0533","frp":18.1,"b":355.2,"c":1,"s":"N20","n":0}},{"type":"Feature","geometry":{"type":"Point","coordinates":[133.4053,-22.0554]},"properties":{"d":"2026-09-30","t":"0533","frp":10.9,"b":353.9,"c":1,"s":"N20","n":0}},{"type":"Feature","geometry":{"type":"Point","coordinates":[133.3841,-22.0543]},"properties":{"d":"2026-09-30","t":"0533","frp":15.3,"b":367.0,"c":2,"s":"N20","n":0}},{"type":"Feature","geometry":{"type":"Point","coordinates":[133.388,-22.0534]},"properties":{"d":"2026-09-30","t":"0533","frp":10.2,"b":367.0,"c":2,"s":"N20","n":0}},{"type":"Feature","geometry":{"type":"Point","coordinates":[133.392,-22.0525]},"properties":{"d":"2026-09-30","t":"0533","frp":10.2,"b":344.5,"c":1,"s":"N20","n":0}},{"type":"Feature","geometry":{"type":"Point","coordinates":[133.396,-22.0516]},"properties":{"d":"2026-09-30","t":"0533","frp":5.3,"b":338.4,"c":1,"s":"N20","n":0}},{"type":"Feature","geometry":{"type":"Point","coordinates":[133.3999,-22.0508]},"properties":{"d":"2026-09-30","t":"0533","frp":5.3,"b":338.4,"c":1,"s":"N20","n":0}},{"type":"Feature","geometry":{"type":"Point","coordinates":[133.4039,-22.0499]},"properties":{"d":"2026-09-30","t":"0533","frp":7.5,"b":367.0,"c":2,"s":"N20","n":0}},{"type":"Feature","geometry":{"type":"Point","coordinates":[133.4411,-22.0474]},"properties":{"d":"2026-09-30","t":"0533","frp":36.2,"b":349.7,"c":1,"s":"N20","n":0}},{"type":"Feature","geometry":{"type":"Point","coordinates":[133.3906,-22.047]},"properties":{"d":"2026-09-30","t":"0533","frp":10.2,"b":346.1,"c":1,"s":"N20","n":0}},{"type":"Feature","geometry":{"type":"Point","coordinates":[133.445,-22.0465]},"properties":{"d":"2026-09-30","t":"0533","frp":19.8,"b":354.4,"c":1,"s":"N20","n":0}},{"type":"Feature","geometry":{"type":"Point","coordinates":[133.3946,-22.0461]},"properties":{"d":"2026-09-30","t":"0533","frp":5.3,"b":347.5,"c":1,"s":"N20","n":0}},{"type":"Feature","geometry":{"type":"Point","coordinates":[133.3986,-22.0452]},"properties":{"d":"2026-09-30","t":"0533","frp":5.3,"b":338.2,"c":1,"s":"N20","n":0}},{"type":"Feature","geometry":{"type":"Point","coordinates":[133.4026,-22.0443]},"properties":{"d":"2026-09-30","t":"0533","frp":7.5,"b":335.2,"c":1,"s":"N20","n":0}},{"type":"Feature","geometry":{"type":"Point","coordinates":[133.4358,-22.0427]},"properties":{"d":"2026-09-30","t":"0533","frp":3.0,"b":335.8,"c":0,"s":"N20","n":0}},{"type":"Feature","geometry":{"type":"Point","coordinates":[133.4397,-22.0419]},"properties":{"d":"2026-09-30","t":"0533","frp":3.0,"b":342.4,"c":1,"s":"N20","n":0}},{"type":"Feature","geometry":{"type":"Point","coordinates":[133.4344,-22.0372]},"properties":{"d":"2026-09-30","t":"0533","frp":3.0,"b":339.5,"c":1,"s":"N20","n":0}},{"type":"Feature","geometry":{"type":"Point","coordinates":[133.4383,-22.0363]},"properties":{"d":"2026-09-30","t":"0533","frp":3.0,"b":334.0,"c":0,"s":"N20","n":0}},{"type":"Feature","geometry":{"type":"Point","coordinates":[133.4291,-22.0325]},"properties":{"d":"2026-09-30","t":"0533","frp":5.9,"b":338.3,"c":0,"s":"N20","n":0}},{"type":"Feature","geometry":{"type":"Point","coordinates":[131.7004,-21.9683]},"properties":{"d":"2026-09-30","t":"0533","frp":17.6,"b":348.2,"c":1,"s":"N20","n":0}},{"type":"Feature","geometry":{"type":"Point","coordinates":[131.7036,-21.9676]},"properties":{"d":"2026-09-30","t":"0533","frp":14.6,"b":367.0,"c":2,"s":"N20","n":0}},{"type":"Feature","geometry":{"type":"Point","coordinates":[131.6993,-21.9633]},"properties":{"d":"2026-09-30","t":"0533","frp":7.3,"b":341.1,"c":1,"s":"N20","n":0}},{"type":"Feature","geometry":{"type":"Point","coordinates":[131.7024,-21.9627]},"properties":{"d":"2026-09-30","t":"0533","frp":4.9,"b":335.6,"c":1,"s":"N20","n":0}},{"type":"Feature","geometry":{"type":"Point","coordinates":[132.314,-21.8748]},"properties":{"d":"2026-09-30","t":"0533","frp":4.4,"b":333.1,"c":1,"s":"N20","n":0}},{"type":"Feature","geometry":{"type":"Point","coordinates":[132.3175,-21.874]},"properties":{"d":"2026-09-30","t":"0533","frp":4.4,"b":367.0,"c":2,"s":"N20","n":0}},{"type":"Feature","geometry":{"type":"Point","coordinates":[132.3312,-21.8711]},"properties":{"d":"2026-09-30","t":"0533","frp":4.5,"b":334.8,"c":0,"s":"N20","n":0}},{"type":"Feature","geometry":{"type":"Point","coordinates":[132.3231,-21.8673]},"properties":{"d":"2026-09-30","t":"0533","frp":8.1,"b":336.2,"c":0,"s":"N20","n":0}},{"type":"Feature","geometry":{"type":"Point","coordinates":[132.3899,-21.8585]},"properties":{"d":"2026-09-30","t":"0533","frp":5.7,"b":345.9,"c":1,"s":"N20","n":0}},{"type":"Feature","geometry":{"type":"Point","coordinates":[132.3886,-21.8532]},"properties":{"d":"2026-09-30","t":"0533","frp":5.7,"b":356.2,"c":1,"s":"N20","n":0}},{"type":"Feature","geometry":{"type":"Point","coordinates":[132.3873,-21.848]},"properties":{"d":"2026-09-30","t":"0533","frp":3.5,"b":349.2,"c":1,"s":"N20","n":0}},{"type":"Feature","geometry":{"type":"Point","coordinates":[132.3908,-21.8473]},"properties":{"d":"2026-09-30","t":"0533","frp":3.5,"b":339.0,"c":1,"s":"N20","n":0}},{"type":"Feature","geometry":{"type":"Point","coordinates":[132.3861,-21.8428]},"properties":{"d":"2026-09-30","t":"0533","frp":3.5,"b":347.2,"c":1,"s":"N20","n":0}},{"type":"Feature","geometry":{"type":"Point","coordinates":[132.3894,-21.8421]},"properties":{"d":"2026-09-30","t":"0533","frp":3.5,"b":333.8,"c":0,"s":"N20","n":0}},{"type":"Feature","geometry":{"type":"Point","coordinates":[132.3847,-21.8376]},"properties":{"d":"2026-09-30","t":"0533","frp":3.1,"b":348.2,"c":1,"s":"N20","n":0}},{"type":"Feature","geometry":{"type":"Point","coordinates":[132.3835,-21.8324]},"properties":{"d":"2026-09-30","t":"0533","frp":3.1,"b":336.0,"c":0,"s":"N20","n":0}},{"type":"Feature","geometry":{"type":"Point","coordinates":[132.3868,-21.8316]},"properties":{"d":"2026-09-30","t":"0533","frp":3.1,"b":334.8,"c":0,"s":"N20","n":0}},{"type":"Feature","geometry":{"type":"Point","coordinates":[132.381,-21.8219]},"properties":{"d":"2026-09-30","t":"0533","frp":4.1,"b":336.6,"c":0,"s":"N20","n":0}},{"type":"Feature","geometry":{"type":"Point","coordinates":[132.3843,-21.8211]},"properties":{"d":"2026-09-30","t":"0533","frp":4.1,"b":348.7,"c":1,"s":"N20","n":0}},{"type":"Feature","geometry":{"type":"Point","coordinates":[132.3832,-21.8159]},"properties":{"d":"2026-09-30","t":"0533","frp":4.3,"b":343.5,"c":1,"s":"N20","n":0}},{"type":"Feature","geometry":{"type":"Point","coordinates":[132.3785,-21.8114]},"properties":{"d":"2026-09-30","t":"0533","frp":4.3,"b":346.4,"c":1,"s":"N20","n":0}},{"type":"Feature","geometry":{"type":"Point","coordinates":[132.3738,-21.8069]},"properties":{"d":"2026-09-30","t":"0533","frp":3.8,"b":338.4,"c":1,"s":"N20","n":0}},{"type":"Feature","geometry":{"type":"Point","coordinates":[132.3691,-21.8025]},"properties":{"d":"2026-09-30","t":"0533","frp":3.8,"b":355.7,"c":1,"s":"N20","n":0}},{"type":"Feature","geometry":{"type":"Point","coordinates":[132.3644,-21.798]},"properties":{"d":"2026-09-30","t":"0533","frp":4.6,"b":342.0,"c":1,"s":"N20","n":0}},{"type":"Feature","geometry":{"type":"Point","coordinates":[132.3597,-21.7935]},"properties":{"d":"2026-09-30","t":"0533","frp":4.6,"b":348.2,"c":1,"s":"N20","n":0}},{"type":"Feature","geometry":{"type":"Point","coordinates":[132.3515,-21.7898]},"properties":{"d":"2026-09-30","t":"0533","frp":4.4,"b":343.6,"c":1,"s":"N20","n":0}},{"type":"Feature","geometry":{"type":"Point","coordinates":[132.355,-21.789]},"properties":{"d":"2026-09-30","t":"0533","frp":4.4,"b":343.1,"c":1,"s":"N20","n":0}},{"type":"Feature","geometry":{"type":"Point","coordinates":[132.3434,-21.7861]},"properties":{"d":"2026-09-30","t":"0533","frp":7.8,"b":367.0,"c":2,"s":"N20","n":0}},{"type":"Feature","geometry":{"type":"Point","coordinates":[132.3468,-21.7853]},"properties":{"d":"2026-09-30","t":"0533","frp":7.8,"b":355.4,"c":1,"s":"N20","n":0}},{"type":"Feature","geometry":{"type":"Point","coordinates":[127.4317,-21.0315]},"properties":{"d":"2026-09-30","t":"0533","frp":10.5,"b":348.6,"c":1,"s":"N20","n":0}},{"type":"Feature","geometry":{"type":"Point","coordinates":[127.437,-21.0305]},"properties":{"d":"2026-09-30","t":"0533","frp":10.5,"b":340.5,"c":1,"s":"N20","n":0}},{"type":"Feature","geometry":{"type":"Point","coordinates":[127.4086,-21.0277]},"properties":{"d":"2026-09-30","t":"0533","frp":10.3,"b":337.5,"c":0,"s":"N20","n":0}},{"type":"Feature","geometry":{"type":"Point","coordinates":[127.4112,-21.0238]},"properties":{"d":"2026-09-30","t":"0533","frp":9.6,"b":339.6,"c":1,"s":"N20","n":0}},{"type":"Feature","geometry":{"type":"Point","coordinates":[127.4381,-21.019]},"properties":{"d":"2026-09-30","t":"0533","frp":10.6,"b":335.1,"c":0,"s":"N20","n":0}},{"type":"Feature","geometry":{"type":"Point","coordinates":[127.4399,-21.0178]},"properties":{"d":"2026-09-30","t":"0533","frp":6.0,"b":335.3,"c":0,"s":"N20","n":0}},{"type":"Feature","geometry":{"type":"Point","coordinates":[127.4284,-21.0159]},"properties":{"d":"2026-09-30","t":"0533","frp":8.4,"b":342.0,"c":1,"s":"N20","n":0}},{"type":"Feature","geometry":{"type":"Point","coordinates":[127.4257,-21.0131]},"properties":{"d":"2026-09-30","t":"0533","frp":7.0,"b":344.0,"c":1,"s":"N20","n":0}},{"type":"Feature","geometry":{"type":"Point","coordinates":[127.4276,-21.0119]},"properties":{"d":"2026-09-30","t":"0533","frp":8.4,"b":343.6,"c":1,"s":"N20","n":0}},{"type":"Feature","geometry":{"type":"Point","coordinates":[127.4418,-21.0102]},"properties":{"d":"2026-09-30","t":"0533","frp":7.6,"b":339.3,"c":1,"s":"N20","n":0}},{"type":"Feature","geometry":{"type":"Point","coordinates":[127.4248,-21.0092]},"properties":{"d":"2026-09-30","t":"0533","frp":7.0,"b":338.9,"c":1,"s":"N20","n":0}},{"type":"Feature","geometry":{"type":"Point","coordinates":[127.4268,-21.008]},"properties":{"d":"2026-09-30","t":"0533","frp":11.7,"b":344.1,"c":1,"s":"N20","n":0}},{"type":"Feature","geometry":{"type":"Point","coordinates":[127.4232,-21.0013]},"properties":{"d":"2026-09-30","t":"0533","frp":28.3,"b":343.2,"c":1,"s":"N20","n":0}},{"type":"Feature","geometry":{"type":"Point","coordinates":[127.4224,-20.9974]},"properties":{"d":"2026-09-30","t":"0533","frp":111.4,"b":367.0,"c":2,"s":"N20","n":0}},{"type":"Feature","geometry":{"type":"Point","coordinates":[127.4278,-20.9964]},"properties":{"d":"2026-09-30","t":"0533","frp":41.5,"b":338.0,"c":1,"s":"N20","n":0}},{"type":"Feature","geometry":{"type":"Point","coordinates":[127.42,-20.9856]},"properties":{"d":"2026-09-30","t":"0533","frp":14.0,"b":345.3,"c":1,"s":"N20","n":0}},{"type":"Feature","geometry":{"type":"Point","coordinates":[127.4031,-20.9846]},"properties":{"d":"2026-09-30","t":"0533","frp":7.7,"b":337.8,"c":0,"s":"N20","n":0}},{"type":"Feature","geometry":{"type":"Point","coordinates":[127.4084,-20.9837]},"properties":{"d":"2026-09-30","t":"0533","frp":7.7,"b":340.3,"c":1,"s":"N20","n":0}},{"type":"Feature","geometry":{"type":"Point","coordinates":[127.6277,-20.9517]},"properties":{"d":"2026-09-30","t":"0533","frp":3.2,"b":338.1,"c":0,"s":"N20","n":0}},{"type":"Feature","geometry":{"type":"Point","coordinates":[127.6313,-20.951]},"properties":{"d":"2026-09-30","t":"0533","frp":3.2,"b":341.5,"c":1,"s":"N20","n":0}},{"type":"Feature","geometry":{"type":"Point","coordinates":[127.6305,-20.947]},"properties":{"d":"2026-09-30","t":"0533","frp":3.2,"b":344.0,"c":1,"s":"N20","n":0}},{"type":"Feature","geometry":{"type":"Point","coordinates":[127.6342,-20.9464]},"properties":{"d":"2026-09-30","t":"0533","frp":7.3,"b":367.0,"c":2,"s":"N20","n":0}},{"type":"Feature","geometry":{"type":"Point","coordinates":[127.333,-20.9407]},"properties":{"d":"2026-09-30","t":"0533","frp":53.5,"b":340.1,"c":1,"s":"N20","n":0}},{"type":"Feature","geometry":{"type":"Point","coordinates":[127.3322,-20.9368]},"properties":{"d":"2026-09-30","t":"0533","frp":53.5,"b":356.0,"c":1,"s":"N20","n":0}},{"type":"Feature","geometry":{"type":"Point","coordinates":[127.6116,-20.934]},"properties":{"d":"2026-09-30","t":"0533","frp":5.7,"b":334.0,"c":0,"s":"N20","n":0}},{"type":"Feature","geometry":{"type":"Point","coordinates":[127.6162,-20.9332]},"properties":{"d":"2026-09-30","t":"0533","frp":6.6,"b":344.6,"c":1,"s":"N20","n":0}},{"type":"Feature","geometry":{"type":"Point","coordinates":[127.632,-20.9179]},"properties":{"d":"2026-09-30","t":"0533","frp":6.7,"b":345.3,"c":1,"s":"N20","n":0}},{"type":"Feature","geometry":{"type":"Point","coordinates":[127.6356,-20.9172]},"properties":{"d":"2026-09-30","t":"0533","frp":5.5,"b":347.7,"c":1,"s":"N20","n":0}},{"type":"Feature","geometry":{"type":"Point","coordinates":[127.6393,-20.9165]},"properties":{"d":"2026-09-30","t":"0533","frp":5.5,"b":356.3,"c":1,"s":"N20","n":0}},{"type":"Feature","geometry":{"type":"Point","coordinates":[127.643,-20.9158]},"properties":{"d":"2026-09-30","t":"0533","frp":10.9,"b":355.2,"c":1,"s":"N20","n":0}},{"type":"Feature","geometry":{"type":"Point","coordinates":[127.6467,-20.9151]},"properties":{"d":"2026-09-30","t":"0533","frp":10.9,"b":344.9,"c":1,"s":"N20","n":0}},{"type":"Feature","geometry":{"type":"Point","coordinates":[127.6311,-20.9139]},"properties":{"d":"2026-09-30","t":"0533","frp":6.7,"b":344.9,"c":1,"s":"N20","n":0}},{"type":"Feature","geometry":{"type":"Point","coordinates":[127.4884,-20.9117]},"properties":{"d":"2026-09-30","t":"0533","frp":6.2,"b":339.3,"c":1,"s":"N20","n":0}},{"type":"Feature","geometry":{"type":"Point","coordinates":[127.6495,-20.9105]},"properties":{"d":"2026-09-30","t":"0533","frp":2.5,"b":334.3,"c":0,"s":"N20","n":0}},{"type":"Feature","geometry":{"type":"Point","coordinates":[127.4876,-20.9078]},"properties":{"d":"2026-09-30","t":"0533","frp":6.2,"b":348.3,"c":1,"s":"N20","n":0}},{"type":"Feature","geometry":{"type":"Point","coordinates":[127.6487,-20.9065]},"properties":{"d":"2026-09-30","t":"0533","frp":4.2,"b":336.6,"c":0,"s":"N20","n":0}},{"type":"Feature","geometry":{"type":"Point","coordinates":[127.4202,-20.8971]},"properties":{"d":"2026-09-30","t":"0533","frp":12.2,"b":337.1,"c":1,"s":"N20","n":0}},{"type":"Feature","geometry":{"type":"Point","coordinates":[127.4181,-20.8963]},"properties":{"d":"2026-09-30","t":"0533","frp":14.0,"b":338.7,"c":1,"s":"N20","n":0}},{"type":"Feature","geometry":{"type":"Point","coordinates":[127.4921,-20.8922]},"properties":{"d":"2026-09-30","t":"0533","frp":11.3,"b":347.4,"c":1,"s":"N20","n":0}},{"type":"Feature","geometry":{"type":"Point","coordinates":[127.4952,-20.8899]},"properties":{"d":"2026-09-30","t":"0533","frp":5.5,"b":346.6,"c":1,"s":"N20","n":0}},{"type":"Feature","geometry":{"type":"Point","coordinates":[127.4186,-20.8892]},"properties":{"d":"2026-09-30","t":"0533","frp":11.2,"b":339.0,"c":1,"s":"N20","n":0}},{"type":"Feature","geometry":{"type":"Point","coordinates":[127.4967,-20.8873]},"properties":{"d":"2026-09-30","t":"0533","frp":4.4,"b":335.9,"c":1,"s":"N20","n":0}},{"type":"Feature","geometry":{"type":"Point","coordinates":[127.3515,-20.8323]},"properties":{"d":"2026-09-30","t":"0533","frp":18.3,"b":347.0,"c":1,"s":"N20","n":0}},{"type":"Feature","geometry":{"type":"Point","coordinates":[127.3507,-20.8283]},"properties":{"d":"2026-09-30","t":"0533","frp":22.1,"b":345.0,"c":1,"s":"N20","n":0}},{"type":"Feature","geometry":{"type":"Point","coordinates":[127.3395,-20.8107]},"properties":{"d":"2026-09-30","t":"0533","frp":15.3,"b":339.8,"c":1,"s":"N20","n":0}},{"type":"Feature","geometry":{"type":"Point","coordinates":[127.3556,-20.8078]},"properties":{"d":"2026-09-30","t":"0533","frp":16.9,"b":344.3,"c":1,"s":"N20","n":0}},{"type":"Feature","geometry":{"type":"Point","coordinates":[127.3522,-20.8077]},"properties":{"d":"2026-09-30","t":"0533","frp":16.9,"b":342.5,"c":1,"s":"N20","n":0}},{"type":"Feature","geometry":{"type":"Point","coordinates":[127.9306,-20.8037]},"properties":{"d":"2026-09-30","t":"0533","frp":4.6,"b":338.6,"c":1,"s":"N20","n":0}},{"type":"Feature","geometry":{"type":"Point","coordinates":[127.3585,-20.7951]},"properties":{"d":"2026-09-30","t":"0533","frp":11.6,"b":347.8,"c":1,"s":"N20","n":0}},{"type":"Feature","geometry":{"type":"Point","coordinates":[127.8928,-20.756]},"properties":{"d":"2026-09-30","t":"0533","frp":5.2,"b":346.8,"c":1,"s":"N20","n":0}},{"type":"Feature","geometry":{"type":"Point","coordinates":[127.892,-20.7519]},"properties":{"d":"2026-09-30","t":"0533","frp":32.4,"b":356.3,"c":1,"s":"N20","n":0}},{"type":"Feature","geometry":{"type":"Point","coordinates":[127.8911,-20.7479]},"properties":{"d":"2026-09-30","t":"0533","frp":32.4,"b":355.8,"c":1,"s":"N20","n":0}},{"type":"Feature","geometry":{"type":"Point","coordinates":[127.8949,-20.7471]},"properties":{"d":"2026-09-30","t":"0533","frp":17.6,"b":355.8,"c":1,"s":"N20","n":0}},{"type":"Feature","geometry":{"type":"Point","coordinates":[127.8988,-20.7464]},"properties":{"d":"2026-09-30","t":"0533","frp":17.6,"b":367.0,"c":2,"s":"N20","n":0}},{"type":"Feature","geometry":{"type":"Point","coordinates":[127.9026,-20.7457]},"properties":{"d":"2026-09-30","t":"0533","frp":9.7,"b":351.8,"c":1,"s":"N20","n":0}},{"type":"Feature","geometry":{"type":"Point","coordinates":[127.8979,-20.7424]},"properties":{"d":"2026-09-30","t":"0533","frp":59.0,"b":352.7,"c":1,"s":"N20","n":0}},{"type":"Feature","geometry":{"type":"Point","coordinates":[127.9018,-20.7416]},"properties":{"d":"2026-09-30","t":"0533","frp":12.4,"b":351.6,"c":1,"s":"N20","n":0}},{"type":"Feature","geometry":{"type":"Point","coordinates":[127.9056,-20.7409]},"properties":{"d":"2026-09-30","t":"0533","frp":12.4,"b":352.6,"c":1,"s":"N20","n":0}},{"type":"Feature","geometry":{"type":"Point","coordinates":[127.8933,-20.739]},"properties":{"d":"2026-09-30","t":"0533","frp":59.0,"b":367.0,"c":2,"s":"N20","n":0}},{"type":"Feature","geometry":{"type":"Point","coordinates":[127.8971,-20.7383]},"properties":{"d":"2026-09-30","t":"0533","frp":59.0,"b":367.0,"c":2,"s":"N20","n":0}},{"type":"Feature","geometry":{"type":"Point","coordinates":[127.9009,-20.7376]},"properties":{"d":"2026-09-30","t":"0533","frp":12.4,"b":367.0,"c":2,"s":"N20","n":0}},{"type":"Feature","geometry":{"type":"Point","coordinates":[127.9048,-20.7369]},"properties":{"d":"2026-09-30","t":"0533","frp":12.4,"b":349.6,"c":1,"s":"N20","n":0}},{"type":"Feature","geometry":{"type":"Point","coordinates":[127.8924,-20.735]},"properties":{"d":"2026-09-30","t":"0533","frp":140.9,"b":367.0,"c":0,"s":"N20","n":0}},{"type":"Feature","geometry":{"type":"Point","coordinates":[127.8963,-20.7342]},"properties":{"d":"2026-09-30","t":"0533","frp":140.9,"b":367.0,"c":0,"s":"N20","n":0}},{"type":"Feature","geometry":{"type":"Point","coordinates":[127.9201,-20.734]},"properties":{"d":"2026-09-30","t":"0533","frp":8.9,"b":341.9,"c":1,"s":"N20","n":0}},{"type":"Feature","geometry":{"type":"Point","coordinates":[127.9001,-20.7335]},"properties":{"d":"2026-09-30","t":"0533","frp":36.9,"b":350.1,"c":1,"s":"N20","n":0}},{"type":"Feature","geometry":{"type":"Point","coordinates":[127.8954,-20.7302]},"properties":{"d":"2026-09-30","t":"0533","frp":140.9,"b":348.1,"c":1,"s":"N20","n":0}},{"type":"Feature","geometry":{"type":"Point","coordinates":[127.8992,-20.7295]},"properties":{"d":"2026-09-30","t":"0533","frp":36.9,"b":347.3,"c":1,"s":"N20","n":0}},{"type":"Feature","geometry":{"type":"Point","coordinates":[127.9031,-20.7288]},"properties":{"d":"2026-09-30","t":"0533","frp":36.9,"b":340.9,"c":1,"s":"N20","n":0}},{"type":"Feature","geometry":{"type":"Point","coordinates":[129.7478,-20.7141]},"properties":{"d":"2026-09-30","t":"0533","frp":14.5,"b":343.2,"c":1,"s":"N20","n":0}},{"type":"Feature","geometry":{"type":"Point","coordinates":[129.7418,-20.7105]},"properties":{"d":"2026-09-30","t":"0533","frp":10.9,"b":335.6,"c":0,"s":"N20","n":0}},{"type":"Feature","geometry":{"type":"Point","coordinates":[129.7517,-20.7085]},"properties":{"d":"2026-09-30","t":"0533","frp":12.3,"b":344.1,"c":1,"s":"N20","n":0}},{"type":"Feature","geometry":{"type":"Point","coordinates":[129.725,-20.7044]},"properties":{"d":"2026-09-30","t":"0533","frp":6.2,"b":337.7,"c":1,"s":"N20","n":0}},{"type":"Feature","geometry":{"type":"Point","coordinates":[129.7508,-20.704]},"properties":{"d":"2026-09-30","t":"0533","frp":12.3,"b":350.4,"c":1,"s":"N20","n":0}},{"type":"Feature","geometry":{"type":"Point","coordinates":[129.7497,-20.6994]},"properties":{"d":"2026-09-30","t":"0533","frp":33.6,"b":351.6,"c":1,"s":"N20","n":0}},{"type":"Feature","geometry":{"type":"Point","coordinates":[129.7487,-20.6949]},"properties":{"d":"2026-09-30","t":"0533","frp":33.6,"b":347.6,"c":1,"s":"N20","n":0}},{"type":"Feature","geometry":{"type":"Point","coordinates":[129.716,-20.6873]},"properties":{"d":"2026-09-30","t":"0533","frp":6.8,"b":341.4,"c":1,"s":"N20","n":0}},{"type":"Feature","geometry":{"type":"Point","coordinates":[129.7177,-20.6869]},"properties":{"d":"2026-09-30","t":"0533","frp":7.4,"b":350.0,"c":1,"s":"N20","n":0}},{"type":"Feature","geometry":{"type":"Point","coordinates":[129.721,-20.6863]},"properties":{"d":"2026-09-30","t":"0533","frp":6.8,"b":336.3,"c":0,"s":"N20","n":0}},{"type":"Feature","geometry":{"type":"Point","coordinates":[129.7524,-20.6801]},"properties":{"d":"2026-09-30","t":"0533","frp":106.3,"b":343.1,"c":1,"s":"N20","n":0}},{"type":"Feature","geometry":{"type":"Point","coordinates":[129.7398,-20.6777]},"properties":{"d":"2026-09-30","t":"0533","frp":8.8,"b":345.4,"c":1,"s":"N20","n":0}},{"type":"Feature","geometry":{"type":"Point","coordinates":[129.7414,-20.6775]},"properties":{"d":"2026-09-30","t":"0533","frp":12.4,"b":351.1,"c":1,"s":"N20","n":0}},{"type":"Feature","geometry":{"type":"Point","coordinates":[129.7464,-20.6766]},"properties":{"d":"2026-09-30","t":"0533","frp":47.2,"b":349.5,"c":1,"s":"N20","n":0}},{"type":"Feature","geometry":{"type":"Point","coordinates":[129.7497,-20.6757]},"properties":{"d":"2026-09-30","t":"0533","frp":160.0,"b":346.8,"c":1,"s":"N20","n":0}},{"type":"Feature","geometry":{"type":"Point","coordinates":[129.7404,-20.673]},"properties":{"d":"2026-09-30","t":"0533","frp":12.4,"b":340.9,"c":0,"s":"N20","n":0}},{"type":"Feature","geometry":{"type":"Point","coordinates":[129.7437,-20.6722]},"properties":{"d":"2026-09-30","t":"0533","frp":18.5,"b":352.2,"c":1,"s":"N20","n":0}},{"type":"Feature","geometry":{"type":"Point","coordinates":[129.7454,-20.672]},"properties":{"d":"2026-09-30","t":"0533","frp":47.2,"b":351.7,"c":1,"s":"N20","n":0}},{"type":"Feature","geometry":{"type":"Point","coordinates":[129.7487,-20.6712]},"properties":{"d":"2026-09-30","t":"0533","frp":18.5,"b":343.1,"c":1,"s":"N20","n":0}},{"type":"Feature","geometry":{"type":"Point","coordinates":[129.7394,-20.6684]},"properties":{"d":"2026-09-30","t":"0533","frp":11.1,"b":344.7,"c":1,"s":"N20","n":0}},{"type":"Feature","geometry":{"type":"Point","coordinates":[129.7427,-20.6676]},"properties":{"d":"2026-09-30","t":"0533","frp":18.5,"b":355.6,"c":1,"s":"N20","n":0}},{"type":"Feature","geometry":{"type":"Point","coordinates":[129.7444,-20.6675]},"properties":{"d":"2026-09-30","t":"0533","frp":10.1,"b":344.1,"c":1,"s":"N20","n":0}},{"type":"Feature","geometry":{"type":"Point","coordinates":[129.7384,-20.6639]},"properties":{"d":"2026-09-30","t":"0533","frp":11.1,"b":343.3,"c":1,"s":"N20","n":0}},{"type":"Feature","geometry":{"type":"Point","coordinates":[129.7434,-20.6629]},"properties":{"d":"2026-09-30","t":"0533","frp":10.1,"b":343.1,"c":1,"s":"N20","n":0}},{"type":"Feature","geometry":{"type":"Point","coordinates":[129.7374,-20.6593]},"properties":{"d":"2026-09-30","t":"0533","frp":9.7,"b":346.6,"c":1,"s":"N20","n":0}},{"type":"Feature","geometry":{"type":"Point","coordinates":[129.8343,-20.6585]},"properties":{"d":"2026-09-30","t":"0533","frp":90.0,"b":317.0,"c":0,"s":"N20","n":0}},{"type":"Feature","geometry":{"type":"Point","coordinates":[129.8393,-20.6575]},"properties":{"d":"2026-09-30","t":"0533","frp":90.0,"b":346.6,"c":1,"s":"N20","n":0}},{"type":"Feature","geometry":{"type":"Point","coordinates":[129.7364,-20.6548]},"properties":{"d":"2026-09-30","t":"0533","frp":9.7,"b":367.0,"c":2,"s":"N20","n":0}},{"type":"Feature","geometry":{"type":"Point","coordinates":[129.8333,-20.6539]},"properties":{"d":"2026-09-30","t":"0533","frp":36.3,"b":352.4,"c":1,"s":"N20","n":0}},{"type":"Feature","geometry":{"type":"Point","coordinates":[129.8402,-20.6534]},"properties":{"d":"2026-09-30","t":"0533","frp":262.6,"b":346.1,"c":1,"s":"N20","n":0}},{"type":"Feature","geometry":{"type":"Point","coordinates":[129.8383,-20.6529]},"properties":{"d":"2026-09-30","t":"0533","frp":36.3,"b":352.7,"c":1,"s":"N20","n":0}},{"type":"Feature","geometry":{"type":"Point","coordinates":[129.8392,-20.6488]},"properties":{"d":"2026-09-30","t":"0533","frp":6.3,"b":343.1,"c":1,"s":"N20","n":0}},{"type":"Feature","geometry":{"type":"Point","coordinates":[129.8373,-20.6483]},"properties":{"d":"2026-09-30","t":"0533","frp":36.3,"b":338.5,"c":1,"s":"N20","n":0}},{"type":"Feature","geometry":{"type":"Point","coordinates":[129.8382,-20.6442]},"properties":{"d":"2026-09-30","t":"0533","frp":6.3,"b":347.0,"c":1,"s":"N20","n":0}},{"type":"Feature","geometry":{"type":"Point","coordinates":[129.7165,-20.635]},"properties":{"d":"2026-09-30","t":"0533","frp":15.4,"b":342.4,"c":1,"s":"N20","n":0}},{"type":"Feature","geometry":{"type":"Point","coordinates":[129.7215,-20.634]},"properties":{"d":"2026-09-30","t":"0533","frp":15.4,"b":344.3,"c":1,"s":"N20","n":0}},{"type":"Feature","geometry":{"type":"Point","coordinates":[129.7205,-20.6295]},"properties":{"d":"2026-09-30","t":"0533","frp":15.4,"b":348.2,"c":1,"s":"N20","n":0}},{"type":"Feature","geometry":{"type":"Point","coordinates":[129.7711,-20.6242]},"properties":{"d":"2026-09-30","t":"0533","frp":15.9,"b":341.8,"c":1,"s":"N20","n":0}},{"type":"Feature","geometry":{"type":"Point","coordinates":[129.7652,-20.6206]},"properties":{"d":"2026-09-30","t":"0533","frp":15.9,"b":339.1,"c":1,"s":"N20","n":0}},{"type":"Feature","geometry":{"type":"Point","coordinates":[129.7701,-20.6196]},"properties":{"d":"2026-09-30","t":"0533","frp":15.9,"b":346.8,"c":1,"s":"N20","n":0}},{"type":"Feature","geometry":{"type":"Point","coordinates":[129.7234,-20.6194]},"properties":{"d":"2026-09-30","t":"0533","frp":12.8,"b":353.1,"c":1,"s":"N20","n":0}},{"type":"Feature","geometry":{"type":"Point","coordinates":[129.7641,-20.616]},"properties":{"d":"2026-09-30","t":"0533","frp":230.7,"b":367.0,"c":0,"s":"N20","n":0}},{"type":"Feature","geometry":{"type":"Point","coordinates":[129.7691,-20.615]},"properties":{"d":"2026-09-30","t":"0533","frp":230.7,"b":367.0,"c":2,"s":"N20","n":0}},{"type":"Feature","geometry":{"type":"Point","coordinates":[129.7731,-20.6095]},"properties":{"d":"2026-09-30","t":"0533","frp":16.6,"b":352.5,"c":1,"s":"N20","n":0}},{"type":"Feature","geometry":{"type":"Point","coordinates":[129.7572,-20.6079]},"properties":{"d":"2026-09-30","t":"0533","frp":21.7,"b":352.9,"c":1,"s":"N20","n":0}},{"type":"Feature","geometry":{"type":"Point","coordinates":[129.7721,-20.6049]},"properties":{"d":"2026-09-30","t":"0533","frp":22.6,"b":345.8,"c":1,"s":"N20","n":0}},{"type":"Feature","geometry":{"type":"Point","coordinates":[129.7691,-20.5912]},"properties":{"d":"2026-09-30","t":"0533","frp":12.4,"b":339.5,"c":1,"s":"N20","n":0}},{"type":"Feature","geometry":{"type":"Point","coordinates":[129.7681,-20.5867]},"properties":{"d":"2026-09-30","t":"0533","frp":10.9,"b":345.3,"c":1,"s":"N20","n":0}},{"type":"Feature","geometry":{"type":"Point","coordinates":[129.7731,-20.5857]},"properties":{"d":"2026-09-30","t":"0533","frp":10.9,"b":345.0,"c":1,"s":"N20","n":0}},{"type":"Feature","geometry":{"type":"Point","coordinates":[129.833,-20.5736]},"properties":{"d":"2026-09-30","t":"0533","frp":72.4,"b":352.1,"c":1,"s":"N20","n":0}},{"type":"Feature","geometry":{"type":"Point","coordinates":[129.832,-20.569]},"properties":{"d":"2026-09-30","t":"0533","frp":72.4,"b":367.0,"c":2,"s":"N20","n":0}},{"type":"Feature","geometry":{"type":"Point","coordinates":[129.831,-20.5644]},"properties":{"d":"2026-09-30","t":"0533","frp":13.8,"b":347.7,"c":1,"s":"N20","n":0}},{"type":"Feature","geometry":{"type":"Point","coordinates":[129.8327,-20.5601]},"properties":{"d":"2026-09-30","t":"0533","frp":18.2,"b":346.7,"c":1,"s":"N20","n":0}},{"type":"Feature","geometry":{"type":"Point","coordinates":[129.8299,-20.5598]},"properties":{"d":"2026-09-30","t":"0533","frp":13.8,"b":347.1,"c":1,"s":"N20","n":0}},{"type":"Feature","geometry":{"type":"Point","coordinates":[129.8306,-20.551]},"properties":{"d":"2026-09-30","t":"0533","frp":9.3,"b":347.7,"c":1,"s":"N20","n":0}},{"type":"Feature","geometry":{"type":"Point","coordinates":[129.8279,-20.5507]},"properties":{"d":"2026-09-30","t":"0533","frp":12.7,"b":344.3,"c":1,"s":"N20","n":0}},{"type":"Feature","geometry":{"type":"Point","coordinates":[129.8329,-20.5496]},"properties":{"d":"2026-09-30","t":"0533","frp":5.7,"b":340.5,"c":1,"s":"N20","n":0}},{"type":"Feature","geometry":{"type":"Point","coordinates":[129.8296,-20.5464]},"properties":{"d":"2026-09-30","t":"0533","frp":9.3,"b":350.6,"c":1,"s":"N20","n":0}},{"type":"Feature","geometry":{"type":"Point","coordinates":[129.8319,-20.5451]},"properties":{"d":"2026-09-30","t":"0533","frp":5.9,"b":341.5,"c":1,"s":"N20","n":0}},{"type":"Feature","geometry":{"type":"Point","coordinates":[129.8245,-20.5235]},"properties":{"d":"2026-09-30","t":"0533","frp":7.0,"b":345.7,"c":1,"s":"N20","n":0}},{"type":"Feature","geometry":{"type":"Point","coordinates":[129.8235,-20.5189]},"properties":{"d":"2026-09-30","t":"0533","frp":7.0,"b":337.9,"c":0,"s":"N20","n":0}},{"type":"Feature","geometry":{"type":"Point","coordinates":[129.8225,-20.5143]},"properties":{"d":"2026-09-30","t":"0533","frp":7.3,"b":338.4,"c":0,"s":"N20","n":0}},{"type":"Feature","geometry":{"type":"Point","coordinates":[129.8215,-20.5097]},"properties":{"d":"2026-09-30","t":"0533","frp":7.3,"b":342.8,"c":1,"s":"N20","n":0}},{"type":"Feature","geometry":{"type":"Point","coordinates":[129.8205,-20.5051]},"properties":{"d":"2026-09-30","t":"0533","frp":14.0,"b":342.8,"c":1,"s":"N20","n":0}},{"type":"Feature","geometry":{"type":"Point","coordinates":[129.6151,-20.3846]},"properties":{"d":"2026-09-30","t":"0533","frp":9.6,"b":345.8,"c":1,"s":"N20","n":0}},{"type":"Feature","geometry":{"type":"Point","coordinates":[129.6176,-20.3844]},"properties":{"d":"2026-09-30","t":"0533","frp":13.7,"b":346.1,"c":1,"s":"N20","n":0}},{"type":"Feature","geometry":{"type":"Point","coordinates":[126.456,-20.3844]},"properties":{"d":"2026-09-30","t":"0533","frp":24.5,"b":349.4,"c":1,"s":"N20","n":0}},{"type":"Feature","geometry":{"type":"Point","coordinates":[126.4608,-20.3835]},"properties":{"d":"2026-09-30","t":"0533","frp":24.5,"b":350.5,"c":1,"s":"N20","n":0}},{"type":"Feature","geometry":{"type":"Point","coordinates":[126.4656,-20.3827]},"properties":{"d":"2026-09-30","t":"0533","frp":123.7,"b":348.9,"c":1,"s":"N20","n":0}},{"type":"Feature","geometry":{"type":"Point","coordinates":[129.6166,-20.3799]},"properties":{"d":"2026-09-30","t":"0533","frp":15.8,"b":350.3,"c":1,"s":"N20","n":0}},{"type":"Feature","geometry":{"type":"Point","coordinates":[126.4601,-20.3798]},"properties":{"d":"2026-09-30","t":"0533","frp":24.5,"b":346.0,"c":1,"s":"N20","n":0}},{"type":"Feature","geometry":{"type":"Point","coordinates":[129.619,-20.3791]},"properties":{"d":"2026-09-30","t":"0533","frp":9.6,"b":345.6,"c":0,"s":"N20","n":0}},{"type":"Feature","geometry":{"type":"Point","coordinates":[126.4649,-20.3789]},"properties":{"d":"2026-09-30","t":"0533","frp":123.7,"b":367.0,"c":2,"s":"N20","n":0}},{"type":"Feature","geometry":{"type":"Point","coordinates":[126.895,-20.3789]},"properties":{"d":"2026-09-30","t":"0533","frp":9.8,"b":339.4,"c":0,"s":"N20","n":0}},{"type":"Feature","geometry":{"type":"Point","coordinates":[129.618,-20.3746]},"properties":{"d":"2026-09-30","t":"0533","frp":10.2,"b":353.4,"c":1,"s":"N20","n":0}},{"type":"Feature","geometry":{"type":"Point","coordinates":[129.6206,-20.3743]},"properties":{"d":"2026-09-30","t":"0533","frp":18.3,"b":346.0,"c":1,"s":"N20","n":0}},{"type":"Feature","geometry":{"type":"Point","coordinates":[129.6354,-20.3713]},"properties":{"d":"2026-09-30","t":"0533","frp":12.6,"b":342.6,"c":0,"s":"N20","n":0}},{"type":"Feature","geometry":{"type":"Point","coordinates":[129.6295,-20.3678]},"properties":{"d":"2026-09-30","t":"0533","frp":11.6,"b":349.0,"c":1,"s":"N20","n":0}},{"type":"Feature","geometry":{"type":"Point","coordinates":[129.6318,-20.3671]},"properties":{"d":"2026-09-30","t":"0533","frp":24.3,"b":367.0,"c":2,"s":"N20","n":0}},{"type":"Feature","geometry":{"type":"Point","coordinates":[129.6344,-20.3668]},"properties":{"d":"2026-09-30","t":"0533","frp":11.6,"b":347.8,"c":1,"s":"N20","n":0}},{"type":"Feature","geometry":{"type":"Point","coordinates":[129.6805,-20.3529]},"properties":{"d":"2026-09-30","t":"0533","frp":6.8,"b":333.9,"c":0,"s":"N20","n":0}},{"type":"Feature","geometry":{"type":"Point","coordinates":[129.683,-20.3522]},"properties":{"d":"2026-09-30","t":"0533","frp":5.2,"b":341.0,"c":1,"s":"N20","n":0}},{"type":"Feature","geometry":{"type":"Point","coordinates":[129.6746,-20.3493]},"properties":{"d":"2026-09-30","t":"0533","frp":2.9,"b":337.9,"c":1,"s":"N20","n":0}},{"type":"Feature","geometry":{"type":"Point","coordinates":[126.664,-20.2698]},"properties":{"d":"2026-09-30","t":"0533","frp":17.8,"b":346.8,"c":1,"s":"N20","n":0}},{"type":"Feature","geometry":{"type":"Point","coordinates":[126.7117,-20.2494]},"properties":{"d":"2026-09-30","t":"0533","frp":17.6,"b":352.3,"c":1,"s":"N20","n":0}},{"type":"Feature","geometry":{"type":"Point","coordinates":[126.7168,-20.2486]},"properties":{"d":"2026-09-30","t":"0533","frp":18.8,"b":352.3,"c":1,"s":"N20","n":0}},{"type":"Feature","geometry":{"type":"Point","coordinates":[126.7218,-20.2477]},"properties":{"d":"2026-09-30","t":"0533","frp":18.8,"b":333.8,"c":1,"s":"N20","n":0}},{"type":"Feature","geometry":{"type":"Point","coordinates":[126.716,-20.2447]},"properties":{"d":"2026-09-30","t":"0533","frp":6.7,"b":343.9,"c":1,"s":"N20","n":0}},{"type":"Feature","geometry":{"type":"Point","coordinates":[116.7895,-20.6237]},"properties":{"d":"2026-09-30","t":"0536","frp":3.8,"b":347.5,"c":1,"s":"N20","n":0}},{"type":"Feature","geometry":{"type":"Point","coordinates":[127.8885,-18.5017]},"properties":{"d":"2026-09-30","t":"0536","frp":3.7,"b":333.1,"c":0,"s":"N20","n":0}},{"type":"Feature","geometry":{"type":"Point","coordinates":[130.3704,-18.4174]},"properties":{"d":"2026-09-30","t":"0536","frp":5.3,"b":338.8,"c":1,"s":"N20","n":0}},{"type":"Feature","geometry":{"type":"Point","coordinates":[130.3591,-18.3939]},"properties":{"d":"2026-09-30","t":"0536","frp":8.7,"b":339.7,"c":1,"s":"N20","n":0}},{"type":"Feature","geometry":{"type":"Point","coordinates":[130.3534,-18.3791]},"properties":{"d":"2026-09-30","t":"0536","frp":6.9,"b":340.4,"c":1,"s":"N20","n":0}},{"type":"Feature","geometry":{"type":"Point","coordinates":[130.3523,-18.3742]},"properties":{"d":"2026-09-30","t":"0536","frp":6.9,"b":341.8,"c":1,"s":"N20","n":0}},{"type":"Feature","geometry":{"type":"Point","coordinates":[130.3548,-18.3741]},"properties":{"d":"2026-09-30","t":"0536","frp":5.1,"b":342.0,"c":1,"s":"N20","n":0}},{"type":"Feature","geometry":{"type":"Point","coordinates":[130.5044,-18.3178]},"properties":{"d":"2026-09-30","t":"0536","frp":2.2,"b":330.9,"c":1,"s":"N20","n":0}},{"type":"Feature","geometry":{"type":"Point","coordinates":[130.5075,-18.3172]},"properties":{"d":"2026-09-30","t":"0536","frp":5.9,"b":367.0,"c":2,"s":"N20","n":0}},{"type":"Feature","geometry":{"type":"Point","coordinates":[130.5105,-18.3166]},"properties":{"d":"2026-09-30","t":"0536","frp":5.9,"b":338.3,"c":1,"s":"N20","n":0}},{"type":"Feature","geometry":{"type":"Point","coordinates":[130.5136,-18.316]},"properties":{"d":"2026-09-30","t":"0536","frp":3.0,"b":348.2,"c":1,"s":"N20","n":0}},{"type":"Feature","geometry":{"type":"Point","coordinates":[130.5125,-18.311]},"properties":{"d":"2026-09-30","t":"0536","frp":3.0,"b":337.6,"c":1,"s":"N20","n":0}},{"type":"Feature","geometry":{"type":"Point","coordinates":[130.5972,-18.3044]},"properties":{"d":"2026-09-30","t":"0536","frp":4.8,"b":336.1,"c":0,"s":"N20","n":0}},{"type":"Feature","geometry":{"type":"Point","coordinates":[130.5123,-18.2954]},"properties":{"d":"2026-09-30","t":"0536","frp":23.5,"b":340.3,"c":1,"s":"N20","n":0}},{"type":"Feature","geometry":{"type":"Point","coordinates":[130.5153,-18.2948]},"properties":{"d":"2026-09-30","t":"0536","frp":23.7,"b":356.5,"c":0,"s":"N20","n":0}},{"type":"Feature","geometry":{"type":"Point","coordinates":[126.8262,-18.2787]},"properties":{"d":"2026-09-30","t":"0536","frp":3.9,"b":333.8,"c":1,"s":"N20","n":0}},{"type":"Feature","geometry":{"type":"Point","coordinates":[126.8228,-18.277]},"properties":{"d":"2026-09-30","t":"0536","frp":7.2,"b":337.4,"c":0,"s":"N20","n":0}},{"type":"Feature","geometry":{"type":"Point","coordinates":[126.8222,-18.273]},"properties":{"d":"2026-09-30","t":"0536","frp":20.8,"b":342.4,"c":1,"s":"N20","n":0}},{"type":"Feature","geometry":{"type":"Point","coordinates":[130.4616,-18.2435]},"properties":{"d":"2026-09-30","t":"0536","frp":1.6,"b":340.5,"c":1,"s":"N20","n":0}},{"type":"Feature","geometry":{"type":"Point","coordinates":[130.4646,-18.2429]},"properties":{"d":"2026-09-30","t":"0536","frp":5.3,"b":336.9,"c":1,"s":"N20","n":0}},{"type":"Feature","geometry":{"type":"Point","coordinates":[130.4629,-18.2429]},"properties":{"d":"2026-09-30","t":"0536","frp":3.0,"b":341.7,"c":1,"s":"N20","n":0}},{"type":"Feature","geometry":{"type":"Point","coordinates":[130.5135,-18.2429]},"properties":{"d":"2026-09-30","t":"0536","frp":3.7,"b":335.3,"c":0,"s":"N20","n":0}},{"type":"Feature","geometry":{"type":"Point","coordinates":[130.4676,-18.2423]},"properties":{"d":"2026-09-30","t":"0536","frp":5.3,"b":367.0,"c":2,"s":"N20","n":0}},{"type":"Feature","geometry":{"type":"Point","coordinates":[130.4659,-18.2423]},"properties":{"d":"2026-09-30","t":"0536","frp":6.5,"b":346.1,"c":1,"s":"N20","n":0}},{"type":"Feature","geometry":{"type":"Point","coordinates":[130.5165,-18.2423]},"properties":{"d":"2026-09-30","t":"0536","frp":6.0,"b":346.8,"c":1,"s":"N20","n":0}},{"type":"Feature","geometry":{"type":"Point","coordinates":[130.4706,-18.2417]},"properties":{"d":"2026-09-30","t":"0536","frp":5.6,"b":340.8,"c":1,"s":"N20","n":0}},{"type":"Feature","geometry":{"type":"Point","coordinates":[130.4689,-18.2417]},"properties":{"d":"2026-09-30","t":"0536","frp":6.5,"b":367.0,"c":2,"s":"N20","n":0}},{"type":"Feature","geometry":{"type":"Point","coordinates":[130.5196,-18.2416]},"properties":{"d":"2026-09-30","t":"0536","frp":6.0,"b":352.2,"c":1,"s":"N20","n":0}},{"type":"Feature","geometry":{"type":"Point","coordinates":[130.4719,-18.241]},"properties":{"d":"2026-09-30","t":"0536","frp":2.5,"b":338.2,"c":1,"s":"N20","n":0}},{"type":"Feature","geometry":{"type":"Point","coordinates":[130.5226,-18.241]},"properties":{"d":"2026-09-30","t":"0536","frp":6.4,"b":335.8,"c":0,"s":"N20","n":0}},{"type":"Feature","geometry":{"type":"Point","coordinates":[130.5591,-18.1102]},"properties":{"d":"2026-09-30","t":"0536","frp":5.8,"b":346.0,"c":1,"s":"N20","n":0}},{"type":"Feature","geometry":{"type":"Point","coordinates":[130.5594,-18.1086]},"properties":{"d":"2026-09-30","t":"0536","frp":7.0,"b":367.0,"c":2,"s":"N20","n":0}},{"type":"Feature","geometry":{"type":"Point","coordinates":[130.5548,-18.1058]},"properties":{"d":"2026-09-30","t":"0536","frp":7.7,"b":339.6,"c":1,"s":"N20","n":0}},{"type":"Feature","geometry":{"type":"Point","coordinates":[130.5579,-18.1052]},"properties":{"d":"2026-09-30","t":"0536","frp":5.8,"b":367.0,"c":2,"s":"N20","n":0}},{"type":"Feature","geometry":{"type":"Point","coordinates":[122.6314,-17.8267]},"properties":{"d":"2026-09-30","t":"0536","frp":2.7,"b":334.1,"c":0,"s":"N20","n":0}},{"type":"Feature","geometry":{"type":"Point","coordinates":[123.2551,-17.2213]},"properties":{"d":"2026-09-30","t":"0536","frp":5.5,"b":346.8,"c":1,"s":"N20","n":0}},{"type":"Feature","geometry":{"type":"Point","coordinates":[134.8083,-17.2174]},"properties":{"d":"2026-09-30","t":"0536","frp":10.4,"b":333.6,"c":1,"s":"N20","n":0}},{"type":"Feature","geometry":{"type":"Point","coordinates":[123.2584,-17.2173]},"properties":{"d":"2026-09-30","t":"0536","frp":6.8,"b":345.0,"c":1,"s":"N20","n":0}},{"type":"Feature","geometry":{"type":"Point","coordinates":[134.8079,-17.2145]},"properties":{"d":"2026-09-30","t":"0536","frp":7.0,"b":335.1,"c":1,"s":"N20","n":0}},{"type":"Feature","geometry":{"type":"Point","coordinates":[123.2616,-17.2132]},"properties":{"d":"2026-09-30","t":"0536","frp":4.8,"b":345.0,"c":1,"s":"N20","n":0}},{"type":"Feature","geometry":{"type":"Point","coordinates":[134.8139,-17.2131]},"properties":{"d":"2026-09-30","t":"0536","frp":7.0,"b":343.2,"c":1,"s":"N20","n":0}},{"type":"Feature","geometry":{"type":"Point","coordinates":[134.8067,-17.2108]},"properties":{"d":"2026-09-30","t":"0536","frp":7.5,"b":330.1,"c":1,"s":"N20","n":0}},{"type":"Feature","geometry":{"type":"Point","coordinates":[123.261,-17.2098]},"properties":{"d":"2026-09-30","t":"0536","frp":7.5,"b":343.9,"c":1,"s":"N20","n":0}},{"type":"Feature","geometry":{"type":"Point","coordinates":[134.8128,-17.2095]},"properties":{"d":"2026-09-30","t":"0536","frp":7.5,"b":350.8,"c":1,"s":"N20","n":0}},{"type":"Feature","geometry":{"type":"Point","coordinates":[123.2648,-17.2092]},"properties":{"d":"2026-09-30","t":"0536","frp":7.5,"b":344.6,"c":1,"s":"N20","n":0}},{"type":"Feature","geometry":{"type":"Point","coordinates":[134.8123,-17.2066]},"properties":{"d":"2026-09-30","t":"0536","frp":10.6,"b":337.5,"c":1,"s":"N20","n":0}},{"type":"Feature","geometry":{"type":"Point","coordinates":[123.2642,-17.2058]},"properties":{"d":"2026-09-30","t":"0536","frp":7.5,"b":347.9,"c":1,"s":"N20","n":0}},{"type":"Feature","geometry":{"type":"Point","coordinates":[123.268,-17.2052]},"properties":{"d":"2026-09-30","t":"0536","frp":6.4,"b":343.7,"c":1,"s":"N20","n":0}},{"type":"Feature","geometry":{"type":"Point","coordinates":[134.8183,-17.2052]},"properties":{"d":"2026-09-30","t":"0536","frp":16.6,"b":350.8,"c":1,"s":"N20","n":0}},{"type":"Feature","geometry":{"type":"Point","coordinates":[134.8052,-17.2042]},"properties":{"d":"2026-09-30","t":"0536","frp":7.5,"b":353.3,"c":1,"s":"N20","n":0}},{"type":"Feature","geometry":{"type":"Point","coordinates":[123.2674,-17.2018]},"properties":{"d":"2026-09-30","t":"0536","frp":7.7,"b":348.0,"c":1,"s":"N20","n":0}},{"type":"Feature","geometry":{"type":"Point","coordinates":[134.8171,-17.2015]},"properties":{"d":"2026-09-30","t":"0536","frp":16.4,"b":346.0,"c":1,"s":"N20","n":0}},{"type":"Feature","geometry":{"type":"Point","coordinates":[134.8048,-17.2014]},"properties":{"d":"2026-09-30","t":"0536","frp":10.6,"b":367.0,"c":2,"s":"N20","n":0}},{"type":"Feature","geometry":{"type":"Point","coordinates":[123.2712,-17.2012]},"properties":{"d":"2026-09-30","t":"0536","frp":7.7,"b":345.3,"c":1,"s":"N20","n":0}},{"type":"Feature","geometry":{"type":"Point","coordinates":[123.2707,-17.1978]},"properties":{"d":"2026-09-30","t":"0536","frp":7.7,"b":347.7,"c":1,"s":"N20","n":0}},{"type":"Feature","geometry":{"type":"Point","coordinates":[134.8036,-17.1976]},"properties":{"d":"2026-09-30","t":"0536","frp":9.0,"b":367.0,"c":2,"s":"N20","n":0}},{"type":"Feature","geometry":{"type":"Point","coordinates":[123.2942,-17.1975]},"properties":{"d":"2026-09-30","t":"0536","frp":4.5,"b":341.4,"c":1,"s":"N20","n":0}},{"type":"Feature","geometry":{"type":"Point","coordinates":[123.2745,-17.1972]},"properties":{"d":"2026-09-30","t":"0536","frp":12.9,"b":367.0,"c":2,"s":"N20","n":0}},{"type":"Feature","geometry":{"type":"Point","coordinates":[134.8033,-17.1947]},"properties":{"d":"2026-09-30","t":"0536","frp":13.3,"b":351.8,"c":1,"s":"N20","n":0}},{"type":"Feature","geometry":{"type":"Point","coordinates":[123.2777,-17.1932]},"properties":{"d":"2026-09-30","t":"0536","frp":13.3,"b":367.0,"c":2,"s":"N20","n":0}},{"type":"Feature","geometry":{"type":"Point","coordinates":[123.2815,-17.1925]},"properties":{"d":"2026-09-30","t":"0536","frp":5.6,"b":356.0,"c":1,"s":"N20","n":0}},{"type":"Feature","geometry":{"type":"Point","coordinates":[123.2853,-17.1919]},"properties":{"d":"2026-09-30","t":"0536","frp":5.6,"b":341.5,"c":1,"s":"N20","n":0}},{"type":"Feature","geometry":{"type":"Point","coordinates":[123.2892,-17.1913]},"properties":{"d":"2026-09-30","t":"0536","frp":3.3,"b":343.1,"c":1,"s":"N20","n":0}},{"type":"Feature","geometry":{"type":"Point","coordinates":[134.8021,-17.1911]},"properties":{"d":"2026-09-30","t":"0536","frp":9.0,"b":344.3,"c":1,"s":"N20","n":0}},{"type":"Feature","geometry":{"type":"Point","coordinates":[134.808,-17.1897]},"properties":{"d":"2026-09-30","t":"0536","frp":9.0,"b":338.2,"c":1,"s":"N20","n":0}},{"type":"Feature","geometry":{"type":"Point","coordinates":[134.827,-17.1893]},"properties":{"d":"2026-09-30","t":"0536","frp":11.5,"b":333.4,"c":1,"s":"N20","n":0}},{"type":"Feature","geometry":{"type":"Point","coordinates":[134.8077,-17.1868]},"properties":{"d":"2026-09-30","t":"0536","frp":13.3,"b":352.9,"c":1,"s":"N20","n":0}},{"type":"Feature","geometry":{"type":"Point","coordinates":[134.8065,-17.1831]},"properties":{"d":"2026-09-30","t":"0536","frp":14.9,"b":367.0,"c":2,"s":"N20","n":0}},{"type":"Feature","geometry":{"type":"Point","coordinates":[134.8061,-17.1802]},"properties":{"d":"2026-09-30","t":"0536","frp":13.2,"b":367.0,"c":2,"s":"N20","n":0}},{"type":"Feature","geometry":{"type":"Point","coordinates":[134.8049,-17.1765]},"properties":{"d":"2026-09-30","t":"0536","frp":14.9,"b":355.0,"c":1,"s":"N20","n":0}},{"type":"Feature","geometry":{"type":"Point","coordinates":[134.8362,-17.1764]},"properties":{"d":"2026-09-30","t":"0536","frp":9.5,"b":330.1,"c":1,"s":"N20","n":0}},{"type":"Feature","geometry":{"type":"Point","coordinates":[134.8046,-17.1736]},"properties":{"d":"2026-09-30","t":"0536","frp":13.2,"b":348.8,"c":1,"s":"N20","n":0}},{"type":"Feature","geometry":{"type":"Point","coordinates":[134.8033,-17.17]},"properties":{"d":"2026-09-30","t":"0536","frp":9.9,"b":345.9,"c":1,"s":"N20","n":0}},{"type":"Feature","geometry":{"type":"Point","coordinates":[134.8467,-17.1671]},"properties":{"d":"2026-09-30","t":"0536","frp":7.9,"b":331.5,"c":1,"s":"N20","n":0}},{"type":"Feature","geometry":{"type":"Point","coordinates":[134.8463,-17.1639]},"properties":{"d":"2026-09-30","t":"0536","frp":9.4,"b":336.7,"c":1,"s":"N20","n":0}},{"type":"Feature","geometry":{"type":"Point","coordinates":[134.8524,-17.1625]},"properties":{"d":"2026-09-30","t":"0536","frp":9.4,"b":356.3,"c":1,"s":"N20","n":0}},{"type":"Feature","geometry":{"type":"Point","coordinates":[134.8513,-17.1591]},"properties":{"d":"2026-09-30","t":"0536","frp":17.6,"b":353.5,"c":1,"s":"N20","n":0}},{"type":"Feature","geometry":{"type":"Point","coordinates":[134.8573,-17.1577]},"properties":{"d":"2026-09-30","t":"0536","frp":15.4,"b":345.0,"c":1,"s":"N20","n":0}},{"type":"Feature","geometry":{"type":"Point","coordinates":[134.806,-17.1554]},"properties":{"d":"2026-09-30","t":"0536","frp":8.8,"b":367.0,"c":2,"s":"N20","n":0}},{"type":"Feature","geometry":{"type":"Point","coordinates":[134.8045,-17.1488]},"properties":{"d":"2026-09-30","t":"0536","frp":8.8,"b":337.1,"c":1,"s":"N20","n":0}},{"type":"Feature","geometry":{"type":"Point","coordinates":[134.8031,-17.1422]},"properties":{"d":"2026-09-30","t":"0536","frp":13.6,"b":367.0,"c":2,"s":"N20","n":0}},{"type":"Feature","geometry":{"type":"Point","coordinates":[134.8016,-17.1356]},"properties":{"d":"2026-09-30","t":"0536","frp":13.6,"b":337.3,"c":1,"s":"N20","n":0}},{"type":"Feature","geometry":{"type":"Point","coordinates":[134.8031,-17.1144]},"properties":{"d":"2026-09-30","t":"0536","frp":20.1,"b":367.0,"c":2,"s":"N20","n":0}},{"type":"Feature","geometry":{"type":"Point","coordinates":[134.8012,-17.1108]},"properties":{"d":"2026-09-30","t":"0536","frp":13.5,"b":339.1,"c":1,"s":"N20","n":0}},{"type":"Feature","geometry":{"type":"Point","coordinates":[134.8072,-17.1095]},"properties":{"d":"2026-09-30","t":"0536","frp":13.5,"b":340.0,"c":1,"s":"N20","n":0}},{"type":"Feature","geometry":{"type":"Point","coordinates":[134.8056,-17.1029]},"properties":{"d":"2026-09-30","t":"0536","frp":8.0,"b":331.3,"c":1,"s":"N20","n":0}},{"type":"Feature","geometry":{"type":"Point","coordinates":[122.6352,-16.9771]},"properties":{"d":"2026-09-30","t":"0536","frp":5.2,"b":345.6,"c":1,"s":"N20","n":0}},{"type":"Feature","geometry":{"type":"Point","coordinates":[135.4606,-16.9551]},"properties":{"d":"2026-09-30","t":"0536","frp":8.6,"b":330.3,"c":1,"s":"N20","n":0}},{"type":"Feature","geometry":{"type":"Point","coordinates":[135.4669,-16.954]},"properties":{"d":"2026-09-30","t":"0536","frp":11.3,"b":333.4,"c":1,"s":"N20","n":0}},{"type":"Feature","geometry":{"type":"Point","coordinates":[135.4675,-16.9535]},"properties":{"d":"2026-09-30","t":"0536","frp":5.9,"b":333.8,"c":1,"s":"N20","n":0}},{"type":"Feature","geometry":{"type":"Point","coordinates":[135.4384,-16.9532]},"properties":{"d":"2026-09-30","t":"0536","frp":8.8,"b":342.1,"c":1,"s":"N20","n":0}},{"type":"Feature","geometry":{"type":"Point","coordinates":[135.439,-16.9529]},"properties":{"d":"2026-09-30","t":"0536","frp":6.6,"b":343.7,"c":1,"s":"N20","n":0}},{"type":"Feature","geometry":{"type":"Point","coordinates":[135.4738,-16.9524]},"properties":{"d":"2026-09-30","t":"0536","frp":6.5,"b":334.3,"c":1,"s":"N20","n":0}},{"type":"Feature","geometry":{"type":"Point","coordinates":[135.4743,-16.9519]},"properties":{"d":"2026-09-30","t":"0536","frp":5.9,"b":331.7,"c":1,"s":"N20","n":0}},{"type":"Feature","geometry":{"type":"Point","coordinates":[135.4365,-16.9465]},"properties":{"d":"2026-09-30","t":"0536","frp":13.2,"b":342.4,"c":1,"s":"N20","n":0}},{"type":"Feature","geometry":{"type":"Point","coordinates":[135.4371,-16.9461]},"properties":{"d":"2026-09-30","t":"0536","frp":6.6,"b":341.4,"c":1,"s":"N20","n":0}},{"type":"Feature","geometry":{"type":"Point","coordinates":[135.3311,-16.9422]},"properties":{"d":"2026-09-30","t":"0536","frp":9.0,"b":336.7,"c":1,"s":"N20","n":0}},{"type":"Feature","geometry":{"type":"Point","coordinates":[135.3303,-16.9419]},"properties":{"d":"2026-09-30","t":"0536","frp":9.1,"b":333.9,"c":1,"s":"N20","n":0}},{"type":"Feature","geometry":{"type":"Point","coordinates":[135.3937,-16.9419]},"properties":{"d":"2026-09-30","t":"0536","frp":10.4,"b":331.3,"c":1,"s":"N20","n":0}},{"type":"Feature","geometry":{"type":"Point","coordinates":[135.3997,-16.9404]},"properties":{"d":"2026-09-30","t":"0536","frp":14.3,"b":348.7,"c":1,"s":"N20","n":0}},{"type":"Feature","geometry":{"type":"Point","coordinates":[135.4003,-16.9403]},"properties":{"d":"2026-09-30","t":"0536","frp":10.4,"b":349.6,"c":1,"s":"N20","n":0}},{"type":"Feature","geometry":{"type":"Point","coordinates":[135.4063,-16.9389]},"properties":{"d":"2026-09-30","t":"0536","frp":14.3,"b":367.0,"c":2,"s":"N20","n":0}},{"type":"Feature","geometry":{"type":"Point","coordinates":[135.4069,-16.9388]},"properties":{"d":"2026-09-30","t":"0536","frp":11.5,"b":367.0,"c":2,"s":"N20","n":0}},{"type":"Feature","geometry":{"type":"Point","coordinates":[135.379,-16.9381]},"properties":{"d":"2026-09-30","t":"0536","frp":5.2,"b":336.9,"c":1,"s":"N20","n":0}},{"type":"Feature","geometry":{"type":"Point","coordinates":[135.3158,-16.9381]},"properties":{"d":"2026-09-30","t":"0536","frp":14.7,"b":343.2,"c":1,"s":"N20","n":0}},{"type":"Feature","geometry":{"type":"Point","coordinates":[135.3509,-16.9375]},"properties":{"d":"2026-09-30","t":"0536","frp":7.2,"b":338.8,"c":1,"s":"N20","n":0}},{"type":"Feature","geometry":{"type":"Point","coordinates":[135.4129,-16.9374]},"properties":{"d":"2026-09-30","t":"0536","frp":14.6,"b":336.8,"c":1,"s":"N20","n":0}},{"type":"Feature","geometry":{"type":"Point","coordinates":[135.3501,-16.9374]},"properties":{"d":"2026-09-30","t":"0536","frp":11.0,"b":337.1,"c":1,"s":"N20","n":0}},{"type":"Feature","geometry":{"type":"Point","coordinates":[135.4136,-16.9372]},"properties":{"d":"2026-09-30","t":"0536","frp":11.5,"b":336.2,"c":1,"s":"N20","n":0}},{"type":"Feature","geometry":{"type":"Point","coordinates":[135.3848,-16.9366]},"properties":{"d":"2026-09-30","t":"0536","frp":10.5,"b":338.2,"c":1,"s":"N20","n":0}},{"type":"Feature","geometry":{"type":"Point","coordinates":[135.3855,-16.9366]},"properties":{"d":"2026-09-30","t":"0536","frp":5.2,"b":340.7,"c":1,"s":"N20","n":0}},{"type":"Feature","geometry":{"type":"Point","coordinates":[135.3575,-16.936]},"properties":{"d":"2026-09-30","t":"0536","frp":7.2,"b":336.9,"c":1,"s":"N20","n":0}},{"type":"Feature","geometry":{"type":"Point","coordinates":[135.3567,-16.9358]},"properties":{"d":"2026-09-30","t":"0536","frp":8.8,"b":338.5,"c":1,"s":"N20","n":0}},{"type":"Feature","geometry":{"type":"Point","coordinates":[135.3914,-16.9351]},"properties":{"d":"2026-09-30","t":"0536","frp":10.5,"b":330.8,"c":1,"s":"N20","n":0}},{"type":"Feature","geometry":{"type":"Point","coordinates":[135.3922,-16.935]},"properties":{"d":"2026-09-30","t":"0536","frp":5.5,"b":332.8,"c":1,"s":"N20","n":0}},{"type":"Feature","geometry":{"type":"Point","coordinates":[135.4264,-16.9343]},"properties":{"d":"2026-09-30","t":"0536","frp":7.6,"b":334.3,"c":1,"s":"N20","n":0}},{"type":"Feature","geometry":{"type":"Point","coordinates":[135.3634,-16.9343]},"properties":{"d":"2026-09-30","t":"0536","frp":8.8,"b":350.3,"c":1,"s":"N20","n":0}},{"type":"Feature","geometry":{"type":"Point","coordinates":[135.427,-16.934]},"properties":{"d":"2026-09-30","t":"0536","frp":11.0,"b":332.9,"c":1,"s":"N20","n":0}},{"type":"Feature","geometry":{"type":"Point","coordinates":[130.0501,-16.7874]},"properties":{"d":"2026-09-30","t":"0536","frp":29.9,"b":354.2,"c":1,"s":"N20","n":0}},{"type":"Feature","geometry":{"type":"Point","coordinates":[130.0561,-16.7862]},"properties":{"d":"2026-09-30","t":"0536","frp":148.9,"b":367.0,"c":2,"s":"N20","n":0}},{"type":"Feature","geometry":{"type":"Point","coordinates":[130.03,-16.781]},"properties":{"d":"2026-09-30","t":"0536","frp":3.8,"b":355.9,"c":1,"s":"N20","n":0}},{"type":"Feature","geometry":{"type":"Point","coordinates":[130.033,-16.7804]},"properties":{"d":"2026-09-30","t":"0536","frp":10.6,"b":346.3,"c":1,"s":"N20","n":0}},{"type":"Feature","geometry":{"type":"Point","coordinates":[130.061,-16.78]},"properties":{"d":"2026-09-30","t":"0536","frp":95.9,"b":347.2,"c":1,"s":"N20","n":0}},{"type":"Feature","geometry":{"type":"Point","coordinates":[130.039,-16.7792]},"properties":{"d":"2026-09-30","t":"0536","frp":3.6,"b":340.1,"c":1,"s":"N20","n":0}},{"type":"Feature","geometry":{"type":"Point","coordinates":[130.029,-16.776]},"properties":{"d":"2026-09-30","t":"0536","frp":3.8,"b":332.3,"c":1,"s":"N20","n":0}},{"type":"Feature","geometry":{"type":"Point","coordinates":[130.0601,-16.775]},"properties":{"d":"2026-09-30","t":"0536","frp":8.6,"b":367.0,"c":2,"s":"N20","n":0}},{"type":"Feature","geometry":{"type":"Point","coordinates":[129.9816,-16.7594]},"properties":{"d":"2026-09-30","t":"0536","frp":11.1,"b":354.3,"c":1,"s":"N20","n":0}},{"type":"Feature","geometry":{"type":"Point","coordinates":[129.9846,-16.7588]},"properties":{"d":"2026-09-30","t":"0536","frp":11.3,"b":356.5,"c":0,"s":"N20","n":0}},{"type":"Feature","geometry":{"type":"Point","coordinates":[130.066,-16.7582]},"properties":{"d":"2026-09-30","t":"0536","frp":1.8,"b":340.8,"c":1,"s":"N20","n":0}},{"type":"Feature","geometry":{"type":"Point","coordinates":[129.9965,-16.7564]},"properties":{"d":"2026-09-30","t":"0536","frp":17.0,"b":349.8,"c":1,"s":"N20","n":0}},{"type":"Feature","geometry":{"type":"Point","coordinates":[130.0248,-16.756]},"properties":{"d":"2026-09-30","t":"0536","frp":4.0,"b":338.5,"c":1,"s":"N20","n":0}},{"type":"Feature","geometry":{"type":"Point","coordinates":[130.0308,-16.7548]},"properties":{"d":"2026-09-30","t":"0536","frp":5.3,"b":341.8,"c":1,"s":"N20","n":0}},{"type":"Feature","geometry":{"type":"Point","coordinates":[130.065,-16.7532]},"properties":{"d":"2026-09-30","t":"0536","frp":2.1,"b":332.6,"c":1,"s":"N20","n":0}},{"type":"Feature","geometry":{"type":"Point","coordinates":[129.9954,-16.7514]},"properties":{"d":"2026-09-30","t":"0536","frp":17.0,"b":332.1,"c":1,"s":"N20","n":0}},{"type":"Feature","geometry":{"type":"Point","coordinates":[130.0298,-16.7498]},"properties":{"d":"2026-09-30","t":"0536","frp":5.2,"b":351.7,"c":1,"s":"N20","n":0}},{"type":"Feature","geometry":{"type":"Point","coordinates":[130.0045,-16.7496]},"properties":{"d":"2026-09-30","t":"0536","frp":3.6,"b":334.6,"c":1,"s":"N20","n":0}},{"type":"Feature","geometry":{"type":"Point","coordinates":[130.0075,-16.7491]},"properties":{"d":"2026-09-30","t":"0536","frp":7.8,"b":337.9,"c":1,"s":"N20","n":0}},{"type":"Feature","geometry":{"type":"Point","coordinates":[130.0105,-16.7484]},"properties":{"d":"2026-09-30","t":"0536","frp":7.8,"b":367.0,"c":2,"s":"N20","n":0}},{"type":"Feature","geometry":{"type":"Point","coordinates":[130.0135,-16.7478]},"properties":{"d":"2026-09-30","t":"0536","frp":10.3,"b":367.0,"c":2,"s":"N20","n":0}},{"type":"Feature","geometry":{"type":"Point","coordinates":[130.0165,-16.7472]},"properties":{"d":"2026-09-30","t":"0536","frp":10.3,"b":334.0,"c":1,"s":"N20","n":0}},{"type":"Feature","geometry":{"type":"Point","coordinates":[129.9694,-16.7463]},"properties":{"d":"2026-09-30","t":"0536","frp":4.6,"b":339.8,"c":1,"s":"N20","n":0}},{"type":"Feature","geometry":{"type":"Point","coordinates":[130.0155,-16.7422]},"properties":{"d":"2026-09-30","t":"0536","frp":41.1,"b":367.0,"c":2,"s":"N20","n":0}},{"type":"Feature","geometry":{"type":"Point","coordinates":[130.0721,-16.7414]},"properties":{"d":"2026-09-30","t":"0536","frp":2.2,"b":332.1,"c":1,"s":"N20","n":0}},{"type":"Feature","geometry":{"type":"Point","coordinates":[130.0145,-16.7373]},"properties":{"d":"2026-09-30","t":"0536","frp":41.1,"b":342.2,"c":1,"s":"N20","n":0}},{"type":"Feature","geometry":{"type":"Point","coordinates":[129.9629,-16.7372]},"properties":{"d":"2026-09-30","t":"0536","frp":8.3,"b":332.8,"c":1,"s":"N20","n":0}},{"type":"Feature","geometry":{"type":"Point","coordinates":[129.9509,-16.7344]},"properties":{"d":"2026-09-30","t":"0536","frp":14.7,"b":350.9,"c":1,"s":"N20","n":0}},{"type":"Feature","geometry":{"type":"Point","coordinates":[129.9358,-16.7219]},"properties":{"d":"2026-09-30","t":"0536","frp":12.8,"b":342.1,"c":1,"s":"N20","n":0}},{"type":"Feature","geometry":{"type":"Point","coordinates":[129.9378,-16.7216]},"properties":{"d":"2026-09-30","t":"0536","frp":19.6,"b":345.1,"c":1,"s":"N20","n":0}},{"type":"Feature","geometry":{"type":"Point","coordinates":[129.9347,-16.717]},"properties":{"d":"2026-09-30","t":"0536","frp":17.1,"b":342.2,"c":1,"s":"N20","n":0}},{"type":"Feature","geometry":{"type":"Point","coordinates":[129.9366,-16.7166]},"properties":{"d":"2026-09-30","t":"0536","frp":19.6,"b":353.4,"c":1,"s":"N20","n":0}},{"type":"Feature","geometry":{"type":"Point","coordinates":[129.9405,-16.7158]},"properties":{"d":"2026-09-30","t":"0536","frp":10.2,"b":330.2,"c":1,"s":"N20","n":0}},{"type":"Feature","geometry":{"type":"Point","coordinates":[128.1301,-16.7058]},"properties":{"d":"2026-09-30","t":"0536","frp":16.3,"b":347.0,"c":1,"s":"N20","n":0}},{"type":"Feature","geometry":{"type":"Point","coordinates":[130.0951,-16.7002]},"properties":{"d":"2026-09-30","t":"0536","frp":4.4,"b":339.5,"c":1,"s":"N20","n":0}},{"type":"Feature","geometry":{"type":"Point","coordinates":[128.1555,-16.6919]},"properties":{"d":"2026-09-30","t":"0536","frp":8.8,"b":336.3,"c":1,"s":"N20","n":0}},{"type":"Feature","geometry":{"type":"Point","coordinates":[128.1542,-16.6876]},"properties":{"d":"2026-09-30","t":"0536","frp":10.3,"b":345.0,"c":1,"s":"N20","n":0}},{"type":"Feature","geometry":{"type":"Point","coordinates":[130.104,-16.6827]},"properties":{"d":"2026-09-30","t":"0536","frp":2.6,"b":334.9,"c":1,"s":"N20","n":0}},{"type":"Feature","geometry":{"type":"Point","coordinates":[130.1024,-16.679]},"properties":{"d":"2026-09-30","t":"0536","frp":4.2,"b":341.5,"c":1,"s":"N20","n":0}},{"type":"Feature","geometry":{"type":"Point","coordinates":[130.1054,-16.6785]},"properties":{"d":"2026-09-30","t":"0536","frp":4.2,"b":333.4,"c":1,"s":"N20","n":0}},{"type":"Feature","geometry":{"type":"Point","coordinates":[130.1029,-16.6776]},"properties":{"d":"2026-09-30","t":"0536","frp":2.6,"b":344.5,"c":1,"s":"N20","n":0}},{"type":"Feature","geometry":{"type":"Point","coordinates":[130.1033,-16.6684]},"properties":{"d":"2026-09-30","t":"0536","frp":9.3,"b":340.3,"c":1,"s":"N20","n":0}},{"type":"Feature","geometry":{"type":"Point","coordinates":[130.1063,-16.6678]},"properties":{"d":"2026-09-30","t":"0536","frp":15.4,"b":367.0,"c":2,"s":"N20","n":0}},{"type":"Feature","geometry":{"type":"Point","coordinates":[130.1094,-16.6672]},"properties":{"d":"2026-09-30","t":"0536","frp":15.4,"b":336.2,"c":1,"s":"N20","n":0}},{"type":"Feature","geometry":{"type":"Point","coordinates":[130.0992,-16.664]},"properties":{"d":"2026-09-30","t":"0536","frp":9.3,"b":339.7,"c":1,"s":"N20","n":0}},{"type":"Feature","geometry":{"type":"Point","coordinates":[130.1023,-16.6634]},"properties":{"d":"2026-09-30","t":"0536","frp":9.3,"b":354.0,"c":1,"s":"N20","n":0}},{"type":"Feature","geometry":{"type":"Point","coordinates":[130.1054,-16.6628]},"properties":{"d":"2026-09-30","t":"0536","frp":15.4,"b":367.0,"c":2,"s":"N20","n":0}},{"type":"Feature","geometry":{"type":"Point","coordinates":[130.1084,-16.6622]},"properties":{"d":"2026-09-30","t":"0536","frp":15.4,"b":367.0,"c":2,"s":"N20","n":0}},{"type":"Feature","geometry":{"type":"Point","coordinates":[130.1115,-16.6615]},"properties":{"d":"2026-09-30","t":"0536","frp":6.2,"b":352.0,"c":1,"s":"N20","n":0}},{"type":"Feature","geometry":{"type":"Point","coordinates":[130.1146,-16.6609]},"properties":{"d":"2026-09-30","t":"0536","frp":6.2,"b":336.7,"c":1,"s":"N20","n":0}},{"type":"Feature","geometry":{"type":"Point","coordinates":[130.1208,-16.6597]},"properties":{"d":"2026-09-30","t":"0536","frp":8.9,"b":353.1,"c":1,"s":"N20","n":0}},{"type":"Feature","geometry":{"type":"Point","coordinates":[130.1076,-16.6571]},"properties":{"d":"2026-09-30","t":"0536","frp":4.2,"b":335.8,"c":1,"s":"N20","n":0}},{"type":"Feature","geometry":{"type":"Point","coordinates":[130.1168,-16.6552]},"properties":{"d":"2026-09-30","t":"0536","frp":6.0,"b":356.2,"c":0,"s":"N20","n":0}},{"type":"Feature","geometry":{"type":"Point","coordinates":[130.1159,-16.6502]},"properties":{"d":"2026-09-30","t":"0536","frp":6.0,"b":356.2,"c":0,"s":"N20","n":0}},{"type":"Feature","geometry":{"type":"Point","coordinates":[130.119,-16.6496]},"properties":{"d":"2026-09-30","t":"0536","frp":6.0,"b":345.6,"c":1,"s":"N20","n":0}},{"type":"Feature","geometry":{"type":"Point","coordinates":[130.122,-16.649]},"properties":{"d":"2026-09-30","t":"0536","frp":3.3,"b":337.8,"c":1,"s":"N20","n":0}},{"type":"Feature","geometry":{"type":"Point","coordinates":[130.1251,-16.6484]},"properties":{"d":"2026-09-30","t":"0536","frp":3.3,"b":333.0,"c":0,"s":"N20","n":0}},{"type":"Feature","geometry":{"type":"Point","coordinates":[130.1527,-16.6429]},"properties":{"d":"2026-09-30","t":"0536","frp":1.2,"b":334.8,"c":1,"s":"N20","n":0}},{"type":"Feature","geometry":{"type":"Point","coordinates":[130.191,-16.6406]},"properties":{"d":"2026-09-30","t":"0536","frp":37.4,"b":367.0,"c":2,"s":"N20","n":0}},{"type":"Feature","geometry":{"type":"Point","coordinates":[130.1709,-16.6393]},"properties":{"d":"2026-09-30","t":"0536","frp":5.5,"b":367.0,"c":2,"s":"N20","n":0}},{"type":"Feature","geometry":{"type":"Point","coordinates":[130.1741,-16.6387]},"properties":{"d":"2026-09-30","t":"0536","frp":5.5,"b":341.5,"c":1,"s":"N20","n":0}},{"type":"Feature","geometry":{"type":"Point","coordinates":[130.1773,-16.638]},"properties":{"d":"2026-09-30","t":"0536","frp":10.1,"b":340.1,"c":1,"s":"N20","n":0}},{"type":"Feature","geometry":{"type":"Point","coordinates":[130.1805,-16.6374]},"properties":{"d":"2026-09-30","t":"0536","frp":10.1,"b":367.0,"c":2,"s":"N20","n":0}},{"type":"Feature","geometry":{"type":"Point","coordinates":[130.1545,-16.6373]},"properties":{"d":"2026-09-30","t":"0536","frp":3.2,"b":337.1,"c":1,"s":"N20","n":0}},{"type":"Feature","geometry":{"type":"Point","coordinates":[130.1837,-16.6368]},"properties":{"d":"2026-09-30","t":"0536","frp":51.7,"b":367.0,"c":2,"s":"N20","n":0}},{"type":"Feature","geometry":{"type":"Point","coordinates":[130.1868,-16.6362]},"properties":{"d":"2026-09-30","t":"0536","frp":51.7,"b":348.1,"c":1,"s":"N20","n":0}},{"type":"Feature","geometry":{"type":"Point","coordinates":[130.1899,-16.6356]},"properties":{"d":"2026-09-30","t":"0536","frp":37.4,"b":367.0,"c":2,"s":"N20","n":0}},{"type":"Feature","geometry":{"type":"Point","coordinates":[130.1667,-16.6349]},"properties":{"d":"2026-09-30","t":"0536","frp":7.6,"b":336.4,"c":1,"s":"N20","n":0}},{"type":"Feature","geometry":{"type":"Point","coordinates":[130.1563,-16.6317]},"properties":{"d":"2026-09-30","t":"0536","frp":1.5,"b":336.6,"c":1,"s":"N20","n":0}},{"type":"Feature","geometry":{"type":"Point","coordinates":[130.1887,-16.6305]},"properties":{"d":"2026-09-30","t":"0536","frp":2.7,"b":347.2,"c":1,"s":"N20","n":0}},{"type":"Feature","geometry":{"type":"Point","coordinates":[130.1656,-16.6299]},"properties":{"d":"2026-09-30","t":"0536","frp":7.6,"b":355.1,"c":1,"s":"N20","n":0}},{"type":"Feature","geometry":{"type":"Point","coordinates":[130.1687,-16.6292]},"properties":{"d":"2026-09-30","t":"0536","frp":9.6,"b":336.2,"c":1,"s":"N20","n":0}},{"type":"Feature","geometry":{"type":"Point","coordinates":[130.1552,-16.6267]},"properties":{"d":"2026-09-30","t":"0536","frp":1.9,"b":338.4,"c":1,"s":"N20","n":0}},{"type":"Feature","geometry":{"type":"Point","coordinates":[130.1876,-16.6255]},"properties":{"d":"2026-09-30","t":"0536","frp":2.7,"b":340.0,"c":1,"s":"N20","n":0}},{"type":"Feature","geometry":{"type":"Point","coordinates":[130.1677,-16.6242]},"properties":{"d":"2026-09-30","t":"0536","frp":4.5,"b":334.2,"c":1,"s":"N20","n":0}},{"type":"Feature","geometry":{"type":"Point","coordinates":[130.1709,-16.6235]},"properties":{"d":"2026-09-30","t":"0536","frp":4.5,"b":356.5,"c":0,"s":"N20","n":0}},{"type":"Feature","geometry":{"type":"Point","coordinates":[130.1864,-16.6204]},"properties":{"d":"2026-09-30","t":"0536","frp":4.7,"b":350.8,"c":1,"s":"N20","n":0}},{"type":"Feature","geometry":{"type":"Point","coordinates":[130.1698,-16.6185]},"properties":{"d":"2026-09-30","t":"0536","frp":4.5,"b":349.7,"c":1,"s":"N20","n":0}},{"type":"Feature","geometry":{"type":"Point","coordinates":[130.173,-16.6179]},"properties":{"d":"2026-09-30","t":"0536","frp":6.2,"b":349.0,"c":1,"s":"N20","n":0}},{"type":"Feature","geometry":{"type":"Point","coordinates":[130.1853,-16.6154]},"properties":{"d":"2026-09-30","t":"0536","frp":4.7,"b":367.0,"c":2,"s":"N20","n":0}},{"type":"Feature","geometry":{"type":"Point","coordinates":[130.1782,-16.6115]},"properties":{"d":"2026-09-30","t":"0536","frp":3.2,"b":340.4,"c":1,"s":"N20","n":0}},{"type":"Feature","geometry":{"type":"Point","coordinates":[130.1812,-16.6109]},"properties":{"d":"2026-09-30","t":"0536","frp":3.2,"b":354.0,"c":1,"s":"N20","n":0}},{"type":"Feature","geometry":{"type":"Point","coordinates":[129.8717,-16.6055]},"properties":{"d":"2026-09-30","t":"0536","frp":3.6,"b":333.4,"c":1,"s":"N20","n":0}},{"type":"Feature","geometry":{"type":"Point","coordinates":[129.87,-16.6054]},"properties":{"d":"2026-09-30","t":"0536","frp":3.9,"b":333.5,"c":1,"s":"N20","n":0}},{"type":"Feature","geometry":{"type":"Point","coordinates":[130.1759,-16.6015]},"properties":{"d":"2026-09-30","t":"0536","frp":5.5,"b":341.3,"c":1,"s":"N20","n":0}},{"type":"Feature","geometry":{"type":"Point","coordinates":[130.179,-16.6008]},"properties":{"d":"2026-09-30","t":"0536","frp":5.5,"b":367.0,"c":2,"s":"N20","n":0}},{"type":"Feature","geometry":{"type":"Point","coordinates":[130.2175,-16.572]},"properties":{"d":"2026-09-30","t":"0536","frp":2.4,"b":332.3,"c":0,"s":"N20","n":0}},{"type":"Feature","geometry":{"type":"Point","coordinates":[130.2331,-16.5688]},"properties":{"d":"2026-09-30","t":"0536","frp":1.4,"b":330.8,"c":1,"s":"N20","n":0}},{"type":"Feature","geometry":{"type":"Point","coordinates":[130.2165,-16.5669]},"properties":{"d":"2026-09-30","t":"0536","frp":2.4,"b":351.4,"c":1,"s":"N20","n":0}},{"type":"Feature","geometry":{"type":"Point","coordinates":[130.2321,-16.5637]},"properties":{"d":"2026-09-30","t":"0536","frp":1.4,"b":333.7,"c":1,"s":"N20","n":0}},{"type":"Feature","geometry":{"type":"Point","coordinates":[130.2291,-16.5484]},"properties":{"d":"2026-09-30","t":"0536","frp":3.2,"b":338.1,"c":1,"s":"N20","n":0}},{"type":"Feature","geometry":{"type":"Point","coordinates":[130.2322,-16.5478]},"properties":{"d":"2026-09-30","t":"0536","frp":3.2,"b":347.5,"c":1,"s":"N20","n":0}},{"type":"Feature","geometry":{"type":"Point","coordinates":[130.2303,-16.5452]},"properties":{"d":"2026-09-30","t":"0536","frp":4.4,"b":345.4,"c":1,"s":"N20","n":0}},{"type":"Feature","geometry":{"type":"Point","coordinates":[129.8323,-16.5196]},"properties":{"d":"2026-09-30","t":"0536","frp":11.5,"b":341.7,"c":1,"s":"N20","n":0}},{"type":"Feature","geometry":{"type":"Point","coordinates":[129.8348,-16.5194]},"properties":{"d":"2026-09-30","t":"0536","frp":8.0,"b":349.9,"c":1,"s":"N20","n":0}},{"type":"Feature","geometry":{"type":"Point","coordinates":[129.8381,-16.5185]},"properties":{"d":"2026-09-30","t":"0536","frp":10.7,"b":335.7,"c":1,"s":"N20","n":0}},{"type":"Feature","geometry":{"type":"Point","coordinates":[129.8337,-16.5145]},"properties":{"d":"2026-09-30","t":"0536","frp":8.0,"b":333.8,"c":1,"s":"N20","n":0}},{"type":"Feature","geometry":{"type":"Point","coordinates":[129.836,-16.5086]},"properties":{"d":"2026-09-30","t":"0536","frp":11.1,"b":341.1,"c":1,"s":"N20","n":0}},{"type":"Feature","geometry":{"type":"Point","coordinates":[129.8385,-16.5084]},"properties":{"d":"2026-09-30","t":"0536","frp":5.0,"b":344.0,"c":1,"s":"N20","n":0}},{"type":"Feature","geometry":{"type":"Point","coordinates":[130.38,-16.4355]},"properties":{"d":"2026-09-30","t":"0536","frp":3.5,"b":334.6,"c":1,"s":"N20","n":0}},{"type":"Feature","geometry":{"type":"Point","coordinates":[130.3752,-16.415]},"properties":{"d":"2026-09-30","t":"0536","frp":8.2,"b":367.0,"c":2,"s":"N20","n":0}},{"type":"Feature","geometry":{"type":"Point","coordinates":[130.3728,-16.4141]},"properties":{"d":"2026-09-30","t":"0536","frp":5.8,"b":354.7,"c":1,"s":"N20","n":0}},{"type":"Feature","geometry":{"type":"Point","coordinates":[130.365,-16.3781]},"properties":{"d":"2026-09-30","t":"0536","frp":4.3,"b":350.2,"c":1,"s":"N20","n":0}},{"type":"Feature","geometry":{"type":"Point","coordinates":[130.0191,-16.0891]},"properties":{"d":"2026-09-30","t":"0536","frp":5.9,"b":353.4,"c":1,"s":"N20","n":0}},{"type":"Feature","geometry":{"type":"Point","coordinates":[133.8705,-15.9108]},"properties":{"d":"2026-09-30","t":"0536","frp":5.6,"b":330.6,"c":1,"s":"N20","n":0}},{"type":"Feature","geometry":{"type":"Point","coordinates":[133.8895,-15.8868]},"properties":{"d":"2026-09-30","t":"0536","frp":5.8,"b":332.6,"c":1,"s":"N20","n":0}},{"type":"Feature","geometry":{"type":"Point","coordinates":[133.8888,-15.8867]},"properties":{"d":"2026-09-30","t":"0536","frp":6.0,"b":332.1,"c":1,"s":"N20","n":0}},{"type":"Feature","geometry":{"type":"Point","coordinates":[132.2513,-15.6557]},"properties":{"d":"2026-09-30","t":"0536","frp":3.7,"b":343.4,"c":1,"s":"N20","n":0}},{"type":"Feature","geometry":{"type":"Point","coordinates":[132.2557,-15.6547]},"properties":{"d":"2026-09-30","t":"0536","frp":3.7,"b":341.4,"c":1,"s":"N20","n":0}},{"type":"Feature","geometry":{"type":"Point","coordinates":[124.4391,-15.5967]},"properties":{"d":"2026-09-30","t":"0536","frp":7.5,"b":347.4,"c":1,"s":"N20","n":0}},{"type":"Feature","geometry":{"type":"Point","coordinates":[124.4378,-15.5894]},"properties":{"d":"2026-09-30","t":"0536","frp":7.7,"b":335.7,"c":1,"s":"N20","n":0}},{"type":"Feature","geometry":{"type":"Point","coordinates":[124.4334,-15.5641]},"properties":{"d":"2026-09-30","t":"0536","frp":3.4,"b":340.0,"c":1,"s":"N20","n":0}},{"type":"Feature","geometry":{"type":"Point","coordinates":[124.4321,-15.5569]},"properties":{"d":"2026-09-30","t":"0536","frp":4.2,"b":333.4,"c":1,"s":"N20","n":0}},{"type":"Feature","geometry":{"type":"Point","coordinates":[133.821,-15.3073]},"properties":{"d":"2026-09-30","t":"0536","frp":12.2,"b":330.4,"c":1,"s":"N20","n":0}},{"type":"Feature","geometry":{"type":"Point","coordinates":[134.6675,-15.307]},"properties":{"d":"2026-09-30","t":"0536","frp":7.8,"b":350.1,"c":1,"s":"N20","n":0}},{"type":"Feature","geometry":{"type":"Point","coordinates":[133.8028,-15.3045]},"properties":{"d":"2026-09-30","t":"0536","frp":14.4,"b":333.8,"c":1,"s":"N20","n":0}},{"type":"Feature","geometry":{"type":"Point","coordinates":[133.8084,-15.3032]},"properties":{"d":"2026-09-30","t":"0536","frp":15.1,"b":332.1,"c":1,"s":"N20","n":0}},{"type":"Feature","geometry":{"type":"Point","coordinates":[134.6692,-15.3005]},"properties":{"d":"2026-09-30","t":"0536","frp":37.2,"b":367.0,"c":2,"s":"N20","n":0}},{"type":"Feature","geometry":{"type":"Point","coordinates":[134.6659,-15.3002]},"properties":{"d":"2026-09-30","t":"0536","frp":19.4,"b":355.2,"c":1,"s":"N20","n":0}},{"type":"Feature","geometry":{"type":"Point","coordinates":[134.6727,-15.2987]},"properties":{"d":"2026-09-30","t":"0536","frp":16.0,"b":356.3,"c":0,"s":"N20","n":0}},{"type":"Feature","geometry":{"type":"Point","coordinates":[134.6678,-15.2937]},"properties":{"d":"2026-09-30","t":"0536","frp":12.9,"b":367.0,"c":2,"s":"N20","n":0}},{"type":"Feature","geometry":{"type":"Point","coordinates":[134.6645,-15.2934]},"properties":{"d":"2026-09-30","t":"0536","frp":19.4,"b":334.4,"c":1,"s":"N20","n":0}},{"type":"Feature","geometry":{"type":"Point","coordinates":[134.6712,-15.2919]},"properties":{"d":"2026-09-30","t":"0536","frp":16.0,"b":347.1,"c":1,"s":"N20","n":0}},{"type":"Feature","geometry":{"type":"Point","coordinates":[134.6665,-15.2869]},"properties":{"d":"2026-09-30","t":"0536","frp":12.9,"b":337.1,"c":1,"s":"N20","n":0}},{"type":"Feature","geometry":{"type":"Point","coordinates":[132.7953,-14.4275]},"properties":{"d":"2026-09-30","t":"0536","frp":6.2,"b":337.3,"c":1,"s":"N20","n":0}},{"type":"Feature","geometry":{"type":"Point","coordinates":[132.7939,-14.4213]},"properties":{"d":"2026-09-30","t":"0536","frp":5.2,"b":334.9,"c":1,"s":"N20","n":0}},{"type":"Feature","geometry":{"type":"Point","coordinates":[132.8843,-14.3918]},"properties":{"d":"2026-09-30","t":"0536","frp":3.4,"b":337.0,"c":1,"s":"N20","n":0}},{"type":"Feature","geometry":{"type":"Point","coordinates":[132.8816,-14.3793]},"properties":{"d":"2026-09-30","t":"0536","frp":6.3,"b":338.3,"c":1,"s":"N20","n":0}},{"type":"Feature","geometry":{"type":"Point","coordinates":[131.7452,-14.1062]},"properties":{"d":"2026-09-30","t":"0536","frp":4.1,"b":332.5,"c":1,"s":"N20","n":0}},{"type":"Feature","geometry":{"type":"Point","coordinates":[130.2713,-13.6789]},"properties":{"d":"2026-09-30","t":"0536","frp":7.1,"b":340.1,"c":1,"s":"N20","n":0}},{"type":"Feature","geometry":{"type":"Point","coordinates":[131.2807,-12.9811]},"properties":{"d":"2026-09-30","t":"0536","frp":8.8,"b":340.6,"c":1,"s":"N20","n":0}},{"type":"Feature","geometry":{"type":"Point","coordinates":[131.2809,-12.9805]},"properties":{"d":"2026-09-30","t":"0536","frp":11.3,"b":343.4,"c":1,"s":"N20","n":0}},{"type":"Feature","geometry":{"type":"Point","coordinates":[131.2826,-12.9687]},"properties":{"d":"2026-09-30","t":"0536","frp":11.0,"b":334.1,"c":0,"s":"N20","n":0}},{"type":"Feature","geometry":{"type":"Point","coordinates":[131.2828,-12.968]},"properties":{"d":"2026-09-30","t":"0536","frp":11.0,"b":334.1,"c":1,"s":"N20","n":0}},{"type":"Feature","geometry":{"type":"Point","coordinates":[131.2868,-12.9679]},"properties":{"d":"2026-09-30","t":"0536","frp":10.6,"b":334.6,"c":1,"s":"N20","n":0}},{"type":"Feature","geometry":{"type":"Point","coordinates":[131.287,-12.9672]},"properties":{"d":"2026-09-30","t":"0536","frp":9.8,"b":335.0,"c":1,"s":"N20","n":0}},{"type":"Feature","geometry":{"type":"Point","coordinates":[131.291,-12.9671]},"properties":{"d":"2026-09-30","t":"0536","frp":10.6,"b":352.0,"c":1,"s":"N20","n":0}},{"type":"Feature","geometry":{"type":"Point","coordinates":[131.2912,-12.9663]},"properties":{"d":"2026-09-30","t":"0536","frp":9.8,"b":367.0,"c":2,"s":"N20","n":0}},{"type":"Feature","geometry":{"type":"Point","coordinates":[131.2953,-12.9662]},"properties":{"d":"2026-09-30","t":"0536","frp":11.8,"b":343.7,"c":1,"s":"N20","n":0}},{"type":"Feature","geometry":{"type":"Point","coordinates":[131.2954,-12.9655]},"properties":{"d":"2026-09-30","t":"0536","frp":11.5,"b":347.1,"c":1,"s":"N20","n":0}},{"type":"Feature","geometry":{"type":"Point","coordinates":[131.2856,-12.9621]},"properties":{"d":"2026-09-30","t":"0536","frp":10.6,"b":353.7,"c":1,"s":"N20","n":0}},{"type":"Feature","geometry":{"type":"Point","coordinates":[131.2858,-12.9614]},"properties":{"d":"2026-09-30","t":"0536","frp":9.8,"b":367.0,"c":2,"s":"N20","n":0}},{"type":"Feature","geometry":{"type":"Point","coordinates":[131.2898,-12.9612]},"properties":{"d":"2026-09-30","t":"0536","frp":10.6,"b":353.9,"c":1,"s":"N20","n":0}},{"type":"Feature","geometry":{"type":"Point","coordinates":[131.29,-12.9605]},"properties":{"d":"2026-09-30","t":"0536","frp":9.8,"b":353.4,"c":1,"s":"N20","n":0}},{"type":"Feature","geometry":{"type":"Point","coordinates":[131.2941,-12.9604]},"properties":{"d":"2026-09-30","t":"0536","frp":11.8,"b":367.0,"c":2,"s":"N20","n":0}},{"type":"Feature","geometry":{"type":"Point","coordinates":[131.2943,-12.9596]},"properties":{"d":"2026-09-30","t":"0536","frp":11.5,"b":367.0,"c":2,"s":"N20","n":0}},{"type":"Feature","geometry":{"type":"Point","coordinates":[131.2983,-12.9596]},"properties":{"d":"2026-09-30","t":"0536","frp":11.8,"b":367.0,"c":2,"s":"N20","n":0}},{"type":"Feature","geometry":{"type":"Point","coordinates":[131.2985,-12.9588]},"properties":{"d":"2026-09-30","t":"0536","frp":11.5,"b":356.3,"c":1,"s":"N20","n":0}},{"type":"Feature","geometry":{"type":"Point","coordinates":[131.2761,-12.9579]},"properties":{"d":"2026-09-30","t":"0536","frp":11.0,"b":367.0,"c":2,"s":"N20","n":0}},{"type":"Feature","geometry":{"type":"Point","coordinates":[131.2803,-12.9571]},"properties":{"d":"2026-09-30","t":"0536","frp":11.0,"b":367.0,"c":2,"s":"N20","n":0}},{"type":"Feature","geometry":{"type":"Point","coordinates":[131.311,-12.9571]},"properties":{"d":"2026-09-30","t":"0536","frp":7.7,"b":367.0,"c":2,"s":"N20","n":0}},{"type":"Feature","geometry":{"type":"Point","coordinates":[131.2844,-12.9563]},"properties":{"d":"2026-09-30","t":"0536","frp":7.9,"b":335.5,"c":1,"s":"N20","n":0}},{"type":"Feature","geometry":{"type":"Point","coordinates":[131.3112,-12.9562]},"properties":{"d":"2026-09-30","t":"0536","frp":6.4,"b":367.0,"c":2,"s":"N20","n":0}},{"type":"Feature","geometry":{"type":"Point","coordinates":[131.3002,-12.9471]},"properties":{"d":"2026-09-30","t":"0536","frp":13.6,"b":343.9,"c":1,"s":"N20","n":0}},{"type":"Feature","geometry":{"type":"Point","coordinates":[131.2948,-12.9421]},"properties":{"d":"2026-09-30","t":"0536","frp":17.7,"b":367.0,"c":2,"s":"N20","n":0}},{"type":"Feature","geometry":{"type":"Point","coordinates":[131.2991,-12.9413]},"properties":{"d":"2026-09-30","t":"0536","frp":20.1,"b":367.0,"c":2,"s":"N20","n":0}},{"type":"Feature","geometry":{"type":"Point","coordinates":[131.3767,-12.9319]},"properties":{"d":"2026-09-30","t":"0536","frp":4.4,"b":338.4,"c":1,"s":"N20","n":0}},{"type":"Feature","geometry":{"type":"Point","coordinates":[131.381,-12.9311]},"properties":{"d":"2026-09-30","t":"0536","frp":4.4,"b":333.8,"c":1,"s":"N20","n":0}},{"type":"Feature","geometry":{"type":"Point","coordinates":[131.3713,-12.9269]},"properties":{"d":"2026-09-30","t":"0536","frp":8.1,"b":342.2,"c":1,"s":"N20","n":0}},{"type":"Feature","geometry":{"type":"Point","coordinates":[131.37,-12.9211]},"properties":{"d":"2026-09-30","t":"0536","frp":8.1,"b":367.0,"c":2,"s":"N20","n":0}},{"type":"Feature","geometry":{"type":"Point","coordinates":[131.398,-12.7178]},"properties":{"d":"2026-09-30","t":"0536","frp":4.5,"b":344.2,"c":1,"s":"N20","n":0}},{"type":"Feature","geometry":{"type":"Point","coordinates":[132.241,-12.6945]},"properties":{"d":"2026-09-30","t":"0536","frp":3.8,"b":336.6,"c":1,"s":"N20","n":0}},{"type":"Feature","geometry":{"type":"Point","coordinates":[132.2427,-12.6891]},"properties":{"d":"2026-09-30","t":"0536","frp":11.6,"b":338.6,"c":1,"s":"N20","n":0}},{"type":"Feature","geometry":{"type":"Point","coordinates":[132.2397,-12.6883]},"properties":{"d":"2026-09-30","t":"0536","frp":5.3,"b":341.5,"c":1,"s":"N20","n":0}},{"type":"Feature","geometry":{"type":"Point","coordinates":[132.2364,-12.6839]},"properties":{"d":"2026-09-30","t":"0536","frp":6.9,"b":332.5,"c":1,"s":"N20","n":0}},{"type":"Feature","geometry":{"type":"Point","coordinates":[132.2385,-12.6821]},"properties":{"d":"2026-09-30","t":"0536","frp":5.3,"b":333.0,"c":1,"s":"N20","n":0}},{"type":"Feature","geometry":{"type":"Point","coordinates":[132.234,-12.6716]},"properties":{"d":"2026-09-30","t":"0536","frp":7.1,"b":338.6,"c":1,"s":"N20","n":0}},{"type":"Feature","geometry":{"type":"Point","coordinates":[132.236,-12.6698]},"properties":{"d":"2026-09-30","t":"0536","frp":10.7,"b":351.2,"c":1,"s":"N20","n":0}},{"type":"Feature","geometry":{"type":"Point","coordinates":[132.2327,-12.6654]},"properties":{"d":"2026-09-30","t":"0536","frp":7.1,"b":337.0,"c":1,"s":"N20","n":0}},{"type":"Feature","geometry":{"type":"Point","coordinates":[132.2299,-12.6646]},"properties":{"d":"2026-09-30","t":"0536","frp":4.9,"b":332.4,"c":1,"s":"N20","n":0}},{"type":"Feature","geometry":{"type":"Point","coordinates":[132.1698,-12.5254]},"properties":{"d":"2026-09-30","t":"0536","frp":7.8,"b":336.5,"c":1,"s":"N20","n":0}},{"type":"Feature","geometry":{"type":"Point","coordinates":[134.2527,-12.1146]},"properties":{"d":"2026-09-30","t":"0536","frp":7.6,"b":343.5,"c":1,"s":"N20","n":0}},{"type":"Feature","geometry":{"type":"Point","coordinates":[134.2512,-12.1076]},"properties":{"d":"2026-09-30","t":"0536","frp":5.7,"b":338.8,"c":1,"s":"N20","n":0}},{"type":"Feature","geometry":{"type":"Point","coordinates":[130.4024,-11.791]},"properties":{"d":"2026-09-30","t":"0538","frp":4.7,"b":333.0,"c":1,"s":"N20","n":0}},{"type":"Feature","geometry":{"type":"Point","coordinates":[130.6899,-11.729]},"properties":{"d":"2026-09-30","t":"0538","frp":5.7,"b":342.0,"c":1,"s":"N20","n":0}},{"type":"Feature","geometry":{"type":"Point","coordinates":[130.6938,-11.7282]},"properties":{"d":"2026-09-30","t":"0538","frp":5.7,"b":367.0,"c":2,"s":"N20","n":0}},{"type":"Feature","geometry":{"type":"Point","coordinates":[121.8627,-10.5046]},"properties":{"d":"2026-09-30","t":"0538","frp":1.4,"b":335.3,"c":0,"s":"N20","n":0}},{"type":"Feature","geometry":{"type":"Point","coordinates":[123.778,-10.3478]},"properties":{"d":"2026-09-30","t":"0538","frp":31.8,"b":334.2,"c":1,"s":"N20","n":0}},{"type":"Feature","geometry":{"type":"Point","coordinates":[123.6944,-10.2684]},"properties":{"d":"2026-09-30","t":"0538","frp":5.7,"b":343.7,"c":1,"s":"N20","n":0}},{"type":"Feature","geometry":{"type":"Point","coordinates":[120.2947,-10.2296]},"properties":{"d":"2026-09-30","t":"0538","frp":3.9,"b":337.9,"c":1,"s":"N20","n":0}},{"type":"Feature","geometry":{"type":"Point","coordinates":[124.0128,-10.1691]},"properties":{"d":"2026-09-30","t":"0538","frp":10.3,"b":334.7,"c":1,"s":"N20","n":0}},{"type":"Feature","geometry":{"type":"Point","coordinates":[124.3363,-10.1525]},"properties":{"d":"2026-09-30","t":"0538","frp":3.2,"b":333.3,"c":1,"s":"N20","n":0}},{"type":"Feature","geometry":{"type":"Point","coordinates":[124.3461,-10.1509]},"properties":{"d":"2026-09-30","t":"0538","frp":4.2,"b":337.0,"c":1,"s":"N20","n":0}},{"type":"Feature","geometry":{"type":"Point","coordinates":[124.2992,-10.1429]},"properties":{"d":"2026-09-30","t":"0538","frp":6.4,"b":337.0,"c":1,"s":"N20","n":0}},{"type":"Feature","geometry":{"type":"Point","coordinates":[120.0934,-10.1385]},"properties":{"d":"2026-09-30","t":"0538","frp":5.9,"b":337.5,"c":1,"s":"N20","n":0}},{"type":"Feature","geometry":{"type":"Point","coordinates":[124.3132,-10.1365]},"properties":{"d":"2026-09-30","t":"0538","frp":5.6,"b":337.6,"c":0,"s":"N20","n":0}},{"type":"Feature","geometry":{"type":"Point","coordinates":[124.315,-10.1352]},"properties":{"d":"2026-09-30","t":"0538","frp":6.9,"b":337.8,"c":1,"s":"N20","n":0}},{"type":"Feature","geometry":{"type":"Point","coordinates":[123.9348,-10.1079]},"properties":{"d":"2026-09-30","t":"0538","frp":3.5,"b":332.7,"c":1,"s":"N20","n":0}},{"type":"Feature","geometry":{"type":"Point","coordinates":[120.4069,-10.1038]},"properties":{"d":"2026-09-30","t":"0538","frp":1.6,"b":336.6,"c":1,"s":"N20","n":0}},{"type":"Feature","geometry":{"type":"Point","coordinates":[124.2087,-10.1012]},"properties":{"d":"2026-09-30","t":"0538","frp":3.2,"b":334.3,"c":0,"s":"N20","n":0}},{"type":"Feature","geometry":{"type":"Point","coordinates":[124.2081,-10.0973]},"properties":{"d":"2026-09-30","t":"0538","frp":3.2,"b":337.5,"c":1,"s":"N20","n":0}},{"type":"Feature","geometry":{"type":"Point","coordinates":[120.4553,-10.0692]},"properties":{"d":"2026-09-30","t":"0538","frp":5.4,"b":331.6,"c":1,"s":"N20","n":0}},{"type":"Feature","geometry":{"type":"Point","coordinates":[123.881,-10.0314]},"properties":{"d":"2026-09-30","t":"0538","frp":3.0,"b":338.0,"c":1,"s":"N20","n":0}},{"type":"Feature","geometry":{"type":"Point","coordinates":[120.4866,-9.993]},"properties":{"d":"2026-09-30","t":"0538","frp":2.0,"b":332.3,"c":1,"s":"N20","n":0}},{"type":"Feature","geometry":{"type":"Point","coordinates":[120.2758,-9.9577]},"properties":{"d":"2026-09-30","t":"0538","frp":1.7,"b":333.7,"c":0,"s":"N20","n":0}},{"type":"Feature","geometry":{"type":"Point","coordinates":[120.3975,-9.9558]},"properties":{"d":"2026-09-30","t":"0538","frp":6.3,"b":337.1,"c":0,"s":"N20","n":0}},{"type":"Feature","geometry":{"type":"Point","coordinates":[124.1697,-9.9515]},"properties":{"d":"2026-09-30","t":"0538","frp":3.6,"b":336.9,"c":1,"s":"N20","n":0}},{"type":"Feature","geometry":{"type":"Point","coordinates":[124.3714,-9.9292]},"properties":{"d":"2026-09-30","t":"0538","frp":1.8,"b":334.2,"c":0,"s":"N20","n":0}},{"type":"Feature","geometry":{"type":"Point","coordinates":[119.9843,-9.9278]},"properties":{"d":"2026-09-30","t":"0538","frp":5.8,"b":332.7,"c":0,"s":"N20","n":0}},{"type":"Feature","geometry":{"type":"Point","coordinates":[120.3598,-9.9209]},"properties":{"d":"2026-09-30","t":"0538","frp":1.8,"b":335.3,"c":0,"s":"N20","n":0}},{"type":"Feature","geometry":{"type":"Point","coordinates":[123.8881,-9.91]},"properties":{"d":"2026-09-30","t":"0538","frp":18.5,"b":342.9,"c":1,"s":"N20","n":0}},{"type":"Feature","geometry":{"type":"Point","coordinates":[123.9894,-9.8969]},"properties":{"d":"2026-09-30","t":"0538","frp":5.0,"b":339.7,"c":1,"s":"N20","n":0}},{"type":"Feature","geometry":{"type":"Point","coordinates":[120.4134,-9.8956]},"properties":{"d":"2026-09-30","t":"0538","frp":1.9,"b":332.9,"c":0,"s":"N20","n":0}},{"type":"Feature","geometry":{"type":"Point","coordinates":[120.3384,-9.8802]},"properties":{"d":"2026-09-30","t":"0538","frp":4.6,"b":348.1,"c":1,"s":"N20","n":0}},{"type":"Feature","geometry":{"type":"Point","coordinates":[124.1688,-9.8787]},"properties":{"d":"2026-09-30","t":"0538","frp":5.8,"b":341.7,"c":1,"s":"N20","n":0}},{"type":"Feature","geometry":{"type":"Point","coordinates":[120.4816,-9.8751]},"properties":{"d":"2026-09-30","t":"0538","frp":5.8,"b":337.8,"c":0,"s":"N20","n":0}},{"type":"Feature","geometry":{"type":"Point","coordinates":[124.1682,-9.8748]},"properties":{"d":"2026-09-30","t":"0538","frp":4.3,"b":336.4,"c":0,"s":"N20","n":0}},{"type":"Feature","geometry":{"type":"Point","coordinates":[124.6679,-9.8705]},"properties":{"d":"2026-09-30","t":"0538","frp":3.9,"b":333.2,"c":1,"s":"N20","n":0}},{"type":"Feature","geometry":{"type":"Point","coordinates":[120.3222,-9.8454]},"properties":{"d":"2026-09-30","t":"0538","frp":6.3,"b":340.2,"c":0,"s":"N20","n":0}},{"type":"Feature","geometry":{"type":"Point","coordinates":[124.0552,-9.8402]},"properties":{"d":"2026-09-30","t":"0538","frp":5.1,"b":333.4,"c":0,"s":"N20","n":0}},{"type":"Feature","geometry":{"type":"Point","coordinates":[120.3482,-9.8277]},"properties":{"d":"2026-09-30","t":"0538","frp":1.9,"b":339.7,"c":1,"s":"N20","n":0}},{"type":"Feature","geometry":{"type":"Point","coordinates":[123.7767,-9.8198]},"properties":{"d":"2026-09-30","t":"0538","frp":2.3,"b":335.2,"c":1,"s":"N20","n":0}},{"type":"Feature","geometry":{"type":"Point","coordinates":[119.9503,-9.8074]},"properties":{"d":"2026-09-30","t":"0538","frp":6.6,"b":348.6,"c":1,"s":"N20","n":0}},{"type":"Feature","geometry":{"type":"Point","coordinates":[120.4996,-9.8043]},"properties":{"d":"2026-09-30","t":"0538","frp":2.5,"b":338.7,"c":0,"s":"N20","n":0}},{"type":"Feature","geometry":{"type":"Point","coordinates":[123.681,-9.7851]},"properties":{"d":"2026-09-30","t":"0538","frp":6.2,"b":334.5,"c":1,"s":"N20","n":0}},{"type":"Feature","geometry":{"type":"Point","coordinates":[120.1858,-9.7814]},"properties":{"d":"2026-09-30","t":"0538","frp":2.1,"b":335.1,"c":0,"s":"N20","n":0}},{"type":"Feature","geometry":{"type":"Point","coordinates":[120.0428,-9.7593]},"properties":{"d":"2026-09-30","t":"0538","frp":1.4,"b":336.9,"c":0,"s":"N20","n":0}},{"type":"Feature","geometry":{"type":"Point","coordinates":[123.6987,-9.7436]},"properties":{"d":"2026-09-30","t":"0538","frp":4.6,"b":334.6,"c":1,"s":"N20","n":0}},{"type":"Feature","geometry":{"type":"Point","coordinates":[123.7019,-9.7353]},"properties":{"d":"2026-09-30","t":"0538","frp":3.1,"b":330.7,"c":1,"s":"N20","n":0}},{"type":"Feature","geometry":{"type":"Point","coordinates":[123.7066,-9.7345]},"properties":{"d":"2026-09-30","t":"0538","frp":4.0,"b":335.1,"c":1,"s":"N20","n":0}},{"type":"Feature","geometry":{"type":"Point","coordinates":[120.3239,-9.7228]},"properties":{"d":"2026-09-30","t":"0538","frp":3.0,"b":337.5,"c":0,"s":"N20","n":0}},{"type":"Feature","geometry":{"type":"Point","coordinates":[120.4267,-9.7137]},"properties":{"d":"2026-09-30","t":"0538","frp":4.0,"b":347.2,"c":1,"s":"N20","n":0}},{"type":"Feature","geometry":{"type":"Point","coordinates":[120.4303,-9.7131]},"properties":{"d":"2026-09-30","t":"0538","frp":4.0,"b":354.6,"c":1,"s":"N20","n":0}},{"type":"Feature","geometry":{"type":"Point","coordinates":[120.4332,-9.7093]},"properties":{"d":"2026-09-30","t":"0538","frp":2.7,"b":342.3,"c":0,"s":"N20","n":0}},{"type":"Feature","geometry":{"type":"Point","coordinates":[119.7878,-9.7068]},"properties":{"d":"2026-09-30","t":"0538","frp":26.3,"b":343.6,"c":1,"s":"N20","n":0}},{"type":"Feature","geometry":{"type":"Point","coordinates":[120.4363,-9.7054]},"properties":{"d":"2026-09-30","t":"0538","frp":2.7,"b":338.6,"c":0,"s":"N20","n":0}},{"type":"Feature","geometry":{"type":"Point","coordinates":[120.2229,-9.7011]},"properties":{"d":"2026-09-30","t":"0538","frp":0.8,"b":332.6,"c":0,"s":"N20","n":0}},{"type":"Feature","geometry":{"type":"Point","coordinates":[120.4423,-9.6976]},"properties":{"d":"2026-09-30","t":"0538","frp":6.3,"b":341.1,"c":1,"s":"N20","n":0}},{"type":"Feature","geometry":{"type":"Point","coordinates":[119.8523,-9.6868]},"properties":{"d":"2026-09-30","t":"0538","frp":3.2,"b":335.0,"c":0,"s":"N20","n":0}},{"type":"Feature","geometry":{"type":"Point","coordinates":[119.4988,-9.6862]},"properties":{"d":"2026-09-30","t":"0538","frp":3.1,"b":333.4,"c":1,"s":"N20","n":0}},{"type":"Feature","geometry":{"type":"Point","coordinates":[119.7309,-9.685]},"properties":{"d":"2026-09-30","t":"0538","frp":4.2,"b":336.2,"c":1,"s":"N20","n":0}},{"type":"Feature","geometry":{"type":"Point","coordinates":[119.7343,-9.6845]},"properties":{"d":"2026-09-30","t":"0538","frp":4.8,"b":337.6,"c":1,"s":"N20","n":0}},{"type":"Feature","geometry":{"type":"Point","coordinates":[123.8283,-9.6676]},"properties":{"d":"2026-09-30","t":"0538","frp":5.9,"b":337.6,"c":1,"s":"N20","n":0}},{"type":"Feature","geometry":{"type":"Point","coordinates":[119.6024,-9.6637]},"properties":{"d":"2026-09-30","t":"0538","frp":3.2,"b":337.2,"c":0,"s":"N20","n":0}},{"type":"Feature","geometry":{"type":"Point","coordinates":[119.787,-9.6592]},"properties":{"d":"2026-09-30","t":"0538","frp":2.9,"b":337.4,"c":1,"s":"N20","n":0}},{"type":"Feature","geometry":{"type":"Point","coordinates":[119.7796,-9.657]},"properties":{"d":"2026-09-30","t":"0538","frp":2.2,"b":333.9,"c":0,"s":"N20","n":0}},{"type":"Feature","geometry":{"type":"Point","coordinates":[124.267,-9.657]},"properties":{"d":"2026-09-30","t":"0538","frp":3.6,"b":331.9,"c":1,"s":"N20","n":0}},{"type":"Feature","geometry":{"type":"Point","coordinates":[119.5928,-9.6482]},"properties":{"d":"2026-09-30","t":"0538","frp":4.1,"b":338.9,"c":0,"s":"N20","n":0}},{"type":"Feature","geometry":{"type":"Point","coordinates":[119.8058,-9.6191]},"properties":{"d":"2026-09-30","t":"0538","frp":5.8,"b":344.9,"c":1,"s":"N20","n":0}},{"type":"Feature","geometry":{"type":"Point","coordinates":[119.8093,-9.6186]},"properties":{"d":"2026-09-30","t":"0538","frp":4.8,"b":341.3,"c":1,"s":"N20","n":0}},{"type":"Feature","geometry":{"type":"Point","coordinates":[123.7788,-9.6177]},"properties":{"d":"2026-09-30","t":"0538","frp":5.8,"b":334.2,"c":1,"s":"N20","n":0}},{"type":"Feature","geometry":{"type":"Point","coordinates":[124.0971,-9.6082]},"properties":{"d":"2026-09-30","t":"0538","frp":3.6,"b":335.0,"c":1,"s":"N20","n":0}},{"type":"Feature","geometry":{"type":"Point","coordinates":[124.1018,-9.6075]},"properties":{"d":"2026-09-30","t":"0538","frp":5.2,"b":334.1,"c":0,"s":"N20","n":0}},{"type":"Feature","geometry":{"type":"Point","coordinates":[124.3737,-9.6029]},"properties":{"d":"2026-09-30","t":"0538","frp":5.7,"b":343.1,"c":1,"s":"N20","n":0}},{"type":"Feature","geometry":{"type":"Point","coordinates":[119.4908,-9.5925]},"properties":{"d":"2026-09-30","t":"0538","frp":3.7,"b":336.2,"c":1,"s":"N20","n":0}},{"type":"Feature","geometry":{"type":"Point","coordinates":[124.117,-9.5851]},"properties":{"d":"2026-09-30","t":"0538","frp":5.0,"b":334.2,"c":0,"s":"N20","n":0}},{"type":"Feature","geometry":{"type":"Point","coordinates":[124.1162,-9.5813]},"properties":{"d":"2026-09-30","t":"0538","frp":5.3,"b":335.2,"c":0,"s":"N20","n":0}},{"type":"Feature","geometry":{"type":"Point","coordinates":[124.1153,-9.5775]},"properties":{"d":"2026-09-30","t":"0538","frp":5.3,"b":339.2,"c":1,"s":"N20","n":0}},{"type":"Feature","geometry":{"type":"Point","coordinates":[124.017,-9.5701]},"properties":{"d":"2026-09-30","t":"0538","frp":7.3,"b":338.5,"c":1,"s":"N20","n":0}},{"type":"Feature","geometry":{"type":"Point","coordinates":[123.9708,-9.57]},"properties":{"d":"2026-09-30","t":"0538","frp":4.9,"b":335.1,"c":1,"s":"N20","n":0}},{"type":"Feature","geometry":{"type":"Point","coordinates":[124.0166,-9.5663]},"properties":{"d":"2026-09-30","t":"0538","frp":6.3,"b":332.8,"c":0,"s":"N20","n":0}},{"type":"Feature","geometry":{"type":"Point","coordinates":[119.8011,-9.5657]},"properties":{"d":"2026-09-30","t":"0538","frp":4.6,"b":342.4,"c":1,"s":"N20","n":0}},{"type":"Feature","geometry":{"type":"Point","coordinates":[124.4608,-9.5402]},"properties":{"d":"2026-09-30","t":"0538","frp":8.3,"b":331.2,"c":0,"s":"N20","n":0}},{"type":"Feature","geometry":{"type":"Point","coordinates":[124.4602,-9.5362]},"properties":{"d":"2026-09-30","t":"0538","frp":8.3,"b":336.4,"c":1,"s":"N20","n":0}},{"type":"Feature","geometry":{"type":"Point","coordinates":[124.313,-9.5205]},"properties":{"d":"2026-09-30","t":"0538","frp":9.1,"b":349.4,"c":1,"s":"N20","n":0}},{"type":"Feature","geometry":{"type":"Point","coordinates":[124.7785,-9.5132]},"properties":{"d":"2026-09-30","t":"0538","frp":1.7,"b":336.5,"c":1,"s":"N20","n":0}},{"type":"Feature","geometry":{"type":"Point","coordinates":[124.7779,-9.5123]},"properties":{"d":"2026-09-30","t":"0538","frp":2.4,"b":336.4,"c":1,"s":"N20","n":0}},{"type":"Feature","geometry":{"type":"Point","coordinates":[124.8778,-9.5043]},"properties":{"d":"2026-09-30","t":"0538","frp":2.3,"b":336.6,"c":1,"s":"N20","n":0}},{"type":"Feature","geometry":{"type":"Point","coordinates":[119.5507,-9.4954]},"properties":{"d":"2026-09-30","t":"0538","frp":2.6,"b":332.8,"c":1,"s":"N20","n":0}},{"type":"Feature","geometry":{"type":"Point","coordinates":[124.0055,-9.4911]},"properties":{"d":"2026-09-30","t":"0538","frp":4.5,"b":332.0,"c":0,"s":"N20","n":0}},{"type":"Feature","geometry":{"type":"Point","coordinates":[123.9956,-9.4888]},"properties":{"d":"2026-09-30","t":"0538","frp":6.1,"b":330.7,"c":0,"s":"N20","n":0}},{"type":"Feature","geometry":{"type":"Point","coordinates":[124.3068,-9.4814]},"properties":{"d":"2026-09-30","t":"0538","frp":2.1,"b":332.2,"c":0,"s":"N20","n":0}},{"type":"Feature","geometry":{"type":"Point","coordinates":[124.157,-9.474]},"properties":{"d":"2026-09-30","t":"0538","frp":3.3,"b":332.9,"c":0,"s":"N20","n":0}},{"type":"Feature","geometry":{"type":"Point","coordinates":[124.255,-9.4537]},"properties":{"d":"2026-09-30","t":"0538","frp":1.5,"b":336.3,"c":0,"s":"N20","n":0}},{"type":"Feature","geometry":{"type":"Point","coordinates":[124.815,-9.4521]},"properties":{"d":"2026-09-30","t":"0538","frp":6.9,"b":341.2,"c":1,"s":"N20","n":0}},{"type":"Feature","geometry":{"type":"Point","coordinates":[124.1787,-9.4505]},"properties":{"d":"2026-09-30","t":"0538","frp":6.3,"b":340.3,"c":1,"s":"N20","n":0}},{"type":"Feature","geometry":{"type":"Point","coordinates":[124.5843,-9.4419]},"properties":{"d":"2026-09-30","t":"0538","frp":1.9,"b":336.8,"c":1,"s":"N20","n":0}},{"type":"Feature","geometry":{"type":"Point","coordinates":[124.2983,-9.4385]},"properties":{"d":"2026-09-30","t":"0538","frp":3.6,"b":332.8,"c":0,"s":"N20","n":0}},{"type":"Feature","geometry":{"type":"Point","coordinates":[124.0035,-9.4362]},"properties":{"d":"2026-09-30","t":"0538","frp":2.0,"b":332.2,"c":0,"s":"N20","n":0}},{"type":"Feature","geometry":{"type":"Point","coordinates":[119.4055,-9.4358]},"properties":{"d":"2026-09-30","t":"0538","frp":8.0,"b":344.7,"c":1,"s":"N20","n":0}},{"type":"Feature","geometry":{"type":"Point","coordinates":[124.4081,-9.4323]},"properties":{"d":"2026-09-30","t":"0538","frp":4.5,"b":339.7,"c":1,"s":"N20","n":0}},{"type":"Feature","geometry":{"type":"Point","coordinates":[119.1446,-9.4212]},"properties":{"d":"2026-09-30","t":"0538","frp":3.0,"b":339.0,"c":1,"s":"N20","n":0}},{"type":"Feature","geometry":{"type":"Point","coordinates":[124.421,-9.418]},"properties":{"d":"2026-09-30","t":"0538","frp":2.3,"b":332.0,"c":0,"s":"N20","n":0}},{"type":"Feature","geometry":{"type":"Point","coordinates":[124.3669,-9.4069]},"properties":{"d":"2026-09-30","t":"0538","frp":4.6,"b":336.8,"c":0,"s":"N20","n":0}},{"type":"Feature","geometry":{"type":"Point","coordinates":[124.3662,-9.403]},"properties":{"d":"2026-09-30","t":"0538","frp":4.6,"b":339.4,"c":0,"s":"N20","n":0}},{"type":"Feature","geometry":{"type":"Point","coordinates":[124.0232,-9.3953]},"properties":{"d":"2026-09-30","t":"0538","frp":20.4,"b":343.1,"c":1,"s":"N20","n":0}},{"type":"Feature","geometry":{"type":"Point","coordinates":[119.1935,-9.39]},"properties":{"d":"2026-09-30","t":"0538","frp":5.0,"b":338.7,"c":0,"s":"N20","n":0}},{"type":"Feature","geometry":{"type":"Point","coordinates":[124.3286,-9.3891]},"properties":{"d":"2026-09-30","t":"0538","frp":6.7,"b":336.1,"c":0,"s":"N20","n":0}},{"type":"Feature","geometry":{"type":"Point","coordinates":[124.3147,-9.3795]},"properties":{"d":"2026-09-30","t":"0538","frp":7.2,"b":347.7,"c":1,"s":"N20","n":0}},{"type":"Feature","geometry":{"type":"Point","coordinates":[124.3171,-9.379]},"properties":{"d":"2026-09-30","t":"0538","frp":5.7,"b":342.3,"c":1,"s":"N20","n":0}},{"type":"Feature","geometry":{"type":"Point","coordinates":[124.8608,-9.3526]},"properties":{"d":"2026-09-30","t":"0538","frp":1.8,"b":330.8,"c":0,"s":"N20","n":0}},{"type":"Feature","geometry":{"type":"Point","coordinates":[124.9939,-9.3387]},"properties":{"d":"2026-09-30","t":"0538","frp":2.5,"b":335.5,"c":1,"s":"N20","n":0}},{"type":"Feature","geometry":{"type":"Point","coordinates":[124.4062,-9.3362]},"properties":{"d":"2026-09-30","t":"0538","frp":1.5,"b":335.1,"c":1,"s":"N20","n":0}},{"type":"Feature","geometry":{"type":"Point","coordinates":[124.3187,-9.3063]},"properties":{"d":"2026-09-30","t":"0538","frp":1.6,"b":330.9,"c":0,"s":"N20","n":0}},{"type":"Feature","geometry":{"type":"Point","coordinates":[124.3179,-9.3024]},"properties":{"d":"2026-09-30","t":"0538","frp":1.6,"b":337.2,"c":1,"s":"N20","n":0}},{"type":"Feature","geometry":{"type":"Point","coordinates":[125.0186,-9.2755]},"properties":{"d":"2026-09-30","t":"0538","frp":1.6,"b":339.7,"c":1,"s":"N20","n":0}},{"type":"Feature","geometry":{"type":"Point","coordinates":[124.8092,-9.2735]},"properties":{"d":"2026-09-30","t":"0538","frp":4.8,"b":346.9,"c":1,"s":"N20","n":0}},{"type":"Feature","geometry":{"type":"Point","coordinates":[124.9528,-9.2699]},"properties":{"d":"2026-09-30","t":"0538","frp":2.6,"b":330.9,"c":0,"s":"N20","n":0}},{"type":"Feature","geometry":{"type":"Point","coordinates":[124.8083,-9.2695]},"properties":{"d":"2026-09-30","t":"0538","frp":4.8,"b":346.8,"c":1,"s":"N20","n":0}},{"type":"Feature","geometry":{"type":"Point","coordinates":[124.7075,-9.2655]},"properties":{"d":"2026-09-30","t":"0538","frp":4.3,"b":333.8,"c":1,"s":"N20","n":0}},{"type":"Feature","geometry":{"type":"Point","coordinates":[124.4096,-9.2626]},"properties":{"d":"2026-09-30","t":"0538","frp":7.4,"b":338.8,"c":1,"s":"N20","n":0}},{"type":"Feature","geometry":{"type":"Point","coordinates":[124.7069,-9.2615]},"properties":{"d":"2026-09-30","t":"0538","frp":4.3,"b":347.2,"c":1,"s":"N20","n":0}},{"type":"Feature","geometry":{"type":"Point","coordinates":[124.8063,-9.2615]},"properties":{"d":"2026-09-30","t":"0538","frp":3.3,"b":342.2,"c":1,"s":"N20","n":0}},{"type":"Feature","geometry":{"type":"Point","coordinates":[124.3899,-9.2588]},"properties":{"d":"2026-09-30","t":"0538","frp":10.4,"b":334.9,"c":1,"s":"N20","n":0}},{"type":"Feature","geometry":{"type":"Point","coordinates":[124.3925,-9.2574]},"properties":{"d":"2026-09-30","t":"0538","frp":12.9,"b":340.8,"c":1,"s":"N20","n":0}},{"type":"Feature","geometry":{"type":"Point","coordinates":[125.4264,-9.2572]},"properties":{"d":"2026-09-30","t":"0538","frp":5.8,"b":342.2,"c":1,"s":"N20","n":0}},{"type":"Feature","geometry":{"type":"Point","coordinates":[124.9152,-9.2475]},"properties":{"d":"2026-09-30","t":"0538","frp":8.4,"b":345.1,"c":1,"s":"N20","n":0}},{"type":"Feature","geometry":{"type":"Point","coordinates":[124.8966,-9.217]},"properties":{"d":"2026-09-30","t":"0538","frp":2.0,"b":339.3,"c":1,"s":"N20","n":0}},{"type":"Feature","geometry":{"type":"Point","coordinates":[124.6968,-9.2011]},"properties":{"d":"2026-09-30","t":"0538","frp":4.5,"b":331.9,"c":0,"s":"N20","n":0}},{"type":"Feature","geometry":{"type":"Point","coordinates":[125.1207,-9.162]},"properties":{"d":"2026-09-30","t":"0538","frp":5.6,"b":341.4,"c":1,"s":"N20","n":0}},{"type":"Feature","geometry":{"type":"Point","coordinates":[125.084,-9.1513]},"properties":{"d":"2026-09-30","t":"0538","frp":5.8,"b":343.0,"c":1,"s":"N20","n":0}},{"type":"Feature","geometry":{"type":"Point","coordinates":[125.0242,-9.1489]},"properties":{"d":"2026-09-30","t":"0538","frp":3.9,"b":343.1,"c":1,"s":"N20","n":0}},{"type":"Feature","geometry":{"type":"Point","coordinates":[125.0235,-9.1463]},"properties":{"d":"2026-09-30","t":"0538","frp":4.2,"b":343.6,"c":1,"s":"N20","n":0}},{"type":"Feature","geometry":{"type":"Point","coordinates":[125.1891,-9.1417]},"properties":{"d":"2026-09-30","t":"0538","frp":5.0,"b":339.9,"c":1,"s":"N20","n":0}},{"type":"Feature","geometry":{"type":"Point","coordinates":[125.098,-9.1361]},"properties":{"d":"2026-09-30","t":"0538","frp":3.4,"b":342.3,"c":1,"s":"N20","n":0}},{"type":"Feature","geometry":{"type":"Point","coordinates":[124.8099,-9.1357]},"properties":{"d":"2026-09-30","t":"0538","frp":3.2,"b":340.7,"c":1,"s":"N20","n":0}},{"type":"Feature","geometry":{"type":"Point","coordinates":[125.2062,-9.1345]},"properties":{"d":"2026-09-30","t":"0538","frp":1.9,"b":336.8,"c":1,"s":"N20","n":0}},{"type":"Feature","geometry":{"type":"Point","coordinates":[125.0969,-9.1341]},"properties":{"d":"2026-09-30","t":"0538","frp":2.4,"b":341.4,"c":1,"s":"N20","n":0}},{"type":"Feature","geometry":{"type":"Point","coordinates":[125.0419,-9.1263]},"properties":{"d":"2026-09-30","t":"0538","frp":6.6,"b":342.4,"c":1,"s":"N20","n":0}},{"type":"Feature","geometry":{"type":"Point","coordinates":[125.8658,-9.1241]},"properties":{"d":"2026-09-30","t":"0538","frp":8.2,"b":349.3,"c":1,"s":"N20","n":0}},{"type":"Feature","geometry":{"type":"Point","coordinates":[125.8742,-9.1227]},"properties":{"d":"2026-09-30","t":"0538","frp":6.5,"b":341.6,"c":1,"s":"N20","n":0}},{"type":"Feature","geometry":{"type":"Point","coordinates":[125.1501,-9.0997]},"properties":{"d":"2026-09-30","t":"0538","frp":3.4,"b":335.5,"c":1,"s":"N20","n":0}},{"type":"Feature","geometry":{"type":"Point","coordinates":[125.0122,-9.089]},"properties":{"d":"2026-09-30","t":"0538","frp":3.9,"b":336.1,"c":1,"s":"N20","n":0}},{"type":"Feature","geometry":{"type":"Point","coordinates":[125.1184,-9.088]},"properties":{"d":"2026-09-30","t":"0538","frp":3.1,"b":334.8,"c":0,"s":"N20","n":0}},{"type":"Feature","geometry":{"type":"Point","coordinates":[125.0232,-9.0659]},"properties":{"d":"2026-09-30","t":"0538","frp":5.0,"b":331.7,"c":0,"s":"N20","n":0}},{"type":"Feature","geometry":{"type":"Point","coordinates":[125.6791,-9.0659]},"properties":{"d":"2026-09-30","t":"0538","frp":6.1,"b":339.0,"c":1,"s":"N20","n":0}},{"type":"Feature","geometry":{"type":"Point","coordinates":[125.0272,-9.0653]},"properties":{"d":"2026-09-30","t":"0538","frp":5.7,"b":341.4,"c":1,"s":"N20","n":0}},{"type":"Feature","geometry":{"type":"Point","coordinates":[125.4803,-9.0609]},"properties":{"d":"2026-09-30","t":"0538","frp":4.5,"b":334.0,"c":1,"s":"N20","n":0}},{"type":"Feature","geometry":{"type":"Point","coordinates":[125.1041,-9.0564]},"properties":{"d":"2026-09-30","t":"0538","frp":10.3,"b":344.5,"c":1,"s":"N20","n":0}},{"type":"Feature","geometry":{"type":"Point","coordinates":[124.8917,-9.0344]},"properties":{"d":"2026-09-30","t":"0538","frp":10.4,"b":344.1,"c":1,"s":"N20","n":0}},{"type":"Feature","geometry":{"type":"Point","coordinates":[125.5686,-9.0073]},"properties":{"d":"2026-09-30","t":"0538","frp":8.9,"b":348.3,"c":1,"s":"N20","n":0}},{"type":"Feature","geometry":{"type":"Point","coordinates":[125.5723,-9.0067]},"properties":{"d":"2026-09-30","t":"0538","frp":8.9,"b":336.6,"c":1,"s":"N20","n":0}},{"type":"Feature","geometry":{"type":"Point","coordinates":[148.0334,-41.3109]},"properties":{"d":"2026-09-30","t":"0328","frp":3.0,"b":335.7,"c":1,"s":"SNPP","n":0}},{"type":"Feature","geometry":{"type":"Point","coordinates":[149.3538,-36.3996]},"properties":{"d":"2026-09-30","t":"0330","frp":4.3,"b":326.2,"c":1,"s":"SNPP","n":0}},{"type":"Feature","geometry":{"type":"Point","coordinates":[145.8374,-35.8981]},"properties":{"d":"2026-09-30","t":"0330","frp":3.7,"b":333.6,"c":1,"s":"SNPP","n":0}},{"type":"Feature","geometry":{"type":"Point","coordinates":[145.837,-35.8922]},"properties":{"d":"2026-09-30","t":"0330","frp":6.2,"b":356.7,"c":1,"s":"SNPP","n":0}},{"type":"Feature","geometry":{"type":"Point","coordinates":[149.7203,-34.4398]},"properties":{"d":"2026-09-30","t":"0330","frp":3.2,"b":326.4,"c":1,"s":"SNPP","n":0}},{"type":"Feature","geometry":{"type":"Point","coordinates":[150.8966,-33.9652]},"properties":{"d":"2026-09-30","t":"0330","frp":2.3,"b":331.4,"c":1,"s":"SNPP","n":0}},{"type":"Feature","geometry":{"type":"Point","coordinates":[146.5759,-32.7277]},"properties":{"d":"2026-09-30","t":"0330","frp":2.3,"b":334.1,"c":1,"s":"SNPP","n":0}},{"type":"Feature","geometry":{"type":"Point","coordinates":[146.5754,-32.7223]},"properties":{"d":"2026-09-30","t":"0330","frp":5.6,"b":367.0,"c":2,"s":"SNPP","n":0}},{"type":"Feature","geometry":{"type":"Point","coordinates":[146.5709,-32.7171]},"properties":{"d":"2026-09-30","t":"0330","frp":5.6,"b":333.3,"c":1,"s":"SNPP","n":0}},{"type":"Feature","geometry":{"type":"Point","coordinates":[146.5659,-32.7064]},"properties":{"d":"2026-09-30","t":"0330","frp":6.4,"b":351.6,"c":1,"s":"SNPP","n":0}},{"type":"Feature","geometry":{"type":"Point","coordinates":[146.6222,-32.371]},"properties":{"d":"2026-09-30","t":"0330","frp":5.0,"b":348.5,"c":1,"s":"SNPP","n":0}},{"type":"Feature","geometry":{"type":"Point","coordinates":[146.6343,-32.3701]},"properties":{"d":"2026-09-30","t":"0330","frp":7.4,"b":338.8,"c":1,"s":"SNPP","n":0}},{"type":"Feature","geometry":{"type":"Point","coordinates":[146.6258,-32.3653]},"properties":{"d":"2026-09-30","t":"0330","frp":5.0,"b":333.3,"c":1,"s":"SNPP","n":0}},{"type":"Feature","geometry":{"type":"Point","coordinates":[147.4562,-32.2794]},"properties":{"d":"2026-09-30","t":"0330","frp":2.8,"b":343.6,"c":1,"s":"SNPP","n":0}},{"type":"Feature","geometry":{"type":"Point","coordinates":[152.4409,-32.1945]},"properties":{"d":"2026-09-30","t":"0330","frp":6.7,"b":337.1,"c":1,"s":"SNPP","n":0}},{"type":"Feature","geometry":{"type":"Point","coordinates":[149.8336,-32.1693]},"properties":{"d":"2026-09-30","t":"0330","frp":2.7,"b":336.0,"c":1,"s":"SNPP","n":0}},{"type":"Feature","geometry":{"type":"Point","coordinates":[147.2582,-32.1099]},"properties":{"d":"2026-09-30","t":"0330","frp":4.6,"b":340.7,"c":1,"s":"SNPP","n":0}},{"type":"Feature","geometry":{"type":"Point","coordinates":[146.9864,-31.6206]},"properties":{"d":"2026-09-30","t":"0332","frp":4.8,"b":353.0,"c":1,"s":"SNPP","n":0}},{"type":"Feature","geometry":{"type":"Point","coordinates":[146.9902,-31.6204]},"properties":{"d":"2026-09-30","t":"0332","frp":4.8,"b":339.2,"c":1,"s":"SNPP","n":0}},{"type":"Feature","geometry":{"type":"Point","coordinates":[146.9939,-31.6201]},"properties":{"d":"2026-09-30","t":"0332","frp":12.5,"b":367.0,"c":2,"s":"SNPP","n":0}},{"type":"Feature","geometry":{"type":"Point","coordinates":[146.9896,-31.6151]},"properties":{"d":"2026-09-30","t":"0332","frp":4.8,"b":343.6,"c":1,"s":"SNPP","n":0}},{"type":"Feature","geometry":{"type":"Point","coordinates":[148.4188,-31.1922]},"properties":{"d":"2026-09-30","t":"0332","frp":5.2,"b":342.9,"c":1,"s":"SNPP","n":0}},{"type":"Feature","geometry":{"type":"Point","coordinates":[147.0436,-31.1638]},"properties":{"d":"2026-09-30","t":"0332","frp":1.8,"b":330.4,"c":0,"s":"SNPP","n":0}},{"type":"Feature","geometry":{"type":"Point","coordinates":[146.7617,-31.1274]},"properties":{"d":"2026-09-30","t":"0332","frp":2.5,"b":348.0,"c":1,"s":"SNPP","n":0}},{"type":"Feature","geometry":{"type":"Point","coordinates":[146.7574,-31.1224]},"properties":{"d":"2026-09-30","t":"0332","frp":5.0,"b":347.5,"c":1,"s":"SNPP","n":0}},{"type":"Feature","geometry":{"type":"Point","coordinates":[146.7612,-31.1221]},"properties":{"d":"2026-09-30","t":"0332","frp":5.0,"b":355.1,"c":1,"s":"SNPP","n":0}},{"type":"Feature","geometry":{"type":"Point","coordinates":[146.7649,-31.1218]},"properties":{"d":"2026-09-30","t":"0332","frp":3.7,"b":336.7,"c":1,"s":"SNPP","n":0}},{"type":"Feature","geometry":{"type":"Point","coordinates":[146.7681,-31.1162]},"properties":{"d":"2026-09-30","t":"0332","frp":3.7,"b":331.0,"c":0,"s":"SNPP","n":0}},{"type":"Feature","geometry":{"type":"Point","coordinates":[146.7638,-31.1112]},"properties":{"d":"2026-09-30","t":"0332","frp":4.0,"b":331.8,"c":0,"s":"SNPP","n":0}},{"type":"Feature","geometry":{"type":"Point","coordinates":[145.7618,-31.0728]},"properties":{"d":"2026-09-30","t":"0332","frp":1.9,"b":338.4,"c":1,"s":"SNPP","n":0}},{"type":"Feature","geometry":{"type":"Point","coordinates":[151.6427,-30.8767]},"properties":{"d":"2026-09-30","t":"0332","frp":2.4,"b":333.0,"c":1,"s":"SNPP","n":0}},{"type":"Feature","geometry":{"type":"Point","coordinates":[148.8314,-30.4965]},"properties":{"d":"2026-09-30","t":"0332","frp":12.2,"b":345.4,"c":1,"s":"SNPP","n":0}},{"type":"Feature","geometry":{"type":"Point","coordinates":[148.14,-30.3661]},"properties":{"d":"2026-09-30","t":"0332","frp":9.9,"b":344.3,"c":1,"s":"SNPP","n":0}},{"type":"Feature","geometry":{"type":"Point","coordinates":[152.6218,-29.7207]},"properties":{"d":"2026-09-30","t":"0332","frp":7.5,"b":348.2,"c":1,"s":"SNPP","n":0}},{"type":"Feature","geometry":{"type":"Point","coordinates":[148.1376,-29.6783]},"properties":{"d":"2026-09-30","t":"0332","frp":3.9,"b":333.4,"c":0,"s":"SNPP","n":0}},{"type":"Feature","geometry":{"type":"Point","coordinates":[149.5133,-29.3265]},"properties":{"d":"2026-09-30","t":"0332","frp":14.2,"b":367.0,"c":2,"s":"SNPP","n":0}},{"type":"Feature","geometry":{"type":"Point","coordinates":[149.5127,-29.3221]},"properties":{"d":"2026-09-30","t":"0332","frp":14.2,"b":367.0,"c":2,"s":"SNPP","n":0}},{"type":"Feature","geometry":{"type":"Point","coordinates":[153.3559,-28.7875]},"properties":{"d":"2026-09-30","t":"0332","frp":2.0,"b":326.2,"c":1,"s":"SNPP","n":0}},{"type":"Feature","geometry":{"type":"Point","coordinates":[153.5282,-28.7586]},"properties":{"d":"2026-09-30","t":"0332","frp":3.6,"b":337.7,"c":1,"s":"SNPP","n":0}},{"type":"Feature","geometry":{"type":"Point","coordinates":[153.5304,-28.7577]},"properties":{"d":"2026-09-30","t":"0332","frp":4.0,"b":333.0,"c":1,"s":"SNPP","n":0}},{"type":"Feature","geometry":{"type":"Point","coordinates":[150.9932,-28.4697]},"properties":{"d":"2026-09-30","t":"0332","frp":7.5,"b":342.9,"c":1,"s":"SNPP","n":0}},{"type":"Feature","geometry":{"type":"Point","coordinates":[149.1776,-28.3138]},"properties":{"d":"2026-09-30","t":"0332","frp":7.1,"b":345.8,"c":1,"s":"SNPP","n":0}},{"type":"Feature","geometry":{"type":"Point","coordinates":[149.1756,-28.3114]},"properties":{"d":"2026-09-30","t":"0332","frp":4.8,"b":344.0,"c":0,"s":"SNPP","n":0}},{"type":"Feature","geometry":{"type":"Point","coordinates":[150.6698,-28.1202]},"properties":{"d":"2026-09-30","t":"0332","frp":5.7,"b":344.8,"c":1,"s":"SNPP","n":0}},{"type":"Feature","geometry":{"type":"Point","coordinates":[150.6652,-28.1166]},"properties":{"d":"2026-09-30","t":"0332","frp":5.5,"b":341.4,"c":0,"s":"SNPP","n":0}},{"type":"Feature","geometry":{"type":"Point","coordinates":[150.6692,-28.1162]},"properties":{"d":"2026-09-30","t":"0332","frp":5.8,"b":342.1,"c":1,"s":"SNPP","n":0}},{"type":"Feature","geometry":{"type":"Point","coordinates":[150.6641,-28.1086]},"properties":{"d":"2026-09-30","t":"0332","frp":2.3,"b":336.7,"c":0,"s":"SNPP","n":0}},{"type":"Feature","geometry":{"type":"Point","coordinates":[150.8656,-28.0772]},"properties":{"d":"2026-09-30","t":"0332","frp":8.1,"b":336.2,"c":0,"s":"SNPP","n":0}},{"type":"Feature","geometry":{"type":"Point","coordinates":[150.0249,-27.916]},"properties":{"d":"2026-09-30","t":"0332","frp":13.1,"b":339.6,"c":1,"s":"SNPP","n":0}},{"type":"Feature","geometry":{"type":"Point","coordinates":[150.0292,-27.9156]},"properties":{"d":"2026-09-30","t":"0332","frp":13.1,"b":367.0,"c":2,"s":"SNPP","n":0}},{"type":"Feature","geometry":{"type":"Point","coordinates":[150.0334,-27.9151]},"properties":{"d":"2026-09-30","t":"0332","frp":11.5,"b":367.0,"c":2,"s":"SNPP","n":0}},{"type":"Feature","geometry":{"type":"Point","coordinates":[150.0243,-27.9119]},"properties":{"d":"2026-09-30","t":"0332","frp":13.1,"b":338.6,"c":1,"s":"SNPP","n":0}},{"type":"Feature","geometry":{"type":"Point","coordinates":[150.0286,-27.9114]},"properties":{"d":"2026-09-30","t":"0332","frp":13.1,"b":367.0,"c":2,"s":"SNPP","n":0}},{"type":"Feature","geometry":{"type":"Point","coordinates":[150.0328,-27.9109]},"properties":{"d":"2026-09-30","t":"0332","frp":11.5,"b":354.9,"c":1,"s":"SNPP","n":0}},{"type":"Feature","geometry":{"type":"Point","coordinates":[148.7365,-27.8588]},"properties":{"d":"2026-09-30","t":"0332","frp":7.8,"b":342.0,"c":1,"s":"SNPP","n":0}},{"type":"Feature","geometry":{"type":"Point","coordinates":[148.7416,-27.8583]},"properties":{"d":"2026-09-30","t":"0332","frp":16.4,"b":346.7,"c":1,"s":"SNPP","n":0}},{"type":"Feature","geometry":{"type":"Point","coordinates":[148.736,-27.8543]},"properties":{"d":"2026-09-30","t":"0332","frp":6.2,"b":344.1,"c":1,"s":"SNPP","n":0}},{"type":"Feature","geometry":{"type":"Point","coordinates":[148.7411,-27.8538]},"properties":{"d":"2026-09-30","t":"0332","frp":6.6,"b":336.3,"c":0,"s":"SNPP","n":0}},{"type":"Feature","geometry":{"type":"Point","coordinates":[148.7726,-27.799]},"properties":{"d":"2026-09-30","t":"0332","frp":3.6,"b":342.5,"c":1,"s":"SNPP","n":0}},{"type":"Feature","geometry":{"type":"Point","coordinates":[148.7822,-27.7934]},"properties":{"d":"2026-09-30","t":"0332","frp":12.3,"b":344.4,"c":1,"s":"SNPP","n":0}},{"type":"Feature","geometry":{"type":"Point","coordinates":[148.7872,-27.7929]},"properties":{"d":"2026-09-30","t":"0332","frp":16.1,"b":357.1,"c":1,"s":"SNPP","n":0}},{"type":"Feature","geometry":{"type":"Point","coordinates":[148.7922,-27.7924]},"properties":{"d":"2026-09-30","t":"0332","frp":16.1,"b":337.4,"c":1,"s":"SNPP","n":0}},{"type":"Feature","geometry":{"type":"Point","coordinates":[152.0943,-27.4365]},"properties":{"d":"2026-09-30","t":"0332","frp":4.0,"b":332.6,"c":1,"s":"SNPP","n":0}},{"type":"Feature","geometry":{"type":"Point","coordinates":[152.9023,-27.1528]},"properties":{"d":"2026-09-30","t":"0332","frp":2.9,"b":330.9,"c":1,"s":"SNPP","n":0}},{"type":"Feature","geometry":{"type":"Point","coordinates":[150.1257,-26.3709]},"properties":{"d":"2026-09-30","t":"0332","frp":6.1,"b":332.1,"c":1,"s":"SNPP","n":0}},{"type":"Feature","geometry":{"type":"Point","coordinates":[150.1296,-26.3704]},"properties":{"d":"2026-09-30","t":"0332","frp":6.1,"b":353.6,"c":1,"s":"SNPP","n":0}},{"type":"Feature","geometry":{"type":"Point","coordinates":[150.1336,-26.37]},"properties":{"d":"2026-09-30","t":"0332","frp":37.4,"b":350.8,"c":1,"s":"SNPP","n":0}},{"type":"Feature","geometry":{"type":"Point","coordinates":[150.1375,-26.3695]},"properties":{"d":"2026-09-30","t":"0332","frp":37.4,"b":337.3,"c":1,"s":"SNPP","n":0}},{"type":"Feature","geometry":{"type":"Point","coordinates":[150.1251,-26.3668]},"properties":{"d":"2026-09-30","t":"0332","frp":6.1,"b":341.2,"c":1,"s":"SNPP","n":0}},{"type":"Feature","geometry":{"type":"Point","coordinates":[150.1291,-26.3663]},"properties":{"d":"2026-09-30","t":"0332","frp":6.1,"b":356.8,"c":1,"s":"SNPP","n":0}},{"type":"Feature","geometry":{"type":"Point","coordinates":[150.133,-26.3659]},"properties":{"d":"2026-09-30","t":"0332","frp":37.4,"b":355.8,"c":1,"s":"SNPP","n":0}},{"type":"Feature","geometry":{"type":"Point","coordinates":[150.1409,-26.365]},"properties":{"d":"2026-09-30","t":"0332","frp":43.8,"b":349.0,"c":1,"s":"SNPP","n":0}},{"type":"Feature","geometry":{"type":"Point","coordinates":[150.1449,-26.3645]},"properties":{"d":"2026-09-30","t":"0332","frp":43.8,"b":343.6,"c":1,"s":"SNPP","n":0}},{"type":"Feature","geometry":{"type":"Point","coordinates":[150.1246,-26.3627]},"properties":{"d":"2026-09-30","t":"0332","frp":15.0,"b":339.4,"c":1,"s":"SNPP","n":0}},{"type":"Feature","geometry":{"type":"Point","coordinates":[150.1285,-26.3623]},"properties":{"d":"2026-09-30","t":"0332","frp":15.0,"b":349.9,"c":1,"s":"SNPP","n":0}},{"type":"Feature","geometry":{"type":"Point","coordinates":[150.1325,-26.3618]},"properties":{"d":"2026-09-30","t":"0332","frp":5.4,"b":335.9,"c":1,"s":"SNPP","n":0}},{"type":"Feature","geometry":{"type":"Point","coordinates":[150.1364,-26.3613]},"properties":{"d":"2026-09-30","t":"0332","frp":5.4,"b":336.2,"c":1,"s":"SNPP","n":0}},{"type":"Feature","geometry":{"type":"Point","coordinates":[150.1404,-26.3609]},"properties":{"d":"2026-09-30","t":"0332","frp":28.0,"b":353.9,"c":1,"s":"SNPP","n":0}},{"type":"Feature","geometry":{"type":"Point","coordinates":[150.1443,-26.3604]},"properties":{"d":"2026-09-30","t":"0332","frp":28.0,"b":354.1,"c":1,"s":"SNPP","n":0}},{"type":"Feature","geometry":{"type":"Point","coordinates":[150.1482,-26.36]},"properties":{"d":"2026-09-30","t":"0332","frp":14.8,"b":353.9,"c":1,"s":"SNPP","n":0}},{"type":"Feature","geometry":{"type":"Point","coordinates":[150.1239,-26.3587]},"properties":{"d":"2026-09-30","t":"0332","frp":15.0,"b":335.9,"c":1,"s":"SNPP","n":0}},{"type":"Feature","geometry":{"type":"Point","coordinates":[150.1279,-26.3582]},"properties":{"d":"2026-09-30","t":"0332","frp":15.0,"b":367.0,"c":2,"s":"SNPP","n":0}},{"type":"Feature","geometry":{"type":"Point","coordinates":[150.1318,-26.3577]},"properties":{"d":"2026-09-30","t":"0332","frp":5.4,"b":338.5,"c":1,"s":"SNPP","n":0}},{"type":"Feature","geometry":{"type":"Point","coordinates":[150.1476,-26.3559]},"properties":{"d":"2026-09-30","t":"0332","frp":14.8,"b":356.4,"c":1,"s":"SNPP","n":0}},{"type":"Feature","geometry":{"type":"Point","coordinates":[150.1515,-26.3554]},"properties":{"d":"2026-09-30","t":"0332","frp":14.8,"b":330.7,"c":1,"s":"SNPP","n":0}},{"type":"Feature","geometry":{"type":"Point","coordinates":[150.1273,-26.3541]},"properties":{"d":"2026-09-30","t":"0332","frp":4.6,"b":342.4,"c":1,"s":"SNPP","n":0}},{"type":"Feature","geometry":{"type":"Point","coordinates":[150.1312,-26.3537]},"properties":{"d":"2026-09-30","t":"0332","frp":13.8,"b":367.0,"c":2,"s":"SNPP","n":0}},{"type":"Feature","geometry":{"type":"Point","coordinates":[150.1352,-26.3532]},"properties":{"d":"2026-09-30","t":"0332","frp":13.8,"b":356.0,"c":1,"s":"SNPP","n":0}},{"type":"Feature","geometry":{"type":"Point","coordinates":[150.1391,-26.3527]},"properties":{"d":"2026-09-30","t":"0332","frp":4.1,"b":335.9,"c":1,"s":"SNPP","n":0}},{"type":"Feature","geometry":{"type":"Point","coordinates":[150.1431,-26.3523]},"properties":{"d":"2026-09-30","t":"0332","frp":4.1,"b":333.9,"c":1,"s":"SNPP","n":0}},{"type":"Feature","geometry":{"type":"Point","coordinates":[150.147,-26.3518]},"properties":{"d":"2026-09-30","t":"0332","frp":5.9,"b":341.1,"c":1,"s":"SNPP","n":0}},{"type":"Feature","geometry":{"type":"Point","coordinates":[150.5338,-26.123]},"properties":{"d":"2026-09-30","t":"0332","frp":4.6,"b":330.4,"c":0,"s":"SNPP","n":0}},{"type":"Feature","geometry":{"type":"Point","coordinates":[150.5317,-26.1211]},"properties":{"d":"2026-09-30","t":"0332","frp":4.6,"b":332.5,"c":0,"s":"SNPP","n":0}},{"type":"Feature","geometry":{"type":"Point","coordinates":[150.5142,-26.1192]},"properties":{"d":"2026-09-30","t":"0332","frp":4.3,"b":333.1,"c":1,"s":"SNPP","n":0}},{"type":"Feature","geometry":{"type":"Point","coordinates":[150.5288,-26.1013]},"properties":{"d":"2026-09-30","t":"0332","frp":11.9,"b":345.3,"c":1,"s":"SNPP","n":0}},{"type":"Feature","geometry":{"type":"Point","coordinates":[152.5438,-25.5059]},"properties":{"d":"2026-09-30","t":"0332","frp":4.6,"b":333.1,"c":1,"s":"SNPP","n":0}},{"type":"Feature","geometry":{"type":"Point","coordinates":[152.5432,-25.5023]},"properties":{"d":"2026-09-30","t":"0332","frp":11.9,"b":337.0,"c":1,"s":"SNPP","n":0}},{"type":"Feature","geometry":{"type":"Point","coordinates":[152.2639,-25.18]},"properties":{"d":"2026-09-30","t":"0332","frp":6.7,"b":334.6,"c":1,"s":"SNPP","n":0}},{"type":"Feature","geometry":{"type":"Point","coordinates":[151.5133,-24.425]},"properties":{"d":"2026-09-30","t":"0332","frp":6.1,"b":332.1,"c":0,"s":"SNPP","n":0}},{"type":"Feature","geometry":{"type":"Point","coordinates":[149.5514,-24.1527]},"properties":{"d":"2026-09-30","t":"0332","frp":7.9,"b":344.7,"c":1,"s":"SNPP","n":0}},{"type":"Feature","geometry":{"type":"Point","coordinates":[151.2806,-23.894]},"properties":{"d":"2026-09-30","t":"0332","frp":25.5,"b":340.4,"c":1,"s":"SNPP","n":0}},{"type":"Feature","geometry":{"type":"Point","coordinates":[151.2775,-23.8922]},"properties":{"d":"2026-09-30","t":"0332","frp":21.7,"b":332.9,"c":1,"s":"SNPP","n":0}},{"type":"Feature","geometry":{"type":"Point","coordinates":[151.2823,-23.8916]},"properties":{"d":"2026-09-30","t":"0332","frp":21.7,"b":333.7,"c":1,"s":"SNPP","n":0}},{"type":"Feature","geometry":{"type":"Point","coordinates":[151.2801,-23.8903]},"properties":{"d":"2026-09-30","t":"0332","frp":25.5,"b":332.8,"c":1,"s":"SNPP","n":0}},{"type":"Feature","geometry":{"type":"Point","coordinates":[145.8659,-22.4817]},"properties":{"d":"2026-09-30","t":"0334","frp":4.3,"b":338.2,"c":1,"s":"SNPP","n":0}},{"type":"Feature","geometry":{"type":"Point","coordinates":[145.8639,-22.4793]},"properties":{"d":"2026-09-30","t":"0334","frp":6.7,"b":355.3,"c":1,"s":"SNPP","n":0}},{"type":"Feature","geometry":{"type":"Point","coordinates":[145.8602,-22.4745]},"properties":{"d":"2026-09-30","t":"0334","frp":4.8,"b":342.9,"c":1,"s":"SNPP","n":0}},{"type":"Feature","geometry":{"type":"Point","coordinates":[145.8633,-22.4742]},"properties":{"d":"2026-09-30","t":"0334","frp":3.8,"b":337.8,"c":1,"s":"SNPP","n":0}},{"type":"Feature","geometry":{"type":"Point","coordinates":[149.2934,-21.3948]},"properties":{"d":"2026-09-30","t":"0334","frp":3.1,"b":332.4,"c":1,"s":"SNPP","n":0}},{"type":"Feature","geometry":{"type":"Point","coordinates":[147.0374,-19.2781]},"properties":{"d":"2026-09-30","t":"0334","frp":6.7,"b":333.8,"c":1,"s":"SNPP","n":0}},{"type":"Feature","geometry":{"type":"Point","coordinates":[144.7138,-18.6166]},"properties":{"d":"2026-09-30","t":"0334","frp":12.6,"b":356.0,"c":1,"s":"SNPP","n":0}},{"type":"Feature","geometry":{"type":"Point","coordinates":[144.7171,-18.6162]},"properties":{"d":"2026-09-30","t":"0334","frp":12.6,"b":367.0,"c":2,"s":"SNPP","n":0}},{"type":"Feature","geometry":{"type":"Point","coordinates":[144.7203,-18.6159]},"properties":{"d":"2026-09-30","t":"0334","frp":12.6,"b":367.0,"c":2,"s":"SNPP","n":0}},{"type":"Feature","geometry":{"type":"Point","coordinates":[144.7236,-18.6155]},"properties":{"d":"2026-09-30","t":"0334","frp":12.6,"b":367.0,"c":2,"s":"SNPP","n":0}},{"type":"Feature","geometry":{"type":"Point","coordinates":[144.7269,-18.6152]},"properties":{"d":"2026-09-30","t":"0334","frp":15.1,"b":367.0,"c":2,"s":"SNPP","n":0}},{"type":"Feature","geometry":{"type":"Point","coordinates":[144.7099,-18.6117]},"properties":{"d":"2026-09-30","t":"0334","frp":26.3,"b":335.5,"c":1,"s":"SNPP","n":0}},{"type":"Feature","geometry":{"type":"Point","coordinates":[144.7132,-18.6113]},"properties":{"d":"2026-09-30","t":"0334","frp":137.8,"b":367.0,"c":0,"s":"SNPP","n":0}},{"type":"Feature","geometry":{"type":"Point","coordinates":[144.7165,-18.611]},"properties":{"d":"2026-09-30","t":"0334","frp":137.8,"b":367.0,"c":2,"s":"SNPP","n":0}},{"type":"Feature","geometry":{"type":"Point","coordinates":[144.7198,-18.6106]},"properties":{"d":"2026-09-30","t":"0334","frp":64.6,"b":354.9,"c":1,"s":"SNPP","n":0}},{"type":"Feature","geometry":{"type":"Point","coordinates":[144.7231,-18.6103]},"properties":{"d":"2026-09-30","t":"0334","frp":64.6,"b":367.0,"c":2,"s":"SNPP","n":0}},{"type":"Feature","geometry":{"type":"Point","coordinates":[144.7264,-18.6099]},"properties":{"d":"2026-09-30","t":"0334","frp":13.8,"b":353.2,"c":1,"s":"SNPP","n":0}},{"type":"Feature","geometry":{"type":"Point","coordinates":[144.9821,-16.8646]},"properties":{"d":"2026-09-30","t":"0334","frp":7.3,"b":335.2,"c":1,"s":"SNPP","n":0}},{"type":"Feature","geometry":{"type":"Point","coordinates":[144.6537,-15.6676]},"properties":{"d":"2026-09-30","t":"0336","frp":11.7,"b":344.4,"c":1,"s":"SNPP","n":0}},{"type":"Feature","geometry":{"type":"Point","coordinates":[144.6528,-15.6626]},"properties":{"d":"2026-09-30","t":"0336","frp":11.7,"b":342.6,"c":1,"s":"SNPP","n":0}},{"type":"Feature","geometry":{"type":"Point","coordinates":[144.5288,-15.6225]},"properties":{"d":"2026-09-30","t":"0336","frp":5.2,"b":332.7,"c":1,"s":"SNPP","n":0}},{"type":"Feature","geometry":{"type":"Point","coordinates":[144.5319,-15.6221]},"properties":{"d":"2026-09-30","t":"0336","frp":5.2,"b":367.0,"c":2,"s":"SNPP","n":0}},{"type":"Feature","geometry":{"type":"Point","coordinates":[144.5349,-15.6218]},"properties":{"d":"2026-09-30","t":"0336","frp":8.0,"b":367.0,"c":2,"s":"SNPP","n":0}},{"type":"Feature","geometry":{"type":"Point","coordinates":[144.538,-15.6214]},"properties":{"d":"2026-09-30","t":"0336","frp":8.0,"b":351.5,"c":1,"s":"SNPP","n":0}},{"type":"Feature","geometry":{"type":"Point","coordinates":[144.541,-15.621]},"properties":{"d":"2026-09-30","t":"0336","frp":6.3,"b":353.4,"c":1,"s":"SNPP","n":0}},{"type":"Feature","geometry":{"type":"Point","coordinates":[144.544,-15.6207]},"properties":{"d":"2026-09-30","t":"0336","frp":6.3,"b":367.0,"c":2,"s":"SNPP","n":0}},{"type":"Feature","geometry":{"type":"Point","coordinates":[144.547,-15.6203]},"properties":{"d":"2026-09-30","t":"0336","frp":5.4,"b":367.0,"c":2,"s":"SNPP","n":0}},{"type":"Feature","geometry":{"type":"Point","coordinates":[144.55,-15.62]},"properties":{"d":"2026-09-30","t":"0336","frp":5.4,"b":335.9,"c":1,"s":"SNPP","n":0}},{"type":"Feature","geometry":{"type":"Point","coordinates":[144.5155,-15.6189]},"properties":{"d":"2026-09-30","t":"0336","frp":25.4,"b":342.1,"c":1,"s":"SNPP","n":0}},{"type":"Feature","geometry":{"type":"Point","coordinates":[144.5187,-15.6186]},"properties":{"d":"2026-09-30","t":"0336","frp":25.4,"b":367.0,"c":2,"s":"SNPP","n":0}},{"type":"Feature","geometry":{"type":"Point","coordinates":[144.5218,-15.6182]},"properties":{"d":"2026-09-30","t":"0336","frp":21.1,"b":367.0,"c":2,"s":"SNPP","n":0}},{"type":"Feature","geometry":{"type":"Point","coordinates":[144.5249,-15.6178]},"properties":{"d":"2026-09-30","t":"0336","frp":21.1,"b":367.0,"c":2,"s":"SNPP","n":0}},{"type":"Feature","geometry":{"type":"Point","coordinates":[144.528,-15.6174]},"properties":{"d":"2026-09-30","t":"0336","frp":8.9,"b":367.0,"c":2,"s":"SNPP","n":0}},{"type":"Feature","geometry":{"type":"Point","coordinates":[144.5311,-15.6171]},"properties":{"d":"2026-09-30","t":"0336","frp":8.9,"b":367.0,"c":2,"s":"SNPP","n":0}},{"type":"Feature","geometry":{"type":"Point","coordinates":[144.5342,-15.6167]},"properties":{"d":"2026-09-30","t":"0336","frp":8.3,"b":367.0,"c":2,"s":"SNPP","n":0}},{"type":"Feature","geometry":{"type":"Point","coordinates":[144.5373,-15.6163]},"properties":{"d":"2026-09-30","t":"0336","frp":8.3,"b":340.8,"c":1,"s":"SNPP","n":0}},{"type":"Feature","geometry":{"type":"Point","coordinates":[144.5403,-15.616]},"properties":{"d":"2026-09-30","t":"0336","frp":3.2,"b":336.6,"c":1,"s":"SNPP","n":0}},{"type":"Feature","geometry":{"type":"Point","coordinates":[144.5433,-15.6156]},"properties":{"d":"2026-09-30","t":"0336","frp":3.2,"b":331.3,"c":1,"s":"SNPP","n":0}},{"type":"Feature","geometry":{"type":"Point","coordinates":[144.5463,-15.6153]},"properties":{"d":"2026-09-30","t":"0336","frp":5.4,"b":341.4,"c":1,"s":"SNPP","n":0}},{"type":"Feature","geometry":{"type":"Point","coordinates":[144.5494,-15.6149]},"properties":{"d":"2026-09-30","t":"0336","frp":5.4,"b":367.0,"c":2,"s":"SNPP","n":0}},{"type":"Feature","geometry":{"type":"Point","coordinates":[144.5524,-15.6145]},"properties":{"d":"2026-09-30","t":"0336","frp":8.2,"b":367.0,"c":2,"s":"SNPP","n":0}},{"type":"Feature","geometry":{"type":"Point","coordinates":[144.5149,-15.6138]},"properties":{"d":"2026-09-30","t":"0336","frp":25.4,"b":341.1,"c":1,"s":"SNPP","n":0}},{"type":"Feature","geometry":{"type":"Point","coordinates":[144.518,-15.6135]},"properties":{"d":"2026-09-30","t":"0336","frp":25.4,"b":353.0,"c":1,"s":"SNPP","n":0}},{"type":"Feature","geometry":{"type":"Point","coordinates":[144.5211,-15.6131]},"properties":{"d":"2026-09-30","t":"0336","frp":21.1,"b":367.0,"c":2,"s":"SNPP","n":0}},{"type":"Feature","geometry":{"type":"Point","coordinates":[144.5663,-15.6129]},"properties":{"d":"2026-09-30","t":"0336","frp":4.8,"b":367.0,"c":2,"s":"SNPP","n":0}},{"type":"Feature","geometry":{"type":"Point","coordinates":[144.5242,-15.6127]},"properties":{"d":"2026-09-30","t":"0336","frp":21.1,"b":367.0,"c":2,"s":"SNPP","n":0}},{"type":"Feature","geometry":{"type":"Point","coordinates":[144.5693,-15.6125]},"properties":{"d":"2026-09-30","t":"0336","frp":10.1,"b":345.9,"c":1,"s":"SNPP","n":0}},{"type":"Feature","geometry":{"type":"Point","coordinates":[144.5273,-15.6124]},"properties":{"d":"2026-09-30","t":"0336","frp":8.9,"b":345.6,"c":1,"s":"SNPP","n":0}},{"type":"Feature","geometry":{"type":"Point","coordinates":[144.5303,-15.612]},"properties":{"d":"2026-09-30","t":"0336","frp":8.9,"b":345.0,"c":1,"s":"SNPP","n":0}},{"type":"Feature","geometry":{"type":"Point","coordinates":[144.5547,-15.6091]},"properties":{"d":"2026-09-30","t":"0336","frp":8.2,"b":356.0,"c":1,"s":"SNPP","n":0}},{"type":"Feature","geometry":{"type":"Point","coordinates":[144.5575,-15.6088]},"properties":{"d":"2026-09-30","t":"0336","frp":5.6,"b":367.0,"c":2,"s":"SNPP","n":0}},{"type":"Feature","geometry":{"type":"Point","coordinates":[144.5603,-15.6084]},"properties":{"d":"2026-09-30","t":"0336","frp":5.6,"b":342.0,"c":1,"s":"SNPP","n":0}},{"type":"Feature","geometry":{"type":"Point","coordinates":[144.5661,-15.6077]},"properties":{"d":"2026-09-30","t":"0336","frp":4.8,"b":342.8,"c":1,"s":"SNPP","n":0}},{"type":"Feature","geometry":{"type":"Point","coordinates":[144.5234,-15.6077]},"properties":{"d":"2026-09-30","t":"0336","frp":3.9,"b":332.7,"c":1,"s":"SNPP","n":0}},{"type":"Feature","geometry":{"type":"Point","coordinates":[144.5691,-15.6074]},"properties":{"d":"2026-09-30","t":"0336","frp":10.1,"b":336.6,"c":1,"s":"SNPP","n":0}},{"type":"Feature","geometry":{"type":"Point","coordinates":[144.5265,-15.6073]},"properties":{"d":"2026-09-30","t":"0336","frp":8.4,"b":347.4,"c":1,"s":"SNPP","n":0}},{"type":"Feature","geometry":{"type":"Point","coordinates":[144.5721,-15.607]},"properties":{"d":"2026-09-30","t":"0336","frp":10.1,"b":346.5,"c":1,"s":"SNPP","n":0}},{"type":"Feature","geometry":{"type":"Point","coordinates":[144.5227,-15.6026]},"properties":{"d":"2026-09-30","t":"0336","frp":3.9,"b":338.2,"c":1,"s":"SNPP","n":0}},{"type":"Feature","geometry":{"type":"Point","coordinates":[144.5257,-15.6023]},"properties":{"d":"2026-09-30","t":"0336","frp":8.4,"b":367.0,"c":2,"s":"SNPP","n":0}},{"type":"Feature","geometry":{"type":"Point","coordinates":[144.5288,-15.6019]},"properties":{"d":"2026-09-30","t":"0336","frp":8.4,"b":367.0,"c":2,"s":"SNPP","n":0}},{"type":"Feature","geometry":{"type":"Point","coordinates":[144.5318,-15.6015]},"properties":{"d":"2026-09-30","t":"0336","frp":9.9,"b":332.9,"c":1,"s":"SNPP","n":0}},{"type":"Feature","geometry":{"type":"Point","coordinates":[144.5219,-15.5976]},"properties":{"d":"2026-09-30","t":"0336","frp":15.7,"b":353.3,"c":1,"s":"SNPP","n":0}},{"type":"Feature","geometry":{"type":"Point","coordinates":[144.5248,-15.5972]},"properties":{"d":"2026-09-30","t":"0336","frp":18.7,"b":367.0,"c":2,"s":"SNPP","n":0}},{"type":"Feature","geometry":{"type":"Point","coordinates":[144.5279,-15.5969]},"properties":{"d":"2026-09-30","t":"0336","frp":18.7,"b":367.0,"c":2,"s":"SNPP","n":0}},{"type":"Feature","geometry":{"type":"Point","coordinates":[144.5308,-15.5965]},"properties":{"d":"2026-09-30","t":"0336","frp":9.1,"b":330.6,"c":1,"s":"SNPP","n":0}},{"type":"Feature","geometry":{"type":"Point","coordinates":[144.524,-15.5922]},"properties":{"d":"2026-09-30","t":"0336","frp":18.7,"b":353.1,"c":1,"s":"SNPP","n":0}},{"type":"Feature","geometry":{"type":"Point","coordinates":[144.612,-15.5921]},"properties":{"d":"2026-09-30","t":"0336","frp":11.6,"b":342.7,"c":1,"s":"SNPP","n":0}},{"type":"Feature","geometry":{"type":"Point","coordinates":[144.527,-15.5918]},"properties":{"d":"2026-09-30","t":"0336","frp":18.7,"b":367.0,"c":2,"s":"SNPP","n":0}},{"type":"Feature","geometry":{"type":"Point","coordinates":[144.53,-15.5915]},"properties":{"d":"2026-09-30","t":"0336","frp":9.1,"b":367.0,"c":2,"s":"SNPP","n":0}},{"type":"Feature","geometry":{"type":"Point","coordinates":[144.5331,-15.5911]},"properties":{"d":"2026-09-30","t":"0336","frp":9.1,"b":367.0,"c":2,"s":"SNPP","n":0}},{"type":"Feature","geometry":{"type":"Point","coordinates":[144.6049,-15.5878]},"properties":{"d":"2026-09-30","t":"0336","frp":21.1,"b":345.6,"c":1,"s":"SNPP","n":0}},{"type":"Feature","geometry":{"type":"Point","coordinates":[144.6114,-15.587]},"properties":{"d":"2026-09-30","t":"0336","frp":25.9,"b":341.6,"c":1,"s":"SNPP","n":0}},{"type":"Feature","geometry":{"type":"Point","coordinates":[144.5262,-15.5868]},"properties":{"d":"2026-09-30","t":"0336","frp":5.5,"b":340.8,"c":1,"s":"SNPP","n":0}},{"type":"Feature","geometry":{"type":"Point","coordinates":[144.5292,-15.5864]},"properties":{"d":"2026-09-30","t":"0336","frp":4.0,"b":353.5,"c":1,"s":"SNPP","n":0}},{"type":"Feature","geometry":{"type":"Point","coordinates":[144.5324,-15.586]},"properties":{"d":"2026-09-30","t":"0336","frp":4.0,"b":335.4,"c":1,"s":"SNPP","n":0}},{"type":"Feature","geometry":{"type":"Point","coordinates":[144.5979,-15.5835]},"properties":{"d":"2026-09-30","t":"0336","frp":21.1,"b":331.0,"c":0,"s":"SNPP","n":0}},{"type":"Feature","geometry":{"type":"Point","coordinates":[144.6045,-15.5827]},"properties":{"d":"2026-09-30","t":"0336","frp":21.1,"b":356.5,"c":1,"s":"SNPP","n":0}},{"type":"Feature","geometry":{"type":"Point","coordinates":[144.5285,-15.5813]},"properties":{"d":"2026-09-30","t":"0336","frp":4.0,"b":367.0,"c":2,"s":"SNPP","n":0}},{"type":"Feature","geometry":{"type":"Point","coordinates":[144.5317,-15.581]},"properties":{"d":"2026-09-30","t":"0336","frp":4.0,"b":340.1,"c":1,"s":"SNPP","n":0}},{"type":"Feature","geometry":{"type":"Point","coordinates":[144.5157,-15.5777]},"properties":{"d":"2026-09-30","t":"0336","frp":3.6,"b":332.9,"c":1,"s":"SNPP","n":0}},{"type":"Feature","geometry":{"type":"Point","coordinates":[144.6041,-15.5776]},"properties":{"d":"2026-09-30","t":"0336","frp":10.5,"b":340.7,"c":1,"s":"SNPP","n":0}},{"type":"Feature","geometry":{"type":"Point","coordinates":[144.5187,-15.5773]},"properties":{"d":"2026-09-30","t":"0336","frp":3.6,"b":354.1,"c":1,"s":"SNPP","n":0}},{"type":"Feature","geometry":{"type":"Point","coordinates":[144.5523,-15.5734]},"properties":{"d":"2026-09-30","t":"0336","frp":4.2,"b":342.7,"c":1,"s":"SNPP","n":0}},{"type":"Feature","geometry":{"type":"Point","coordinates":[144.5972,-15.5733]},"properties":{"d":"2026-09-30","t":"0336","frp":10.5,"b":348.9,"c":1,"s":"SNPP","n":0}},{"type":"Feature","geometry":{"type":"Point","coordinates":[144.5553,-15.5731]},"properties":{"d":"2026-09-30","t":"0336","frp":4.2,"b":337.4,"c":1,"s":"SNPP","n":0}},{"type":"Feature","geometry":{"type":"Point","coordinates":[144.518,-15.5722]},"properties":{"d":"2026-09-30","t":"0336","frp":3.6,"b":332.1,"c":1,"s":"SNPP","n":0}},{"type":"Feature","geometry":{"type":"Point","coordinates":[144.5644,-15.572]},"properties":{"d":"2026-09-30","t":"0336","frp":5.2,"b":330.1,"c":0,"s":"SNPP","n":0}},{"type":"Feature","geometry":{"type":"Point","coordinates":[144.5211,-15.5719]},"properties":{"d":"2026-09-30","t":"0336","frp":8.5,"b":333.8,"c":1,"s":"SNPP","n":0}},{"type":"Feature","geometry":{"type":"Point","coordinates":[144.5673,-15.5717]},"properties":{"d":"2026-09-30","t":"0336","frp":5.2,"b":338.4,"c":1,"s":"SNPP","n":0}},{"type":"Feature","geometry":{"type":"Point","coordinates":[144.5716,-15.5711]},"properties":{"d":"2026-09-30","t":"0336","frp":18.5,"b":350.7,"c":1,"s":"SNPP","n":0}},{"type":"Feature","geometry":{"type":"Point","coordinates":[144.8011,-15.5695]},"properties":{"d":"2026-09-30","t":"0336","frp":10.2,"b":346.3,"c":1,"s":"SNPP","n":0}},{"type":"Feature","geometry":{"type":"Point","coordinates":[144.5425,-15.5694]},"properties":{"d":"2026-09-30","t":"0336","frp":17.0,"b":367.0,"c":2,"s":"SNPP","n":0}},{"type":"Feature","geometry":{"type":"Point","coordinates":[144.5455,-15.5691]},"properties":{"d":"2026-09-30","t":"0336","frp":6.9,"b":342.7,"c":1,"s":"SNPP","n":0}},{"type":"Feature","geometry":{"type":"Point","coordinates":[144.5904,-15.569]},"properties":{"d":"2026-09-30","t":"0336","frp":7.9,"b":344.5,"c":1,"s":"SNPP","n":0}},{"type":"Feature","geometry":{"type":"Point","coordinates":[144.5486,-15.5687]},"properties":{"d":"2026-09-30","t":"0336","frp":6.9,"b":338.5,"c":1,"s":"SNPP","n":0}},{"type":"Feature","geometry":{"type":"Point","coordinates":[144.5516,-15.5683]},"properties":{"d":"2026-09-30","t":"0336","frp":4.2,"b":352.7,"c":1,"s":"SNPP","n":0}},{"type":"Feature","geometry":{"type":"Point","coordinates":[144.5547,-15.568]},"properties":{"d":"2026-09-30","t":"0336","frp":4.2,"b":367.0,"c":2,"s":"SNPP","n":0}},{"type":"Feature","geometry":{"type":"Point","coordinates":[144.5577,-15.5676]},"properties":{"d":"2026-09-30","t":"0336","frp":8.7,"b":336.3,"c":1,"s":"SNPP","n":0}},{"type":"Feature","geometry":{"type":"Point","coordinates":[144.5637,-15.567]},"properties":{"d":"2026-09-30","t":"0336","frp":5.2,"b":330.0,"c":1,"s":"SNPP","n":0}},{"type":"Feature","geometry":{"type":"Point","coordinates":[144.5665,-15.5666]},"properties":{"d":"2026-09-30","t":"0336","frp":5.2,"b":344.9,"c":1,"s":"SNPP","n":0}},{"type":"Feature","geometry":{"type":"Point","coordinates":[144.7944,-15.5653]},"properties":{"d":"2026-09-30","t":"0336","frp":9.8,"b":342.2,"c":1,"s":"SNPP","n":0}},{"type":"Feature","geometry":{"type":"Point","coordinates":[144.5418,-15.5643]},"properties":{"d":"2026-09-30","t":"0336","frp":22.3,"b":348.1,"c":1,"s":"SNPP","n":0}},{"type":"Feature","geometry":{"type":"Point","coordinates":[144.5449,-15.564]},"properties":{"d":"2026-09-30","t":"0336","frp":30.4,"b":367.0,"c":2,"s":"SNPP","n":0}},{"type":"Feature","geometry":{"type":"Point","coordinates":[144.5479,-15.5636]},"properties":{"d":"2026-09-30","t":"0336","frp":30.4,"b":367.0,"c":2,"s":"SNPP","n":0}},{"type":"Feature","geometry":{"type":"Point","coordinates":[144.551,-15.5633]},"properties":{"d":"2026-09-30","t":"0336","frp":7.9,"b":349.6,"c":1,"s":"SNPP","n":0}},{"type":"Feature","geometry":{"type":"Point","coordinates":[144.554,-15.5629]},"properties":{"d":"2026-09-30","t":"0336","frp":7.9,"b":367.0,"c":2,"s":"SNPP","n":0}},{"type":"Feature","geometry":{"type":"Point","coordinates":[144.5569,-15.5626]},"properties":{"d":"2026-09-30","t":"0336","frp":7.3,"b":349.8,"c":1,"s":"SNPP","n":0}},{"type":"Feature","geometry":{"type":"Point","coordinates":[144.5599,-15.5623]},"properties":{"d":"2026-09-30","t":"0336","frp":7.3,"b":367.0,"c":2,"s":"SNPP","n":0}},{"type":"Feature","geometry":{"type":"Point","coordinates":[144.5628,-15.5619]},"properties":{"d":"2026-09-30","t":"0336","frp":18.8,"b":367.0,"c":2,"s":"SNPP","n":0}},{"type":"Feature","geometry":{"type":"Point","coordinates":[144.5658,-15.5616]},"properties":{"d":"2026-09-30","t":"0336","frp":18.8,"b":346.6,"c":1,"s":"SNPP","n":0}},{"type":"Feature","geometry":{"type":"Point","coordinates":[144.5826,-15.5596]},"properties":{"d":"2026-09-30","t":"0336","frp":11.8,"b":341.2,"c":1,"s":"SNPP","n":0}},{"type":"Feature","geometry":{"type":"Point","coordinates":[144.5651,-15.5565]},"properties":{"d":"2026-09-30","t":"0336","frp":18.8,"b":355.1,"c":1,"s":"SNPP","n":0}},{"type":"Feature","geometry":{"type":"Point","coordinates":[144.5695,-15.556]},"properties":{"d":"2026-09-30","t":"0336","frp":78.9,"b":344.1,"c":1,"s":"SNPP","n":0}},{"type":"Feature","geometry":{"type":"Point","coordinates":[144.5756,-15.5553]},"properties":{"d":"2026-09-30","t":"0336","frp":78.9,"b":367.0,"c":2,"s":"SNPP","n":0}},{"type":"Feature","geometry":{"type":"Point","coordinates":[144.4566,-15.5535]},"properties":{"d":"2026-09-30","t":"0336","frp":3.7,"b":332.1,"c":1,"s":"SNPP","n":0}},{"type":"Feature","geometry":{"type":"Point","coordinates":[144.5689,-15.5509]},"properties":{"d":"2026-09-30","t":"0336","frp":14.8,"b":344.5,"c":1,"s":"SNPP","n":0}},{"type":"Feature","geometry":{"type":"Point","coordinates":[144.575,-15.5502]},"properties":{"d":"2026-09-30","t":"0336","frp":14.8,"b":341.5,"c":1,"s":"SNPP","n":0}},{"type":"Feature","geometry":{"type":"Point","coordinates":[144.4529,-15.5488]},"properties":{"d":"2026-09-30","t":"0336","frp":3.9,"b":331.4,"c":1,"s":"SNPP","n":0}},{"type":"Feature","geometry":{"type":"Point","coordinates":[144.4591,-15.548]},"properties":{"d":"2026-09-30","t":"0336","frp":3.7,"b":342.2,"c":1,"s":"SNPP","n":0}},{"type":"Feature","geometry":{"type":"Point","coordinates":[144.4699,-15.5229]},"properties":{"d":"2026-09-30","t":"0336","frp":3.0,"b":331.0,"c":0,"s":"SNPP","n":0}},{"type":"Feature","geometry":{"type":"Point","coordinates":[144.4723,-15.5174]},"properties":{"d":"2026-09-30","t":"0336","frp":2.7,"b":331.4,"c":0,"s":"SNPP","n":0}},{"type":"Feature","geometry":{"type":"Point","coordinates":[144.1968,-15.4442]},"properties":{"d":"2026-09-30","t":"0336","frp":85.5,"b":367.0,"c":2,"s":"SNPP","n":0}},{"type":"Feature","geometry":{"type":"Point","coordinates":[144.2,-15.4438]},"properties":{"d":"2026-09-30","t":"0336","frp":11.5,"b":367.0,"c":2,"s":"SNPP","n":0}},{"type":"Feature","geometry":{"type":"Point","coordinates":[144.2033,-15.4435]},"properties":{"d":"2026-09-30","t":"0336","frp":11.5,"b":335.3,"c":1,"s":"SNPP","n":0}},{"type":"Feature","geometry":{"type":"Point","coordinates":[144.2065,-15.4431]},"properties":{"d":"2026-09-30","t":"0336","frp":4.5,"b":339.8,"c":1,"s":"SNPP","n":0}},{"type":"Feature","geometry":{"type":"Point","coordinates":[144.2091,-15.4375]},"properties":{"d":"2026-09-30","t":"0336","frp":4.5,"b":345.6,"c":1,"s":"SNPP","n":0}},{"type":"Feature","geometry":{"type":"Point","coordinates":[144.1891,-15.4346]},"properties":{"d":"2026-09-30","t":"0336","frp":10.2,"b":336.2,"c":1,"s":"SNPP","n":0}},{"type":"Feature","geometry":{"type":"Point","coordinates":[144.1923,-15.4343]},"properties":{"d":"2026-09-30","t":"0336","frp":12.1,"b":367.0,"c":2,"s":"SNPP","n":0}},{"type":"Feature","geometry":{"type":"Point","coordinates":[144.1955,-15.4339]},"properties":{"d":"2026-09-30","t":"0336","frp":12.1,"b":367.0,"c":2,"s":"SNPP","n":0}},{"type":"Feature","geometry":{"type":"Point","coordinates":[144.1988,-15.4335]},"properties":{"d":"2026-09-30","t":"0336","frp":6.4,"b":350.7,"c":1,"s":"SNPP","n":0}},{"type":"Feature","geometry":{"type":"Point","coordinates":[144.1917,-15.4291]},"properties":{"d":"2026-09-30","t":"0336","frp":12.1,"b":341.7,"c":1,"s":"SNPP","n":0}},{"type":"Feature","geometry":{"type":"Point","coordinates":[144.1982,-15.4283]},"properties":{"d":"2026-09-30","t":"0336","frp":6.4,"b":339.2,"c":1,"s":"SNPP","n":0}},{"type":"Feature","geometry":{"type":"Point","coordinates":[144.6719,-15.2604]},"properties":{"d":"2026-09-30","t":"0336","frp":11.7,"b":344.6,"c":1,"s":"SNPP","n":0}},{"type":"Feature","geometry":{"type":"Point","coordinates":[144.5066,-14.7487]},"properties":{"d":"2026-09-30","t":"0336","frp":10.8,"b":352.7,"c":1,"s":"SNPP","n":0}},{"type":"Feature","geometry":{"type":"Point","coordinates":[144.5125,-14.748]},"properties":{"d":"2026-09-30","t":"0336","frp":10.8,"b":356.2,"c":1,"s":"SNPP","n":0}},{"type":"Feature","geometry":{"type":"Point","coordinates":[144.5185,-14.7473]},"properties":{"d":"2026-09-30","t":"0336","frp":15.0,"b":345.2,"c":1,"s":"SNPP","n":0}},{"type":"Feature","geometry":{"type":"Point","coordinates":[144.4942,-14.7451]},"properties":{"d":"2026-09-30","t":"0336","frp":20.1,"b":356.6,"c":1,"s":"SNPP","n":0}},{"type":"Feature","geometry":{"type":"Point","coordinates":[144.5001,-14.7444]},"properties":{"d":"2026-09-30","t":"0336","frp":20.1,"b":354.9,"c":1,"s":"SNPP","n":0}},{"type":"Feature","geometry":{"type":"Point","coordinates":[144.506,-14.7437]},"properties":{"d":"2026-09-30","t":"0336","frp":10.8,"b":336.7,"c":0,"s":"SNPP","n":0}},{"type":"Feature","geometry":{"type":"Point","coordinates":[144.541,-14.7344]},"properties":{"d":"2026-09-30","t":"0336","frp":6.2,"b":336.9,"c":1,"s":"SNPP","n":0}},{"type":"Feature","geometry":{"type":"Point","coordinates":[141.8386,-13.6471]},"properties":{"d":"2026-09-30","t":"0336","frp":7.6,"b":342.9,"c":1,"s":"SNPP","n":0}},{"type":"Feature","geometry":{"type":"Point","coordinates":[141.8561,-13.6236]},"properties":{"d":"2026-09-30","t":"0336","frp":4.0,"b":332.4,"c":1,"s":"SNPP","n":0}},{"type":"Feature","geometry":{"type":"Point","coordinates":[141.8678,-13.6102]},"properties":{"d":"2026-09-30","t":"0336","frp":5.2,"b":335.8,"c":1,"s":"SNPP","n":0}},{"type":"Feature","geometry":{"type":"Point","coordinates":[141.8692,-13.6078]},"properties":{"d":"2026-09-30","t":"0336","frp":3.2,"b":331.5,"c":1,"s":"SNPP","n":0}},{"type":"Feature","geometry":{"type":"Point","coordinates":[143.1669,-13.5902]},"properties":{"d":"2026-09-30","t":"0336","frp":9.4,"b":356.3,"c":1,"s":"SNPP","n":0}},{"type":"Feature","geometry":{"type":"Point","coordinates":[143.0081,-12.9155]},"properties":{"d":"2026-09-30","t":"0336","frp":2.5,"b":331.5,"c":1,"s":"SNPP","n":0}},{"type":"Feature","geometry":{"type":"Point","coordinates":[153.3804,-11.4173]},"properties":{"d":"2026-09-30","t":"0336","frp":3.5,"b":333.7,"c":1,"s":"SNPP","n":0}},{"type":"Feature","geometry":{"type":"Point","coordinates":[153.3648,-11.4129]},"properties":{"d":"2026-09-30","t":"0336","frp":2.8,"b":331.9,"c":1,"s":"SNPP","n":0}},{"type":"Feature","geometry":{"type":"Point","coordinates":[153.4533,-11.3393]},"properties":{"d":"2026-09-30","t":"0336","frp":2.0,"b":333.6,"c":1,"s":"SNPP","n":0}},{"type":"Feature","geometry":{"type":"Point","coordinates":[142.2922,-11.1047]},"properties":{"d":"2026-09-30","t":"0336","frp":3.8,"b":330.0,"c":1,"s":"SNPP","n":0}},{"type":"Feature","geometry":{"type":"Point","coordinates":[142.2777,-11.0784]},"properties":{"d":"2026-09-30","t":"0336","frp":5.0,"b":330.3,"c":1,"s":"SNPP","n":0}},{"type":"Feature","geometry":{"type":"Point","coordinates":[142.266,-11.0742]},"properties":{"d":"2026-09-30","t":"0336","frp":10.1,"b":329.7,"c":1,"s":"SNPP","n":0}},{"type":"Feature","geometry":{"type":"Point","coordinates":[142.2697,-11.0737]},"properties":{"d":"2026-09-30","t":"0336","frp":9.0,"b":352.1,"c":1,"s":"SNPP","n":0}},{"type":"Feature","geometry":{"type":"Point","coordinates":[142.2733,-11.0733]},"properties":{"d":"2026-09-30","t":"0336","frp":9.0,"b":346.8,"c":1,"s":"SNPP","n":0}},{"type":"Feature","geometry":{"type":"Point","coordinates":[142.277,-11.0728]},"properties":{"d":"2026-09-30","t":"0336","frp":5.0,"b":330.9,"c":1,"s":"SNPP","n":0}},{"type":"Feature","geometry":{"type":"Point","coordinates":[142.2542,-11.07]},"properties":{"d":"2026-09-30","t":"0336","frp":6.6,"b":326.8,"c":1,"s":"SNPP","n":0}},{"type":"Feature","geometry":{"type":"Point","coordinates":[142.2579,-11.0695]},"properties":{"d":"2026-09-30","t":"0336","frp":6.6,"b":350.3,"c":1,"s":"SNPP","n":0}},{"type":"Feature","geometry":{"type":"Point","coordinates":[142.2616,-11.0691]},"properties":{"d":"2026-09-30","t":"0336","frp":16.2,"b":367.0,"c":2,"s":"SNPP","n":0}},{"type":"Feature","geometry":{"type":"Point","coordinates":[142.2653,-11.0686]},"properties":{"d":"2026-09-30","t":"0336","frp":16.2,"b":341.7,"c":1,"s":"SNPP","n":0}},{"type":"Feature","geometry":{"type":"Point","coordinates":[150.9919,-10.5953]},"properties":{"d":"2026-09-30","t":"0336","frp":3.2,"b":332.9,"c":1,"s":"SNPP","n":0}},{"type":"Feature","geometry":{"type":"Point","coordinates":[150.3098,-10.32]},"properties":{"d":"2026-09-30","t":"0336","frp":3.8,"b":329.9,"c":1,"s":"SNPP","n":0}},{"type":"Feature","geometry":{"type":"Point","coordinates":[150.7501,-10.2864]},"properties":{"d":"2026-09-30","t":"0336","frp":2.3,"b":330.6,"c":1,"s":"SNPP","n":0}},{"type":"Feature","geometry":{"type":"Point","coordinates":[149.2803,-10.285]},"properties":{"d":"2026-09-30","t":"0336","frp":4.9,"b":334.8,"c":1,"s":"SNPP","n":0}},{"type":"Feature","geometry":{"type":"Point","coordinates":[149.2832,-10.2844]},"properties":{"d":"2026-09-30","t":"0336","frp":4.9,"b":334.2,"c":1,"s":"SNPP","n":0}},{"type":"Feature","geometry":{"type":"Point","coordinates":[150.4272,-10.2299]},"properties":{"d":"2026-09-30","t":"0336","frp":1.9,"b":328.8,"c":1,"s":"SNPP","n":0}},{"type":"Feature","geometry":{"type":"Point","coordinates":[150.9836,-9.9856]},"properties":{"d":"2026-09-30","t":"0336","frp":6.2,"b":333.0,"c":1,"s":"SNPP","n":0}},{"type":"Feature","geometry":{"type":"Point","coordinates":[142.1792,-10.621]},"properties":{"d":"2026-09-30","t":"0338","frp":2.8,"b":328.8,"c":1,"s":"SNPP","n":0}},{"type":"Feature","geometry":{"type":"Point","coordinates":[148.125,-10.0547]},"properties":{"d":"2026-09-30","t":"0338","frp":5.5,"b":332.7,"c":0,"s":"SNPP","n":0}},{"type":"Feature","geometry":{"type":"Point","coordinates":[147.7442,-10.0087]},"properties":{"d":"2026-09-30","t":"0338","frp":3.7,"b":335.8,"c":1,"s":"SNPP","n":0}},{"type":"Feature","geometry":{"type":"Point","coordinates":[147.8337,-10.0038]},"properties":{"d":"2026-09-30","t":"0338","frp":11.4,"b":348.2,"c":1,"s":"SNPP","n":0}},{"type":"Feature","geometry":{"type":"Point","coordinates":[148.0367,-9.9978]},"properties":{"d":"2026-09-30","t":"0338","frp":5.9,"b":341.0,"c":1,"s":"SNPP","n":0}},{"type":"Feature","geometry":{"type":"Point","coordinates":[148.2311,-9.9962]},"properties":{"d":"2026-09-30","t":"0338","frp":10.0,"b":344.2,"c":1,"s":"SNPP","n":0}},{"type":"Feature","geometry":{"type":"Point","coordinates":[148.0501,-9.9959]},"properties":{"d":"2026-09-30","t":"0338","frp":3.5,"b":329.6,"c":1,"s":"SNPP","n":0}},{"type":"Feature","geometry":{"type":"Point","coordinates":[148.0361,-9.9941]},"properties":{"d":"2026-09-30","t":"0338","frp":11.2,"b":348.6,"c":1,"s":"SNPP","n":0}},{"type":"Feature","geometry":{"type":"Point","coordinates":[148.0212,-9.9848]},"properties":{"d":"2026-09-30","t":"0338","frp":5.2,"b":330.9,"c":1,"s":"SNPP","n":0}},{"type":"Feature","geometry":{"type":"Point","coordinates":[147.916,-9.9148]},"properties":{"d":"2026-09-30","t":"0338","frp":4.3,"b":330.3,"c":1,"s":"SNPP","n":0}},{"type":"Feature","geometry":{"type":"Point","coordinates":[147.7458,-9.9083]},"properties":{"d":"2026-09-30","t":"0338","frp":6.9,"b":333.3,"c":0,"s":"SNPP","n":0}},{"type":"Feature","geometry":{"type":"Point","coordinates":[147.6795,-9.8297]},"properties":{"d":"2026-09-30","t":"0338","frp":11.9,"b":346.6,"c":1,"s":"SNPP","n":0}},{"type":"Feature","geometry":{"type":"Point","coordinates":[147.672,-9.8113]},"properties":{"d":"2026-09-30","t":"0338","frp":5.3,"b":330.7,"c":0,"s":"SNPP","n":0}},{"type":"Feature","geometry":{"type":"Point","coordinates":[148.1285,-9.7842]},"properties":{"d":"2026-09-30","t":"0338","frp":19.4,"b":342.1,"c":1,"s":"SNPP","n":0}},{"type":"Feature","geometry":{"type":"Point","coordinates":[148.7114,-9.7812]},"properties":{"d":"2026-09-30","t":"0338","frp":22.2,"b":351.9,"c":1,"s":"SNPP","n":0}},{"type":"Feature","geometry":{"type":"Point","coordinates":[149.6845,-9.7542]},"properties":{"d":"2026-09-30","t":"0338","frp":4.2,"b":332.8,"c":1,"s":"SNPP","n":0}},{"type":"Feature","geometry":{"type":"Point","coordinates":[150.85,-9.623]},"properties":{"d":"2026-09-30","t":"0338","frp":4.7,"b":341.4,"c":1,"s":"SNPP","n":0}},{"type":"Feature","geometry":{"type":"Point","coordinates":[147.3129,-9.531]},"properties":{"d":"2026-09-30","t":"0338","frp":9.2,"b":344.2,"c":1,"s":"SNPP","n":0}},{"type":"Feature","geometry":{"type":"Point","coordinates":[150.543,-9.5248]},"properties":{"d":"2026-09-30","t":"0338","frp":2.8,"b":333.2,"c":1,"s":"SNPP","n":0}},{"type":"Feature","geometry":{"type":"Point","coordinates":[148.704,-9.5044]},"properties":{"d":"2026-09-30","t":"0338","frp":3.9,"b":330.9,"c":0,"s":"SNPP","n":0}},{"type":"Feature","geometry":{"type":"Point","coordinates":[148.7049,-9.5028]},"properties":{"d":"2026-09-30","t":"0338","frp":6.5,"b":342.4,"c":0,"s":"SNPP","n":0}},{"type":"Feature","geometry":{"type":"Point","coordinates":[148.9529,-9.4797]},"properties":{"d":"2026-09-30","t":"0338","frp":6.3,"b":342.5,"c":1,"s":"SNPP","n":0}},{"type":"Feature","geometry":{"type":"Point","coordinates":[148.9523,-9.4762]},"properties":{"d":"2026-09-30","t":"0338","frp":6.3,"b":346.9,"c":1,"s":"SNPP","n":0}},{"type":"Feature","geometry":{"type":"Point","coordinates":[148.8381,-9.4758]},"properties":{"d":"2026-09-30","t":"0338","frp":5.4,"b":336.2,"c":1,"s":"SNPP","n":0}},{"type":"Feature","geometry":{"type":"Point","coordinates":[148.7438,-9.4568]},"properties":{"d":"2026-09-30","t":"0338","frp":6.9,"b":334.0,"c":0,"s":"SNPP","n":0}},{"type":"Feature","geometry":{"type":"Point","coordinates":[148.7549,-9.4479]},"properties":{"d":"2026-09-30","t":"0338","frp":12.3,"b":342.9,"c":1,"s":"SNPP","n":0}},{"type":"Feature","geometry":{"type":"Point","coordinates":[147.4519,-9.4432]},"properties":{"d":"2026-09-30","t":"0338","frp":43.0,"b":346.8,"c":0,"s":"SNPP","n":0}},{"type":"Feature","geometry":{"type":"Point","coordinates":[147.4277,-9.4427]},"properties":{"d":"2026-09-30","t":"0338","frp":6.8,"b":330.9,"c":1,"s":"SNPP","n":0}},{"type":"Feature","geometry":{"type":"Point","coordinates":[147.4513,-9.4393]},"properties":{"d":"2026-09-30","t":"0338","frp":20.4,"b":343.5,"c":0,"s":"SNPP","n":0}},{"type":"Feature","geometry":{"type":"Point","coordinates":[148.763,-9.4176]},"properties":{"d":"2026-09-30","t":"0338","frp":7.5,"b":346.4,"c":0,"s":"SNPP","n":0}},{"type":"Feature","geometry":{"type":"Point","coordinates":[148.7752,-9.4158]},"properties":{"d":"2026-09-30","t":"0338","frp":7.5,"b":341.8,"c":1,"s":"SNPP","n":0}},{"type":"Feature","geometry":{"type":"Point","coordinates":[148.7665,-9.4134]},"properties":{"d":"2026-09-30","t":"0338","frp":16.6,"b":346.0,"c":0,"s":"SNPP","n":0}},{"type":"Feature","geometry":{"type":"Point","coordinates":[148.7747,-9.4122]},"properties":{"d":"2026-09-30","t":"0338","frp":7.1,"b":336.7,"c":0,"s":"SNPP","n":0}},{"type":"Feature","geometry":{"type":"Point","coordinates":[148.7742,-9.4087]},"properties":{"d":"2026-09-30","t":"0338","frp":7.1,"b":343.6,"c":1,"s":"SNPP","n":0}},{"type":"Feature","geometry":{"type":"Point","coordinates":[148.7604,-9.3997]},"properties":{"d":"2026-09-30","t":"0338","frp":2.9,"b":332.4,"c":0,"s":"SNPP","n":0}},{"type":"Feature","geometry":{"type":"Point","coordinates":[148.7598,-9.3962]},"properties":{"d":"2026-09-30","t":"0338","frp":2.9,"b":334.0,"c":0,"s":"SNPP","n":0}},{"type":"Feature","geometry":{"type":"Point","coordinates":[148.7602,-9.3937]},"properties":{"d":"2026-09-30","t":"0338","frp":9.5,"b":349.9,"c":1,"s":"SNPP","n":0}},{"type":"Feature","geometry":{"type":"Point","coordinates":[148.7142,-9.3932]},"properties":{"d":"2026-09-30","t":"0338","frp":5.8,"b":334.9,"c":1,"s":"SNPP","n":0}},{"type":"Feature","geometry":{"type":"Point","coordinates":[148.7802,-9.3932]},"properties":{"d":"2026-09-30","t":"0338","frp":3.6,"b":333.4,"c":0,"s":"SNPP","n":0}},{"type":"Feature","geometry":{"type":"Point","coordinates":[148.7593,-9.3926]},"properties":{"d":"2026-09-30","t":"0338","frp":6.9,"b":339.9,"c":1,"s":"SNPP","n":0}},{"type":"Feature","geometry":{"type":"Point","coordinates":[148.7634,-9.392]},"properties":{"d":"2026-09-30","t":"0338","frp":5.4,"b":344.1,"c":1,"s":"SNPP","n":0}},{"type":"Feature","geometry":{"type":"Point","coordinates":[148.7724,-9.3919]},"properties":{"d":"2026-09-30","t":"0338","frp":5.1,"b":331.4,"c":0,"s":"SNPP","n":0}},{"type":"Feature","geometry":{"type":"Point","coordinates":[148.7675,-9.3914]},"properties":{"d":"2026-09-30","t":"0338","frp":5.4,"b":336.2,"c":1,"s":"SNPP","n":0}},{"type":"Feature","geometry":{"type":"Point","coordinates":[148.7715,-9.3908]},"properties":{"d":"2026-09-30","t":"0338","frp":5.3,"b":331.6,"c":0,"s":"SNPP","n":0}},{"type":"Feature","geometry":{"type":"Point","coordinates":[148.7637,-9.3896]},"properties":{"d":"2026-09-30","t":"0338","frp":11.1,"b":351.8,"c":1,"s":"SNPP","n":0}},{"type":"Feature","geometry":{"type":"Point","coordinates":[148.7678,-9.389]},"properties":{"d":"2026-09-30","t":"0338","frp":11.1,"b":348.7,"c":1,"s":"SNPP","n":0}},{"type":"Feature","geometry":{"type":"Point","coordinates":[148.7629,-9.3884]},"properties":{"d":"2026-09-30","t":"0338","frp":5.4,"b":346.9,"c":1,"s":"SNPP","n":0}},{"type":"Feature","geometry":{"type":"Point","coordinates":[148.7669,-9.3879]},"properties":{"d":"2026-09-30","t":"0338","frp":5.4,"b":345.0,"c":1,"s":"SNPP","n":0}},{"type":"Feature","geometry":{"type":"Point","coordinates":[148.7173,-9.3855]},"properties":{"d":"2026-09-30","t":"0338","frp":3.4,"b":332.3,"c":0,"s":"SNPP","n":0}},{"type":"Feature","geometry":{"type":"Point","coordinates":[149.0759,-9.3724]},"properties":{"d":"2026-09-30","t":"0338","frp":6.2,"b":336.2,"c":1,"s":"SNPP","n":0}},{"type":"Feature","geometry":{"type":"Point","coordinates":[149.0798,-9.3718]},"properties":{"d":"2026-09-30","t":"0338","frp":6.9,"b":332.2,"c":0,"s":"SNPP","n":0}},{"type":"Feature","geometry":{"type":"Point","coordinates":[149.0585,-9.3641]},"properties":{"d":"2026-09-30","t":"0338","frp":6.8,"b":334.9,"c":0,"s":"SNPP","n":0}},{"type":"Feature","geometry":{"type":"Point","coordinates":[149.0704,-9.3624]},"properties":{"d":"2026-09-30","t":"0338","frp":4.7,"b":332.6,"c":0,"s":"SNPP","n":0}},{"type":"Feature","geometry":{"type":"Point","coordinates":[148.7844,-9.361]},"properties":{"d":"2026-09-30","t":"0338","frp":4.1,"b":333.5,"c":1,"s":"SNPP","n":0}},{"type":"Feature","geometry":{"type":"Point","coordinates":[148.7712,-9.3557]},"properties":{"d":"2026-09-30","t":"0338","frp":5.2,"b":333.4,"c":0,"s":"SNPP","n":0}},{"type":"Feature","geometry":{"type":"Point","coordinates":[148.8026,-9.3438]},"properties":{"d":"2026-09-30","t":"0338","frp":6.7,"b":332.4,"c":0,"s":"SNPP","n":0}},{"type":"Feature","geometry":{"type":"Point","coordinates":[147.2754,-9.3408]},"properties":{"d":"2026-09-30","t":"0338","frp":5.8,"b":332.0,"c":0,"s":"SNPP","n":0}},{"type":"Feature","geometry":{"type":"Point","coordinates":[148.9333,-9.3391]},"properties":{"d":"2026-09-30","t":"0338","frp":7.5,"b":346.4,"c":1,"s":"SNPP","n":0}},{"type":"Feature","geometry":{"type":"Point","coordinates":[148.9373,-9.3385]},"properties":{"d":"2026-09-30","t":"0338","frp":18.6,"b":348.7,"c":1,"s":"SNPP","n":0}},{"type":"Feature","geometry":{"type":"Point","coordinates":[148.9443,-9.3303]},"properties":{"d":"2026-09-30","t":"0338","frp":17.0,"b":346.6,"c":0,"s":"SNPP","n":0}},{"type":"Feature","geometry":{"type":"Point","coordinates":[148.8282,-9.3219]},"properties":{"d":"2026-09-30","t":"0338","frp":5.2,"b":336.6,"c":1,"s":"SNPP","n":0}},{"type":"Feature","geometry":{"type":"Point","coordinates":[149.1832,-9.3094]},"properties":{"d":"2026-09-30","t":"0338","frp":5.4,"b":331.1,"c":0,"s":"SNPP","n":0}},{"type":"Feature","geometry":{"type":"Point","coordinates":[149.1657,-9.2977]},"properties":{"d":"2026-09-30","t":"0338","frp":5.8,"b":334.4,"c":0,"s":"SNPP","n":0}},{"type":"Feature","geometry":{"type":"Point","coordinates":[149.1652,-9.2942]},"properties":{"d":"2026-09-30","t":"0338","frp":5.8,"b":342.0,"c":1,"s":"SNPP","n":0}},{"type":"Feature","geometry":{"type":"Point","coordinates":[149.173,-9.2931]},"properties":{"d":"2026-09-30","t":"0338","frp":5.3,"b":334.4,"c":0,"s":"SNPP","n":0}},{"type":"Feature","geometry":{"type":"Point","coordinates":[147.1645,-9.2849]},"properties":{"d":"2026-09-30","t":"0338","frp":4.6,"b":333.2,"c":1,"s":"SNPP","n":0}},{"type":"Feature","geometry":{"type":"Point","coordinates":[148.9863,-9.2809]},"properties":{"d":"2026-09-30","t":"0338","frp":9.1,"b":340.7,"c":1,"s":"SNPP","n":0}},{"type":"Feature","geometry":{"type":"Point","coordinates":[147.0833,-9.2806]},"properties":{"d":"2026-09-30","t":"0338","frp":5.0,"b":332.1,"c":1,"s":"SNPP","n":0}},{"type":"Feature","geometry":{"type":"Point","coordinates":[148.9737,-9.2791]},"properties":{"d":"2026-09-30","t":"0338","frp":5.9,"b":341.4,"c":1,"s":"SNPP","n":0}},{"type":"Feature","geometry":{"type":"Point","coordinates":[147.1634,-9.2771]},"properties":{"d":"2026-09-30","t":"0338","frp":5.1,"b":335.1,"c":1,"s":"SNPP","n":0}},{"type":"Feature","geometry":{"type":"Point","coordinates":[148.9732,-9.2755]},"properties":{"d":"2026-09-30","t":"0338","frp":4.5,"b":333.3,"c":0,"s":"SNPP","n":0}},{"type":"Feature","geometry":{"type":"Point","coordinates":[147.2031,-9.2754]},"properties":{"d":"2026-09-30","t":"0338","frp":6.0,"b":331.2,"c":0,"s":"SNPP","n":0}},{"type":"Feature","geometry":{"type":"Point","coordinates":[148.9933,-9.2726]},"properties":{"d":"2026-09-30","t":"0338","frp":8.0,"b":335.7,"c":0,"s":"SNPP","n":0}},{"type":"Feature","geometry":{"type":"Point","coordinates":[147.0363,-9.2714]},"properties":{"d":"2026-09-30","t":"0338","frp":10.2,"b":334.5,"c":0,"s":"SNPP","n":0}},{"type":"Feature","geometry":{"type":"Point","coordinates":[147.0816,-9.2689]},"properties":{"d":"2026-09-30","t":"0338","frp":7.7,"b":331.7,"c":0,"s":"SNPP","n":0}},{"type":"Feature","geometry":{"type":"Point","coordinates":[147.1058,-9.2615]},"properties":{"d":"2026-09-30","t":"0338","frp":4.3,"b":330.7,"c":1,"s":"SNPP","n":0}},{"type":"Feature","geometry":{"type":"Point","coordinates":[148.8565,-9.2609]},"properties":{"d":"2026-09-30","t":"0338","frp":2.3,"b":331.1,"c":1,"s":"SNPP","n":0}},{"type":"Feature","geometry":{"type":"Point","coordinates":[147.0695,-9.2547]},"properties":{"d":"2026-09-30","t":"0338","frp":5.6,"b":334.4,"c":1,"s":"SNPP","n":0}},{"type":"Feature","geometry":{"type":"Point","coordinates":[152.8719,-9.2416]},"properties":{"d":"2026-09-30","t":"0338","frp":8.7,"b":344.6,"c":1,"s":"SNPP","n":0}},{"type":"Feature","geometry":{"type":"Point","coordinates":[147.108,-9.2413]},"properties":{"d":"2026-09-30","t":"0338","frp":5.4,"b":332.0,"c":0,"s":"SNPP","n":0}},{"type":"Feature","geometry":{"type":"Point","coordinates":[147.2716,-9.23]},"properties":{"d":"2026-09-30","t":"0338","frp":5.3,"b":334.5,"c":1,"s":"SNPP","n":0}},{"type":"Feature","geometry":{"type":"Point","coordinates":[148.4903,-9.2117]},"properties":{"d":"2026-09-30","t":"0338","frp":6.1,"b":335.2,"c":1,"s":"SNPP","n":0}},{"type":"Feature","geometry":{"type":"Point","coordinates":[148.4909,-9.2104]},"properties":{"d":"2026-09-30","t":"0338","frp":13.0,"b":335.7,"c":1,"s":"SNPP","n":0}},{"type":"Feature","geometry":{"type":"Point","coordinates":[148.4108,-9.2074]},"properties":{"d":"2026-09-30","t":"0338","frp":5.5,"b":334.4,"c":1,"s":"SNPP","n":0}},{"type":"Feature","geometry":{"type":"Point","coordinates":[141.2017,-9.1345]},"properties":{"d":"2026-09-30","t":"0338","frp":2.2,"b":332.2,"c":1,"s":"SNPP","n":0}},{"type":"Feature","geometry":{"type":"Point","coordinates":[141.6448,-9.1253]},"properties":{"d":"2026-09-30","t":"0338","frp":7.0,"b":340.4,"c":1,"s":"SNPP","n":0}},{"type":"Feature","geometry":{"type":"Point","coordinates":[148.6255,-9.1246]},"properties":{"d":"2026-09-30","t":"0338","frp":31.4,"b":339.0,"c":0,"s":"SNPP","n":0}},{"type":"Feature","geometry":{"type":"Point","coordinates":[141.6441,-9.1197]},"properties":{"d":"2026-09-30","t":"0338","frp":4.6,"b":330.1,"c":1,"s":"SNPP","n":0}},{"type":"Feature","geometry":{"type":"Point","coordinates":[141.1285,-9.1145]},"properties":{"d":"2026-09-30","t":"0338","frp":8.9,"b":367.0,"c":2,"s":"SNPP","n":0}},{"type":"Feature","geometry":{"type":"Point","coordinates":[141.1326,-9.1139]},"properties":{"d":"2026-09-30","t":"0338","frp":8.9,"b":350.9,"c":1,"s":"SNPP","n":0}},{"type":"Feature","geometry":{"type":"Point","coordinates":[141.2239,-9.1139]},"properties":{"d":"2026-09-30","t":"0338","frp":7.8,"b":367.0,"c":2,"s":"SNPP","n":0}},{"type":"Feature","geometry":{"type":"Point","coordinates":[141.1947,-9.1118]},"properties":{"d":"2026-09-30","t":"0338","frp":14.9,"b":367.0,"c":2,"s":"SNPP","n":0}},{"type":"Feature","geometry":{"type":"Point","coordinates":[141.1988,-9.1113]},"properties":{"d":"2026-09-30","t":"0338","frp":14.9,"b":332.4,"c":1,"s":"SNPP","n":0}},{"type":"Feature","geometry":{"type":"Point","coordinates":[141.1278,-9.1087]},"properties":{"d":"2026-09-30","t":"0338","frp":8.9,"b":349.6,"c":1,"s":"SNPP","n":0}},{"type":"Feature","geometry":{"type":"Point","coordinates":[148.5895,-9.1078]},"properties":{"d":"2026-09-30","t":"0338","frp":8.3,"b":333.6,"c":0,"s":"SNPP","n":0}},{"type":"Feature","geometry":{"type":"Point","coordinates":[148.5936,-9.1073]},"properties":{"d":"2026-09-30","t":"0338","frp":8.3,"b":342.4,"c":0,"s":"SNPP","n":0}},{"type":"Feature","geometry":{"type":"Point","coordinates":[141.1925,-9.0944]},"properties":{"d":"2026-09-30","t":"0338","frp":14.0,"b":354.5,"c":1,"s":"SNPP","n":0}},{"type":"Feature","geometry":{"type":"Point","coordinates":[141.1966,-9.0939]},"properties":{"d":"2026-09-30","t":"0338","frp":14.0,"b":367.0,"c":2,"s":"SNPP","n":0}},{"type":"Feature","geometry":{"type":"Point","coordinates":[141.1918,-9.0886]},"properties":{"d":"2026-09-30","t":"0338","frp":14.0,"b":367.0,"c":2,"s":"SNPP","n":0}},{"type":"Feature","geometry":{"type":"Point","coordinates":[141.3504,-9.0799]},"properties":{"d":"2026-09-30","t":"0338","frp":3.6,"b":340.7,"c":1,"s":"SNPP","n":0}},{"type":"Feature","geometry":{"type":"Point","coordinates":[148.5265,-9.0754]},"properties":{"d":"2026-09-30","t":"0338","frp":4.9,"b":333.2,"c":1,"s":"SNPP","n":0}},{"type":"Feature","geometry":{"type":"Point","coordinates":[148.5849,-9.0741]},"properties":{"d":"2026-09-30","t":"0338","frp":12.1,"b":335.4,"c":0,"s":"SNPP","n":0}},{"type":"Feature","geometry":{"type":"Point","coordinates":[141.3489,-9.0684]},"properties":{"d":"2026-09-30","t":"0338","frp":7.2,"b":343.3,"c":1,"s":"SNPP","n":0}},{"type":"Feature","geometry":{"type":"Point","coordinates":[141.3529,-9.0679]},"properties":{"d":"2026-09-30","t":"0338","frp":9.5,"b":345.3,"c":1,"s":"SNPP","n":0}},{"type":"Feature","geometry":{"type":"Point","coordinates":[141.3481,-9.0627]},"properties":{"d":"2026-09-30","t":"0338","frp":15.9,"b":367.0,"c":2,"s":"SNPP","n":0}},{"type":"Feature","geometry":{"type":"Point","coordinates":[141.3521,-9.0622]},"properties":{"d":"2026-09-30","t":"0338","frp":21.4,"b":349.0,"c":1,"s":"SNPP","n":0}},{"type":"Feature","geometry":{"type":"Point","coordinates":[141.368,-9.0601]},"properties":{"d":"2026-09-30","t":"0338","frp":5.8,"b":338.8,"c":1,"s":"SNPP","n":0}},{"type":"Feature","geometry":{"type":"Point","coordinates":[141.3474,-9.0569]},"properties":{"d":"2026-09-30","t":"0338","frp":15.9,"b":339.5,"c":1,"s":"SNPP","n":0}},{"type":"Feature","geometry":{"type":"Point","coordinates":[141.3514,-9.0564]},"properties":{"d":"2026-09-30","t":"0338","frp":21.4,"b":367.0,"c":2,"s":"SNPP","n":0}},{"type":"Feature","geometry":{"type":"Point","coordinates":[141.3554,-9.0559]},"properties":{"d":"2026-09-30","t":"0338","frp":21.4,"b":331.6,"c":1,"s":"SNPP","n":0}},{"type":"Feature","geometry":{"type":"Point","coordinates":[141.7222,-9.0429]},"properties":{"d":"2026-09-30","t":"0338","frp":9.6,"b":331.3,"c":1,"s":"SNPP","n":0}},{"type":"Feature","geometry":{"type":"Point","coordinates":[141.726,-9.0425]},"properties":{"d":"2026-09-30","t":"0338","frp":22.3,"b":367.0,"c":2,"s":"SNPP","n":0}},{"type":"Feature","geometry":{"type":"Point","coordinates":[141.7215,-9.0373]},"properties":{"d":"2026-09-30","t":"0338","frp":14.4,"b":355.6,"c":1,"s":"SNPP","n":0}},{"type":"Feature","geometry":{"type":"Point","coordinates":[141.7252,-9.0369]},"properties":{"d":"2026-09-30","t":"0338","frp":16.8,"b":354.6,"c":1,"s":"SNPP","n":0}},{"type":"Feature","geometry":{"type":"Point","coordinates":[146.8845,-9.0101]},"properties":{"d":"2026-09-30","t":"0338","frp":4.7,"b":331.9,"c":0,"s":"SNPP","n":0}},{"type":"Feature","geometry":{"type":"Point","coordinates":[146.8868,-9.009]},"properties":{"d":"2026-09-30","t":"0338","frp":9.3,"b":335.6,"c":0,"s":"SNPP","n":0}},{"type":"Feature","geometry":{"type":"Point","coordinates":[141.3946,-37.6145]},"properties":{"d":"2026-09-30","t":"0510","frp":5.3,"b":333.4,"c":1,"s":"SNPP","n":0}},{"type":"Feature","geometry":{"type":"Point","coordinates":[141.3968,-37.6134]},"properties":{"d":"2026-09-30","t":"0510","frp":3.8,"b":332.4,"c":1,"s":"SNPP","n":0}},{"type":"Feature","geometry":{"type":"Point","coordinates":[146.5727,-32.7248]},"properties":{"d":"2026-09-30","t":"0510","frp":6.5,"b":332.6,"c":1,"s":"SNPP","n":0}},{"type":"Feature","geometry":{"type":"Point","coordinates":[146.5787,-32.7231]},"properties":{"d":"2026-09-30","t":"0510","frp":11.5,"b":350.0,"c":1,"s":"SNPP","n":0}},{"type":"Feature","geometry":{"type":"Point","coordinates":[146.5787,-32.7215]},"properties":{"d":"2026-09-30","t":"0510","frp":12.3,"b":336.1,"c":1,"s":"SNPP","n":0}},{"type":"Feature","geometry":{"type":"Point","coordinates":[146.6229,-32.3702]},"properties":{"d":"2026-09-30","t":"0510","frp":6.3,"b":338.9,"c":1,"s":"SNPP","n":0}},{"type":"Feature","geometry":{"type":"Point","coordinates":[146.5846,-32.3113]},"properties":{"d":"2026-09-30","t":"0510","frp":6.1,"b":342.9,"c":1,"s":"SNPP","n":0}},{"type":"Feature","geometry":{"type":"Point","coordinates":[146.5871,-32.3112]},"properties":{"d":"2026-09-30","t":"0510","frp":5.6,"b":337.9,"c":1,"s":"SNPP","n":0}},{"type":"Feature","geometry":{"type":"Point","coordinates":[146.7607,-31.125]},"properties":{"d":"2026-09-30","t":"0512","frp":7.3,"b":341.3,"c":1,"s":"SNPP","n":0}},{"type":"Feature","geometry":{"type":"Point","coordinates":[146.7603,-31.1217]},"properties":{"d":"2026-09-30","t":"0512","frp":10.5,"b":354.6,"c":1,"s":"SNPP","n":0}},{"type":"Feature","geometry":{"type":"Point","coordinates":[146.7583,-31.1185]},"properties":{"d":"2026-09-30","t":"0512","frp":7.3,"b":339.0,"c":1,"s":"SNPP","n":0}},{"type":"Feature","geometry":{"type":"Point","coordinates":[120.4358,-26.7337]},"properties":{"d":"2026-09-30","t":"0514","frp":3.6,"b":345.3,"c":1,"s":"SNPP","n":0}},{"type":"Feature","geometry":{"type":"Point","coordinates":[145.561,-24.5012]},"properties":{"d":"2026-09-30","t":"0514","frp":20.4,"b":347.6,"c":1,"s":"SNPP","n":0}},{"type":"Feature","geometry":{"type":"Point","coordinates":[134.6212,-23.6441]},"properties":{"d":"2026-09-30","t":"0514","frp":23.2,"b":346.9,"c":1,"s":"SNPP","n":0}},{"type":"Feature","geometry":{"type":"Point","coordinates":[134.6095,-23.6422]},"properties":{"d":"2026-09-30","t":"0514","frp":15.1,"b":355.0,"c":1,"s":"SNPP","n":0}},{"type":"Feature","geometry":{"type":"Point","coordinates":[134.6148,-23.6412]},"properties":{"d":"2026-09-30","t":"0514","frp":12.4,"b":367.0,"c":2,"s":"SNPP","n":0}},{"type":"Feature","geometry":{"type":"Point","coordinates":[134.6203,-23.6402]},"properties":{"d":"2026-09-30","t":"0514","frp":12.4,"b":342.6,"c":1,"s":"SNPP","n":0}},{"type":"Feature","geometry":{"type":"Point","coordinates":[132.3588,-23.2918]},"properties":{"d":"2026-09-30","t":"0514","frp":4.2,"b":345.9,"c":1,"s":"SNPP","n":0}},{"type":"Feature","geometry":{"type":"Point","coordinates":[131.5587,-22.5341]},"properties":{"d":"2026-09-30","t":"0514","frp":39.2,"b":356.5,"c":1,"s":"SNPP","n":0}},{"type":"Feature","geometry":{"type":"Point","coordinates":[131.558,-22.5306]},"properties":{"d":"2026-09-30","t":"0514","frp":13.6,"b":355.3,"c":1,"s":"SNPP","n":0}},{"type":"Feature","geometry":{"type":"Point","coordinates":[131.5533,-22.5279]},"properties":{"d":"2026-09-30","t":"0514","frp":8.4,"b":347.0,"c":1,"s":"SNPP","n":0}},{"type":"Feature","geometry":{"type":"Point","coordinates":[131.424,-22.5247]},"properties":{"d":"2026-09-30","t":"0514","frp":19.7,"b":351.8,"c":1,"s":"SNPP","n":0}},{"type":"Feature","geometry":{"type":"Point","coordinates":[131.5527,-22.5244]},"properties":{"d":"2026-09-30","t":"0514","frp":7.4,"b":352.0,"c":1,"s":"SNPP","n":0}},{"type":"Feature","geometry":{"type":"Point","coordinates":[131.5318,-22.5243]},"properties":{"d":"2026-09-30","t":"0514","frp":10.5,"b":348.3,"c":1,"s":"SNPP","n":0}},{"type":"Feature","geometry":{"type":"Point","coordinates":[131.4233,-22.5213]},"properties":{"d":"2026-09-30","t":"0514","frp":19.7,"b":348.1,"c":1,"s":"SNPP","n":0}},{"type":"Feature","geometry":{"type":"Point","coordinates":[131.552,-22.521]},"properties":{"d":"2026-09-30","t":"0514","frp":7.4,"b":354.6,"c":1,"s":"SNPP","n":0}},{"type":"Feature","geometry":{"type":"Point","coordinates":[131.4266,-22.5172]},"properties":{"d":"2026-09-30","t":"0514","frp":6.8,"b":346.5,"c":1,"s":"SNPP","n":0}},{"type":"Feature","geometry":{"type":"Point","coordinates":[131.5244,-22.5078]},"properties":{"d":"2026-09-30","t":"0514","frp":11.9,"b":351.4,"c":1,"s":"SNPP","n":0}},{"type":"Feature","geometry":{"type":"Point","coordinates":[131.5534,-22.5065]},"properties":{"d":"2026-09-30","t":"0514","frp":14.8,"b":367.0,"c":2,"s":"SNPP","n":0}},{"type":"Feature","geometry":{"type":"Point","coordinates":[131.4379,-22.5059]},"properties":{"d":"2026-09-30","t":"0514","frp":7.7,"b":347.8,"c":1,"s":"SNPP","n":0}},{"type":"Feature","geometry":{"type":"Point","coordinates":[131.5197,-22.5051]},"properties":{"d":"2026-09-30","t":"0514","frp":11.9,"b":350.6,"c":1,"s":"SNPP","n":0}},{"type":"Feature","geometry":{"type":"Point","coordinates":[131.5278,-22.5037]},"properties":{"d":"2026-09-30","t":"0514","frp":14.7,"b":353.8,"c":1,"s":"SNPP","n":0}},{"type":"Feature","geometry":{"type":"Point","coordinates":[131.5527,-22.5031]},"properties":{"d":"2026-09-30","t":"0514","frp":46.3,"b":356.6,"c":0,"s":"SNPP","n":0}},{"type":"Feature","geometry":{"type":"Point","coordinates":[131.4366,-22.499]},"properties":{"d":"2026-09-30","t":"0514","frp":19.8,"b":346.2,"c":1,"s":"SNPP","n":0}},{"type":"Feature","geometry":{"type":"Point","coordinates":[131.4406,-22.4983]},"properties":{"d":"2026-09-30","t":"0514","frp":19.8,"b":349.0,"c":1,"s":"SNPP","n":0}},{"type":"Feature","geometry":{"type":"Point","coordinates":[131.5514,-22.4962]},"properties":{"d":"2026-09-30","t":"0514","frp":98.0,"b":367.0,"c":2,"s":"SNPP","n":0}},{"type":"Feature","geometry":{"type":"Point","coordinates":[131.44,-22.4949]},"properties":{"d":"2026-09-30","t":"0514","frp":19.8,"b":350.9,"c":1,"s":"SNPP","n":0}},{"type":"Feature","geometry":{"type":"Point","coordinates":[131.5507,-22.4927]},"properties":{"d":"2026-09-30","t":"0514","frp":98.0,"b":357.1,"c":1,"s":"SNPP","n":0}},{"type":"Feature","geometry":{"type":"Point","coordinates":[131.55,-22.4893]},"properties":{"d":"2026-09-30","t":"0514","frp":53.6,"b":367.0,"c":0,"s":"SNPP","n":0}},{"type":"Feature","geometry":{"type":"Point","coordinates":[131.5541,-22.4886]},"properties":{"d":"2026-09-30","t":"0514","frp":53.6,"b":367.0,"c":0,"s":"SNPP","n":0}},{"type":"Feature","geometry":{"type":"Point","coordinates":[131.5494,-22.4858]},"properties":{"d":"2026-09-30","t":"0514","frp":53.6,"b":354.5,"c":1,"s":"SNPP","n":0}},{"type":"Feature","geometry":{"type":"Point","coordinates":[131.4534,-22.4785]},"properties":{"d":"2026-09-30","t":"0514","frp":8.0,"b":348.0,"c":1,"s":"SNPP","n":0}},{"type":"Feature","geometry":{"type":"Point","coordinates":[131.5387,-22.4679]},"properties":{"d":"2026-09-30","t":"0514","frp":9.3,"b":346.1,"c":1,"s":"SNPP","n":0}},{"type":"Feature","geometry":{"type":"Point","coordinates":[132.3389,-22.3829]},"properties":{"d":"2026-09-30","t":"0514","frp":18.3,"b":340.3,"c":0,"s":"SNPP","n":0}},{"type":"Feature","geometry":{"type":"Point","coordinates":[132.3432,-22.3821]},"properties":{"d":"2026-09-30","t":"0514","frp":18.3,"b":350.5,"c":0,"s":"SNPP","n":0}},{"type":"Feature","geometry":{"type":"Point","coordinates":[132.3425,-22.3786]},"properties":{"d":"2026-09-30","t":"0514","frp":18.3,"b":345.1,"c":0,"s":"SNPP","n":0}},{"type":"Feature","geometry":{"type":"Point","coordinates":[132.2004,-22.2555]},"properties":{"d":"2026-09-30","t":"0514","frp":4.2,"b":343.7,"c":0,"s":"SNPP","n":0}},{"type":"Feature","geometry":{"type":"Point","coordinates":[132.0495,-22.1761]},"properties":{"d":"2026-09-30","t":"0514","frp":6.1,"b":348.7,"c":1,"s":"SNPP","n":0}},{"type":"Feature","geometry":{"type":"Point","coordinates":[132.0537,-22.1754]},"properties":{"d":"2026-09-30","t":"0514","frp":9.7,"b":354.9,"c":1,"s":"SNPP","n":0}},{"type":"Feature","geometry":{"type":"Point","coordinates":[132.0404,-22.1741]},"properties":{"d":"2026-09-30","t":"0514","frp":5.4,"b":346.8,"c":1,"s":"SNPP","n":0}},{"type":"Feature","geometry":{"type":"Point","coordinates":[132.0446,-22.1733]},"properties":{"d":"2026-09-30","t":"0514","frp":6.6,"b":344.7,"c":0,"s":"SNPP","n":0}},{"type":"Feature","geometry":{"type":"Point","coordinates":[132.0397,-22.1705]},"properties":{"d":"2026-09-30","t":"0514","frp":5.4,"b":349.7,"c":1,"s":"SNPP","n":0}},{"type":"Feature","geometry":{"type":"Point","coordinates":[132.0221,-22.1699]},"properties":{"d":"2026-09-30","t":"0514","frp":5.6,"b":343.4,"c":1,"s":"SNPP","n":0}},{"type":"Feature","geometry":{"type":"Point","coordinates":[132.0263,-22.1692]},"properties":{"d":"2026-09-30","t":"0514","frp":3.5,"b":342.4,"c":0,"s":"SNPP","n":0}},{"type":"Feature","geometry":{"type":"Point","coordinates":[132.0306,-22.1684]},"properties":{"d":"2026-09-30","t":"0514","frp":3.5,"b":346.1,"c":1,"s":"SNPP","n":0}},{"type":"Feature","geometry":{"type":"Point","coordinates":[132.0348,-22.1677]},"properties":{"d":"2026-09-30","t":"0514","frp":4.0,"b":346.2,"c":1,"s":"SNPP","n":0}},{"type":"Feature","geometry":{"type":"Point","coordinates":[132.0172,-22.1671]},"properties":{"d":"2026-09-30","t":"0514","frp":5.6,"b":356.9,"c":1,"s":"SNPP","n":0}},{"type":"Feature","geometry":{"type":"Point","coordinates":[132.039,-22.167]},"properties":{"d":"2026-09-30","t":"0514","frp":4.0,"b":341.6,"c":0,"s":"SNPP","n":0}},{"type":"Feature","geometry":{"type":"Point","coordinates":[132.0214,-22.1664]},"properties":{"d":"2026-09-30","t":"0514","frp":5.6,"b":347.8,"c":1,"s":"SNPP","n":0}},{"type":"Feature","geometry":{"type":"Point","coordinates":[133.3858,-22.0573]},"properties":{"d":"2026-09-30","t":"0514","frp":29.6,"b":356.3,"c":1,"s":"SNPP","n":0}},{"type":"Feature","geometry":{"type":"Point","coordinates":[133.3842,-22.0573]},"properties":{"d":"2026-09-30","t":"0514","frp":44.1,"b":350.3,"c":1,"s":"SNPP","n":0}},{"type":"Feature","geometry":{"type":"Point","coordinates":[133.3906,-22.0565]},"properties":{"d":"2026-09-30","t":"0514","frp":12.8,"b":367.0,"c":2,"s":"SNPP","n":0}},{"type":"Feature","geometry":{"type":"Point","coordinates":[133.389,-22.0565]},"properties":{"d":"2026-09-30","t":"0514","frp":16.8,"b":367.0,"c":2,"s":"SNPP","n":0}},{"type":"Feature","geometry":{"type":"Point","coordinates":[133.3955,-22.0556]},"properties":{"d":"2026-09-30","t":"0514","frp":12.8,"b":367.0,"c":2,"s":"SNPP","n":0}},{"type":"Feature","geometry":{"type":"Point","coordinates":[133.3938,-22.0556]},"properties":{"d":"2026-09-30","t":"0514","frp":16.8,"b":367.0,"c":2,"s":"SNPP","n":0}},{"type":"Feature","geometry":{"type":"Point","coordinates":[133.4003,-22.0548]},"properties":{"d":"2026-09-30","t":"0514","frp":7.3,"b":356.1,"c":1,"s":"SNPP","n":0}},{"type":"Feature","geometry":{"type":"Point","coordinates":[133.3987,-22.0547]},"properties":{"d":"2026-09-30","t":"0514","frp":7.6,"b":367.0,"c":2,"s":"SNPP","n":0}},{"type":"Feature","geometry":{"type":"Point","coordinates":[133.4035,-22.0538]},"properties":{"d":"2026-09-30","t":"0514","frp":7.6,"b":338.8,"c":1,"s":"SNPP","n":0}},{"type":"Feature","geometry":{"type":"Point","coordinates":[133.385,-22.0536]},"properties":{"d":"2026-09-30","t":"0514","frp":29.6,"b":356.6,"c":0,"s":"SNPP","n":0}},{"type":"Feature","geometry":{"type":"Point","coordinates":[133.3947,-22.0519]},"properties":{"d":"2026-09-30","t":"0514","frp":12.8,"b":346.3,"c":1,"s":"SNPP","n":0}},{"type":"Feature","geometry":{"type":"Point","coordinates":[133.3931,-22.0518]},"properties":{"d":"2026-09-30","t":"0514","frp":16.8,"b":342.6,"c":1,"s":"SNPP","n":0}},{"type":"Feature","geometry":{"type":"Point","coordinates":[133.3996,-22.051]},"properties":{"d":"2026-09-30","t":"0514","frp":7.3,"b":348.9,"c":1,"s":"SNPP","n":0}},{"type":"Feature","geometry":{"type":"Point","coordinates":[133.3979,-22.0509]},"properties":{"d":"2026-09-30","t":"0514","frp":7.6,"b":344.1,"c":1,"s":"SNPP","n":0}},{"type":"Feature","geometry":{"type":"Point","coordinates":[133.4044,-22.0502]},"properties":{"d":"2026-09-30","t":"0514","frp":7.3,"b":337.7,"c":0,"s":"SNPP","n":0}},{"type":"Feature","geometry":{"type":"Point","coordinates":[133.4028,-22.05]},"properties":{"d":"2026-09-30","t":"0514","frp":7.6,"b":350.4,"c":1,"s":"SNPP","n":0}},{"type":"Feature","geometry":{"type":"Point","coordinates":[133.3939,-22.0481]},"properties":{"d":"2026-09-30","t":"0514","frp":3.5,"b":339.3,"c":0,"s":"SNPP","n":0}},{"type":"Feature","geometry":{"type":"Point","coordinates":[133.4036,-22.0464]},"properties":{"d":"2026-09-30","t":"0514","frp":10.0,"b":343.0,"c":0,"s":"SNPP","n":0}},{"type":"Feature","geometry":{"type":"Point","coordinates":[133.3932,-22.0444]},"properties":{"d":"2026-09-30","t":"0514","frp":3.5,"b":355.4,"c":1,"s":"SNPP","n":0}},{"type":"Feature","geometry":{"type":"Point","coordinates":[133.4384,-22.0441]},"properties":{"d":"2026-09-30","t":"0514","frp":14.4,"b":342.3,"c":0,"s":"SNPP","n":0}},{"type":"Feature","geometry":{"type":"Point","coordinates":[133.4415,-22.0429]},"properties":{"d":"2026-09-30","t":"0514","frp":13.9,"b":349.2,"c":1,"s":"SNPP","n":0}},{"type":"Feature","geometry":{"type":"Point","coordinates":[133.4029,-22.0427]},"properties":{"d":"2026-09-30","t":"0514","frp":10.0,"b":346.7,"c":0,"s":"SNPP","n":0}},{"type":"Feature","geometry":{"type":"Point","coordinates":[133.4377,-22.0404]},"properties":{"d":"2026-09-30","t":"0514","frp":7.0,"b":349.2,"c":1,"s":"SNPP","n":0}},{"type":"Feature","geometry":{"type":"Point","coordinates":[133.4369,-22.0366]},"properties":{"d":"2026-09-30","t":"0514","frp":7.0,"b":342.1,"c":0,"s":"SNPP","n":0}},{"type":"Feature","geometry":{"type":"Point","coordinates":[133.4361,-22.0328]},"properties":{"d":"2026-09-30","t":"0514","frp":11.5,"b":345.7,"c":0,"s":"SNPP","n":0}},{"type":"Feature","geometry":{"type":"Point","coordinates":[133.4305,-22.03]},"properties":{"d":"2026-09-30","t":"0514","frp":12.4,"b":346.3,"c":0,"s":"SNPP","n":0}},{"type":"Feature","geometry":{"type":"Point","coordinates":[133.4297,-22.0262]},"properties":{"d":"2026-09-30","t":"0514","frp":9.6,"b":344.7,"c":0,"s":"SNPP","n":0}},{"type":"Feature","geometry":{"type":"Point","coordinates":[131.7002,-21.9677]},"properties":{"d":"2026-09-30","t":"0514","frp":9.8,"b":346.1,"c":0,"s":"SNPP","n":0}},{"type":"Feature","geometry":{"type":"Point","coordinates":[131.6995,-21.9642]},"properties":{"d":"2026-09-30","t":"0514","frp":20.4,"b":367.0,"c":0,"s":"SNPP","n":0}},{"type":"Feature","geometry":{"type":"Point","coordinates":[131.6989,-21.9608]},"properties":{"d":"2026-09-30","t":"0514","frp":20.4,"b":345.1,"c":0,"s":"SNPP","n":0}},{"type":"Feature","geometry":{"type":"Point","coordinates":[131.6859,-21.9594]},"properties":{"d":"2026-09-30","t":"0514","frp":26.7,"b":351.7,"c":1,"s":"SNPP","n":0}},{"type":"Feature","geometry":{"type":"Point","coordinates":[131.6955,-21.9434]},"properties":{"d":"2026-09-30","t":"0514","frp":6.7,"b":344.7,"c":0,"s":"SNPP","n":0}},{"type":"Feature","geometry":{"type":"Point","coordinates":[132.3156,-21.8771]},"properties":{"d":"2026-09-30","t":"0514","frp":2.2,"b":339.6,"c":0,"s":"SNPP","n":0}},{"type":"Feature","geometry":{"type":"Point","coordinates":[132.3149,-21.8735]},"properties":{"d":"2026-09-30","t":"0514","frp":5.5,"b":350.2,"c":1,"s":"SNPP","n":0}},{"type":"Feature","geometry":{"type":"Point","coordinates":[132.3185,-21.8692]},"properties":{"d":"2026-09-30","t":"0514","frp":5.5,"b":344.9,"c":0,"s":"SNPP","n":0}},{"type":"Feature","geometry":{"type":"Point","coordinates":[132.3229,-21.8685]},"properties":{"d":"2026-09-30","t":"0514","frp":31.0,"b":347.8,"c":1,"s":"SNPP","n":0}},{"type":"Feature","geometry":{"type":"Point","coordinates":[132.3316,-21.867]},"properties":{"d":"2026-09-30","t":"0514","frp":9.3,"b":348.6,"c":1,"s":"SNPP","n":0}},{"type":"Feature","geometry":{"type":"Point","coordinates":[132.3884,-21.8571]},"properties":{"d":"2026-09-30","t":"0514","frp":58.3,"b":367.0,"c":0,"s":"SNPP","n":0}},{"type":"Feature","geometry":{"type":"Point","coordinates":[132.3877,-21.8535]},"properties":{"d":"2026-09-30","t":"0514","frp":18.1,"b":351.4,"c":1,"s":"SNPP","n":0}},{"type":"Feature","geometry":{"type":"Point","coordinates":[132.387,-21.85]},"properties":{"d":"2026-09-30","t":"0514","frp":18.1,"b":351.2,"c":1,"s":"SNPP","n":0}},{"type":"Feature","geometry":{"type":"Point","coordinates":[132.3862,-21.8464]},"properties":{"d":"2026-09-30","t":"0514","frp":6.9,"b":351.0,"c":1,"s":"SNPP","n":0}},{"type":"Feature","geometry":{"type":"Point","coordinates":[132.3855,-21.8428]},"properties":{"d":"2026-09-30","t":"0514","frp":6.9,"b":350.8,"c":1,"s":"SNPP","n":0}},{"type":"Feature","geometry":{"type":"Point","coordinates":[132.3848,-21.8392]},"properties":{"d":"2026-09-30","t":"0514","frp":14.8,"b":352.8,"c":1,"s":"SNPP","n":0}},{"type":"Feature","geometry":{"type":"Point","coordinates":[132.3841,-21.8356]},"properties":{"d":"2026-09-30","t":"0514","frp":14.8,"b":341.8,"c":0,"s":"SNPP","n":0}},{"type":"Feature","geometry":{"type":"Point","coordinates":[132.3834,-21.8321]},"properties":{"d":"2026-09-30","t":"0514","frp":12.7,"b":348.4,"c":1,"s":"SNPP","n":0}},{"type":"Feature","geometry":{"type":"Point","coordinates":[132.3827,-21.8285]},"properties":{"d":"2026-09-30","t":"0514","frp":12.7,"b":347.2,"c":1,"s":"SNPP","n":0}},{"type":"Feature","geometry":{"type":"Point","coordinates":[132.3813,-21.8213]},"properties":{"d":"2026-09-30","t":"0514","frp":8.2,"b":344.9,"c":0,"s":"SNPP","n":0}},{"type":"Feature","geometry":{"type":"Point","coordinates":[132.3799,-21.8141]},"properties":{"d":"2026-09-30","t":"0514","frp":10.6,"b":344.2,"c":0,"s":"SNPP","n":0}},{"type":"Feature","geometry":{"type":"Point","coordinates":[132.3741,-21.8077]},"properties":{"d":"2026-09-30","t":"0514","frp":8.0,"b":341.8,"c":0,"s":"SNPP","n":0}},{"type":"Feature","geometry":{"type":"Point","coordinates":[132.369,-21.8049]},"properties":{"d":"2026-09-30","t":"0514","frp":4.4,"b":340.4,"c":0,"s":"SNPP","n":0}},{"type":"Feature","geometry":{"type":"Point","coordinates":[132.3704,-21.8038]},"properties":{"d":"2026-09-30","t":"0514","frp":7.9,"b":344.0,"c":1,"s":"SNPP","n":0}},{"type":"Feature","geometry":{"type":"Point","coordinates":[132.3683,-21.8014]},"properties":{"d":"2026-09-30","t":"0514","frp":4.4,"b":345.1,"c":1,"s":"SNPP","n":0}},{"type":"Feature","geometry":{"type":"Point","coordinates":[132.3653,-21.8009]},"properties":{"d":"2026-09-30","t":"0514","frp":4.3,"b":345.3,"c":1,"s":"SNPP","n":0}},{"type":"Feature","geometry":{"type":"Point","coordinates":[132.3646,-21.7974]},"properties":{"d":"2026-09-30","t":"0514","frp":4.3,"b":339.8,"c":0,"s":"SNPP","n":0}},{"type":"Feature","geometry":{"type":"Point","coordinates":[132.3595,-21.7945]},"properties":{"d":"2026-09-30","t":"0514","frp":7.1,"b":348.8,"c":1,"s":"SNPP","n":0}},{"type":"Feature","geometry":{"type":"Point","coordinates":[132.3588,-21.7909]},"properties":{"d":"2026-09-30","t":"0514","frp":7.1,"b":344.4,"c":1,"s":"SNPP","n":0}},{"type":"Feature","geometry":{"type":"Point","coordinates":[132.3537,-21.7881]},"properties":{"d":"2026-09-30","t":"0514","frp":3.4,"b":340.9,"c":0,"s":"SNPP","n":0}},{"type":"Feature","geometry":{"type":"Point","coordinates":[132.3443,-21.786]},"properties":{"d":"2026-09-30","t":"0514","frp":6.7,"b":351.2,"c":1,"s":"SNPP","n":0}},{"type":"Feature","geometry":{"type":"Point","coordinates":[132.3486,-21.7853]},"properties":{"d":"2026-09-30","t":"0514","frp":6.7,"b":349.1,"c":1,"s":"SNPP","n":0}},{"type":"Feature","geometry":{"type":"Point","coordinates":[144.118,-20.9353]},"properties":{"d":"2026-09-30","t":"0514","frp":68.9,"b":354.9,"c":1,"s":"SNPP","n":0}},{"type":"Feature","geometry":{"type":"Point","coordinates":[144.1168,-20.9335]},"properties":{"d":"2026-09-30","t":"0514","frp":40.6,"b":348.4,"c":1,"s":"SNPP","n":0}},{"type":"Feature","geometry":{"type":"Point","coordinates":[144.1255,-20.9333]},"properties":{"d":"2026-09-30","t":"0514","frp":68.9,"b":351.7,"c":1,"s":"SNPP","n":0}},{"type":"Feature","geometry":{"type":"Point","coordinates":[144.1243,-20.9316]},"properties":{"d":"2026-09-30","t":"0514","frp":127.3,"b":343.4,"c":1,"s":"SNPP","n":0}},{"type":"Feature","geometry":{"type":"Point","coordinates":[144.1329,-20.9314]},"properties":{"d":"2026-09-30","t":"0514","frp":103.3,"b":367.0,"c":2,"s":"SNPP","n":0}},{"type":"Feature","geometry":{"type":"Point","coordinates":[144.1317,-20.9297]},"properties":{"d":"2026-09-30","t":"0514","frp":127.3,"b":367.0,"c":2,"s":"SNPP","n":0}},{"type":"Feature","geometry":{"type":"Point","coordinates":[144.1236,-20.9262]},"properties":{"d":"2026-09-30","t":"0514","frp":68.9,"b":367.0,"c":2,"s":"SNPP","n":0}},{"type":"Feature","geometry":{"type":"Point","coordinates":[127.4231,-21.0407]},"properties":{"d":"2026-09-30","t":"0516","frp":6.1,"b":346.2,"c":1,"s":"SNPP","n":0}},{"type":"Feature","geometry":{"type":"Point","coordinates":[127.433,-21.0288]},"properties":{"d":"2026-09-30","t":"0516","frp":7.4,"b":347.6,"c":1,"s":"SNPP","n":0}},{"type":"Feature","geometry":{"type":"Point","coordinates":[127.4197,-21.0203]},"properties":{"d":"2026-09-30","t":"0516","frp":7.3,"b":340.5,"c":0,"s":"SNPP","n":0}},{"type":"Feature","geometry":{"type":"Point","coordinates":[127.4264,-21.0124]},"properties":{"d":"2026-09-30","t":"0516","frp":9.7,"b":346.7,"c":1,"s":"SNPP","n":0}},{"type":"Feature","geometry":{"type":"Point","coordinates":[127.4043,-20.9981]},"properties":{"d":"2026-09-30","t":"0516","frp":8.8,"b":341.4,"c":0,"s":"SNPP","n":0}},{"type":"Feature","geometry":{"type":"Point","coordinates":[127.407,-20.9908]},"properties":{"d":"2026-09-30","t":"0516","frp":8.6,"b":340.9,"c":0,"s":"SNPP","n":0}},{"type":"Feature","geometry":{"type":"Point","coordinates":[127.4219,-20.9852]},"properties":{"d":"2026-09-30","t":"0516","frp":8.2,"b":345.6,"c":1,"s":"SNPP","n":0}},{"type":"Feature","geometry":{"type":"Point","coordinates":[127.4258,-20.9846]},"properties":{"d":"2026-09-30","t":"0516","frp":6.3,"b":351.5,"c":1,"s":"SNPP","n":0}},{"type":"Feature","geometry":{"type":"Point","coordinates":[127.4253,-20.9812]},"properties":{"d":"2026-09-30","t":"0516","frp":11.0,"b":350.8,"c":1,"s":"SNPP","n":0}},{"type":"Feature","geometry":{"type":"Point","coordinates":[127.4092,-20.98]},"properties":{"d":"2026-09-30","t":"0516","frp":7.0,"b":337.5,"c":1,"s":"SNPP","n":0}},{"type":"Feature","geometry":{"type":"Point","coordinates":[127.3247,-20.9712]},"properties":{"d":"2026-09-30","t":"0516","frp":39.1,"b":347.4,"c":1,"s":"SNPP","n":0}},{"type":"Feature","geometry":{"type":"Point","coordinates":[127.3236,-20.9644]},"properties":{"d":"2026-09-30","t":"0516","frp":9.9,"b":342.3,"c":1,"s":"SNPP","n":0}},{"type":"Feature","geometry":{"type":"Point","coordinates":[127.6155,-20.94]},"properties":{"d":"2026-09-30","t":"0516","frp":5.7,"b":342.2,"c":1,"s":"SNPP","n":0}},{"type":"Feature","geometry":{"type":"Point","coordinates":[127.6143,-20.9325]},"properties":{"d":"2026-09-30","t":"0516","frp":9.8,"b":344.3,"c":1,"s":"SNPP","n":0}},{"type":"Feature","geometry":{"type":"Point","coordinates":[127.4044,-20.9249]},"properties":{"d":"2026-09-30","t":"0516","frp":5.3,"b":341.2,"c":1,"s":"SNPP","n":0}},{"type":"Feature","geometry":{"type":"Point","coordinates":[127.3286,-20.9219]},"properties":{"d":"2026-09-30","t":"0516","frp":6.0,"b":339.1,"c":1,"s":"SNPP","n":0}},{"type":"Feature","geometry":{"type":"Point","coordinates":[127.4821,-20.9171]},"properties":{"d":"2026-09-30","t":"0516","frp":1.5,"b":336.9,"c":0,"s":"SNPP","n":0}},{"type":"Feature","geometry":{"type":"Point","coordinates":[127.6351,-20.9156]},"properties":{"d":"2026-09-30","t":"0516","frp":5.5,"b":343.6,"c":1,"s":"SNPP","n":0}},{"type":"Feature","geometry":{"type":"Point","coordinates":[127.6389,-20.9151]},"properties":{"d":"2026-09-30","t":"0516","frp":5.5,"b":340.6,"c":0,"s":"SNPP","n":0}},{"type":"Feature","geometry":{"type":"Point","coordinates":[127.6427,-20.9145]},"properties":{"d":"2026-09-30","t":"0516","frp":3.2,"b":342.1,"c":1,"s":"SNPP","n":0}},{"type":"Feature","geometry":{"type":"Point","coordinates":[127.6465,-20.914]},"properties":{"d":"2026-09-30","t":"0516","frp":3.2,"b":337.5,"c":1,"s":"SNPP","n":0}},{"type":"Feature","geometry":{"type":"Point","coordinates":[127.4848,-20.9098]},"properties":{"d":"2026-09-30","t":"0516","frp":4.2,"b":348.5,"c":1,"s":"SNPP","n":0}},{"type":"Feature","geometry":{"type":"Point","coordinates":[127.4887,-20.9092]},"properties":{"d":"2026-09-30","t":"0516","frp":4.2,"b":335.5,"c":0,"s":"SNPP","n":0}},{"type":"Feature","geometry":{"type":"Point","coordinates":[127.3303,-20.9077]},"properties":{"d":"2026-09-30","t":"0516","frp":2.7,"b":339.2,"c":1,"s":"SNPP","n":0}},{"type":"Feature","geometry":{"type":"Point","coordinates":[127.6492,-20.9067]},"properties":{"d":"2026-09-30","t":"0516","frp":4.4,"b":348.8,"c":1,"s":"SNPP","n":0}},{"type":"Feature","geometry":{"type":"Point","coordinates":[127.6531,-20.9061]},"properties":{"d":"2026-09-30","t":"0516","frp":4.4,"b":335.8,"c":0,"s":"SNPP","n":0}},{"type":"Feature","geometry":{"type":"Point","coordinates":[127.4881,-20.9058]},"properties":{"d":"2026-09-30","t":"0516","frp":9.6,"b":352.2,"c":1,"s":"SNPP","n":0}},{"type":"Feature","geometry":{"type":"Point","coordinates":[127.405,-20.9039]},"properties":{"d":"2026-09-30","t":"0516","frp":5.3,"b":339.9,"c":0,"s":"SNPP","n":0}},{"type":"Feature","geometry":{"type":"Point","coordinates":[127.4127,-20.9028]},"properties":{"d":"2026-09-30","t":"0516","frp":53.8,"b":355.6,"c":1,"s":"SNPP","n":0}},{"type":"Feature","geometry":{"type":"Point","coordinates":[127.6525,-20.9027]},"properties":{"d":"2026-09-30","t":"0516","frp":5.4,"b":345.7,"c":1,"s":"SNPP","n":0}},{"type":"Feature","geometry":{"type":"Point","coordinates":[127.6563,-20.9022]},"properties":{"d":"2026-09-30","t":"0516","frp":4.0,"b":341.7,"c":1,"s":"SNPP","n":0}},{"type":"Feature","geometry":{"type":"Point","coordinates":[127.4914,-20.9019]},"properties":{"d":"2026-09-30","t":"0516","frp":2.7,"b":333.7,"c":0,"s":"SNPP","n":0}},{"type":"Feature","geometry":{"type":"Point","coordinates":[127.4634,-20.899]},"properties":{"d":"2026-09-30","t":"0516","frp":2.5,"b":336.7,"c":0,"s":"SNPP","n":0}},{"type":"Feature","geometry":{"type":"Point","coordinates":[127.416,-20.8989]},"properties":{"d":"2026-09-30","t":"0516","frp":53.8,"b":345.9,"c":1,"s":"SNPP","n":0}},{"type":"Feature","geometry":{"type":"Point","coordinates":[127.6558,-20.8988]},"properties":{"d":"2026-09-30","t":"0516","frp":4.0,"b":347.1,"c":1,"s":"SNPP","n":0}},{"type":"Feature","geometry":{"type":"Point","coordinates":[127.4909,-20.8985]},"properties":{"d":"2026-09-30","t":"0516","frp":2.9,"b":335.4,"c":0,"s":"SNPP","n":0}},{"type":"Feature","geometry":{"type":"Point","coordinates":[127.4672,-20.8984]},"properties":{"d":"2026-09-30","t":"0516","frp":2.1,"b":335.3,"c":0,"s":"SNPP","n":0}},{"type":"Feature","geometry":{"type":"Point","coordinates":[127.4628,-20.8956]},"properties":{"d":"2026-09-30","t":"0516","frp":8.2,"b":339.9,"c":1,"s":"SNPP","n":0}},{"type":"Feature","geometry":{"type":"Point","coordinates":[127.4661,-20.8916]},"properties":{"d":"2026-09-30","t":"0516","frp":7.9,"b":337.6,"c":0,"s":"SNPP","n":0}},{"type":"Feature","geometry":{"type":"Point","coordinates":[127.4936,-20.8912]},"properties":{"d":"2026-09-30","t":"0516","frp":12.6,"b":341.0,"c":1,"s":"SNPP","n":0}},{"type":"Feature","geometry":{"type":"Point","coordinates":[127.4226,-20.891]},"properties":{"d":"2026-09-30","t":"0516","frp":6.2,"b":339.5,"c":0,"s":"SNPP","n":0}},{"type":"Feature","geometry":{"type":"Point","coordinates":[127.4143,-20.8887]},"properties":{"d":"2026-09-30","t":"0516","frp":3.0,"b":336.2,"c":0,"s":"SNPP","n":0}},{"type":"Feature","geometry":{"type":"Point","coordinates":[127.4655,-20.8883]},"properties":{"d":"2026-09-30","t":"0516","frp":11.5,"b":348.7,"c":1,"s":"SNPP","n":0}},{"type":"Feature","geometry":{"type":"Point","coordinates":[127.493,-20.8878]},"properties":{"d":"2026-09-30","t":"0516","frp":12.6,"b":345.1,"c":1,"s":"SNPP","n":0}},{"type":"Feature","geometry":{"type":"Point","coordinates":[127.465,-20.8849]},"properties":{"d":"2026-09-30","t":"0516","frp":11.5,"b":341.3,"c":1,"s":"SNPP","n":0}},{"type":"Feature","geometry":{"type":"Point","coordinates":[127.4804,-20.8827]},"properties":{"d":"2026-09-30","t":"0516","frp":5.1,"b":335.0,"c":0,"s":"SNPP","n":0}},{"type":"Feature","geometry":{"type":"Point","coordinates":[127.6158,-20.87]},"properties":{"d":"2026-09-30","t":"0516","frp":1.6,"b":338.6,"c":0,"s":"SNPP","n":0}},{"type":"Feature","geometry":{"type":"Point","coordinates":[127.607,-20.8644]},"properties":{"d":"2026-09-30","t":"0516","frp":4.5,"b":337.1,"c":0,"s":"SNPP","n":0}},{"type":"Feature","geometry":{"type":"Point","coordinates":[127.6065,-20.861]},"properties":{"d":"2026-09-30","t":"0516","frp":5.4,"b":339.4,"c":0,"s":"SNPP","n":0}},{"type":"Feature","geometry":{"type":"Point","coordinates":[127.3332,-20.852]},"properties":{"d":"2026-09-30","t":"0516","frp":8.6,"b":343.4,"c":1,"s":"SNPP","n":0}},{"type":"Feature","geometry":{"type":"Point","coordinates":[129.7292,-20.7093]},"properties":{"d":"2026-09-30","t":"0516","frp":7.3,"b":348.5,"c":1,"s":"SNPP","n":0}},{"type":"Feature","geometry":{"type":"Point","coordinates":[127.4957,-20.7065]},"properties":{"d":"2026-09-30","t":"0516","frp":5.5,"b":338.2,"c":1,"s":"SNPP","n":0}},{"type":"Feature","geometry":{"type":"Point","coordinates":[127.4995,-20.7059]},"properties":{"d":"2026-09-30","t":"0516","frp":9.6,"b":357.2,"c":0,"s":"SNPP","n":0}},{"type":"Feature","geometry":{"type":"Point","coordinates":[127.4946,-20.6997]},"properties":{"d":"2026-09-30","t":"0516","frp":11.4,"b":342.9,"c":1,"s":"SNPP","n":0}},{"type":"Feature","geometry":{"type":"Point","coordinates":[127.505,-20.6912]},"properties":{"d":"2026-09-30","t":"0516","frp":11.4,"b":345.7,"c":1,"s":"SNPP","n":0}},{"type":"Feature","geometry":{"type":"Point","coordinates":[129.7443,-20.6863]},"properties":{"d":"2026-09-30","t":"0516","frp":21.1,"b":347.9,"c":1,"s":"SNPP","n":0}},{"type":"Feature","geometry":{"type":"Point","coordinates":[129.7437,-20.683]},"properties":{"d":"2026-09-30","t":"0516","frp":21.1,"b":355.2,"c":1,"s":"SNPP","n":0}},{"type":"Feature","geometry":{"type":"Point","coordinates":[129.7425,-20.6763]},"properties":{"d":"2026-09-30","t":"0516","frp":99.4,"b":353.6,"c":1,"s":"SNPP","n":0}},{"type":"Feature","geometry":{"type":"Point","coordinates":[129.7151,-20.6737]},"properties":{"d":"2026-09-30","t":"0516","frp":9.4,"b":345.4,"c":0,"s":"SNPP","n":0}},{"type":"Feature","geometry":{"type":"Point","coordinates":[129.7346,-20.6535]},"properties":{"d":"2026-09-30","t":"0516","frp":12.8,"b":352.6,"c":1,"s":"SNPP","n":0}},{"type":"Feature","geometry":{"type":"Point","coordinates":[129.719,-20.6525]},"properties":{"d":"2026-09-30","t":"0516","frp":23.1,"b":346.0,"c":0,"s":"SNPP","n":0}},{"type":"Feature","geometry":{"type":"Point","coordinates":[129.8255,-20.6459]},"properties":{"d":"2026-09-30","t":"0516","frp":7.1,"b":350.8,"c":1,"s":"SNPP","n":0}},{"type":"Feature","geometry":{"type":"Point","coordinates":[129.8212,-20.6432]},"properties":{"d":"2026-09-30","t":"0516","frp":7.1,"b":342.9,"c":1,"s":"SNPP","n":0}},{"type":"Feature","geometry":{"type":"Point","coordinates":[129.8249,-20.6426]},"properties":{"d":"2026-09-30","t":"0516","frp":7.1,"b":344.2,"c":1,"s":"SNPP","n":0}},{"type":"Feature","geometry":{"type":"Point","coordinates":[129.828,-20.6386]},"properties":{"d":"2026-09-30","t":"0516","frp":30.9,"b":367.0,"c":2,"s":"SNPP","n":0}},{"type":"Feature","geometry":{"type":"Point","coordinates":[129.8355,-20.6374]},"properties":{"d":"2026-09-30","t":"0516","frp":123.5,"b":367.0,"c":2,"s":"SNPP","n":0}},{"type":"Feature","geometry":{"type":"Point","coordinates":[129.8393,-20.6368]},"properties":{"d":"2026-09-30","t":"0516","frp":123.5,"b":353.9,"c":1,"s":"SNPP","n":0}},{"type":"Feature","geometry":{"type":"Point","coordinates":[129.8274,-20.6353]},"properties":{"d":"2026-09-30","t":"0516","frp":30.9,"b":356.6,"c":1,"s":"SNPP","n":0}},{"type":"Feature","geometry":{"type":"Point","coordinates":[129.8312,-20.6347]},"properties":{"d":"2026-09-30","t":"0516","frp":30.9,"b":352.2,"c":0,"s":"SNPP","n":0}},{"type":"Feature","geometry":{"type":"Point","coordinates":[129.8349,-20.6341]},"properties":{"d":"2026-09-30","t":"0516","frp":123.5,"b":367.0,"c":2,"s":"SNPP","n":0}},{"type":"Feature","geometry":{"type":"Point","coordinates":[129.8387,-20.6335]},"properties":{"d":"2026-09-30","t":"0516","frp":123.5,"b":356.8,"c":1,"s":"SNPP","n":0}},{"type":"Feature","geometry":{"type":"Point","coordinates":[129.8269,-20.6319]},"properties":{"d":"2026-09-30","t":"0516","frp":11.6,"b":355.1,"c":1,"s":"SNPP","n":0}},{"type":"Feature","geometry":{"type":"Point","coordinates":[129.7192,-20.6318]},"properties":{"d":"2026-09-30","t":"0516","frp":10.3,"b":348.6,"c":1,"s":"SNPP","n":0}},{"type":"Feature","geometry":{"type":"Point","coordinates":[129.8306,-20.6313]},"properties":{"d":"2026-09-30","t":"0516","frp":11.6,"b":367.0,"c":2,"s":"SNPP","n":0}},{"type":"Feature","geometry":{"type":"Point","coordinates":[129.8343,-20.6307]},"properties":{"d":"2026-09-30","t":"0516","frp":127.6,"b":367.0,"c":2,"s":"SNPP","n":0}},{"type":"Feature","geometry":{"type":"Point","coordinates":[129.8381,-20.6301]},"properties":{"d":"2026-09-30","t":"0516","frp":127.6,"b":367.0,"c":0,"s":"SNPP","n":0}},{"type":"Feature","geometry":{"type":"Point","coordinates":[129.8262,-20.6286]},"properties":{"d":"2026-09-30","t":"0516","frp":11.6,"b":351.2,"c":1,"s":"SNPP","n":0}},{"type":"Feature","geometry":{"type":"Point","coordinates":[129.7186,-20.6285]},"properties":{"d":"2026-09-30","t":"0516","frp":24.3,"b":355.8,"c":1,"s":"SNPP","n":0}},{"type":"Feature","geometry":{"type":"Point","coordinates":[129.83,-20.628]},"properties":{"d":"2026-09-30","t":"0516","frp":11.6,"b":354.8,"c":1,"s":"SNPP","n":0}},{"type":"Feature","geometry":{"type":"Point","coordinates":[129.8337,-20.6274]},"properties":{"d":"2026-09-30","t":"0516","frp":127.6,"b":367.0,"c":0,"s":"SNPP","n":0}},{"type":"Feature","geometry":{"type":"Point","coordinates":[129.7721,-20.6269]},"properties":{"d":"2026-09-30","t":"0516","frp":4.7,"b":339.6,"c":1,"s":"SNPP","n":0}},{"type":"Feature","geometry":{"type":"Point","coordinates":[129.8375,-20.6268]},"properties":{"d":"2026-09-30","t":"0516","frp":127.6,"b":367.0,"c":0,"s":"SNPP","n":0}},{"type":"Feature","geometry":{"type":"Point","coordinates":[129.8294,-20.6246]},"properties":{"d":"2026-09-30","t":"0516","frp":16.2,"b":355.4,"c":1,"s":"SNPP","n":0}},{"type":"Feature","geometry":{"type":"Point","coordinates":[129.8331,-20.624]},"properties":{"d":"2026-09-30","t":"0516","frp":15.4,"b":367.0,"c":2,"s":"SNPP","n":0}},{"type":"Feature","geometry":{"type":"Point","coordinates":[129.8369,-20.6234]},"properties":{"d":"2026-09-30","t":"0516","frp":15.4,"b":354.0,"c":1,"s":"SNPP","n":0}},{"type":"Feature","geometry":{"type":"Point","coordinates":[129.8251,-20.6219]},"properties":{"d":"2026-09-30","t":"0516","frp":16.2,"b":349.5,"c":1,"s":"SNPP","n":0}},{"type":"Feature","geometry":{"type":"Point","coordinates":[129.8288,-20.6213]},"properties":{"d":"2026-09-30","t":"0516","frp":16.2,"b":353.0,"c":1,"s":"SNPP","n":0}},{"type":"Feature","geometry":{"type":"Point","coordinates":[129.7211,-20.6212]},"properties":{"d":"2026-09-30","t":"0516","frp":7.3,"b":348.5,"c":1,"s":"SNPP","n":0}},{"type":"Feature","geometry":{"type":"Point","coordinates":[129.8325,-20.6207]},"properties":{"d":"2026-09-30","t":"0516","frp":15.4,"b":354.3,"c":1,"s":"SNPP","n":0}},{"type":"Feature","geometry":{"type":"Point","coordinates":[129.7709,-20.6202]},"properties":{"d":"2026-09-30","t":"0516","frp":29.1,"b":350.5,"c":1,"s":"SNPP","n":0}},{"type":"Feature","geometry":{"type":"Point","coordinates":[129.7703,-20.6168]},"properties":{"d":"2026-09-30","t":"0516","frp":29.1,"b":354.7,"c":1,"s":"SNPP","n":0}},{"type":"Feature","geometry":{"type":"Point","coordinates":[129.7734,-20.6129]},"properties":{"d":"2026-09-30","t":"0516","frp":51.4,"b":340.7,"c":1,"s":"SNPP","n":0}},{"type":"Feature","geometry":{"type":"Point","coordinates":[129.7499,-20.6114]},"properties":{"d":"2026-09-30","t":"0516","frp":13.3,"b":342.6,"c":1,"s":"SNPP","n":0}},{"type":"Feature","geometry":{"type":"Point","coordinates":[129.8307,-20.6106]},"properties":{"d":"2026-09-30","t":"0516","frp":30.0,"b":353.6,"c":1,"s":"SNPP","n":0}},{"type":"Feature","geometry":{"type":"Point","coordinates":[129.7728,-20.6095]},"properties":{"d":"2026-09-30","t":"0516","frp":51.4,"b":356.9,"c":1,"s":"SNPP","n":0}},{"type":"Feature","geometry":{"type":"Point","coordinates":[129.7493,-20.6081]},"properties":{"d":"2026-09-30","t":"0516","frp":13.3,"b":347.3,"c":1,"s":"SNPP","n":0}},{"type":"Feature","geometry":{"type":"Point","coordinates":[129.7724,-20.6079]},"properties":{"d":"2026-09-30","t":"0516","frp":37.2,"b":355.3,"c":1,"s":"SNPP","n":0}},{"type":"Feature","geometry":{"type":"Point","coordinates":[129.8301,-20.6073]},"properties":{"d":"2026-09-30","t":"0516","frp":30.0,"b":354.1,"c":0,"s":"SNPP","n":0}},{"type":"Feature","geometry":{"type":"Point","coordinates":[129.7488,-20.6047]},"properties":{"d":"2026-09-30","t":"0516","frp":4.2,"b":343.8,"c":0,"s":"SNPP","n":0}},{"type":"Feature","geometry":{"type":"Point","coordinates":[129.7718,-20.6045]},"properties":{"d":"2026-09-30","t":"0516","frp":37.2,"b":345.0,"c":1,"s":"SNPP","n":0}},{"type":"Feature","geometry":{"type":"Point","coordinates":[129.8295,-20.604]},"properties":{"d":"2026-09-30","t":"0516","frp":26.5,"b":356.3,"c":0,"s":"SNPP","n":0}},{"type":"Feature","geometry":{"type":"Point","coordinates":[129.7444,-20.602]},"properties":{"d":"2026-09-30","t":"0516","frp":4.2,"b":346.1,"c":1,"s":"SNPP","n":0}},{"type":"Feature","geometry":{"type":"Point","coordinates":[129.7481,-20.6014]},"properties":{"d":"2026-09-30","t":"0516","frp":4.2,"b":339.1,"c":0,"s":"SNPP","n":0}},{"type":"Feature","geometry":{"type":"Point","coordinates":[129.8289,-20.6006]},"properties":{"d":"2026-09-30","t":"0516","frp":26.5,"b":356.0,"c":0,"s":"SNPP","n":0}},{"type":"Feature","geometry":{"type":"Point","coordinates":[129.8247,-20.5996]},"properties":{"d":"2026-09-30","t":"0516","frp":13.0,"b":345.8,"c":1,"s":"SNPP","n":0}},{"type":"Feature","geometry":{"type":"Point","coordinates":[129.8285,-20.599]},"properties":{"d":"2026-09-30","t":"0516","frp":25.2,"b":355.1,"c":0,"s":"SNPP","n":0}},{"type":"Feature","geometry":{"type":"Point","coordinates":[129.7438,-20.5986]},"properties":{"d":"2026-09-30","t":"0516","frp":27.6,"b":367.0,"c":0,"s":"SNPP","n":0}},{"type":"Feature","geometry":{"type":"Point","coordinates":[129.7668,-20.5984]},"properties":{"d":"2026-09-30","t":"0516","frp":5.5,"b":341.9,"c":1,"s":"SNPP","n":0}},{"type":"Feature","geometry":{"type":"Point","coordinates":[129.7395,-20.5959]},"properties":{"d":"2026-09-30","t":"0516","frp":5.8,"b":341.3,"c":0,"s":"SNPP","n":0}},{"type":"Feature","geometry":{"type":"Point","coordinates":[129.8279,-20.5957]},"properties":{"d":"2026-09-30","t":"0516","frp":25.2,"b":356.6,"c":0,"s":"SNPP","n":0}},{"type":"Feature","geometry":{"type":"Point","coordinates":[129.7432,-20.5953]},"properties":{"d":"2026-09-30","t":"0516","frp":27.6,"b":342.3,"c":0,"s":"SNPP","n":0}},{"type":"Feature","geometry":{"type":"Point","coordinates":[129.7663,-20.5951]},"properties":{"d":"2026-09-30","t":"0516","frp":10.3,"b":344.8,"c":0,"s":"SNPP","n":0}},{"type":"Feature","geometry":{"type":"Point","coordinates":[129.77,-20.5945]},"properties":{"d":"2026-09-30","t":"0516","frp":10.3,"b":339.8,"c":1,"s":"SNPP","n":0}},{"type":"Feature","geometry":{"type":"Point","coordinates":[129.7694,-20.5912]},"properties":{"d":"2026-09-30","t":"0516","frp":10.3,"b":344.6,"c":1,"s":"SNPP","n":0}},{"type":"Feature","geometry":{"type":"Point","coordinates":[129.823,-20.5896]},"properties":{"d":"2026-09-30","t":"0516","frp":22.9,"b":354.2,"c":1,"s":"SNPP","n":0}},{"type":"Feature","geometry":{"type":"Point","coordinates":[129.8224,-20.5862]},"properties":{"d":"2026-09-30","t":"0516","frp":85.0,"b":367.0,"c":0,"s":"SNPP","n":0}},{"type":"Feature","geometry":{"type":"Point","coordinates":[129.7682,-20.5845]},"properties":{"d":"2026-09-30","t":"0516","frp":14.4,"b":351.9,"c":1,"s":"SNPP","n":0}},{"type":"Feature","geometry":{"type":"Point","coordinates":[129.7719,-20.5839]},"properties":{"d":"2026-09-30","t":"0516","frp":14.0,"b":351.5,"c":1,"s":"SNPP","n":0}},{"type":"Feature","geometry":{"type":"Point","coordinates":[129.8218,-20.5829]},"properties":{"d":"2026-09-30","t":"0516","frp":85.0,"b":367.0,"c":0,"s":"SNPP","n":0}},{"type":"Feature","geometry":{"type":"Point","coordinates":[129.7713,-20.5805]},"properties":{"d":"2026-09-30","t":"0516","frp":15.9,"b":349.1,"c":1,"s":"SNPP","n":0}},{"type":"Feature","geometry":{"type":"Point","coordinates":[129.8212,-20.5795]},"properties":{"d":"2026-09-30","t":"0516","frp":81.7,"b":346.4,"c":0,"s":"SNPP","n":0}},{"type":"Feature","geometry":{"type":"Point","coordinates":[129.7707,-20.5772]},"properties":{"d":"2026-09-30","t":"0516","frp":15.9,"b":348.3,"c":0,"s":"SNPP","n":0}},{"type":"Feature","geometry":{"type":"Point","coordinates":[129.8206,-20.5762]},"properties":{"d":"2026-09-30","t":"0516","frp":81.7,"b":352.5,"c":0,"s":"SNPP","n":0}},{"type":"Feature","geometry":{"type":"Point","coordinates":[129.7739,-20.5733]},"properties":{"d":"2026-09-30","t":"0516","frp":19.9,"b":345.5,"c":0,"s":"SNPP","n":0}},{"type":"Feature","geometry":{"type":"Point","coordinates":[129.82,-20.5728]},"properties":{"d":"2026-09-30","t":"0516","frp":14.3,"b":351.4,"c":1,"s":"SNPP","n":0}},{"type":"Feature","geometry":{"type":"Point","coordinates":[129.7733,-20.5699]},"properties":{"d":"2026-09-30","t":"0516","frp":19.9,"b":367.0,"c":0,"s":"SNPP","n":0}},{"type":"Feature","geometry":{"type":"Point","coordinates":[129.7764,-20.566]},"properties":{"d":"2026-09-30","t":"0516","frp":13.0,"b":351.6,"c":1,"s":"SNPP","n":0}},{"type":"Feature","geometry":{"type":"Point","coordinates":[129.7758,-20.5626]},"properties":{"d":"2026-09-30","t":"0516","frp":13.0,"b":351.7,"c":1,"s":"SNPP","n":0}},{"type":"Feature","geometry":{"type":"Point","coordinates":[129.779,-20.5587]},"properties":{"d":"2026-09-30","t":"0516","frp":4.2,"b":346.3,"c":0,"s":"SNPP","n":0}},{"type":"Feature","geometry":{"type":"Point","coordinates":[129.7784,-20.5553]},"properties":{"d":"2026-09-30","t":"0516","frp":4.2,"b":342.3,"c":0,"s":"SNPP","n":0}},{"type":"Feature","geometry":{"type":"Point","coordinates":[129.8258,-20.5409]},"properties":{"d":"2026-09-30","t":"0516","frp":9.0,"b":344.1,"c":0,"s":"SNPP","n":0}},{"type":"Feature","geometry":{"type":"Point","coordinates":[129.8222,-20.5208]},"properties":{"d":"2026-09-30","t":"0516","frp":6.4,"b":341.6,"c":0,"s":"SNPP","n":0}},{"type":"Feature","geometry":{"type":"Point","coordinates":[129.8204,-20.5108]},"properties":{"d":"2026-09-30","t":"0516","frp":5.9,"b":345.6,"c":1,"s":"SNPP","n":0}},{"type":"Feature","geometry":{"type":"Point","coordinates":[129.8149,-20.5013]},"properties":{"d":"2026-09-30","t":"0516","frp":22.4,"b":348.1,"c":0,"s":"SNPP","n":0}},{"type":"Feature","geometry":{"type":"Point","coordinates":[129.8143,-20.498]},"properties":{"d":"2026-09-30","t":"0516","frp":4.9,"b":344.8,"c":0,"s":"SNPP","n":0}},{"type":"Feature","geometry":{"type":"Point","coordinates":[129.8099,-20.4952]},"properties":{"d":"2026-09-30","t":"0516","frp":4.9,"b":345.3,"c":0,"s":"SNPP","n":0}},{"type":"Feature","geometry":{"type":"Point","coordinates":[129.8095,-20.4941]},"properties":{"d":"2026-09-30","t":"0516","frp":4.3,"b":349.9,"c":1,"s":"SNPP","n":0}},{"type":"Feature","geometry":{"type":"Point","coordinates":[129.8089,-20.4907]},"properties":{"d":"2026-09-30","t":"0516","frp":4.3,"b":340.3,"c":0,"s":"SNPP","n":0}},{"type":"Feature","geometry":{"type":"Point","coordinates":[126.8953,-20.3826]},"properties":{"d":"2026-09-30","t":"0516","frp":6.8,"b":342.7,"c":1,"s":"SNPP","n":0}},{"type":"Feature","geometry":{"type":"Point","coordinates":[129.6173,-20.3816]},"properties":{"d":"2026-09-30","t":"0516","frp":7.5,"b":341.9,"c":0,"s":"SNPP","n":0}},{"type":"Feature","geometry":{"type":"Point","coordinates":[126.4529,-20.3814]},"properties":{"d":"2026-09-30","t":"0516","frp":17.1,"b":347.8,"c":1,"s":"SNPP","n":0}},{"type":"Feature","geometry":{"type":"Point","coordinates":[126.8948,-20.3791]},"properties":{"d":"2026-09-30","t":"0516","frp":6.0,"b":346.5,"c":1,"s":"SNPP","n":0}},{"type":"Feature","geometry":{"type":"Point","coordinates":[129.6261,-20.3665]},"properties":{"d":"2026-09-30","t":"0516","frp":10.1,"b":343.7,"c":1,"s":"SNPP","n":0}},{"type":"Feature","geometry":{"type":"Point","coordinates":[129.6298,-20.3659]},"properties":{"d":"2026-09-30","t":"0516","frp":10.1,"b":367.0,"c":2,"s":"SNPP","n":0}},{"type":"Feature","geometry":{"type":"Point","coordinates":[129.7131,-20.3596]},"properties":{"d":"2026-09-30","t":"0516","frp":6.8,"b":347.3,"c":0,"s":"SNPP","n":0}},{"type":"Feature","geometry":{"type":"Point","coordinates":[129.6665,-20.3567]},"properties":{"d":"2026-09-30","t":"0516","frp":13.3,"b":350.9,"c":1,"s":"SNPP","n":0}},{"type":"Feature","geometry":{"type":"Point","coordinates":[129.7125,-20.3563]},"properties":{"d":"2026-09-30","t":"0516","frp":6.8,"b":347.5,"c":0,"s":"SNPP","n":0}},{"type":"Feature","geometry":{"type":"Point","coordinates":[129.6696,-20.3528]},"properties":{"d":"2026-09-30","t":"0516","frp":6.5,"b":354.5,"c":1,"s":"SNPP","n":0}},{"type":"Feature","geometry":{"type":"Point","coordinates":[129.6771,-20.3516]},"properties":{"d":"2026-09-30","t":"0516","frp":6.9,"b":345.9,"c":0,"s":"SNPP","n":0}},{"type":"Feature","geometry":{"type":"Point","coordinates":[129.6808,-20.351]},"properties":{"d":"2026-09-30","t":"0516","frp":6.9,"b":354.8,"c":1,"s":"SNPP","n":0}},{"type":"Feature","geometry":{"type":"Point","coordinates":[129.7038,-20.3508]},"properties":{"d":"2026-09-30","t":"0516","frp":10.9,"b":353.6,"c":1,"s":"SNPP","n":0}},{"type":"Feature","geometry":{"type":"Point","coordinates":[129.6845,-20.3504]},"properties":{"d":"2026-09-30","t":"0516","frp":6.5,"b":351.9,"c":1,"s":"SNPP","n":0}},{"type":"Feature","geometry":{"type":"Point","coordinates":[129.7075,-20.3502]},"properties":{"d":"2026-09-30","t":"0516","frp":10.5,"b":345.1,"c":0,"s":"SNPP","n":0}},{"type":"Feature","geometry":{"type":"Point","coordinates":[129.6883,-20.3498]},"properties":{"d":"2026-09-30","t":"0516","frp":6.5,"b":352.1,"c":1,"s":"SNPP","n":0}},{"type":"Feature","geometry":{"type":"Point","coordinates":[129.669,-20.3494]},"properties":{"d":"2026-09-30","t":"0516","frp":6.5,"b":341.6,"c":0,"s":"SNPP","n":0}},{"type":"Feature","geometry":{"type":"Point","coordinates":[129.692,-20.3492]},"properties":{"d":"2026-09-30","t":"0516","frp":7.8,"b":367.0,"c":2,"s":"SNPP","n":0}},{"type":"Feature","geometry":{"type":"Point","coordinates":[129.6728,-20.3488]},"properties":{"d":"2026-09-30","t":"0516","frp":6.5,"b":357.0,"c":1,"s":"SNPP","n":0}},{"type":"Feature","geometry":{"type":"Point","coordinates":[129.6957,-20.3486]},"properties":{"d":"2026-09-30","t":"0516","frp":7.8,"b":353.6,"c":1,"s":"SNPP","n":0}},{"type":"Feature","geometry":{"type":"Point","coordinates":[129.6995,-20.348]},"properties":{"d":"2026-09-30","t":"0516","frp":6.5,"b":345.1,"c":0,"s":"SNPP","n":0}},{"type":"Feature","geometry":{"type":"Point","coordinates":[126.7119,-20.2941]},"properties":{"d":"2026-09-30","t":"0516","frp":11.2,"b":338.3,"c":1,"s":"SNPP","n":0}},{"type":"Feature","geometry":{"type":"Point","coordinates":[126.7159,-20.2935]},"properties":{"d":"2026-09-30","t":"0516","frp":28.1,"b":337.4,"c":0,"s":"SNPP","n":0}},{"type":"Feature","geometry":{"type":"Point","coordinates":[126.6949,-20.2894]},"properties":{"d":"2026-09-30","t":"0516","frp":2.9,"b":338.2,"c":1,"s":"SNPP","n":0}},{"type":"Feature","geometry":{"type":"Point","coordinates":[126.7167,-20.2475]},"properties":{"d":"2026-09-30","t":"0516","frp":22.9,"b":335.8,"c":1,"s":"SNPP","n":0}},{"type":"Feature","geometry":{"type":"Point","coordinates":[138.4188,-18.7311]},"properties":{"d":"2026-09-30","t":"0516","frp":7.8,"b":338.5,"c":1,"s":"SNPP","n":0}},{"type":"Feature","geometry":{"type":"Point","coordinates":[138.4224,-18.7303]},"properties":{"d":"2026-09-30","t":"0516","frp":7.8,"b":367.0,"c":2,"s":"SNPP","n":0}},{"type":"Feature","geometry":{"type":"Point","coordinates":[138.4212,-18.7249]},"properties":{"d":"2026-09-30","t":"0516","frp":7.8,"b":367.0,"c":2,"s":"SNPP","n":0}},{"type":"Feature","geometry":{"type":"Point","coordinates":[138.42,-18.7195]},"properties":{"d":"2026-09-30","t":"0516","frp":5.6,"b":355.2,"c":1,"s":"SNPP","n":0}},{"type":"Feature","geometry":{"type":"Point","coordinates":[138.4151,-18.7149]},"properties":{"d":"2026-09-30","t":"0516","frp":5.6,"b":351.6,"c":1,"s":"SNPP","n":0}},{"type":"Feature","geometry":{"type":"Point","coordinates":[138.4188,-18.7141]},"properties":{"d":"2026-09-30","t":"0516","frp":5.6,"b":337.7,"c":1,"s":"SNPP","n":0}},{"type":"Feature","geometry":{"type":"Point","coordinates":[138.4139,-18.7094]},"properties":{"d":"2026-09-30","t":"0516","frp":6.0,"b":343.6,"c":1,"s":"SNPP","n":0}},{"type":"Feature","geometry":{"type":"Point","coordinates":[138.2921,-18.7073]},"properties":{"d":"2026-09-30","t":"0516","frp":5.5,"b":333.8,"c":1,"s":"SNPP","n":0}},{"type":"Feature","geometry":{"type":"Point","coordinates":[138.2901,-18.7065]},"properties":{"d":"2026-09-30","t":"0516","frp":5.1,"b":340.7,"c":1,"s":"SNPP","n":0}},{"type":"Feature","geometry":{"type":"Point","coordinates":[138.2937,-18.7058]},"properties":{"d":"2026-09-30","t":"0516","frp":5.1,"b":331.3,"c":1,"s":"SNPP","n":0}},{"type":"Feature","geometry":{"type":"Point","coordinates":[138.291,-18.7019]},"properties":{"d":"2026-09-30","t":"0516","frp":11.2,"b":348.7,"c":1,"s":"SNPP","n":0}},{"type":"Feature","geometry":{"type":"Point","coordinates":[138.3971,-18.7017]},"properties":{"d":"2026-09-30","t":"0516","frp":3.2,"b":339.7,"c":1,"s":"SNPP","n":0}},{"type":"Feature","geometry":{"type":"Point","coordinates":[138.2946,-18.7012]},"properties":{"d":"2026-09-30","t":"0516","frp":11.2,"b":367.0,"c":2,"s":"SNPP","n":0}},{"type":"Feature","geometry":{"type":"Point","coordinates":[138.4007,-18.7009]},"properties":{"d":"2026-09-30","t":"0516","frp":3.2,"b":339.1,"c":1,"s":"SNPP","n":0}},{"type":"Feature","geometry":{"type":"Point","coordinates":[138.2926,-18.7004]},"properties":{"d":"2026-09-30","t":"0516","frp":5.1,"b":354.4,"c":1,"s":"SNPP","n":0}},{"type":"Feature","geometry":{"type":"Point","coordinates":[138.2982,-18.7004]},"properties":{"d":"2026-09-30","t":"0516","frp":13.4,"b":367.0,"c":2,"s":"SNPP","n":0}},{"type":"Feature","geometry":{"type":"Point","coordinates":[138.2962,-18.6996]},"properties":{"d":"2026-09-30","t":"0516","frp":19.5,"b":367.0,"c":2,"s":"SNPP","n":0}},{"type":"Feature","geometry":{"type":"Point","coordinates":[138.3018,-18.6996]},"properties":{"d":"2026-09-30","t":"0516","frp":13.4,"b":340.2,"c":1,"s":"SNPP","n":0}},{"type":"Feature","geometry":{"type":"Point","coordinates":[138.2998,-18.6989]},"properties":{"d":"2026-09-30","t":"0516","frp":19.5,"b":367.0,"c":2,"s":"SNPP","n":0}},{"type":"Feature","geometry":{"type":"Point","coordinates":[138.3848,-18.6987]},"properties":{"d":"2026-09-30","t":"0516","frp":3.7,"b":336.6,"c":1,"s":"SNPP","n":0}},{"type":"Feature","geometry":{"type":"Point","coordinates":[138.3034,-18.6981]},"properties":{"d":"2026-09-30","t":"0516","frp":18.2,"b":367.0,"c":2,"s":"SNPP","n":0}},{"type":"Feature","geometry":{"type":"Point","coordinates":[138.307,-18.6974]},"properties":{"d":"2026-09-30","t":"0516","frp":18.2,"b":358.1,"c":0,"s":"SNPP","n":0}},{"type":"Feature","geometry":{"type":"Point","coordinates":[138.2971,-18.695]},"properties":{"d":"2026-09-30","t":"0516","frp":13.4,"b":367.0,"c":2,"s":"SNPP","n":0}},{"type":"Feature","geometry":{"type":"Point","coordinates":[138.3007,-18.6942]},"properties":{"d":"2026-09-30","t":"0516","frp":13.4,"b":367.0,"c":2,"s":"SNPP","n":0}},{"type":"Feature","geometry":{"type":"Point","coordinates":[138.2987,-18.6935]},"properties":{"d":"2026-09-30","t":"0516","frp":8.6,"b":337.2,"c":1,"s":"SNPP","n":0}},{"type":"Feature","geometry":{"type":"Point","coordinates":[138.3043,-18.6934]},"properties":{"d":"2026-09-30","t":"0516","frp":37.6,"b":355.4,"c":1,"s":"SNPP","n":0}},{"type":"Feature","geometry":{"type":"Point","coordinates":[138.3023,-18.6927]},"properties":{"d":"2026-09-30","t":"0516","frp":13.7,"b":367.0,"c":2,"s":"SNPP","n":0}},{"type":"Feature","geometry":{"type":"Point","coordinates":[138.3078,-18.6927]},"properties":{"d":"2026-09-30","t":"0516","frp":37.6,"b":367.0,"c":2,"s":"SNPP","n":0}},{"type":"Feature","geometry":{"type":"Point","coordinates":[138.3059,-18.692]},"properties":{"d":"2026-09-30","t":"0516","frp":13.7,"b":367.0,"c":2,"s":"SNPP","n":0}},{"type":"Feature","geometry":{"type":"Point","coordinates":[138.3094,-18.6913]},"properties":{"d":"2026-09-30","t":"0516","frp":15.2,"b":349.1,"c":1,"s":"SNPP","n":0}},{"type":"Feature","geometry":{"type":"Point","coordinates":[138.3184,-18.6904]},"properties":{"d":"2026-09-30","t":"0516","frp":5.9,"b":356.3,"c":1,"s":"SNPP","n":0}},{"type":"Feature","geometry":{"type":"Point","coordinates":[138.3165,-18.6898]},"properties":{"d":"2026-09-30","t":"0516","frp":6.5,"b":354.5,"c":1,"s":"SNPP","n":0}},{"type":"Feature","geometry":{"type":"Point","coordinates":[138.322,-18.6896]},"properties":{"d":"2026-09-30","t":"0516","frp":5.9,"b":342.4,"c":1,"s":"SNPP","n":0}},{"type":"Feature","geometry":{"type":"Point","coordinates":[138.32,-18.689]},"properties":{"d":"2026-09-30","t":"0516","frp":6.5,"b":350.1,"c":1,"s":"SNPP","n":0}},{"type":"Feature","geometry":{"type":"Point","coordinates":[127.888,-18.4984]},"properties":{"d":"2026-09-30","t":"0516","frp":5.5,"b":340.4,"c":1,"s":"SNPP","n":0}},{"type":"Feature","geometry":{"type":"Point","coordinates":[127.901,-18.4862]},"properties":{"d":"2026-09-30","t":"0516","frp":6.4,"b":346.3,"c":1,"s":"SNPP","n":0}},{"type":"Feature","geometry":{"type":"Point","coordinates":[130.3659,-18.4132]},"properties":{"d":"2026-09-30","t":"0516","frp":2.1,"b":337.7,"c":0,"s":"SNPP","n":0}},{"type":"Feature","geometry":{"type":"Point","coordinates":[130.3653,-18.4098]},"properties":{"d":"2026-09-30","t":"0516","frp":2.1,"b":337.2,"c":0,"s":"SNPP","n":0}},{"type":"Feature","geometry":{"type":"Point","coordinates":[130.3629,-18.3961]},"properties":{"d":"2026-09-30","t":"0516","frp":8.5,"b":342.9,"c":0,"s":"SNPP","n":0}},{"type":"Feature","geometry":{"type":"Point","coordinates":[130.3583,-18.3933]},"properties":{"d":"2026-09-30","t":"0516","frp":5.8,"b":345.4,"c":0,"s":"SNPP","n":0}},{"type":"Feature","geometry":{"type":"Point","coordinates":[130.3577,-18.3898]},"properties":{"d":"2026-09-30","t":"0516","frp":5.8,"b":343.2,"c":0,"s":"SNPP","n":0}},{"type":"Feature","geometry":{"type":"Point","coordinates":[130.3571,-18.3864]},"properties":{"d":"2026-09-30","t":"0516","frp":6.3,"b":342.3,"c":0,"s":"SNPP","n":0}},{"type":"Feature","geometry":{"type":"Point","coordinates":[130.3565,-18.383]},"properties":{"d":"2026-09-30","t":"0516","frp":6.3,"b":349.7,"c":1,"s":"SNPP","n":0}},{"type":"Feature","geometry":{"type":"Point","coordinates":[130.3559,-18.3795]},"properties":{"d":"2026-09-30","t":"0516","frp":11.9,"b":349.4,"c":1,"s":"SNPP","n":0}},{"type":"Feature","geometry":{"type":"Point","coordinates":[130.3553,-18.3761]},"properties":{"d":"2026-09-30","t":"0516","frp":11.9,"b":339.5,"c":0,"s":"SNPP","n":0}},{"type":"Feature","geometry":{"type":"Point","coordinates":[130.3507,-18.3733]},"properties":{"d":"2026-09-30","t":"0516","frp":5.2,"b":342.0,"c":0,"s":"SNPP","n":0}},{"type":"Feature","geometry":{"type":"Point","coordinates":[130.3501,-18.3699]},"properties":{"d":"2026-09-30","t":"0516","frp":5.2,"b":339.5,"c":0,"s":"SNPP","n":0}},{"type":"Feature","geometry":{"type":"Point","coordinates":[130.5139,-18.3088]},"properties":{"d":"2026-09-30","t":"0516","frp":7.4,"b":343.2,"c":0,"s":"SNPP","n":0}},{"type":"Feature","geometry":{"type":"Point","coordinates":[130.5345,-18.2877]},"properties":{"d":"2026-09-30","t":"0516","frp":10.4,"b":344.2,"c":0,"s":"SNPP","n":0}},{"type":"Feature","geometry":{"type":"Point","coordinates":[130.522,-18.2862]},"properties":{"d":"2026-09-30","t":"0516","frp":35.7,"b":352.6,"c":1,"s":"SNPP","n":0}},{"type":"Feature","geometry":{"type":"Point","coordinates":[130.5214,-18.2827]},"properties":{"d":"2026-09-30","t":"0516","frp":35.7,"b":352.3,"c":1,"s":"SNPP","n":0}},{"type":"Feature","geometry":{"type":"Point","coordinates":[126.8439,-18.2499]},"properties":{"d":"2026-09-30","t":"0516","frp":10.6,"b":347.9,"c":1,"s":"SNPP","n":0}},{"type":"Feature","geometry":{"type":"Point","coordinates":[130.5395,-18.2477]},"properties":{"d":"2026-09-30","t":"0516","frp":5.5,"b":339.9,"c":1,"s":"SNPP","n":0}},{"type":"Feature","geometry":{"type":"Point","coordinates":[130.458,-18.247]},"properties":{"d":"2026-09-30","t":"0516","frp":6.6,"b":343.4,"c":0,"s":"SNPP","n":0}},{"type":"Feature","geometry":{"type":"Point","coordinates":[130.462,-18.2463]},"properties":{"d":"2026-09-30","t":"0516","frp":12.3,"b":352.1,"c":1,"s":"SNPP","n":0}},{"type":"Feature","geometry":{"type":"Point","coordinates":[130.5264,-18.2427]},"properties":{"d":"2026-09-30","t":"0516","frp":4.2,"b":338.9,"c":0,"s":"SNPP","n":0}},{"type":"Feature","geometry":{"type":"Point","coordinates":[130.4653,-18.2422]},"properties":{"d":"2026-09-30","t":"0516","frp":12.3,"b":355.1,"c":1,"s":"SNPP","n":0}},{"type":"Feature","geometry":{"type":"Point","coordinates":[130.4731,-18.2409]},"properties":{"d":"2026-09-30","t":"0516","frp":39.0,"b":350.6,"c":1,"s":"SNPP","n":0}},{"type":"Feature","geometry":{"type":"Point","coordinates":[130.5178,-18.2406]},"properties":{"d":"2026-09-30","t":"0516","frp":2.7,"b":341.8,"c":0,"s":"SNPP","n":0}},{"type":"Feature","geometry":{"type":"Point","coordinates":[130.4771,-18.2402]},"properties":{"d":"2026-09-30","t":"0516","frp":8.1,"b":353.8,"c":1,"s":"SNPP","n":0}},{"type":"Feature","geometry":{"type":"Point","coordinates":[130.5218,-18.2399]},"properties":{"d":"2026-09-30","t":"0516","frp":2.7,"b":343.4,"c":1,"s":"SNPP","n":0}},{"type":"Feature","geometry":{"type":"Point","coordinates":[130.481,-18.2396]},"properties":{"d":"2026-09-30","t":"0516","frp":8.1,"b":345.4,"c":1,"s":"SNPP","n":0}},{"type":"Feature","geometry":{"type":"Point","coordinates":[130.5257,-18.2393]},"properties":{"d":"2026-09-30","t":"0516","frp":4.2,"b":341.6,"c":0,"s":"SNPP","n":0}},{"type":"Feature","geometry":{"type":"Point","coordinates":[130.4725,-18.2375]},"properties":{"d":"2026-09-30","t":"0516","frp":7.6,"b":343.2,"c":1,"s":"SNPP","n":0}},{"type":"Feature","geometry":{"type":"Point","coordinates":[130.4765,-18.2368]},"properties":{"d":"2026-09-30","t":"0516","frp":19.3,"b":367.0,"c":2,"s":"SNPP","n":0}},{"type":"Feature","geometry":{"type":"Point","coordinates":[130.5558,-18.1118]},"properties":{"d":"2026-09-30","t":"0516","frp":10.4,"b":349.1,"c":1,"s":"SNPP","n":0}},{"type":"Feature","geometry":{"type":"Point","coordinates":[130.5546,-18.1049]},"properties":{"d":"2026-09-30","t":"0516","frp":12.5,"b":345.1,"c":0,"s":"SNPP","n":0}},{"type":"Feature","geometry":{"type":"Point","coordinates":[130.55,-18.1021]},"properties":{"d":"2026-09-30","t":"0516","frp":6.0,"b":340.8,"c":0,"s":"SNPP","n":0}},{"type":"Feature","geometry":{"type":"Point","coordinates":[134.9476,-17.5325]},"properties":{"d":"2026-09-30","t":"0516","frp":10.7,"b":346.2,"c":1,"s":"SNPP","n":0}},{"type":"Feature","geometry":{"type":"Point","coordinates":[134.945,-17.531]},"properties":{"d":"2026-09-30","t":"0516","frp":6.3,"b":342.4,"c":1,"s":"SNPP","n":0}},{"type":"Feature","geometry":{"type":"Point","coordinates":[123.2533,-17.221]},"properties":{"d":"2026-09-30","t":"0516","frp":3.5,"b":335.9,"c":1,"s":"SNPP","n":0}},{"type":"Feature","geometry":{"type":"Point","coordinates":[123.2559,-17.2179]},"properties":{"d":"2026-09-30","t":"0516","frp":8.3,"b":343.5,"c":1,"s":"SNPP","n":0}},{"type":"Feature","geometry":{"type":"Point","coordinates":[134.8053,-17.2159]},"properties":{"d":"2026-09-30","t":"0516","frp":5.7,"b":333.1,"c":1,"s":"SNPP","n":0}},{"type":"Feature","geometry":{"type":"Point","coordinates":[134.8043,-17.2115]},"properties":{"d":"2026-09-30","t":"0516","frp":5.7,"b":338.8,"c":1,"s":"SNPP","n":0}},{"type":"Feature","geometry":{"type":"Point","coordinates":[123.26,-17.2093]},"properties":{"d":"2026-09-30","t":"0516","frp":6.5,"b":336.4,"c":1,"s":"SNPP","n":0}},{"type":"Feature","geometry":{"type":"Point","coordinates":[123.2652,-17.2086]},"properties":{"d":"2026-09-30","t":"0516","frp":8.9,"b":341.4,"c":1,"s":"SNPP","n":0}},{"type":"Feature","geometry":{"type":"Point","coordinates":[123.2646,-17.2047]},"properties":{"d":"2026-09-30","t":"0516","frp":15.7,"b":349.1,"c":1,"s":"SNPP","n":0}},{"type":"Feature","geometry":{"type":"Point","coordinates":[134.817,-17.2046]},"properties":{"d":"2026-09-30","t":"0516","frp":7.7,"b":344.6,"c":1,"s":"SNPP","n":0}},{"type":"Feature","geometry":{"type":"Point","coordinates":[123.2699,-17.204]},"properties":{"d":"2026-09-30","t":"0516","frp":15.7,"b":338.1,"c":1,"s":"SNPP","n":0}},{"type":"Feature","geometry":{"type":"Point","coordinates":[134.8025,-17.2027]},"properties":{"d":"2026-09-30","t":"0516","frp":4.4,"b":336.4,"c":1,"s":"SNPP","n":0}},{"type":"Feature","geometry":{"type":"Point","coordinates":[134.8161,-17.2001]},"properties":{"d":"2026-09-30","t":"0516","frp":7.7,"b":348.7,"c":1,"s":"SNPP","n":0}},{"type":"Feature","geometry":{"type":"Point","coordinates":[123.2693,-17.2001]},"properties":{"d":"2026-09-30","t":"0516","frp":15.7,"b":356.6,"c":1,"s":"SNPP","n":0}},{"type":"Feature","geometry":{"type":"Point","coordinates":[134.8207,-17.1993]},"properties":{"d":"2026-09-30","t":"0516","frp":11.9,"b":348.6,"c":1,"s":"SNPP","n":0}},{"type":"Feature","geometry":{"type":"Point","coordinates":[123.274,-17.1954]},"properties":{"d":"2026-09-30","t":"0516","frp":8.7,"b":367.0,"c":2,"s":"SNPP","n":0}},{"type":"Feature","geometry":{"type":"Point","coordinates":[134.8197,-17.1948]},"properties":{"d":"2026-09-30","t":"0516","frp":6.6,"b":338.9,"c":1,"s":"SNPP","n":0}},{"type":"Feature","geometry":{"type":"Point","coordinates":[123.2792,-17.1947]},"properties":{"d":"2026-09-30","t":"0516","frp":8.7,"b":341.6,"c":1,"s":"SNPP","n":0}},{"type":"Feature","geometry":{"type":"Point","coordinates":[123.2786,-17.1908]},"properties":{"d":"2026-09-30","t":"0516","frp":8.7,"b":349.0,"c":1,"s":"SNPP","n":0}},{"type":"Feature","geometry":{"type":"Point","coordinates":[123.2838,-17.1901]},"properties":{"d":"2026-09-30","t":"0516","frp":4.6,"b":341.9,"c":1,"s":"SNPP","n":0}},{"type":"Feature","geometry":{"type":"Point","coordinates":[134.8234,-17.1896]},"properties":{"d":"2026-09-30","t":"0516","frp":6.6,"b":343.4,"c":1,"s":"SNPP","n":0}},{"type":"Feature","geometry":{"type":"Point","coordinates":[123.289,-17.1894]},"properties":{"d":"2026-09-30","t":"0516","frp":4.6,"b":333.4,"c":1,"s":"SNPP","n":0}},{"type":"Feature","geometry":{"type":"Point","coordinates":[134.827,-17.1843]},"properties":{"d":"2026-09-30","t":"0516","frp":5.3,"b":341.4,"c":1,"s":"SNPP","n":0}},{"type":"Feature","geometry":{"type":"Point","coordinates":[134.8035,-17.1841]},"properties":{"d":"2026-09-30","t":"0516","frp":18.0,"b":346.2,"c":1,"s":"SNPP","n":0}},{"type":"Feature","geometry":{"type":"Point","coordinates":[134.8026,-17.1797]},"properties":{"d":"2026-09-30","t":"0516","frp":3.4,"b":339.2,"c":1,"s":"SNPP","n":0}},{"type":"Feature","geometry":{"type":"Point","coordinates":[134.8306,-17.179]},"properties":{"d":"2026-09-30","t":"0516","frp":5.3,"b":339.6,"c":1,"s":"SNPP","n":0}},{"type":"Feature","geometry":{"type":"Point","coordinates":[134.8342,-17.1737]},"properties":{"d":"2026-09-30","t":"0516","frp":4.6,"b":333.8,"c":1,"s":"SNPP","n":0}},{"type":"Feature","geometry":{"type":"Point","coordinates":[134.8388,-17.1728]},"properties":{"d":"2026-09-30","t":"0516","frp":4.6,"b":338.2,"c":1,"s":"SNPP","n":0}},{"type":"Feature","geometry":{"type":"Point","coordinates":[134.8425,-17.1675]},"properties":{"d":"2026-09-30","t":"0516","frp":9.3,"b":347.4,"c":1,"s":"SNPP","n":0}},{"type":"Feature","geometry":{"type":"Point","coordinates":[134.8461,-17.1622]},"properties":{"d":"2026-09-30","t":"0516","frp":6.9,"b":348.3,"c":1,"s":"SNPP","n":0}},{"type":"Feature","geometry":{"type":"Point","coordinates":[134.8507,-17.1613]},"properties":{"d":"2026-09-30","t":"0516","frp":4.2,"b":336.9,"c":1,"s":"SNPP","n":0}},{"type":"Feature","geometry":{"type":"Point","coordinates":[135.3919,-17.1607]},"properties":{"d":"2026-09-30","t":"0516","frp":2.4,"b":331.6,"c":1,"s":"SNPP","n":0}},{"type":"Feature","geometry":{"type":"Point","coordinates":[135.3811,-17.158]},"properties":{"d":"2026-09-30","t":"0516","frp":6.0,"b":333.4,"c":1,"s":"SNPP","n":0}},{"type":"Feature","geometry":{"type":"Point","coordinates":[135.3861,-17.157]},"properties":{"d":"2026-09-30","t":"0516","frp":6.0,"b":352.4,"c":1,"s":"SNPP","n":0}},{"type":"Feature","geometry":{"type":"Point","coordinates":[134.8544,-17.156]},"properties":{"d":"2026-09-30","t":"0516","frp":4.2,"b":337.1,"c":1,"s":"SNPP","n":0}},{"type":"Feature","geometry":{"type":"Point","coordinates":[134.8581,-17.1507]},"properties":{"d":"2026-09-30","t":"0516","frp":4.4,"b":336.5,"c":1,"s":"SNPP","n":0}},{"type":"Feature","geometry":{"type":"Point","coordinates":[134.8627,-17.1498]},"properties":{"d":"2026-09-30","t":"0516","frp":4.4,"b":342.7,"c":1,"s":"SNPP","n":0}},{"type":"Feature","geometry":{"type":"Point","coordinates":[135.3586,-17.148]},"properties":{"d":"2026-09-30","t":"0516","frp":8.6,"b":338.3,"c":1,"s":"SNPP","n":0}},{"type":"Feature","geometry":{"type":"Point","coordinates":[135.3783,-17.1442]},"properties":{"d":"2026-09-30","t":"0516","frp":13.4,"b":350.2,"c":1,"s":"SNPP","n":0}},{"type":"Feature","geometry":{"type":"Point","coordinates":[134.871,-17.1436]},"properties":{"d":"2026-09-30","t":"0516","frp":10.8,"b":345.0,"c":1,"s":"SNPP","n":0}},{"type":"Feature","geometry":{"type":"Point","coordinates":[135.3577,-17.1435]},"properties":{"d":"2026-09-30","t":"0516","frp":6.9,"b":339.1,"c":1,"s":"SNPP","n":0}},{"type":"Feature","geometry":{"type":"Point","coordinates":[135.3724,-17.1406]},"properties":{"d":"2026-09-30","t":"0516","frp":7.8,"b":337.0,"c":1,"s":"SNPP","n":0}},{"type":"Feature","geometry":{"type":"Point","coordinates":[135.3773,-17.1396]},"properties":{"d":"2026-09-30","t":"0516","frp":6.1,"b":336.7,"c":1,"s":"SNPP","n":0}},{"type":"Feature","geometry":{"type":"Point","coordinates":[122.6331,-16.9785]},"properties":{"d":"2026-09-30","t":"0516","frp":4.8,"b":347.0,"c":1,"s":"SNPP","n":0}},{"type":"Feature","geometry":{"type":"Point","coordinates":[135.2157,-16.9732]},"properties":{"d":"2026-09-30","t":"0516","frp":8.6,"b":342.4,"c":1,"s":"SNPP","n":0}},{"type":"Feature","geometry":{"type":"Point","coordinates":[135.4932,-16.9677]},"properties":{"d":"2026-09-30","t":"0516","frp":3.9,"b":342.1,"c":1,"s":"SNPP","n":0}},{"type":"Feature","geometry":{"type":"Point","coordinates":[135.2197,-16.9677]},"properties":{"d":"2026-09-30","t":"0516","frp":8.6,"b":339.7,"c":1,"s":"SNPP","n":0}},{"type":"Feature","geometry":{"type":"Point","coordinates":[135.2245,-16.9668]},"properties":{"d":"2026-09-30","t":"0516","frp":16.9,"b":340.1,"c":1,"s":"SNPP","n":0}},{"type":"Feature","geometry":{"type":"Point","coordinates":[135.244,-16.963]},"properties":{"d":"2026-09-30","t":"0516","frp":11.8,"b":342.0,"c":1,"s":"SNPP","n":0}},{"type":"Feature","geometry":{"type":"Point","coordinates":[135.2537,-16.9611]},"properties":{"d":"2026-09-30","t":"0516","frp":5.5,"b":342.5,"c":1,"s":"SNPP","n":0}},{"type":"Feature","geometry":{"type":"Point","coordinates":[135.2586,-16.9601]},"properties":{"d":"2026-09-30","t":"0516","frp":5.5,"b":336.2,"c":1,"s":"SNPP","n":0}},{"type":"Feature","geometry":{"type":"Point","coordinates":[135.4338,-16.9598]},"properties":{"d":"2026-09-30","t":"0516","frp":3.6,"b":340.8,"c":1,"s":"SNPP","n":0}},{"type":"Feature","geometry":{"type":"Point","coordinates":[135.2783,-16.9563]},"properties":{"d":"2026-09-30","t":"0516","frp":7.1,"b":332.5,"c":0,"s":"SNPP","n":0}},{"type":"Feature","geometry":{"type":"Point","coordinates":[135.4539,-16.956]},"properties":{"d":"2026-09-30","t":"0516","frp":7.2,"b":337.2,"c":1,"s":"SNPP","n":0}},{"type":"Feature","geometry":{"type":"Point","coordinates":[135.2832,-16.9554]},"properties":{"d":"2026-09-30","t":"0516","frp":5.7,"b":333.5,"c":1,"s":"SNPP","n":0}},{"type":"Feature","geometry":{"type":"Point","coordinates":[135.4589,-16.955]},"properties":{"d":"2026-09-30","t":"0516","frp":9.9,"b":338.6,"c":1,"s":"SNPP","n":0}},{"type":"Feature","geometry":{"type":"Point","coordinates":[135.2979,-16.9525]},"properties":{"d":"2026-09-30","t":"0516","frp":2.1,"b":337.3,"c":1,"s":"SNPP","n":0}},{"type":"Feature","geometry":{"type":"Point","coordinates":[135.4369,-16.9496]},"properties":{"d":"2026-09-30","t":"0516","frp":6.6,"b":347.0,"c":1,"s":"SNPP","n":0}},{"type":"Feature","geometry":{"type":"Point","coordinates":[135.3274,-16.9468]},"properties":{"d":"2026-09-30","t":"0516","frp":2.5,"b":332.7,"c":0,"s":"SNPP","n":0}},{"type":"Feature","geometry":{"type":"Point","coordinates":[135.4308,-16.946]},"properties":{"d":"2026-09-30","t":"0516","frp":8.3,"b":343.6,"c":1,"s":"SNPP","n":0}},{"type":"Feature","geometry":{"type":"Point","coordinates":[135.2863,-16.9453]},"properties":{"d":"2026-09-30","t":"0516","frp":8.6,"b":334.3,"c":1,"s":"SNPP","n":0}},{"type":"Feature","geometry":{"type":"Point","coordinates":[135.4359,-16.945]},"properties":{"d":"2026-09-30","t":"0516","frp":6.6,"b":344.2,"c":1,"s":"SNPP","n":0}},{"type":"Feature","geometry":{"type":"Point","coordinates":[135.3989,-16.9425]},"properties":{"d":"2026-09-30","t":"0516","frp":8.4,"b":348.2,"c":1,"s":"SNPP","n":0}},{"type":"Feature","geometry":{"type":"Point","coordinates":[135.3265,-16.9422]},"properties":{"d":"2026-09-30","t":"0516","frp":6.3,"b":339.8,"c":1,"s":"SNPP","n":0}},{"type":"Feature","geometry":{"type":"Point","coordinates":[135.378,-16.9418]},"properties":{"d":"2026-09-30","t":"0516","frp":6.0,"b":336.6,"c":0,"s":"SNPP","n":0}},{"type":"Feature","geometry":{"type":"Point","coordinates":[135.3059,-16.9414]},"properties":{"d":"2026-09-30","t":"0516","frp":6.8,"b":337.0,"c":1,"s":"SNPP","n":0}},{"type":"Feature","geometry":{"type":"Point","coordinates":[135.4299,-16.9413]},"properties":{"d":"2026-09-30","t":"0516","frp":7.7,"b":341.2,"c":1,"s":"SNPP","n":0}},{"type":"Feature","geometry":{"type":"Point","coordinates":[135.3314,-16.9413]},"properties":{"d":"2026-09-30","t":"0516","frp":6.8,"b":333.8,"c":1,"s":"SNPP","n":0}},{"type":"Feature","geometry":{"type":"Point","coordinates":[135.3829,-16.9408]},"properties":{"d":"2026-09-30","t":"0516","frp":5.6,"b":337.4,"c":0,"s":"SNPP","n":0}},{"type":"Feature","geometry":{"type":"Point","coordinates":[135.3108,-16.9405]},"properties":{"d":"2026-09-30","t":"0516","frp":6.7,"b":334.8,"c":1,"s":"SNPP","n":0}},{"type":"Feature","geometry":{"type":"Point","coordinates":[135.3879,-16.9398]},"properties":{"d":"2026-09-30","t":"0516","frp":5.6,"b":335.1,"c":0,"s":"SNPP","n":0}},{"type":"Feature","geometry":{"type":"Point","coordinates":[135.3929,-16.9389]},"properties":{"d":"2026-09-30","t":"0516","frp":15.3,"b":355.0,"c":1,"s":"SNPP","n":0}},{"type":"Feature","geometry":{"type":"Point","coordinates":[135.3721,-16.9381]},"properties":{"d":"2026-09-30","t":"0516","frp":6.0,"b":344.4,"c":1,"s":"SNPP","n":0}},{"type":"Feature","geometry":{"type":"Point","coordinates":[135.3979,-16.9379]},"properties":{"d":"2026-09-30","t":"0516","frp":15.3,"b":367.0,"c":2,"s":"SNPP","n":0}},{"type":"Feature","geometry":{"type":"Point","coordinates":[135.3512,-16.9374]},"properties":{"d":"2026-09-30","t":"0516","frp":27.1,"b":347.9,"c":1,"s":"SNPP","n":0}},{"type":"Feature","geometry":{"type":"Point","coordinates":[135.3771,-16.9372]},"properties":{"d":"2026-09-30","t":"0516","frp":6.0,"b":352.8,"c":1,"s":"SNPP","n":0}},{"type":"Feature","geometry":{"type":"Point","coordinates":[135.4029,-16.9369]},"properties":{"d":"2026-09-30","t":"0516","frp":14.4,"b":367.0,"c":2,"s":"SNPP","n":0}},{"type":"Feature","geometry":{"type":"Point","coordinates":[135.4289,-16.9367]},"properties":{"d":"2026-09-30","t":"0516","frp":7.7,"b":348.2,"c":1,"s":"SNPP","n":0}},{"type":"Feature","geometry":{"type":"Point","coordinates":[135.3562,-16.9364]},"properties":{"d":"2026-09-30","t":"0516","frp":27.1,"b":337.9,"c":1,"s":"SNPP","n":0}},{"type":"Feature","geometry":{"type":"Point","coordinates":[135.382,-16.9362]},"properties":{"d":"2026-09-30","t":"0516","frp":5.6,"b":350.2,"c":1,"s":"SNPP","n":0}},{"type":"Feature","geometry":{"type":"Point","coordinates":[135.4078,-16.936]},"properties":{"d":"2026-09-30","t":"0516","frp":14.4,"b":351.8,"c":1,"s":"SNPP","n":0}},{"type":"Feature","geometry":{"type":"Point","coordinates":[135.3099,-16.9359]},"properties":{"d":"2026-09-30","t":"0516","frp":8.5,"b":367.0,"c":2,"s":"SNPP","n":0}},{"type":"Feature","geometry":{"type":"Point","coordinates":[135.3612,-16.9354]},"properties":{"d":"2026-09-30","t":"0516","frp":5.0,"b":345.9,"c":1,"s":"SNPP","n":0}},{"type":"Feature","geometry":{"type":"Point","coordinates":[135.387,-16.9352]},"properties":{"d":"2026-09-30","t":"0516","frp":5.6,"b":342.0,"c":1,"s":"SNPP","n":0}},{"type":"Feature","geometry":{"type":"Point","coordinates":[135.4129,-16.935]},"properties":{"d":"2026-09-30","t":"0516","frp":9.6,"b":340.8,"c":1,"s":"SNPP","n":0}},{"type":"Feature","geometry":{"type":"Point","coordinates":[135.3149,-16.9349]},"properties":{"d":"2026-09-30","t":"0516","frp":8.5,"b":344.6,"c":1,"s":"SNPP","n":0}},{"type":"Feature","geometry":{"type":"Point","coordinates":[135.3662,-16.9345]},"properties":{"d":"2026-09-30","t":"0516","frp":5.0,"b":339.1,"c":1,"s":"SNPP","n":0}},{"type":"Feature","geometry":{"type":"Point","coordinates":[135.4179,-16.934]},"properties":{"d":"2026-09-30","t":"0516","frp":9.6,"b":355.6,"c":1,"s":"SNPP","n":0}},{"type":"Feature","geometry":{"type":"Point","coordinates":[135.3453,-16.9337]},"properties":{"d":"2026-09-30","t":"0516","frp":57.1,"b":342.2,"c":1,"s":"SNPP","n":0}},{"type":"Feature","geometry":{"type":"Point","coordinates":[135.3056,-16.9335]},"properties":{"d":"2026-09-30","t":"0516","frp":4.6,"b":332.1,"c":0,"s":"SNPP","n":0}},{"type":"Feature","geometry":{"type":"Point","coordinates":[135.3711,-16.9335]},"properties":{"d":"2026-09-30","t":"0516","frp":13.4,"b":356.2,"c":1,"s":"SNPP","n":0}},{"type":"Feature","geometry":{"type":"Point","coordinates":[135.4229,-16.9331]},"properties":{"d":"2026-09-30","t":"0516","frp":15.4,"b":353.0,"c":1,"s":"SNPP","n":0}},{"type":"Feature","geometry":{"type":"Point","coordinates":[135.3503,-16.9328]},"properties":{"d":"2026-09-30","t":"0516","frp":27.1,"b":367.0,"c":2,"s":"SNPP","n":0}},{"type":"Feature","geometry":{"type":"Point","coordinates":[135.3106,-16.9326]},"properties":{"d":"2026-09-30","t":"0516","frp":6.7,"b":336.4,"c":1,"s":"SNPP","n":0}},{"type":"Feature","geometry":{"type":"Point","coordinates":[130.0439,-16.7907]},"properties":{"d":"2026-09-30","t":"0516","frp":6.3,"b":353.5,"c":1,"s":"SNPP","n":0}},{"type":"Feature","geometry":{"type":"Point","coordinates":[130.0478,-16.7901]},"properties":{"d":"2026-09-30","t":"0516","frp":6.3,"b":335.4,"c":1,"s":"SNPP","n":0}},{"type":"Feature","geometry":{"type":"Point","coordinates":[130.0472,-16.7867]},"properties":{"d":"2026-09-30","t":"0516","frp":6.3,"b":356.2,"c":1,"s":"SNPP","n":0}},{"type":"Feature","geometry":{"type":"Point","coordinates":[130.0505,-16.7826]},"properties":{"d":"2026-09-30","t":"0516","frp":5.5,"b":353.6,"c":1,"s":"SNPP","n":0}},{"type":"Feature","geometry":{"type":"Point","coordinates":[130.0544,-16.7819]},"properties":{"d":"2026-09-30","t":"0516","frp":5.5,"b":339.3,"c":1,"s":"SNPP","n":0}},{"type":"Feature","geometry":{"type":"Point","coordinates":[130.0383,-16.7811]},"properties":{"d":"2026-09-30","t":"0516","frp":7.5,"b":341.1,"c":1,"s":"SNPP","n":0}},{"type":"Feature","geometry":{"type":"Point","coordinates":[130.0538,-16.7785]},"properties":{"d":"2026-09-30","t":"0516","frp":5.5,"b":340.9,"c":0,"s":"SNPP","n":0}},{"type":"Feature","geometry":{"type":"Point","coordinates":[130.0338,-16.7782]},"properties":{"d":"2026-09-30","t":"0516","frp":14.4,"b":339.1,"c":1,"s":"SNPP","n":0}},{"type":"Feature","geometry":{"type":"Point","coordinates":[130.0577,-16.7778]},"properties":{"d":"2026-09-30","t":"0516","frp":5.0,"b":344.1,"c":1,"s":"SNPP","n":0}},{"type":"Feature","geometry":{"type":"Point","coordinates":[130.0376,-16.7776]},"properties":{"d":"2026-09-30","t":"0516","frp":14.4,"b":350.3,"c":1,"s":"SNPP","n":0}},{"type":"Feature","geometry":{"type":"Point","coordinates":[130.0295,-16.7771]},"properties":{"d":"2026-09-30","t":"0516","frp":4.1,"b":338.1,"c":1,"s":"SNPP","n":0}},{"type":"Feature","geometry":{"type":"Point","coordinates":[130.0373,-16.7759]},"properties":{"d":"2026-09-30","t":"0516","frp":5.7,"b":337.8,"c":0,"s":"SNPP","n":0}},{"type":"Feature","geometry":{"type":"Point","coordinates":[130.0293,-16.7754]},"properties":{"d":"2026-09-30","t":"0516","frp":4.2,"b":335.1,"c":1,"s":"SNPP","n":0}},{"type":"Feature","geometry":{"type":"Point","coordinates":[130.061,-16.7737]},"properties":{"d":"2026-09-30","t":"0516","frp":4.9,"b":344.9,"c":1,"s":"SNPP","n":0}},{"type":"Feature","geometry":{"type":"Point","coordinates":[130.0607,-16.7721]},"properties":{"d":"2026-09-30","t":"0516","frp":10.3,"b":345.8,"c":1,"s":"SNPP","n":0}},{"type":"Feature","geometry":{"type":"Point","coordinates":[130.0604,-16.7703]},"properties":{"d":"2026-09-30","t":"0516","frp":4.9,"b":346.1,"c":1,"s":"SNPP","n":0}},{"type":"Feature","geometry":{"type":"Point","coordinates":[130.031,-16.7627]},"properties":{"d":"2026-09-30","t":"0516","frp":7.8,"b":340.8,"c":1,"s":"SNPP","n":0}},{"type":"Feature","geometry":{"type":"Point","coordinates":[130.0265,-16.7599]},"properties":{"d":"2026-09-30","t":"0516","frp":4.1,"b":337.0,"c":1,"s":"SNPP","n":0}},{"type":"Feature","geometry":{"type":"Point","coordinates":[129.9818,-16.7566]},"properties":{"d":"2026-09-30","t":"0516","frp":6.9,"b":343.2,"c":1,"s":"SNPP","n":0}},{"type":"Feature","geometry":{"type":"Point","coordinates":[129.9934,-16.7547]},"properties":{"d":"2026-09-30","t":"0516","frp":5.1,"b":334.7,"c":1,"s":"SNPP","n":0}},{"type":"Feature","geometry":{"type":"Point","coordinates":[129.9973,-16.754]},"properties":{"d":"2026-09-30","t":"0516","frp":6.2,"b":337.8,"c":1,"s":"SNPP","n":0}},{"type":"Feature","geometry":{"type":"Point","coordinates":[129.9928,-16.7512]},"properties":{"d":"2026-09-30","t":"0516","frp":5.1,"b":340.1,"c":1,"s":"SNPP","n":0}},{"type":"Feature","geometry":{"type":"Point","coordinates":[129.9767,-16.7503]},"properties":{"d":"2026-09-30","t":"0516","frp":7.3,"b":337.0,"c":1,"s":"SNPP","n":0}},{"type":"Feature","geometry":{"type":"Point","coordinates":[129.9684,-16.7481]},"properties":{"d":"2026-09-30","t":"0516","frp":2.9,"b":345.6,"c":1,"s":"SNPP","n":0}},{"type":"Feature","geometry":{"type":"Point","coordinates":[129.9506,-16.7369]},"properties":{"d":"2026-09-30","t":"0516","frp":3.2,"b":341.1,"c":1,"s":"SNPP","n":0}},{"type":"Feature","geometry":{"type":"Point","coordinates":[129.9545,-16.7363]},"properties":{"d":"2026-09-30","t":"0516","frp":6.3,"b":348.8,"c":1,"s":"SNPP","n":0}},{"type":"Feature","geometry":{"type":"Point","coordinates":[129.962,-16.735]},"properties":{"d":"2026-09-30","t":"0516","frp":8.6,"b":348.5,"c":1,"s":"SNPP","n":0}},{"type":"Feature","geometry":{"type":"Point","coordinates":[130.0742,-16.7344]},"properties":{"d":"2026-09-30","t":"0516","frp":6.6,"b":344.4,"c":1,"s":"SNPP","n":0}},{"type":"Feature","geometry":{"type":"Point","coordinates":[129.95,-16.7335]},"properties":{"d":"2026-09-30","t":"0516","frp":5.5,"b":346.5,"c":1,"s":"SNPP","n":0}},{"type":"Feature","geometry":{"type":"Point","coordinates":[129.9538,-16.7328]},"properties":{"d":"2026-09-30","t":"0516","frp":9.8,"b":340.5,"c":1,"s":"SNPP","n":0}},{"type":"Feature","geometry":{"type":"Point","coordinates":[130.0736,-16.731]},"properties":{"d":"2026-09-30","t":"0516","frp":6.6,"b":348.6,"c":1,"s":"SNPP","n":0}},{"type":"Feature","geometry":{"type":"Point","coordinates":[129.9494,-16.73]},"properties":{"d":"2026-09-30","t":"0516","frp":5.5,"b":345.6,"c":1,"s":"SNPP","n":0}},{"type":"Feature","geometry":{"type":"Point","coordinates":[129.9488,-16.7266]},"properties":{"d":"2026-09-30","t":"0516","frp":5.6,"b":342.9,"c":1,"s":"SNPP","n":0}},{"type":"Feature","geometry":{"type":"Point","coordinates":[129.936,-16.7216]},"properties":{"d":"2026-09-30","t":"0516","frp":19.4,"b":340.5,"c":1,"s":"SNPP","n":0}},{"type":"Feature","geometry":{"type":"Point","coordinates":[129.9353,-16.7182]},"properties":{"d":"2026-09-30","t":"0516","frp":19.4,"b":339.8,"c":1,"s":"SNPP","n":0}},{"type":"Feature","geometry":{"type":"Point","coordinates":[129.9347,-16.7148]},"properties":{"d":"2026-09-30","t":"0516","frp":2.7,"b":337.2,"c":1,"s":"SNPP","n":0}},{"type":"Feature","geometry":{"type":"Point","coordinates":[129.938,-16.7107]},"properties":{"d":"2026-09-30","t":"0516","frp":2.7,"b":332.1,"c":0,"s":"SNPP","n":0}},{"type":"Feature","geometry":{"type":"Point","coordinates":[130.0817,-16.7083]},"properties":{"d":"2026-09-30","t":"0516","frp":12.5,"b":347.9,"c":1,"s":"SNPP","n":0}},{"type":"Feature","geometry":{"type":"Point","coordinates":[128.1287,-16.7044]},"properties":{"d":"2026-09-30","t":"0516","frp":9.4,"b":345.3,"c":1,"s":"SNPP","n":0}},{"type":"Feature","geometry":{"type":"Point","coordinates":[130.0922,-16.6995]},"properties":{"d":"2026-09-30","t":"0516","frp":3.0,"b":334.8,"c":1,"s":"SNPP","n":0}},{"type":"Feature","geometry":{"type":"Point","coordinates":[130.1063,-16.6652]},"properties":{"d":"2026-09-30","t":"0516","frp":15.8,"b":338.7,"c":1,"s":"SNPP","n":0}},{"type":"Feature","geometry":{"type":"Point","coordinates":[130.1057,-16.6618]},"properties":{"d":"2026-09-30","t":"0516","frp":15.8,"b":355.9,"c":1,"s":"SNPP","n":0}},{"type":"Feature","geometry":{"type":"Point","coordinates":[130.1096,-16.6611]},"properties":{"d":"2026-09-30","t":"0516","frp":16.4,"b":354.7,"c":1,"s":"SNPP","n":0}},{"type":"Feature","geometry":{"type":"Point","coordinates":[130.1214,-16.6592]},"properties":{"d":"2026-09-30","t":"0516","frp":3.4,"b":335.5,"c":1,"s":"SNPP","n":0}},{"type":"Feature","geometry":{"type":"Point","coordinates":[130.1051,-16.6583]},"properties":{"d":"2026-09-30","t":"0516","frp":14.1,"b":352.3,"c":1,"s":"SNPP","n":0}},{"type":"Feature","geometry":{"type":"Point","coordinates":[130.109,-16.6577]},"properties":{"d":"2026-09-30","t":"0516","frp":25.3,"b":351.4,"c":1,"s":"SNPP","n":0}},{"type":"Feature","geometry":{"type":"Point","coordinates":[130.1169,-16.6563]},"properties":{"d":"2026-09-30","t":"0516","frp":4.3,"b":338.3,"c":1,"s":"SNPP","n":0}},{"type":"Feature","geometry":{"type":"Point","coordinates":[130.1088,-16.6559]},"properties":{"d":"2026-09-30","t":"0516","frp":5.0,"b":341.0,"c":1,"s":"SNPP","n":0}},{"type":"Feature","geometry":{"type":"Point","coordinates":[130.1166,-16.6546]},"properties":{"d":"2026-09-30","t":"0516","frp":6.6,"b":335.1,"c":1,"s":"SNPP","n":0}},{"type":"Feature","geometry":{"type":"Point","coordinates":[130.1124,-16.6535]},"properties":{"d":"2026-09-30","t":"0516","frp":25.3,"b":339.4,"c":1,"s":"SNPP","n":0}},{"type":"Feature","geometry":{"type":"Point","coordinates":[130.1163,-16.6529]},"properties":{"d":"2026-09-30","t":"0516","frp":4.3,"b":338.9,"c":1,"s":"SNPP","n":0}},{"type":"Feature","geometry":{"type":"Point","coordinates":[130.1121,-16.6518]},"properties":{"d":"2026-09-30","t":"0516","frp":5.0,"b":341.8,"c":1,"s":"SNPP","n":0}},{"type":"Feature","geometry":{"type":"Point","coordinates":[130.1705,-16.6387]},"properties":{"d":"2026-09-30","t":"0516","frp":10.9,"b":345.6,"c":1,"s":"SNPP","n":0}},{"type":"Feature","geometry":{"type":"Point","coordinates":[130.1745,-16.6381]},"properties":{"d":"2026-09-30","t":"0516","frp":10.9,"b":336.3,"c":0,"s":"SNPP","n":0}},{"type":"Feature","geometry":{"type":"Point","coordinates":[130.1541,-16.6378]},"properties":{"d":"2026-09-30","t":"0516","frp":2.0,"b":333.6,"c":1,"s":"SNPP","n":0}},{"type":"Feature","geometry":{"type":"Point","coordinates":[130.1784,-16.6374]},"properties":{"d":"2026-09-30","t":"0516","frp":6.3,"b":348.7,"c":1,"s":"SNPP","n":0}},{"type":"Feature","geometry":{"type":"Point","coordinates":[130.1824,-16.6368]},"properties":{"d":"2026-09-30","t":"0516","frp":6.3,"b":348.0,"c":1,"s":"SNPP","n":0}},{"type":"Feature","geometry":{"type":"Point","coordinates":[130.1864,-16.6361]},"properties":{"d":"2026-09-30","t":"0516","frp":5.6,"b":336.2,"c":0,"s":"SNPP","n":0}},{"type":"Feature","geometry":{"type":"Point","coordinates":[130.1659,-16.6359]},"properties":{"d":"2026-09-30","t":"0516","frp":3.1,"b":335.6,"c":0,"s":"SNPP","n":0}},{"type":"Feature","geometry":{"type":"Point","coordinates":[130.1903,-16.6355]},"properties":{"d":"2026-09-30","t":"0516","frp":5.6,"b":336.4,"c":1,"s":"SNPP","n":0}},{"type":"Feature","geometry":{"type":"Point","coordinates":[130.1699,-16.6353]},"properties":{"d":"2026-09-30","t":"0516","frp":10.9,"b":356.2,"c":1,"s":"SNPP","n":0}},{"type":"Feature","geometry":{"type":"Point","coordinates":[130.1535,-16.6344]},"properties":{"d":"2026-09-30","t":"0516","frp":3.4,"b":342.7,"c":1,"s":"SNPP","n":0}},{"type":"Feature","geometry":{"type":"Point","coordinates":[130.1858,-16.6327]},"properties":{"d":"2026-09-30","t":"0516","frp":5.6,"b":340.5,"c":1,"s":"SNPP","n":0}},{"type":"Feature","geometry":{"type":"Point","coordinates":[130.1653,-16.6324]},"properties":{"d":"2026-09-30","t":"0516","frp":27.8,"b":347.7,"c":1,"s":"SNPP","n":0}},{"type":"Feature","geometry":{"type":"Point","coordinates":[130.1897,-16.632]},"properties":{"d":"2026-09-30","t":"0516","frp":5.6,"b":340.5,"c":0,"s":"SNPP","n":0}},{"type":"Feature","geometry":{"type":"Point","coordinates":[130.1529,-16.6309]},"properties":{"d":"2026-09-30","t":"0516","frp":3.4,"b":335.1,"c":1,"s":"SNPP","n":0}},{"type":"Feature","geometry":{"type":"Point","coordinates":[130.1891,-16.6286]},"properties":{"d":"2026-09-30","t":"0516","frp":8.3,"b":339.7,"c":0,"s":"SNPP","n":0}},{"type":"Feature","geometry":{"type":"Point","coordinates":[130.1686,-16.6283]},"properties":{"d":"2026-09-30","t":"0516","frp":26.2,"b":347.8,"c":1,"s":"SNPP","n":0}},{"type":"Feature","geometry":{"type":"Point","coordinates":[130.1845,-16.6258]},"properties":{"d":"2026-09-30","t":"0516","frp":8.3,"b":339.8,"c":0,"s":"SNPP","n":0}},{"type":"Feature","geometry":{"type":"Point","coordinates":[130.1641,-16.6255]},"properties":{"d":"2026-09-30","t":"0516","frp":4.1,"b":335.2,"c":1,"s":"SNPP","n":0}},{"type":"Feature","geometry":{"type":"Point","coordinates":[130.1884,-16.6251]},"properties":{"d":"2026-09-30","t":"0516","frp":8.3,"b":336.8,"c":0,"s":"SNPP","n":0}},{"type":"Feature","geometry":{"type":"Point","coordinates":[130.168,-16.6249]},"properties":{"d":"2026-09-30","t":"0516","frp":10.3,"b":342.1,"c":1,"s":"SNPP","n":0}},{"type":"Feature","geometry":{"type":"Point","coordinates":[130.1839,-16.6223]},"properties":{"d":"2026-09-30","t":"0516","frp":6.3,"b":338.6,"c":0,"s":"SNPP","n":0}},{"type":"Feature","geometry":{"type":"Point","coordinates":[130.1634,-16.6221]},"properties":{"d":"2026-09-30","t":"0516","frp":4.1,"b":340.7,"c":1,"s":"SNPP","n":0}},{"type":"Feature","geometry":{"type":"Point","coordinates":[130.1674,-16.6214]},"properties":{"d":"2026-09-30","t":"0516","frp":10.3,"b":346.9,"c":1,"s":"SNPP","n":0}},{"type":"Feature","geometry":{"type":"Point","coordinates":[130.1714,-16.6208]},"properties":{"d":"2026-09-30","t":"0516","frp":10.3,"b":345.1,"c":1,"s":"SNPP","n":0}},{"type":"Feature","geometry":{"type":"Point","coordinates":[130.1754,-16.6201]},"properties":{"d":"2026-09-30","t":"0516","frp":2.8,"b":331.5,"c":1,"s":"SNPP","n":0}},{"type":"Feature","geometry":{"type":"Point","coordinates":[130.1872,-16.6182]},"properties":{"d":"2026-09-30","t":"0516","frp":6.3,"b":336.6,"c":0,"s":"SNPP","n":0}},{"type":"Feature","geometry":{"type":"Point","coordinates":[130.1668,-16.618]},"properties":{"d":"2026-09-30","t":"0516","frp":7.0,"b":336.2,"c":1,"s":"SNPP","n":0}},{"type":"Feature","geometry":{"type":"Point","coordinates":[130.1708,-16.6173]},"properties":{"d":"2026-09-30","t":"0516","frp":7.0,"b":367.0,"c":2,"s":"SNPP","n":0}},{"type":"Feature","geometry":{"type":"Point","coordinates":[130.1826,-16.6154]},"properties":{"d":"2026-09-30","t":"0516","frp":9.9,"b":341.6,"c":1,"s":"SNPP","n":0}},{"type":"Feature","geometry":{"type":"Point","coordinates":[130.1865,-16.6147]},"properties":{"d":"2026-09-30","t":"0516","frp":9.9,"b":336.6,"c":0,"s":"SNPP","n":0}},{"type":"Feature","geometry":{"type":"Point","coordinates":[130.182,-16.6119]},"properties":{"d":"2026-09-30","t":"0516","frp":9.9,"b":353.7,"c":1,"s":"SNPP","n":0}},{"type":"Feature","geometry":{"type":"Point","coordinates":[130.1775,-16.6091]},"properties":{"d":"2026-09-30","t":"0516","frp":20.2,"b":346.6,"c":1,"s":"SNPP","n":0}},{"type":"Feature","geometry":{"type":"Point","coordinates":[130.1814,-16.6084]},"properties":{"d":"2026-09-30","t":"0516","frp":6.4,"b":339.2,"c":1,"s":"SNPP","n":0}},{"type":"Feature","geometry":{"type":"Point","coordinates":[130.2311,-16.5681]},"properties":{"d":"2026-09-30","t":"0516","frp":4.6,"b":343.3,"c":1,"s":"SNPP","n":0}},{"type":"Feature","geometry":{"type":"Point","coordinates":[130.2305,-16.5646]},"properties":{"d":"2026-09-30","t":"0516","frp":4.2,"b":339.4,"c":0,"s":"SNPP","n":0}},{"type":"Feature","geometry":{"type":"Point","coordinates":[130.2339,-16.5605]},"properties":{"d":"2026-09-30","t":"0516","frp":4.2,"b":345.1,"c":1,"s":"SNPP","n":0}},{"type":"Feature","geometry":{"type":"Point","coordinates":[130.2379,-16.5599]},"properties":{"d":"2026-09-30","t":"0516","frp":23.0,"b":352.5,"c":1,"s":"SNPP","n":0}},{"type":"Feature","geometry":{"type":"Point","coordinates":[130.2418,-16.5592]},"properties":{"d":"2026-09-30","t":"0516","frp":23.0,"b":341.3,"c":1,"s":"SNPP","n":0}},{"type":"Feature","geometry":{"type":"Point","coordinates":[130.2373,-16.5564]},"properties":{"d":"2026-09-30","t":"0516","frp":5.2,"b":340.2,"c":0,"s":"SNPP","n":0}},{"type":"Feature","geometry":{"type":"Point","coordinates":[130.2413,-16.5557]},"properties":{"d":"2026-09-30","t":"0516","frp":5.2,"b":350.7,"c":1,"s":"SNPP","n":0}},{"type":"Feature","geometry":{"type":"Point","coordinates":[130.2407,-16.5522]},"properties":{"d":"2026-09-30","t":"0516","frp":5.2,"b":341.7,"c":0,"s":"SNPP","n":0}},{"type":"Feature","geometry":{"type":"Point","coordinates":[130.2201,-16.5521]},"properties":{"d":"2026-09-30","t":"0516","frp":7.1,"b":338.2,"c":0,"s":"SNPP","n":0}},{"type":"Feature","geometry":{"type":"Point","coordinates":[130.24,-16.5488]},"properties":{"d":"2026-09-30","t":"0516","frp":6.9,"b":344.9,"c":1,"s":"SNPP","n":0}},{"type":"Feature","geometry":{"type":"Point","coordinates":[130.2275,-16.5473]},"properties":{"d":"2026-09-30","t":"0516","frp":7.4,"b":342.1,"c":1,"s":"SNPP","n":0}},{"type":"Feature","geometry":{"type":"Point","coordinates":[130.2315,-16.5466]},"properties":{"d":"2026-09-30","t":"0516","frp":7.4,"b":346.9,"c":1,"s":"SNPP","n":0}},{"type":"Feature","geometry":{"type":"Point","coordinates":[130.2388,-16.5418]},"properties":{"d":"2026-09-30","t":"0516","frp":4.5,"b":338.4,"c":0,"s":"SNPP","n":0}},{"type":"Feature","geometry":{"type":"Point","coordinates":[130.3124,-16.4932]},"properties":{"d":"2026-09-30","t":"0516","frp":6.7,"b":336.4,"c":1,"s":"SNPP","n":0}},{"type":"Feature","geometry":{"type":"Point","coordinates":[130.3117,-16.4897]},"properties":{"d":"2026-09-30","t":"0516","frp":6.7,"b":354.0,"c":1,"s":"SNPP","n":0}},{"type":"Feature","geometry":{"type":"Point","coordinates":[130.3191,-16.4849]},"properties":{"d":"2026-09-30","t":"0516","frp":3.6,"b":338.8,"c":0,"s":"SNPP","n":0}},{"type":"Feature","geometry":{"type":"Point","coordinates":[130.3185,-16.4814]},"properties":{"d":"2026-09-30","t":"0516","frp":3.6,"b":338.2,"c":0,"s":"SNPP","n":0}},{"type":"Feature","geometry":{"type":"Point","coordinates":[130.3218,-16.4773]},"properties":{"d":"2026-09-30","t":"0516","frp":9.2,"b":338.1,"c":0,"s":"SNPP","n":0}},{"type":"Feature","geometry":{"type":"Point","coordinates":[130.3092,-16.4758]},"properties":{"d":"2026-09-30","t":"0516","frp":5.0,"b":346.5,"c":1,"s":"SNPP","n":0}},{"type":"Feature","geometry":{"type":"Point","coordinates":[130.3132,-16.4751]},"properties":{"d":"2026-09-30","t":"0516","frp":10.6,"b":349.2,"c":1,"s":"SNPP","n":0}},{"type":"Feature","geometry":{"type":"Point","coordinates":[130.3767,-16.4358]},"properties":{"d":"2026-09-30","t":"0516","frp":5.0,"b":339.0,"c":1,"s":"SNPP","n":0}},{"type":"Feature","geometry":{"type":"Point","coordinates":[130.3761,-16.4323]},"properties":{"d":"2026-09-30","t":"0516","frp":4.1,"b":336.0,"c":1,"s":"SNPP","n":0}},{"type":"Feature","geometry":{"type":"Point","coordinates":[130.3788,-16.4247]},"properties":{"d":"2026-09-30","t":"0516","frp":18.3,"b":345.6,"c":1,"s":"SNPP","n":0}},{"type":"Feature","geometry":{"type":"Point","coordinates":[130.3828,-16.424]},"properties":{"d":"2026-09-30","t":"0516","frp":18.3,"b":340.4,"c":1,"s":"SNPP","n":0}},{"type":"Feature","geometry":{"type":"Point","coordinates":[130.3822,-16.4205]},"properties":{"d":"2026-09-30","t":"0516","frp":18.3,"b":346.9,"c":1,"s":"SNPP","n":0}},{"type":"Feature","geometry":{"type":"Point","coordinates":[130.3816,-16.417]},"properties":{"d":"2026-09-30","t":"0516","frp":8.1,"b":340.5,"c":1,"s":"SNPP","n":0}},{"type":"Feature","geometry":{"type":"Point","coordinates":[130.3809,-16.4135]},"properties":{"d":"2026-09-30","t":"0516","frp":8.1,"b":345.2,"c":1,"s":"SNPP","n":0}},{"type":"Feature","geometry":{"type":"Point","coordinates":[130.3803,-16.41]},"properties":{"d":"2026-09-30","t":"0516","frp":3.6,"b":337.7,"c":1,"s":"SNPP","n":0}},{"type":"Feature","geometry":{"type":"Point","coordinates":[134.2881,-15.9209]},"properties":{"d":"2026-09-30","t":"0516","frp":18.1,"b":356.1,"c":1,"s":"SNPP","n":0}},{"type":"Feature","geometry":{"type":"Point","coordinates":[134.2925,-15.9201]},"properties":{"d":"2026-09-30","t":"0516","frp":29.4,"b":355.3,"c":1,"s":"SNPP","n":0}},{"type":"Feature","geometry":{"type":"Point","coordinates":[134.2917,-15.9197]},"properties":{"d":"2026-09-30","t":"0516","frp":28.8,"b":367.0,"c":2,"s":"SNPP","n":0}},{"type":"Feature","geometry":{"type":"Point","coordinates":[134.2828,-15.9173]},"properties":{"d":"2026-09-30","t":"0516","frp":18.1,"b":341.3,"c":1,"s":"SNPP","n":0}},{"type":"Feature","geometry":{"type":"Point","coordinates":[134.2872,-15.9165]},"properties":{"d":"2026-09-30","t":"0516","frp":18.1,"b":337.5,"c":1,"s":"SNPP","n":0}},{"type":"Feature","geometry":{"type":"Point","coordinates":[134.2864,-15.9162]},"properties":{"d":"2026-09-30","t":"0516","frp":44.9,"b":343.3,"c":1,"s":"SNPP","n":0}},{"type":"Feature","geometry":{"type":"Point","coordinates":[134.2916,-15.9157]},"properties":{"d":"2026-09-30","t":"0516","frp":29.4,"b":353.2,"c":1,"s":"SNPP","n":0}},{"type":"Feature","geometry":{"type":"Point","coordinates":[134.2908,-15.9153]},"properties":{"d":"2026-09-30","t":"0516","frp":28.8,"b":348.9,"c":1,"s":"SNPP","n":0}},{"type":"Feature","geometry":{"type":"Point","coordinates":[134.2952,-15.9145]},"properties":{"d":"2026-09-30","t":"0516","frp":28.8,"b":357.1,"c":0,"s":"SNPP","n":0}},{"type":"Feature","geometry":{"type":"Point","coordinates":[134.2727,-15.8874]},"properties":{"d":"2026-09-30","t":"0516","frp":6.9,"b":338.2,"c":1,"s":"SNPP","n":0}},{"type":"Feature","geometry":{"type":"Point","coordinates":[133.8987,-15.8746]},"properties":{"d":"2026-09-30","t":"0516","frp":8.4,"b":347.5,"c":1,"s":"SNPP","n":0}},{"type":"Feature","geometry":{"type":"Point","coordinates":[133.9095,-15.8638]},"properties":{"d":"2026-09-30","t":"0516","frp":4.1,"b":332.3,"c":1,"s":"SNPP","n":0}},{"type":"Feature","geometry":{"type":"Point","coordinates":[133.9128,-15.8588]},"properties":{"d":"2026-09-30","t":"0516","frp":4.1,"b":334.3,"c":1,"s":"SNPP","n":0}},{"type":"Feature","geometry":{"type":"Point","coordinates":[134.3685,-15.8377]},"properties":{"d":"2026-09-30","t":"0516","frp":3.8,"b":330.2,"c":1,"s":"SNPP","n":0}},{"type":"Feature","geometry":{"type":"Point","coordinates":[133.9211,-15.8351]},"properties":{"d":"2026-09-30","t":"0516","frp":3.8,"b":338.4,"c":1,"s":"SNPP","n":0}},{"type":"Feature","geometry":{"type":"Point","coordinates":[133.9252,-15.8343]},"properties":{"d":"2026-09-30","t":"0516","frp":3.8,"b":337.4,"c":1,"s":"SNPP","n":0}},{"type":"Feature","geometry":{"type":"Point","coordinates":[134.3676,-15.8332]},"properties":{"d":"2026-09-30","t":"0516","frp":5.8,"b":341.3,"c":1,"s":"SNPP","n":0}},{"type":"Feature","geometry":{"type":"Point","coordinates":[133.9244,-15.83]},"properties":{"d":"2026-09-30","t":"0516","frp":3.8,"b":338.3,"c":1,"s":"SNPP","n":0}},{"type":"Feature","geometry":{"type":"Point","coordinates":[133.9277,-15.825]},"properties":{"d":"2026-09-30","t":"0516","frp":5.0,"b":345.4,"c":1,"s":"SNPP","n":0}},{"type":"Feature","geometry":{"type":"Point","coordinates":[133.9268,-15.8207]},"properties":{"d":"2026-09-30","t":"0516","frp":5.0,"b":339.8,"c":1,"s":"SNPP","n":0}},{"type":"Feature","geometry":{"type":"Point","coordinates":[134.3882,-15.8202]},"properties":{"d":"2026-09-30","t":"0516","frp":4.3,"b":336.6,"c":1,"s":"SNPP","n":0}},{"type":"Feature","geometry":{"type":"Point","coordinates":[133.9295,-15.8113]},"properties":{"d":"2026-09-30","t":"0516","frp":5.3,"b":335.4,"c":1,"s":"SNPP","n":0}},{"type":"Feature","geometry":{"type":"Point","coordinates":[133.9331,-15.8062]},"properties":{"d":"2026-09-30","t":"0516","frp":3.1,"b":333.2,"c":0,"s":"SNPP","n":0}},{"type":"Feature","geometry":{"type":"Point","coordinates":[133.9366,-15.8011]},"properties":{"d":"2026-09-30","t":"0516","frp":3.1,"b":338.5,"c":1,"s":"SNPP","n":0}},{"type":"Feature","geometry":{"type":"Point","coordinates":[133.9342,-15.7882]},"properties":{"d":"2026-09-30","t":"0516","frp":4.0,"b":330.9,"c":1,"s":"SNPP","n":0}},{"type":"Feature","geometry":{"type":"Point","coordinates":[133.9797,-15.7202]},"properties":{"d":"2026-09-30","t":"0516","frp":3.9,"b":338.6,"c":1,"s":"SNPP","n":0}},{"type":"Feature","geometry":{"type":"Point","coordinates":[133.983,-15.7151]},"properties":{"d":"2026-09-30","t":"0516","frp":4.5,"b":337.8,"c":1,"s":"SNPP","n":0}},{"type":"Feature","geometry":{"type":"Point","coordinates":[133.9872,-15.7143]},"properties":{"d":"2026-09-30","t":"0516","frp":8.5,"b":346.6,"c":1,"s":"SNPP","n":0}},{"type":"Feature","geometry":{"type":"Point","coordinates":[133.9821,-15.7108]},"properties":{"d":"2026-09-30","t":"0516","frp":4.5,"b":334.8,"c":1,"s":"SNPP","n":0}},{"type":"Feature","geometry":{"type":"Point","coordinates":[133.9898,-15.7049]},"properties":{"d":"2026-09-30","t":"0516","frp":7.2,"b":346.8,"c":1,"s":"SNPP","n":0}},{"type":"Feature","geometry":{"type":"Point","coordinates":[132.2519,-15.657]},"properties":{"d":"2026-09-30","t":"0516","frp":12.1,"b":346.1,"c":0,"s":"SNPP","n":0}},{"type":"Feature","geometry":{"type":"Point","coordinates":[132.2512,-15.6531]},"properties":{"d":"2026-09-30","t":"0516","frp":12.7,"b":355.9,"c":1,"s":"SNPP","n":0}},{"type":"Feature","geometry":{"type":"Point","coordinates":[124.4336,-15.5778]},"properties":{"d":"2026-09-30","t":"0516","frp":8.6,"b":346.6,"c":1,"s":"SNPP","n":0}},{"type":"Feature","geometry":{"type":"Point","coordinates":[134.6462,-15.4605]},"properties":{"d":"2026-09-30","t":"0516","frp":13.2,"b":345.3,"c":1,"s":"SNPP","n":0}},{"type":"Feature","geometry":{"type":"Point","coordinates":[134.6452,-15.4559]},"properties":{"d":"2026-09-30","t":"0516","frp":7.9,"b":341.8,"c":1,"s":"SNPP","n":0}},{"type":"Feature","geometry":{"type":"Point","coordinates":[134.6443,-15.4514]},"properties":{"d":"2026-09-30","t":"0516","frp":7.9,"b":348.0,"c":1,"s":"SNPP","n":0}},{"type":"Feature","geometry":{"type":"Point","coordinates":[134.6482,-15.446]},"properties":{"d":"2026-09-30","t":"0516","frp":3.9,"b":335.3,"c":1,"s":"SNPP","n":0}},{"type":"Feature","geometry":{"type":"Point","coordinates":[134.6257,-15.4315]},"properties":{"d":"2026-09-30","t":"0516","frp":12.9,"b":346.3,"c":1,"s":"SNPP","n":0}},{"type":"Feature","geometry":{"type":"Point","coordinates":[134.6224,-15.4314]},"properties":{"d":"2026-09-30","t":"0516","frp":9.7,"b":336.6,"c":1,"s":"SNPP","n":0}},{"type":"Feature","geometry":{"type":"Point","coordinates":[134.6269,-15.4305]},"properties":{"d":"2026-09-30","t":"0516","frp":11.9,"b":344.3,"c":1,"s":"SNPP","n":0}},{"type":"Feature","geometry":{"type":"Point","coordinates":[134.6203,-15.4279]},"properties":{"d":"2026-09-30","t":"0516","frp":6.7,"b":338.9,"c":1,"s":"SNPP","n":0}},{"type":"Feature","geometry":{"type":"Point","coordinates":[134.6215,-15.4268]},"properties":{"d":"2026-09-30","t":"0516","frp":7.0,"b":353.3,"c":1,"s":"SNPP","n":0}},{"type":"Feature","geometry":{"type":"Point","coordinates":[134.6195,-15.4233]},"properties":{"d":"2026-09-30","t":"0516","frp":2.3,"b":338.9,"c":1,"s":"SNPP","n":0}},{"type":"Feature","geometry":{"type":"Point","coordinates":[134.624,-15.4225]},"properties":{"d":"2026-09-30","t":"0516","frp":14.9,"b":367.0,"c":2,"s":"SNPP","n":0}},{"type":"Feature","geometry":{"type":"Point","coordinates":[134.6207,-15.4223]},"properties":{"d":"2026-09-30","t":"0516","frp":7.0,"b":345.5,"c":1,"s":"SNPP","n":0}},{"type":"Feature","geometry":{"type":"Point","coordinates":[134.6285,-15.4216]},"properties":{"d":"2026-09-30","t":"0516","frp":14.9,"b":330.3,"c":1,"s":"SNPP","n":0}},{"type":"Feature","geometry":{"type":"Point","coordinates":[134.6252,-15.4215]},"properties":{"d":"2026-09-30","t":"0516","frp":26.2,"b":356.1,"c":1,"s":"SNPP","n":0}},{"type":"Feature","geometry":{"type":"Point","coordinates":[134.6277,-15.4171]},"properties":{"d":"2026-09-30","t":"0516","frp":14.9,"b":350.2,"c":1,"s":"SNPP","n":0}},{"type":"Feature","geometry":{"type":"Point","coordinates":[134.6323,-15.4162]},"properties":{"d":"2026-09-30","t":"0516","frp":3.8,"b":337.1,"c":1,"s":"SNPP","n":0}},{"type":"Feature","geometry":{"type":"Point","coordinates":[134.6289,-15.4161]},"properties":{"d":"2026-09-30","t":"0516","frp":17.8,"b":352.2,"c":1,"s":"SNPP","n":0}},{"type":"Feature","geometry":{"type":"Point","coordinates":[134.6484,-15.389]},"properties":{"d":"2026-09-30","t":"0516","frp":4.8,"b":340.5,"c":1,"s":"SNPP","n":0}},{"type":"Feature","geometry":{"type":"Point","coordinates":[133.7731,-15.3602]},"properties":{"d":"2026-09-30","t":"0516","frp":5.2,"b":336.0,"c":1,"s":"SNPP","n":0}},{"type":"Feature","geometry":{"type":"Point","coordinates":[133.7251,-15.3555]},"properties":{"d":"2026-09-30","t":"0516","frp":8.8,"b":355.1,"c":1,"s":"SNPP","n":0}},{"type":"Feature","geometry":{"type":"Point","coordinates":[133.7292,-15.3548]},"properties":{"d":"2026-09-30","t":"0516","frp":7.2,"b":342.5,"c":1,"s":"SNPP","n":0}},{"type":"Feature","geometry":{"type":"Point","coordinates":[133.7334,-15.354]},"properties":{"d":"2026-09-30","t":"0516","frp":7.2,"b":354.6,"c":1,"s":"SNPP","n":0}},{"type":"Feature","geometry":{"type":"Point","coordinates":[133.7326,-15.3498]},"properties":{"d":"2026-09-30","t":"0516","frp":7.2,"b":355.7,"c":1,"s":"SNPP","n":0}},{"type":"Feature","geometry":{"type":"Point","coordinates":[133.7367,-15.349]},"properties":{"d":"2026-09-30","t":"0516","frp":9.1,"b":334.1,"c":1,"s":"SNPP","n":0}},{"type":"Feature","geometry":{"type":"Point","coordinates":[133.7451,-15.3254]},"properties":{"d":"2026-09-30","t":"0516","frp":11.2,"b":354.6,"c":1,"s":"SNPP","n":0}},{"type":"Feature","geometry":{"type":"Point","coordinates":[133.7492,-15.3246]},"properties":{"d":"2026-09-30","t":"0516","frp":3.7,"b":339.4,"c":1,"s":"SNPP","n":0}},{"type":"Feature","geometry":{"type":"Point","coordinates":[133.8396,-15.3215]},"properties":{"d":"2026-09-30","t":"0516","frp":8.2,"b":344.4,"c":1,"s":"SNPP","n":0}},{"type":"Feature","geometry":{"type":"Point","coordinates":[134.6642,-15.3202]},"properties":{"d":"2026-09-30","t":"0516","frp":3.4,"b":333.1,"c":1,"s":"SNPP","n":0}},{"type":"Feature","geometry":{"type":"Point","coordinates":[133.8387,-15.3172]},"properties":{"d":"2026-09-30","t":"0516","frp":7.8,"b":351.2,"c":1,"s":"SNPP","n":0}},{"type":"Feature","geometry":{"type":"Point","coordinates":[133.8336,-15.3137]},"properties":{"d":"2026-09-30","t":"0516","frp":7.8,"b":354.3,"c":1,"s":"SNPP","n":0}},{"type":"Feature","geometry":{"type":"Point","coordinates":[133.8286,-15.3101]},"properties":{"d":"2026-09-30","t":"0516","frp":6.3,"b":338.7,"c":1,"s":"SNPP","n":0}},{"type":"Feature","geometry":{"type":"Point","coordinates":[133.7891,-15.3085]},"properties":{"d":"2026-09-30","t":"0516","frp":4.6,"b":344.5,"c":1,"s":"SNPP","n":0}},{"type":"Feature","geometry":{"type":"Point","coordinates":[133.8193,-15.3074]},"properties":{"d":"2026-09-30","t":"0516","frp":5.8,"b":341.9,"c":1,"s":"SNPP","n":0}},{"type":"Feature","geometry":{"type":"Point","coordinates":[133.8235,-15.3066]},"properties":{"d":"2026-09-30","t":"0516","frp":6.3,"b":348.9,"c":1,"s":"SNPP","n":0}},{"type":"Feature","geometry":{"type":"Point","coordinates":[133.8143,-15.3038]},"properties":{"d":"2026-09-30","t":"0516","frp":6.7,"b":346.4,"c":1,"s":"SNPP","n":0}},{"type":"Feature","geometry":{"type":"Point","coordinates":[133.8185,-15.3031]},"properties":{"d":"2026-09-30","t":"0516","frp":6.7,"b":340.1,"c":1,"s":"SNPP","n":0}},{"type":"Feature","geometry":{"type":"Point","coordinates":[133.7708,-15.3029]},"properties":{"d":"2026-09-30","t":"0516","frp":3.6,"b":344.5,"c":1,"s":"SNPP","n":0}},{"type":"Feature","geometry":{"type":"Point","coordinates":[133.775,-15.3022]},"properties":{"d":"2026-09-30","t":"0516","frp":3.6,"b":335.1,"c":1,"s":"SNPP","n":0}},{"type":"Feature","geometry":{"type":"Point","coordinates":[134.6656,-15.3011]},"properties":{"d":"2026-09-30","t":"0516","frp":66.4,"b":349.1,"c":1,"s":"SNPP","n":0}},{"type":"Feature","geometry":{"type":"Point","coordinates":[133.7576,-15.3009]},"properties":{"d":"2026-09-30","t":"0516","frp":25.1,"b":356.5,"c":1,"s":"SNPP","n":0}},{"type":"Feature","geometry":{"type":"Point","coordinates":[133.7617,-15.3002]},"properties":{"d":"2026-09-30","t":"0516","frp":6.9,"b":347.9,"c":1,"s":"SNPP","n":0}},{"type":"Feature","geometry":{"type":"Point","coordinates":[133.7659,-15.2994]},"properties":{"d":"2026-09-30","t":"0516","frp":6.9,"b":334.3,"c":1,"s":"SNPP","n":0}},{"type":"Feature","geometry":{"type":"Point","coordinates":[135.6039,-15.101]},"properties":{"d":"2026-09-30","t":"0516","frp":7.5,"b":346.3,"c":1,"s":"SNPP","n":0}},{"type":"Feature","geometry":{"type":"Point","coordinates":[135.6029,-15.0962]},"properties":{"d":"2026-09-30","t":"0516","frp":20.4,"b":342.9,"c":1,"s":"SNPP","n":0}},{"type":"Feature","geometry":{"type":"Point","coordinates":[133.1932,-14.5671]},"properties":{"d":"2026-09-30","t":"0516","frp":7.1,"b":342.8,"c":1,"s":"SNPP","n":0}},{"type":"Feature","geometry":{"type":"Point","coordinates":[133.1971,-14.5664]},"properties":{"d":"2026-09-30","t":"0516","frp":9.1,"b":350.9,"c":1,"s":"SNPP","n":0}},{"type":"Feature","geometry":{"type":"Point","coordinates":[133.2011,-14.5657]},"properties":{"d":"2026-09-30","t":"0516","frp":9.1,"b":347.8,"c":1,"s":"SNPP","n":0}},{"type":"Feature","geometry":{"type":"Point","coordinates":[133.2042,-14.5608]},"properties":{"d":"2026-09-30","t":"0516","frp":5.7,"b":335.7,"c":0,"s":"SNPP","n":0}},{"type":"Feature","geometry":{"type":"Point","coordinates":[132.7809,-14.4364]},"properties":{"d":"2026-09-30","t":"0516","frp":7.5,"b":348.0,"c":1,"s":"SNPP","n":0}},{"type":"Feature","geometry":{"type":"Point","coordinates":[132.7846,-14.4357]},"properties":{"d":"2026-09-30","t":"0516","frp":5.5,"b":346.2,"c":1,"s":"SNPP","n":0}},{"type":"Feature","geometry":{"type":"Point","coordinates":[132.7876,-14.431]},"properties":{"d":"2026-09-30","t":"0516","frp":7.2,"b":342.4,"c":1,"s":"SNPP","n":0}},{"type":"Feature","geometry":{"type":"Point","coordinates":[132.7913,-14.4303]},"properties":{"d":"2026-09-30","t":"0516","frp":6.6,"b":352.8,"c":1,"s":"SNPP","n":0}},{"type":"Feature","geometry":{"type":"Point","coordinates":[133.1921,-14.4289]},"properties":{"d":"2026-09-30","t":"0516","frp":8.3,"b":355.2,"c":1,"s":"SNPP","n":0}},{"type":"Feature","geometry":{"type":"Point","coordinates":[133.196,-14.4282]},"properties":{"d":"2026-09-30","t":"0516","frp":12.4,"b":354.7,"c":1,"s":"SNPP","n":0}},{"type":"Feature","geometry":{"type":"Point","coordinates":[133.1999,-14.4275]},"properties":{"d":"2026-09-30","t":"0516","frp":12.4,"b":367.0,"c":2,"s":"SNPP","n":0}},{"type":"Feature","geometry":{"type":"Point","coordinates":[133.2038,-14.4268]},"properties":{"d":"2026-09-30","t":"0516","frp":8.8,"b":344.8,"c":1,"s":"SNPP","n":0}},{"type":"Feature","geometry":{"type":"Point","coordinates":[132.7905,-14.4262]},"properties":{"d":"2026-09-30","t":"0516","frp":6.6,"b":335.6,"c":0,"s":"SNPP","n":0}},{"type":"Feature","geometry":{"type":"Point","coordinates":[133.1946,-14.4198]},"properties":{"d":"2026-09-30","t":"0516","frp":10.3,"b":333.5,"c":1,"s":"SNPP","n":0}},{"type":"Feature","geometry":{"type":"Point","coordinates":[133.1978,-14.4149]},"properties":{"d":"2026-09-30","t":"0516","frp":5.0,"b":343.4,"c":1,"s":"SNPP","n":0}},{"type":"Feature","geometry":{"type":"Point","coordinates":[132.8704,-14.3739]},"properties":{"d":"2026-09-30","t":"0516","frp":9.0,"b":351.9,"c":1,"s":"SNPP","n":0}},{"type":"Feature","geometry":{"type":"Point","coordinates":[132.8741,-14.3732]},"properties":{"d":"2026-09-30","t":"0516","frp":12.5,"b":367.0,"c":2,"s":"SNPP","n":0}},{"type":"Feature","geometry":{"type":"Point","coordinates":[133.3348,-14.3294]},"properties":{"d":"2026-09-30","t":"0516","frp":7.6,"b":341.4,"c":1,"s":"SNPP","n":0}},{"type":"Feature","geometry":{"type":"Point","coordinates":[133.3389,-14.3287]},"properties":{"d":"2026-09-30","t":"0516","frp":7.6,"b":338.8,"c":1,"s":"SNPP","n":0}},{"type":"Feature","geometry":{"type":"Point","coordinates":[136.5354,-13.987]},"properties":{"d":"2026-09-30","t":"0516","frp":8.0,"b":340.4,"c":1,"s":"SNPP","n":0}},{"type":"Feature","geometry":{"type":"Point","coordinates":[136.5336,-13.9863]},"properties":{"d":"2026-09-30","t":"0516","frp":6.5,"b":344.9,"c":1,"s":"SNPP","n":0}},{"type":"Feature","geometry":{"type":"Point","coordinates":[135.9946,-12.9301]},"properties":{"d":"2026-09-30","t":"0516","frp":3.6,"b":334.7,"c":1,"s":"SNPP","n":0}},{"type":"Feature","geometry":{"type":"Point","coordinates":[136.0073,-12.9276]},"properties":{"d":"2026-09-30","t":"0516","frp":5.4,"b":347.1,"c":1,"s":"SNPP","n":0}},{"type":"Feature","geometry":{"type":"Point","coordinates":[136.0104,-12.927]},"properties":{"d":"2026-09-30","t":"0516","frp":8.6,"b":367.0,"c":2,"s":"SNPP","n":0}},{"type":"Feature","geometry":{"type":"Point","coordinates":[136.344,-12.8954]},"properties":{"d":"2026-09-30","t":"0516","frp":4.3,"b":339.8,"c":1,"s":"SNPP","n":0}},{"type":"Feature","geometry":{"type":"Point","coordinates":[136.4044,-12.8838]},"properties":{"d":"2026-09-30","t":"0516","frp":40.2,"b":352.9,"c":1,"s":"SNPP","n":0}},{"type":"Feature","geometry":{"type":"Point","coordinates":[136.4078,-12.8831]},"properties":{"d":"2026-09-30","t":"0516","frp":40.2,"b":348.4,"c":1,"s":"SNPP","n":0}},{"type":"Feature","geometry":{"type":"Point","coordinates":[136.4111,-12.8825]},"properties":{"d":"2026-09-30","t":"0516","frp":25.4,"b":367.0,"c":2,"s":"SNPP","n":0}},{"type":"Feature","geometry":{"type":"Point","coordinates":[136.4145,-12.8818]},"properties":{"d":"2026-09-30","t":"0516","frp":25.4,"b":356.5,"c":1,"s":"SNPP","n":0}},{"type":"Feature","geometry":{"type":"Point","coordinates":[136.4101,-12.8772]},"properties":{"d":"2026-09-30","t":"0516","frp":6.9,"b":352.9,"c":1,"s":"SNPP","n":0}},{"type":"Feature","geometry":{"type":"Point","coordinates":[136.4134,-12.8765]},"properties":{"d":"2026-09-30","t":"0516","frp":6.9,"b":347.9,"c":1,"s":"SNPP","n":0}},{"type":"Feature","geometry":{"type":"Point","coordinates":[136.4057,-12.8725]},"properties":{"d":"2026-09-30","t":"0516","frp":4.8,"b":339.1,"c":1,"s":"SNPP","n":0}},{"type":"Feature","geometry":{"type":"Point","coordinates":[136.6594,-12.517]},"properties":{"d":"2026-09-30","t":"0516","frp":4.4,"b":340.6,"c":1,"s":"SNPP","n":0}},{"type":"Feature","geometry":{"type":"Point","coordinates":[131.3204,-13.0445]},"properties":{"d":"2026-09-30","t":"0518","frp":12.1,"b":338.3,"c":0,"s":"SNPP","n":0}},{"type":"Feature","geometry":{"type":"Point","coordinates":[131.3341,-13.0382]},"properties":{"d":"2026-09-30","t":"0518","frp":11.2,"b":345.4,"c":1,"s":"SNPP","n":0}},{"type":"Feature","geometry":{"type":"Point","coordinates":[131.3287,-13.0076]},"properties":{"d":"2026-09-30","t":"0518","frp":16.1,"b":349.1,"c":1,"s":"SNPP","n":0}},{"type":"Feature","geometry":{"type":"Point","coordinates":[132.2397,-12.7114]},"properties":{"d":"2026-09-30","t":"0518","frp":5.7,"b":342.7,"c":1,"s":"SNPP","n":0}},{"type":"Feature","geometry":{"type":"Point","coordinates":[132.2316,-12.7086]},"properties":{"d":"2026-09-30","t":"0518","frp":5.5,"b":337.9,"c":1,"s":"SNPP","n":0}},{"type":"Feature","geometry":{"type":"Point","coordinates":[132.2389,-12.7074]},"properties":{"d":"2026-09-30","t":"0518","frp":5.7,"b":344.9,"c":1,"s":"SNPP","n":0}},{"type":"Feature","geometry":{"type":"Point","coordinates":[132.1974,-12.6853]},"properties":{"d":"2026-09-30","t":"0518","frp":6.0,"b":345.0,"c":1,"s":"SNPP","n":0}},{"type":"Feature","geometry":{"type":"Point","coordinates":[132.1879,-12.6744]},"properties":{"d":"2026-09-30","t":"0518","frp":5.1,"b":343.8,"c":1,"s":"SNPP","n":0}},{"type":"Feature","geometry":{"type":"Point","coordinates":[132.1836,-12.671]},"properties":{"d":"2026-09-30","t":"0518","frp":4.9,"b":353.6,"c":1,"s":"SNPP","n":0}},{"type":"Feature","geometry":{"type":"Point","coordinates":[132.1872,-12.6703]},"properties":{"d":"2026-09-30","t":"0518","frp":4.9,"b":341.0,"c":1,"s":"SNPP","n":0}},{"type":"Feature","geometry":{"type":"Point","coordinates":[132.1723,-12.5268]},"properties":{"d":"2026-09-30","t":"0518","frp":8.4,"b":343.0,"c":1,"s":"SNPP","n":0}},{"type":"Feature","geometry":{"type":"Point","coordinates":[132.1679,-12.5234]},"properties":{"d":"2026-09-30","t":"0518","frp":6.4,"b":349.4,"c":1,"s":"SNPP","n":0}},{"type":"Feature","geometry":{"type":"Point","coordinates":[132.1672,-12.5193]},"properties":{"d":"2026-09-30","t":"0518","frp":6.4,"b":342.2,"c":1,"s":"SNPP","n":0}},{"type":"Feature","geometry":{"type":"Point","coordinates":[132.1658,-12.516]},"properties":{"d":"2026-09-30","t":"0518","frp":5.1,"b":341.5,"c":1,"s":"SNPP","n":0}},{"type":"Feature","geometry":{"type":"Point","coordinates":[132.5217,-12.4166]},"properties":{"d":"2026-09-30","t":"0518","frp":4.0,"b":343.6,"c":1,"s":"SNPP","n":0}},{"type":"Feature","geometry":{"type":"Point","coordinates":[134.5966,-12.3205]},"properties":{"d":"2026-09-30","t":"0518","frp":5.5,"b":337.4,"c":1,"s":"SNPP","n":0}},{"type":"Feature","geometry":{"type":"Point","coordinates":[134.6019,-12.3195]},"properties":{"d":"2026-09-30","t":"0518","frp":16.7,"b":347.6,"c":1,"s":"SNPP","n":0}},{"type":"Feature","geometry":{"type":"Point","coordinates":[132.2079,-12.3122]},"properties":{"d":"2026-09-30","t":"0518","frp":2.5,"b":344.5,"c":1,"s":"SNPP","n":0}},{"type":"Feature","geometry":{"type":"Point","coordinates":[134.5121,-12.3019]},"properties":{"d":"2026-09-30","t":"0518","frp":4.3,"b":330.0,"c":1,"s":"SNPP","n":0}},{"type":"Feature","geometry":{"type":"Point","coordinates":[134.5298,-12.294]},"properties":{"d":"2026-09-30","t":"0518","frp":3.1,"b":332.5,"c":1,"s":"SNPP","n":0}},{"type":"Feature","geometry":{"type":"Point","coordinates":[134.5318,-12.2932]},"properties":{"d":"2026-09-30","t":"0518","frp":6.2,"b":331.0,"c":1,"s":"SNPP","n":0}},{"type":"Feature","geometry":{"type":"Point","coordinates":[135.8235,-12.218]},"properties":{"d":"2026-09-30","t":"0518","frp":3.8,"b":342.0,"c":1,"s":"SNPP","n":0}},{"type":"Feature","geometry":{"type":"Point","coordinates":[135.8267,-12.2174]},"properties":{"d":"2026-09-30","t":"0518","frp":2.7,"b":336.9,"c":1,"s":"SNPP","n":0}},{"type":"Feature","geometry":{"type":"Point","coordinates":[135.8299,-12.2168]},"properties":{"d":"2026-09-30","t":"0518","frp":2.7,"b":332.0,"c":1,"s":"SNPP","n":0}},{"type":"Feature","geometry":{"type":"Point","coordinates":[135.8258,-12.2122]},"properties":{"d":"2026-09-30","t":"0518","frp":5.0,"b":367.0,"c":2,"s":"SNPP","n":0}},{"type":"Feature","geometry":{"type":"Point","coordinates":[135.8289,-12.2116]},"properties":{"d":"2026-09-30","t":"0518","frp":5.0,"b":339.2,"c":1,"s":"SNPP","n":0}},{"type":"Feature","geometry":{"type":"Point","coordinates":[135.8248,-12.207]},"properties":{"d":"2026-09-30","t":"0518","frp":5.0,"b":349.6,"c":1,"s":"SNPP","n":0}},{"type":"Feature","geometry":{"type":"Point","coordinates":[135.828,-12.2064]},"properties":{"d":"2026-09-30","t":"0518","frp":5.0,"b":337.6,"c":1,"s":"SNPP","n":0}},{"type":"Feature","geometry":{"type":"Point","coordinates":[134.3295,-12.2026]},"properties":{"d":"2026-09-30","t":"0518","frp":6.8,"b":352.3,"c":1,"s":"SNPP","n":0}},{"type":"Feature","geometry":{"type":"Point","coordinates":[135.827,-12.2012]},"properties":{"d":"2026-09-30","t":"0518","frp":6.4,"b":340.9,"c":1,"s":"SNPP","n":0}},{"type":"Feature","geometry":{"type":"Point","coordinates":[135.8302,-12.2006]},"properties":{"d":"2026-09-30","t":"0518","frp":8.2,"b":367.0,"c":2,"s":"SNPP","n":0}},{"type":"Feature","geometry":{"type":"Point","coordinates":[135.8334,-12.2]},"properties":{"d":"2026-09-30","t":"0518","frp":8.2,"b":345.9,"c":1,"s":"SNPP","n":0}},{"type":"Feature","geometry":{"type":"Point","coordinates":[134.332,-12.1875]},"properties":{"d":"2026-09-30","t":"0518","frp":6.2,"b":341.6,"c":1,"s":"SNPP","n":0}},{"type":"Feature","geometry":{"type":"Point","coordinates":[134.3159,-12.1856]},"properties":{"d":"2026-09-30","t":"0518","frp":5.6,"b":343.3,"c":1,"s":"SNPP","n":0}},{"type":"Feature","geometry":{"type":"Point","coordinates":[134.2514,-12.1089]},"properties":{"d":"2026-09-30","t":"0518","frp":31.6,"b":356.3,"c":1,"s":"SNPP","n":0}},{"type":"Feature","geometry":{"type":"Point","coordinates":[133.3866,-12.0844]},"properties":{"d":"2026-09-30","t":"0518","frp":3.3,"b":341.7,"c":1,"s":"SNPP","n":0}},{"type":"Feature","geometry":{"type":"Point","coordinates":[133.391,-12.0836]},"properties":{"d":"2026-09-30","t":"0518","frp":3.3,"b":331.2,"c":1,"s":"SNPP","n":0}},{"type":"Feature","geometry":{"type":"Point","coordinates":[133.3846,-12.0831]},"properties":{"d":"2026-09-30","t":"0518","frp":4.3,"b":333.7,"c":1,"s":"SNPP","n":0}},{"type":"Feature","geometry":{"type":"Point","coordinates":[133.389,-12.0823]},"properties":{"d":"2026-09-30","t":"0518","frp":4.3,"b":340.7,"c":1,"s":"SNPP","n":0}},{"type":"Feature","geometry":{"type":"Point","coordinates":[133.3902,-12.0792]},"properties":{"d":"2026-09-30","t":"0518","frp":7.8,"b":332.2,"c":1,"s":"SNPP","n":0}},{"type":"Feature","geometry":{"type":"Point","coordinates":[133.3947,-12.0784]},"properties":{"d":"2026-09-30","t":"0518","frp":6.6,"b":340.2,"c":1,"s":"SNPP","n":0}},{"type":"Feature","geometry":{"type":"Point","coordinates":[134.2665,-12.0771]},"properties":{"d":"2026-09-30","t":"0518","frp":6.6,"b":338.8,"c":1,"s":"SNPP","n":0}},{"type":"Feature","geometry":{"type":"Point","coordinates":[133.3927,-12.0771]},"properties":{"d":"2026-09-30","t":"0518","frp":9.0,"b":335.3,"c":1,"s":"SNPP","n":0}},{"type":"Feature","geometry":{"type":"Point","coordinates":[134.2715,-12.0762]},"properties":{"d":"2026-09-30","t":"0518","frp":6.6,"b":342.4,"c":1,"s":"SNPP","n":0}},{"type":"Feature","geometry":{"type":"Point","coordinates":[133.3753,-12.0727]},"properties":{"d":"2026-09-30","t":"0518","frp":3.9,"b":336.9,"c":1,"s":"SNPP","n":0}},{"type":"Feature","geometry":{"type":"Point","coordinates":[133.3797,-12.0719]},"properties":{"d":"2026-09-30","t":"0518","frp":3.9,"b":330.4,"c":0,"s":"SNPP","n":0}},{"type":"Feature","geometry":{"type":"Point","coordinates":[134.2706,-12.0715]},"properties":{"d":"2026-09-30","t":"0518","frp":11.2,"b":349.8,"c":1,"s":"SNPP","n":0}},{"type":"Feature","geometry":{"type":"Point","coordinates":[134.2757,-12.0705]},"properties":{"d":"2026-09-30","t":"0518","frp":6.3,"b":332.1,"c":1,"s":"SNPP","n":0}},{"type":"Feature","geometry":{"type":"Point","coordinates":[133.3834,-12.0667]},"properties":{"d":"2026-09-30","t":"0518","frp":5.4,"b":338.4,"c":1,"s":"SNPP","n":0}},{"type":"Feature","geometry":{"type":"Point","coordinates":[133.3878,-12.0659]},"properties":{"d":"2026-09-30","t":"0518","frp":5.4,"b":336.1,"c":1,"s":"SNPP","n":0}},{"type":"Feature","geometry":{"type":"Point","coordinates":[134.2749,-12.0658]},"properties":{"d":"2026-09-30","t":"0518","frp":6.3,"b":345.1,"c":1,"s":"SNPP","n":0}},{"type":"Feature","geometry":{"type":"Point","coordinates":[133.412,-12.0479]},"properties":{"d":"2026-09-30","t":"0518","frp":8.8,"b":332.3,"c":1,"s":"SNPP","n":0}},{"type":"Feature","geometry":{"type":"Point","coordinates":[133.4164,-12.0471]},"properties":{"d":"2026-09-30","t":"0518","frp":16.6,"b":355.3,"c":1,"s":"SNPP","n":0}},{"type":"Feature","geometry":{"type":"Point","coordinates":[133.4209,-12.0463]},"properties":{"d":"2026-09-30","t":"0518","frp":16.6,"b":335.9,"c":1,"s":"SNPP","n":0}},{"type":"Feature","geometry":{"type":"Point","coordinates":[133.4525,-12.0453]},"properties":{"d":"2026-09-30","t":"0518","frp":4.7,"b":344.9,"c":1,"s":"SNPP","n":0}},{"type":"Feature","geometry":{"type":"Point","coordinates":[133.4023,-12.045]},"properties":{"d":"2026-09-30","t":"0518","frp":7.3,"b":347.8,"c":1,"s":"SNPP","n":0}},{"type":"Feature","geometry":{"type":"Point","coordinates":[133.4068,-12.0443]},"properties":{"d":"2026-09-30","t":"0518","frp":8.8,"b":336.7,"c":1,"s":"SNPP","n":0}},{"type":"Feature","geometry":{"type":"Point","coordinates":[133.4156,-12.0427]},"properties":{"d":"2026-09-30","t":"0518","frp":16.6,"b":367.0,"c":2,"s":"SNPP","n":0}},{"type":"Feature","geometry":{"type":"Point","coordinates":[133.4201,-12.0419]},"properties":{"d":"2026-09-30","t":"0518","frp":16.6,"b":348.8,"c":1,"s":"SNPP","n":0}},{"type":"Feature","geometry":{"type":"Point","coordinates":[133.4473,-12.0416]},"properties":{"d":"2026-09-30","t":"0518","frp":5.6,"b":336.7,"c":1,"s":"SNPP","n":0}},{"type":"Feature","geometry":{"type":"Point","coordinates":[133.4518,-12.0409]},"properties":{"d":"2026-09-30","t":"0518","frp":8.7,"b":367.0,"c":2,"s":"SNPP","n":0}},{"type":"Feature","geometry":{"type":"Point","coordinates":[133.4016,-12.0406]},"properties":{"d":"2026-09-30","t":"0518","frp":14.8,"b":342.1,"c":1,"s":"SNPP","n":0}},{"type":"Feature","geometry":{"type":"Point","coordinates":[133.4562,-12.0401]},"properties":{"d":"2026-09-30","t":"0518","frp":8.7,"b":335.4,"c":1,"s":"SNPP","n":0}},{"type":"Feature","geometry":{"type":"Point","coordinates":[133.406,-12.0398]},"properties":{"d":"2026-09-30","t":"0518","frp":21.9,"b":342.0,"c":1,"s":"SNPP","n":0}},{"type":"Feature","geometry":{"type":"Point","coordinates":[133.4333,-12.0395]},"properties":{"d":"2026-09-30","t":"0518","frp":5.0,"b":337.0,"c":1,"s":"SNPP","n":0}},{"type":"Feature","geometry":{"type":"Point","coordinates":[133.4782,-12.0361]},"properties":{"d":"2026-09-30","t":"0518","frp":10.0,"b":339.1,"c":1,"s":"SNPP","n":0}},{"type":"Feature","geometry":{"type":"Point","coordinates":[133.4281,-12.0359]},"properties":{"d":"2026-09-30","t":"0518","frp":3.3,"b":330.7,"c":1,"s":"SNPP","n":0}},{"type":"Feature","geometry":{"type":"Point","coordinates":[133.4052,-12.0354]},"properties":{"d":"2026-09-30","t":"0518","frp":21.9,"b":353.4,"c":1,"s":"SNPP","n":0}},{"type":"Feature","geometry":{"type":"Point","coordinates":[133.4325,-12.0351]},"properties":{"d":"2026-09-30","t":"0518","frp":2.7,"b":334.0,"c":1,"s":"SNPP","n":0}},{"type":"Feature","geometry":{"type":"Point","coordinates":[133.4685,-12.0333]},"properties":{"d":"2026-09-30","t":"0518","frp":6.1,"b":334.7,"c":1,"s":"SNPP","n":0}},{"type":"Feature","geometry":{"type":"Point","coordinates":[133.4774,-12.0317]},"properties":{"d":"2026-09-30","t":"0518","frp":10.0,"b":367.0,"c":2,"s":"SNPP","n":0}},{"type":"Feature","geometry":{"type":"Point","coordinates":[133.4044,-12.031]},"properties":{"d":"2026-09-30","t":"0518","frp":5.0,"b":340.4,"c":1,"s":"SNPP","n":0}},{"type":"Feature","geometry":{"type":"Point","coordinates":[133.4819,-12.0309]},"properties":{"d":"2026-09-30","t":"0518","frp":10.0,"b":351.9,"c":1,"s":"SNPP","n":0}},{"type":"Feature","geometry":{"type":"Point","coordinates":[133.4864,-12.0301]},"properties":{"d":"2026-09-30","t":"0518","frp":5.5,"b":345.1,"c":1,"s":"SNPP","n":0}},{"type":"Feature","geometry":{"type":"Point","coordinates":[133.4909,-12.0293]},"properties":{"d":"2026-09-30","t":"0518","frp":5.5,"b":332.9,"c":1,"s":"SNPP","n":0}},{"type":"Feature","geometry":{"type":"Point","coordinates":[133.5617,-12.0074]},"properties":{"d":"2026-09-30","t":"0518","frp":8.2,"b":342.6,"c":1,"s":"SNPP","n":0}},{"type":"Feature","geometry":{"type":"Point","coordinates":[133.5562,-12.0038]},"properties":{"d":"2026-09-30","t":"0518","frp":7.3,"b":344.8,"c":1,"s":"SNPP","n":0}},{"type":"Feature","geometry":{"type":"Point","coordinates":[132.761,-11.9637]},"properties":{"d":"2026-09-30","t":"0518","frp":3.4,"b":332.1,"c":1,"s":"SNPP","n":0}},{"type":"Feature","geometry":{"type":"Point","coordinates":[132.7651,-11.963]},"properties":{"d":"2026-09-30","t":"0518","frp":7.3,"b":346.4,"c":1,"s":"SNPP","n":0}},{"type":"Feature","geometry":{"type":"Point","coordinates":[132.7602,-11.9595]},"properties":{"d":"2026-09-30","t":"0518","frp":3.4,"b":331.1,"c":1,"s":"SNPP","n":0}},{"type":"Feature","geometry":{"type":"Point","coordinates":[132.7643,-11.9588]},"properties":{"d":"2026-09-30","t":"0518","frp":7.3,"b":351.1,"c":1,"s":"SNPP","n":0}},{"type":"Feature","geometry":{"type":"Point","coordinates":[135.7804,-11.9567]},"properties":{"d":"2026-09-30","t":"0518","frp":3.5,"b":340.1,"c":1,"s":"SNPP","n":0}},{"type":"Feature","geometry":{"type":"Point","coordinates":[135.7785,-11.9566]},"properties":{"d":"2026-09-30","t":"0518","frp":7.6,"b":367.0,"c":2,"s":"SNPP","n":0}},{"type":"Feature","geometry":{"type":"Point","coordinates":[135.7059,-11.9541]},"properties":{"d":"2026-09-30","t":"0518","frp":2.5,"b":330.1,"c":1,"s":"SNPP","n":0}},{"type":"Feature","geometry":{"type":"Point","coordinates":[132.7676,-11.9538]},"properties":{"d":"2026-09-30","t":"0518","frp":2.5,"b":336.2,"c":1,"s":"SNPP","n":0}},{"type":"Feature","geometry":{"type":"Point","coordinates":[135.7775,-11.9514]},"properties":{"d":"2026-09-30","t":"0518","frp":7.6,"b":351.1,"c":1,"s":"SNPP","n":0}},{"type":"Feature","geometry":{"type":"Point","coordinates":[130.3973,-11.7919]},"properties":{"d":"2026-09-30","t":"0518","frp":4.8,"b":334.9,"c":1,"s":"SNPP","n":0}},{"type":"Feature","geometry":{"type":"Point","coordinates":[130.4018,-11.7912]},"properties":{"d":"2026-09-30","t":"0518","frp":6.0,"b":338.4,"c":1,"s":"SNPP","n":0}},{"type":"Feature","geometry":{"type":"Point","coordinates":[130.4062,-11.7904]},"properties":{"d":"2026-09-30","t":"0518","frp":6.0,"b":341.3,"c":1,"s":"SNPP","n":0}},{"type":"Feature","geometry":{"type":"Point","coordinates":[130.6935,-11.7308]},"properties":{"d":"2026-09-30","t":"0518","frp":9.2,"b":344.3,"c":1,"s":"SNPP","n":0}},{"type":"Feature","geometry":{"type":"Point","coordinates":[130.6883,-11.7278]},"properties":{"d":"2026-09-30","t":"0518","frp":14.9,"b":338.9,"c":1,"s":"SNPP","n":0}},{"type":"Feature","geometry":{"type":"Point","coordinates":[130.6929,-11.7271]},"properties":{"d":"2026-09-30","t":"0518","frp":14.9,"b":348.1,"c":1,"s":"SNPP","n":0}},{"type":"Feature","geometry":{"type":"Point","coordinates":[130.6968,-11.7225]},"properties":{"d":"2026-09-30","t":"0518","frp":4.5,"b":341.0,"c":1,"s":"SNPP","n":0}},{"type":"Feature","geometry":{"type":"Point","coordinates":[130.7179,-11.5762]},"properties":{"d":"2026-09-30","t":"0518","frp":3.6,"b":337.0,"c":1,"s":"SNPP","n":0}},{"type":"Feature","geometry":{"type":"Point","coordinates":[130.7172,-11.5724]},"properties":{"d":"2026-09-30","t":"0518","frp":3.6,"b":335.5,"c":1,"s":"SNPP","n":0}},{"type":"Feature","geometry":{"type":"Point","coordinates":[130.72,-11.5603]},"properties":{"d":"2026-09-30","t":"0518","frp":8.4,"b":347.8,"c":1,"s":"SNPP","n":0}},{"type":"Feature","geometry":{"type":"Point","coordinates":[130.7193,-11.5565]},"properties":{"d":"2026-09-30","t":"0518","frp":8.4,"b":332.1,"c":1,"s":"SNPP","n":0}},{"type":"Feature","geometry":{"type":"Point","coordinates":[130.724,-11.5557]},"properties":{"d":"2026-09-30","t":"0518","frp":8.4,"b":338.0,"c":1,"s":"SNPP","n":0}},{"type":"Feature","geometry":{"type":"Point","coordinates":[130.714,-11.5535]},"properties":{"d":"2026-09-30","t":"0518","frp":3.3,"b":333.3,"c":1,"s":"SNPP","n":0}},{"type":"Feature","geometry":{"type":"Point","coordinates":[130.7187,-11.5527]},"properties":{"d":"2026-09-30","t":"0518","frp":17.6,"b":353.3,"c":1,"s":"SNPP","n":0}},{"type":"Feature","geometry":{"type":"Point","coordinates":[130.7134,-11.5497]},"properties":{"d":"2026-09-30","t":"0518","frp":3.3,"b":334.2,"c":1,"s":"SNPP","n":0}},{"type":"Feature","geometry":{"type":"Point","coordinates":[130.7181,-11.549]},"properties":{"d":"2026-09-30","t":"0518","frp":17.6,"b":349.8,"c":1,"s":"SNPP","n":0}},{"type":"Feature","geometry":{"type":"Point","coordinates":[130.7227,-11.5482]},"properties":{"d":"2026-09-30","t":"0518","frp":17.6,"b":347.9,"c":1,"s":"SNPP","n":0}},{"type":"Feature","geometry":{"type":"Point","coordinates":[130.7221,-11.5444]},"properties":{"d":"2026-09-30","t":"0518","frp":10.5,"b":350.3,"c":1,"s":"SNPP","n":0}},{"type":"Feature","geometry":{"type":"Point","coordinates":[130.7215,-11.5406]},"properties":{"d":"2026-09-30","t":"0518","frp":10.5,"b":352.4,"c":1,"s":"SNPP","n":0}},{"type":"Feature","geometry":{"type":"Point","coordinates":[130.7261,-11.5399]},"properties":{"d":"2026-09-30","t":"0518","frp":7.2,"b":336.2,"c":1,"s":"SNPP","n":0}},{"type":"Feature","geometry":{"type":"Point","coordinates":[130.7208,-11.5369]},"properties":{"d":"2026-09-30","t":"0518","frp":8.9,"b":345.3,"c":1,"s":"SNPP","n":0}},{"type":"Feature","geometry":{"type":"Point","coordinates":[130.7202,-11.5331]},"properties":{"d":"2026-09-30","t":"0518","frp":8.9,"b":345.6,"c":1,"s":"SNPP","n":0}},{"type":"Feature","geometry":{"type":"Point","coordinates":[130.7142,-11.5263]},"properties":{"d":"2026-09-30","t":"0518","frp":29.4,"b":346.3,"c":1,"s":"SNPP","n":0}},{"type":"Feature","geometry":{"type":"Point","coordinates":[130.7189,-11.5255]},"properties":{"d":"2026-09-30","t":"0518","frp":29.4,"b":351.7,"c":1,"s":"SNPP","n":0}},{"type":"Feature","geometry":{"type":"Point","coordinates":[130.7182,-11.5218]},"properties":{"d":"2026-09-30","t":"0518","frp":21.4,"b":352.7,"c":1,"s":"SNPP","n":0}},{"type":"Feature","geometry":{"type":"Point","coordinates":[130.7176,-11.518]},"properties":{"d":"2026-09-30","t":"0518","frp":21.4,"b":355.4,"c":1,"s":"SNPP","n":0}},{"type":"Feature","geometry":{"type":"Point","coordinates":[130.6538,-11.4167]},"properties":{"d":"2026-09-30","t":"0518","frp":4.8,"b":334.0,"c":1,"s":"SNPP","n":0}},{"type":"Feature","geometry":{"type":"Point","coordinates":[130.9562,-11.3737]},"properties":{"d":"2026-09-30","t":"0518","frp":6.1,"b":340.7,"c":1,"s":"SNPP","n":0}},{"type":"Feature","geometry":{"type":"Point","coordinates":[130.9556,-11.3698]},"properties":{"d":"2026-09-30","t":"0518","frp":6.1,"b":343.9,"c":1,"s":"SNPP","n":0}},{"type":"Feature","geometry":{"type":"Point","coordinates":[130.6571,-11.3425]},"properties":{"d":"2026-09-30","t":"0518","frp":6.7,"b":331.6,"c":1,"s":"SNPP","n":0}},{"type":"Feature","geometry":{"type":"Point","coordinates":[123.7733,-10.3493]},"properties":{"d":"2026-09-30","t":"0518","frp":5.1,"b":331.2,"c":0,"s":"SNPP","n":0}},{"type":"Feature","geometry":{"type":"Point","coordinates":[123.7775,-10.3487]},"properties":{"d":"2026-09-30","t":"0518","frp":12.6,"b":334.8,"c":0,"s":"SNPP","n":0}},{"type":"Feature","geometry":{"type":"Point","coordinates":[123.6939,-10.2709]},"properties":{"d":"2026-09-30","t":"0518","frp":6.2,"b":334.8,"c":0,"s":"SNPP","n":0}},{"type":"Feature","geometry":{"type":"Point","coordinates":[123.6935,-10.2673]},"properties":{"d":"2026-09-30","t":"0518","frp":6.2,"b":330.5,"c":0,"s":"SNPP","n":0}},{"type":"Feature","geometry":{"type":"Point","coordinates":[123.9932,-10.2376]},"properties":{"d":"2026-09-30","t":"0518","frp":4.2,"b":330.8,"c":1,"s":"SNPP","n":0}},{"type":"Feature","geometry":{"type":"Point","coordinates":[123.7511,-10.2154]},"properties":{"d":"2026-09-30","t":"0518","frp":5.2,"b":335.6,"c":1,"s":"SNPP","n":0}},{"type":"Feature","geometry":{"type":"Point","coordinates":[124.2992,-10.1426]},"properties":{"d":"2026-09-30","t":"0518","frp":7.2,"b":337.1,"c":1,"s":"SNPP","n":0}},{"type":"Feature","geometry":{"type":"Point","coordinates":[120.093,-10.1402]},"properties":{"d":"2026-09-30","t":"0518","frp":11.0,"b":349.3,"c":1,"s":"SNPP","n":0}},{"type":"Feature","geometry":{"type":"Point","coordinates":[120.0918,-10.1401]},"properties":{"d":"2026-09-30","t":"0518","frp":7.7,"b":341.3,"c":1,"s":"SNPP","n":0}},{"type":"Feature","geometry":{"type":"Point","coordinates":[124.3135,-10.1335]},"properties":{"d":"2026-09-30","t":"0518","frp":6.6,"b":337.0,"c":0,"s":"SNPP","n":0}},{"type":"Feature","geometry":{"type":"Point","coordinates":[124.2066,-10.0994]},"properties":{"d":"2026-09-30","t":"0518","frp":6.7,"b":347.0,"c":1,"s":"SNPP","n":0}},{"type":"Feature","geometry":{"type":"Point","coordinates":[124.2064,-10.0982]},"properties":{"d":"2026-09-30","t":"0518","frp":8.5,"b":347.2,"c":1,"s":"SNPP","n":0}},{"type":"Feature","geometry":{"type":"Point","coordinates":[124.1676,-10.0969]},"properties":{"d":"2026-09-30","t":"0518","frp":2.5,"b":335.0,"c":1,"s":"SNPP","n":0}},{"type":"Feature","geometry":{"type":"Point","coordinates":[120.5769,-10.089]},"properties":{"d":"2026-09-30","t":"0518","frp":6.4,"b":344.0,"c":1,"s":"SNPP","n":0}},{"type":"Feature","geometry":{"type":"Point","coordinates":[120.6346,-10.0726]},"properties":{"d":"2026-09-30","t":"0518","frp":1.9,"b":330.6,"c":0,"s":"SNPP","n":0}},{"type":"Feature","geometry":{"type":"Point","coordinates":[123.9245,-10.0683]},"properties":{"d":"2026-09-30","t":"0518","frp":4.7,"b":343.4,"c":1,"s":"SNPP","n":0}},{"type":"Feature","geometry":{"type":"Point","coordinates":[124.4518,-10.016]},"properties":{"d":"2026-09-30","t":"0518","frp":6.0,"b":345.7,"c":1,"s":"SNPP","n":0}},{"type":"Feature","geometry":{"type":"Point","coordinates":[124.2975,-9.9658]},"properties":{"d":"2026-09-30","t":"0518","frp":5.2,"b":340.4,"c":1,"s":"SNPP","n":0}},{"type":"Feature","geometry":{"type":"Point","coordinates":[120.3975,-9.9556]},"properties":{"d":"2026-09-30","t":"0518","frp":3.6,"b":331.8,"c":0,"s":"SNPP","n":0}},{"type":"Feature","geometry":{"type":"Point","coordinates":[120.5197,-9.93]},"properties":{"d":"2026-09-30","t":"0518","frp":3.5,"b":335.9,"c":1,"s":"SNPP","n":0}},{"type":"Feature","geometry":{"type":"Point","coordinates":[119.9838,-9.9274]},"properties":{"d":"2026-09-30","t":"0518","frp":2.3,"b":332.3,"c":1,"s":"SNPP","n":0}},{"type":"Feature","geometry":{"type":"Point","coordinates":[124.2725,-9.9271]},"properties":{"d":"2026-09-30","t":"0518","frp":9.8,"b":346.3,"c":1,"s":"SNPP","n":0}},{"type":"Feature","geometry":{"type":"Point","coordinates":[120.2186,-9.9269]},"properties":{"d":"2026-09-30","t":"0518","frp":1.9,"b":336.5,"c":1,"s":"SNPP","n":0}},{"type":"Feature","geometry":{"type":"Point","coordinates":[120.2993,-9.9206]},"properties":{"d":"2026-09-30","t":"0518","frp":1.8,"b":341.4,"c":1,"s":"SNPP","n":0}},{"type":"Feature","geometry":{"type":"Point","coordinates":[123.8904,-9.9076]},"properties":{"d":"2026-09-30","t":"0518","frp":6.7,"b":337.5,"c":0,"s":"SNPP","n":0}},{"type":"Feature","geometry":{"type":"Point","coordinates":[123.9878,-9.8968]},"properties":{"d":"2026-09-30","t":"0518","frp":3.2,"b":339.1,"c":1,"s":"SNPP","n":0}},{"type":"Feature","geometry":{"type":"Point","coordinates":[124.1606,-9.8904]},"properties":{"d":"2026-09-30","t":"0518","frp":2.3,"b":338.5,"c":1,"s":"SNPP","n":0}},{"type":"Feature","geometry":{"type":"Point","coordinates":[123.8787,-9.8842]},"properties":{"d":"2026-09-30","t":"0518","frp":3.0,"b":332.3,"c":1,"s":"SNPP","n":0}},{"type":"Feature","geometry":{"type":"Point","coordinates":[120.3361,-9.8785]},"properties":{"d":"2026-09-30","t":"0518","frp":5.1,"b":337.1,"c":1,"s":"SNPP","n":0}},{"type":"Feature","geometry":{"type":"Point","coordinates":[120.3401,-9.8779]},"properties":{"d":"2026-09-30","t":"0518","frp":21.3,"b":356.7,"c":1,"s":"SNPP","n":0}},{"type":"Feature","geometry":{"type":"Point","coordinates":[124.1667,-9.8774]},"properties":{"d":"2026-09-30","t":"0518","frp":4.4,"b":342.5,"c":0,"s":"SNPP","n":0}},{"type":"Feature","geometry":{"type":"Point","coordinates":[120.4804,-9.8757]},"properties":{"d":"2026-09-30","t":"0518","frp":8.9,"b":337.7,"c":1,"s":"SNPP","n":0}},{"type":"Feature","geometry":{"type":"Point","coordinates":[120.4839,-9.874]},"properties":{"d":"2026-09-30","t":"0518","frp":3.3,"b":332.4,"c":0,"s":"SNPP","n":0}},{"type":"Feature","geometry":{"type":"Point","coordinates":[124.1699,-9.8734]},"properties":{"d":"2026-09-30","t":"0518","frp":4.4,"b":335.9,"c":0,"s":"SNPP","n":0}},{"type":"Feature","geometry":{"type":"Point","coordinates":[120.3229,-9.8451]},"properties":{"d":"2026-09-30","t":"0518","frp":2.5,"b":332.5,"c":0,"s":"SNPP","n":0}},{"type":"Feature","geometry":{"type":"Point","coordinates":[124.0545,-9.8371]},"properties":{"d":"2026-09-30","t":"0518","frp":6.8,"b":345.0,"c":1,"s":"SNPP","n":0}},{"type":"Feature","geometry":{"type":"Point","coordinates":[123.7758,-9.8163]},"properties":{"d":"2026-09-30","t":"0518","frp":4.9,"b":330.9,"c":0,"s":"SNPP","n":0}},{"type":"Feature","geometry":{"type":"Point","coordinates":[119.9492,-9.8072]},"properties":{"d":"2026-09-30","t":"0518","frp":4.8,"b":330.8,"c":0,"s":"SNPP","n":0}},{"type":"Feature","geometry":{"type":"Point","coordinates":[120.4929,-9.8044]},"properties":{"d":"2026-09-30","t":"0518","frp":4.2,"b":335.8,"c":0,"s":"SNPP","n":0}},{"type":"Feature","geometry":{"type":"Point","coordinates":[123.6778,-9.7837]},"properties":{"d":"2026-09-30","t":"0518","frp":3.1,"b":333.5,"c":1,"s":"SNPP","n":0}},{"type":"Feature","geometry":{"type":"Point","coordinates":[124.2064,-9.7668]},"properties":{"d":"2026-09-30","t":"0518","frp":3.8,"b":334.7,"c":1,"s":"SNPP","n":0}},{"type":"Feature","geometry":{"type":"Point","coordinates":[123.7028,-9.7338]},"properties":{"d":"2026-09-30","t":"0518","frp":20.3,"b":344.4,"c":1,"s":"SNPP","n":0}},{"type":"Feature","geometry":{"type":"Point","coordinates":[123.7067,-9.7332]},"properties":{"d":"2026-09-30","t":"0518","frp":7.1,"b":333.2,"c":1,"s":"SNPP","n":0}},{"type":"Feature","geometry":{"type":"Point","coordinates":[124.103,-9.729]},"properties":{"d":"2026-09-30","t":"0518","frp":7.0,"b":346.9,"c":1,"s":"SNPP","n":0}},{"type":"Feature","geometry":{"type":"Point","coordinates":[119.89,-9.726]},"properties":{"d":"2026-09-30","t":"0518","frp":3.1,"b":334.2,"c":1,"s":"SNPP","n":0}},{"type":"Feature","geometry":{"type":"Point","coordinates":[119.8945,-9.7253]},"properties":{"d":"2026-09-30","t":"0518","frp":3.1,"b":335.5,"c":1,"s":"SNPP","n":0}},{"type":"Feature","geometry":{"type":"Point","coordinates":[124.173,-9.7187]},"properties":{"d":"2026-09-30","t":"0518","frp":3.5,"b":337.1,"c":1,"s":"SNPP","n":0}},{"type":"Feature","geometry":{"type":"Point","coordinates":[124.5562,-9.7182]},"properties":{"d":"2026-09-30","t":"0518","frp":1.6,"b":331.9,"c":0,"s":"SNPP","n":0}},{"type":"Feature","geometry":{"type":"Point","coordinates":[120.4244,-9.7155]},"properties":{"d":"2026-09-30","t":"0518","frp":5.2,"b":335.7,"c":0,"s":"SNPP","n":0}},{"type":"Feature","geometry":{"type":"Point","coordinates":[120.4279,-9.7106]},"properties":{"d":"2026-09-30","t":"0518","frp":1.5,"b":333.7,"c":0,"s":"SNPP","n":0}},{"type":"Feature","geometry":{"type":"Point","coordinates":[120.4319,-9.7101]},"properties":{"d":"2026-09-30","t":"0518","frp":2.6,"b":334.4,"c":0,"s":"SNPP","n":0}},{"type":"Feature","geometry":{"type":"Point","coordinates":[120.4353,-9.7053]},"properties":{"d":"2026-09-30","t":"0518","frp":2.6,"b":341.6,"c":1,"s":"SNPP","n":0}},{"type":"Feature","geometry":{"type":"Point","coordinates":[120.4393,-9.7047]},"properties":{"d":"2026-09-30","t":"0518","frp":1.9,"b":333.3,"c":0,"s":"SNPP","n":0}},{"type":"Feature","geometry":{"type":"Point","coordinates":[120.2218,-9.7034]},"properties":{"d":"2026-09-30","t":"0518","frp":3.8,"b":343.1,"c":1,"s":"SNPP","n":0}},{"type":"Feature","geometry":{"type":"Point","coordinates":[120.2222,-9.7019]},"properties":{"d":"2026-09-30","t":"0518","frp":3.6,"b":342.4,"c":1,"s":"SNPP","n":0}},{"type":"Feature","geometry":{"type":"Point","coordinates":[120.4388,-9.7005]},"properties":{"d":"2026-09-30","t":"0518","frp":2.5,"b":337.3,"c":0,"s":"SNPP","n":0}},{"type":"Feature","geometry":{"type":"Point","coordinates":[120.4427,-9.6999]},"properties":{"d":"2026-09-30","t":"0518","frp":2.5,"b":337.9,"c":1,"s":"SNPP","n":0}},{"type":"Feature","geometry":{"type":"Point","coordinates":[120.4421,-9.6956]},"properties":{"d":"2026-09-30","t":"0518","frp":2.5,"b":331.6,"c":0,"s":"SNPP","n":0}},{"type":"Feature","geometry":{"type":"Point","coordinates":[119.9218,-9.6674]},"properties":{"d":"2026-09-30","t":"0518","frp":5.0,"b":334.9,"c":0,"s":"SNPP","n":0}},{"type":"Feature","geometry":{"type":"Point","coordinates":[119.7905,-9.6578]},"properties":{"d":"2026-09-30","t":"0518","frp":2.8,"b":334.9,"c":1,"s":"SNPP","n":0}},{"type":"Feature","geometry":{"type":"Point","coordinates":[119.7777,-9.6574]},"properties":{"d":"2026-09-30","t":"0518","frp":1.4,"b":334.6,"c":1,"s":"SNPP","n":0}},{"type":"Feature","geometry":{"type":"Point","coordinates":[124.4709,-9.6539]},"properties":{"d":"2026-09-30","t":"0518","frp":8.9,"b":346.2,"c":1,"s":"SNPP","n":0}},{"type":"Feature","geometry":{"type":"Point","coordinates":[123.8315,-9.643]},"properties":{"d":"2026-09-30","t":"0518","frp":11.3,"b":336.5,"c":0,"s":"SNPP","n":0}},{"type":"Feature","geometry":{"type":"Point","coordinates":[124.6639,-9.6324]},"properties":{"d":"2026-09-30","t":"0518","frp":2.8,"b":332.5,"c":1,"s":"SNPP","n":0}},{"type":"Feature","geometry":{"type":"Point","coordinates":[124.3146,-9.6324]},"properties":{"d":"2026-09-30","t":"0518","frp":2.2,"b":333.0,"c":1,"s":"SNPP","n":0}},{"type":"Feature","geometry":{"type":"Point","coordinates":[123.7793,-9.6179]},"properties":{"d":"2026-09-30","t":"0518","frp":6.2,"b":340.9,"c":1,"s":"SNPP","n":0}},{"type":"Feature","geometry":{"type":"Point","coordinates":[123.8075,-9.6173]},"properties":{"d":"2026-09-30","t":"0518","frp":7.6,"b":334.7,"c":0,"s":"SNPP","n":0}},{"type":"Feature","geometry":{"type":"Point","coordinates":[123.8111,-9.6173]},"properties":{"d":"2026-09-30","t":"0518","frp":8.1,"b":337.3,"c":0,"s":"SNPP","n":0}},{"type":"Feature","geometry":{"type":"Point","coordinates":[123.8113,-9.6167]},"properties":{"d":"2026-09-30","t":"0518","frp":7.8,"b":335.5,"c":1,"s":"SNPP","n":0}},{"type":"Feature","geometry":{"type":"Point","coordinates":[124.0968,-9.608]},"properties":{"d":"2026-09-30","t":"0518","frp":4.3,"b":334.2,"c":0,"s":"SNPP","n":0}},{"type":"Feature","geometry":{"type":"Point","coordinates":[124.1046,-9.6068]},"properties":{"d":"2026-09-30","t":"0518","frp":7.0,"b":350.3,"c":1,"s":"SNPP","n":0}},{"type":"Feature","geometry":{"type":"Point","coordinates":[124.1102,-9.5883]},"properties":{"d":"2026-09-30","t":"0518","frp":6.9,"b":340.1,"c":0,"s":"SNPP","n":0}},{"type":"Feature","geometry":{"type":"Point","coordinates":[124.3675,-9.5788]},"properties":{"d":"2026-09-30","t":"0518","frp":1.9,"b":333.7,"c":1,"s":"SNPP","n":0}},{"type":"Feature","geometry":{"type":"Point","coordinates":[124.1127,-9.5773]},"properties":{"d":"2026-09-30","t":"0518","frp":5.9,"b":347.7,"c":1,"s":"SNPP","n":0}},{"type":"Feature","geometry":{"type":"Point","coordinates":[124.1165,-9.5768]},"properties":{"d":"2026-09-30","t":"0518","frp":5.3,"b":336.0,"c":0,"s":"SNPP","n":0}},{"type":"Feature","geometry":{"type":"Point","coordinates":[124.1126,-9.5754]},"properties":{"d":"2026-09-30","t":"0518","frp":3.9,"b":333.9,"c":0,"s":"SNPP","n":0}},{"type":"Feature","geometry":{"type":"Point","coordinates":[124.021,-9.5749]},"properties":{"d":"2026-09-30","t":"0518","frp":4.9,"b":340.9,"c":0,"s":"SNPP","n":0}},{"type":"Feature","geometry":{"type":"Point","coordinates":[124.1163,-9.5748]},"properties":{"d":"2026-09-30","t":"0518","frp":4.1,"b":343.4,"c":1,"s":"SNPP","n":0}},{"type":"Feature","geometry":{"type":"Point","coordinates":[124.1161,-9.5733]},"properties":{"d":"2026-09-30","t":"0518","frp":5.3,"b":347.0,"c":1,"s":"SNPP","n":0}},{"type":"Feature","geometry":{"type":"Point","coordinates":[124.0205,-9.5714]},"properties":{"d":"2026-09-30","t":"0518","frp":4.9,"b":333.9,"c":0,"s":"SNPP","n":0}},{"type":"Feature","geometry":{"type":"Point","coordinates":[124.1159,-9.5714]},"properties":{"d":"2026-09-30","t":"0518","frp":4.1,"b":334.0,"c":0,"s":"SNPP","n":0}},{"type":"Feature","geometry":{"type":"Point","coordinates":[124.0159,-9.5685]},"properties":{"d":"2026-09-30","t":"0518","frp":5.6,"b":342.7,"c":1,"s":"SNPP","n":0}},{"type":"Feature","geometry":{"type":"Point","coordinates":[123.9696,-9.5682]},"properties":{"d":"2026-09-30","t":"0518","frp":5.3,"b":330.5,"c":0,"s":"SNPP","n":0}},{"type":"Feature","geometry":{"type":"Point","coordinates":[124.0192,-9.5645]},"properties":{"d":"2026-09-30","t":"0518","frp":6.0,"b":335.2,"c":1,"s":"SNPP","n":0}},{"type":"Feature","geometry":{"type":"Point","coordinates":[119.8009,-9.5633]},"properties":{"d":"2026-09-30","t":"0518","frp":2.7,"b":331.2,"c":0,"s":"SNPP","n":0}},{"type":"Feature","geometry":{"type":"Point","coordinates":[124.464,-9.5366]},"properties":{"d":"2026-09-30","t":"0518","frp":20.4,"b":336.6,"c":1,"s":"SNPP","n":0}},{"type":"Feature","geometry":{"type":"Point","coordinates":[119.612,-9.518]},"properties":{"d":"2026-09-30","t":"0518","frp":3.2,"b":341.1,"c":1,"s":"SNPP","n":0}},{"type":"Feature","geometry":{"type":"Point","coordinates":[124.3132,-9.5173]},"properties":{"d":"2026-09-30","t":"0518","frp":4.0,"b":345.5,"c":1,"s":"SNPP","n":0}},{"type":"Feature","geometry":{"type":"Point","coordinates":[124.9615,-9.5081]},"properties":{"d":"2026-09-30","t":"0518","frp":1.9,"b":333.1,"c":1,"s":"SNPP","n":0}},{"type":"Feature","geometry":{"type":"Point","coordinates":[123.9962,-9.4896]},"properties":{"d":"2026-09-30","t":"0518","frp":2.9,"b":336.8,"c":0,"s":"SNPP","n":0}},{"type":"Feature","geometry":{"type":"Point","coordinates":[124.158,-9.4697]},"properties":{"d":"2026-09-30","t":"0518","frp":5.7,"b":347.6,"c":1,"s":"SNPP","n":0}},{"type":"Feature","geometry":{"type":"Point","coordinates":[124.8575,-9.4534]},"properties":{"d":"2026-09-30","t":"0518","frp":1.5,"b":335.2,"c":1,"s":"SNPP","n":0}},{"type":"Feature","geometry":{"type":"Point","coordinates":[124.8162,-9.4527]},"properties":{"d":"2026-09-30","t":"0518","frp":3.1,"b":341.8,"c":1,"s":"SNPP","n":0}},{"type":"Feature","geometry":{"type":"Point","coordinates":[124.2562,-9.4519]},"properties":{"d":"2026-09-30","t":"0518","frp":5.8,"b":340.9,"c":0,"s":"SNPP","n":0}},{"type":"Feature","geometry":{"type":"Point","coordinates":[124.3007,-9.4384]},"properties":{"d":"2026-09-30","t":"0518","frp":9.4,"b":345.3,"c":1,"s":"SNPP","n":0}},{"type":"Feature","geometry":{"type":"Point","coordinates":[124.3002,-9.436]},"properties":{"d":"2026-09-30","t":"0518","frp":10.1,"b":343.4,"c":0,"s":"SNPP","n":0}},{"type":"Feature","geometry":{"type":"Point","coordinates":[124.0066,-9.4337]},"properties":{"d":"2026-09-30","t":"0518","frp":2.7,"b":333.3,"c":1,"s":"SNPP","n":0}},{"type":"Feature","geometry":{"type":"Point","coordinates":[124.4065,-9.4334]},"properties":{"d":"2026-09-30","t":"0518","frp":4.0,"b":336.8,"c":1,"s":"SNPP","n":0}},{"type":"Feature","geometry":{"type":"Point","coordinates":[124.4579,-9.4189]},"properties":{"d":"2026-09-30","t":"0518","frp":1.1,"b":331.9,"c":1,"s":"SNPP","n":0}},{"type":"Feature","geometry":{"type":"Point","coordinates":[124.3677,-9.4049]},"properties":{"d":"2026-09-30","t":"0518","frp":5.4,"b":336.9,"c":0,"s":"SNPP","n":0}},{"type":"Feature","geometry":{"type":"Point","coordinates":[124.9607,-9.4034]},"properties":{"d":"2026-09-30","t":"0518","frp":6.6,"b":332.1,"c":1,"s":"SNPP","n":0}},{"type":"Feature","geometry":{"type":"Point","coordinates":[124.9643,-9.4029]},"properties":{"d":"2026-09-30","t":"0518","frp":6.6,"b":339.9,"c":1,"s":"SNPP","n":0}},{"type":"Feature","geometry":{"type":"Point","coordinates":[124.3672,-9.4015]},"properties":{"d":"2026-09-30","t":"0518","frp":6.8,"b":340.2,"c":0,"s":"SNPP","n":0}},{"type":"Feature","geometry":{"type":"Point","coordinates":[124.4704,-9.4001]},"properties":{"d":"2026-09-30","t":"0518","frp":1.9,"b":334.9,"c":1,"s":"SNPP","n":0}},{"type":"Feature","geometry":{"type":"Point","coordinates":[124.8041,-9.3957]},"properties":{"d":"2026-09-30","t":"0518","frp":2.7,"b":342.1,"c":1,"s":"SNPP","n":0}},{"type":"Feature","geometry":{"type":"Point","coordinates":[124.431,-9.392]},"properties":{"d":"2026-09-30","t":"0518","frp":6.1,"b":346.8,"c":1,"s":"SNPP","n":0}},{"type":"Feature","geometry":{"type":"Point","coordinates":[124.5593,-9.3903]},"properties":{"d":"2026-09-30","t":"0518","frp":2.0,"b":330.2,"c":1,"s":"SNPP","n":0}},{"type":"Feature","geometry":{"type":"Point","coordinates":[124.4725,-9.3893]},"properties":{"d":"2026-09-30","t":"0518","frp":2.0,"b":335.1,"c":1,"s":"SNPP","n":0}},{"type":"Feature","geometry":{"type":"Point","coordinates":[124.5801,-9.3767]},"properties":{"d":"2026-09-30","t":"0518","frp":3.6,"b":332.7,"c":0,"s":"SNPP","n":0}},{"type":"Feature","geometry":{"type":"Point","coordinates":[124.44,-9.3766]},"properties":{"d":"2026-09-30","t":"0518","frp":6.2,"b":346.4,"c":1,"s":"SNPP","n":0}},{"type":"Feature","geometry":{"type":"Point","coordinates":[124.408,-9.3674]},"properties":{"d":"2026-09-30","t":"0518","frp":3.7,"b":334.1,"c":0,"s":"SNPP","n":0}},{"type":"Feature","geometry":{"type":"Point","coordinates":[124.712,-9.357]},"properties":{"d":"2026-09-30","t":"0518","frp":2.4,"b":332.2,"c":0,"s":"SNPP","n":0}},{"type":"Feature","geometry":{"type":"Point","coordinates":[124.8599,-9.3521]},"properties":{"d":"2026-09-30","t":"0518","frp":2.7,"b":338.9,"c":1,"s":"SNPP","n":0}},{"type":"Feature","geometry":{"type":"Point","coordinates":[124.5079,-9.3491]},"properties":{"d":"2026-09-30","t":"0518","frp":5.8,"b":331.7,"c":0,"s":"SNPP","n":0}},{"type":"Feature","geometry":{"type":"Point","coordinates":[124.9952,-9.3397]},"properties":{"d":"2026-09-30","t":"0518","frp":2.7,"b":336.0,"c":1,"s":"SNPP","n":0}},{"type":"Feature","geometry":{"type":"Point","coordinates":[124.9947,-9.3363]},"properties":{"d":"2026-09-30","t":"0518","frp":2.7,"b":336.1,"c":1,"s":"SNPP","n":0}},{"type":"Feature","geometry":{"type":"Point","coordinates":[124.7647,-9.3352]},"properties":{"d":"2026-09-30","t":"0518","frp":1.3,"b":330.7,"c":1,"s":"SNPP","n":0}},{"type":"Feature","geometry":{"type":"Point","coordinates":[124.9993,-9.3207]},"properties":{"d":"2026-09-30","t":"0518","frp":9.8,"b":334.7,"c":0,"s":"SNPP","n":0}},{"type":"Feature","geometry":{"type":"Point","coordinates":[125.0462,-9.3137]},"properties":{"d":"2026-09-30","t":"0518","frp":3.6,"b":332.9,"c":1,"s":"SNPP","n":0}},{"type":"Feature","geometry":{"type":"Point","coordinates":[124.2222,-9.3042]},"properties":{"d":"2026-09-30","t":"0518","frp":3.9,"b":333.7,"c":0,"s":"SNPP","n":0}},{"type":"Feature","geometry":{"type":"Point","coordinates":[124.3173,-9.3042]},"properties":{"d":"2026-09-30","t":"0518","frp":3.7,"b":331.8,"c":0,"s":"SNPP","n":0}},{"type":"Feature","geometry":{"type":"Point","coordinates":[125.0183,-9.2731]},"properties":{"d":"2026-09-30","t":"0518","frp":3.4,"b":336.3,"c":1,"s":"SNPP","n":0}},{"type":"Feature","geometry":{"type":"Point","coordinates":[124.8069,-9.2701]},"properties":{"d":"2026-09-30","t":"0518","frp":6.0,"b":331.4,"c":0,"s":"SNPP","n":0}},{"type":"Feature","geometry":{"type":"Point","coordinates":[124.8106,-9.2696]},"properties":{"d":"2026-09-30","t":"0518","frp":6.0,"b":338.9,"c":1,"s":"SNPP","n":0}},{"type":"Feature","geometry":{"type":"Point","coordinates":[124.8137,-9.2657]},"properties":{"d":"2026-09-30","t":"0518","frp":3.2,"b":336.2,"c":1,"s":"SNPP","n":0}},{"type":"Feature","geometry":{"type":"Point","coordinates":[124.7053,-9.2636]},"properties":{"d":"2026-09-30","t":"0518","frp":3.1,"b":332.6,"c":0,"s":"SNPP","n":0}},{"type":"Feature","geometry":{"type":"Point","coordinates":[124.7089,-9.263]},"properties":{"d":"2026-09-30","t":"0518","frp":8.3,"b":335.3,"c":0,"s":"SNPP","n":0}},{"type":"Feature","geometry":{"type":"Point","coordinates":[124.8056,-9.2599]},"properties":{"d":"2026-09-30","t":"0518","frp":3.6,"b":344.5,"c":1,"s":"SNPP","n":0}},{"type":"Feature","geometry":{"type":"Point","coordinates":[125.4263,-9.2562]},"properties":{"d":"2026-09-30","t":"0518","frp":8.0,"b":343.2,"c":1,"s":"SNPP","n":0}},{"type":"Feature","geometry":{"type":"Point","coordinates":[124.9112,-9.2477]},"properties":{"d":"2026-09-30","t":"0518","frp":2.0,"b":331.5,"c":0,"s":"SNPP","n":0}},{"type":"Feature","geometry":{"type":"Point","coordinates":[124.8985,-9.2172]},"properties":{"d":"2026-09-30","t":"0518","frp":4.1,"b":342.2,"c":1,"s":"SNPP","n":0}},{"type":"Feature","geometry":{"type":"Point","coordinates":[124.8238,-9.2112]},"properties":{"d":"2026-09-30","t":"0518","frp":1.8,"b":330.8,"c":1,"s":"SNPP","n":0}},{"type":"Feature","geometry":{"type":"Point","coordinates":[125.063,-9.2062]},"properties":{"d":"2026-09-30","t":"0518","frp":2.3,"b":337.9,"c":1,"s":"SNPP","n":0}},{"type":"Feature","geometry":{"type":"Point","coordinates":[125.0682,-9.1917]},"properties":{"d":"2026-09-30","t":"0518","frp":4.5,"b":345.5,"c":1,"s":"SNPP","n":0}},{"type":"Feature","geometry":{"type":"Point","coordinates":[125.0372,-9.1826]},"properties":{"d":"2026-09-30","t":"0518","frp":3.7,"b":340.7,"c":1,"s":"SNPP","n":0}},{"type":"Feature","geometry":{"type":"Point","coordinates":[125.0407,-9.1821]},"properties":{"d":"2026-09-30","t":"0518","frp":3.7,"b":335.8,"c":0,"s":"SNPP","n":0}},{"type":"Feature","geometry":{"type":"Point","coordinates":[125.0344,-9.1659]},"properties":{"d":"2026-09-30","t":"0518","frp":4.2,"b":337.6,"c":0,"s":"SNPP","n":0}},{"type":"Feature","geometry":{"type":"Point","coordinates":[125.0809,-9.1555]},"properties":{"d":"2026-09-30","t":"0518","frp":3.0,"b":337.7,"c":0,"s":"SNPP","n":0}},{"type":"Feature","geometry":{"type":"Point","coordinates":[125.0804,-9.1521]},"properties":{"d":"2026-09-30","t":"0518","frp":5.0,"b":334.8,"c":0,"s":"SNPP","n":0}},{"type":"Feature","geometry":{"type":"Point","coordinates":[124.762,-9.1507]},"properties":{"d":"2026-09-30","t":"0518","frp":1.4,"b":331.1,"c":0,"s":"SNPP","n":0}},{"type":"Feature","geometry":{"type":"Point","coordinates":[125.1882,-9.1428]},"properties":{"d":"2026-09-30","t":"0518","frp":24.6,"b":346.3,"c":1,"s":"SNPP","n":0}},{"type":"Feature","geometry":{"type":"Point","coordinates":[125.1225,-9.1424]},"properties":{"d":"2026-09-30","t":"0518","frp":1.4,"b":331.8,"c":0,"s":"SNPP","n":0}},{"type":"Feature","geometry":{"type":"Point","coordinates":[125.0961,-9.136]},"properties":{"d":"2026-09-30","t":"0518","frp":27.9,"b":339.9,"c":1,"s":"SNPP","n":0}},{"type":"Feature","geometry":{"type":"Point","coordinates":[125.0397,-9.1273]},"properties":{"d":"2026-09-30","t":"0518","frp":2.2,"b":335.9,"c":0,"s":"SNPP","n":0}},{"type":"Feature","geometry":{"type":"Point","coordinates":[125.0392,-9.1239]},"properties":{"d":"2026-09-30","t":"0518","frp":3.2,"b":336.7,"c":0,"s":"SNPP","n":0}},{"type":"Feature","geometry":{"type":"Point","coordinates":[125.866,-9.1214]},"properties":{"d":"2026-09-30","t":"0518","frp":11.3,"b":342.8,"c":1,"s":"SNPP","n":0}},{"type":"Feature","geometry":{"type":"Point","coordinates":[125.1519,-9.1208]},"properties":{"d":"2026-09-30","t":"0518","frp":1.7,"b":334.7,"c":0,"s":"SNPP","n":0}},{"type":"Feature","geometry":{"type":"Point","coordinates":[125.1441,-9.093]},"properties":{"d":"2026-09-30","t":"0518","frp":3.4,"b":334.4,"c":0,"s":"SNPP","n":0}},{"type":"Feature","geometry":{"type":"Point","coordinates":[125.8748,-9.0899]},"properties":{"d":"2026-09-30","t":"0518","frp":1.8,"b":330.7,"c":0,"s":"SNPP","n":0}},{"type":"Feature","geometry":{"type":"Point","coordinates":[125.9468,-9.0887]},"properties":{"d":"2026-09-30","t":"0518","frp":22.1,"b":336.7,"c":0,"s":"SNPP","n":0}},{"type":"Feature","geometry":{"type":"Point","coordinates":[125.1174,-9.0868]},"properties":{"d":"2026-09-30","t":"0518","frp":5.0,"b":342.4,"c":1,"s":"SNPP","n":0}},{"type":"Feature","geometry":{"type":"Point","coordinates":[125.6776,-9.0655]},"properties":{"d":"2026-09-30","t":"0518","frp":6.7,"b":345.6,"c":1,"s":"SNPP","n":0}},{"type":"Feature","geometry":{"type":"Point","coordinates":[125.0257,-9.0628]},"properties":{"d":"2026-09-30","t":"0518","frp":16.5,"b":343.2,"c":1,"s":"SNPP","n":0}},{"type":"Feature","geometry":{"type":"Point","coordinates":[125.6661,-9.0604]},"properties":{"d":"2026-09-30","t":"0518","frp":1.9,"b":335.7,"c":1,"s":"SNPP","n":0}},{"type":"Feature","geometry":{"type":"Point","coordinates":[125.1053,-9.0543]},"properties":{"d":"2026-09-30","t":"0518","frp":9.4,"b":336.3,"c":0,"s":"SNPP","n":0}},{"type":"Feature","geometry":{"type":"Point","coordinates":[125.6891,-9.0467]},"properties":{"d":"2026-09-30","t":"0518","frp":3.9,"b":331.3,"c":0,"s":"SNPP","n":0}},{"type":"Feature","geometry":{"type":"Point","coordinates":[125.7207,-9.0419]},"properties":{"d":"2026-09-30","t":"0518","frp":1.7,"b":331.4,"c":1,"s":"SNPP","n":0}},{"type":"Feature","geometry":{"type":"Point","coordinates":[125.5187,-9.0362]},"properties":{"d":"2026-09-30","t":"0518","frp":1.6,"b":331.0,"c":0,"s":"SNPP","n":0}},{"type":"Feature","geometry":{"type":"Point","coordinates":[124.8891,-9.035]},"properties":{"d":"2026-09-30","t":"0518","frp":10.9,"b":330.6,"c":0,"s":"SNPP","n":0}},{"type":"Feature","geometry":{"type":"Point","coordinates":[124.8928,-9.0344]},"properties":{"d":"2026-09-30","t":"0518","frp":10.9,"b":337.7,"c":0,"s":"SNPP","n":0}},{"type":"Feature","geometry":{"type":"Point","coordinates":[125.7161,-9.012]},"properties":{"d":"2026-09-30","t":"0518","frp":2.8,"b":335.7,"c":1,"s":"SNPP","n":0}},{"type":"Feature","geometry":{"type":"Point","coordinates":[125.568,-9.0049]},"properties":{"d":"2026-09-30","t":"0518","frp":6.3,"b":341.9,"c":1,"s":"SNPP","n":0}},{"type":"Feature","geometry":{"type":"Point","coordinates":[120.3225,-9.7273]},"properties":{"d":"2026-09-30","t":"0033","frp":5.8,"b":317.1,"c":1,"s":"MODIS","n":0}},{"type":"Feature","geometry":{"type":"Point","coordinates":[120.4355,-9.6983]},"properties":{"d":"2026-09-30","t":"0033","frp":10.2,"b":323.4,"c":1,"s":"MODIS","n":0}},{"type":"Feature","geometry":{"type":"Point","coordinates":[119.4979,-9.4339]},"properties":{"d":"2026-09-30","t":"0033","frp":23.4,"b":332.8,"c":2,"s":"MODIS","n":0}},{"type":"Feature","geometry":{"type":"Point","coordinates":[127.3593,-20.8205]},"properties":{"d":"2026-09-30","t":"0035","frp":307.1,"b":344.9,"c":2,"s":"MODIS","n":0}},{"type":"Feature","geometry":{"type":"Point","coordinates":[127.3234,-20.8173]},"properties":{"d":"2026-09-30","t":"0035","frp":88.5,"b":323.2,"c":1,"s":"MODIS","n":0}},{"type":"Feature","geometry":{"type":"Point","coordinates":[127.3545,-20.8122]},"properties":{"d":"2026-09-30","t":"0035","frp":590.3,"b":361.8,"c":2,"s":"MODIS","n":0}},{"type":"Feature","geometry":{"type":"Point","coordinates":[127.3609,-20.8043]},"properties":{"d":"2026-09-30","t":"0035","frp":197.1,"b":335.2,"c":2,"s":"MODIS","n":0}},{"type":"Feature","geometry":{"type":"Point","coordinates":[127.892,-20.7993]},"properties":{"d":"2026-09-30","t":"0035","frp":48.2,"b":318.4,"c":1,"s":"MODIS","n":0}},{"type":"Feature","geometry":{"type":"Point","coordinates":[127.9,-20.7947]},"properties":{"d":"2026-09-30","t":"0035","frp":79.0,"b":322.8,"c":1,"s":"MODIS","n":0}},{"type":"Feature","geometry":{"type":"Point","coordinates":[127.8935,-20.7825]},"properties":{"d":"2026-09-30","t":"0035","frp":73.6,"b":321.8,"c":1,"s":"MODIS","n":0}},{"type":"Feature","geometry":{"type":"Point","coordinates":[127.9014,-20.7779]},"properties":{"d":"2026-09-30","t":"0035","frp":128.3,"b":328.8,"c":1,"s":"MODIS","n":0}},{"type":"Feature","geometry":{"type":"Point","coordinates":[127.8949,-20.7657]},"properties":{"d":"2026-09-30","t":"0035","frp":139.8,"b":329.4,"c":1,"s":"MODIS","n":0}},{"type":"Feature","geometry":{"type":"Point","coordinates":[127.8754,-18.5072]},"properties":{"d":"2026-09-30","t":"0035","frp":46.7,"b":317.2,"c":1,"s":"MODIS","n":0}},{"type":"Feature","geometry":{"type":"Point","coordinates":[127.839,-18.5038]},"properties":{"d":"2026-09-30","t":"0035","frp":50.1,"b":317.8,"c":1,"s":"MODIS","n":0}},{"type":"Feature","geometry":{"type":"Point","coordinates":[127.9074,-18.5012]},"properties":{"d":"2026-09-30","t":"0035","frp":95.6,"b":324.4,"c":1,"s":"MODIS","n":0}},{"type":"Feature","geometry":{"type":"Point","coordinates":[127.8703,-18.498]},"properties":{"d":"2026-09-30","t":"0035","frp":161.3,"b":331.6,"c":2,"s":"MODIS","n":0}},{"type":"Feature","geometry":{"type":"Point","coordinates":[127.9137,-18.4943]},"properties":{"d":"2026-09-30","t":"0035","frp":61.3,"b":320.3,"c":1,"s":"MODIS","n":0}},{"type":"Feature","geometry":{"type":"Point","coordinates":[127.8768,-18.4909]},"properties":{"d":"2026-09-30","t":"0035","frp":180.8,"b":333.9,"c":2,"s":"MODIS","n":0}},{"type":"Feature","geometry":{"type":"Point","coordinates":[123.2823,-17.2106]},"properties":{"d":"2026-09-30","t":"0035","frp":17.6,"b":321.8,"c":1,"s":"MODIS","n":0}},{"type":"Feature","geometry":{"type":"Point","coordinates":[123.2734,-17.2093]},"properties":{"d":"2026-09-30","t":"0035","frp":28.9,"b":324.6,"c":1,"s":"MODIS","n":0}},{"type":"Feature","geometry":{"type":"Point","coordinates":[123.2903,-17.1999]},"properties":{"d":"2026-09-30","t":"0035","frp":59.8,"b":336.7,"c":2,"s":"MODIS","n":0}},{"type":"Feature","geometry":{"type":"Point","coordinates":[123.2749,-17.1981]},"properties":{"d":"2026-09-30","t":"0035","frp":47.2,"b":332.1,"c":2,"s":"MODIS","n":0}},{"type":"Feature","geometry":{"type":"Point","coordinates":[128.1302,-16.7186]},"properties":{"d":"2026-09-30","t":"0035","frp":67.0,"b":320.6,"c":1,"s":"MODIS","n":0}},{"type":"Feature","geometry":{"type":"Point","coordinates":[128.1358,-16.7112]},"properties":{"d":"2026-09-30","t":"0035","frp":56.3,"b":319.7,"c":1,"s":"MODIS","n":0}},{"type":"Feature","geometry":{"type":"Point","coordinates":[128.1391,-16.6787]},"properties":{"d":"2026-09-30","t":"0035","frp":49.3,"b":318.2,"c":1,"s":"MODIS","n":0}},{"type":"Feature","geometry":{"type":"Point","coordinates":[121.8932,-28.8124]},"properties":{"d":"2026-09-30","t":"0037","frp":7.7,"b":303.1,"c":1,"s":"MODIS","n":0}},{"type":"Feature","geometry":{"type":"Point","coordinates":[123.1915,-29.9642]},"properties":{"d":"2026-09-30","t":"0039","frp":9.0,"b":302.2,"c":0,"s":"MODIS","n":0}},{"type":"Feature","geometry":{"type":"Point","coordinates":[122.8038,-29.4287]},"properties":{"d":"2026-09-30","t":"0039","frp":8.8,"b":301.3,"c":0,"s":"MODIS","n":0}},{"type":"Feature","geometry":{"type":"Point","coordinates":[152.0466,-26.3797]},"properties":{"d":"2026-09-30","t":"0512","frp":18.4,"b":303.4,"c":0,"s":"MODIS","n":0}},{"type":"Feature","geometry":{"type":"Point","coordinates":[150.15,-26.3711]},"properties":{"d":"2026-09-30","t":"0512","frp":99.8,"b":315.1,"c":1,"s":"MODIS","n":0}},{"type":"Feature","geometry":{"type":"Point","coordinates":[150.1423,-26.3706]},"properties":{"d":"2026-09-30","t":"0512","frp":133.8,"b":320.0,"c":1,"s":"MODIS","n":0}},{"type":"Feature","geometry":{"type":"Point","coordinates":[151.7999,-26.1409]},"properties":{"d":"2026-09-30","t":"0512","frp":10.8,"b":303.9,"c":0,"s":"MODIS","n":0}},{"type":"Feature","geometry":{"type":"Point","coordinates":[146.5844,-32.3099]},"properties":{"d":"2026-09-30","t":"0648","frp":13.5,"b":305.6,"c":1,"s":"MODIS","n":0}},{"type":"Feature","geometry":{"type":"Point","coordinates":[128.7951,-23.1382]},"properties":{"d":"2026-09-30","t":"0652","frp":32.2,"b":322.2,"c":1,"s":"MODIS","n":0}},{"type":"Feature","geometry":{"type":"Point","coordinates":[128.7891,-23.1303]},"properties":{"d":"2026-09-30","t":"0652","frp":30.5,"b":322.0,"c":1,"s":"MODIS","n":0}},{"type":"Feature","geometry":{"type":"Point","coordinates":[131.5533,-22.4739]},"properties":{"d":"2026-09-30","t":"0652","frp":38.5,"b":331.6,"c":1,"s":"MODIS","n":0}},{"type":"Feature","geometry":{"type":"Point","coordinates":[133.1474,-22.0744]},"properties":{"d":"2026-09-30","t":"0652","frp":10.8,"b":321.3,"c":1,"s":"MODIS","n":0}},{"type":"Feature","geometry":{"type":"Point","coordinates":[133.1414,-22.0723]},"properties":{"d":"2026-09-30","t":"0652","frp":11.3,"b":321.4,"c":1,"s":"MODIS","n":0}},{"type":"Feature","geometry":{"type":"Point","coordinates":[133.4003,-22.071]},"properties":{"d":"2026-09-30","t":"0652","frp":77.7,"b":355.0,"c":2,"s":"MODIS","n":0}},{"type":"Feature","geometry":{"type":"Point","coordinates":[133.3766,-22.0644]},"properties":{"d":"2026-09-30","t":"0652","frp":56.5,"b":348.0,"c":2,"s":"MODIS","n":0}},{"type":"Feature","geometry":{"type":"Point","coordinates":[133.3877,-22.0629]},"properties":{"d":"2026-09-30","t":"0652","frp":152.1,"b":374.9,"c":2,"s":"MODIS","n":0}},{"type":"Feature","geometry":{"type":"Point","coordinates":[133.3989,-22.0615]},"properties":{"d":"2026-09-30","t":"0652","frp":85.8,"b":358.1,"c":2,"s":"MODIS","n":0}},{"type":"Feature","geometry":{"type":"Point","coordinates":[133.1155,-22.056]},"properties":{"d":"2026-09-30","t":"0652","frp":37.0,"b":337.3,"c":2,"s":"MODIS","n":0}},{"type":"Feature","geometry":{"type":"Point","coordinates":[133.3974,-22.052]},"properties":{"d":"2026-09-30","t":"0652","frp":45.8,"b":343.8,"c":2,"s":"MODIS","n":0}},{"type":"Feature","geometry":{"type":"Point","coordinates":[133.4085,-22.0505]},"properties":{"d":"2026-09-30","t":"0652","frp":21.7,"b":332.7,"c":1,"s":"MODIS","n":0}},{"type":"Feature","geometry":{"type":"Point","coordinates":[133.4418,-22.0462]},"properties":{"d":"2026-09-30","t":"0652","frp":17.3,"b":327.8,"c":1,"s":"MODIS","n":0}},{"type":"Feature","geometry":{"type":"Point","coordinates":[133.078,-22.0412]},"properties":{"d":"2026-09-30","t":"0652","frp":23.5,"b":331.4,"c":1,"s":"MODIS","n":0}},{"type":"Feature","geometry":{"type":"Point","coordinates":[133.0896,-22.0397]},"properties":{"d":"2026-09-30","t":"0652","frp":29.9,"b":334.4,"c":1,"s":"MODIS","n":0}},{"type":"Feature","geometry":{"type":"Point","coordinates":[133.423,-22.0347]},"properties":{"d":"2026-09-30","t":"0652","frp":14.6,"b":324.6,"c":1,"s":"MODIS","n":0}},{"type":"Feature","geometry":{"type":"Point","coordinates":[133.4341,-22.0332]},"properties":{"d":"2026-09-30","t":"0652","frp":9.5,"b":320.5,"c":1,"s":"MODIS","n":0}},{"type":"Feature","geometry":{"type":"Point","coordinates":[133.065,-22.033]},"properties":{"d":"2026-09-30","t":"0652","frp":42.4,"b":339.7,"c":1,"s":"MODIS","n":0}},{"type":"Feature","geometry":{"type":"Point","coordinates":[127.8972,-20.7284]},"properties":{"d":"2026-09-30","t":"0652","frp":62.0,"b":325.5,"c":0,"s":"MODIS","n":0}},{"type":"Feature","geometry":{"type":"Point","coordinates":[126.9122,-20.3916]},"properties":{"d":"2026-09-30","t":"0652","frp":46.3,"b":322.3,"c":1,"s":"MODIS","n":0}},{"type":"Feature","geometry":{"type":"Point","coordinates":[129.6158,-20.3694]},"properties":{"d":"2026-09-30","t":"0652","frp":30.3,"b":325.2,"c":1,"s":"MODIS","n":0}},{"type":"Feature","geometry":{"type":"Point","coordinates":[129.6342,-20.3673]},"properties":{"d":"2026-09-30","t":"0652","frp":75.5,"b":337.4,"c":2,"s":"MODIS","n":0}},{"type":"Feature","geometry":{"type":"Point","coordinates":[144.704,-18.6168]},"properties":{"d":"2026-09-30","t":"0652","frp":251.1,"b":340.3,"c":2,"s":"MODIS","n":0}},{"type":"Feature","geometry":{"type":"Point","coordinates":[130.5145,-18.2839]},"properties":{"d":"2026-09-30","t":"0654","frp":15.0,"b":322.8,"c":1,"s":"MODIS","n":0}},{"type":"Feature","geometry":{"type":"Point","coordinates":[130.4866,-18.2396]},"properties":{"d":"2026-09-30","t":"0654","frp":36.4,"b":331.7,"c":1,"s":"MODIS","n":0}},{"type":"Feature","geometry":{"type":"Point","coordinates":[130.5012,-18.2377]},"properties":{"d":"2026-09-30","t":"0654","frp":32.4,"b":330.6,"c":1,"s":"MODIS","n":0}},{"type":"Feature","geometry":{"type":"Point","coordinates":[135.4682,-16.957]},"properties":{"d":"2026-09-30","t":"0654","frp":13.1,"b":324.9,"c":1,"s":"MODIS","n":0}},{"type":"Feature","geometry":{"type":"Point","coordinates":[135.3938,-16.9395]},"properties":{"d":"2026-09-30","t":"0654","frp":17.4,"b":329.0,"c":1,"s":"MODIS","n":0}},{"type":"Feature","geometry":{"type":"Point","coordinates":[135.403,-16.9381]},"properties":{"d":"2026-09-30","t":"0654","frp":16.4,"b":328.8,"c":1,"s":"MODIS","n":0}},{"type":"Feature","geometry":{"type":"Point","coordinates":[129.8281,-16.5229]},"properties":{"d":"2026-09-30","t":"0654","frp":40.0,"b":331.4,"c":2,"s":"MODIS","n":0}},{"type":"Feature","geometry":{"type":"Point","coordinates":[129.8266,-16.5117]},"properties":{"d":"2026-09-30","t":"0654","frp":44.8,"b":332.9,"c":2,"s":"MODIS","n":0}},{"type":"Feature","geometry":{"type":"Point","coordinates":[129.842,-16.5098]},"properties":{"d":"2026-09-30","t":"0654","frp":23.5,"b":324.3,"c":1,"s":"MODIS","n":0}},{"type":"Feature","geometry":{"type":"Point","coordinates":[130.3801,-16.4405]},"properties":{"d":"2026-09-30","t":"0654","frp":38.4,"b":332.5,"c":1,"s":"MODIS","n":0}},{"type":"Feature","geometry":{"type":"Point","coordinates":[133.8146,-15.9788]},"properties":{"d":"2026-09-30","t":"0654","frp":8.1,"b":318.4,"c":0,"s":"MODIS","n":0}},{"type":"Feature","geometry":{"type":"Point","coordinates":[133.8695,-15.9077]},"properties":{"d":"2026-09-30","t":"0654","frp":8.3,"b":320.4,"c":1,"s":"MODIS","n":0}},{"type":"Feature","geometry":{"type":"Point","coordinates":[133.9262,-15.8259]},"properties":{"d":"2026-09-30","t":"0654","frp":13.1,"b":326.6,"c":1,"s":"MODIS","n":0}},{"type":"Feature","geometry":{"type":"Point","coordinates":[136.4057,-15.7585]},"properties":{"d":"2026-09-30","t":"0654","frp":15.0,"b":323.7,"c":1,"s":"MODIS","n":0}},{"type":"Feature","geometry":{"type":"Point","coordinates":[136.4156,-15.757]},"properties":{"d":"2026-09-30","t":"0654","frp":11.8,"b":321.5,"c":1,"s":"MODIS","n":0}},{"type":"Feature","geometry":{"type":"Point","coordinates":[136.4504,-15.7235]},"properties":{"d":"2026-09-30","t":"0654","frp":14.3,"b":324.0,"c":1,"s":"MODIS","n":0}},{"type":"Feature","geometry":{"type":"Point","coordinates":[136.4603,-15.7219]},"properties":{"d":"2026-09-30","t":"0654","frp":8.2,"b":318.1,"c":1,"s":"MODIS","n":0}},{"type":"Feature","geometry":{"type":"Point","coordinates":[133.9774,-15.7166]},"properties":{"d":"2026-09-30","t":"0654","frp":6.0,"b":318.0,"c":1,"s":"MODIS","n":0}},{"type":"Feature","geometry":{"type":"Point","coordinates":[133.9865,-15.7153]},"properties":{"d":"2026-09-30","t":"0654","frp":7.2,"b":320.0,"c":1,"s":"MODIS","n":0}},{"type":"Feature","geometry":{"type":"Point","coordinates":[134.0117,-15.6739]},"properties":{"d":"2026-09-30","t":"0654","frp":36.9,"b":342.3,"c":2,"s":"MODIS","n":0}},{"type":"Feature","geometry":{"type":"Point","coordinates":[132.2486,-15.6634]},"properties":{"d":"2026-09-30","t":"0654","frp":11.3,"b":322.1,"c":1,"s":"MODIS","n":0}},{"type":"Feature","geometry":{"type":"Point","coordinates":[132.2515,-15.6564]},"properties":{"d":"2026-09-30","t":"0654","frp":14.9,"b":323.4,"c":1,"s":"MODIS","n":0}},{"type":"Feature","geometry":{"type":"Point","coordinates":[144.5568,-15.6118]},"properties":{"d":"2026-09-30","t":"0654","frp":59.1,"b":315.1,"c":0,"s":"MODIS","n":0}},{"type":"Feature","geometry":{"type":"Point","coordinates":[144.1748,-15.4442]},"properties":{"d":"2026-09-30","t":"0654","frp":54.9,"b":313.1,"c":1,"s":"MODIS","n":0}},{"type":"Feature","geometry":{"type":"Point","coordinates":[133.7223,-15.3557]},"properties":{"d":"2026-09-30","t":"0654","frp":15.8,"b":326.0,"c":1,"s":"MODIS","n":0}},{"type":"Feature","geometry":{"type":"Point","coordinates":[133.7315,-15.3543]},"properties":{"d":"2026-09-30","t":"0654","frp":19.3,"b":328.9,"c":1,"s":"MODIS","n":0}},{"type":"Feature","geometry":{"type":"Point","coordinates":[133.7902,-15.3097]},"properties":{"d":"2026-09-30","t":"0654","frp":297.4,"b":407.9,"c":2,"s":"MODIS","n":0}},{"type":"Feature","geometry":{"type":"Point","coordinates":[133.7993,-15.3084]},"properties":{"d":"2026-09-30","t":"0654","frp":137.5,"b":378.4,"c":2,"s":"MODIS","n":0}},{"type":"Feature","geometry":{"type":"Point","coordinates":[133.8085,-15.3071]},"properties":{"d":"2026-09-30","t":"0654","frp":26.2,"b":335.8,"c":1,"s":"MODIS","n":0}},{"type":"Feature","geometry":{"type":"Point","coordinates":[133.8176,-15.3058]},"properties":{"d":"2026-09-30","t":"0654","frp":12.1,"b":324.8,"c":1,"s":"MODIS","n":0}},{"type":"Feature","geometry":{"type":"Point","coordinates":[133.7797,-15.3022]},"properties":{"d":"2026-09-30","t":"0654","frp":33.0,"b":340.3,"c":1,"s":"MODIS","n":0}},{"type":"Feature","geometry":{"type":"Point","coordinates":[133.7888,-15.3009]},"properties":{"d":"2026-09-30","t":"0654","frp":245.2,"b":399.8,"c":2,"s":"MODIS","n":0}},{"type":"Feature","geometry":{"type":"Point","coordinates":[133.798,-15.2996]},"properties":{"d":"2026-09-30","t":"0654","frp":166.1,"b":384.9,"c":2,"s":"MODIS","n":0}},{"type":"Feature","geometry":{"type":"Point","coordinates":[134.3504,-15.2103]},"properties":{"d":"2026-09-30","t":"0654","frp":19.3,"b":330.4,"c":1,"s":"MODIS","n":0}},{"type":"Feature","geometry":{"type":"Point","coordinates":[134.3594,-15.209]},"properties":{"d":"2026-09-30","t":"0654","frp":20.1,"b":331.6,"c":1,"s":"MODIS","n":0}},{"type":"Feature","geometry":{"type":"Point","coordinates":[134.3684,-15.2077]},"properties":{"d":"2026-09-30","t":"0654","frp":24.3,"b":334.9,"c":2,"s":"MODIS","n":0}},{"type":"Feature","geometry":{"type":"Point","coordinates":[134.3775,-15.2064]},"properties":{"d":"2026-09-30","t":"0654","frp":29.9,"b":338.5,"c":2,"s":"MODIS","n":0}},{"type":"Feature","geometry":{"type":"Point","coordinates":[134.3865,-15.205]},"properties":{"d":"2026-09-30","t":"0654","frp":38.6,"b":343.6,"c":2,"s":"MODIS","n":0}},{"type":"Feature","geometry":{"type":"Point","coordinates":[134.3955,-15.2037]},"properties":{"d":"2026-09-30","t":"0654","frp":14.9,"b":327.5,"c":1,"s":"MODIS","n":0}},{"type":"Feature","geometry":{"type":"Point","coordinates":[135.5799,-15.0999]},"properties":{"d":"2026-09-30","t":"0654","frp":16.6,"b":327.9,"c":1,"s":"MODIS","n":0}},{"type":"Feature","geometry":{"type":"Point","coordinates":[135.5986,-15.097]},"properties":{"d":"2026-09-30","t":"0654","frp":34.2,"b":339.7,"c":2,"s":"MODIS","n":0}},{"type":"Feature","geometry":{"type":"Point","coordinates":[135.143,-14.6957]},"properties":{"d":"2026-09-30","t":"0654","frp":6.2,"b":316.9,"c":1,"s":"MODIS","n":0}},{"type":"Feature","geometry":{"type":"Point","coordinates":[134.5379,-14.5713]},"properties":{"d":"2026-09-30","t":"0654","frp":8.1,"b":318.3,"c":1,"s":"MODIS","n":0}},{"type":"Feature","geometry":{"type":"Point","coordinates":[130.294,-13.6324]},"properties":{"d":"2026-09-30","t":"0654","frp":43.5,"b":334.5,"c":1,"s":"MODIS","n":0}},{"type":"Feature","geometry":{"type":"Point","coordinates":[135.9896,-12.9472]},"properties":{"d":"2026-09-30","t":"0654","frp":16.0,"b":325.2,"c":1,"s":"MODIS","n":0}},{"type":"Feature","geometry":{"type":"Point","coordinates":[135.9995,-12.9457]},"properties":{"d":"2026-09-30","t":"0654","frp":52.0,"b":345.7,"c":2,"s":"MODIS","n":0}},{"type":"Feature","geometry":{"type":"Point","coordinates":[135.998,-12.9365]},"properties":{"d":"2026-09-30","t":"0654","frp":9.0,"b":318.1,"c":1,"s":"MODIS","n":0}},{"type":"Feature","geometry":{"type":"Point","coordinates":[136.0079,-12.9349]},"properties":{"d":"2026-09-30","t":"0654","frp":7.5,"b":316.7,"c":1,"s":"MODIS","n":0}},{"type":"Feature","geometry":{"type":"Point","coordinates":[135.9965,-12.9273]},"properties":{"d":"2026-09-30","t":"0654","frp":25.0,"b":330.9,"c":2,"s":"MODIS","n":0}},{"type":"Feature","geometry":{"type":"Point","coordinates":[136.396,-12.8839]},"properties":{"d":"2026-09-30","t":"0654","frp":9.2,"b":316.2,"c":0,"s":"MODIS","n":0}},{"type":"Feature","geometry":{"type":"Point","coordinates":[136.4168,-12.8807]},"properties":{"d":"2026-09-30","t":"0654","frp":9.2,"b":316.4,"c":1,"s":"MODIS","n":0}},{"type":"Feature","geometry":{"type":"Point","coordinates":[136.3944,-12.8745]},"properties":{"d":"2026-09-30","t":"0654","frp":25.3,"b":328.8,"c":2,"s":"MODIS","n":0}},{"type":"Feature","geometry":{"type":"Point","coordinates":[136.4048,-12.8729]},"properties":{"d":"2026-09-30","t":"0654","frp":35.1,"b":334.5,"c":2,"s":"MODIS","n":0}},{"type":"Feature","geometry":{"type":"Point","coordinates":[131.3861,-12.7173]},"properties":{"d":"2026-09-30","t":"0654","frp":10.9,"b":319.3,"c":1,"s":"MODIS","n":0}},{"type":"Feature","geometry":{"type":"Point","coordinates":[132.1868,-12.6775]},"properties":{"d":"2026-09-30","t":"0654","frp":13.7,"b":324.3,"c":1,"s":"MODIS","n":0}},{"type":"Feature","geometry":{"type":"Point","coordinates":[134.3243,-12.5612]},"properties":{"d":"2026-09-30","t":"0654","frp":6.4,"b":316.9,"c":1,"s":"MODIS","n":0}},{"type":"Feature","geometry":{"type":"Point","coordinates":[132.1633,-12.5335]},"properties":{"d":"2026-09-30","t":"0654","frp":15.2,"b":325.5,"c":1,"s":"MODIS","n":0}},{"type":"Feature","geometry":{"type":"Point","coordinates":[132.1729,-12.5322]},"properties":{"d":"2026-09-30","t":"0654","frp":41.0,"b":341.3,"c":2,"s":"MODIS","n":0}},{"type":"Feature","geometry":{"type":"Point","coordinates":[132.1619,-12.5244]},"properties":{"d":"2026-09-30","t":"0654","frp":13.0,"b":322.9,"c":1,"s":"MODIS","n":0}},{"type":"Feature","geometry":{"type":"Point","coordinates":[134.3609,-12.5018]},"properties":{"d":"2026-09-30","t":"0654","frp":21.4,"b":328.3,"c":1,"s":"MODIS","n":0}},{"type":"Feature","geometry":{"type":"Point","coordinates":[134.5977,-12.3265]},"properties":{"d":"2026-09-30","t":"0654","frp":19.2,"b":328.9,"c":2,"s":"MODIS","n":0}},{"type":"Feature","geometry":{"type":"Point","coordinates":[132.2069,-12.315]},"properties":{"d":"2026-09-30","t":"0654","frp":14.3,"b":322.3,"c":1,"s":"MODIS","n":0}},{"type":"Feature","geometry":{"type":"Point","coordinates":[134.5198,-12.3021]},"properties":{"d":"2026-09-30","t":"0654","frp":7.9,"b":319.3,"c":1,"s":"MODIS","n":0}},{"type":"Feature","geometry":{"type":"Point","coordinates":[134.0459,-12.2989]},"properties":{"d":"2026-09-30","t":"0654","frp":4.7,"b":314.3,"c":1,"s":"MODIS","n":0}},{"type":"Feature","geometry":{"type":"Point","coordinates":[134.0549,-12.2976]},"properties":{"d":"2026-09-30","t":"0654","frp":24.3,"b":332.4,"c":2,"s":"MODIS","n":0}},{"type":"Feature","geometry":{"type":"Point","coordinates":[134.5837,-12.2729]},"properties":{"d":"2026-09-30","t":"0654","frp":6.3,"b":317.1,"c":1,"s":"MODIS","n":0}},{"type":"Feature","geometry":{"type":"Point","coordinates":[134.5928,-12.2715]},"properties":{"d":"2026-09-30","t":"0654","frp":11.6,"b":322.1,"c":1,"s":"MODIS","n":0}},{"type":"Feature","geometry":{"type":"Point","coordinates":[136.8761,-12.2633]},"properties":{"d":"2026-09-30","t":"0654","frp":8.6,"b":310.8,"c":1,"s":"MODIS","n":0}},{"type":"Feature","geometry":{"type":"Point","coordinates":[135.8219,-12.2238]},"properties":{"d":"2026-09-30","t":"0654","frp":38.8,"b":336.8,"c":2,"s":"MODIS","n":0}},{"type":"Feature","geometry":{"type":"Point","coordinates":[135.8319,-12.2223]},"properties":{"d":"2026-09-30","t":"0654","frp":9.2,"b":315.3,"c":1,"s":"MODIS","n":0}},{"type":"Feature","geometry":{"type":"Point","coordinates":[134.3335,-12.1901]},"properties":{"d":"2026-09-30","t":"0654","frp":8.9,"b":320.3,"c":0,"s":"MODIS","n":0}},{"type":"Feature","geometry":{"type":"Point","coordinates":[134.2435,-12.1207]},"properties":{"d":"2026-09-30","t":"0654","frp":30.1,"b":336.2,"c":2,"s":"MODIS","n":0}},{"type":"Feature","geometry":{"type":"Point","coordinates":[134.2525,-12.1194]},"properties":{"d":"2026-09-30","t":"0654","frp":18.2,"b":327.6,"c":1,"s":"MODIS","n":0}},{"type":"Feature","geometry":{"type":"Point","coordinates":[134.2421,-12.1119]},"properties":{"d":"2026-09-30","t":"0654","frp":12.8,"b":321.9,"c":1,"s":"MODIS","n":0}},{"type":"Feature","geometry":{"type":"Point","coordinates":[134.2511,-12.1106]},"properties":{"d":"2026-09-30","t":"0654","frp":18.2,"b":326.9,"c":1,"s":"MODIS","n":0}},{"type":"Feature","geometry":{"type":"Point","coordinates":[134.2725,-12.0715]},"properties":{"d":"2026-09-30","t":"0654","frp":28.8,"b":335.3,"c":2,"s":"MODIS","n":0}},{"type":"Feature","geometry":{"type":"Point","coordinates":[133.5575,-12.0103]},"properties":{"d":"2026-09-30","t":"0654","frp":9.9,"b":318.7,"c":1,"s":"MODIS","n":0}},{"type":"Feature","geometry":{"type":"Point","coordinates":[132.7571,-11.9689]},"properties":{"d":"2026-09-30","t":"0654","frp":29.4,"b":337.5,"c":2,"s":"MODIS","n":0}},{"type":"Feature","geometry":{"type":"Point","coordinates":[132.7662,-11.9676]},"properties":{"d":"2026-09-30","t":"0654","frp":37.6,"b":342.4,"c":2,"s":"MODIS","n":0}},{"type":"Feature","geometry":{"type":"Point","coordinates":[132.7649,-11.9588]},"properties":{"d":"2026-09-30","t":"0654","frp":19.4,"b":330.4,"c":2,"s":"MODIS","n":0}},{"type":"Feature","geometry":{"type":"Point","coordinates":[135.6987,-11.9553]},"properties":{"d":"2026-09-30","t":"0654","frp":5.7,"b":312.4,"c":1,"s":"MODIS","n":0}},{"type":"Feature","geometry":{"type":"Point","coordinates":[132.7635,-11.9499]},"properties":{"d":"2026-09-30","t":"0654","frp":11.9,"b":323.7,"c":1,"s":"MODIS","n":0}},{"type":"Feature","geometry":{"type":"Point","coordinates":[135.8431,-11.879]},"properties":{"d":"2026-09-30","t":"0654","frp":7.8,"b":313.4,"c":1,"s":"MODIS","n":0}},{"type":"Feature","geometry":{"type":"Point","coordinates":[130.3963,-11.7904]},"properties":{"d":"2026-09-30","t":"0654","frp":10.1,"b":317.2,"c":0,"s":"MODIS","n":0}},{"type":"Feature","geometry":{"type":"Point","coordinates":[135.8938,-11.7876]},"properties":{"d":"2026-09-30","t":"0654","frp":8.6,"b":313.4,"c":1,"s":"MODIS","n":0}},{"type":"Feature","geometry":{"type":"Point","coordinates":[130.6903,-11.7307]},"properties":{"d":"2026-09-30","t":"0654","frp":34.7,"b":334.0,"c":2,"s":"MODIS","n":0}},{"type":"Feature","geometry":{"type":"Point","coordinates":[130.6846,-11.7295]},"properties":{"d":"2026-09-30","t":"0654","frp":24.1,"b":327.9,"c":1,"s":"MODIS","n":0}},{"type":"Feature","geometry":{"type":"Point","coordinates":[130.6958,-11.7279]},"properties":{"d":"2026-09-30","t":"0654","frp":14.1,"b":322.1,"c":1,"s":"MODIS","n":0}},{"type":"Feature","geometry":{"type":"Point","coordinates":[130.7122,-11.5314]},"properties":{"d":"2026-09-30","t":"0654","frp":54.1,"b":341.1,"c":2,"s":"MODIS","n":0}},{"type":"Feature","geometry":{"type":"Point","coordinates":[130.7232,-11.5298]},"properties":{"d":"2026-09-30","t":"0654","frp":47.8,"b":338.7,"c":2,"s":"MODIS","n":0}},{"type":"Feature","geometry":{"type":"Point","coordinates":[130.7107,-11.5217]},"properties":{"d":"2026-09-30","t":"0654","frp":18.6,"b":320.5,"c":1,"s":"MODIS","n":0}},{"type":"Feature","geometry":{"type":"Point","coordinates":[130.7218,-11.5201]},"properties":{"d":"2026-09-30","t":"0654","frp":18.2,"b":320.6,"c":1,"s":"MODIS","n":0}},{"type":"Feature","geometry":{"type":"Point","coordinates":[141.2324,-9.1154]},"properties":{"d":"2026-09-30","t":"0654","frp":63.0,"b":321.0,"c":0,"s":"MODIS","n":0}},{"type":"Feature","geometry":{"type":"Point","coordinates":[141.2299,-9.1009]},"properties":{"d":"2026-09-30","t":"0654","frp":79.8,"b":324.3,"c":1,"s":"MODIS","n":0}},{"type":"Feature","geometry":{"type":"Point","coordinates":[141.2218,-9.0986]},"properties":{"d":"2026-09-30","t":"0654","frp":94.4,"b":326.8,"c":1,"s":"MODIS","n":0}},{"type":"Feature","geometry":{"type":"Point","coordinates":[149.4174,-36.3535]},"properties":{"d":"2026-09-30","t":"1102","frp":8.9,"b":303.0,"c":1,"s":"MODIS","n":1}},{"type":"Feature","geometry":{"type":"Point","coordinates":[150.8772,-34.4609]},"properties":{"d":"2026-09-30","t":"1102","frp":8.7,"b":305.3,"c":1,"s":"MODIS","n":1}},{"type":"Feature","geometry":{"type":"Point","coordinates":[147.6331,-32.2943]},"properties":{"d":"2026-09-30","t":"1102","frp":6.6,"b":301.7,"c":1,"s":"MODIS","n":1}},{"type":"Feature","geometry":{"type":"Point","coordinates":[147.6439,-32.2929]},"properties":{"d":"2026-09-30","t":"1102","frp":5.8,"b":300.0,"c":0,"s":"MODIS","n":1}},{"type":"Feature","geometry":{"type":"Point","coordinates":[146.9862,-31.6232]},"properties":{"d":"2026-09-30","t":"1102","frp":12.4,"b":308.2,"c":1,"s":"MODIS","n":1}},{"type":"Feature","geometry":{"type":"Point","coordinates":[147.0451,-31.1663]},"properties":{"d":"2026-09-30","t":"1102","frp":8.8,"b":308.2,"c":1,"s":"MODIS","n":1}},{"type":"Feature","geometry":{"type":"Point","coordinates":[146.7508,-31.1207]},"properties":{"d":"2026-09-30","t":"1102","frp":8.9,"b":305.7,"c":1,"s":"MODIS","n":1}},{"type":"Feature","geometry":{"type":"Point","coordinates":[146.7619,-31.1193]},"properties":{"d":"2026-09-30","t":"1102","frp":23.1,"b":321.7,"c":2,"s":"MODIS","n":1}},{"type":"Feature","geometry":{"type":"Point","coordinates":[146.8029,-31.0955]},"properties":{"d":"2026-09-30","t":"1102","frp":7.3,"b":304.0,"c":1,"s":"MODIS","n":1}},{"type":"Feature","geometry":{"type":"Point","coordinates":[148.1834,-30.9348]},"properties":{"d":"2026-09-30","t":"1102","frp":34.2,"b":332.8,"c":2,"s":"MODIS","n":1}},{"type":"Feature","geometry":{"type":"Point","coordinates":[148.1937,-30.9334]},"properties":{"d":"2026-09-30","t":"1102","frp":82.7,"b":357.7,"c":2,"s":"MODIS","n":1}},{"type":"Feature","geometry":{"type":"Point","coordinates":[151.8184,-30.9298]},"properties":{"d":"2026-09-30","t":"1102","frp":43.2,"b":329.9,"c":2,"s":"MODIS","n":1}},{"type":"Feature","geometry":{"type":"Point","coordinates":[148.1818,-30.9259]},"properties":{"d":"2026-09-30","t":"1102","frp":25.3,"b":325.6,"c":2,"s":"MODIS","n":1}},{"type":"Feature","geometry":{"type":"Point","coordinates":[148.1921,-30.9245]},"properties":{"d":"2026-09-30","t":"1102","frp":29.2,"b":328.7,"c":2,"s":"MODIS","n":1}},{"type":"Feature","geometry":{"type":"Point","coordinates":[148.3191,-29.4253]},"properties":{"d":"2026-09-30","t":"1104","frp":6.7,"b":303.1,"c":1,"s":"MODIS","n":1}},{"type":"Feature","geometry":{"type":"Point","coordinates":[149.5135,-29.3189]},"properties":{"d":"2026-09-30","t":"1104","frp":7.2,"b":301.4,"c":1,"s":"MODIS","n":1}},{"type":"Feature","geometry":{"type":"Point","coordinates":[153.5103,-28.9146]},"properties":{"d":"2026-09-30","t":"1104","frp":14.0,"b":302.8,"c":1,"s":"MODIS","n":1}},{"type":"Feature","geometry":{"type":"Point","coordinates":[148.7717,-27.7947]},"properties":{"d":"2026-09-30","t":"1104","frp":5.7,"b":302.2,"c":1,"s":"MODIS","n":1}},{"type":"Feature","geometry":{"type":"Point","coordinates":[148.7818,-27.7932]},"properties":{"d":"2026-09-30","t":"1104","frp":9.7,"b":308.2,"c":1,"s":"MODIS","n":1}},{"type":"Feature","geometry":{"type":"Point","coordinates":[152.0921,-27.4369]},"properties":{"d":"2026-09-30","t":"1104","frp":12.2,"b":302.7,"c":1,"s":"MODIS","n":1}},{"type":"Feature","geometry":{"type":"Point","coordinates":[149.2049,-27.3987]},"properties":{"d":"2026-09-30","t":"1104","frp":17.8,"b":318.7,"c":2,"s":"MODIS","n":1}},{"type":"Feature","geometry":{"type":"Point","coordinates":[149.2153,-27.3972]},"properties":{"d":"2026-09-30","t":"1104","frp":54.3,"b":343.8,"c":2,"s":"MODIS","n":1}},{"type":"Feature","geometry":{"type":"Point","coordinates":[149.2257,-27.3956]},"properties":{"d":"2026-09-30","t":"1104","frp":10.0,"b":308.9,"c":1,"s":"MODIS","n":1}},{"type":"Feature","geometry":{"type":"Point","coordinates":[149.2079,-27.3896]},"properties":{"d":"2026-09-30","t":"1104","frp":13.0,"b":311.2,"c":2,"s":"MODIS","n":1}},{"type":"Feature","geometry":{"type":"Point","coordinates":[149.2183,-27.3881]},"properties":{"d":"2026-09-30","t":"1104","frp":8.1,"b":304.4,"c":1,"s":"MODIS","n":1}},{"type":"Feature","geometry":{"type":"Point","coordinates":[150.1296,-26.3999]},"properties":{"d":"2026-09-30","t":"1104","frp":20.9,"b":318.3,"c":2,"s":"MODIS","n":1}},{"type":"Feature","geometry":{"type":"Point","coordinates":[150.141,-26.3982]},"properties":{"d":"2026-09-30","t":"1104","frp":103.7,"b":358.4,"c":2,"s":"MODIS","n":1}},{"type":"Feature","geometry":{"type":"Point","coordinates":[150.1525,-26.3964]},"properties":{"d":"2026-09-30","t":"1104","frp":22.6,"b":319.3,"c":2,"s":"MODIS","n":1}},{"type":"Feature","geometry":{"type":"Point","coordinates":[150.1391,-26.3887]},"properties":{"d":"2026-09-30","t":"1104","frp":8.4,"b":305.6,"c":1,"s":"MODIS","n":1}},{"type":"Feature","geometry":{"type":"Point","coordinates":[150.1506,-26.3869]},"properties":{"d":"2026-09-30","t":"1104","frp":20.6,"b":318.0,"c":2,"s":"MODIS","n":1}},{"type":"Feature","geometry":{"type":"Point","coordinates":[150.1144,-26.3828]},"properties":{"d":"2026-09-30","t":"1104","frp":84.9,"b":352.9,"c":2,"s":"MODIS","n":1}},{"type":"Feature","geometry":{"type":"Point","coordinates":[150.1258,-26.381]},"properties":{"d":"2026-09-30","t":"1104","frp":54.7,"b":341.0,"c":2,"s":"MODIS","n":1}},{"type":"Feature","geometry":{"type":"Point","coordinates":[150.1239,-26.3716]},"properties":{"d":"2026-09-30","t":"1104","frp":19.1,"b":319.4,"c":1,"s":"MODIS","n":1}},{"type":"Feature","geometry":{"type":"Point","coordinates":[150.1353,-26.3698]},"properties":{"d":"2026-09-30","t":"1104","frp":37.0,"b":331.4,"c":2,"s":"MODIS","n":1}},{"type":"Feature","geometry":{"type":"Point","coordinates":[150.1107,-26.3639]},"properties":{"d":"2026-09-30","t":"1104","frp":17.1,"b":316.2,"c":2,"s":"MODIS","n":1}},{"type":"Feature","geometry":{"type":"Point","coordinates":[150.122,-26.3621]},"properties":{"d":"2026-09-30","t":"1104","frp":27.3,"b":324.9,"c":2,"s":"MODIS","n":1}},{"type":"Feature","geometry":{"type":"Point","coordinates":[150.1449,-26.3585]},"properties":{"d":"2026-09-30","t":"1104","frp":24.0,"b":321.4,"c":2,"s":"MODIS","n":1}},{"type":"Feature","geometry":{"type":"Point","coordinates":[150.1202,-26.3527]},"properties":{"d":"2026-09-30","t":"1104","frp":18.8,"b":317.9,"c":2,"s":"MODIS","n":1}},{"type":"Feature","geometry":{"type":"Point","coordinates":[150.1316,-26.3509]},"properties":{"d":"2026-09-30","t":"1104","frp":12.1,"b":311.3,"c":0,"s":"MODIS","n":1}},{"type":"Feature","geometry":{"type":"Point","coordinates":[149.6308,-26.3111]},"properties":{"d":"2026-09-30","t":"1104","frp":10.5,"b":307.2,"c":1,"s":"MODIS","n":1}},{"type":"Feature","geometry":{"type":"Point","coordinates":[149.6417,-26.3095]},"properties":{"d":"2026-09-30","t":"1104","frp":32.4,"b":327.6,"c":2,"s":"MODIS","n":1}},{"type":"Feature","geometry":{"type":"Point","coordinates":[149.6399,-26.3002]},"properties":{"d":"2026-09-30","t":"1104","frp":37.6,"b":331.4,"c":2,"s":"MODIS","n":1}},{"type":"Feature","geometry":{"type":"Point","coordinates":[145.5681,-24.5038]},"properties":{"d":"2026-09-30","t":"1104","frp":9.5,"b":309.8,"c":1,"s":"MODIS","n":1}},{"type":"Feature","geometry":{"type":"Point","coordinates":[149.5349,-24.1731]},"properties":{"d":"2026-09-30","t":"1104","frp":6.4,"b":302.4,"c":1,"s":"MODIS","n":1}}]}