{"type":"FeatureCollection","features":[{"type":"Feature","geometry":{"type":"Point","coordinates":[147.3424,-42.3364]},"properties":{"d":"2026-10-09","t":"0321","frp":2.1,"b":325.2,"c":0,"s":"N21","n":0}},{"type":"Feature","geometry":{"type":"Point","coordinates":[146.7755,-42.0466]},"properties":{"d":"2026-10-09","t":"0321","frp":7.9,"b":347.2,"c":1,"s":"N21","n":0}},{"type":"Feature","geometry":{"type":"Point","coordinates":[144.7896,-37.8316]},"properties":{"d":"2026-10-09","t":"0323","frp":4.5,"b":335.4,"c":1,"s":"N21","n":0}},{"type":"Feature","geometry":{"type":"Point","coordinates":[145.5869,-35.5808]},"properties":{"d":"2026-10-09","t":"0323","frp":19.1,"b":341.4,"c":1,"s":"N21","n":0}},{"type":"Feature","geometry":{"type":"Point","coordinates":[145.5908,-35.5806]},"properties":{"d":"2026-10-09","t":"0323","frp":16.7,"b":367.0,"c":2,"s":"N21","n":0}},{"type":"Feature","geometry":{"type":"Point","coordinates":[145.5948,-35.5803]},"properties":{"d":"2026-10-09","t":"0323","frp":16.7,"b":325.9,"c":1,"s":"N21","n":0}},{"type":"Feature","geometry":{"type":"Point","coordinates":[145.5864,-35.5755]},"properties":{"d":"2026-10-09","t":"0323","frp":19.1,"b":327.5,"c":1,"s":"N21","n":0}},{"type":"Feature","geometry":{"type":"Point","coordinates":[145.5904,-35.5753]},"properties":{"d":"2026-10-09","t":"0323","frp":16.7,"b":355.5,"c":1,"s":"N21","n":0}},{"type":"Feature","geometry":{"type":"Point","coordinates":[150.8859,-34.4601]},"properties":{"d":"2026-10-09","t":"0323","frp":7.3,"b":345.6,"c":1,"s":"N21","n":0}},{"type":"Feature","geometry":{"type":"Point","coordinates":[148.2109,-34.3236]},"properties":{"d":"2026-10-09","t":"0323","frp":10.5,"b":328.4,"c":1,"s":"N21","n":0}},{"type":"Feature","geometry":{"type":"Point","coordinates":[151.1946,-32.7196]},"properties":{"d":"2026-10-09","t":"0325","frp":8.8,"b":345.9,"c":1,"s":"N21","n":0}},{"type":"Feature","geometry":{"type":"Point","coordinates":[146.6176,-32.3657]},"properties":{"d":"2026-10-09","t":"0325","frp":18.4,"b":341.7,"c":0,"s":"N21","n":0}},{"type":"Feature","geometry":{"type":"Point","coordinates":[146.612,-32.3653]},"properties":{"d":"2026-10-09","t":"0325","frp":13.6,"b":342.1,"c":0,"s":"N21","n":0}},{"type":"Feature","geometry":{"type":"Point","coordinates":[146.6304,-32.3638]},"properties":{"d":"2026-10-09","t":"0325","frp":19.0,"b":353.3,"c":1,"s":"N21","n":0}},{"type":"Feature","geometry":{"type":"Point","coordinates":[146.611,-32.3614]},"properties":{"d":"2026-10-09","t":"0325","frp":13.3,"b":341.8,"c":0,"s":"N21","n":0}},{"type":"Feature","geometry":{"type":"Point","coordinates":[146.6115,-32.3605]},"properties":{"d":"2026-10-09","t":"0325","frp":13.6,"b":339.5,"c":0,"s":"N21","n":0}},{"type":"Feature","geometry":{"type":"Point","coordinates":[146.6232,-32.3603]},"properties":{"d":"2026-10-09","t":"0325","frp":18.4,"b":348.6,"c":1,"s":"N21","n":0}},{"type":"Feature","geometry":{"type":"Point","coordinates":[146.6293,-32.3598]},"properties":{"d":"2026-10-09","t":"0325","frp":44.2,"b":367.0,"c":2,"s":"N21","n":0}},{"type":"Feature","geometry":{"type":"Point","coordinates":[146.6238,-32.3595]},"properties":{"d":"2026-10-09","t":"0325","frp":19.0,"b":353.9,"c":1,"s":"N21","n":0}},{"type":"Feature","geometry":{"type":"Point","coordinates":[146.6299,-32.359]},"properties":{"d":"2026-10-09","t":"0325","frp":19.0,"b":355.7,"c":1,"s":"N21","n":0}},{"type":"Feature","geometry":{"type":"Point","coordinates":[152.0825,-31.8553]},"properties":{"d":"2026-10-09","t":"0325","frp":3.5,"b":333.1,"c":1,"s":"N21","n":0}},{"type":"Feature","geometry":{"type":"Point","coordinates":[152.0772,-31.8523]},"properties":{"d":"2026-10-09","t":"0325","frp":12.4,"b":344.0,"c":1,"s":"N21","n":0}},{"type":"Feature","geometry":{"type":"Point","coordinates":[152.0765,-31.8487]},"properties":{"d":"2026-10-09","t":"0325","frp":12.4,"b":334.4,"c":1,"s":"N21","n":0}},{"type":"Feature","geometry":{"type":"Point","coordinates":[152.2125,-31.777]},"properties":{"d":"2026-10-09","t":"0325","frp":3.3,"b":332.6,"c":1,"s":"N21","n":0}},{"type":"Feature","geometry":{"type":"Point","coordinates":[145.8026,-31.6112]},"properties":{"d":"2026-10-09","t":"0325","frp":29.8,"b":346.9,"c":1,"s":"N21","n":0}},{"type":"Feature","geometry":{"type":"Point","coordinates":[152.5819,-31.4908]},"properties":{"d":"2026-10-09","t":"0325","frp":10.9,"b":337.9,"c":1,"s":"N21","n":0}},{"type":"Feature","geometry":{"type":"Point","coordinates":[147.6678,-31.4455]},"properties":{"d":"2026-10-09","t":"0325","frp":11.1,"b":345.2,"c":0,"s":"N21","n":0}},{"type":"Feature","geometry":{"type":"Point","coordinates":[151.7157,-31.2541]},"properties":{"d":"2026-10-09","t":"0325","frp":4.7,"b":334.7,"c":1,"s":"N21","n":0}},{"type":"Feature","geometry":{"type":"Point","coordinates":[151.4986,-31.2223]},"properties":{"d":"2026-10-09","t":"0325","frp":8.4,"b":343.9,"c":1,"s":"N21","n":0}},{"type":"Feature","geometry":{"type":"Point","coordinates":[151.3702,-30.9516]},"properties":{"d":"2026-10-09","t":"0325","frp":9.0,"b":341.7,"c":1,"s":"N21","n":0}},{"type":"Feature","geometry":{"type":"Point","coordinates":[151.3752,-30.951]},"properties":{"d":"2026-10-09","t":"0325","frp":10.5,"b":347.0,"c":1,"s":"N21","n":0}},{"type":"Feature","geometry":{"type":"Point","coordinates":[147.7283,-30.6882]},"properties":{"d":"2026-10-09","t":"0325","frp":8.2,"b":345.4,"c":1,"s":"N21","n":0}},{"type":"Feature","geometry":{"type":"Point","coordinates":[147.7272,-30.6794]},"properties":{"d":"2026-10-09","t":"0325","frp":15.5,"b":343.3,"c":1,"s":"N21","n":0}},{"type":"Feature","geometry":{"type":"Point","coordinates":[147.7266,-30.6749]},"properties":{"d":"2026-10-09","t":"0325","frp":15.5,"b":351.5,"c":1,"s":"N21","n":0}},{"type":"Feature","geometry":{"type":"Point","coordinates":[147.7243,-30.6715]},"properties":{"d":"2026-10-09","t":"0325","frp":20.7,"b":339.5,"c":1,"s":"N21","n":0}},{"type":"Feature","geometry":{"type":"Point","coordinates":[147.7293,-30.671]},"properties":{"d":"2026-10-09","t":"0325","frp":20.7,"b":342.5,"c":1,"s":"N21","n":0}},{"type":"Feature","geometry":{"type":"Point","coordinates":[147.726,-30.6705]},"properties":{"d":"2026-10-09","t":"0325","frp":20.4,"b":343.8,"c":1,"s":"N21","n":0}},{"type":"Feature","geometry":{"type":"Point","coordinates":[152.8165,-29.5764]},"properties":{"d":"2026-10-09","t":"0325","frp":10.2,"b":347.0,"c":1,"s":"N21","n":0}},{"type":"Feature","geometry":{"type":"Point","coordinates":[152.8207,-29.5758]},"properties":{"d":"2026-10-09","t":"0325","frp":10.9,"b":332.7,"c":1,"s":"N21","n":0}},{"type":"Feature","geometry":{"type":"Point","coordinates":[152.8117,-29.5735]},"properties":{"d":"2026-10-09","t":"0325","frp":10.2,"b":334.1,"c":0,"s":"N21","n":0}},{"type":"Feature","geometry":{"type":"Point","coordinates":[152.8159,-29.573]},"properties":{"d":"2026-10-09","t":"0325","frp":10.2,"b":344.9,"c":1,"s":"N21","n":0}},{"type":"Feature","geometry":{"type":"Point","coordinates":[152.8153,-29.5695]},"properties":{"d":"2026-10-09","t":"0325","frp":12.4,"b":348.1,"c":1,"s":"N21","n":0}},{"type":"Feature","geometry":{"type":"Point","coordinates":[152.6619,-29.4543]},"properties":{"d":"2026-10-09","t":"0325","frp":5.7,"b":345.0,"c":1,"s":"N21","n":0}},{"type":"Feature","geometry":{"type":"Point","coordinates":[152.8267,-29.0401]},"properties":{"d":"2026-10-09","t":"0325","frp":4.3,"b":334.7,"c":1,"s":"N21","n":0}},{"type":"Feature","geometry":{"type":"Point","coordinates":[148.2188,-28.9196]},"properties":{"d":"2026-10-09","t":"0325","frp":3.9,"b":334.4,"c":0,"s":"N21","n":0}},{"type":"Feature","geometry":{"type":"Point","coordinates":[152.3581,-28.7661]},"properties":{"d":"2026-10-09","t":"0325","frp":2.3,"b":330.5,"c":1,"s":"N21","n":0}},{"type":"Feature","geometry":{"type":"Point","coordinates":[153.4787,-28.3029]},"properties":{"d":"2026-10-09","t":"0325","frp":5.5,"b":333.0,"c":1,"s":"N21","n":0}},{"type":"Feature","geometry":{"type":"Point","coordinates":[152.53,-28.1729]},"properties":{"d":"2026-10-09","t":"0325","frp":9.8,"b":344.0,"c":1,"s":"N21","n":0}},{"type":"Feature","geometry":{"type":"Point","coordinates":[152.5294,-28.1695]},"properties":{"d":"2026-10-09","t":"0325","frp":9.8,"b":336.1,"c":1,"s":"N21","n":0}},{"type":"Feature","geometry":{"type":"Point","coordinates":[148.7421,-27.8602]},"properties":{"d":"2026-10-09","t":"0325","frp":19.2,"b":346.2,"c":1,"s":"N21","n":0}},{"type":"Feature","geometry":{"type":"Point","coordinates":[148.746,-27.8597]},"properties":{"d":"2026-10-09","t":"0325","frp":19.2,"b":351.8,"c":1,"s":"N21","n":0}},{"type":"Feature","geometry":{"type":"Point","coordinates":[148.3545,-27.8252]},"properties":{"d":"2026-10-09","t":"0325","frp":31.2,"b":353.1,"c":1,"s":"N21","n":0}},{"type":"Feature","geometry":{"type":"Point","coordinates":[148.7781,-27.799]},"properties":{"d":"2026-10-09","t":"0325","frp":61.1,"b":337.9,"c":0,"s":"N21","n":0}},{"type":"Feature","geometry":{"type":"Point","coordinates":[148.7835,-27.7943]},"properties":{"d":"2026-10-09","t":"0325","frp":53.0,"b":347.5,"c":1,"s":"N21","n":0}},{"type":"Feature","geometry":{"type":"Point","coordinates":[146.4033,-26.9281]},"properties":{"d":"2026-10-09","t":"0325","frp":14.3,"b":351.9,"c":1,"s":"N21","n":0}},{"type":"Feature","geometry":{"type":"Point","coordinates":[146.4028,-26.9235]},"properties":{"d":"2026-10-09","t":"0325","frp":28.0,"b":343.3,"c":1,"s":"N21","n":0}},{"type":"Feature","geometry":{"type":"Point","coordinates":[146.4079,-26.923]},"properties":{"d":"2026-10-09","t":"0325","frp":28.0,"b":342.3,"c":1,"s":"N21","n":0}},{"type":"Feature","geometry":{"type":"Point","coordinates":[146.4022,-26.9189]},"properties":{"d":"2026-10-09","t":"0325","frp":28.0,"b":337.5,"c":1,"s":"N21","n":0}},{"type":"Feature","geometry":{"type":"Point","coordinates":[146.4074,-26.9184]},"properties":{"d":"2026-10-09","t":"0325","frp":28.0,"b":350.0,"c":1,"s":"N21","n":0}},{"type":"Feature","geometry":{"type":"Point","coordinates":[152.4573,-26.0566]},"properties":{"d":"2026-10-09","t":"0328","frp":5.1,"b":336.7,"c":0,"s":"N21","n":0}},{"type":"Feature","geometry":{"type":"Point","coordinates":[152.4441,-25.9122]},"properties":{"d":"2026-10-09","t":"0328","frp":3.5,"b":334.9,"c":0,"s":"N21","n":0}},{"type":"Feature","geometry":{"type":"Point","coordinates":[147.8006,-25.2336]},"properties":{"d":"2026-10-09","t":"0328","frp":10.7,"b":354.9,"c":1,"s":"N21","n":0}},{"type":"Feature","geometry":{"type":"Point","coordinates":[147.8046,-25.2332]},"properties":{"d":"2026-10-09","t":"0328","frp":7.7,"b":339.3,"c":1,"s":"N21","n":0}},{"type":"Feature","geometry":{"type":"Point","coordinates":[147.8001,-25.2295]},"properties":{"d":"2026-10-09","t":"0328","frp":5.6,"b":340.5,"c":1,"s":"N21","n":0}},{"type":"Feature","geometry":{"type":"Point","coordinates":[147.8041,-25.2291]},"properties":{"d":"2026-10-09","t":"0328","frp":8.8,"b":340.4,"c":1,"s":"N21","n":0}},{"type":"Feature","geometry":{"type":"Point","coordinates":[147.8121,-25.2282]},"properties":{"d":"2026-10-09","t":"0328","frp":4.8,"b":330.3,"c":1,"s":"N21","n":0}},{"type":"Feature","geometry":{"type":"Point","coordinates":[147.7996,-25.2254]},"properties":{"d":"2026-10-09","t":"0328","frp":5.6,"b":339.1,"c":1,"s":"N21","n":0}},{"type":"Feature","geometry":{"type":"Point","coordinates":[147.8036,-25.225]},"properties":{"d":"2026-10-09","t":"0328","frp":8.8,"b":342.2,"c":1,"s":"N21","n":0}},{"type":"Feature","geometry":{"type":"Point","coordinates":[147.8076,-25.2245]},"properties":{"d":"2026-10-09","t":"0328","frp":8.8,"b":367.0,"c":2,"s":"N21","n":0}},{"type":"Feature","geometry":{"type":"Point","coordinates":[147.8115,-25.2241]},"properties":{"d":"2026-10-09","t":"0328","frp":4.8,"b":355.6,"c":1,"s":"N21","n":0}},{"type":"Feature","geometry":{"type":"Point","coordinates":[147.8156,-25.2236]},"properties":{"d":"2026-10-09","t":"0328","frp":4.8,"b":335.7,"c":1,"s":"N21","n":0}},{"type":"Feature","geometry":{"type":"Point","coordinates":[147.7951,-25.2218]},"properties":{"d":"2026-10-09","t":"0328","frp":7.6,"b":330.1,"c":1,"s":"N21","n":0}},{"type":"Feature","geometry":{"type":"Point","coordinates":[147.7904,-25.2181]},"properties":{"d":"2026-10-09","t":"0328","frp":13.1,"b":367.0,"c":2,"s":"N21","n":0}},{"type":"Feature","geometry":{"type":"Point","coordinates":[147.7946,-25.2176]},"properties":{"d":"2026-10-09","t":"0328","frp":7.6,"b":354.0,"c":1,"s":"N21","n":0}},{"type":"Feature","geometry":{"type":"Point","coordinates":[148.0745,-25.0619]},"properties":{"d":"2026-10-09","t":"0328","frp":25.9,"b":341.4,"c":1,"s":"N21","n":0}},{"type":"Feature","geometry":{"type":"Point","coordinates":[148.0738,-25.0579]},"properties":{"d":"2026-10-09","t":"0328","frp":22.0,"b":343.5,"c":1,"s":"N21","n":0}},{"type":"Feature","geometry":{"type":"Point","coordinates":[148.0779,-25.0575]},"properties":{"d":"2026-10-09","t":"0328","frp":15.6,"b":335.5,"c":0,"s":"N21","n":0}},{"type":"Feature","geometry":{"type":"Point","coordinates":[148.0703,-25.0574]},"properties":{"d":"2026-10-09","t":"0328","frp":13.4,"b":352.2,"c":1,"s":"N21","n":0}},{"type":"Feature","geometry":{"type":"Point","coordinates":[148.0822,-25.057]},"properties":{"d":"2026-10-09","t":"0328","frp":15.6,"b":340.4,"c":1,"s":"N21","n":0}},{"type":"Feature","geometry":{"type":"Point","coordinates":[148.0784,-25.0564]},"properties":{"d":"2026-10-09","t":"0328","frp":15.1,"b":338.2,"c":0,"s":"N21","n":0}},{"type":"Feature","geometry":{"type":"Point","coordinates":[148.0828,-25.0559]},"properties":{"d":"2026-10-09","t":"0328","frp":15.1,"b":340.2,"c":1,"s":"N21","n":0}},{"type":"Feature","geometry":{"type":"Point","coordinates":[148.0693,-25.0544]},"properties":{"d":"2026-10-09","t":"0328","frp":22.0,"b":355.8,"c":1,"s":"N21","n":0}},{"type":"Feature","geometry":{"type":"Point","coordinates":[148.0659,-25.0538]},"properties":{"d":"2026-10-09","t":"0328","frp":5.7,"b":339.1,"c":1,"s":"N21","n":0}},{"type":"Feature","geometry":{"type":"Point","coordinates":[148.0698,-25.0533]},"properties":{"d":"2026-10-09","t":"0328","frp":13.4,"b":341.9,"c":1,"s":"N21","n":0}},{"type":"Feature","geometry":{"type":"Point","coordinates":[148.0815,-25.053]},"properties":{"d":"2026-10-09","t":"0328","frp":15.6,"b":342.3,"c":1,"s":"N21","n":0}},{"type":"Feature","geometry":{"type":"Point","coordinates":[148.082,-25.0519]},"properties":{"d":"2026-10-09","t":"0328","frp":15.1,"b":339.7,"c":1,"s":"N21","n":0}},{"type":"Feature","geometry":{"type":"Point","coordinates":[148.0693,-25.0493]},"properties":{"d":"2026-10-09","t":"0328","frp":5.2,"b":342.4,"c":1,"s":"N21","n":0}},{"type":"Feature","geometry":{"type":"Point","coordinates":[148.0733,-25.0488]},"properties":{"d":"2026-10-09","t":"0328","frp":5.2,"b":333.4,"c":1,"s":"N21","n":0}},{"type":"Feature","geometry":{"type":"Point","coordinates":[148.0813,-25.0479]},"properties":{"d":"2026-10-09","t":"0328","frp":5.5,"b":346.0,"c":1,"s":"N21","n":0}},{"type":"Feature","geometry":{"type":"Point","coordinates":[149.2124,-25.0469]},"properties":{"d":"2026-10-09","t":"0328","frp":8.1,"b":338.2,"c":1,"s":"N21","n":0}},{"type":"Feature","geometry":{"type":"Point","coordinates":[149.2174,-25.0463]},"properties":{"d":"2026-10-09","t":"0328","frp":8.1,"b":331.7,"c":1,"s":"N21","n":0}},{"type":"Feature","geometry":{"type":"Point","coordinates":[148.0729,-25.0448]},"properties":{"d":"2026-10-09","t":"0328","frp":5.2,"b":345.9,"c":1,"s":"N21","n":0}},{"type":"Feature","geometry":{"type":"Point","coordinates":[148.0769,-25.0443]},"properties":{"d":"2026-10-09","t":"0328","frp":5.5,"b":336.4,"c":1,"s":"N21","n":0}},{"type":"Feature","geometry":{"type":"Point","coordinates":[146.8955,-24.9054]},"properties":{"d":"2026-10-09","t":"0328","frp":3.8,"b":339.6,"c":1,"s":"N21","n":0}},{"type":"Feature","geometry":{"type":"Point","coordinates":[146.8859,-24.9021]},"properties":{"d":"2026-10-09","t":"0328","frp":12.7,"b":350.0,"c":1,"s":"N21","n":0}},{"type":"Feature","geometry":{"type":"Point","coordinates":[146.8833,-24.8805]},"properties":{"d":"2026-10-09","t":"0328","frp":10.5,"b":335.3,"c":1,"s":"N21","n":0}},{"type":"Feature","geometry":{"type":"Point","coordinates":[146.8878,-24.88]},"properties":{"d":"2026-10-09","t":"0328","frp":10.5,"b":342.6,"c":1,"s":"N21","n":0}},{"type":"Feature","geometry":{"type":"Point","coordinates":[146.9987,-24.8217]},"properties":{"d":"2026-10-09","t":"0328","frp":4.2,"b":341.0,"c":1,"s":"N21","n":0}},{"type":"Feature","geometry":{"type":"Point","coordinates":[149.1504,-24.5885]},"properties":{"d":"2026-10-09","t":"0328","frp":7.2,"b":338.5,"c":1,"s":"N21","n":0}},{"type":"Feature","geometry":{"type":"Point","coordinates":[149.1498,-24.5848]},"properties":{"d":"2026-10-09","t":"0328","frp":3.2,"b":333.2,"c":1,"s":"N21","n":0}},{"type":"Feature","geometry":{"type":"Point","coordinates":[149.1602,-24.5527]},"properties":{"d":"2026-10-09","t":"0328","frp":11.4,"b":346.4,"c":1,"s":"N21","n":0}},{"type":"Feature","geometry":{"type":"Point","coordinates":[149.1652,-24.5521]},"properties":{"d":"2026-10-09","t":"0328","frp":11.4,"b":337.8,"c":1,"s":"N21","n":0}},{"type":"Feature","geometry":{"type":"Point","coordinates":[149.1696,-24.5477]},"properties":{"d":"2026-10-09","t":"0328","frp":4.5,"b":340.4,"c":1,"s":"N21","n":0}},{"type":"Feature","geometry":{"type":"Point","coordinates":[151.1226,-23.857]},"properties":{"d":"2026-10-09","t":"0328","frp":2.6,"b":332.2,"c":1,"s":"N21","n":0}},{"type":"Feature","geometry":{"type":"Point","coordinates":[151.151,-23.8285]},"properties":{"d":"2026-10-09","t":"0328","frp":5.4,"b":336.2,"c":1,"s":"N21","n":0}},{"type":"Feature","geometry":{"type":"Point","coordinates":[149.4453,-23.7313]},"properties":{"d":"2026-10-09","t":"0328","frp":9.0,"b":338.6,"c":1,"s":"N21","n":0}},{"type":"Feature","geometry":{"type":"Point","coordinates":[149.4308,-23.7294]},"properties":{"d":"2026-10-09","t":"0328","frp":5.6,"b":334.9,"c":1,"s":"N21","n":0}},{"type":"Feature","geometry":{"type":"Point","coordinates":[149.4355,-23.7288]},"properties":{"d":"2026-10-09","t":"0328","frp":6.4,"b":337.5,"c":1,"s":"N21","n":0}},{"type":"Feature","geometry":{"type":"Point","coordinates":[149.435,-23.7251]},"properties":{"d":"2026-10-09","t":"0328","frp":10.7,"b":346.9,"c":1,"s":"N21","n":0}},{"type":"Feature","geometry":{"type":"Point","coordinates":[149.4397,-23.7245]},"properties":{"d":"2026-10-09","t":"0328","frp":10.7,"b":345.8,"c":1,"s":"N21","n":0}},{"type":"Feature","geometry":{"type":"Point","coordinates":[147.6809,-22.4693]},"properties":{"d":"2026-10-09","t":"0328","frp":4.5,"b":335.3,"c":1,"s":"N21","n":0}},{"type":"Feature","geometry":{"type":"Point","coordinates":[147.6865,-22.4686]},"properties":{"d":"2026-10-09","t":"0328","frp":4.5,"b":338.5,"c":0,"s":"N21","n":0}},{"type":"Feature","geometry":{"type":"Point","coordinates":[147.6859,-22.4647]},"properties":{"d":"2026-10-09","t":"0328","frp":12.8,"b":350.4,"c":1,"s":"N21","n":0}},{"type":"Feature","geometry":{"type":"Point","coordinates":[143.3049,-21.6039]},"properties":{"d":"2026-10-09","t":"0328","frp":7.2,"b":333.0,"c":0,"s":"N21","n":0}},{"type":"Feature","geometry":{"type":"Point","coordinates":[143.3952,-21.0408]},"properties":{"d":"2026-10-09","t":"0328","frp":3.0,"b":338.2,"c":1,"s":"N21","n":0}},{"type":"Feature","geometry":{"type":"Point","coordinates":[143.3984,-21.0405]},"properties":{"d":"2026-10-09","t":"0328","frp":3.0,"b":336.8,"c":0,"s":"N21","n":0}},{"type":"Feature","geometry":{"type":"Point","coordinates":[143.3979,-21.0353]},"properties":{"d":"2026-10-09","t":"0328","frp":9.3,"b":349.9,"c":1,"s":"N21","n":0}},{"type":"Feature","geometry":{"type":"Point","coordinates":[143.4099,-21.0237]},"properties":{"d":"2026-10-09","t":"0328","frp":2.0,"b":333.7,"c":0,"s":"N21","n":0}},{"type":"Feature","geometry":{"type":"Point","coordinates":[143.4132,-21.0233]},"properties":{"d":"2026-10-09","t":"0328","frp":1.7,"b":333.9,"c":1,"s":"N21","n":0}},{"type":"Feature","geometry":{"type":"Point","coordinates":[147.294,-19.6931]},"properties":{"d":"2026-10-09","t":"0328","frp":7.0,"b":337.1,"c":0,"s":"N21","n":0}},{"type":"Feature","geometry":{"type":"Point","coordinates":[147.2992,-19.6925]},"properties":{"d":"2026-10-09","t":"0328","frp":7.0,"b":335.0,"c":0,"s":"N21","n":0}},{"type":"Feature","geometry":{"type":"Point","coordinates":[147.2987,-19.6885]},"properties":{"d":"2026-10-09","t":"0328","frp":11.4,"b":341.2,"c":1,"s":"N21","n":0}},{"type":"Feature","geometry":{"type":"Point","coordinates":[142.0872,-19.6523]},"properties":{"d":"2026-10-09","t":"0328","frp":3.1,"b":337.4,"c":1,"s":"N21","n":0}},{"type":"Feature","geometry":{"type":"Point","coordinates":[142.091,-19.652]},"properties":{"d":"2026-10-09","t":"0328","frp":3.1,"b":332.4,"c":1,"s":"N21","n":0}},{"type":"Feature","geometry":{"type":"Point","coordinates":[142.0905,-19.6464]},"properties":{"d":"2026-10-09","t":"0328","frp":6.0,"b":336.1,"c":1,"s":"N21","n":0}},{"type":"Feature","geometry":{"type":"Point","coordinates":[142.0942,-19.6461]},"properties":{"d":"2026-10-09","t":"0328","frp":7.8,"b":334.2,"c":1,"s":"N21","n":0}},{"type":"Feature","geometry":{"type":"Point","coordinates":[142.0899,-19.6409]},"properties":{"d":"2026-10-09","t":"0328","frp":6.0,"b":346.0,"c":1,"s":"N21","n":0}},{"type":"Feature","geometry":{"type":"Point","coordinates":[142.0937,-19.6405]},"properties":{"d":"2026-10-09","t":"0328","frp":7.8,"b":351.9,"c":1,"s":"N21","n":0}},{"type":"Feature","geometry":{"type":"Point","coordinates":[146.5044,-19.3473]},"properties":{"d":"2026-10-09","t":"0328","frp":4.9,"b":338.8,"c":1,"s":"N21","n":0}},{"type":"Feature","geometry":{"type":"Point","coordinates":[146.5083,-19.3468]},"properties":{"d":"2026-10-09","t":"0328","frp":3.9,"b":331.7,"c":0,"s":"N21","n":0}},{"type":"Feature","geometry":{"type":"Point","coordinates":[142.3283,-19.5275]},"properties":{"d":"2026-10-09","t":"0330","frp":13.2,"b":337.2,"c":1,"s":"N21","n":0}},{"type":"Feature","geometry":{"type":"Point","coordinates":[142.3319,-19.5271]},"properties":{"d":"2026-10-09","t":"0330","frp":13.2,"b":367.0,"c":2,"s":"N21","n":0}},{"type":"Feature","geometry":{"type":"Point","coordinates":[142.3356,-19.5267]},"properties":{"d":"2026-10-09","t":"0330","frp":21.1,"b":367.0,"c":2,"s":"N21","n":0}},{"type":"Feature","geometry":{"type":"Point","coordinates":[142.3277,-19.522]},"properties":{"d":"2026-10-09","t":"0330","frp":13.2,"b":367.0,"c":2,"s":"N21","n":0}},{"type":"Feature","geometry":{"type":"Point","coordinates":[142.3313,-19.5217]},"properties":{"d":"2026-10-09","t":"0330","frp":13.2,"b":367.0,"c":2,"s":"N21","n":0}},{"type":"Feature","geometry":{"type":"Point","coordinates":[142.335,-19.5213]},"properties":{"d":"2026-10-09","t":"0330","frp":21.1,"b":367.0,"c":2,"s":"N21","n":0}},{"type":"Feature","geometry":{"type":"Point","coordinates":[142.3271,-19.5166]},"properties":{"d":"2026-10-09","t":"0330","frp":3.5,"b":330.3,"c":1,"s":"N21","n":0}},{"type":"Feature","geometry":{"type":"Point","coordinates":[142.3308,-19.5162]},"properties":{"d":"2026-10-09","t":"0330","frp":3.5,"b":348.1,"c":1,"s":"N21","n":0}},{"type":"Feature","geometry":{"type":"Point","coordinates":[142.5504,-19.1914]},"properties":{"d":"2026-10-09","t":"0330","frp":65.8,"b":344.4,"c":1,"s":"N21","n":0}},{"type":"Feature","geometry":{"type":"Point","coordinates":[142.5539,-19.191]},"properties":{"d":"2026-10-09","t":"0330","frp":65.8,"b":341.1,"c":1,"s":"N21","n":0}},{"type":"Feature","geometry":{"type":"Point","coordinates":[142.5574,-19.1907]},"properties":{"d":"2026-10-09","t":"0330","frp":52.1,"b":367.0,"c":2,"s":"N21","n":0}},{"type":"Feature","geometry":{"type":"Point","coordinates":[142.5463,-19.1864]},"properties":{"d":"2026-10-09","t":"0330","frp":10.3,"b":351.0,"c":1,"s":"N21","n":0}},{"type":"Feature","geometry":{"type":"Point","coordinates":[142.5498,-19.186]},"properties":{"d":"2026-10-09","t":"0330","frp":8.0,"b":339.4,"c":1,"s":"N21","n":0}},{"type":"Feature","geometry":{"type":"Point","coordinates":[142.5568,-19.1853]},"properties":{"d":"2026-10-09","t":"0330","frp":5.6,"b":337.8,"c":1,"s":"N21","n":0}},{"type":"Feature","geometry":{"type":"Point","coordinates":[142.5458,-19.1811]},"properties":{"d":"2026-10-09","t":"0330","frp":10.3,"b":367.0,"c":2,"s":"N21","n":0}},{"type":"Feature","geometry":{"type":"Point","coordinates":[142.5493,-19.1807]},"properties":{"d":"2026-10-09","t":"0330","frp":8.0,"b":341.0,"c":1,"s":"N21","n":0}},{"type":"Feature","geometry":{"type":"Point","coordinates":[142.5527,-19.1804]},"properties":{"d":"2026-10-09","t":"0330","frp":8.0,"b":333.8,"c":1,"s":"N21","n":0}},{"type":"Feature","geometry":{"type":"Point","coordinates":[145.9961,-19.1458]},"properties":{"d":"2026-10-09","t":"0330","frp":9.4,"b":345.6,"c":1,"s":"N21","n":0}},{"type":"Feature","geometry":{"type":"Point","coordinates":[145.9911,-19.1422]},"properties":{"d":"2026-10-09","t":"0330","frp":9.4,"b":340.4,"c":1,"s":"N21","n":0}},{"type":"Feature","geometry":{"type":"Point","coordinates":[145.9954,-19.1416]},"properties":{"d":"2026-10-09","t":"0330","frp":9.4,"b":367.0,"c":2,"s":"N21","n":0}},{"type":"Feature","geometry":{"type":"Point","coordinates":[143.1498,-18.7481]},"properties":{"d":"2026-10-09","t":"0330","frp":17.1,"b":353.1,"c":1,"s":"N21","n":0}},{"type":"Feature","geometry":{"type":"Point","coordinates":[143.1529,-18.7477]},"properties":{"d":"2026-10-09","t":"0330","frp":21.0,"b":367.0,"c":2,"s":"N21","n":0}},{"type":"Feature","geometry":{"type":"Point","coordinates":[143.1497,-18.7463]},"properties":{"d":"2026-10-09","t":"0330","frp":15.8,"b":353.1,"c":1,"s":"N21","n":0}},{"type":"Feature","geometry":{"type":"Point","coordinates":[143.1528,-18.746]},"properties":{"d":"2026-10-09","t":"0330","frp":21.0,"b":367.0,"c":2,"s":"N21","n":0}},{"type":"Feature","geometry":{"type":"Point","coordinates":[143.1512,-18.7325]},"properties":{"d":"2026-10-09","t":"0330","frp":13.0,"b":367.0,"c":2,"s":"N21","n":0}},{"type":"Feature","geometry":{"type":"Point","coordinates":[143.1543,-18.7321]},"properties":{"d":"2026-10-09","t":"0330","frp":13.0,"b":367.0,"c":2,"s":"N21","n":0}},{"type":"Feature","geometry":{"type":"Point","coordinates":[143.1574,-18.7318]},"properties":{"d":"2026-10-09","t":"0330","frp":12.1,"b":353.9,"c":1,"s":"N21","n":0}},{"type":"Feature","geometry":{"type":"Point","coordinates":[143.1475,-18.7277]},"properties":{"d":"2026-10-09","t":"0330","frp":11.2,"b":348.5,"c":1,"s":"N21","n":0}},{"type":"Feature","geometry":{"type":"Point","coordinates":[143.1506,-18.7274]},"properties":{"d":"2026-10-09","t":"0330","frp":17.3,"b":367.0,"c":2,"s":"N21","n":0}},{"type":"Feature","geometry":{"type":"Point","coordinates":[143.1537,-18.727]},"properties":{"d":"2026-10-09","t":"0330","frp":17.3,"b":353.0,"c":1,"s":"N21","n":0}},{"type":"Feature","geometry":{"type":"Point","coordinates":[143.1568,-18.7267]},"properties":{"d":"2026-10-09","t":"0330","frp":26.0,"b":367.0,"c":2,"s":"N21","n":0}},{"type":"Feature","geometry":{"type":"Point","coordinates":[143.15,-18.7223]},"properties":{"d":"2026-10-09","t":"0330","frp":17.3,"b":367.0,"c":2,"s":"N21","n":0}},{"type":"Feature","geometry":{"type":"Point","coordinates":[143.1531,-18.7219]},"properties":{"d":"2026-10-09","t":"0330","frp":17.3,"b":367.0,"c":2,"s":"N21","n":0}},{"type":"Feature","geometry":{"type":"Point","coordinates":[143.1401,-18.7182]},"properties":{"d":"2026-10-09","t":"0330","frp":4.3,"b":343.3,"c":1,"s":"N21","n":0}},{"type":"Feature","geometry":{"type":"Point","coordinates":[143.1432,-18.7179]},"properties":{"d":"2026-10-09","t":"0330","frp":8.0,"b":333.3,"c":1,"s":"N21","n":0}},{"type":"Feature","geometry":{"type":"Point","coordinates":[143.1331,-18.7138]},"properties":{"d":"2026-10-09","t":"0330","frp":5.1,"b":332.9,"c":1,"s":"N21","n":0}},{"type":"Feature","geometry":{"type":"Point","coordinates":[143.1362,-18.7135]},"properties":{"d":"2026-10-09","t":"0330","frp":4.3,"b":332.0,"c":0,"s":"N21","n":0}},{"type":"Feature","geometry":{"type":"Point","coordinates":[143.1394,-18.7131]},"properties":{"d":"2026-10-09","t":"0330","frp":4.3,"b":330.0,"c":0,"s":"N21","n":0}},{"type":"Feature","geometry":{"type":"Point","coordinates":[138.5101,-18.5966]},"properties":{"d":"2026-10-09","t":"0330","frp":26.8,"b":367.0,"c":2,"s":"N21","n":0}},{"type":"Feature","geometry":{"type":"Point","coordinates":[138.5165,-18.596]},"properties":{"d":"2026-10-09","t":"0330","frp":26.8,"b":348.9,"c":1,"s":"N21","n":0}},{"type":"Feature","geometry":{"type":"Point","coordinates":[138.4415,-18.5955]},"properties":{"d":"2026-10-09","t":"0330","frp":9.9,"b":334.5,"c":1,"s":"N21","n":0}},{"type":"Feature","geometry":{"type":"Point","coordinates":[138.5229,-18.5955]},"properties":{"d":"2026-10-09","t":"0330","frp":26.7,"b":367.0,"c":2,"s":"N21","n":0}},{"type":"Feature","geometry":{"type":"Point","coordinates":[138.4479,-18.5949]},"properties":{"d":"2026-10-09","t":"0330","frp":9.1,"b":345.5,"c":1,"s":"N21","n":0}},{"type":"Feature","geometry":{"type":"Point","coordinates":[138.5292,-18.5949]},"properties":{"d":"2026-10-09","t":"0330","frp":26.7,"b":367.0,"c":2,"s":"N21","n":0}},{"type":"Feature","geometry":{"type":"Point","coordinates":[138.5047,-18.5949]},"properties":{"d":"2026-10-09","t":"0330","frp":13.6,"b":367.0,"c":2,"s":"N21","n":0}},{"type":"Feature","geometry":{"type":"Point","coordinates":[138.511,-18.5943]},"properties":{"d":"2026-10-09","t":"0330","frp":13.6,"b":352.4,"c":1,"s":"N21","n":0}},{"type":"Feature","geometry":{"type":"Point","coordinates":[138.5175,-18.5937]},"properties":{"d":"2026-10-09","t":"0330","frp":19.3,"b":367.0,"c":2,"s":"N21","n":0}},{"type":"Feature","geometry":{"type":"Point","coordinates":[138.4426,-18.5936]},"properties":{"d":"2026-10-09","t":"0330","frp":8.6,"b":334.9,"c":1,"s":"N21","n":0}},{"type":"Feature","geometry":{"type":"Point","coordinates":[138.5239,-18.5931]},"properties":{"d":"2026-10-09","t":"0330","frp":19.3,"b":367.0,"c":2,"s":"N21","n":0}},{"type":"Feature","geometry":{"type":"Point","coordinates":[138.4491,-18.593]},"properties":{"d":"2026-10-09","t":"0330","frp":8.6,"b":346.8,"c":1,"s":"N21","n":0}},{"type":"Feature","geometry":{"type":"Point","coordinates":[138.5302,-18.5925]},"properties":{"d":"2026-10-09","t":"0330","frp":20.5,"b":340.0,"c":1,"s":"N21","n":0}},{"type":"Feature","geometry":{"type":"Point","coordinates":[138.5033,-18.5903]},"properties":{"d":"2026-10-09","t":"0330","frp":11.8,"b":337.8,"c":1,"s":"N21","n":0}},{"type":"Feature","geometry":{"type":"Point","coordinates":[138.5095,-18.5898]},"properties":{"d":"2026-10-09","t":"0330","frp":14.8,"b":348.1,"c":1,"s":"N21","n":0}},{"type":"Feature","geometry":{"type":"Point","coordinates":[138.5159,-18.5892]},"properties":{"d":"2026-10-09","t":"0330","frp":14.8,"b":330.2,"c":1,"s":"N21","n":0}},{"type":"Feature","geometry":{"type":"Point","coordinates":[138.5224,-18.5887]},"properties":{"d":"2026-10-09","t":"0330","frp":18.9,"b":367.0,"c":2,"s":"N21","n":0}},{"type":"Feature","geometry":{"type":"Point","coordinates":[138.5043,-18.588]},"properties":{"d":"2026-10-09","t":"0330","frp":13.6,"b":339.7,"c":1,"s":"N21","n":0}},{"type":"Feature","geometry":{"type":"Point","coordinates":[138.5105,-18.5875]},"properties":{"d":"2026-10-09","t":"0330","frp":13.6,"b":330.2,"c":1,"s":"N21","n":0}},{"type":"Feature","geometry":{"type":"Point","coordinates":[138.517,-18.5869]},"properties":{"d":"2026-10-09","t":"0330","frp":19.3,"b":337.2,"c":1,"s":"N21","n":0}},{"type":"Feature","geometry":{"type":"Point","coordinates":[138.5234,-18.5863]},"properties":{"d":"2026-10-09","t":"0330","frp":19.3,"b":341.5,"c":1,"s":"N21","n":0}},{"type":"Feature","geometry":{"type":"Point","coordinates":[138.5027,-18.5835]},"properties":{"d":"2026-10-09","t":"0330","frp":11.8,"b":330.5,"c":1,"s":"N21","n":0}},{"type":"Feature","geometry":{"type":"Point","coordinates":[138.509,-18.583]},"properties":{"d":"2026-10-09","t":"0330","frp":14.8,"b":333.9,"c":1,"s":"N21","n":0}},{"type":"Feature","geometry":{"type":"Point","coordinates":[138.5218,-18.5819]},"properties":{"d":"2026-10-09","t":"0330","frp":18.9,"b":367.0,"c":2,"s":"N21","n":0}},{"type":"Feature","geometry":{"type":"Point","coordinates":[138.5037,-18.5813]},"properties":{"d":"2026-10-09","t":"0330","frp":9.2,"b":331.8,"c":1,"s":"N21","n":0}},{"type":"Feature","geometry":{"type":"Point","coordinates":[138.5163,-18.5801]},"properties":{"d":"2026-10-09","t":"0330","frp":9.6,"b":330.9,"c":1,"s":"N21","n":0}},{"type":"Feature","geometry":{"type":"Point","coordinates":[138.5228,-18.5796]},"properties":{"d":"2026-10-09","t":"0330","frp":9.6,"b":367.0,"c":2,"s":"N21","n":0}},{"type":"Feature","geometry":{"type":"Point","coordinates":[138.5021,-18.5767]},"properties":{"d":"2026-10-09","t":"0330","frp":6.7,"b":333.1,"c":1,"s":"N21","n":0}},{"type":"Feature","geometry":{"type":"Point","coordinates":[138.5084,-18.5762]},"properties":{"d":"2026-10-09","t":"0330","frp":16.3,"b":333.6,"c":1,"s":"N21","n":0}},{"type":"Feature","geometry":{"type":"Point","coordinates":[138.5212,-18.5751]},"properties":{"d":"2026-10-09","t":"0330","frp":10.8,"b":353.4,"c":1,"s":"N21","n":0}},{"type":"Feature","geometry":{"type":"Point","coordinates":[138.5031,-18.5745]},"properties":{"d":"2026-10-09","t":"0330","frp":9.2,"b":344.1,"c":1,"s":"N21","n":0}},{"type":"Feature","geometry":{"type":"Point","coordinates":[138.5157,-18.5734]},"properties":{"d":"2026-10-09","t":"0330","frp":9.6,"b":334.7,"c":1,"s":"N21","n":0}},{"type":"Feature","geometry":{"type":"Point","coordinates":[138.5222,-18.5728]},"properties":{"d":"2026-10-09","t":"0330","frp":9.6,"b":339.9,"c":1,"s":"N21","n":0}},{"type":"Feature","geometry":{"type":"Point","coordinates":[138.5015,-18.5699]},"properties":{"d":"2026-10-09","t":"0330","frp":6.7,"b":331.1,"c":1,"s":"N21","n":0}},{"type":"Feature","geometry":{"type":"Point","coordinates":[138.5141,-18.5689]},"properties":{"d":"2026-10-09","t":"0330","frp":16.3,"b":337.6,"c":1,"s":"N21","n":0}},{"type":"Feature","geometry":{"type":"Point","coordinates":[138.5205,-18.5684]},"properties":{"d":"2026-10-09","t":"0330","frp":10.8,"b":336.3,"c":1,"s":"N21","n":0}},{"type":"Feature","geometry":{"type":"Point","coordinates":[138.5025,-18.5677]},"properties":{"d":"2026-10-09","t":"0330","frp":114.3,"b":339.9,"c":1,"s":"N21","n":0}},{"type":"Feature","geometry":{"type":"Point","coordinates":[138.5151,-18.5666]},"properties":{"d":"2026-10-09","t":"0330","frp":54.4,"b":347.5,"c":1,"s":"N21","n":0}},{"type":"Feature","geometry":{"type":"Point","coordinates":[138.5009,-18.5632]},"properties":{"d":"2026-10-09","t":"0330","frp":13.3,"b":331.3,"c":1,"s":"N21","n":0}},{"type":"Feature","geometry":{"type":"Point","coordinates":[138.5072,-18.5626]},"properties":{"d":"2026-10-09","t":"0330","frp":44.0,"b":345.6,"c":1,"s":"N21","n":0}},{"type":"Feature","geometry":{"type":"Point","coordinates":[138.5135,-18.5621]},"properties":{"d":"2026-10-09","t":"0330","frp":44.0,"b":367.0,"c":2,"s":"N21","n":0}},{"type":"Feature","geometry":{"type":"Point","coordinates":[138.5146,-18.5598]},"properties":{"d":"2026-10-09","t":"0330","frp":54.4,"b":367.0,"c":2,"s":"N21","n":0}},{"type":"Feature","geometry":{"type":"Point","coordinates":[138.5067,-18.5558]},"properties":{"d":"2026-10-09","t":"0330","frp":44.0,"b":346.8,"c":1,"s":"N21","n":0}},{"type":"Feature","geometry":{"type":"Point","coordinates":[138.5129,-18.5553]},"properties":{"d":"2026-10-09","t":"0330","frp":44.0,"b":367.0,"c":2,"s":"N21","n":0}},{"type":"Feature","geometry":{"type":"Point","coordinates":[138.5078,-18.5536]},"properties":{"d":"2026-10-09","t":"0330","frp":18.1,"b":367.0,"c":2,"s":"N21","n":0}},{"type":"Feature","geometry":{"type":"Point","coordinates":[138.4997,-18.5496]},"properties":{"d":"2026-10-09","t":"0330","frp":17.9,"b":333.3,"c":1,"s":"N21","n":0}},{"type":"Feature","geometry":{"type":"Point","coordinates":[138.5061,-18.5491]},"properties":{"d":"2026-10-09","t":"0330","frp":35.6,"b":367.0,"c":2,"s":"N21","n":0}},{"type":"Feature","geometry":{"type":"Point","coordinates":[138.5009,-18.5474]},"properties":{"d":"2026-10-09","t":"0330","frp":18.1,"b":339.7,"c":1,"s":"N21","n":0}},{"type":"Feature","geometry":{"type":"Point","coordinates":[138.5072,-18.5468]},"properties":{"d":"2026-10-09","t":"0330","frp":18.1,"b":345.9,"c":1,"s":"N21","n":0}},{"type":"Feature","geometry":{"type":"Point","coordinates":[138.4328,-18.5328]},"properties":{"d":"2026-10-09","t":"0330","frp":19.9,"b":336.5,"c":1,"s":"N21","n":0}},{"type":"Feature","geometry":{"type":"Point","coordinates":[138.4382,-18.5323]},"properties":{"d":"2026-10-09","t":"0330","frp":36.1,"b":367.0,"c":2,"s":"N21","n":0}},{"type":"Feature","geometry":{"type":"Point","coordinates":[138.4351,-18.5188]},"properties":{"d":"2026-10-09","t":"0330","frp":10.2,"b":347.9,"c":1,"s":"N21","n":0}},{"type":"Feature","geometry":{"type":"Point","coordinates":[138.4345,-18.512]},"properties":{"d":"2026-10-09","t":"0330","frp":10.2,"b":348.6,"c":1,"s":"N21","n":0}},{"type":"Feature","geometry":{"type":"Point","coordinates":[138.4405,-18.5115]},"properties":{"d":"2026-10-09","t":"0330","frp":10.2,"b":335.7,"c":1,"s":"N21","n":0}},{"type":"Feature","geometry":{"type":"Point","coordinates":[145.6277,-18.511]},"properties":{"d":"2026-10-09","t":"0330","frp":6.5,"b":334.5,"c":1,"s":"N21","n":0}},{"type":"Feature","geometry":{"type":"Point","coordinates":[138.4399,-18.5047]},"properties":{"d":"2026-10-09","t":"0330","frp":8.5,"b":347.7,"c":1,"s":"N21","n":0}},{"type":"Feature","geometry":{"type":"Point","coordinates":[138.4394,-18.4979]},"properties":{"d":"2026-10-09","t":"0330","frp":8.5,"b":330.7,"c":1,"s":"N21","n":0}},{"type":"Feature","geometry":{"type":"Point","coordinates":[138.4457,-18.4974]},"properties":{"d":"2026-10-09","t":"0330","frp":19.6,"b":345.7,"c":1,"s":"N21","n":0}},{"type":"Feature","geometry":{"type":"Point","coordinates":[138.4418,-18.4956]},"properties":{"d":"2026-10-09","t":"0330","frp":17.2,"b":349.6,"c":1,"s":"N21","n":0}},{"type":"Feature","geometry":{"type":"Point","coordinates":[138.4452,-18.4906]},"properties":{"d":"2026-10-09","t":"0330","frp":10.7,"b":336.0,"c":1,"s":"N21","n":0}},{"type":"Feature","geometry":{"type":"Point","coordinates":[138.4515,-18.49]},"properties":{"d":"2026-10-09","t":"0330","frp":10.7,"b":340.3,"c":1,"s":"N21","n":0}},{"type":"Feature","geometry":{"type":"Point","coordinates":[138.4477,-18.4882]},"properties":{"d":"2026-10-09","t":"0330","frp":33.9,"b":367.0,"c":2,"s":"N21","n":0}},{"type":"Feature","geometry":{"type":"Point","coordinates":[138.4855,-18.4848]},"properties":{"d":"2026-10-09","t":"0330","frp":6.3,"b":339.7,"c":1,"s":"N21","n":0}},{"type":"Feature","geometry":{"type":"Point","coordinates":[138.451,-18.4832]},"properties":{"d":"2026-10-09","t":"0330","frp":10.7,"b":353.1,"c":1,"s":"N21","n":0}},{"type":"Feature","geometry":{"type":"Point","coordinates":[138.4534,-18.4808]},"properties":{"d":"2026-10-09","t":"0330","frp":13.9,"b":345.1,"c":1,"s":"N21","n":0}},{"type":"Feature","geometry":{"type":"Point","coordinates":[138.4826,-18.4806]},"properties":{"d":"2026-10-09","t":"0330","frp":28.7,"b":367.0,"c":2,"s":"N21","n":0}},{"type":"Feature","geometry":{"type":"Point","coordinates":[138.4596,-18.4803]},"properties":{"d":"2026-10-09","t":"0330","frp":16.9,"b":338.0,"c":1,"s":"N21","n":0}},{"type":"Feature","geometry":{"type":"Point","coordinates":[138.4723,-18.4791]},"properties":{"d":"2026-10-09","t":"0330","frp":11.0,"b":333.2,"c":1,"s":"N21","n":0}},{"type":"Feature","geometry":{"type":"Point","coordinates":[138.4786,-18.4786]},"properties":{"d":"2026-10-09","t":"0330","frp":11.0,"b":336.1,"c":1,"s":"N21","n":0}},{"type":"Feature","geometry":{"type":"Point","coordinates":[138.485,-18.478]},"properties":{"d":"2026-10-09","t":"0330","frp":19.4,"b":367.0,"c":2,"s":"N21","n":0}},{"type":"Feature","geometry":{"type":"Point","coordinates":[138.4566,-18.4759]},"properties":{"d":"2026-10-09","t":"0330","frp":5.1,"b":332.2,"c":1,"s":"N21","n":0}},{"type":"Feature","geometry":{"type":"Point","coordinates":[138.463,-18.4754]},"properties":{"d":"2026-10-09","t":"0330","frp":5.1,"b":332.3,"c":1,"s":"N21","n":0}},{"type":"Feature","geometry":{"type":"Point","coordinates":[138.4693,-18.4748]},"properties":{"d":"2026-10-09","t":"0330","frp":10.2,"b":335.4,"c":1,"s":"N21","n":0}},{"type":"Feature","geometry":{"type":"Point","coordinates":[139.0728,-17.9244]},"properties":{"d":"2026-10-09","t":"0330","frp":5.6,"b":333.8,"c":1,"s":"N21","n":0}},{"type":"Feature","geometry":{"type":"Point","coordinates":[139.0666,-17.9183]},"properties":{"d":"2026-10-09","t":"0330","frp":5.6,"b":332.5,"c":1,"s":"N21","n":0}},{"type":"Feature","geometry":{"type":"Point","coordinates":[145.0878,-17.7212]},"properties":{"d":"2026-10-09","t":"0330","frp":57.8,"b":367.0,"c":2,"s":"N21","n":0}},{"type":"Feature","geometry":{"type":"Point","coordinates":[145.0829,-17.7173]},"properties":{"d":"2026-10-09","t":"0330","frp":23.7,"b":334.2,"c":1,"s":"N21","n":0}},{"type":"Feature","geometry":{"type":"Point","coordinates":[145.0873,-17.7168]},"properties":{"d":"2026-10-09","t":"0330","frp":33.6,"b":348.6,"c":1,"s":"N21","n":0}},{"type":"Feature","geometry":{"type":"Point","coordinates":[145.3968,-17.2801]},"properties":{"d":"2026-10-09","t":"0330","frp":5.7,"b":332.7,"c":1,"s":"N21","n":0}},{"type":"Feature","geometry":{"type":"Point","coordinates":[145.3922,-17.2763]},"properties":{"d":"2026-10-09","t":"0330","frp":5.8,"b":340.4,"c":1,"s":"N21","n":0}},{"type":"Feature","geometry":{"type":"Point","coordinates":[145.3965,-17.2758]},"properties":{"d":"2026-10-09","t":"0330","frp":5.8,"b":333.6,"c":1,"s":"N21","n":0}},{"type":"Feature","geometry":{"type":"Point","coordinates":[138.1213,-17.2256]},"properties":{"d":"2026-10-09","t":"0330","frp":7.9,"b":336.5,"c":1,"s":"N21","n":0}},{"type":"Feature","geometry":{"type":"Point","coordinates":[142.8697,-17.1475]},"properties":{"d":"2026-10-09","t":"0330","frp":12.4,"b":367.0,"c":2,"s":"N21","n":0}},{"type":"Feature","geometry":{"type":"Point","coordinates":[142.8973,-17.1444]},"properties":{"d":"2026-10-09","t":"0330","frp":5.4,"b":333.4,"c":1,"s":"N21","n":0}},{"type":"Feature","geometry":{"type":"Point","coordinates":[142.9004,-17.1441]},"properties":{"d":"2026-10-09","t":"0330","frp":8.9,"b":338.6,"c":1,"s":"N21","n":0}},{"type":"Feature","geometry":{"type":"Point","coordinates":[142.9035,-17.1437]},"properties":{"d":"2026-10-09","t":"0330","frp":8.9,"b":367.0,"c":2,"s":"N21","n":0}},{"type":"Feature","geometry":{"type":"Point","coordinates":[142.8691,-17.1425]},"properties":{"d":"2026-10-09","t":"0330","frp":12.4,"b":351.6,"c":1,"s":"N21","n":0}},{"type":"Feature","geometry":{"type":"Point","coordinates":[142.9682,-17.1415]},"properties":{"d":"2026-10-09","t":"0330","frp":12.8,"b":355.1,"c":1,"s":"N21","n":0}},{"type":"Feature","geometry":{"type":"Point","coordinates":[142.9712,-17.1411]},"properties":{"d":"2026-10-09","t":"0330","frp":12.8,"b":367.0,"c":2,"s":"N21","n":0}},{"type":"Feature","geometry":{"type":"Point","coordinates":[142.8685,-17.1374]},"properties":{"d":"2026-10-09","t":"0330","frp":30.1,"b":338.7,"c":1,"s":"N21","n":0}},{"type":"Feature","geometry":{"type":"Point","coordinates":[142.9676,-17.1364]},"properties":{"d":"2026-10-09","t":"0330","frp":14.0,"b":335.0,"c":1,"s":"N21","n":0}},{"type":"Feature","geometry":{"type":"Point","coordinates":[142.9706,-17.1361]},"properties":{"d":"2026-10-09","t":"0330","frp":14.0,"b":352.7,"c":1,"s":"N21","n":0}},{"type":"Feature","geometry":{"type":"Point","coordinates":[142.9737,-17.1357]},"properties":{"d":"2026-10-09","t":"0330","frp":28.4,"b":333.5,"c":1,"s":"N21","n":0}},{"type":"Feature","geometry":{"type":"Point","coordinates":[142.8648,-17.1326]},"properties":{"d":"2026-10-09","t":"0330","frp":44.0,"b":367.0,"c":2,"s":"N21","n":0}},{"type":"Feature","geometry":{"type":"Point","coordinates":[142.967,-17.1314]},"properties":{"d":"2026-10-09","t":"0330","frp":14.0,"b":333.3,"c":0,"s":"N21","n":0}},{"type":"Feature","geometry":{"type":"Point","coordinates":[142.97,-17.131]},"properties":{"d":"2026-10-09","t":"0330","frp":14.0,"b":352.2,"c":1,"s":"N21","n":0}},{"type":"Feature","geometry":{"type":"Point","coordinates":[142.8895,-17.1299]},"properties":{"d":"2026-10-09","t":"0330","frp":5.9,"b":340.5,"c":1,"s":"N21","n":0}},{"type":"Feature","geometry":{"type":"Point","coordinates":[142.8643,-17.1275]},"properties":{"d":"2026-10-09","t":"0330","frp":2.1,"b":338.1,"c":1,"s":"N21","n":0}},{"type":"Feature","geometry":{"type":"Point","coordinates":[142.9664,-17.1263]},"properties":{"d":"2026-10-09","t":"0330","frp":4.3,"b":351.2,"c":1,"s":"N21","n":0}},{"type":"Feature","geometry":{"type":"Point","coordinates":[142.9694,-17.126]},"properties":{"d":"2026-10-09","t":"0330","frp":4.3,"b":332.5,"c":1,"s":"N21","n":0}},{"type":"Feature","geometry":{"type":"Point","coordinates":[142.8637,-17.1225]},"properties":{"d":"2026-10-09","t":"0330","frp":2.1,"b":336.2,"c":1,"s":"N21","n":0}},{"type":"Feature","geometry":{"type":"Point","coordinates":[142.8822,-17.1204]},"properties":{"d":"2026-10-09","t":"0330","frp":3.7,"b":342.6,"c":1,"s":"N21","n":0}},{"type":"Feature","geometry":{"type":"Point","coordinates":[142.8662,-17.117]},"properties":{"d":"2026-10-09","t":"0330","frp":2.9,"b":331.1,"c":0,"s":"N21","n":0}},{"type":"Feature","geometry":{"type":"Point","coordinates":[142.8656,-17.112]},"properties":{"d":"2026-10-09","t":"0330","frp":2.9,"b":346.4,"c":1,"s":"N21","n":0}},{"type":"Feature","geometry":{"type":"Point","coordinates":[142.878,-17.1106]},"properties":{"d":"2026-10-09","t":"0330","frp":3.1,"b":330.7,"c":0,"s":"N21","n":0}},{"type":"Feature","geometry":{"type":"Point","coordinates":[142.865,-17.1069]},"properties":{"d":"2026-10-09","t":"0330","frp":5.1,"b":352.4,"c":1,"s":"N21","n":0}},{"type":"Feature","geometry":{"type":"Point","coordinates":[142.9117,-17.1068]},"properties":{"d":"2026-10-09","t":"0330","frp":22.8,"b":367.0,"c":2,"s":"N21","n":0}},{"type":"Feature","geometry":{"type":"Point","coordinates":[142.9148,-17.1065]},"properties":{"d":"2026-10-09","t":"0330","frp":11.4,"b":340.1,"c":1,"s":"N21","n":0}},{"type":"Feature","geometry":{"type":"Point","coordinates":[142.905,-17.1024]},"properties":{"d":"2026-10-09","t":"0330","frp":6.8,"b":339.8,"c":1,"s":"N21","n":0}},{"type":"Feature","geometry":{"type":"Point","coordinates":[142.9081,-17.1021]},"properties":{"d":"2026-10-09","t":"0330","frp":8.4,"b":367.0,"c":2,"s":"N21","n":0}},{"type":"Feature","geometry":{"type":"Point","coordinates":[142.8645,-17.1018]},"properties":{"d":"2026-10-09","t":"0330","frp":5.1,"b":346.2,"c":1,"s":"N21","n":0}},{"type":"Feature","geometry":{"type":"Point","coordinates":[142.9111,-17.1018]},"properties":{"d":"2026-10-09","t":"0330","frp":8.4,"b":354.3,"c":1,"s":"N21","n":0}},{"type":"Feature","geometry":{"type":"Point","coordinates":[142.9264,-17.1001]},"properties":{"d":"2026-10-09","t":"0330","frp":4.9,"b":337.0,"c":1,"s":"N21","n":0}},{"type":"Feature","geometry":{"type":"Point","coordinates":[142.8639,-17.0967]},"properties":{"d":"2026-10-09","t":"0330","frp":3.1,"b":333.6,"c":1,"s":"N21","n":0}},{"type":"Feature","geometry":{"type":"Point","coordinates":[142.867,-17.0964]},"properties":{"d":"2026-10-09","t":"0330","frp":3.1,"b":343.1,"c":1,"s":"N21","n":0}},{"type":"Feature","geometry":{"type":"Point","coordinates":[142.8664,-17.0913]},"properties":{"d":"2026-10-09","t":"0330","frp":3.1,"b":338.3,"c":1,"s":"N21","n":0}},{"type":"Feature","geometry":{"type":"Point","coordinates":[142.8695,-17.0909]},"properties":{"d":"2026-10-09","t":"0330","frp":5.5,"b":343.5,"c":1,"s":"N21","n":0}},{"type":"Feature","geometry":{"type":"Point","coordinates":[142.872,-17.0855]},"properties":{"d":"2026-10-09","t":"0330","frp":4.0,"b":334.1,"c":1,"s":"N21","n":0}},{"type":"Feature","geometry":{"type":"Point","coordinates":[142.9399,-17.0832]},"properties":{"d":"2026-10-09","t":"0330","frp":9.9,"b":367.0,"c":2,"s":"N21","n":0}},{"type":"Feature","geometry":{"type":"Point","coordinates":[142.8935,-17.0832]},"properties":{"d":"2026-10-09","t":"0330","frp":1.4,"b":330.8,"c":1,"s":"N21","n":0}},{"type":"Feature","geometry":{"type":"Point","coordinates":[142.943,-17.0829]},"properties":{"d":"2026-10-09","t":"0330","frp":8.9,"b":346.3,"c":1,"s":"N21","n":0}},{"type":"Feature","geometry":{"type":"Point","coordinates":[142.8723,-17.0817]},"properties":{"d":"2026-10-09","t":"0330","frp":4.6,"b":348.7,"c":1,"s":"N21","n":0}},{"type":"Feature","geometry":{"type":"Point","coordinates":[142.8714,-17.0804]},"properties":{"d":"2026-10-09","t":"0330","frp":4.0,"b":350.7,"c":1,"s":"N21","n":0}},{"type":"Feature","geometry":{"type":"Point","coordinates":[142.8717,-17.0767]},"properties":{"d":"2026-10-09","t":"0330","frp":4.6,"b":337.3,"c":1,"s":"N21","n":0}},{"type":"Feature","geometry":{"type":"Point","coordinates":[142.8748,-17.0763]},"properties":{"d":"2026-10-09","t":"0330","frp":4.6,"b":343.3,"c":1,"s":"N21","n":0}},{"type":"Feature","geometry":{"type":"Point","coordinates":[142.8778,-17.076]},"properties":{"d":"2026-10-09","t":"0330","frp":8.4,"b":345.0,"c":1,"s":"N21","n":0}},{"type":"Feature","geometry":{"type":"Point","coordinates":[142.8739,-17.075]},"properties":{"d":"2026-10-09","t":"0330","frp":3.4,"b":337.8,"c":1,"s":"N21","n":0}},{"type":"Feature","geometry":{"type":"Point","coordinates":[142.8769,-17.0747]},"properties":{"d":"2026-10-09","t":"0330","frp":3.4,"b":343.4,"c":1,"s":"N21","n":0}},{"type":"Feature","geometry":{"type":"Point","coordinates":[142.88,-17.0743]},"properties":{"d":"2026-10-09","t":"0330","frp":5.5,"b":349.0,"c":1,"s":"N21","n":0}},{"type":"Feature","geometry":{"type":"Point","coordinates":[142.8803,-17.0705]},"properties":{"d":"2026-10-09","t":"0330","frp":8.3,"b":350.2,"c":1,"s":"N21","n":0}},{"type":"Feature","geometry":{"type":"Point","coordinates":[142.8834,-17.0702]},"properties":{"d":"2026-10-09","t":"0330","frp":6.5,"b":337.6,"c":1,"s":"N21","n":0}},{"type":"Feature","geometry":{"type":"Point","coordinates":[142.8926,-17.0691]},"properties":{"d":"2026-10-09","t":"0330","frp":5.7,"b":330.8,"c":1,"s":"N21","n":0}},{"type":"Feature","geometry":{"type":"Point","coordinates":[142.8825,-17.0689]},"properties":{"d":"2026-10-09","t":"0330","frp":5.5,"b":338.7,"c":1,"s":"N21","n":0}},{"type":"Feature","geometry":{"type":"Point","coordinates":[142.8887,-17.0683]},"properties":{"d":"2026-10-09","t":"0330","frp":7.4,"b":337.9,"c":1,"s":"N21","n":0}},{"type":"Feature","geometry":{"type":"Point","coordinates":[142.8917,-17.0679]},"properties":{"d":"2026-10-09","t":"0330","frp":9.6,"b":354.5,"c":1,"s":"N21","n":0}},{"type":"Feature","geometry":{"type":"Point","coordinates":[142.8948,-17.0676]},"properties":{"d":"2026-10-09","t":"0330","frp":9.6,"b":367.0,"c":2,"s":"N21","n":0}},{"type":"Feature","geometry":{"type":"Point","coordinates":[142.8978,-17.0673]},"properties":{"d":"2026-10-09","t":"0330","frp":5.9,"b":333.7,"c":1,"s":"N21","n":0}},{"type":"Feature","geometry":{"type":"Point","coordinates":[142.8889,-17.0644]},"properties":{"d":"2026-10-09","t":"0330","frp":5.7,"b":338.6,"c":1,"s":"N21","n":0}},{"type":"Feature","geometry":{"type":"Point","coordinates":[142.892,-17.064]},"properties":{"d":"2026-10-09","t":"0330","frp":5.7,"b":367.0,"c":2,"s":"N21","n":0}},{"type":"Feature","geometry":{"type":"Point","coordinates":[142.8951,-17.0637]},"properties":{"d":"2026-10-09","t":"0330","frp":8.6,"b":350.0,"c":1,"s":"N21","n":0}},{"type":"Feature","geometry":{"type":"Point","coordinates":[142.8981,-17.0633]},"properties":{"d":"2026-10-09","t":"0330","frp":8.6,"b":351.0,"c":1,"s":"N21","n":0}},{"type":"Feature","geometry":{"type":"Point","coordinates":[142.9012,-17.063]},"properties":{"d":"2026-10-09","t":"0330","frp":6.3,"b":349.3,"c":1,"s":"N21","n":0}},{"type":"Feature","geometry":{"type":"Point","coordinates":[142.9042,-17.0626]},"properties":{"d":"2026-10-09","t":"0330","frp":6.3,"b":346.8,"c":1,"s":"N21","n":0}},{"type":"Feature","geometry":{"type":"Point","coordinates":[142.9073,-17.0623]},"properties":{"d":"2026-10-09","t":"0330","frp":6.8,"b":336.0,"c":1,"s":"N21","n":0}},{"type":"Feature","geometry":{"type":"Point","coordinates":[145.4961,-16.7256]},"properties":{"d":"2026-10-09","t":"0330","frp":9.5,"b":350.6,"c":1,"s":"N21","n":0}},{"type":"Feature","geometry":{"type":"Point","coordinates":[145.0758,-16.4204]},"properties":{"d":"2026-10-09","t":"0330","frp":7.5,"b":336.8,"c":1,"s":"N21","n":0}},{"type":"Feature","geometry":{"type":"Point","coordinates":[145.0798,-16.4199]},"properties":{"d":"2026-10-09","t":"0330","frp":7.5,"b":339.4,"c":1,"s":"N21","n":0}},{"type":"Feature","geometry":{"type":"Point","coordinates":[145.0751,-16.416]},"properties":{"d":"2026-10-09","t":"0330","frp":7.5,"b":349.1,"c":1,"s":"N21","n":0}},{"type":"Feature","geometry":{"type":"Point","coordinates":[145.0571,-16.4138]},"properties":{"d":"2026-10-09","t":"0330","frp":9.3,"b":340.5,"c":1,"s":"N21","n":0}},{"type":"Feature","geometry":{"type":"Point","coordinates":[145.0615,-16.4133]},"properties":{"d":"2026-10-09","t":"0330","frp":9.3,"b":350.2,"c":1,"s":"N21","n":0}},{"type":"Feature","geometry":{"type":"Point","coordinates":[145.0659,-16.4127]},"properties":{"d":"2026-10-09","t":"0330","frp":9.8,"b":354.3,"c":1,"s":"N21","n":0}},{"type":"Feature","geometry":{"type":"Point","coordinates":[145.0702,-16.4122]},"properties":{"d":"2026-10-09","t":"0330","frp":9.8,"b":350.6,"c":1,"s":"N21","n":0}},{"type":"Feature","geometry":{"type":"Point","coordinates":[145.0609,-16.409]},"properties":{"d":"2026-10-09","t":"0330","frp":9.3,"b":348.7,"c":1,"s":"N21","n":0}},{"type":"Feature","geometry":{"type":"Point","coordinates":[144.2069,-15.7422]},"properties":{"d":"2026-10-09","t":"0330","frp":7.2,"b":338.7,"c":1,"s":"N21","n":0}},{"type":"Feature","geometry":{"type":"Point","coordinates":[144.2046,-15.7415]},"properties":{"d":"2026-10-09","t":"0330","frp":8.7,"b":335.6,"c":1,"s":"N21","n":0}},{"type":"Feature","geometry":{"type":"Point","coordinates":[144.2015,-15.7382]},"properties":{"d":"2026-10-09","t":"0330","frp":3.0,"b":335.5,"c":1,"s":"N21","n":0}},{"type":"Feature","geometry":{"type":"Point","coordinates":[144.423,-15.6637]},"properties":{"d":"2026-10-09","t":"0330","frp":12.4,"b":367.0,"c":2,"s":"N21","n":0}},{"type":"Feature","geometry":{"type":"Point","coordinates":[144.4279,-15.6631]},"properties":{"d":"2026-10-09","t":"0330","frp":3.5,"b":332.9,"c":1,"s":"N21","n":0}},{"type":"Feature","geometry":{"type":"Point","coordinates":[144.4127,-15.6604]},"properties":{"d":"2026-10-09","t":"0330","frp":19.8,"b":336.4,"c":1,"s":"N21","n":0}},{"type":"Feature","geometry":{"type":"Point","coordinates":[144.4176,-15.6598]},"properties":{"d":"2026-10-09","t":"0330","frp":22.6,"b":352.7,"c":1,"s":"N21","n":0}},{"type":"Feature","geometry":{"type":"Point","coordinates":[144.4223,-15.6592]},"properties":{"d":"2026-10-09","t":"0330","frp":22.6,"b":345.2,"c":1,"s":"N21","n":0}},{"type":"Feature","geometry":{"type":"Point","coordinates":[144.4122,-15.6559]},"properties":{"d":"2026-10-09","t":"0330","frp":19.8,"b":332.6,"c":1,"s":"N21","n":0}},{"type":"Feature","geometry":{"type":"Point","coordinates":[144.4169,-15.6553]},"properties":{"d":"2026-10-09","t":"0330","frp":22.6,"b":339.1,"c":1,"s":"N21","n":0}},{"type":"Feature","geometry":{"type":"Point","coordinates":[144.4162,-15.6509]},"properties":{"d":"2026-10-09","t":"0330","frp":5.8,"b":338.5,"c":1,"s":"N21","n":0}},{"type":"Feature","geometry":{"type":"Point","coordinates":[144.4209,-15.6503]},"properties":{"d":"2026-10-09","t":"0330","frp":5.8,"b":337.9,"c":1,"s":"N21","n":0}},{"type":"Feature","geometry":{"type":"Point","coordinates":[144.4575,-15.6458]},"properties":{"d":"2026-10-09","t":"0330","frp":21.3,"b":342.7,"c":1,"s":"N21","n":0}},{"type":"Feature","geometry":{"type":"Point","coordinates":[144.4569,-15.6413]},"properties":{"d":"2026-10-09","t":"0330","frp":21.3,"b":351.9,"c":1,"s":"N21","n":0}},{"type":"Feature","geometry":{"type":"Point","coordinates":[144.4615,-15.6408]},"properties":{"d":"2026-10-09","t":"0330","frp":9.6,"b":338.3,"c":1,"s":"N21","n":0}},{"type":"Feature","geometry":{"type":"Point","coordinates":[144.4609,-15.6363]},"properties":{"d":"2026-10-09","t":"0330","frp":10.3,"b":351.9,"c":1,"s":"N21","n":0}},{"type":"Feature","geometry":{"type":"Point","coordinates":[144.423,-15.6318]},"properties":{"d":"2026-10-09","t":"0330","frp":5.4,"b":334.4,"c":1,"s":"N21","n":0}},{"type":"Feature","geometry":{"type":"Point","coordinates":[144.4604,-15.6318]},"properties":{"d":"2026-10-09","t":"0330","frp":10.3,"b":351.1,"c":1,"s":"N21","n":0}},{"type":"Feature","geometry":{"type":"Point","coordinates":[144.6535,-15.6306]},"properties":{"d":"2026-10-09","t":"0330","frp":15.5,"b":339.7,"c":1,"s":"N21","n":0}},{"type":"Feature","geometry":{"type":"Point","coordinates":[144.6579,-15.6301]},"properties":{"d":"2026-10-09","t":"0330","frp":15.5,"b":346.1,"c":1,"s":"N21","n":0}},{"type":"Feature","geometry":{"type":"Point","coordinates":[144.4598,-15.6273]},"properties":{"d":"2026-10-09","t":"0330","frp":15.2,"b":350.6,"c":1,"s":"N21","n":0}},{"type":"Feature","geometry":{"type":"Point","coordinates":[144.6575,-15.6256]},"properties":{"d":"2026-10-09","t":"0330","frp":15.5,"b":342.6,"c":1,"s":"N21","n":0}},{"type":"Feature","geometry":{"type":"Point","coordinates":[144.4592,-15.6228]},"properties":{"d":"2026-10-09","t":"0330","frp":15.2,"b":346.4,"c":1,"s":"N21","n":0}},{"type":"Feature","geometry":{"type":"Point","coordinates":[144.6613,-15.6207]},"properties":{"d":"2026-10-09","t":"0330","frp":11.9,"b":351.5,"c":1,"s":"N21","n":0}},{"type":"Feature","geometry":{"type":"Point","coordinates":[144.6608,-15.6163]},"properties":{"d":"2026-10-09","t":"0330","frp":11.9,"b":341.3,"c":1,"s":"N21","n":0}},{"type":"Feature","geometry":{"type":"Point","coordinates":[144.673,-15.6013]},"properties":{"d":"2026-10-09","t":"0330","frp":11.3,"b":355.5,"c":1,"s":"N21","n":0}},{"type":"Feature","geometry":{"type":"Point","coordinates":[144.6727,-15.5969]},"properties":{"d":"2026-10-09","t":"0330","frp":11.3,"b":346.5,"c":1,"s":"N21","n":0}},{"type":"Feature","geometry":{"type":"Point","coordinates":[144.6722,-15.5924]},"properties":{"d":"2026-10-09","t":"0330","frp":10.9,"b":346.3,"c":1,"s":"N21","n":0}},{"type":"Feature","geometry":{"type":"Point","coordinates":[144.667,-15.5886]},"properties":{"d":"2026-10-09","t":"0330","frp":10.9,"b":341.2,"c":1,"s":"N21","n":0}},{"type":"Feature","geometry":{"type":"Point","coordinates":[144.6672,-15.5843]},"properties":{"d":"2026-10-09","t":"0330","frp":8.1,"b":341.9,"c":1,"s":"N21","n":0}},{"type":"Feature","geometry":{"type":"Point","coordinates":[144.6664,-15.5842]},"properties":{"d":"2026-10-09","t":"0330","frp":7.9,"b":341.1,"c":1,"s":"N21","n":0}},{"type":"Feature","geometry":{"type":"Point","coordinates":[144.6487,-15.5508]},"properties":{"d":"2026-10-09","t":"0330","frp":3.7,"b":336.8,"c":1,"s":"N21","n":0}},{"type":"Feature","geometry":{"type":"Point","coordinates":[144.6479,-15.5464]},"properties":{"d":"2026-10-09","t":"0330","frp":3.7,"b":340.2,"c":1,"s":"N21","n":0}},{"type":"Feature","geometry":{"type":"Point","coordinates":[144.6133,-15.5283]},"properties":{"d":"2026-10-09","t":"0330","frp":4.7,"b":332.1,"c":1,"s":"N21","n":0}},{"type":"Feature","geometry":{"type":"Point","coordinates":[144.6127,-15.5239]},"properties":{"d":"2026-10-09","t":"0330","frp":4.7,"b":330.7,"c":1,"s":"N21","n":0}},{"type":"Feature","geometry":{"type":"Point","coordinates":[144.6172,-15.5233]},"properties":{"d":"2026-10-09","t":"0330","frp":4.7,"b":332.1,"c":1,"s":"N21","n":0}},{"type":"Feature","geometry":{"type":"Point","coordinates":[144.6211,-15.5183]},"properties":{"d":"2026-10-09","t":"0330","frp":3.8,"b":339.6,"c":1,"s":"N21","n":0}},{"type":"Feature","geometry":{"type":"Point","coordinates":[144.515,-15.5088]},"properties":{"d":"2026-10-09","t":"0330","frp":4.3,"b":340.3,"c":1,"s":"N21","n":0}},{"type":"Feature","geometry":{"type":"Point","coordinates":[144.5369,-15.5017]},"properties":{"d":"2026-10-09","t":"0330","frp":5.0,"b":333.1,"c":1,"s":"N21","n":0}},{"type":"Feature","geometry":{"type":"Point","coordinates":[144.5229,-15.4952]},"properties":{"d":"2026-10-09","t":"0330","frp":4.7,"b":332.1,"c":1,"s":"N21","n":0}},{"type":"Feature","geometry":{"type":"Point","coordinates":[144.5274,-15.4947]},"properties":{"d":"2026-10-09","t":"0330","frp":4.6,"b":333.1,"c":1,"s":"N21","n":0}},{"type":"Feature","geometry":{"type":"Point","coordinates":[144.5222,-15.4944]},"properties":{"d":"2026-10-09","t":"0330","frp":4.9,"b":331.9,"c":1,"s":"N21","n":0}},{"type":"Feature","geometry":{"type":"Point","coordinates":[144.5267,-15.4939]},"properties":{"d":"2026-10-09","t":"0330","frp":4.4,"b":331.1,"c":1,"s":"N21","n":0}},{"type":"Feature","geometry":{"type":"Point","coordinates":[145.2827,-15.332]},"properties":{"d":"2026-10-09","t":"0330","frp":5.5,"b":334.1,"c":1,"s":"N21","n":0}},{"type":"Feature","geometry":{"type":"Point","coordinates":[144.9718,-15.2945]},"properties":{"d":"2026-10-09","t":"0330","frp":12.1,"b":340.2,"c":1,"s":"N21","n":0}},{"type":"Feature","geometry":{"type":"Point","coordinates":[143.8685,-14.8129]},"properties":{"d":"2026-10-09","t":"0330","frp":14.4,"b":349.5,"c":1,"s":"N21","n":0}},{"type":"Feature","geometry":{"type":"Point","coordinates":[143.8664,-14.8128]},"properties":{"d":"2026-10-09","t":"0330","frp":11.2,"b":338.7,"c":1,"s":"N21","n":0}},{"type":"Feature","geometry":{"type":"Point","coordinates":[143.8712,-14.8122]},"properties":{"d":"2026-10-09","t":"0330","frp":8.0,"b":341.9,"c":1,"s":"N21","n":0}},{"type":"Feature","geometry":{"type":"Point","coordinates":[144.5528,-14.7922]},"properties":{"d":"2026-10-09","t":"0330","frp":6.9,"b":336.5,"c":1,"s":"N21","n":0}},{"type":"Feature","geometry":{"type":"Point","coordinates":[144.5522,-14.7879]},"properties":{"d":"2026-10-09","t":"0330","frp":6.9,"b":339.4,"c":1,"s":"N21","n":0}},{"type":"Feature","geometry":{"type":"Point","coordinates":[144.5604,-14.7823]},"properties":{"d":"2026-10-09","t":"0330","frp":9.4,"b":345.7,"c":1,"s":"N21","n":0}},{"type":"Feature","geometry":{"type":"Point","coordinates":[144.8387,-14.7821]},"properties":{"d":"2026-10-09","t":"0330","frp":3.5,"b":335.2,"c":1,"s":"N21","n":0}},{"type":"Feature","geometry":{"type":"Point","coordinates":[144.5598,-14.778]},"properties":{"d":"2026-10-09","t":"0330","frp":9.4,"b":352.6,"c":1,"s":"N21","n":0}},{"type":"Feature","geometry":{"type":"Point","coordinates":[144.5549,-14.7741]},"properties":{"d":"2026-10-09","t":"0330","frp":3.0,"b":339.5,"c":1,"s":"N21","n":0}},{"type":"Feature","geometry":{"type":"Point","coordinates":[144.5577,-14.7247]},"properties":{"d":"2026-10-09","t":"0330","frp":10.2,"b":342.5,"c":1,"s":"N21","n":0}},{"type":"Feature","geometry":{"type":"Point","coordinates":[144.5582,-14.7198]},"properties":{"d":"2026-10-09","t":"0330","frp":13.4,"b":347.6,"c":1,"s":"N21","n":0}},{"type":"Feature","geometry":{"type":"Point","coordinates":[144.5626,-14.7192]},"properties":{"d":"2026-10-09","t":"0330","frp":23.6,"b":345.0,"c":1,"s":"N21","n":0}},{"type":"Feature","geometry":{"type":"Point","coordinates":[144.567,-14.7187]},"properties":{"d":"2026-10-09","t":"0330","frp":23.6,"b":367.0,"c":2,"s":"N21","n":0}},{"type":"Feature","geometry":{"type":"Point","coordinates":[144.5533,-14.716]},"properties":{"d":"2026-10-09","t":"0330","frp":13.4,"b":337.9,"c":1,"s":"N21","n":0}},{"type":"Feature","geometry":{"type":"Point","coordinates":[144.5577,-14.7154]},"properties":{"d":"2026-10-09","t":"0330","frp":13.4,"b":367.0,"c":2,"s":"N21","n":0}},{"type":"Feature","geometry":{"type":"Point","coordinates":[144.5621,-14.7148]},"properties":{"d":"2026-10-09","t":"0330","frp":23.6,"b":331.9,"c":1,"s":"N21","n":0}},{"type":"Feature","geometry":{"type":"Point","coordinates":[144.5752,-14.7131]},"properties":{"d":"2026-10-09","t":"0330","frp":8.2,"b":345.4,"c":1,"s":"N21","n":0}},{"type":"Feature","geometry":{"type":"Point","coordinates":[144.5572,-14.711]},"properties":{"d":"2026-10-09","t":"0330","frp":7.0,"b":347.5,"c":1,"s":"N21","n":0}},{"type":"Feature","geometry":{"type":"Point","coordinates":[143.8261,-14.692]},"properties":{"d":"2026-10-09","t":"0330","frp":5.8,"b":332.3,"c":1,"s":"N21","n":0}},{"type":"Feature","geometry":{"type":"Point","coordinates":[143.8206,-14.688]},"properties":{"d":"2026-10-09","t":"0330","frp":7.3,"b":334.6,"c":1,"s":"N21","n":0}},{"type":"Feature","geometry":{"type":"Point","coordinates":[143.8152,-14.684]},"properties":{"d":"2026-10-09","t":"0330","frp":10.0,"b":337.0,"c":1,"s":"N21","n":0}},{"type":"Feature","geometry":{"type":"Point","coordinates":[143.8692,-14.6819]},"properties":{"d":"2026-10-09","t":"0330","frp":5.0,"b":335.4,"c":1,"s":"N21","n":0}},{"type":"Feature","geometry":{"type":"Point","coordinates":[143.8146,-14.6794]},"properties":{"d":"2026-10-09","t":"0330","frp":3.9,"b":332.3,"c":1,"s":"N21","n":0}},{"type":"Feature","geometry":{"type":"Point","coordinates":[143.8686,-14.6773]},"properties":{"d":"2026-10-09","t":"0330","frp":5.0,"b":340.1,"c":1,"s":"N21","n":0}},{"type":"Feature","geometry":{"type":"Point","coordinates":[143.8592,-14.6412]},"properties":{"d":"2026-10-09","t":"0330","frp":6.5,"b":336.1,"c":1,"s":"N21","n":0}},{"type":"Feature","geometry":{"type":"Point","coordinates":[144.4506,-14.3125]},"properties":{"d":"2026-10-09","t":"0330","frp":7.3,"b":341.9,"c":1,"s":"N21","n":0}},{"type":"Feature","geometry":{"type":"Point","coordinates":[144.4523,-14.3121]},"properties":{"d":"2026-10-09","t":"0330","frp":4.2,"b":332.8,"c":1,"s":"N21","n":0}},{"type":"Feature","geometry":{"type":"Point","coordinates":[144.4517,-14.3077]},"properties":{"d":"2026-10-09","t":"0330","frp":4.2,"b":334.7,"c":1,"s":"N21","n":0}},{"type":"Feature","geometry":{"type":"Point","coordinates":[144.4546,-14.3075]},"properties":{"d":"2026-10-09","t":"0330","frp":7.3,"b":339.9,"c":1,"s":"N21","n":0}},{"type":"Feature","geometry":{"type":"Point","coordinates":[144.4563,-14.3071]},"properties":{"d":"2026-10-09","t":"0330","frp":4.2,"b":338.5,"c":1,"s":"N21","n":0}},{"type":"Feature","geometry":{"type":"Point","coordinates":[144.4558,-14.3027]},"properties":{"d":"2026-10-09","t":"0330","frp":4.7,"b":335.6,"c":1,"s":"N21","n":0}},{"type":"Feature","geometry":{"type":"Point","coordinates":[144.4553,-14.2983]},"properties":{"d":"2026-10-09","t":"0330","frp":4.7,"b":334.0,"c":1,"s":"N21","n":0}},{"type":"Feature","geometry":{"type":"Point","coordinates":[144.4603,-14.2976]},"properties":{"d":"2026-10-09","t":"0330","frp":9.5,"b":339.0,"c":1,"s":"N21","n":0}},{"type":"Feature","geometry":{"type":"Point","coordinates":[144.4546,-14.2939]},"properties":{"d":"2026-10-09","t":"0330","frp":5.3,"b":334.1,"c":1,"s":"N21","n":0}},{"type":"Feature","geometry":{"type":"Point","coordinates":[144.4578,-14.2846]},"properties":{"d":"2026-10-09","t":"0330","frp":6.2,"b":338.8,"c":1,"s":"N21","n":0}},{"type":"Feature","geometry":{"type":"Point","coordinates":[136.6338,-14.0934]},"properties":{"d":"2026-10-09","t":"0330","frp":19.4,"b":351.0,"c":1,"s":"N21","n":0}},{"type":"Feature","geometry":{"type":"Point","coordinates":[136.6413,-14.0926]},"properties":{"d":"2026-10-09","t":"0330","frp":19.4,"b":342.6,"c":1,"s":"N21","n":0}},{"type":"Feature","geometry":{"type":"Point","coordinates":[136.6485,-14.0919]},"properties":{"d":"2026-10-09","t":"0330","frp":17.4,"b":345.2,"c":1,"s":"N21","n":0}},{"type":"Feature","geometry":{"type":"Point","coordinates":[136.6558,-14.0912]},"properties":{"d":"2026-10-09","t":"0330","frp":17.4,"b":336.2,"c":1,"s":"N21","n":0}},{"type":"Feature","geometry":{"type":"Point","coordinates":[136.633,-14.0862]},"properties":{"d":"2026-10-09","t":"0330","frp":19.4,"b":353.5,"c":1,"s":"N21","n":0}},{"type":"Feature","geometry":{"type":"Point","coordinates":[143.3053,-14.0606]},"properties":{"d":"2026-10-09","t":"0330","frp":14.1,"b":343.8,"c":1,"s":"N21","n":0}},{"type":"Feature","geometry":{"type":"Point","coordinates":[143.3099,-14.0553]},"properties":{"d":"2026-10-09","t":"0330","frp":11.0,"b":332.6,"c":1,"s":"N21","n":0}},{"type":"Feature","geometry":{"type":"Point","coordinates":[136.6372,-14.0494]},"properties":{"d":"2026-10-09","t":"0330","frp":29.7,"b":331.1,"c":1,"s":"N21","n":0}},{"type":"Feature","geometry":{"type":"Point","coordinates":[143.2985,-14.047]},"properties":{"d":"2026-10-09","t":"0330","frp":16.9,"b":340.4,"c":1,"s":"N21","n":0}},{"type":"Feature","geometry":{"type":"Point","coordinates":[136.637,-14.0421]},"properties":{"d":"2026-10-09","t":"0330","frp":29.7,"b":367.0,"c":2,"s":"N21","n":0}},{"type":"Feature","geometry":{"type":"Point","coordinates":[136.6442,-14.0414]},"properties":{"d":"2026-10-09","t":"0330","frp":35.2,"b":343.3,"c":1,"s":"N21","n":0}},{"type":"Feature","geometry":{"type":"Point","coordinates":[143.2999,-14.0406]},"properties":{"d":"2026-10-09","t":"0330","frp":6.7,"b":334.0,"c":1,"s":"N21","n":0}},{"type":"Feature","geometry":{"type":"Point","coordinates":[136.6871,-14.03]},"properties":{"d":"2026-10-09","t":"0330","frp":12.0,"b":331.6,"c":1,"s":"N21","n":0}},{"type":"Feature","geometry":{"type":"Point","coordinates":[136.6938,-14.0221]},"properties":{"d":"2026-10-09","t":"0330","frp":12.0,"b":338.0,"c":1,"s":"N21","n":0}},{"type":"Feature","geometry":{"type":"Point","coordinates":[136.701,-14.0214]},"properties":{"d":"2026-10-09","t":"0330","frp":15.6,"b":330.5,"c":1,"s":"N21","n":0}},{"type":"Feature","geometry":{"type":"Point","coordinates":[141.9063,-13.6778]},"properties":{"d":"2026-10-09","t":"0330","frp":5.3,"b":336.2,"c":1,"s":"N21","n":0}},{"type":"Feature","geometry":{"type":"Point","coordinates":[141.9957,-13.6777]},"properties":{"d":"2026-10-09","t":"0330","frp":7.9,"b":338.3,"c":1,"s":"N21","n":0}},{"type":"Feature","geometry":{"type":"Point","coordinates":[141.9989,-13.6774]},"properties":{"d":"2026-10-09","t":"0330","frp":7.9,"b":367.0,"c":2,"s":"N21","n":0}},{"type":"Feature","geometry":{"type":"Point","coordinates":[142.002,-13.677]},"properties":{"d":"2026-10-09","t":"0330","frp":6.1,"b":346.3,"c":1,"s":"N21","n":0}},{"type":"Feature","geometry":{"type":"Point","coordinates":[142.0052,-13.6766]},"properties":{"d":"2026-10-09","t":"0330","frp":6.1,"b":340.1,"c":1,"s":"N21","n":0}},{"type":"Feature","geometry":{"type":"Point","coordinates":[141.9223,-13.6759]},"properties":{"d":"2026-10-09","t":"0330","frp":5.5,"b":345.4,"c":1,"s":"N21","n":0}},{"type":"Feature","geometry":{"type":"Point","coordinates":[142.0146,-13.6755]},"properties":{"d":"2026-10-09","t":"0330","frp":4.3,"b":334.1,"c":1,"s":"N21","n":0}},{"type":"Feature","geometry":{"type":"Point","coordinates":[142.0177,-13.6751]},"properties":{"d":"2026-10-09","t":"0330","frp":4.3,"b":347.9,"c":1,"s":"N21","n":0}},{"type":"Feature","geometry":{"type":"Point","coordinates":[142.0208,-13.6748]},"properties":{"d":"2026-10-09","t":"0330","frp":5.5,"b":337.4,"c":1,"s":"N21","n":0}},{"type":"Feature","geometry":{"type":"Point","coordinates":[142.024,-13.6744]},"properties":{"d":"2026-10-09","t":"0330","frp":5.5,"b":353.7,"c":1,"s":"N21","n":0}},{"type":"Feature","geometry":{"type":"Point","coordinates":[142.0271,-13.674]},"properties":{"d":"2026-10-09","t":"0330","frp":4.4,"b":336.1,"c":1,"s":"N21","n":0}},{"type":"Feature","geometry":{"type":"Point","coordinates":[142.0302,-13.6737]},"properties":{"d":"2026-10-09","t":"0330","frp":4.4,"b":339.1,"c":1,"s":"N21","n":0}},{"type":"Feature","geometry":{"type":"Point","coordinates":[142.0333,-13.6733]},"properties":{"d":"2026-10-09","t":"0330","frp":5.3,"b":348.6,"c":1,"s":"N21","n":0}},{"type":"Feature","geometry":{"type":"Point","coordinates":[141.9024,-13.673]},"properties":{"d":"2026-10-09","t":"0330","frp":7.1,"b":340.0,"c":1,"s":"N21","n":0}},{"type":"Feature","geometry":{"type":"Point","coordinates":[142.0364,-13.6729]},"properties":{"d":"2026-10-09","t":"0330","frp":5.3,"b":344.2,"c":1,"s":"N21","n":0}},{"type":"Feature","geometry":{"type":"Point","coordinates":[141.9056,-13.6726]},"properties":{"d":"2026-10-09","t":"0330","frp":10.2,"b":344.6,"c":1,"s":"N21","n":0}},{"type":"Feature","geometry":{"type":"Point","coordinates":[142.0395,-13.6726]},"properties":{"d":"2026-10-09","t":"0330","frp":4.1,"b":332.0,"c":1,"s":"N21","n":0}},{"type":"Feature","geometry":{"type":"Point","coordinates":[141.9983,-13.6722]},"properties":{"d":"2026-10-09","t":"0330","frp":5.2,"b":335.9,"c":1,"s":"N21","n":0}},{"type":"Feature","geometry":{"type":"Point","coordinates":[141.9043,-13.6708]},"properties":{"d":"2026-10-09","t":"0330","frp":3.6,"b":340.1,"c":1,"s":"N21","n":0}},{"type":"Feature","geometry":{"type":"Point","coordinates":[141.9343,-13.6692]},"properties":{"d":"2026-10-09","t":"0330","frp":11.2,"b":349.2,"c":1,"s":"N21","n":0}},{"type":"Feature","geometry":{"type":"Point","coordinates":[141.9375,-13.6689]},"properties":{"d":"2026-10-09","t":"0330","frp":9.4,"b":345.2,"c":1,"s":"N21","n":0}},{"type":"Feature","geometry":{"type":"Point","coordinates":[142.042,-13.6671]},"properties":{"d":"2026-10-09","t":"0330","frp":7.7,"b":336.7,"c":1,"s":"N21","n":0}},{"type":"Feature","geometry":{"type":"Point","coordinates":[141.9361,-13.6669]},"properties":{"d":"2026-10-09","t":"0330","frp":3.6,"b":338.7,"c":1,"s":"N21","n":0}},{"type":"Feature","geometry":{"type":"Point","coordinates":[142.0451,-13.6667]},"properties":{"d":"2026-10-09","t":"0330","frp":4.1,"b":342.3,"c":1,"s":"N21","n":0}},{"type":"Feature","geometry":{"type":"Point","coordinates":[141.9393,-13.6665]},"properties":{"d":"2026-10-09","t":"0330","frp":3.6,"b":338.9,"c":1,"s":"N21","n":0}},{"type":"Feature","geometry":{"type":"Point","coordinates":[141.9179,-13.6659]},"properties":{"d":"2026-10-09","t":"0330","frp":6.9,"b":349.2,"c":1,"s":"N21","n":0}},{"type":"Feature","geometry":{"type":"Point","coordinates":[141.9211,-13.6655]},"properties":{"d":"2026-10-09","t":"0330","frp":6.9,"b":351.9,"c":1,"s":"N21","n":0}},{"type":"Feature","geometry":{"type":"Point","coordinates":[141.9166,-13.6641]},"properties":{"d":"2026-10-09","t":"0330","frp":5.1,"b":347.5,"c":1,"s":"N21","n":0}},{"type":"Feature","geometry":{"type":"Point","coordinates":[141.9197,-13.6637]},"properties":{"d":"2026-10-09","t":"0330","frp":5.1,"b":352.2,"c":1,"s":"N21","n":0}},{"type":"Feature","geometry":{"type":"Point","coordinates":[141.9045,-13.6622]},"properties":{"d":"2026-10-09","t":"0330","frp":4.6,"b":331.9,"c":1,"s":"N21","n":0}},{"type":"Feature","geometry":{"type":"Point","coordinates":[142.0445,-13.6616]},"properties":{"d":"2026-10-09","t":"0330","frp":4.1,"b":338.9,"c":1,"s":"N21","n":0}},{"type":"Feature","geometry":{"type":"Point","coordinates":[142.0476,-13.6612]},"properties":{"d":"2026-10-09","t":"0330","frp":4.1,"b":333.5,"c":1,"s":"N21","n":0}},{"type":"Feature","geometry":{"type":"Point","coordinates":[142.009,-13.6553]},"properties":{"d":"2026-10-09","t":"0330","frp":6.1,"b":367.0,"c":2,"s":"N21","n":0}},{"type":"Feature","geometry":{"type":"Point","coordinates":[142.0121,-13.6549]},"properties":{"d":"2026-10-09","t":"0330","frp":4.9,"b":331.7,"c":1,"s":"N21","n":0}},{"type":"Feature","geometry":{"type":"Point","coordinates":[142.0153,-13.6546]},"properties":{"d":"2026-10-09","t":"0330","frp":4.9,"b":341.3,"c":1,"s":"N21","n":0}},{"type":"Feature","geometry":{"type":"Point","coordinates":[142.0277,-13.6531]},"properties":{"d":"2026-10-09","t":"0330","frp":36.4,"b":338.0,"c":1,"s":"N21","n":0}},{"type":"Feature","geometry":{"type":"Point","coordinates":[142.0308,-13.6528]},"properties":{"d":"2026-10-09","t":"0330","frp":24.9,"b":367.0,"c":2,"s":"N21","n":0}},{"type":"Feature","geometry":{"type":"Point","coordinates":[142.0106,-13.6524]},"properties":{"d":"2026-10-09","t":"0330","frp":6.1,"b":354.9,"c":1,"s":"N21","n":0}},{"type":"Feature","geometry":{"type":"Point","coordinates":[142.034,-13.6524]},"properties":{"d":"2026-10-09","t":"0330","frp":24.9,"b":331.6,"c":1,"s":"N21","n":0}},{"type":"Feature","geometry":{"type":"Point","coordinates":[142.0138,-13.652]},"properties":{"d":"2026-10-09","t":"0330","frp":6.1,"b":336.1,"c":1,"s":"N21","n":0}},{"type":"Feature","geometry":{"type":"Point","coordinates":[142.0169,-13.6516]},"properties":{"d":"2026-10-09","t":"0330","frp":4.5,"b":337.2,"c":1,"s":"N21","n":0}},{"type":"Feature","geometry":{"type":"Point","coordinates":[142.0433,-13.6513]},"properties":{"d":"2026-10-09","t":"0330","frp":5.9,"b":334.4,"c":1,"s":"N21","n":0}},{"type":"Feature","geometry":{"type":"Point","coordinates":[142.02,-13.6512]},"properties":{"d":"2026-10-09","t":"0330","frp":4.5,"b":339.1,"c":1,"s":"N21","n":0}},{"type":"Feature","geometry":{"type":"Point","coordinates":[142.0232,-13.6509]},"properties":{"d":"2026-10-09","t":"0330","frp":62.1,"b":338.0,"c":1,"s":"N21","n":0}},{"type":"Feature","geometry":{"type":"Point","coordinates":[142.0294,-13.6501]},"properties":{"d":"2026-10-09","t":"0330","frp":47.2,"b":350.0,"c":1,"s":"N21","n":0}},{"type":"Feature","geometry":{"type":"Point","coordinates":[142.0325,-13.6497]},"properties":{"d":"2026-10-09","t":"0330","frp":47.2,"b":367.0,"c":2,"s":"N21","n":0}},{"type":"Feature","geometry":{"type":"Point","coordinates":[142.0356,-13.6493]},"properties":{"d":"2026-10-09","t":"0330","frp":5.9,"b":331.5,"c":1,"s":"N21","n":0}},{"type":"Feature","geometry":{"type":"Point","coordinates":[142.0386,-13.6489]},"properties":{"d":"2026-10-09","t":"0330","frp":5.9,"b":343.6,"c":1,"s":"N21","n":0}},{"type":"Feature","geometry":{"type":"Point","coordinates":[142.021,-13.6487]},"properties":{"d":"2026-10-09","t":"0330","frp":4.6,"b":334.8,"c":1,"s":"N21","n":0}},{"type":"Feature","geometry":{"type":"Point","coordinates":[142.0418,-13.6485]},"properties":{"d":"2026-10-09","t":"0330","frp":8.7,"b":345.7,"c":1,"s":"N21","n":0}},{"type":"Feature","geometry":{"type":"Point","coordinates":[142.0241,-13.6483]},"properties":{"d":"2026-10-09","t":"0330","frp":25.5,"b":349.8,"c":1,"s":"N21","n":0}},{"type":"Feature","geometry":{"type":"Point","coordinates":[142.0272,-13.648]},"properties":{"d":"2026-10-09","t":"0330","frp":25.5,"b":367.0,"c":2,"s":"N21","n":0}},{"type":"Feature","geometry":{"type":"Point","coordinates":[142.0303,-13.6476]},"properties":{"d":"2026-10-09","t":"0330","frp":12.6,"b":347.3,"c":1,"s":"N21","n":0}},{"type":"Feature","geometry":{"type":"Point","coordinates":[142.0365,-13.6469]},"properties":{"d":"2026-10-09","t":"0330","frp":5.1,"b":345.5,"c":1,"s":"N21","n":0}},{"type":"Feature","geometry":{"type":"Point","coordinates":[142.0395,-13.6465]},"properties":{"d":"2026-10-09","t":"0330","frp":5.1,"b":344.9,"c":1,"s":"N21","n":0}},{"type":"Feature","geometry":{"type":"Point","coordinates":[142.0195,-13.6461]},"properties":{"d":"2026-10-09","t":"0330","frp":3.9,"b":331.6,"c":1,"s":"N21","n":0}},{"type":"Feature","geometry":{"type":"Point","coordinates":[142.0257,-13.6453]},"properties":{"d":"2026-10-09","t":"0330","frp":11.7,"b":367.0,"c":2,"s":"N21","n":0}},{"type":"Feature","geometry":{"type":"Point","coordinates":[142.0288,-13.6449]},"properties":{"d":"2026-10-09","t":"0330","frp":5.5,"b":342.6,"c":1,"s":"N21","n":0}},{"type":"Feature","geometry":{"type":"Point","coordinates":[142.035,-13.6442]},"properties":{"d":"2026-10-09","t":"0330","frp":5.0,"b":332.6,"c":1,"s":"N21","n":0}},{"type":"Feature","geometry":{"type":"Point","coordinates":[142.0204,-13.6436]},"properties":{"d":"2026-10-09","t":"0330","frp":4.6,"b":333.9,"c":1,"s":"N21","n":0}},{"type":"Feature","geometry":{"type":"Point","coordinates":[142.0328,-13.6421]},"properties":{"d":"2026-10-09","t":"0330","frp":12.6,"b":343.1,"c":1,"s":"N21","n":0}},{"type":"Feature","geometry":{"type":"Point","coordinates":[142.0157,-13.6413]},"properties":{"d":"2026-10-09","t":"0330","frp":3.9,"b":339.2,"c":1,"s":"N21","n":0}},{"type":"Feature","geometry":{"type":"Point","coordinates":[142.0189,-13.641]},"properties":{"d":"2026-10-09","t":"0330","frp":3.9,"b":345.6,"c":1,"s":"N21","n":0}},{"type":"Feature","geometry":{"type":"Point","coordinates":[142.0313,-13.6394]},"properties":{"d":"2026-10-09","t":"0330","frp":5.5,"b":337.6,"c":1,"s":"N21","n":0}},{"type":"Feature","geometry":{"type":"Point","coordinates":[142.0277,-13.6347]},"properties":{"d":"2026-10-09","t":"0330","frp":3.6,"b":338.0,"c":1,"s":"N21","n":0}},{"type":"Feature","geometry":{"type":"Point","coordinates":[142.0308,-13.6343]},"properties":{"d":"2026-10-09","t":"0330","frp":3.6,"b":335.0,"c":1,"s":"N21","n":0}},{"type":"Feature","geometry":{"type":"Point","coordinates":[142.0177,-13.6307]},"properties":{"d":"2026-10-09","t":"0330","frp":8.1,"b":344.9,"c":1,"s":"N21","n":0}},{"type":"Feature","geometry":{"type":"Point","coordinates":[142.0208,-13.6303]},"properties":{"d":"2026-10-09","t":"0330","frp":7.8,"b":353.6,"c":1,"s":"N21","n":0}},{"type":"Feature","geometry":{"type":"Point","coordinates":[142.0239,-13.6299]},"properties":{"d":"2026-10-09","t":"0330","frp":7.8,"b":332.0,"c":1,"s":"N21","n":0}},{"type":"Feature","geometry":{"type":"Point","coordinates":[142.0271,-13.6295]},"properties":{"d":"2026-10-09","t":"0330","frp":3.6,"b":338.2,"c":1,"s":"N21","n":0}},{"type":"Feature","geometry":{"type":"Point","coordinates":[143.1609,-13.5567]},"properties":{"d":"2026-10-09","t":"0330","frp":11.2,"b":331.7,"c":0,"s":"N21","n":0}},{"type":"Feature","geometry":{"type":"Point","coordinates":[143.1506,-13.5146]},"properties":{"d":"2026-10-09","t":"0330","frp":17.1,"b":367.0,"c":2,"s":"N21","n":0}},{"type":"Feature","geometry":{"type":"Point","coordinates":[143.1555,-13.514]},"properties":{"d":"2026-10-09","t":"0330","frp":17.1,"b":367.0,"c":2,"s":"N21","n":0}},{"type":"Feature","geometry":{"type":"Point","coordinates":[143.1484,-13.5136]},"properties":{"d":"2026-10-09","t":"0330","frp":8.9,"b":341.2,"c":1,"s":"N21","n":0}},{"type":"Feature","geometry":{"type":"Point","coordinates":[143.1532,-13.513]},"properties":{"d":"2026-10-09","t":"0330","frp":25.7,"b":367.0,"c":2,"s":"N21","n":0}},{"type":"Feature","geometry":{"type":"Point","coordinates":[143.1582,-13.5123]},"properties":{"d":"2026-10-09","t":"0330","frp":25.7,"b":353.2,"c":1,"s":"N21","n":0}},{"type":"Feature","geometry":{"type":"Point","coordinates":[143.1549,-13.5093]},"properties":{"d":"2026-10-09","t":"0330","frp":17.1,"b":346.6,"c":1,"s":"N21","n":0}},{"type":"Feature","geometry":{"type":"Point","coordinates":[143.1599,-13.5087]},"properties":{"d":"2026-10-09","t":"0330","frp":21.3,"b":367.0,"c":2,"s":"N21","n":0}},{"type":"Feature","geometry":{"type":"Point","coordinates":[143.165,-13.5081]},"properties":{"d":"2026-10-09","t":"0330","frp":21.3,"b":343.8,"c":1,"s":"N21","n":0}},{"type":"Feature","geometry":{"type":"Point","coordinates":[143.1627,-13.507]},"properties":{"d":"2026-10-09","t":"0330","frp":28.9,"b":347.5,"c":1,"s":"N21","n":0}},{"type":"Feature","geometry":{"type":"Point","coordinates":[143.1644,-13.5033]},"properties":{"d":"2026-10-09","t":"0330","frp":11.9,"b":351.4,"c":1,"s":"N21","n":0}},{"type":"Feature","geometry":{"type":"Point","coordinates":[143.1761,-13.4908]},"properties":{"d":"2026-10-09","t":"0330","frp":3.5,"b":337.0,"c":1,"s":"N21","n":0}},{"type":"Feature","geometry":{"type":"Point","coordinates":[143.1755,-13.4861]},"properties":{"d":"2026-10-09","t":"0330","frp":3.5,"b":335.1,"c":1,"s":"N21","n":0}},{"type":"Feature","geometry":{"type":"Point","coordinates":[136.6349,-14.0467]},"properties":{"d":"2026-10-09","t":"0332","frp":32.6,"b":355.3,"c":1,"s":"N21","n":0}},{"type":"Feature","geometry":{"type":"Point","coordinates":[136.6422,-14.0459]},"properties":{"d":"2026-10-09","t":"0332","frp":32.6,"b":342.7,"c":1,"s":"N21","n":0}},{"type":"Feature","geometry":{"type":"Point","coordinates":[136.692,-14.0262]},"properties":{"d":"2026-10-09","t":"0332","frp":11.2,"b":331.6,"c":1,"s":"N21","n":0}},{"type":"Feature","geometry":{"type":"Point","coordinates":[136.6985,-14.0183]},"properties":{"d":"2026-10-09","t":"0332","frp":11.2,"b":331.4,"c":1,"s":"N21","n":0}},{"type":"Feature","geometry":{"type":"Point","coordinates":[141.7239,-13.0531]},"properties":{"d":"2026-10-09","t":"0332","frp":16.5,"b":353.4,"c":1,"s":"N21","n":0}},{"type":"Feature","geometry":{"type":"Point","coordinates":[141.7271,-13.0527]},"properties":{"d":"2026-10-09","t":"0332","frp":19.4,"b":367.0,"c":2,"s":"N21","n":0}},{"type":"Feature","geometry":{"type":"Point","coordinates":[141.7303,-13.0524]},"properties":{"d":"2026-10-09","t":"0332","frp":19.4,"b":367.0,"c":2,"s":"N21","n":0}},{"type":"Feature","geometry":{"type":"Point","coordinates":[141.7227,-13.0518]},"properties":{"d":"2026-10-09","t":"0332","frp":12.0,"b":336.0,"c":1,"s":"N21","n":0}},{"type":"Feature","geometry":{"type":"Point","coordinates":[141.7259,-13.0514]},"properties":{"d":"2026-10-09","t":"0332","frp":19.1,"b":367.0,"c":2,"s":"N21","n":0}},{"type":"Feature","geometry":{"type":"Point","coordinates":[141.7291,-13.051]},"properties":{"d":"2026-10-09","t":"0332","frp":19.1,"b":367.0,"c":2,"s":"N21","n":0}},{"type":"Feature","geometry":{"type":"Point","coordinates":[136.4378,-12.8818]},"properties":{"d":"2026-10-09","t":"0332","frp":27.4,"b":344.2,"c":1,"s":"N21","n":0}},{"type":"Feature","geometry":{"type":"Point","coordinates":[136.4448,-12.8811]},"properties":{"d":"2026-10-09","t":"0332","frp":16.1,"b":345.6,"c":1,"s":"N21","n":0}},{"type":"Feature","geometry":{"type":"Point","coordinates":[136.4518,-12.8804]},"properties":{"d":"2026-10-09","t":"0332","frp":16.1,"b":330.6,"c":1,"s":"N21","n":0}},{"type":"Feature","geometry":{"type":"Point","coordinates":[136.4358,-12.8793]},"properties":{"d":"2026-10-09","t":"0332","frp":17.8,"b":344.4,"c":1,"s":"N21","n":0}},{"type":"Feature","geometry":{"type":"Point","coordinates":[136.4428,-12.8786]},"properties":{"d":"2026-10-09","t":"0332","frp":17.8,"b":339.1,"c":1,"s":"N21","n":0}},{"type":"Feature","geometry":{"type":"Point","coordinates":[136.4499,-12.8778]},"properties":{"d":"2026-10-09","t":"0332","frp":17.5,"b":336.2,"c":1,"s":"N21","n":0}},{"type":"Feature","geometry":{"type":"Point","coordinates":[136.4658,-12.8108]},"properties":{"d":"2026-10-09","t":"0332","frp":20.1,"b":333.0,"c":1,"s":"N21","n":0}},{"type":"Feature","geometry":{"type":"Point","coordinates":[136.4628,-12.8078]},"properties":{"d":"2026-10-09","t":"0332","frp":13.8,"b":337.9,"c":1,"s":"N21","n":0}},{"type":"Feature","geometry":{"type":"Point","coordinates":[143.3709,-12.7508]},"properties":{"d":"2026-10-09","t":"0332","frp":5.2,"b":336.9,"c":1,"s":"N21","n":0}},{"type":"Feature","geometry":{"type":"Point","coordinates":[143.3752,-12.7456]},"properties":{"d":"2026-10-09","t":"0332","frp":4.6,"b":333.3,"c":1,"s":"N21","n":0}},{"type":"Feature","geometry":{"type":"Point","coordinates":[143.3753,-12.7323]},"properties":{"d":"2026-10-09","t":"0332","frp":6.4,"b":338.6,"c":1,"s":"N21","n":0}},{"type":"Feature","geometry":{"type":"Point","coordinates":[143.3735,-12.7317]},"properties":{"d":"2026-10-09","t":"0332","frp":8.9,"b":344.9,"c":1,"s":"N21","n":0}},{"type":"Feature","geometry":{"type":"Point","coordinates":[141.8991,-12.5807]},"properties":{"d":"2026-10-09","t":"0332","frp":4.3,"b":334.4,"c":1,"s":"N21","n":0}},{"type":"Feature","geometry":{"type":"Point","coordinates":[136.8043,-12.4821]},"properties":{"d":"2026-10-09","t":"0332","frp":28.0,"b":354.2,"c":1,"s":"N21","n":0}},{"type":"Feature","geometry":{"type":"Point","coordinates":[136.8112,-12.4814]},"properties":{"d":"2026-10-09","t":"0332","frp":40.7,"b":367.0,"c":2,"s":"N21","n":0}},{"type":"Feature","geometry":{"type":"Point","coordinates":[136.7968,-12.4758]},"properties":{"d":"2026-10-09","t":"0332","frp":18.7,"b":347.1,"c":1,"s":"N21","n":0}},{"type":"Feature","geometry":{"type":"Point","coordinates":[136.8037,-12.4751]},"properties":{"d":"2026-10-09","t":"0332","frp":18.7,"b":347.8,"c":1,"s":"N21","n":0}},{"type":"Feature","geometry":{"type":"Point","coordinates":[136.8477,-12.435]},"properties":{"d":"2026-10-09","t":"0332","frp":7.0,"b":332.3,"c":1,"s":"N21","n":0}},{"type":"Feature","geometry":{"type":"Point","coordinates":[136.845,-12.4296]},"properties":{"d":"2026-10-09","t":"0332","frp":10.5,"b":330.5,"c":1,"s":"N21","n":0}},{"type":"Feature","geometry":{"type":"Point","coordinates":[141.7982,-12.4292]},"properties":{"d":"2026-10-09","t":"0332","frp":3.6,"b":335.7,"c":1,"s":"N21","n":0}},{"type":"Feature","geometry":{"type":"Point","coordinates":[141.8013,-12.4289]},"properties":{"d":"2026-10-09","t":"0332","frp":2.5,"b":331.0,"c":0,"s":"N21","n":0}},{"type":"Feature","geometry":{"type":"Point","coordinates":[141.7915,-12.4248]},"properties":{"d":"2026-10-09","t":"0332","frp":4.5,"b":342.2,"c":1,"s":"N21","n":0}},{"type":"Feature","geometry":{"type":"Point","coordinates":[141.7946,-12.4245]},"properties":{"d":"2026-10-09","t":"0332","frp":7.9,"b":367.0,"c":2,"s":"N21","n":0}},{"type":"Feature","geometry":{"type":"Point","coordinates":[141.7977,-12.4241]},"properties":{"d":"2026-10-09","t":"0332","frp":7.9,"b":335.2,"c":1,"s":"N21","n":0}},{"type":"Feature","geometry":{"type":"Point","coordinates":[141.7878,-12.4201]},"properties":{"d":"2026-10-09","t":"0332","frp":4.5,"b":340.4,"c":1,"s":"N21","n":0}},{"type":"Feature","geometry":{"type":"Point","coordinates":[141.7909,-12.4197]},"properties":{"d":"2026-10-09","t":"0332","frp":4.5,"b":333.5,"c":1,"s":"N21","n":0}},{"type":"Feature","geometry":{"type":"Point","coordinates":[141.933,-12.4127]},"properties":{"d":"2026-10-09","t":"0332","frp":10.8,"b":367.0,"c":2,"s":"N21","n":0}},{"type":"Feature","geometry":{"type":"Point","coordinates":[141.936,-12.4124]},"properties":{"d":"2026-10-09","t":"0332","frp":9.6,"b":353.4,"c":1,"s":"N21","n":0}},{"type":"Feature","geometry":{"type":"Point","coordinates":[141.9353,-12.4073]},"properties":{"d":"2026-10-09","t":"0332","frp":45.7,"b":367.0,"c":2,"s":"N21","n":0}},{"type":"Feature","geometry":{"type":"Point","coordinates":[141.9286,-12.403]},"properties":{"d":"2026-10-09","t":"0332","frp":50.2,"b":350.3,"c":1,"s":"N21","n":0}},{"type":"Feature","geometry":{"type":"Point","coordinates":[141.9316,-12.4026]},"properties":{"d":"2026-10-09","t":"0332","frp":50.2,"b":367.0,"c":2,"s":"N21","n":0}},{"type":"Feature","geometry":{"type":"Point","coordinates":[136.3868,-12.3387]},"properties":{"d":"2026-10-09","t":"0332","frp":10.2,"b":342.7,"c":1,"s":"N21","n":0}},{"type":"Feature","geometry":{"type":"Point","coordinates":[136.8188,-12.2282]},"properties":{"d":"2026-10-09","t":"0332","frp":14.4,"b":347.1,"c":1,"s":"N21","n":0}},{"type":"Feature","geometry":{"type":"Point","coordinates":[136.8226,-12.222]},"properties":{"d":"2026-10-09","t":"0332","frp":28.6,"b":339.1,"c":1,"s":"N21","n":0}},{"type":"Feature","geometry":{"type":"Point","coordinates":[136.8246,-12.2206]},"properties":{"d":"2026-10-09","t":"0332","frp":10.2,"b":334.4,"c":1,"s":"N21","n":0}},{"type":"Feature","geometry":{"type":"Point","coordinates":[141.8144,-12.077]},"properties":{"d":"2026-10-09","t":"0332","frp":2.6,"b":331.4,"c":1,"s":"N21","n":0}},{"type":"Feature","geometry":{"type":"Point","coordinates":[141.8392,-12.0532]},"properties":{"d":"2026-10-09","t":"0332","frp":4.0,"b":333.8,"c":0,"s":"N21","n":0}},{"type":"Feature","geometry":{"type":"Point","coordinates":[141.9516,-11.9008]},"properties":{"d":"2026-10-09","t":"0332","frp":6.2,"b":349.4,"c":1,"s":"N21","n":0}},{"type":"Feature","geometry":{"type":"Point","coordinates":[142.6114,-11.8608]},"properties":{"d":"2026-10-09","t":"0332","frp":10.0,"b":342.4,"c":1,"s":"N21","n":0}},{"type":"Feature","geometry":{"type":"Point","coordinates":[142.6144,-11.8603]},"properties":{"d":"2026-10-09","t":"0332","frp":18.6,"b":347.1,"c":1,"s":"N21","n":0}},{"type":"Feature","geometry":{"type":"Point","coordinates":[142.5978,-11.8575]},"properties":{"d":"2026-10-09","t":"0332","frp":18.8,"b":343.3,"c":1,"s":"N21","n":0}},{"type":"Feature","geometry":{"type":"Point","coordinates":[142.6001,-11.8574]},"properties":{"d":"2026-10-09","t":"0332","frp":16.6,"b":333.1,"c":1,"s":"N21","n":0}},{"type":"Feature","geometry":{"type":"Point","coordinates":[142.5674,-11.8568]},"properties":{"d":"2026-10-09","t":"0332","frp":8.6,"b":334.0,"c":1,"s":"N21","n":0}},{"type":"Feature","geometry":{"type":"Point","coordinates":[142.6084,-11.8562]},"properties":{"d":"2026-10-09","t":"0332","frp":9.2,"b":336.4,"c":1,"s":"N21","n":0}},{"type":"Feature","geometry":{"type":"Point","coordinates":[142.5728,-11.8561]},"properties":{"d":"2026-10-09","t":"0332","frp":9.9,"b":343.1,"c":1,"s":"N21","n":0}},{"type":"Feature","geometry":{"type":"Point","coordinates":[142.6107,-11.856]},"properties":{"d":"2026-10-09","t":"0332","frp":7.9,"b":339.8,"c":1,"s":"N21","n":0}},{"type":"Feature","geometry":{"type":"Point","coordinates":[142.5703,-11.856]},"properties":{"d":"2026-10-09","t":"0332","frp":9.3,"b":342.0,"c":1,"s":"N21","n":0}},{"type":"Feature","geometry":{"type":"Point","coordinates":[142.6138,-11.8555]},"properties":{"d":"2026-10-09","t":"0332","frp":10.8,"b":332.1,"c":0,"s":"N21","n":0}},{"type":"Feature","geometry":{"type":"Point","coordinates":[142.5781,-11.8554]},"properties":{"d":"2026-10-09","t":"0332","frp":9.9,"b":335.6,"c":1,"s":"N21","n":0}},{"type":"Feature","geometry":{"type":"Point","coordinates":[142.5758,-11.8553]},"properties":{"d":"2026-10-09","t":"0332","frp":9.3,"b":336.7,"c":1,"s":"N21","n":0}},{"type":"Feature","geometry":{"type":"Point","coordinates":[142.6192,-11.8548]},"properties":{"d":"2026-10-09","t":"0332","frp":10.8,"b":334.9,"c":0,"s":"N21","n":0}},{"type":"Feature","geometry":{"type":"Point","coordinates":[142.5835,-11.8547]},"properties":{"d":"2026-10-09","t":"0332","frp":16.8,"b":353.1,"c":1,"s":"N21","n":0}},{"type":"Feature","geometry":{"type":"Point","coordinates":[142.5812,-11.8546]},"properties":{"d":"2026-10-09","t":"0332","frp":18.1,"b":350.3,"c":1,"s":"N21","n":0}},{"type":"Feature","geometry":{"type":"Point","coordinates":[142.6215,-11.8546]},"properties":{"d":"2026-10-09","t":"0332","frp":17.2,"b":337.6,"c":1,"s":"N21","n":0}},{"type":"Feature","geometry":{"type":"Point","coordinates":[142.6246,-11.8542]},"properties":{"d":"2026-10-09","t":"0332","frp":17.1,"b":341.3,"c":1,"s":"N21","n":0}},{"type":"Feature","geometry":{"type":"Point","coordinates":[142.5889,-11.854]},"properties":{"d":"2026-10-09","t":"0332","frp":16.8,"b":350.5,"c":1,"s":"N21","n":0}},{"type":"Feature","geometry":{"type":"Point","coordinates":[142.5865,-11.854]},"properties":{"d":"2026-10-09","t":"0332","frp":18.1,"b":349.6,"c":1,"s":"N21","n":0}},{"type":"Feature","geometry":{"type":"Point","coordinates":[142.6268,-11.8539]},"properties":{"d":"2026-10-09","t":"0332","frp":9.5,"b":332.1,"c":1,"s":"N21","n":0}},{"type":"Feature","geometry":{"type":"Point","coordinates":[142.5918,-11.8533]},"properties":{"d":"2026-10-09","t":"0332","frp":18.8,"b":353.7,"c":1,"s":"N21","n":0}},{"type":"Feature","geometry":{"type":"Point","coordinates":[142.5941,-11.8533]},"properties":{"d":"2026-10-09","t":"0332","frp":16.6,"b":353.9,"c":1,"s":"N21","n":0}},{"type":"Feature","geometry":{"type":"Point","coordinates":[142.5971,-11.8527]},"properties":{"d":"2026-10-09","t":"0332","frp":18.8,"b":352.4,"c":1,"s":"N21","n":0}},{"type":"Feature","geometry":{"type":"Point","coordinates":[142.5994,-11.8526]},"properties":{"d":"2026-10-09","t":"0332","frp":16.6,"b":347.5,"c":1,"s":"N21","n":0}},{"type":"Feature","geometry":{"type":"Point","coordinates":[142.6025,-11.852]},"properties":{"d":"2026-10-09","t":"0332","frp":9.2,"b":338.2,"c":1,"s":"N21","n":0}},{"type":"Feature","geometry":{"type":"Point","coordinates":[142.5668,-11.852]},"properties":{"d":"2026-10-09","t":"0332","frp":26.7,"b":347.0,"c":1,"s":"N21","n":0}},{"type":"Feature","geometry":{"type":"Point","coordinates":[142.6048,-11.8519]},"properties":{"d":"2026-10-09","t":"0332","frp":7.9,"b":339.2,"c":1,"s":"N21","n":0}},{"type":"Feature","geometry":{"type":"Point","coordinates":[142.6079,-11.8514]},"properties":{"d":"2026-10-09","t":"0332","frp":9.2,"b":340.3,"c":1,"s":"N21","n":0}},{"type":"Feature","geometry":{"type":"Point","coordinates":[142.5722,-11.8513]},"properties":{"d":"2026-10-09","t":"0332","frp":22.8,"b":367.0,"c":2,"s":"N21","n":0}},{"type":"Feature","geometry":{"type":"Point","coordinates":[142.6102,-11.8512]},"properties":{"d":"2026-10-09","t":"0332","frp":7.9,"b":339.1,"c":1,"s":"N21","n":0}},{"type":"Feature","geometry":{"type":"Point","coordinates":[142.5776,-11.8506]},"properties":{"d":"2026-10-09","t":"0332","frp":22.8,"b":367.0,"c":2,"s":"N21","n":0}},{"type":"Feature","geometry":{"type":"Point","coordinates":[142.5829,-11.8499]},"properties":{"d":"2026-10-09","t":"0332","frp":12.8,"b":367.0,"c":2,"s":"N21","n":0}},{"type":"Feature","geometry":{"type":"Point","coordinates":[142.6316,-11.8484]},"properties":{"d":"2026-10-09","t":"0332","frp":9.5,"b":340.4,"c":1,"s":"N21","n":0}},{"type":"Feature","geometry":{"type":"Point","coordinates":[142.6347,-11.848]},"properties":{"d":"2026-10-09","t":"0332","frp":21.8,"b":349.5,"c":1,"s":"N21","n":0}},{"type":"Feature","geometry":{"type":"Point","coordinates":[142.637,-11.8477]},"properties":{"d":"2026-10-09","t":"0332","frp":12.8,"b":336.5,"c":1,"s":"N21","n":0}},{"type":"Feature","geometry":{"type":"Point","coordinates":[142.6453,-11.8467]},"properties":{"d":"2026-10-09","t":"0332","frp":10.2,"b":341.0,"c":1,"s":"N21","n":0}},{"type":"Feature","geometry":{"type":"Point","coordinates":[142.5716,-11.8464]},"properties":{"d":"2026-10-09","t":"0332","frp":22.8,"b":354.7,"c":1,"s":"N21","n":0}},{"type":"Feature","geometry":{"type":"Point","coordinates":[142.6474,-11.8463]},"properties":{"d":"2026-10-09","t":"0332","frp":6.3,"b":341.1,"c":1,"s":"N21","n":0}},{"type":"Feature","geometry":{"type":"Point","coordinates":[142.577,-11.8457]},"properties":{"d":"2026-10-09","t":"0332","frp":22.8,"b":346.8,"c":1,"s":"N21","n":0}},{"type":"Feature","geometry":{"type":"Point","coordinates":[142.5822,-11.845]},"properties":{"d":"2026-10-09","t":"0332","frp":12.8,"b":331.0,"c":1,"s":"N21","n":0}},{"type":"Feature","geometry":{"type":"Point","coordinates":[142.6611,-11.8448]},"properties":{"d":"2026-10-09","t":"0332","frp":5.0,"b":333.2,"c":1,"s":"N21","n":0}},{"type":"Feature","geometry":{"type":"Point","coordinates":[142.5763,-11.8409]},"properties":{"d":"2026-10-09","t":"0332","frp":38.1,"b":367.0,"c":2,"s":"N21","n":0}},{"type":"Feature","geometry":{"type":"Point","coordinates":[142.5816,-11.8402]},"properties":{"d":"2026-10-09","t":"0332","frp":16.6,"b":343.9,"c":1,"s":"N21","n":0}},{"type":"Feature","geometry":{"type":"Point","coordinates":[142.6627,-11.8394]},"properties":{"d":"2026-10-09","t":"0332","frp":5.9,"b":334.1,"c":1,"s":"N21","n":0}},{"type":"Feature","geometry":{"type":"Point","coordinates":[142.6679,-11.8388]},"properties":{"d":"2026-10-09","t":"0332","frp":6.7,"b":331.7,"c":1,"s":"N21","n":0}},{"type":"Feature","geometry":{"type":"Point","coordinates":[142.5321,-11.8368]},"properties":{"d":"2026-10-09","t":"0332","frp":116.0,"b":342.4,"c":1,"s":"N21","n":0}},{"type":"Feature","geometry":{"type":"Point","coordinates":[142.5375,-11.8361]},"properties":{"d":"2026-10-09","t":"0332","frp":21.5,"b":367.0,"c":2,"s":"N21","n":0}},{"type":"Feature","geometry":{"type":"Point","coordinates":[142.5428,-11.8354]},"properties":{"d":"2026-10-09","t":"0332","frp":21.5,"b":347.2,"c":1,"s":"N21","n":0}},{"type":"Feature","geometry":{"type":"Point","coordinates":[142.5483,-11.8347]},"properties":{"d":"2026-10-09","t":"0332","frp":11.0,"b":332.6,"c":1,"s":"N21","n":0}},{"type":"Feature","geometry":{"type":"Point","coordinates":[142.5537,-11.834]},"properties":{"d":"2026-10-09","t":"0332","frp":11.0,"b":367.0,"c":2,"s":"N21","n":0}},{"type":"Feature","geometry":{"type":"Point","coordinates":[142.559,-11.8333]},"properties":{"d":"2026-10-09","t":"0332","frp":19.6,"b":352.8,"c":1,"s":"N21","n":0}},{"type":"Feature","geometry":{"type":"Point","coordinates":[142.6726,-11.8333]},"properties":{"d":"2026-10-09","t":"0332","frp":6.7,"b":336.0,"c":1,"s":"N21","n":0}},{"type":"Feature","geometry":{"type":"Point","coordinates":[142.5262,-11.8326]},"properties":{"d":"2026-10-09","t":"0332","frp":116.0,"b":271.5,"c":0,"s":"N21","n":0}},{"type":"Feature","geometry":{"type":"Point","coordinates":[142.5644,-11.8326]},"properties":{"d":"2026-10-09","t":"0332","frp":19.6,"b":332.7,"c":0,"s":"N21","n":0}},{"type":"Feature","geometry":{"type":"Point","coordinates":[142.6404,-11.8326]},"properties":{"d":"2026-10-09","t":"0332","frp":4.0,"b":334.2,"c":1,"s":"N21","n":0}},{"type":"Feature","geometry":{"type":"Point","coordinates":[142.5316,-11.832]},"properties":{"d":"2026-10-09","t":"0332","frp":116.0,"b":351.6,"c":1,"s":"N21","n":0}},{"type":"Feature","geometry":{"type":"Point","coordinates":[142.537,-11.8313]},"properties":{"d":"2026-10-09","t":"0332","frp":21.5,"b":367.0,"c":2,"s":"N21","n":0}},{"type":"Feature","geometry":{"type":"Point","coordinates":[142.5423,-11.8306]},"properties":{"d":"2026-10-09","t":"0332","frp":21.5,"b":348.2,"c":1,"s":"N21","n":0}},{"type":"Feature","geometry":{"type":"Point","coordinates":[142.5477,-11.8299]},"properties":{"d":"2026-10-09","t":"0332","frp":11.0,"b":349.6,"c":1,"s":"N21","n":0}},{"type":"Feature","geometry":{"type":"Point","coordinates":[142.5858,-11.8299]},"properties":{"d":"2026-10-09","t":"0332","frp":42.0,"b":334.2,"c":1,"s":"N21","n":0}},{"type":"Feature","geometry":{"type":"Point","coordinates":[142.5532,-11.8292]},"properties":{"d":"2026-10-09","t":"0332","frp":11.0,"b":330.9,"c":1,"s":"N21","n":0}},{"type":"Feature","geometry":{"type":"Point","coordinates":[142.6345,-11.8285]},"properties":{"d":"2026-10-09","t":"0332","frp":4.0,"b":331.5,"c":1,"s":"N21","n":0}},{"type":"Feature","geometry":{"type":"Point","coordinates":[142.5256,-11.8278]},"properties":{"d":"2026-10-09","t":"0332","frp":8.7,"b":333.2,"c":1,"s":"N21","n":0}},{"type":"Feature","geometry":{"type":"Point","coordinates":[142.5692,-11.8271]},"properties":{"d":"2026-10-09","t":"0332","frp":46.7,"b":352.1,"c":1,"s":"N21","n":0}},{"type":"Feature","geometry":{"type":"Point","coordinates":[142.531,-11.8271]},"properties":{"d":"2026-10-09","t":"0332","frp":8.7,"b":343.1,"c":1,"s":"N21","n":0}},{"type":"Feature","geometry":{"type":"Point","coordinates":[142.5364,-11.8264]},"properties":{"d":"2026-10-09","t":"0332","frp":16.9,"b":333.8,"c":1,"s":"N21","n":0}},{"type":"Feature","geometry":{"type":"Point","coordinates":[142.5746,-11.8264]},"properties":{"d":"2026-10-09","t":"0332","frp":46.7,"b":350.2,"c":1,"s":"N21","n":0}},{"type":"Feature","geometry":{"type":"Point","coordinates":[142.5418,-11.8257]},"properties":{"d":"2026-10-09","t":"0332","frp":16.9,"b":335.2,"c":1,"s":"N21","n":0}},{"type":"Feature","geometry":{"type":"Point","coordinates":[142.5799,-11.8257]},"properties":{"d":"2026-10-09","t":"0332","frp":42.0,"b":352.9,"c":1,"s":"N21","n":0}},{"type":"Feature","geometry":{"type":"Point","coordinates":[142.5852,-11.8251]},"properties":{"d":"2026-10-09","t":"0332","frp":42.0,"b":367.0,"c":2,"s":"N21","n":0}},{"type":"Feature","geometry":{"type":"Point","coordinates":[142.6232,-11.8251]},"properties":{"d":"2026-10-09","t":"0332","frp":7.4,"b":343.8,"c":1,"s":"N21","n":0}},{"type":"Feature","geometry":{"type":"Point","coordinates":[142.5471,-11.825]},"properties":{"d":"2026-10-09","t":"0332","frp":68.1,"b":353.7,"c":1,"s":"N21","n":0}},{"type":"Feature","geometry":{"type":"Point","coordinates":[142.6285,-11.8244]},"properties":{"d":"2026-10-09","t":"0332","frp":7.4,"b":347.3,"c":1,"s":"N21","n":0}},{"type":"Feature","geometry":{"type":"Point","coordinates":[142.5525,-11.8244]},"properties":{"d":"2026-10-09","t":"0332","frp":68.1,"b":355.4,"c":1,"s":"N21","n":0}},{"type":"Feature","geometry":{"type":"Point","coordinates":[142.5579,-11.8237]},"properties":{"d":"2026-10-09","t":"0332","frp":26.9,"b":367.0,"c":2,"s":"N21","n":0}},{"type":"Feature","geometry":{"type":"Point","coordinates":[142.5633,-11.823]},"properties":{"d":"2026-10-09","t":"0332","frp":26.9,"b":367.0,"c":2,"s":"N21","n":0}},{"type":"Feature","geometry":{"type":"Point","coordinates":[142.5686,-11.8223]},"properties":{"d":"2026-10-09","t":"0332","frp":16.5,"b":367.0,"c":2,"s":"N21","n":0}},{"type":"Feature","geometry":{"type":"Point","coordinates":[142.574,-11.8216]},"properties":{"d":"2026-10-09","t":"0332","frp":16.5,"b":336.6,"c":1,"s":"N21","n":0}},{"type":"Feature","geometry":{"type":"Point","coordinates":[142.6369,-11.8038]},"properties":{"d":"2026-10-09","t":"0332","frp":14.0,"b":338.6,"c":1,"s":"N21","n":0}},{"type":"Feature","geometry":{"type":"Point","coordinates":[142.6421,-11.8031]},"properties":{"d":"2026-10-09","t":"0332","frp":8.7,"b":336.8,"c":1,"s":"N21","n":0}},{"type":"Feature","geometry":{"type":"Point","coordinates":[142.6474,-11.8024]},"properties":{"d":"2026-10-09","t":"0332","frp":8.7,"b":332.5,"c":1,"s":"N21","n":0}},{"type":"Feature","geometry":{"type":"Point","coordinates":[142.6304,-11.7949]},"properties":{"d":"2026-10-09","t":"0332","frp":23.9,"b":342.0,"c":1,"s":"N21","n":0}},{"type":"Feature","geometry":{"type":"Point","coordinates":[142.6357,-11.7942]},"properties":{"d":"2026-10-09","t":"0332","frp":23.9,"b":353.9,"c":1,"s":"N21","n":0}},{"type":"Feature","geometry":{"type":"Point","coordinates":[142.641,-11.7935]},"properties":{"d":"2026-10-09","t":"0332","frp":17.0,"b":351.7,"c":1,"s":"N21","n":0}},{"type":"Feature","geometry":{"type":"Point","coordinates":[142.3562,-11.0988]},"properties":{"d":"2026-10-09","t":"0332","frp":17.3,"b":355.4,"c":1,"s":"N21","n":0}},{"type":"Feature","geometry":{"type":"Point","coordinates":[142.3501,-11.0946]},"properties":{"d":"2026-10-09","t":"0332","frp":13.1,"b":330.5,"c":0,"s":"N21","n":0}},{"type":"Feature","geometry":{"type":"Point","coordinates":[142.2625,-11.0283]},"properties":{"d":"2026-10-09","t":"0332","frp":7.0,"b":335.3,"c":0,"s":"N21","n":0}},{"type":"Feature","geometry":{"type":"Point","coordinates":[142.2619,-11.0234]},"properties":{"d":"2026-10-09","t":"0332","frp":6.3,"b":333.4,"c":0,"s":"N21","n":0}},{"type":"Feature","geometry":{"type":"Point","coordinates":[142.2558,-11.0192]},"properties":{"d":"2026-10-09","t":"0332","frp":19.9,"b":345.9,"c":1,"s":"N21","n":0}},{"type":"Feature","geometry":{"type":"Point","coordinates":[142.4437,-10.9067]},"properties":{"d":"2026-10-09","t":"0332","frp":7.8,"b":337.2,"c":1,"s":"N21","n":0}},{"type":"Feature","geometry":{"type":"Point","coordinates":[142.419,-10.9053]},"properties":{"d":"2026-10-09","t":"0332","frp":16.4,"b":350.7,"c":1,"s":"N21","n":0}},{"type":"Feature","geometry":{"type":"Point","coordinates":[142.3487,-10.9047]},"properties":{"d":"2026-10-09","t":"0332","frp":17.7,"b":341.8,"c":1,"s":"N21","n":0}},{"type":"Feature","geometry":{"type":"Point","coordinates":[142.4243,-10.9046]},"properties":{"d":"2026-10-09","t":"0332","frp":11.0,"b":344.8,"c":1,"s":"N21","n":0}},{"type":"Feature","geometry":{"type":"Point","coordinates":[142.4402,-10.9024]},"properties":{"d":"2026-10-09","t":"0332","frp":5.6,"b":330.4,"c":0,"s":"N21","n":0}},{"type":"Feature","geometry":{"type":"Point","coordinates":[142.4289,-10.8991]},"properties":{"d":"2026-10-09","t":"0332","frp":11.0,"b":337.6,"c":1,"s":"N21","n":0}},{"type":"Feature","geometry":{"type":"Point","coordinates":[142.4342,-10.8984]},"properties":{"d":"2026-10-09","t":"0332","frp":5.6,"b":340.5,"c":1,"s":"N21","n":0}},{"type":"Feature","geometry":{"type":"Point","coordinates":[142.4394,-10.8977]},"properties":{"d":"2026-10-09","t":"0332","frp":5.6,"b":333.6,"c":1,"s":"N21","n":0}},{"type":"Feature","geometry":{"type":"Point","coordinates":[142.4232,-10.8949]},"properties":{"d":"2026-10-09","t":"0332","frp":9.1,"b":335.1,"c":1,"s":"N21","n":0}},{"type":"Feature","geometry":{"type":"Point","coordinates":[142.4174,-10.8908]},"properties":{"d":"2026-10-09","t":"0332","frp":14.5,"b":339.6,"c":1,"s":"N21","n":0}},{"type":"Feature","geometry":{"type":"Point","coordinates":[152.8225,-10.6821]},"properties":{"d":"2026-10-09","t":"0332","frp":2.3,"b":331.5,"c":1,"s":"N21","n":0}},{"type":"Feature","geometry":{"type":"Point","coordinates":[150.4667,-10.6133]},"properties":{"d":"2026-10-09","t":"0332","frp":3.6,"b":329.9,"c":1,"s":"N21","n":0}},{"type":"Feature","geometry":{"type":"Point","coordinates":[150.261,-10.451]},"properties":{"d":"2026-10-09","t":"0332","frp":2.5,"b":330.6,"c":1,"s":"N21","n":0}},{"type":"Feature","geometry":{"type":"Point","coordinates":[150.4289,-10.4253]},"properties":{"d":"2026-10-09","t":"0332","frp":2.9,"b":330.8,"c":1,"s":"N21","n":0}},{"type":"Feature","geometry":{"type":"Point","coordinates":[149.8845,-10.403]},"properties":{"d":"2026-10-09","t":"0332","frp":6.0,"b":336.1,"c":1,"s":"N21","n":0}},{"type":"Feature","geometry":{"type":"Point","coordinates":[149.8603,-10.339]},"properties":{"d":"2026-10-09","t":"0332","frp":13.8,"b":335.2,"c":1,"s":"N21","n":0}},{"type":"Feature","geometry":{"type":"Point","coordinates":[149.6662,-10.2869]},"properties":{"d":"2026-10-09","t":"0332","frp":2.8,"b":329.7,"c":1,"s":"N21","n":0}},{"type":"Feature","geometry":{"type":"Point","coordinates":[149.2981,-10.2778]},"properties":{"d":"2026-10-09","t":"0332","frp":1.9,"b":330.5,"c":1,"s":"N21","n":0}},{"type":"Feature","geometry":{"type":"Point","coordinates":[149.2825,-10.27]},"properties":{"d":"2026-10-09","t":"0332","frp":3.9,"b":333.0,"c":1,"s":"N21","n":0}},{"type":"Feature","geometry":{"type":"Point","coordinates":[149.2865,-10.249]},"properties":{"d":"2026-10-09","t":"0332","frp":2.9,"b":332.8,"c":1,"s":"N21","n":0}},{"type":"Feature","geometry":{"type":"Point","coordinates":[150.5396,-10.2417]},"properties":{"d":"2026-10-09","t":"0332","frp":4.7,"b":334.1,"c":0,"s":"N21","n":0}},{"type":"Feature","geometry":{"type":"Point","coordinates":[150.0321,-10.2278]},"properties":{"d":"2026-10-09","t":"0332","frp":14.4,"b":337.7,"c":1,"s":"N21","n":0}},{"type":"Feature","geometry":{"type":"Point","coordinates":[150.4531,-10.2177]},"properties":{"d":"2026-10-09","t":"0332","frp":5.5,"b":335.6,"c":0,"s":"N21","n":0}},{"type":"Feature","geometry":{"type":"Point","coordinates":[150.4621,-10.2061]},"properties":{"d":"2026-10-09","t":"0332","frp":2.9,"b":334.7,"c":0,"s":"N21","n":0}},{"type":"Feature","geometry":{"type":"Point","coordinates":[149.1281,-10.2047]},"properties":{"d":"2026-10-09","t":"0332","frp":5.9,"b":339.1,"c":1,"s":"N21","n":0}},{"type":"Feature","geometry":{"type":"Point","coordinates":[148.0878,-10.1297]},"properties":{"d":"2026-10-09","t":"0332","frp":6.2,"b":336.0,"c":1,"s":"N21","n":0}},{"type":"Feature","geometry":{"type":"Point","coordinates":[151.1054,-10.123]},"properties":{"d":"2026-10-09","t":"0332","frp":11.7,"b":341.9,"c":1,"s":"N21","n":0}},{"type":"Feature","geometry":{"type":"Point","coordinates":[149.2948,-10.095]},"properties":{"d":"2026-10-09","t":"0332","frp":2.4,"b":329.6,"c":0,"s":"N21","n":0}},{"type":"Feature","geometry":{"type":"Point","coordinates":[148.0023,-10.0935]},"properties":{"d":"2026-10-09","t":"0332","frp":5.8,"b":343.6,"c":1,"s":"N21","n":0}},{"type":"Feature","geometry":{"type":"Point","coordinates":[148.4588,-10.071]},"properties":{"d":"2026-10-09","t":"0332","frp":2.4,"b":331.9,"c":1,"s":"N21","n":0}},{"type":"Feature","geometry":{"type":"Point","coordinates":[149.3048,-10.0663]},"properties":{"d":"2026-10-09","t":"0332","frp":7.3,"b":339.9,"c":1,"s":"N21","n":0}},{"type":"Feature","geometry":{"type":"Point","coordinates":[148.5137,-10.0662]},"properties":{"d":"2026-10-09","t":"0332","frp":4.0,"b":332.8,"c":0,"s":"N21","n":0}},{"type":"Feature","geometry":{"type":"Point","coordinates":[149.3083,-10.0658]},"properties":{"d":"2026-10-09","t":"0332","frp":3.4,"b":331.7,"c":1,"s":"N21","n":0}},{"type":"Feature","geometry":{"type":"Point","coordinates":[149.3076,-10.0623]},"properties":{"d":"2026-10-09","t":"0332","frp":11.2,"b":343.2,"c":1,"s":"N21","n":0}},{"type":"Feature","geometry":{"type":"Point","coordinates":[149.3071,-10.059]},"properties":{"d":"2026-10-09","t":"0332","frp":11.2,"b":342.6,"c":1,"s":"N21","n":0}},{"type":"Feature","geometry":{"type":"Point","coordinates":[148.1547,-10.0433]},"properties":{"d":"2026-10-09","t":"0332","frp":6.3,"b":334.8,"c":1,"s":"N21","n":0}},{"type":"Feature","geometry":{"type":"Point","coordinates":[147.9512,-10.0343]},"properties":{"d":"2026-10-09","t":"0332","frp":4.7,"b":344.9,"c":1,"s":"N21","n":0}},{"type":"Feature","geometry":{"type":"Point","coordinates":[149.6174,-10.0227]},"properties":{"d":"2026-10-09","t":"0332","frp":9.6,"b":342.4,"c":1,"s":"N21","n":0}},{"type":"Feature","geometry":{"type":"Point","coordinates":[151.1849,-10.0223]},"properties":{"d":"2026-10-09","t":"0332","frp":23.6,"b":338.6,"c":1,"s":"N21","n":0}},{"type":"Feature","geometry":{"type":"Point","coordinates":[151.1774,-10.0201]},"properties":{"d":"2026-10-09","t":"0332","frp":2.8,"b":330.8,"c":1,"s":"N21","n":0}},{"type":"Feature","geometry":{"type":"Point","coordinates":[151.1845,-10.019]},"properties":{"d":"2026-10-09","t":"0332","frp":32.9,"b":341.4,"c":1,"s":"N21","n":0}},{"type":"Feature","geometry":{"type":"Point","coordinates":[151.1543,-10.0134]},"properties":{"d":"2026-10-09","t":"0332","frp":4.2,"b":334.1,"c":1,"s":"N21","n":0}},{"type":"Feature","geometry":{"type":"Point","coordinates":[149.8188,-10.0124]},"properties":{"d":"2026-10-09","t":"0332","frp":3.8,"b":333.5,"c":1,"s":"N21","n":0}},{"type":"Feature","geometry":{"type":"Point","coordinates":[148.2088,-10.003]},"properties":{"d":"2026-10-09","t":"0332","frp":4.5,"b":333.8,"c":0,"s":"N21","n":0}},{"type":"Feature","geometry":{"type":"Point","coordinates":[148.4617,-9.9913]},"properties":{"d":"2026-10-09","t":"0332","frp":22.9,"b":337.1,"c":0,"s":"N21","n":0}},{"type":"Feature","geometry":{"type":"Point","coordinates":[147.8356,-9.9812]},"properties":{"d":"2026-10-09","t":"0332","frp":6.7,"b":340.7,"c":1,"s":"N21","n":0}},{"type":"Feature","geometry":{"type":"Point","coordinates":[147.8161,-9.9805]},"properties":{"d":"2026-10-09","t":"0332","frp":5.4,"b":336.8,"c":0,"s":"N21","n":0}},{"type":"Feature","geometry":{"type":"Point","coordinates":[147.8156,-9.9771]},"properties":{"d":"2026-10-09","t":"0332","frp":6.2,"b":350.2,"c":1,"s":"N21","n":0}},{"type":"Feature","geometry":{"type":"Point","coordinates":[148.1479,-9.9739]},"properties":{"d":"2026-10-09","t":"0332","frp":4.4,"b":333.5,"c":0,"s":"N21","n":0}},{"type":"Feature","geometry":{"type":"Point","coordinates":[149.7531,-9.9575]},"properties":{"d":"2026-10-09","t":"0332","frp":3.6,"b":342.3,"c":1,"s":"N21","n":0}},{"type":"Feature","geometry":{"type":"Point","coordinates":[149.7565,-9.957]},"properties":{"d":"2026-10-09","t":"0332","frp":3.1,"b":335.1,"c":1,"s":"N21","n":0}},{"type":"Feature","geometry":{"type":"Point","coordinates":[149.76,-9.9565]},"properties":{"d":"2026-10-09","t":"0332","frp":3.1,"b":335.3,"c":1,"s":"N21","n":0}},{"type":"Feature","geometry":{"type":"Point","coordinates":[151.0116,-9.9509]},"properties":{"d":"2026-10-09","t":"0332","frp":2.5,"b":330.0,"c":0,"s":"N21","n":0}},{"type":"Feature","geometry":{"type":"Point","coordinates":[148.166,-9.9434]},"properties":{"d":"2026-10-09","t":"0332","frp":4.6,"b":333.3,"c":0,"s":"N21","n":0}},{"type":"Feature","geometry":{"type":"Point","coordinates":[148.2387,-9.9258]},"properties":{"d":"2026-10-09","t":"0332","frp":5.5,"b":343.9,"c":1,"s":"N21","n":0}},{"type":"Feature","geometry":{"type":"Point","coordinates":[151.2681,-9.9176]},"properties":{"d":"2026-10-09","t":"0332","frp":5.3,"b":334.6,"c":1,"s":"N21","n":0}},{"type":"Feature","geometry":{"type":"Point","coordinates":[149.7284,-9.9139]},"properties":{"d":"2026-10-09","t":"0332","frp":6.5,"b":334.3,"c":1,"s":"N21","n":0}},{"type":"Feature","geometry":{"type":"Point","coordinates":[149.5066,-9.9133]},"properties":{"d":"2026-10-09","t":"0332","frp":4.3,"b":330.6,"c":1,"s":"N21","n":0}},{"type":"Feature","geometry":{"type":"Point","coordinates":[149.5101,-9.9128]},"properties":{"d":"2026-10-09","t":"0332","frp":4.3,"b":337.3,"c":1,"s":"N21","n":0}},{"type":"Feature","geometry":{"type":"Point","coordinates":[148.055,-9.9069]},"properties":{"d":"2026-10-09","t":"0332","frp":4.4,"b":331.2,"c":1,"s":"N21","n":0}},{"type":"Feature","geometry":{"type":"Point","coordinates":[147.8714,-9.9061]},"properties":{"d":"2026-10-09","t":"0332","frp":4.8,"b":336.1,"c":0,"s":"N21","n":0}},{"type":"Feature","geometry":{"type":"Point","coordinates":[148.0157,-9.8988]},"properties":{"d":"2026-10-09","t":"0332","frp":3.6,"b":332.2,"c":1,"s":"N21","n":0}},{"type":"Feature","geometry":{"type":"Point","coordinates":[148.0259,-9.8903]},"properties":{"d":"2026-10-09","t":"0332","frp":4.3,"b":331.9,"c":1,"s":"N21","n":0}},{"type":"Feature","geometry":{"type":"Point","coordinates":[147.8067,-9.8875]},"properties":{"d":"2026-10-09","t":"0332","frp":15.7,"b":347.9,"c":1,"s":"N21","n":0}},{"type":"Feature","geometry":{"type":"Point","coordinates":[147.9183,-9.8852]},"properties":{"d":"2026-10-09","t":"0332","frp":4.7,"b":335.7,"c":1,"s":"N21","n":0}},{"type":"Feature","geometry":{"type":"Point","coordinates":[147.8441,-9.8786]},"properties":{"d":"2026-10-09","t":"0332","frp":6.1,"b":337.5,"c":1,"s":"N21","n":0}},{"type":"Feature","geometry":{"type":"Point","coordinates":[147.8516,-9.8774]},"properties":{"d":"2026-10-09","t":"0332","frp":6.3,"b":336.6,"c":0,"s":"N21","n":0}},{"type":"Feature","geometry":{"type":"Point","coordinates":[147.729,-9.8606]},"properties":{"d":"2026-10-09","t":"0332","frp":4.4,"b":335.7,"c":1,"s":"N21","n":0}},{"type":"Feature","geometry":{"type":"Point","coordinates":[149.3022,-9.8562]},"properties":{"d":"2026-10-09","t":"0332","frp":14.5,"b":351.2,"c":1,"s":"N21","n":0}},{"type":"Feature","geometry":{"type":"Point","coordinates":[149.3052,-9.8523]},"properties":{"d":"2026-10-09","t":"0332","frp":56.9,"b":353.2,"c":1,"s":"N21","n":0}},{"type":"Feature","geometry":{"type":"Point","coordinates":[149.3087,-9.8518]},"properties":{"d":"2026-10-09","t":"0332","frp":56.9,"b":355.6,"c":1,"s":"N21","n":0}},{"type":"Feature","geometry":{"type":"Point","coordinates":[149.3081,-9.8485]},"properties":{"d":"2026-10-09","t":"0332","frp":56.9,"b":367.0,"c":0,"s":"N21","n":0}},{"type":"Feature","geometry":{"type":"Point","coordinates":[147.7112,-9.8457]},"properties":{"d":"2026-10-09","t":"0332","frp":6.0,"b":340.4,"c":1,"s":"N21","n":0}},{"type":"Feature","geometry":{"type":"Point","coordinates":[148.6171,-9.8426]},"properties":{"d":"2026-10-09","t":"0332","frp":2.7,"b":333.7,"c":1,"s":"N21","n":0}},{"type":"Feature","geometry":{"type":"Point","coordinates":[147.7624,-9.7994]},"properties":{"d":"2026-10-09","t":"0332","frp":3.4,"b":337.4,"c":1,"s":"N21","n":0}},{"type":"Feature","geometry":{"type":"Point","coordinates":[147.6954,-9.7916]},"properties":{"d":"2026-10-09","t":"0332","frp":4.4,"b":338.3,"c":0,"s":"N21","n":0}},{"type":"Feature","geometry":{"type":"Point","coordinates":[147.8437,-9.7455]},"properties":{"d":"2026-10-09","t":"0332","frp":3.2,"b":333.3,"c":0,"s":"N21","n":0}},{"type":"Feature","geometry":{"type":"Point","coordinates":[147.7813,-9.7408]},"properties":{"d":"2026-10-09","t":"0332","frp":2.8,"b":335.8,"c":0,"s":"N21","n":0}},{"type":"Feature","geometry":{"type":"Point","coordinates":[149.4889,-9.7361]},"properties":{"d":"2026-10-09","t":"0332","frp":3.5,"b":331.2,"c":1,"s":"N21","n":0}},{"type":"Feature","geometry":{"type":"Point","coordinates":[147.8871,-9.7286]},"properties":{"d":"2026-10-09","t":"0332","frp":3.4,"b":330.1,"c":0,"s":"N21","n":0}},{"type":"Feature","geometry":{"type":"Point","coordinates":[147.8562,-9.7262]},"properties":{"d":"2026-10-09","t":"0332","frp":3.5,"b":332.6,"c":1,"s":"N21","n":0}},{"type":"Feature","geometry":{"type":"Point","coordinates":[147.8867,-9.7252]},"properties":{"d":"2026-10-09","t":"0332","frp":2.7,"b":335.2,"c":1,"s":"N21","n":0}},{"type":"Feature","geometry":{"type":"Point","coordinates":[147.5374,-9.699]},"properties":{"d":"2026-10-09","t":"0332","frp":5.7,"b":336.4,"c":0,"s":"N21","n":0}},{"type":"Feature","geometry":{"type":"Point","coordinates":[147.8636,-9.6971]},"properties":{"d":"2026-10-09","t":"0332","frp":5.2,"b":336.8,"c":1,"s":"N21","n":0}},{"type":"Feature","geometry":{"type":"Point","coordinates":[149.4172,-9.6891]},"properties":{"d":"2026-10-09","t":"0332","frp":4.8,"b":333.4,"c":1,"s":"N21","n":0}},{"type":"Feature","geometry":{"type":"Point","coordinates":[147.8087,-9.6876]},"properties":{"d":"2026-10-09","t":"0332","frp":10.0,"b":343.0,"c":1,"s":"N21","n":0}},{"type":"Feature","geometry":{"type":"Point","coordinates":[147.6557,-9.6784]},"properties":{"d":"2026-10-09","t":"0332","frp":7.1,"b":332.9,"c":0,"s":"N21","n":0}},{"type":"Feature","geometry":{"type":"Point","coordinates":[148.6195,-9.6729]},"properties":{"d":"2026-10-09","t":"0332","frp":17.4,"b":336.8,"c":0,"s":"N21","n":0}},{"type":"Feature","geometry":{"type":"Point","coordinates":[147.7084,-9.6672]},"properties":{"d":"2026-10-09","t":"0332","frp":3.4,"b":333.6,"c":0,"s":"N21","n":0}},{"type":"Feature","geometry":{"type":"Point","coordinates":[147.7122,-9.6666]},"properties":{"d":"2026-10-09","t":"0332","frp":4.1,"b":330.9,"c":0,"s":"N21","n":0}},{"type":"Feature","geometry":{"type":"Point","coordinates":[148.7461,-9.6643]},"properties":{"d":"2026-10-09","t":"0332","frp":3.5,"b":337.9,"c":1,"s":"N21","n":0}},{"type":"Feature","geometry":{"type":"Point","coordinates":[147.8313,-9.6633]},"properties":{"d":"2026-10-09","t":"0332","frp":5.6,"b":331.4,"c":1,"s":"N21","n":0}},{"type":"Feature","geometry":{"type":"Point","coordinates":[150.9209,-9.6626]},"properties":{"d":"2026-10-09","t":"0332","frp":5.8,"b":334.1,"c":1,"s":"N21","n":0}},{"type":"Feature","geometry":{"type":"Point","coordinates":[147.7575,-9.6601]},"properties":{"d":"2026-10-09","t":"0332","frp":2.3,"b":332.2,"c":0,"s":"N21","n":0}},{"type":"Feature","geometry":{"type":"Point","coordinates":[150.755,-9.6508]},"properties":{"d":"2026-10-09","t":"0332","frp":4.2,"b":341.0,"c":1,"s":"N21","n":0}},{"type":"Feature","geometry":{"type":"Point","coordinates":[147.7895,-9.6414]},"properties":{"d":"2026-10-09","t":"0332","frp":3.3,"b":331.2,"c":0,"s":"N21","n":0}},{"type":"Feature","geometry":{"type":"Point","coordinates":[148.5886,-9.6364]},"properties":{"d":"2026-10-09","t":"0332","frp":9.2,"b":333.2,"c":0,"s":"N21","n":0}},{"type":"Feature","geometry":{"type":"Point","coordinates":[148.5922,-9.6359]},"properties":{"d":"2026-10-09","t":"0332","frp":9.2,"b":345.1,"c":1,"s":"N21","n":0}},{"type":"Feature","geometry":{"type":"Point","coordinates":[149.441,-9.6347]},"properties":{"d":"2026-10-09","t":"0332","frp":3.0,"b":332.2,"c":1,"s":"N21","n":0}},{"type":"Feature","geometry":{"type":"Point","coordinates":[147.6804,-9.6295]},"properties":{"d":"2026-10-09","t":"0332","frp":11.7,"b":367.0,"c":2,"s":"N21","n":0}},{"type":"Feature","geometry":{"type":"Point","coordinates":[147.6632,-9.6215]},"properties":{"d":"2026-10-09","t":"0332","frp":9.5,"b":345.0,"c":1,"s":"N21","n":0}},{"type":"Feature","geometry":{"type":"Point","coordinates":[150.8559,-9.6214]},"properties":{"d":"2026-10-09","t":"0332","frp":8.8,"b":332.9,"c":1,"s":"N21","n":0}},{"type":"Feature","geometry":{"type":"Point","coordinates":[147.6627,-9.6181]},"properties":{"d":"2026-10-09","t":"0332","frp":9.5,"b":346.8,"c":1,"s":"N21","n":0}},{"type":"Feature","geometry":{"type":"Point","coordinates":[150.7706,-9.6146]},"properties":{"d":"2026-10-09","t":"0332","frp":3.6,"b":334.8,"c":1,"s":"N21","n":0}},{"type":"Feature","geometry":{"type":"Point","coordinates":[147.6684,-9.6031]},"properties":{"d":"2026-10-09","t":"0332","frp":4.0,"b":331.3,"c":0,"s":"N21","n":0}},{"type":"Feature","geometry":{"type":"Point","coordinates":[150.7739,-9.5902]},"properties":{"d":"2026-10-09","t":"0332","frp":1.9,"b":331.6,"c":1,"s":"N21","n":0}},{"type":"Feature","geometry":{"type":"Point","coordinates":[149.2346,-9.5774]},"properties":{"d":"2026-10-09","t":"0332","frp":3.2,"b":330.1,"c":1,"s":"N21","n":0}},{"type":"Feature","geometry":{"type":"Point","coordinates":[149.263,-9.5528]},"properties":{"d":"2026-10-09","t":"0332","frp":4.8,"b":338.3,"c":1,"s":"N21","n":0}},{"type":"Feature","geometry":{"type":"Point","coordinates":[149.2555,-9.5505]},"properties":{"d":"2026-10-09","t":"0332","frp":4.4,"b":333.7,"c":1,"s":"N21","n":0}},{"type":"Feature","geometry":{"type":"Point","coordinates":[150.8871,-9.5453]},"properties":{"d":"2026-10-09","t":"0332","frp":4.2,"b":333.2,"c":1,"s":"N21","n":0}},{"type":"Feature","geometry":{"type":"Point","coordinates":[149.3405,-9.5445]},"properties":{"d":"2026-10-09","t":"0332","frp":3.6,"b":333.4,"c":1,"s":"N21","n":0}},{"type":"Feature","geometry":{"type":"Point","coordinates":[150.5312,-9.5428]},"properties":{"d":"2026-10-09","t":"0332","frp":5.4,"b":332.0,"c":1,"s":"N21","n":0}},{"type":"Feature","geometry":{"type":"Point","coordinates":[150.877,-9.5297]},"properties":{"d":"2026-10-09","t":"0332","frp":2.2,"b":331.0,"c":0,"s":"N21","n":0}},{"type":"Feature","geometry":{"type":"Point","coordinates":[147.597,-9.5157]},"properties":{"d":"2026-10-09","t":"0332","frp":7.8,"b":334.5,"c":1,"s":"N21","n":0}},{"type":"Feature","geometry":{"type":"Point","coordinates":[147.2959,-9.5134]},"properties":{"d":"2026-10-09","t":"0332","frp":6.2,"b":337.6,"c":1,"s":"N21","n":0}},{"type":"Feature","geometry":{"type":"Point","coordinates":[149.1418,-9.5133]},"properties":{"d":"2026-10-09","t":"0332","frp":4.7,"b":333.1,"c":1,"s":"N21","n":0}},{"type":"Feature","geometry":{"type":"Point","coordinates":[150.5304,-9.4919]},"properties":{"d":"2026-10-09","t":"0332","frp":2.2,"b":333.0,"c":1,"s":"N21","n":0}},{"type":"Feature","geometry":{"type":"Point","coordinates":[148.7767,-9.4868]},"properties":{"d":"2026-10-09","t":"0332","frp":5.9,"b":344.4,"c":1,"s":"N21","n":0}},{"type":"Feature","geometry":{"type":"Point","coordinates":[147.307,-9.4782]},"properties":{"d":"2026-10-09","t":"0332","frp":16.1,"b":340.9,"c":0,"s":"N21","n":0}},{"type":"Feature","geometry":{"type":"Point","coordinates":[148.3094,-9.4741]},"properties":{"d":"2026-10-09","t":"0332","frp":4.3,"b":330.9,"c":1,"s":"N21","n":0}},{"type":"Feature","geometry":{"type":"Point","coordinates":[148.3451,-9.4655]},"properties":{"d":"2026-10-09","t":"0332","frp":9.7,"b":340.5,"c":0,"s":"N21","n":0}},{"type":"Feature","geometry":{"type":"Point","coordinates":[148.3373,-9.4632]},"properties":{"d":"2026-10-09","t":"0332","frp":8.8,"b":331.6,"c":0,"s":"N21","n":0}},{"type":"Feature","geometry":{"type":"Point","coordinates":[147.4274,-9.4497]},"properties":{"d":"2026-10-09","t":"0332","frp":7.4,"b":347.6,"c":1,"s":"N21","n":0}},{"type":"Feature","geometry":{"type":"Point","coordinates":[148.7929,-9.4264]},"properties":{"d":"2026-10-09","t":"0332","frp":17.6,"b":332.3,"c":1,"s":"N21","n":0}},{"type":"Feature","geometry":{"type":"Point","coordinates":[147.3623,-9.4166]},"properties":{"d":"2026-10-09","t":"0332","frp":30.9,"b":339.7,"c":1,"s":"N21","n":0}},{"type":"Feature","geometry":{"type":"Point","coordinates":[148.664,-9.4148]},"properties":{"d":"2026-10-09","t":"0332","frp":5.9,"b":332.2,"c":1,"s":"N21","n":0}},{"type":"Feature","geometry":{"type":"Point","coordinates":[148.797,-9.4053]},"properties":{"d":"2026-10-09","t":"0332","frp":13.9,"b":335.1,"c":1,"s":"N21","n":0}},{"type":"Feature","geometry":{"type":"Point","coordinates":[147.4505,-9.3932]},"properties":{"d":"2026-10-09","t":"0332","frp":12.9,"b":344.2,"c":1,"s":"N21","n":0}},{"type":"Feature","geometry":{"type":"Point","coordinates":[147.4423,-9.3908]},"properties":{"d":"2026-10-09","t":"0332","frp":8.9,"b":334.4,"c":0,"s":"N21","n":0}},{"type":"Feature","geometry":{"type":"Point","coordinates":[147.4577,-9.3886]},"properties":{"d":"2026-10-09","t":"0332","frp":7.9,"b":339.5,"c":1,"s":"N21","n":0}},{"type":"Feature","geometry":{"type":"Point","coordinates":[147.3586,-9.3852]},"properties":{"d":"2026-10-09","t":"0332","frp":4.8,"b":341.6,"c":0,"s":"N21","n":0}},{"type":"Feature","geometry":{"type":"Point","coordinates":[147.4215,-9.3832]},"properties":{"d":"2026-10-09","t":"0332","frp":9.5,"b":334.5,"c":0,"s":"N21","n":0}},{"type":"Feature","geometry":{"type":"Point","coordinates":[148.7711,-9.3824]},"properties":{"d":"2026-10-09","t":"0332","frp":7.1,"b":330.2,"c":1,"s":"N21","n":0}},{"type":"Feature","geometry":{"type":"Point","coordinates":[148.7671,-9.3796]},"properties":{"d":"2026-10-09","t":"0332","frp":7.1,"b":346.8,"c":1,"s":"N21","n":0}},{"type":"Feature","geometry":{"type":"Point","coordinates":[147.4166,-9.3768]},"properties":{"d":"2026-10-09","t":"0332","frp":15.6,"b":352.8,"c":1,"s":"N21","n":0}},{"type":"Feature","geometry":{"type":"Point","coordinates":[148.7666,-9.3763]},"properties":{"d":"2026-10-09","t":"0332","frp":3.4,"b":338.4,"c":1,"s":"N21","n":0}},{"type":"Feature","geometry":{"type":"Point","coordinates":[148.7625,-9.3735]},"properties":{"d":"2026-10-09","t":"0332","frp":12.2,"b":350.8,"c":1,"s":"N21","n":0}},{"type":"Feature","geometry":{"type":"Point","coordinates":[147.3328,-9.373]},"properties":{"d":"2026-10-09","t":"0332","frp":3.7,"b":335.1,"c":1,"s":"N21","n":0}},{"type":"Feature","geometry":{"type":"Point","coordinates":[148.7661,-9.373]},"properties":{"d":"2026-10-09","t":"0332","frp":3.4,"b":336.6,"c":1,"s":"N21","n":0}},{"type":"Feature","geometry":{"type":"Point","coordinates":[147.328,-9.3701]},"properties":{"d":"2026-10-09","t":"0332","frp":4.4,"b":331.4,"c":0,"s":"N21","n":0}},{"type":"Feature","geometry":{"type":"Point","coordinates":[148.7326,-9.3677]},"properties":{"d":"2026-10-09","t":"0332","frp":4.0,"b":342.6,"c":1,"s":"N21","n":0}},{"type":"Feature","geometry":{"type":"Point","coordinates":[148.7645,-9.363]},"properties":{"d":"2026-10-09","t":"0332","frp":4.7,"b":335.9,"c":1,"s":"N21","n":0}},{"type":"Feature","geometry":{"type":"Point","coordinates":[148.7529,-9.3579]},"properties":{"d":"2026-10-09","t":"0332","frp":6.6,"b":336.5,"c":1,"s":"N21","n":0}},{"type":"Feature","geometry":{"type":"Point","coordinates":[148.7959,-9.3548]},"properties":{"d":"2026-10-09","t":"0332","frp":5.9,"b":339.8,"c":1,"s":"N21","n":0}},{"type":"Feature","geometry":{"type":"Point","coordinates":[148.7661,-9.3491]},"properties":{"d":"2026-10-09","t":"0332","frp":2.9,"b":333.2,"c":1,"s":"N21","n":0}},{"type":"Feature","geometry":{"type":"Point","coordinates":[148.9347,-9.3408]},"properties":{"d":"2026-10-09","t":"0332","frp":3.7,"b":334.3,"c":0,"s":"N21","n":0}},{"type":"Feature","geometry":{"type":"Point","coordinates":[149.1165,-9.3303]},"properties":{"d":"2026-10-09","t":"0332","frp":3.9,"b":339.8,"c":1,"s":"N21","n":0}},{"type":"Feature","geometry":{"type":"Point","coordinates":[149.0409,-9.3281]},"properties":{"d":"2026-10-09","t":"0332","frp":3.2,"b":329.7,"c":1,"s":"N21","n":0}},{"type":"Feature","geometry":{"type":"Point","coordinates":[147.2719,-9.3142]},"properties":{"d":"2026-10-09","t":"0332","frp":3.7,"b":335.1,"c":0,"s":"N21","n":0}},{"type":"Feature","geometry":{"type":"Point","coordinates":[149.0731,-9.3029]},"properties":{"d":"2026-10-09","t":"0332","frp":5.5,"b":333.4,"c":1,"s":"N21","n":0}},{"type":"Feature","geometry":{"type":"Point","coordinates":[147.1654,-9.301]},"properties":{"d":"2026-10-09","t":"0332","frp":2.9,"b":338.0,"c":0,"s":"N21","n":0}},{"type":"Feature","geometry":{"type":"Point","coordinates":[149.1361,-9.2934]},"properties":{"d":"2026-10-09","t":"0332","frp":5.2,"b":337.6,"c":1,"s":"N21","n":0}},{"type":"Feature","geometry":{"type":"Point","coordinates":[148.977,-9.2868]},"properties":{"d":"2026-10-09","t":"0332","frp":5.0,"b":335.4,"c":1,"s":"N21","n":0}},{"type":"Feature","geometry":{"type":"Point","coordinates":[142.5758,-9.2807]},"properties":{"d":"2026-10-09","t":"0332","frp":6.9,"b":339.5,"c":1,"s":"N21","n":0}},{"type":"Feature","geometry":{"type":"Point","coordinates":[147.5289,-9.2804]},"properties":{"d":"2026-10-09","t":"0332","frp":8.6,"b":342.8,"c":0,"s":"N21","n":0}},{"type":"Feature","geometry":{"type":"Point","coordinates":[147.13,-9.28]},"properties":{"d":"2026-10-09","t":"0332","frp":3.2,"b":334.6,"c":1,"s":"N21","n":0}},{"type":"Feature","geometry":{"type":"Point","coordinates":[142.578,-9.2793]},"properties":{"d":"2026-10-09","t":"0332","frp":4.8,"b":336.3,"c":1,"s":"N21","n":0}},{"type":"Feature","geometry":{"type":"Point","coordinates":[147.1379,-9.2789]},"properties":{"d":"2026-10-09","t":"0332","frp":5.4,"b":332.8,"c":1,"s":"N21","n":0}},{"type":"Feature","geometry":{"type":"Point","coordinates":[148.7954,-9.2598]},"properties":{"d":"2026-10-09","t":"0332","frp":3.5,"b":337.2,"c":1,"s":"N21","n":0}},{"type":"Feature","geometry":{"type":"Point","coordinates":[147.0738,-9.2559]},"properties":{"d":"2026-10-09","t":"0332","frp":2.7,"b":333.2,"c":1,"s":"N21","n":0}},{"type":"Feature","geometry":{"type":"Point","coordinates":[147.0609,-9.2506]},"properties":{"d":"2026-10-09","t":"0332","frp":13.3,"b":346.0,"c":1,"s":"N21","n":0}},{"type":"Feature","geometry":{"type":"Point","coordinates":[149.157,-9.2427]},"properties":{"d":"2026-10-09","t":"0332","frp":2.2,"b":330.8,"c":1,"s":"N21","n":0}},{"type":"Feature","geometry":{"type":"Point","coordinates":[148.6219,-9.2414]},"properties":{"d":"2026-10-09","t":"0332","frp":4.1,"b":334.7,"c":1,"s":"N21","n":0}},{"type":"Feature","geometry":{"type":"Point","coordinates":[147.3051,-9.24]},"properties":{"d":"2026-10-09","t":"0332","frp":3.9,"b":340.8,"c":1,"s":"N21","n":0}},{"type":"Feature","geometry":{"type":"Point","coordinates":[150.2697,-9.2363]},"properties":{"d":"2026-10-09","t":"0332","frp":2.9,"b":333.5,"c":1,"s":"N21","n":0}},{"type":"Feature","geometry":{"type":"Point","coordinates":[147.2727,-9.2127]},"properties":{"d":"2026-10-09","t":"0332","frp":7.2,"b":342.5,"c":1,"s":"N21","n":0}},{"type":"Feature","geometry":{"type":"Point","coordinates":[142.4519,-9.212]},"properties":{"d":"2026-10-09","t":"0332","frp":7.5,"b":333.9,"c":1,"s":"N21","n":0}},{"type":"Feature","geometry":{"type":"Point","coordinates":[142.4487,-9.2098]},"properties":{"d":"2026-10-09","t":"0332","frp":9.1,"b":338.2,"c":1,"s":"N21","n":0}},{"type":"Feature","geometry":{"type":"Point","coordinates":[142.4513,-9.2073]},"properties":{"d":"2026-10-09","t":"0332","frp":7.5,"b":348.5,"c":1,"s":"N21","n":0}},{"type":"Feature","geometry":{"type":"Point","coordinates":[142.4481,-9.2051]},"properties":{"d":"2026-10-09","t":"0332","frp":9.1,"b":347.5,"c":1,"s":"N21","n":0}},{"type":"Feature","geometry":{"type":"Point","coordinates":[142.453,-9.2044]},"properties":{"d":"2026-10-09","t":"0332","frp":12.0,"b":338.8,"c":1,"s":"N21","n":0}},{"type":"Feature","geometry":{"type":"Point","coordinates":[142.4507,-9.2026]},"properties":{"d":"2026-10-09","t":"0332","frp":5.8,"b":336.6,"c":1,"s":"N21","n":0}},{"type":"Feature","geometry":{"type":"Point","coordinates":[142.5651,-9.1971]},"properties":{"d":"2026-10-09","t":"0332","frp":5.0,"b":330.6,"c":0,"s":"N21","n":0}},{"type":"Feature","geometry":{"type":"Point","coordinates":[142.5665,-9.1934]},"properties":{"d":"2026-10-09","t":"0332","frp":3.3,"b":336.1,"c":1,"s":"N21","n":0}},{"type":"Feature","geometry":{"type":"Point","coordinates":[142.5367,-9.1928]},"properties":{"d":"2026-10-09","t":"0332","frp":2.0,"b":332.2,"c":1,"s":"N21","n":0}},{"type":"Feature","geometry":{"type":"Point","coordinates":[142.5415,-9.1921]},"properties":{"d":"2026-10-09","t":"0332","frp":1.4,"b":330.3,"c":1,"s":"N21","n":0}},{"type":"Feature","geometry":{"type":"Point","coordinates":[142.5345,-9.1916]},"properties":{"d":"2026-10-09","t":"0332","frp":6.6,"b":331.5,"c":1,"s":"N21","n":0}},{"type":"Feature","geometry":{"type":"Point","coordinates":[142.511,-9.1869]},"properties":{"d":"2026-10-09","t":"0332","frp":5.2,"b":333.6,"c":1,"s":"N21","n":0}},{"type":"Feature","geometry":{"type":"Point","coordinates":[147.3048,-9.1867]},"properties":{"d":"2026-10-09","t":"0332","frp":4.9,"b":333.3,"c":1,"s":"N21","n":0}},{"type":"Feature","geometry":{"type":"Point","coordinates":[142.5038,-9.1862]},"properties":{"d":"2026-10-09","t":"0332","frp":7.3,"b":334.4,"c":1,"s":"N21","n":0}},{"type":"Feature","geometry":{"type":"Point","coordinates":[147.2886,-9.1854]},"properties":{"d":"2026-10-09","t":"0332","frp":5.7,"b":336.9,"c":0,"s":"N21","n":0}},{"type":"Feature","geometry":{"type":"Point","coordinates":[142.5054,-9.1829]},"properties":{"d":"2026-10-09","t":"0332","frp":11.7,"b":335.6,"c":1,"s":"N21","n":0}},{"type":"Feature","geometry":{"type":"Point","coordinates":[142.5032,-9.1815]},"properties":{"d":"2026-10-09","t":"0332","frp":7.3,"b":340.5,"c":1,"s":"N21","n":0}},{"type":"Feature","geometry":{"type":"Point","coordinates":[147.2721,-9.1807]},"properties":{"d":"2026-10-09","t":"0332","frp":4.7,"b":334.2,"c":1,"s":"N21","n":0}},{"type":"Feature","geometry":{"type":"Point","coordinates":[142.5598,-9.1801]},"properties":{"d":"2026-10-09","t":"0332","frp":6.1,"b":338.1,"c":1,"s":"N21","n":0}},{"type":"Feature","geometry":{"type":"Point","coordinates":[142.4999,-9.1789]},"properties":{"d":"2026-10-09","t":"0332","frp":11.7,"b":335.1,"c":1,"s":"N21","n":0}},{"type":"Feature","geometry":{"type":"Point","coordinates":[142.5626,-9.1785]},"properties":{"d":"2026-10-09","t":"0332","frp":15.4,"b":344.6,"c":1,"s":"N21","n":0}},{"type":"Feature","geometry":{"type":"Point","coordinates":[142.5049,-9.1782]},"properties":{"d":"2026-10-09","t":"0332","frp":11.7,"b":348.0,"c":1,"s":"N21","n":0}},{"type":"Feature","geometry":{"type":"Point","coordinates":[148.6851,-9.178]},"properties":{"d":"2026-10-09","t":"0332","frp":5.4,"b":338.7,"c":1,"s":"N21","n":0}},{"type":"Feature","geometry":{"type":"Point","coordinates":[142.5592,-9.1755]},"properties":{"d":"2026-10-09","t":"0332","frp":6.3,"b":333.2,"c":1,"s":"N21","n":0}},{"type":"Feature","geometry":{"type":"Point","coordinates":[148.6846,-9.1747]},"properties":{"d":"2026-10-09","t":"0332","frp":5.4,"b":331.7,"c":1,"s":"N21","n":0}},{"type":"Feature","geometry":{"type":"Point","coordinates":[142.5043,-9.1736]},"properties":{"d":"2026-10-09","t":"0332","frp":7.2,"b":343.7,"c":1,"s":"N21","n":0}},{"type":"Feature","geometry":{"type":"Point","coordinates":[142.6425,-9.1733]},"properties":{"d":"2026-10-09","t":"0332","frp":4.2,"b":335.5,"c":1,"s":"N21","n":0}},{"type":"Feature","geometry":{"type":"Point","coordinates":[142.6454,-9.1724]},"properties":{"d":"2026-10-09","t":"0332","frp":5.9,"b":337.3,"c":1,"s":"N21","n":0}},{"type":"Feature","geometry":{"type":"Point","coordinates":[142.6892,-9.1713]},"properties":{"d":"2026-10-09","t":"0332","frp":8.2,"b":339.4,"c":1,"s":"N21","n":0}},{"type":"Feature","geometry":{"type":"Point","coordinates":[142.6909,-9.1713]},"properties":{"d":"2026-10-09","t":"0332","frp":6.5,"b":338.5,"c":1,"s":"N21","n":0}},{"type":"Feature","geometry":{"type":"Point","coordinates":[142.5587,-9.1708]},"properties":{"d":"2026-10-09","t":"0332","frp":6.3,"b":332.6,"c":1,"s":"N21","n":0}},{"type":"Feature","geometry":{"type":"Point","coordinates":[147.2867,-9.1698]},"properties":{"d":"2026-10-09","t":"0332","frp":4.9,"b":335.0,"c":0,"s":"N21","n":0}},{"type":"Feature","geometry":{"type":"Point","coordinates":[147.2862,-9.168]},"properties":{"d":"2026-10-09","t":"0332","frp":4.9,"b":331.6,"c":0,"s":"N21","n":0}},{"type":"Feature","geometry":{"type":"Point","coordinates":[142.6903,-9.1667]},"properties":{"d":"2026-10-09","t":"0332","frp":6.4,"b":337.9,"c":1,"s":"N21","n":0}},{"type":"Feature","geometry":{"type":"Point","coordinates":[141.53,-9.1634]},"properties":{"d":"2026-10-09","t":"0332","frp":11.9,"b":337.2,"c":1,"s":"N21","n":0}},{"type":"Feature","geometry":{"type":"Point","coordinates":[142.5129,-9.1629]},"properties":{"d":"2026-10-09","t":"0332","frp":12.1,"b":336.8,"c":1,"s":"N21","n":0}},{"type":"Feature","geometry":{"type":"Point","coordinates":[142.5477,-9.1629]},"properties":{"d":"2026-10-09","t":"0332","frp":14.1,"b":344.5,"c":1,"s":"N21","n":0}},{"type":"Feature","geometry":{"type":"Point","coordinates":[142.5179,-9.1622]},"properties":{"d":"2026-10-09","t":"0332","frp":12.8,"b":340.7,"c":1,"s":"N21","n":0}},{"type":"Feature","geometry":{"type":"Point","coordinates":[142.5228,-9.1616]},"properties":{"d":"2026-10-09","t":"0332","frp":12.8,"b":337.8,"c":1,"s":"N21","n":0}},{"type":"Feature","geometry":{"type":"Point","coordinates":[142.5025,-9.1596]},"properties":{"d":"2026-10-09","t":"0332","frp":12.3,"b":339.5,"c":1,"s":"N21","n":0}},{"type":"Feature","geometry":{"type":"Point","coordinates":[142.5074,-9.1589]},"properties":{"d":"2026-10-09","t":"0332","frp":12.1,"b":349.5,"c":1,"s":"N21","n":0}},{"type":"Feature","geometry":{"type":"Point","coordinates":[142.5471,-9.1582]},"properties":{"d":"2026-10-09","t":"0332","frp":26.9,"b":353.4,"c":1,"s":"N21","n":0}},{"type":"Feature","geometry":{"type":"Point","coordinates":[142.5617,-9.1562]},"properties":{"d":"2026-10-09","t":"0332","frp":4.6,"b":334.6,"c":1,"s":"N21","n":0}},{"type":"Feature","geometry":{"type":"Point","coordinates":[142.497,-9.1556]},"properties":{"d":"2026-10-09","t":"0332","frp":7.3,"b":346.0,"c":1,"s":"N21","n":0}},{"type":"Feature","geometry":{"type":"Point","coordinates":[142.5666,-9.1555]},"properties":{"d":"2026-10-09","t":"0332","frp":5.4,"b":335.4,"c":1,"s":"N21","n":0}},{"type":"Feature","geometry":{"type":"Point","coordinates":[142.5019,-9.1549]},"properties":{"d":"2026-10-09","t":"0332","frp":7.3,"b":336.4,"c":1,"s":"N21","n":0}},{"type":"Feature","geometry":{"type":"Point","coordinates":[142.5714,-9.1549]},"properties":{"d":"2026-10-09","t":"0332","frp":5.4,"b":342.1,"c":1,"s":"N21","n":0}},{"type":"Feature","geometry":{"type":"Point","coordinates":[142.5166,-9.1529]},"properties":{"d":"2026-10-09","t":"0332","frp":4.4,"b":334.6,"c":1,"s":"N21","n":0}},{"type":"Feature","geometry":{"type":"Point","coordinates":[142.8779,-9.151]},"properties":{"d":"2026-10-09","t":"0332","frp":14.6,"b":332.9,"c":0,"s":"N21","n":0}},{"type":"Feature","geometry":{"type":"Point","coordinates":[142.4964,-9.1509]},"properties":{"d":"2026-10-09","t":"0332","frp":7.3,"b":340.9,"c":1,"s":"N21","n":0}},{"type":"Feature","geometry":{"type":"Point","coordinates":[141.5863,-9.1509]},"properties":{"d":"2026-10-09","t":"0332","frp":5.1,"b":334.4,"c":1,"s":"N21","n":0}},{"type":"Feature","geometry":{"type":"Point","coordinates":[142.5708,-9.1502]},"properties":{"d":"2026-10-09","t":"0332","frp":5.4,"b":330.7,"c":1,"s":"N21","n":0}},{"type":"Feature","geometry":{"type":"Point","coordinates":[142.8791,-9.1496]},"properties":{"d":"2026-10-09","t":"0332","frp":22.4,"b":351.7,"c":1,"s":"N21","n":0}},{"type":"Feature","geometry":{"type":"Point","coordinates":[142.5062,-9.1496]},"properties":{"d":"2026-10-09","t":"0332","frp":13.2,"b":339.7,"c":1,"s":"N21","n":0}},{"type":"Feature","geometry":{"type":"Point","coordinates":[142.5111,-9.1489]},"properties":{"d":"2026-10-09","t":"0332","frp":13.2,"b":352.6,"c":1,"s":"N21","n":0}},{"type":"Feature","geometry":{"type":"Point","coordinates":[141.8347,-9.1476]},"properties":{"d":"2026-10-09","t":"0332","frp":7.9,"b":331.4,"c":0,"s":"N21","n":0}},{"type":"Feature","geometry":{"type":"Point","coordinates":[142.9148,-9.1461]},"properties":{"d":"2026-10-09","t":"0332","frp":6.4,"b":338.4,"c":1,"s":"N21","n":0}},{"type":"Feature","geometry":{"type":"Point","coordinates":[147.1107,-9.1457]},"properties":{"d":"2026-10-09","t":"0332","frp":3.8,"b":336.4,"c":1,"s":"N21","n":0}},{"type":"Feature","geometry":{"type":"Point","coordinates":[142.9114,-9.1451]},"properties":{"d":"2026-10-09","t":"0332","frp":10.8,"b":331.9,"c":0,"s":"N21","n":0}},{"type":"Feature","geometry":{"type":"Point","coordinates":[142.3793,-9.1429]},"properties":{"d":"2026-10-09","t":"0332","frp":11.8,"b":339.5,"c":1,"s":"N21","n":0}},{"type":"Feature","geometry":{"type":"Point","coordinates":[148.0619,-9.142]},"properties":{"d":"2026-10-09","t":"0332","frp":3.3,"b":330.0,"c":1,"s":"N21","n":0}},{"type":"Feature","geometry":{"type":"Point","coordinates":[141.2902,-9.1396]},"properties":{"d":"2026-10-09","t":"0332","frp":2.6,"b":337.2,"c":1,"s":"N21","n":0}},{"type":"Feature","geometry":{"type":"Point","coordinates":[142.3737,-9.1388]},"properties":{"d":"2026-10-09","t":"0332","frp":11.8,"b":332.4,"c":1,"s":"N21","n":0}},{"type":"Feature","geometry":{"type":"Point","coordinates":[142.3787,-9.1382]},"properties":{"d":"2026-10-09","t":"0332","frp":11.8,"b":339.4,"c":1,"s":"N21","n":0}},{"type":"Feature","geometry":{"type":"Point","coordinates":[141.4961,-9.1374]},"properties":{"d":"2026-10-09","t":"0332","frp":5.6,"b":331.8,"c":1,"s":"N21","n":0}},{"type":"Feature","geometry":{"type":"Point","coordinates":[141.1925,-9.1374]},"properties":{"d":"2026-10-09","t":"0332","frp":6.0,"b":341.4,"c":1,"s":"N21","n":0}},{"type":"Feature","geometry":{"type":"Point","coordinates":[141.499,-9.1371]},"properties":{"d":"2026-10-09","t":"0332","frp":5.6,"b":332.3,"c":1,"s":"N21","n":0}},{"type":"Feature","geometry":{"type":"Point","coordinates":[141.1955,-9.137]},"properties":{"d":"2026-10-09","t":"0332","frp":8.4,"b":335.5,"c":1,"s":"N21","n":0}},{"type":"Feature","geometry":{"type":"Point","coordinates":[142.3938,-9.1362]},"properties":{"d":"2026-10-09","t":"0332","frp":6.8,"b":340.6,"c":1,"s":"N21","n":0}},{"type":"Feature","geometry":{"type":"Point","coordinates":[142.3731,-9.1341]},"properties":{"d":"2026-10-09","t":"0332","frp":21.1,"b":367.0,"c":2,"s":"N21","n":0}},{"type":"Feature","geometry":{"type":"Point","coordinates":[147.0928,-9.134]},"properties":{"d":"2026-10-09","t":"0332","frp":6.2,"b":341.1,"c":1,"s":"N21","n":0}},{"type":"Feature","geometry":{"type":"Point","coordinates":[141.1888,-9.1327]},"properties":{"d":"2026-10-09","t":"0332","frp":6.0,"b":348.0,"c":1,"s":"N21","n":0}},{"type":"Feature","geometry":{"type":"Point","coordinates":[142.5981,-9.1324]},"properties":{"d":"2026-10-09","t":"0332","frp":6.6,"b":340.5,"c":1,"s":"N21","n":0}},{"type":"Feature","geometry":{"type":"Point","coordinates":[142.6029,-9.1317]},"properties":{"d":"2026-10-09","t":"0332","frp":8.5,"b":336.7,"c":1,"s":"N21","n":0}},{"type":"Feature","geometry":{"type":"Point","coordinates":[141.2739,-9.1315]},"properties":{"d":"2026-10-09","t":"0332","frp":6.6,"b":354.0,"c":1,"s":"N21","n":0}},{"type":"Feature","geometry":{"type":"Point","coordinates":[142.3574,-9.1314]},"properties":{"d":"2026-10-09","t":"0332","frp":3.9,"b":331.1,"c":0,"s":"N21","n":0}},{"type":"Feature","geometry":{"type":"Point","coordinates":[142.3674,-9.1301]},"properties":{"d":"2026-10-09","t":"0332","frp":13.4,"b":336.9,"c":1,"s":"N21","n":0}},{"type":"Feature","geometry":{"type":"Point","coordinates":[142.5926,-9.1284]},"properties":{"d":"2026-10-09","t":"0332","frp":6.6,"b":333.8,"c":1,"s":"N21","n":0}},{"type":"Feature","geometry":{"type":"Point","coordinates":[142.3518,-9.1274]},"properties":{"d":"2026-10-09","t":"0332","frp":14.5,"b":341.2,"c":1,"s":"N21","n":0}},{"type":"Feature","geometry":{"type":"Point","coordinates":[142.6023,-9.1271]},"properties":{"d":"2026-10-09","t":"0332","frp":8.5,"b":346.2,"c":1,"s":"N21","n":0}},{"type":"Feature","geometry":{"type":"Point","coordinates":[142.8762,-9.1269]},"properties":{"d":"2026-10-09","t":"0332","frp":9.6,"b":337.2,"c":1,"s":"N21","n":0}},{"type":"Feature","geometry":{"type":"Point","coordinates":[141.2703,-9.1269]},"properties":{"d":"2026-10-09","t":"0332","frp":15.6,"b":367.0,"c":2,"s":"N21","n":0}},{"type":"Feature","geometry":{"type":"Point","coordinates":[142.3568,-9.1267]},"properties":{"d":"2026-10-09","t":"0332","frp":14.5,"b":340.6,"c":1,"s":"N21","n":0}},{"type":"Feature","geometry":{"type":"Point","coordinates":[142.3462,-9.1233]},"properties":{"d":"2026-10-09","t":"0332","frp":17.9,"b":343.5,"c":1,"s":"N21","n":0}},{"type":"Feature","geometry":{"type":"Point","coordinates":[142.3512,-9.1227]},"properties":{"d":"2026-10-09","t":"0332","frp":14.5,"b":338.1,"c":1,"s":"N21","n":0}},{"type":"Feature","geometry":{"type":"Point","coordinates":[142.5672,-9.1224]},"properties":{"d":"2026-10-09","t":"0332","frp":10.3,"b":339.7,"c":1,"s":"N21","n":0}},{"type":"Feature","geometry":{"type":"Point","coordinates":[142.8756,-9.1223]},"properties":{"d":"2026-10-09","t":"0332","frp":8.4,"b":343.5,"c":1,"s":"N21","n":0}},{"type":"Feature","geometry":{"type":"Point","coordinates":[142.6065,-9.1218]},"properties":{"d":"2026-10-09","t":"0332","frp":7.2,"b":339.7,"c":1,"s":"N21","n":0}},{"type":"Feature","geometry":{"type":"Point","coordinates":[141.2726,-9.1214]},"properties":{"d":"2026-10-09","t":"0332","frp":11.9,"b":339.9,"c":1,"s":"N21","n":0}},{"type":"Feature","geometry":{"type":"Point","coordinates":[142.7183,-9.1207]},"properties":{"d":"2026-10-09","t":"0332","frp":11.0,"b":339.8,"c":1,"s":"N21","n":0}},{"type":"Feature","geometry":{"type":"Point","coordinates":[142.3405,-9.1193]},"properties":{"d":"2026-10-09","t":"0332","frp":8.2,"b":338.4,"c":1,"s":"N21","n":0}},{"type":"Feature","geometry":{"type":"Point","coordinates":[142.3455,-9.1186]},"properties":{"d":"2026-10-09","t":"0332","frp":8.2,"b":342.8,"c":1,"s":"N21","n":0}},{"type":"Feature","geometry":{"type":"Point","coordinates":[142.3506,-9.118]},"properties":{"d":"2026-10-09","t":"0332","frp":8.8,"b":339.1,"c":1,"s":"N21","n":0}},{"type":"Feature","geometry":{"type":"Point","coordinates":[142.3556,-9.1173]},"properties":{"d":"2026-10-09","t":"0332","frp":8.8,"b":342.9,"c":1,"s":"N21","n":0}},{"type":"Feature","geometry":{"type":"Point","coordinates":[142.6059,-9.1172]},"properties":{"d":"2026-10-09","t":"0332","frp":7.2,"b":339.4,"c":1,"s":"N21","n":0}},{"type":"Feature","geometry":{"type":"Point","coordinates":[142.3606,-9.1166]},"properties":{"d":"2026-10-09","t":"0332","frp":23.1,"b":351.9,"c":1,"s":"N21","n":0}},{"type":"Feature","geometry":{"type":"Point","coordinates":[142.3467,-9.1163]},"properties":{"d":"2026-10-09","t":"0332","frp":10.9,"b":335.2,"c":1,"s":"N21","n":0}},{"type":"Feature","geometry":{"type":"Point","coordinates":[141.8473,-9.1161]},"properties":{"d":"2026-10-09","t":"0332","frp":4.4,"b":332.5,"c":1,"s":"N21","n":0}},{"type":"Feature","geometry":{"type":"Point","coordinates":[142.7177,-9.1161]},"properties":{"d":"2026-10-09","t":"0332","frp":4.0,"b":335.4,"c":1,"s":"N21","n":0}},{"type":"Feature","geometry":{"type":"Point","coordinates":[142.3517,-9.1156]},"properties":{"d":"2026-10-09","t":"0332","frp":13.9,"b":339.3,"c":1,"s":"N21","n":0}},{"type":"Feature","geometry":{"type":"Point","coordinates":[142.3567,-9.1149]},"properties":{"d":"2026-10-09","t":"0332","frp":13.9,"b":347.9,"c":1,"s":"N21","n":0}},{"type":"Feature","geometry":{"type":"Point","coordinates":[142.3617,-9.1142]},"properties":{"d":"2026-10-09","t":"0332","frp":8.1,"b":331.5,"c":1,"s":"N21","n":0}},{"type":"Feature","geometry":{"type":"Point","coordinates":[142.3449,-9.1139]},"properties":{"d":"2026-10-09","t":"0332","frp":8.2,"b":341.6,"c":1,"s":"N21","n":0}},{"type":"Feature","geometry":{"type":"Point","coordinates":[142.35,-9.1133]},"properties":{"d":"2026-10-09","t":"0332","frp":8.8,"b":342.2,"c":1,"s":"N21","n":0}},{"type":"Feature","geometry":{"type":"Point","coordinates":[141.1403,-9.1132]},"properties":{"d":"2026-10-09","t":"0332","frp":4.7,"b":334.8,"c":1,"s":"N21","n":0}},{"type":"Feature","geometry":{"type":"Point","coordinates":[142.3549,-9.1126]},"properties":{"d":"2026-10-09","t":"0332","frp":8.8,"b":345.1,"c":1,"s":"N21","n":0}},{"type":"Feature","geometry":{"type":"Point","coordinates":[142.3411,-9.1123]},"properties":{"d":"2026-10-09","t":"0332","frp":10.9,"b":336.1,"c":1,"s":"N21","n":0}},{"type":"Feature","geometry":{"type":"Point","coordinates":[142.3461,-9.1116]},"properties":{"d":"2026-10-09","t":"0332","frp":10.9,"b":367.0,"c":2,"s":"N21","n":0}},{"type":"Feature","geometry":{"type":"Point","coordinates":[142.7172,-9.1115]},"properties":{"d":"2026-10-09","t":"0332","frp":4.0,"b":331.2,"c":1,"s":"N21","n":0}},{"type":"Feature","geometry":{"type":"Point","coordinates":[142.3511,-9.1109]},"properties":{"d":"2026-10-09","t":"0332","frp":13.9,"b":367.0,"c":2,"s":"N21","n":0}},{"type":"Feature","geometry":{"type":"Point","coordinates":[142.3561,-9.1102]},"properties":{"d":"2026-10-09","t":"0332","frp":13.9,"b":341.1,"c":1,"s":"N21","n":0}},{"type":"Feature","geometry":{"type":"Point","coordinates":[142.3393,-9.1099]},"properties":{"d":"2026-10-09","t":"0332","frp":125.3,"b":367.0,"c":2,"s":"N21","n":0}},{"type":"Feature","geometry":{"type":"Point","coordinates":[142.3543,-9.1079]},"properties":{"d":"2026-10-09","t":"0332","frp":96.6,"b":343.9,"c":1,"s":"N21","n":0}},{"type":"Feature","geometry":{"type":"Point","coordinates":[142.3405,-9.1076]},"properties":{"d":"2026-10-09","t":"0332","frp":136.8,"b":305.5,"c":0,"s":"N21","n":0}},{"type":"Feature","geometry":{"type":"Point","coordinates":[142.3455,-9.1069]},"properties":{"d":"2026-10-09","t":"0332","frp":136.8,"b":367.0,"c":2,"s":"N21","n":0}},{"type":"Feature","geometry":{"type":"Point","coordinates":[142.3505,-9.1062]},"properties":{"d":"2026-10-09","t":"0332","frp":110.6,"b":351.0,"c":1,"s":"N21","n":0}},{"type":"Feature","geometry":{"type":"Point","coordinates":[142.3387,-9.1052]},"properties":{"d":"2026-10-09","t":"0332","frp":125.3,"b":338.6,"c":1,"s":"N21","n":0}},{"type":"Feature","geometry":{"type":"Point","coordinates":[142.3437,-9.1045]},"properties":{"d":"2026-10-09","t":"0332","frp":125.3,"b":339.5,"c":1,"s":"N21","n":0}},{"type":"Feature","geometry":{"type":"Point","coordinates":[149.0167,-9.1042]},"properties":{"d":"2026-10-09","t":"0332","frp":5.1,"b":335.5,"c":1,"s":"N21","n":0}},{"type":"Feature","geometry":{"type":"Point","coordinates":[142.3487,-9.1038]},"properties":{"d":"2026-10-09","t":"0332","frp":96.6,"b":349.2,"c":1,"s":"N21","n":0}},{"type":"Feature","geometry":{"type":"Point","coordinates":[141.2886,-9.1038]},"properties":{"d":"2026-10-09","t":"0332","frp":1.7,"b":336.7,"c":1,"s":"N21","n":0}},{"type":"Feature","geometry":{"type":"Point","coordinates":[141.1359,-9.1033]},"properties":{"d":"2026-10-09","t":"0332","frp":4.5,"b":340.0,"c":1,"s":"N21","n":0}},{"type":"Feature","geometry":{"type":"Point","coordinates":[141.139,-9.1029]},"properties":{"d":"2026-10-09","t":"0332","frp":4.5,"b":330.5,"c":0,"s":"N21","n":0}},{"type":"Feature","geometry":{"type":"Point","coordinates":[142.3399,-9.1029]},"properties":{"d":"2026-10-09","t":"0332","frp":136.8,"b":349.8,"c":1,"s":"N21","n":0}},{"type":"Feature","geometry":{"type":"Point","coordinates":[142.1791,-9.1008]},"properties":{"d":"2026-10-09","t":"0332","frp":11.3,"b":331.0,"c":1,"s":"N21","n":0}},{"type":"Feature","geometry":{"type":"Point","coordinates":[142.1843,-9.1001]},"properties":{"d":"2026-10-09","t":"0332","frp":8.8,"b":343.6,"c":1,"s":"N21","n":0}},{"type":"Feature","geometry":{"type":"Point","coordinates":[142.1894,-9.0994]},"properties":{"d":"2026-10-09","t":"0332","frp":8.8,"b":334.5,"c":1,"s":"N21","n":0}},{"type":"Feature","geometry":{"type":"Point","coordinates":[141.1474,-9.0966]},"properties":{"d":"2026-10-09","t":"0332","frp":3.1,"b":335.6,"c":1,"s":"N21","n":0}},{"type":"Feature","geometry":{"type":"Point","coordinates":[142.1837,-9.0953]},"properties":{"d":"2026-10-09","t":"0332","frp":8.8,"b":342.3,"c":1,"s":"N21","n":0}},{"type":"Feature","geometry":{"type":"Point","coordinates":[141.566,-9.0919]},"properties":{"d":"2026-10-09","t":"0332","frp":6.5,"b":333.1,"c":1,"s":"N21","n":0}},{"type":"Feature","geometry":{"type":"Point","coordinates":[141.477,-9.0887]},"properties":{"d":"2026-10-09","t":"0332","frp":3.6,"b":331.2,"c":0,"s":"N21","n":0}},{"type":"Feature","geometry":{"type":"Point","coordinates":[141.5668,-9.0877]},"properties":{"d":"2026-10-09","t":"0332","frp":5.3,"b":338.5,"c":1,"s":"N21","n":0}},{"type":"Feature","geometry":{"type":"Point","coordinates":[142.0393,-9.0856]},"properties":{"d":"2026-10-09","t":"0332","frp":6.8,"b":330.0,"c":0,"s":"N21","n":0}},{"type":"Feature","geometry":{"type":"Point","coordinates":[142.0387,-9.0808]},"properties":{"d":"2026-10-09","t":"0332","frp":11.4,"b":333.9,"c":1,"s":"N21","n":0}},{"type":"Feature","geometry":{"type":"Point","coordinates":[142.7082,-9.08]},"properties":{"d":"2026-10-09","t":"0332","frp":25.5,"b":341.3,"c":1,"s":"N21","n":0}},{"type":"Feature","geometry":{"type":"Point","coordinates":[142.3519,-9.0772]},"properties":{"d":"2026-10-09","t":"0332","frp":8.0,"b":334.4,"c":1,"s":"N21","n":0}},{"type":"Feature","geometry":{"type":"Point","coordinates":[142.3569,-9.0766]},"properties":{"d":"2026-10-09","t":"0332","frp":7.2,"b":333.5,"c":1,"s":"N21","n":0}},{"type":"Feature","geometry":{"type":"Point","coordinates":[142.3619,-9.0759]},"properties":{"d":"2026-10-09","t":"0332","frp":7.2,"b":355.3,"c":1,"s":"N21","n":0}},{"type":"Feature","geometry":{"type":"Point","coordinates":[142.3669,-9.0752]},"properties":{"d":"2026-10-09","t":"0332","frp":12.5,"b":354.9,"c":1,"s":"N21","n":0}},{"type":"Feature","geometry":{"type":"Point","coordinates":[142.3719,-9.0745]},"properties":{"d":"2026-10-09","t":"0332","frp":12.5,"b":347.3,"c":1,"s":"N21","n":0}},{"type":"Feature","geometry":{"type":"Point","coordinates":[142.3412,-9.0739]},"properties":{"d":"2026-10-09","t":"0332","frp":8.4,"b":334.7,"c":1,"s":"N21","n":0}},{"type":"Feature","geometry":{"type":"Point","coordinates":[142.3462,-9.0732]},"properties":{"d":"2026-10-09","t":"0332","frp":8.0,"b":352.9,"c":1,"s":"N21","n":0}},{"type":"Feature","geometry":{"type":"Point","coordinates":[142.7266,-9.0729]},"properties":{"d":"2026-10-09","t":"0332","frp":7.0,"b":332.2,"c":1,"s":"N21","n":0}},{"type":"Feature","geometry":{"type":"Point","coordinates":[142.3513,-9.0725]},"properties":{"d":"2026-10-09","t":"0332","frp":8.0,"b":338.3,"c":1,"s":"N21","n":0}},{"type":"Feature","geometry":{"type":"Point","coordinates":[142.3563,-9.0718]},"properties":{"d":"2026-10-09","t":"0332","frp":7.2,"b":337.4,"c":1,"s":"N21","n":0}},{"type":"Feature","geometry":{"type":"Point","coordinates":[142.3613,-9.0712]},"properties":{"d":"2026-10-09","t":"0332","frp":7.2,"b":333.1,"c":0,"s":"N21","n":0}},{"type":"Feature","geometry":{"type":"Point","coordinates":[142.3356,-9.0699]},"properties":{"d":"2026-10-09","t":"0332","frp":13.7,"b":340.7,"c":1,"s":"N21","n":0}},{"type":"Feature","geometry":{"type":"Point","coordinates":[142.3713,-9.0698]},"properties":{"d":"2026-10-09","t":"0332","frp":12.5,"b":339.5,"c":0,"s":"N21","n":0}},{"type":"Feature","geometry":{"type":"Point","coordinates":[142.3406,-9.0692]},"properties":{"d":"2026-10-09","t":"0332","frp":13.7,"b":353.9,"c":1,"s":"N21","n":0}},{"type":"Feature","geometry":{"type":"Point","coordinates":[142.3762,-9.0691]},"properties":{"d":"2026-10-09","t":"0332","frp":12.2,"b":353.4,"c":1,"s":"N21","n":0}},{"type":"Feature","geometry":{"type":"Point","coordinates":[142.3456,-9.0685]},"properties":{"d":"2026-10-09","t":"0332","frp":5.6,"b":345.1,"c":1,"s":"N21","n":0}},{"type":"Feature","geometry":{"type":"Point","coordinates":[140.9853,-9.0685]},"properties":{"d":"2026-10-09","t":"0332","frp":5.0,"b":338.5,"c":1,"s":"N21","n":0}},{"type":"Feature","geometry":{"type":"Point","coordinates":[142.3812,-9.0684]},"properties":{"d":"2026-10-09","t":"0332","frp":12.2,"b":335.2,"c":0,"s":"N21","n":0}},{"type":"Feature","geometry":{"type":"Point","coordinates":[141.3621,-9.0683]},"properties":{"d":"2026-10-09","t":"0332","frp":5.5,"b":348.8,"c":1,"s":"N21","n":0}},{"type":"Feature","geometry":{"type":"Point","coordinates":[142.726,-9.0683]},"properties":{"d":"2026-10-09","t":"0332","frp":9.3,"b":333.7,"c":1,"s":"N21","n":0}},{"type":"Feature","geometry":{"type":"Point","coordinates":[142.3507,-9.0678]},"properties":{"d":"2026-10-09","t":"0332","frp":5.6,"b":330.6,"c":0,"s":"N21","n":0}},{"type":"Feature","geometry":{"type":"Point","coordinates":[142.2631,-9.0653]},"properties":{"d":"2026-10-09","t":"0332","frp":6.4,"b":339.4,"c":1,"s":"N21","n":0}},{"type":"Feature","geometry":{"type":"Point","coordinates":[140.9873,-9.0651]},"properties":{"d":"2026-10-09","t":"0332","frp":2.6,"b":331.5,"c":1,"s":"N21","n":0}},{"type":"Feature","geometry":{"type":"Point","coordinates":[142.7301,-9.0631]},"properties":{"d":"2026-10-09","t":"0332","frp":32.9,"b":348.6,"c":1,"s":"N21","n":0}},{"type":"Feature","geometry":{"type":"Point","coordinates":[142.3856,-9.0631]},"properties":{"d":"2026-10-09","t":"0332","frp":6.3,"b":337.8,"c":1,"s":"N21","n":0}},{"type":"Feature","geometry":{"type":"Point","coordinates":[141.8168,-9.0626]},"properties":{"d":"2026-10-09","t":"0332","frp":16.4,"b":343.8,"c":1,"s":"N21","n":0}},{"type":"Feature","geometry":{"type":"Point","coordinates":[142.7309,-9.0625]},"properties":{"d":"2026-10-09","t":"0332","frp":27.7,"b":343.4,"c":1,"s":"N21","n":0}},{"type":"Feature","geometry":{"type":"Point","coordinates":[147.1152,-9.0615]},"properties":{"d":"2026-10-09","t":"0332","frp":9.2,"b":336.5,"c":1,"s":"N21","n":0}},{"type":"Feature","geometry":{"type":"Point","coordinates":[149.0748,-9.0615]},"properties":{"d":"2026-10-09","t":"0332","frp":3.7,"b":334.1,"c":1,"s":"N21","n":0}},{"type":"Feature","geometry":{"type":"Point","coordinates":[141.8126,-9.0611]},"properties":{"d":"2026-10-09","t":"0332","frp":13.1,"b":335.2,"c":1,"s":"N21","n":0}},{"type":"Feature","geometry":{"type":"Point","coordinates":[141.818,-9.0604]},"properties":{"d":"2026-10-09","t":"0332","frp":13.1,"b":344.3,"c":1,"s":"N21","n":0}},{"type":"Feature","geometry":{"type":"Point","coordinates":[141.3608,-9.0582]},"properties":{"d":"2026-10-09","t":"0332","frp":2.7,"b":343.3,"c":1,"s":"N21","n":0}},{"type":"Feature","geometry":{"type":"Point","coordinates":[141.8162,-9.0577]},"properties":{"d":"2026-10-09","t":"0332","frp":16.4,"b":348.5,"c":1,"s":"N21","n":0}},{"type":"Feature","geometry":{"type":"Point","coordinates":[142.4704,-9.0563]},"properties":{"d":"2026-10-09","t":"0332","frp":7.5,"b":331.2,"c":0,"s":"N21","n":0}},{"type":"Feature","geometry":{"type":"Point","coordinates":[148.5459,-9.056]},"properties":{"d":"2026-10-09","t":"0332","frp":9.4,"b":334.9,"c":1,"s":"N21","n":0}},{"type":"Feature","geometry":{"type":"Point","coordinates":[142.4753,-9.0556]},"properties":{"d":"2026-10-09","t":"0332","frp":7.0,"b":343.5,"c":1,"s":"N21","n":0}},{"type":"Feature","geometry":{"type":"Point","coordinates":[141.8174,-9.0556]},"properties":{"d":"2026-10-09","t":"0332","frp":13.1,"b":339.4,"c":1,"s":"N21","n":0}},{"type":"Feature","geometry":{"type":"Point","coordinates":[142.4802,-9.0549]},"properties":{"d":"2026-10-09","t":"0332","frp":7.0,"b":336.4,"c":1,"s":"N21","n":0}},{"type":"Feature","geometry":{"type":"Point","coordinates":[141.7657,-9.0547]},"properties":{"d":"2026-10-09","t":"0332","frp":3.9,"b":331.7,"c":1,"s":"N21","n":0}},{"type":"Feature","geometry":{"type":"Point","coordinates":[142.3893,-9.053]},"properties":{"d":"2026-10-09","t":"0332","frp":11.2,"b":336.6,"c":1,"s":"N21","n":0}},{"type":"Feature","geometry":{"type":"Point","coordinates":[142.6173,-9.0456]},"properties":{"d":"2026-10-09","t":"0332","frp":4.8,"b":336.0,"c":1,"s":"N21","n":0}},{"type":"Feature","geometry":{"type":"Point","coordinates":[142.4888,-9.0443]},"properties":{"d":"2026-10-09","t":"0332","frp":11.1,"b":334.5,"c":1,"s":"N21","n":0}},{"type":"Feature","geometry":{"type":"Point","coordinates":[141.7973,-9.0404]},"properties":{"d":"2026-10-09","t":"0332","frp":38.1,"b":353.2,"c":1,"s":"N21","n":0}},{"type":"Feature","geometry":{"type":"Point","coordinates":[141.7639,-9.0399]},"properties":{"d":"2026-10-09","t":"0332","frp":37.6,"b":351.8,"c":1,"s":"N21","n":0}},{"type":"Feature","geometry":{"type":"Point","coordinates":[141.8028,-9.0397]},"properties":{"d":"2026-10-09","t":"0332","frp":13.9,"b":338.8,"c":1,"s":"N21","n":0}},{"type":"Feature","geometry":{"type":"Point","coordinates":[142.5576,-9.0396]},"properties":{"d":"2026-10-09","t":"0332","frp":7.0,"b":334.3,"c":1,"s":"N21","n":0}},{"type":"Feature","geometry":{"type":"Point","coordinates":[142.4882,-9.0396]},"properties":{"d":"2026-10-09","t":"0332","frp":11.4,"b":341.4,"c":1,"s":"N21","n":0}},{"type":"Feature","geometry":{"type":"Point","coordinates":[142.5625,-9.0389]},"properties":{"d":"2026-10-09","t":"0332","frp":10.3,"b":344.5,"c":1,"s":"N21","n":0}},{"type":"Feature","geometry":{"type":"Point","coordinates":[141.3553,-9.0385]},"properties":{"d":"2026-10-09","t":"0332","frp":2.5,"b":334.5,"c":1,"s":"N21","n":0}},{"type":"Feature","geometry":{"type":"Point","coordinates":[141.7913,-9.0363]},"properties":{"d":"2026-10-09","t":"0332","frp":8.6,"b":342.2,"c":1,"s":"N21","n":0}},{"type":"Feature","geometry":{"type":"Point","coordinates":[142.5521,-9.0356]},"properties":{"d":"2026-10-09","t":"0332","frp":7.0,"b":336.9,"c":1,"s":"N21","n":0}},{"type":"Feature","geometry":{"type":"Point","coordinates":[142.4827,-9.0356]},"properties":{"d":"2026-10-09","t":"0332","frp":11.4,"b":367.0,"c":2,"s":"N21","n":0}},{"type":"Feature","geometry":{"type":"Point","coordinates":[142.4876,-9.0349]},"properties":{"d":"2026-10-09","t":"0332","frp":11.4,"b":331.6,"c":1,"s":"N21","n":0}},{"type":"Feature","geometry":{"type":"Point","coordinates":[141.9827,-9.0349]},"properties":{"d":"2026-10-09","t":"0332","frp":4.5,"b":333.2,"c":1,"s":"N21","n":0}},{"type":"Feature","geometry":{"type":"Point","coordinates":[141.988,-9.0342]},"properties":{"d":"2026-10-09","t":"0332","frp":8.0,"b":350.5,"c":1,"s":"N21","n":0}},{"type":"Feature","geometry":{"type":"Point","coordinates":[141.9843,-9.034]},"properties":{"d":"2026-10-09","t":"0332","frp":8.0,"b":339.6,"c":1,"s":"N21","n":0}},{"type":"Feature","geometry":{"type":"Point","coordinates":[141.9896,-9.0333]},"properties":{"d":"2026-10-09","t":"0332","frp":8.0,"b":341.9,"c":1,"s":"N21","n":0}},{"type":"Feature","geometry":{"type":"Point","coordinates":[141.3635,-9.0323]},"properties":{"d":"2026-10-09","t":"0332","frp":4.8,"b":337.9,"c":1,"s":"N21","n":0}},{"type":"Feature","geometry":{"type":"Point","coordinates":[142.4821,-9.0309]},"properties":{"d":"2026-10-09","t":"0332","frp":4.7,"b":336.9,"c":1,"s":"N21","n":0}},{"type":"Feature","geometry":{"type":"Point","coordinates":[141.9873,-9.0294]},"properties":{"d":"2026-10-09","t":"0332","frp":7.2,"b":330.5,"c":0,"s":"N21","n":0}},{"type":"Feature","geometry":{"type":"Point","coordinates":[141.3543,-9.0286]},"properties":{"d":"2026-10-09","t":"0332","frp":4.3,"b":333.3,"c":0,"s":"N21","n":0}},{"type":"Feature","geometry":{"type":"Point","coordinates":[141.3631,-9.0274]},"properties":{"d":"2026-10-09","t":"0332","frp":4.4,"b":330.6,"c":0,"s":"N21","n":0}},{"type":"Feature","geometry":{"type":"Point","coordinates":[141.3658,-9.0269]},"properties":{"d":"2026-10-09","t":"0332","frp":4.8,"b":337.5,"c":1,"s":"N21","n":0}},{"type":"Feature","geometry":{"type":"Point","coordinates":[141.3302,-9.0267]},"properties":{"d":"2026-10-09","t":"0332","frp":2.9,"b":331.6,"c":1,"s":"N21","n":0}},{"type":"Feature","geometry":{"type":"Point","coordinates":[141.0518,-9.0229]},"properties":{"d":"2026-10-09","t":"0332","frp":5.7,"b":340.4,"c":1,"s":"N21","n":0}},{"type":"Feature","geometry":{"type":"Point","coordinates":[141.0548,-9.0224]},"properties":{"d":"2026-10-09","t":"0332","frp":9.4,"b":353.1,"c":1,"s":"N21","n":0}},{"type":"Feature","geometry":{"type":"Point","coordinates":[141.3625,-9.0223]},"properties":{"d":"2026-10-09","t":"0332","frp":4.4,"b":348.8,"c":1,"s":"N21","n":0}},{"type":"Feature","geometry":{"type":"Point","coordinates":[141.3622,-9.0222]},"properties":{"d":"2026-10-09","t":"0332","frp":21.0,"b":341.9,"c":1,"s":"N21","n":0}},{"type":"Feature","geometry":{"type":"Point","coordinates":[143.0841,-9.0206]},"properties":{"d":"2026-10-09","t":"0332","frp":5.1,"b":339.7,"c":1,"s":"N21","n":0}},{"type":"Feature","geometry":{"type":"Point","coordinates":[141.045,-9.0185]},"properties":{"d":"2026-10-09","t":"0332","frp":2.5,"b":338.1,"c":1,"s":"N21","n":0}},{"type":"Feature","geometry":{"type":"Point","coordinates":[141.359,-9.0177]},"properties":{"d":"2026-10-09","t":"0332","frp":17.9,"b":367.0,"c":2,"s":"N21","n":0}},{"type":"Feature","geometry":{"type":"Point","coordinates":[141.3587,-9.0175]},"properties":{"d":"2026-10-09","t":"0332","frp":15.6,"b":343.3,"c":1,"s":"N21","n":0}},{"type":"Feature","geometry":{"type":"Point","coordinates":[141.3619,-9.0173]},"properties":{"d":"2026-10-09","t":"0332","frp":17.9,"b":367.0,"c":2,"s":"N21","n":0}},{"type":"Feature","geometry":{"type":"Point","coordinates":[141.3616,-9.0172]},"properties":{"d":"2026-10-09","t":"0332","frp":21.0,"b":351.9,"c":1,"s":"N21","n":0}},{"type":"Feature","geometry":{"type":"Point","coordinates":[140.9787,-9.0168]},"properties":{"d":"2026-10-09","t":"0332","frp":5.1,"b":348.8,"c":1,"s":"N21","n":0}},{"type":"Feature","geometry":{"type":"Point","coordinates":[141.9908,-9.0142]},"properties":{"d":"2026-10-09","t":"0332","frp":14.1,"b":344.0,"c":1,"s":"N21","n":0}},{"type":"Feature","geometry":{"type":"Point","coordinates":[141.3525,-9.0135]},"properties":{"d":"2026-10-09","t":"0332","frp":11.4,"b":337.4,"c":1,"s":"N21","n":0}},{"type":"Feature","geometry":{"type":"Point","coordinates":[141.3554,-9.0131]},"properties":{"d":"2026-10-09","t":"0332","frp":11.4,"b":367.0,"c":2,"s":"N21","n":0}},{"type":"Feature","geometry":{"type":"Point","coordinates":[141.0097,-9.0127]},"properties":{"d":"2026-10-09","t":"0332","frp":5.6,"b":367.0,"c":2,"s":"N21","n":0}},{"type":"Feature","geometry":{"type":"Point","coordinates":[141.3584,-9.0127]},"properties":{"d":"2026-10-09","t":"0332","frp":17.9,"b":367.0,"c":2,"s":"N21","n":0}},{"type":"Feature","geometry":{"type":"Point","coordinates":[141.0128,-9.0123]},"properties":{"d":"2026-10-09","t":"0332","frp":5.6,"b":335.2,"c":1,"s":"N21","n":0}},{"type":"Feature","geometry":{"type":"Point","coordinates":[140.9781,-9.0116]},"properties":{"d":"2026-10-09","t":"0332","frp":5.1,"b":337.1,"c":1,"s":"N21","n":0}},{"type":"Feature","geometry":{"type":"Point","coordinates":[141.072,-9.0097]},"properties":{"d":"2026-10-09","t":"0332","frp":7.5,"b":334.6,"c":1,"s":"N21","n":0}},{"type":"Feature","geometry":{"type":"Point","coordinates":[141.9902,-9.0094]},"properties":{"d":"2026-10-09","t":"0332","frp":17.6,"b":344.9,"c":1,"s":"N21","n":0}},{"type":"Feature","geometry":{"type":"Point","coordinates":[142.9223,-9.0081]},"properties":{"d":"2026-10-09","t":"0332","frp":4.0,"b":334.4,"c":1,"s":"N21","n":0}},{"type":"Feature","geometry":{"type":"Point","coordinates":[142.4839,-9.007]},"properties":{"d":"2026-10-09","t":"0332","frp":6.1,"b":331.1,"c":0,"s":"N21","n":0}},{"type":"Feature","geometry":{"type":"Point","coordinates":[142.5974,-9.0059]},"properties":{"d":"2026-10-09","t":"0332","frp":4.5,"b":336.9,"c":1,"s":"N21","n":0}},{"type":"Feature","geometry":{"type":"Point","coordinates":[141.0216,-9.0059]},"properties":{"d":"2026-10-09","t":"0332","frp":3.1,"b":331.2,"c":0,"s":"N21","n":0}},{"type":"Feature","geometry":{"type":"Point","coordinates":[142.3709,-9.0054]},"properties":{"d":"2026-10-09","t":"0332","frp":4.2,"b":330.4,"c":0,"s":"N21","n":0}},{"type":"Feature","geometry":{"type":"Point","coordinates":[140.9706,-9.0021]},"properties":{"d":"2026-10-09","t":"0332","frp":22.8,"b":354.9,"c":1,"s":"N21","n":0}},{"type":"Feature","geometry":{"type":"Point","coordinates":[152.5344,-28.1704]},"properties":{"d":"2026-10-09","t":"0241","frp":12.1,"b":344.6,"c":1,"s":"N20","n":0}},{"type":"Feature","geometry":{"type":"Point","coordinates":[152.3272,-31.3787]},"properties":{"d":"2026-10-09","t":"0243","frp":10.3,"b":338.8,"c":1,"s":"N20","n":0}},{"type":"Feature","geometry":{"type":"Point","coordinates":[152.3325,-31.3754]},"properties":{"d":"2026-10-09","t":"0243","frp":12.1,"b":343.9,"c":1,"s":"N20","n":0}},{"type":"Feature","geometry":{"type":"Point","coordinates":[152.8158,-29.5753]},"properties":{"d":"2026-10-09","t":"0243","frp":3.9,"b":327.7,"c":1,"s":"N20","n":0}},{"type":"Feature","geometry":{"type":"Point","coordinates":[149.6597,-10.2866]},"properties":{"d":"2026-10-09","t":"0247","frp":8.7,"b":327.4,"c":1,"s":"N20","n":0}},{"type":"Feature","geometry":{"type":"Point","coordinates":[149.66,-10.2847]},"properties":{"d":"2026-10-09","t":"0247","frp":6.2,"b":334.9,"c":1,"s":"N20","n":0}},{"type":"Feature","geometry":{"type":"Point","coordinates":[149.6174,-10.024]},"properties":{"d":"2026-10-09","t":"0247","frp":13.2,"b":345.1,"c":1,"s":"N20","n":0}},{"type":"Feature","geometry":{"type":"Point","coordinates":[149.3077,-9.857]},"properties":{"d":"2026-10-09","t":"0247","frp":38.4,"b":332.6,"c":1,"s":"N20","n":0}},{"type":"Feature","geometry":{"type":"Point","coordinates":[149.3062,-9.8501]},"properties":{"d":"2026-10-09","t":"0247","frp":38.4,"b":339.3,"c":1,"s":"N20","n":0}},{"type":"Feature","geometry":{"type":"Point","coordinates":[149.3113,-9.8496]},"properties":{"d":"2026-10-09","t":"0247","frp":38.4,"b":367.0,"c":2,"s":"N20","n":0}},{"type":"Feature","geometry":{"type":"Point","coordinates":[150.8787,-9.5331]},"properties":{"d":"2026-10-09","t":"0247","frp":9.7,"b":350.8,"c":1,"s":"N20","n":0}},{"type":"Feature","geometry":{"type":"Point","coordinates":[150.877,-9.5312]},"properties":{"d":"2026-10-09","t":"0247","frp":7.1,"b":344.5,"c":1,"s":"N20","n":0}},{"type":"Feature","geometry":{"type":"Point","coordinates":[150.5314,-9.4928]},"properties":{"d":"2026-10-09","t":"0247","frp":4.6,"b":332.0,"c":1,"s":"N20","n":0}},{"type":"Feature","geometry":{"type":"Point","coordinates":[149.1125,-9.3334]},"properties":{"d":"2026-10-09","t":"0247","frp":8.7,"b":339.1,"c":1,"s":"N20","n":0}},{"type":"Feature","geometry":{"type":"Point","coordinates":[149.1126,-9.3268]},"properties":{"d":"2026-10-09","t":"0247","frp":11.1,"b":341.1,"c":1,"s":"N20","n":0}},{"type":"Feature","geometry":{"type":"Point","coordinates":[146.7722,-42.0453]},"properties":{"d":"2026-10-09","t":"0400","frp":4.8,"b":335.2,"c":1,"s":"SNPP","n":0}},{"type":"Feature","geometry":{"type":"Point","coordinates":[146.7715,-42.0414]},"properties":{"d":"2026-10-09","t":"0400","frp":4.8,"b":333.6,"c":1,"s":"SNPP","n":0}},{"type":"Feature","geometry":{"type":"Point","coordinates":[146.9724,-41.598]},"properties":{"d":"2026-10-09","t":"0400","frp":3.2,"b":327.4,"c":1,"s":"SNPP","n":0}},{"type":"Feature","geometry":{"type":"Point","coordinates":[147.618,-40.9586]},"properties":{"d":"2026-10-09","t":"0400","frp":3.2,"b":326.9,"c":1,"s":"SNPP","n":0}},{"type":"Feature","geometry":{"type":"Point","coordinates":[146.1824,-38.4097]},"properties":{"d":"2026-10-09","t":"0400","frp":6.8,"b":329.7,"c":1,"s":"SNPP","n":0}},{"type":"Feature","geometry":{"type":"Point","coordinates":[144.6189,-37.9505]},"properties":{"d":"2026-10-09","t":"0400","frp":3.6,"b":339.7,"c":1,"s":"SNPP","n":0}},{"type":"Feature","geometry":{"type":"Point","coordinates":[144.6235,-37.9501]},"properties":{"d":"2026-10-09","t":"0400","frp":6.0,"b":340.7,"c":1,"s":"SNPP","n":0}},{"type":"Feature","geometry":{"type":"Point","coordinates":[144.6229,-37.9459]},"properties":{"d":"2026-10-09","t":"0400","frp":7.3,"b":352.3,"c":1,"s":"SNPP","n":0}},{"type":"Feature","geometry":{"type":"Point","coordinates":[147.8607,-36.8946]},"properties":{"d":"2026-10-09","t":"0402","frp":7.2,"b":339.8,"c":1,"s":"SNPP","n":0}},{"type":"Feature","geometry":{"type":"Point","coordinates":[145.595,-35.5784]},"properties":{"d":"2026-10-09","t":"0402","frp":13.2,"b":346.4,"c":1,"s":"SNPP","n":0}},{"type":"Feature","geometry":{"type":"Point","coordinates":[147.8139,-35.3058]},"properties":{"d":"2026-10-09","t":"0402","frp":1.7,"b":333.0,"c":1,"s":"SNPP","n":0}},{"type":"Feature","geometry":{"type":"Point","coordinates":[144.1399,-35.3004]},"properties":{"d":"2026-10-09","t":"0402","frp":4.3,"b":337.9,"c":1,"s":"SNPP","n":0}},{"type":"Feature","geometry":{"type":"Point","coordinates":[145.8675,-34.5576]},"properties":{"d":"2026-10-09","t":"0402","frp":5.3,"b":336.1,"c":0,"s":"SNPP","n":0}},{"type":"Feature","geometry":{"type":"Point","coordinates":[150.8815,-34.4597]},"properties":{"d":"2026-10-09","t":"0402","frp":3.6,"b":330.1,"c":0,"s":"SNPP","n":0}},{"type":"Feature","geometry":{"type":"Point","coordinates":[150.8857,-34.459]},"properties":{"d":"2026-10-09","t":"0402","frp":2.1,"b":335.6,"c":1,"s":"SNPP","n":0}},{"type":"Feature","geometry":{"type":"Point","coordinates":[148.2079,-34.3223]},"properties":{"d":"2026-10-09","t":"0402","frp":9.3,"b":343.4,"c":1,"s":"SNPP","n":0}},{"type":"Feature","geometry":{"type":"Point","coordinates":[148.6386,-33.8299]},"properties":{"d":"2026-10-09","t":"0402","frp":2.5,"b":329.3,"c":1,"s":"SNPP","n":0}},{"type":"Feature","geometry":{"type":"Point","coordinates":[151.1917,-32.7187]},"properties":{"d":"2026-10-09","t":"0402","frp":5.7,"b":351.0,"c":1,"s":"SNPP","n":0}},{"type":"Feature","geometry":{"type":"Point","coordinates":[151.1959,-32.718]},"properties":{"d":"2026-10-09","t":"0402","frp":3.5,"b":335.0,"c":0,"s":"SNPP","n":0}},{"type":"Feature","geometry":{"type":"Point","coordinates":[146.6153,-32.3635]},"properties":{"d":"2026-10-09","t":"0402","frp":8.3,"b":352.0,"c":1,"s":"SNPP","n":0}},{"type":"Feature","geometry":{"type":"Point","coordinates":[146.6245,-32.3623]},"properties":{"d":"2026-10-09","t":"0402","frp":15.4,"b":351.4,"c":1,"s":"SNPP","n":0}},{"type":"Feature","geometry":{"type":"Point","coordinates":[146.6291,-32.3617]},"properties":{"d":"2026-10-09","t":"0402","frp":15.4,"b":351.6,"c":1,"s":"SNPP","n":0}},{"type":"Feature","geometry":{"type":"Point","coordinates":[146.6239,-32.3588]},"properties":{"d":"2026-10-09","t":"0402","frp":23.0,"b":352.2,"c":1,"s":"SNPP","n":0}},{"type":"Feature","geometry":{"type":"Point","coordinates":[146.6285,-32.3582]},"properties":{"d":"2026-10-09","t":"0402","frp":23.0,"b":355.4,"c":1,"s":"SNPP","n":0}},{"type":"Feature","geometry":{"type":"Point","coordinates":[152.0822,-31.8547]},"properties":{"d":"2026-10-09","t":"0402","frp":4.0,"b":333.5,"c":1,"s":"SNPP","n":0}},{"type":"Feature","geometry":{"type":"Point","coordinates":[152.0769,-31.852]},"properties":{"d":"2026-10-09","t":"0402","frp":4.0,"b":333.2,"c":1,"s":"SNPP","n":0}},{"type":"Feature","geometry":{"type":"Point","coordinates":[152.0761,-31.8486]},"properties":{"d":"2026-10-09","t":"0402","frp":2.9,"b":330.2,"c":0,"s":"SNPP","n":0}},{"type":"Feature","geometry":{"type":"Point","coordinates":[145.7986,-31.6095]},"properties":{"d":"2026-10-09","t":"0402","frp":6.1,"b":338.1,"c":0,"s":"SNPP","n":0}},{"type":"Feature","geometry":{"type":"Point","coordinates":[145.8034,-31.6089]},"properties":{"d":"2026-10-09","t":"0402","frp":11.1,"b":343.2,"c":1,"s":"SNPP","n":0}},{"type":"Feature","geometry":{"type":"Point","coordinates":[152.581,-31.4892]},"properties":{"d":"2026-10-09","t":"0402","frp":11.0,"b":348.5,"c":1,"s":"SNPP","n":0}},{"type":"Feature","geometry":{"type":"Point","coordinates":[152.3283,-31.3759]},"properties":{"d":"2026-10-09","t":"0402","frp":18.7,"b":336.0,"c":1,"s":"SNPP","n":0}},{"type":"Feature","geometry":{"type":"Point","coordinates":[152.4706,-31.0092]},"properties":{"d":"2026-10-09","t":"0402","frp":11.2,"b":344.0,"c":1,"s":"SNPP","n":0}},{"type":"Feature","geometry":{"type":"Point","coordinates":[147.7288,-30.6748]},"properties":{"d":"2026-10-09","t":"0402","frp":25.6,"b":340.9,"c":0,"s":"SNPP","n":0}},{"type":"Feature","geometry":{"type":"Point","coordinates":[149.5328,-29.6339]},"properties":{"d":"2026-10-09","t":"0402","frp":2.0,"b":337.1,"c":0,"s":"SNPP","n":0}},{"type":"Feature","geometry":{"type":"Point","coordinates":[152.8177,-29.5731]},"properties":{"d":"2026-10-09","t":"0402","frp":8.7,"b":349.0,"c":1,"s":"SNPP","n":0}},{"type":"Feature","geometry":{"type":"Point","coordinates":[152.8153,-29.572]},"properties":{"d":"2026-10-09","t":"0402","frp":7.7,"b":341.2,"c":1,"s":"SNPP","n":0}},{"type":"Feature","geometry":{"type":"Point","coordinates":[152.8203,-29.5711]},"properties":{"d":"2026-10-09","t":"0402","frp":7.0,"b":333.6,"c":1,"s":"SNPP","n":0}},{"type":"Feature","geometry":{"type":"Point","coordinates":[152.8144,-29.5684]},"properties":{"d":"2026-10-09","t":"0402","frp":8.9,"b":340.4,"c":1,"s":"SNPP","n":0}},{"type":"Feature","geometry":{"type":"Point","coordinates":[152.6596,-29.4536]},"properties":{"d":"2026-10-09","t":"0402","frp":2.8,"b":332.1,"c":1,"s":"SNPP","n":0}},{"type":"Feature","geometry":{"type":"Point","coordinates":[152.6646,-29.4527]},"properties":{"d":"2026-10-09","t":"0402","frp":2.8,"b":334.4,"c":1,"s":"SNPP","n":0}},{"type":"Feature","geometry":{"type":"Point","coordinates":[152.8223,-29.0422]},"properties":{"d":"2026-10-09","t":"0402","frp":2.4,"b":331.5,"c":1,"s":"SNPP","n":0}},{"type":"Feature","geometry":{"type":"Point","coordinates":[152.8273,-29.0412]},"properties":{"d":"2026-10-09","t":"0402","frp":11.2,"b":346.9,"c":1,"s":"SNPP","n":0}},{"type":"Feature","geometry":{"type":"Point","coordinates":[152.5528,-28.6647]},"properties":{"d":"2026-10-09","t":"0404","frp":6.0,"b":345.3,"c":1,"s":"SNPP","n":0}},{"type":"Feature","geometry":{"type":"Point","coordinates":[149.022,-28.5923]},"properties":{"d":"2026-10-09","t":"0404","frp":2.5,"b":338.4,"c":0,"s":"SNPP","n":0}},{"type":"Feature","geometry":{"type":"Point","coordinates":[153.4825,-28.3094]},"properties":{"d":"2026-10-09","t":"0404","frp":2.5,"b":333.6,"c":1,"s":"SNPP","n":0}},{"type":"Feature","geometry":{"type":"Point","coordinates":[152.5308,-28.1705]},"properties":{"d":"2026-10-09","t":"0404","frp":11.8,"b":345.0,"c":1,"s":"SNPP","n":0}},{"type":"Feature","geometry":{"type":"Point","coordinates":[148.7476,-27.8602]},"properties":{"d":"2026-10-09","t":"0404","frp":51.2,"b":350.0,"c":0,"s":"SNPP","n":0}},{"type":"Feature","geometry":{"type":"Point","coordinates":[148.3539,-27.8272]},"properties":{"d":"2026-10-09","t":"0404","frp":21.0,"b":351.5,"c":1,"s":"SNPP","n":0}},{"type":"Feature","geometry":{"type":"Point","coordinates":[148.3493,-27.8244]},"properties":{"d":"2026-10-09","t":"0404","frp":4.5,"b":339.9,"c":1,"s":"SNPP","n":0}},{"type":"Feature","geometry":{"type":"Point","coordinates":[148.3533,-27.8238]},"properties":{"d":"2026-10-09","t":"0404","frp":16.2,"b":354.9,"c":1,"s":"SNPP","n":0}},{"type":"Feature","geometry":{"type":"Point","coordinates":[148.7841,-27.7995]},"properties":{"d":"2026-10-09","t":"0404","frp":21.2,"b":345.2,"c":1,"s":"SNPP","n":0}},{"type":"Feature","geometry":{"type":"Point","coordinates":[148.7834,-27.7962]},"properties":{"d":"2026-10-09","t":"0404","frp":81.7,"b":367.0,"c":0,"s":"SNPP","n":0}},{"type":"Feature","geometry":{"type":"Point","coordinates":[149.4258,-27.067]},"properties":{"d":"2026-10-09","t":"0404","frp":0.9,"b":335.7,"c":0,"s":"SNPP","n":0}},{"type":"Feature","geometry":{"type":"Point","coordinates":[146.4023,-26.9287]},"properties":{"d":"2026-10-09","t":"0404","frp":3.0,"b":339.2,"c":1,"s":"SNPP","n":0}},{"type":"Feature","geometry":{"type":"Point","coordinates":[146.084,-26.6988]},"properties":{"d":"2026-10-09","t":"0404","frp":4.1,"b":337.7,"c":0,"s":"SNPP","n":0}},{"type":"Feature","geometry":{"type":"Point","coordinates":[146.0834,-26.6954]},"properties":{"d":"2026-10-09","t":"0404","frp":4.1,"b":340.9,"c":0,"s":"SNPP","n":0}},{"type":"Feature","geometry":{"type":"Point","coordinates":[151.6105,-26.3495]},"properties":{"d":"2026-10-09","t":"0404","frp":10.1,"b":346.7,"c":1,"s":"SNPP","n":0}},{"type":"Feature","geometry":{"type":"Point","coordinates":[152.4582,-25.9173]},"properties":{"d":"2026-10-09","t":"0404","frp":6.0,"b":338.1,"c":1,"s":"SNPP","n":0}},{"type":"Feature","geometry":{"type":"Point","coordinates":[149.3285,-25.8941]},"properties":{"d":"2026-10-09","t":"0404","frp":24.8,"b":312.8,"c":0,"s":"SNPP","n":0}},{"type":"Feature","geometry":{"type":"Point","coordinates":[149.3325,-25.8934]},"properties":{"d":"2026-10-09","t":"0404","frp":24.8,"b":343.9,"c":1,"s":"SNPP","n":0}},{"type":"Feature","geometry":{"type":"Point","coordinates":[150.1327,-25.8173]},"properties":{"d":"2026-10-09","t":"0404","frp":5.2,"b":341.6,"c":1,"s":"SNPP","n":0}},{"type":"Feature","geometry":{"type":"Point","coordinates":[150.133,-25.8164]},"properties":{"d":"2026-10-09","t":"0404","frp":3.6,"b":335.5,"c":0,"s":"SNPP","n":0}},{"type":"Feature","geometry":{"type":"Point","coordinates":[146.3646,-25.5633]},"properties":{"d":"2026-10-09","t":"0404","frp":4.4,"b":339.1,"c":0,"s":"SNPP","n":0}},{"type":"Feature","geometry":{"type":"Point","coordinates":[152.817,-25.4294]},"properties":{"d":"2026-10-09","t":"0404","frp":8.5,"b":342.3,"c":1,"s":"SNPP","n":0}},{"type":"Feature","geometry":{"type":"Point","coordinates":[152.8142,-25.4276]},"properties":{"d":"2026-10-09","t":"0404","frp":6.1,"b":330.5,"c":1,"s":"SNPP","n":0}},{"type":"Feature","geometry":{"type":"Point","coordinates":[152.8197,-25.4265]},"properties":{"d":"2026-10-09","t":"0404","frp":6.1,"b":330.9,"c":1,"s":"SNPP","n":0}},{"type":"Feature","geometry":{"type":"Point","coordinates":[147.7985,-25.2343]},"properties":{"d":"2026-10-09","t":"0404","frp":11.4,"b":344.6,"c":1,"s":"SNPP","n":0}},{"type":"Feature","geometry":{"type":"Point","coordinates":[147.8023,-25.2337]},"properties":{"d":"2026-10-09","t":"0404","frp":11.4,"b":335.6,"c":1,"s":"SNPP","n":0}},{"type":"Feature","geometry":{"type":"Point","coordinates":[147.8099,-25.2326]},"properties":{"d":"2026-10-09","t":"0404","frp":2.5,"b":334.8,"c":1,"s":"SNPP","n":0}},{"type":"Feature","geometry":{"type":"Point","coordinates":[147.7979,-25.231]},"properties":{"d":"2026-10-09","t":"0404","frp":4.0,"b":335.0,"c":1,"s":"SNPP","n":0}},{"type":"Feature","geometry":{"type":"Point","coordinates":[147.8017,-25.2304]},"properties":{"d":"2026-10-09","t":"0404","frp":4.0,"b":346.1,"c":1,"s":"SNPP","n":0}},{"type":"Feature","geometry":{"type":"Point","coordinates":[147.8055,-25.2298]},"properties":{"d":"2026-10-09","t":"0404","frp":10.2,"b":345.6,"c":1,"s":"SNPP","n":0}},{"type":"Feature","geometry":{"type":"Point","coordinates":[147.8093,-25.2292]},"properties":{"d":"2026-10-09","t":"0404","frp":10.2,"b":351.2,"c":1,"s":"SNPP","n":0}},{"type":"Feature","geometry":{"type":"Point","coordinates":[147.8131,-25.2286]},"properties":{"d":"2026-10-09","t":"0404","frp":6.1,"b":332.0,"c":0,"s":"SNPP","n":0}},{"type":"Feature","geometry":{"type":"Point","coordinates":[147.3974,-25.2286]},"properties":{"d":"2026-10-09","t":"0404","frp":6.2,"b":342.3,"c":1,"s":"SNPP","n":0}},{"type":"Feature","geometry":{"type":"Point","coordinates":[147.8011,-25.2271]},"properties":{"d":"2026-10-09","t":"0404","frp":4.0,"b":335.3,"c":1,"s":"SNPP","n":0}},{"type":"Feature","geometry":{"type":"Point","coordinates":[147.8049,-25.2265]},"properties":{"d":"2026-10-09","t":"0404","frp":10.2,"b":344.2,"c":1,"s":"SNPP","n":0}},{"type":"Feature","geometry":{"type":"Point","coordinates":[147.8087,-25.2259]},"properties":{"d":"2026-10-09","t":"0404","frp":10.2,"b":354.8,"c":1,"s":"SNPP","n":0}},{"type":"Feature","geometry":{"type":"Point","coordinates":[147.8125,-25.2253]},"properties":{"d":"2026-10-09","t":"0404","frp":6.1,"b":339.5,"c":1,"s":"SNPP","n":0}},{"type":"Feature","geometry":{"type":"Point","coordinates":[147.8004,-25.2238]},"properties":{"d":"2026-10-09","t":"0404","frp":2.4,"b":334.8,"c":1,"s":"SNPP","n":0}},{"type":"Feature","geometry":{"type":"Point","coordinates":[147.8043,-25.2232]},"properties":{"d":"2026-10-09","t":"0404","frp":2.5,"b":333.4,"c":0,"s":"SNPP","n":0}},{"type":"Feature","geometry":{"type":"Point","coordinates":[147.8081,-25.2226]},"properties":{"d":"2026-10-09","t":"0404","frp":2.5,"b":336.6,"c":1,"s":"SNPP","n":0}},{"type":"Feature","geometry":{"type":"Point","coordinates":[147.7884,-25.2222]},"properties":{"d":"2026-10-09","t":"0404","frp":3.2,"b":337.8,"c":1,"s":"SNPP","n":0}},{"type":"Feature","geometry":{"type":"Point","coordinates":[147.7922,-25.2216]},"properties":{"d":"2026-10-09","t":"0404","frp":3.2,"b":351.1,"c":1,"s":"SNPP","n":0}},{"type":"Feature","geometry":{"type":"Point","coordinates":[147.796,-25.221]},"properties":{"d":"2026-10-09","t":"0404","frp":2.4,"b":335.5,"c":1,"s":"SNPP","n":0}},{"type":"Feature","geometry":{"type":"Point","coordinates":[147.7886,-25.2199]},"properties":{"d":"2026-10-09","t":"0404","frp":5.5,"b":346.7,"c":1,"s":"SNPP","n":0}},{"type":"Feature","geometry":{"type":"Point","coordinates":[147.7924,-25.2193]},"properties":{"d":"2026-10-09","t":"0404","frp":5.5,"b":348.9,"c":1,"s":"SNPP","n":0}},{"type":"Feature","geometry":{"type":"Point","coordinates":[148.0808,-25.0595]},"properties":{"d":"2026-10-09","t":"0404","frp":9.2,"b":341.3,"c":1,"s":"SNPP","n":0}},{"type":"Feature","geometry":{"type":"Point","coordinates":[148.0688,-25.0579]},"properties":{"d":"2026-10-09","t":"0404","frp":3.0,"b":339.5,"c":1,"s":"SNPP","n":0}},{"type":"Feature","geometry":{"type":"Point","coordinates":[148.0764,-25.0567]},"properties":{"d":"2026-10-09","t":"0404","frp":6.4,"b":331.2,"c":0,"s":"SNPP","n":0}},{"type":"Feature","geometry":{"type":"Point","coordinates":[148.0802,-25.0561]},"properties":{"d":"2026-10-09","t":"0404","frp":9.2,"b":350.2,"c":1,"s":"SNPP","n":0}},{"type":"Feature","geometry":{"type":"Point","coordinates":[148.084,-25.0555]},"properties":{"d":"2026-10-09","t":"0404","frp":9.2,"b":347.2,"c":1,"s":"SNPP","n":0}},{"type":"Feature","geometry":{"type":"Point","coordinates":[148.0643,-25.0552]},"properties":{"d":"2026-10-09","t":"0404","frp":4.7,"b":333.3,"c":1,"s":"SNPP","n":0}},{"type":"Feature","geometry":{"type":"Point","coordinates":[148.0877,-25.0549]},"properties":{"d":"2026-10-09","t":"0404","frp":1.9,"b":333.6,"c":1,"s":"SNPP","n":0}},{"type":"Feature","geometry":{"type":"Point","coordinates":[148.0681,-25.0546]},"properties":{"d":"2026-10-09","t":"0404","frp":4.7,"b":355.5,"c":1,"s":"SNPP","n":0}},{"type":"Feature","geometry":{"type":"Point","coordinates":[148.0719,-25.054]},"properties":{"d":"2026-10-09","t":"0404","frp":5.6,"b":338.3,"c":1,"s":"SNPP","n":0}},{"type":"Feature","geometry":{"type":"Point","coordinates":[149.2082,-25.0533]},"properties":{"d":"2026-10-09","t":"0404","frp":3.6,"b":338.6,"c":1,"s":"SNPP","n":0}},{"type":"Feature","geometry":{"type":"Point","coordinates":[148.0833,-25.0522]},"properties":{"d":"2026-10-09","t":"0404","frp":6.3,"b":330.9,"c":0,"s":"SNPP","n":0}},{"type":"Feature","geometry":{"type":"Point","coordinates":[148.0871,-25.0516]},"properties":{"d":"2026-10-09","t":"0404","frp":4.3,"b":336.1,"c":1,"s":"SNPP","n":0}},{"type":"Feature","geometry":{"type":"Point","coordinates":[148.0675,-25.0513]},"properties":{"d":"2026-10-09","t":"0404","frp":4.7,"b":340.5,"c":1,"s":"SNPP","n":0}},{"type":"Feature","geometry":{"type":"Point","coordinates":[149.2155,-25.0486]},"properties":{"d":"2026-10-09","t":"0404","frp":8.4,"b":341.9,"c":1,"s":"SNPP","n":0}},{"type":"Feature","geometry":{"type":"Point","coordinates":[148.0707,-25.0473]},"properties":{"d":"2026-10-09","t":"0404","frp":3.9,"b":340.9,"c":1,"s":"SNPP","n":0}},{"type":"Feature","geometry":{"type":"Point","coordinates":[148.0745,-25.0467]},"properties":{"d":"2026-10-09","t":"0404","frp":3.9,"b":344.3,"c":1,"s":"SNPP","n":0}},{"type":"Feature","geometry":{"type":"Point","coordinates":[148.0783,-25.0461]},"properties":{"d":"2026-10-09","t":"0404","frp":3.8,"b":347.8,"c":1,"s":"SNPP","n":0}},{"type":"Feature","geometry":{"type":"Point","coordinates":[148.0821,-25.0455]},"properties":{"d":"2026-10-09","t":"0404","frp":3.8,"b":342.2,"c":1,"s":"SNPP","n":0}},{"type":"Feature","geometry":{"type":"Point","coordinates":[149.2149,-25.0452]},"properties":{"d":"2026-10-09","t":"0404","frp":9.9,"b":356.2,"c":1,"s":"SNPP","n":0}},{"type":"Feature","geometry":{"type":"Point","coordinates":[146.8945,-24.9064]},"properties":{"d":"2026-10-09","t":"0404","frp":15.1,"b":348.5,"c":1,"s":"SNPP","n":0}},{"type":"Feature","geometry":{"type":"Point","coordinates":[146.8939,-24.9031]},"properties":{"d":"2026-10-09","t":"0404","frp":8.1,"b":345.6,"c":1,"s":"SNPP","n":0}},{"type":"Feature","geometry":{"type":"Point","coordinates":[146.8865,-24.8836]},"properties":{"d":"2026-10-09","t":"0404","frp":6.5,"b":340.3,"c":1,"s":"SNPP","n":0}},{"type":"Feature","geometry":{"type":"Point","coordinates":[146.8821,-24.8808]},"properties":{"d":"2026-10-09","t":"0404","frp":6.8,"b":342.2,"c":1,"s":"SNPP","n":0}},{"type":"Feature","geometry":{"type":"Point","coordinates":[146.8859,-24.8803]},"properties":{"d":"2026-10-09","t":"0404","frp":6.5,"b":349.2,"c":1,"s":"SNPP","n":0}},{"type":"Feature","geometry":{"type":"Point","coordinates":[147.0011,-24.8219]},"properties":{"d":"2026-10-09","t":"0404","frp":12.0,"b":345.5,"c":1,"s":"SNPP","n":0}},{"type":"Feature","geometry":{"type":"Point","coordinates":[147.0005,-24.8186]},"properties":{"d":"2026-10-09","t":"0404","frp":1.6,"b":331.4,"c":0,"s":"SNPP","n":0}},{"type":"Feature","geometry":{"type":"Point","coordinates":[146.6841,-24.806]},"properties":{"d":"2026-10-09","t":"0404","frp":8.8,"b":345.4,"c":1,"s":"SNPP","n":0}},{"type":"Feature","geometry":{"type":"Point","coordinates":[152.2109,-24.787]},"properties":{"d":"2026-10-09","t":"0404","frp":97.2,"b":367.0,"c":2,"s":"SNPP","n":0}},{"type":"Feature","geometry":{"type":"Point","coordinates":[152.2132,-24.7862]},"properties":{"d":"2026-10-09","t":"0404","frp":241.4,"b":367.0,"c":0,"s":"SNPP","n":0}},{"type":"Feature","geometry":{"type":"Point","coordinates":[152.2162,-24.7859]},"properties":{"d":"2026-10-09","t":"0404","frp":33.5,"b":346.9,"c":1,"s":"SNPP","n":0}},{"type":"Feature","geometry":{"type":"Point","coordinates":[152.2184,-24.7853]},"properties":{"d":"2026-10-09","t":"0404","frp":7.8,"b":343.5,"c":1,"s":"SNPP","n":0}},{"type":"Feature","geometry":{"type":"Point","coordinates":[152.2101,-24.7831]},"properties":{"d":"2026-10-09","t":"0404","frp":97.2,"b":342.1,"c":1,"s":"SNPP","n":0}},{"type":"Feature","geometry":{"type":"Point","coordinates":[152.2123,-24.7824]},"properties":{"d":"2026-10-09","t":"0404","frp":9.7,"b":342.5,"c":1,"s":"SNPP","n":0}},{"type":"Feature","geometry":{"type":"Point","coordinates":[152.2154,-24.7821]},"properties":{"d":"2026-10-09","t":"0404","frp":33.5,"b":339.7,"c":1,"s":"SNPP","n":0}},{"type":"Feature","geometry":{"type":"Point","coordinates":[146.4146,-24.647]},"properties":{"d":"2026-10-09","t":"0404","frp":4.0,"b":342.8,"c":1,"s":"SNPP","n":0}},{"type":"Feature","geometry":{"type":"Point","coordinates":[149.1471,-24.5875]},"properties":{"d":"2026-10-09","t":"0404","frp":5.2,"b":344.2,"c":1,"s":"SNPP","n":0}},{"type":"Feature","geometry":{"type":"Point","coordinates":[149.151,-24.5869]},"properties":{"d":"2026-10-09","t":"0404","frp":5.2,"b":346.8,"c":1,"s":"SNPP","n":0}},{"type":"Feature","geometry":{"type":"Point","coordinates":[149.1683,-24.5699]},"properties":{"d":"2026-10-09","t":"0404","frp":3.7,"b":346.2,"c":1,"s":"SNPP","n":0}},{"type":"Feature","geometry":{"type":"Point","coordinates":[149.1613,-24.5538]},"properties":{"d":"2026-10-09","t":"0404","frp":5.6,"b":356.3,"c":1,"s":"SNPP","n":0}},{"type":"Feature","geometry":{"type":"Point","coordinates":[149.1606,-24.5504]},"properties":{"d":"2026-10-09","t":"0404","frp":5.6,"b":339.9,"c":1,"s":"SNPP","n":0}},{"type":"Feature","geometry":{"type":"Point","coordinates":[149.1646,-24.5497]},"properties":{"d":"2026-10-09","t":"0404","frp":4.6,"b":330.3,"c":0,"s":"SNPP","n":0}},{"type":"Feature","geometry":{"type":"Point","coordinates":[150.8731,-24.2363]},"properties":{"d":"2026-10-09","t":"0404","frp":3.3,"b":332.8,"c":1,"s":"SNPP","n":0}},{"type":"Feature","geometry":{"type":"Point","coordinates":[150.8724,-24.2326]},"properties":{"d":"2026-10-09","t":"0404","frp":5.7,"b":334.8,"c":1,"s":"SNPP","n":0}},{"type":"Feature","geometry":{"type":"Point","coordinates":[149.5185,-24.1339]},"properties":{"d":"2026-10-09","t":"0404","frp":12.8,"b":346.6,"c":1,"s":"SNPP","n":0}},{"type":"Feature","geometry":{"type":"Point","coordinates":[149.5178,-24.1304]},"properties":{"d":"2026-10-09","t":"0404","frp":12.8,"b":346.6,"c":1,"s":"SNPP","n":0}},{"type":"Feature","geometry":{"type":"Point","coordinates":[149.5219,-24.1298]},"properties":{"d":"2026-10-09","t":"0404","frp":12.8,"b":355.4,"c":1,"s":"SNPP","n":0}},{"type":"Feature","geometry":{"type":"Point","coordinates":[149.526,-24.1291]},"properties":{"d":"2026-10-09","t":"0404","frp":11.1,"b":346.0,"c":1,"s":"SNPP","n":0}},{"type":"Feature","geometry":{"type":"Point","coordinates":[151.1212,-23.8587]},"properties":{"d":"2026-10-09","t":"0404","frp":6.1,"b":336.9,"c":1,"s":"SNPP","n":0}},{"type":"Feature","geometry":{"type":"Point","coordinates":[132.7838,-23.7309]},"properties":{"d":"2026-10-09","t":"0404","frp":25.0,"b":336.3,"c":1,"s":"SNPP","n":0}},{"type":"Feature","geometry":{"type":"Point","coordinates":[132.7911,-23.7305]},"properties":{"d":"2026-10-09","t":"0404","frp":20.6,"b":367.0,"c":2,"s":"SNPP","n":0}},{"type":"Feature","geometry":{"type":"Point","coordinates":[149.4449,-23.7301]},"properties":{"d":"2026-10-09","t":"0404","frp":3.8,"b":338.7,"c":1,"s":"SNPP","n":0}},{"type":"Feature","geometry":{"type":"Point","coordinates":[149.4319,-23.7287]},"properties":{"d":"2026-10-09","t":"0404","frp":28.4,"b":347.5,"c":1,"s":"SNPP","n":0}},{"type":"Feature","geometry":{"type":"Point","coordinates":[149.436,-23.728]},"properties":{"d":"2026-10-09","t":"0404","frp":28.4,"b":344.9,"c":1,"s":"SNPP","n":0}},{"type":"Feature","geometry":{"type":"Point","coordinates":[132.7842,-23.728]},"properties":{"d":"2026-10-09","t":"0404","frp":20.0,"b":367.0,"c":2,"s":"SNPP","n":0}},{"type":"Feature","geometry":{"type":"Point","coordinates":[132.7913,-23.7276]},"properties":{"d":"2026-10-09","t":"0404","frp":20.0,"b":367.0,"c":2,"s":"SNPP","n":0}},{"type":"Feature","geometry":{"type":"Point","coordinates":[149.4353,-23.7246]},"properties":{"d":"2026-10-09","t":"0404","frp":28.4,"b":352.4,"c":1,"s":"SNPP","n":0}},{"type":"Feature","geometry":{"type":"Point","coordinates":[149.4394,-23.7239]},"properties":{"d":"2026-10-09","t":"0404","frp":12.4,"b":351.5,"c":1,"s":"SNPP","n":0}},{"type":"Feature","geometry":{"type":"Point","coordinates":[132.7898,-23.7235]},"properties":{"d":"2026-10-09","t":"0404","frp":20.6,"b":333.3,"c":1,"s":"SNPP","n":0}},{"type":"Feature","geometry":{"type":"Point","coordinates":[147.6368,-22.7339]},"properties":{"d":"2026-10-09","t":"0404","frp":4.0,"b":337.4,"c":1,"s":"SNPP","n":0}},{"type":"Feature","geometry":{"type":"Point","coordinates":[147.6841,-22.4652]},"properties":{"d":"2026-10-09","t":"0404","frp":8.2,"b":343.7,"c":0,"s":"SNPP","n":0}},{"type":"Feature","geometry":{"type":"Point","coordinates":[147.6879,-22.4646]},"properties":{"d":"2026-10-09","t":"0404","frp":8.2,"b":349.9,"c":1,"s":"SNPP","n":0}},{"type":"Feature","geometry":{"type":"Point","coordinates":[132.7285,-22.8578]},"properties":{"d":"2026-10-09","t":"0406","frp":5.4,"b":332.8,"c":1,"s":"SNPP","n":0}},{"type":"Feature","geometry":{"type":"Point","coordinates":[132.6994,-22.8458]},"properties":{"d":"2026-10-09","t":"0406","frp":88.1,"b":353.5,"c":1,"s":"SNPP","n":0}},{"type":"Feature","geometry":{"type":"Point","coordinates":[132.7064,-22.8453]},"properties":{"d":"2026-10-09","t":"0406","frp":88.1,"b":357.1,"c":0,"s":"SNPP","n":0}},{"type":"Feature","geometry":{"type":"Point","coordinates":[132.7205,-22.8443]},"properties":{"d":"2026-10-09","t":"0406","frp":44.6,"b":357.1,"c":0,"s":"SNPP","n":0}},{"type":"Feature","geometry":{"type":"Point","coordinates":[132.7065,-22.8437]},"properties":{"d":"2026-10-09","t":"0406","frp":105.1,"b":356.8,"c":0,"s":"SNPP","n":0}},{"type":"Feature","geometry":{"type":"Point","coordinates":[132.6919,-22.8393]},"properties":{"d":"2026-10-09","t":"0406","frp":65.6,"b":367.0,"c":2,"s":"SNPP","n":0}},{"type":"Feature","geometry":{"type":"Point","coordinates":[132.706,-22.8383]},"properties":{"d":"2026-10-09","t":"0406","frp":88.1,"b":367.0,"c":2,"s":"SNPP","n":0}},{"type":"Feature","geometry":{"type":"Point","coordinates":[132.6848,-22.838]},"properties":{"d":"2026-10-09","t":"0406","frp":25.4,"b":356.1,"c":1,"s":"SNPP","n":0}},{"type":"Feature","geometry":{"type":"Point","coordinates":[132.713,-22.8378]},"properties":{"d":"2026-10-09","t":"0406","frp":44.6,"b":367.0,"c":2,"s":"SNPP","n":0}},{"type":"Feature","geometry":{"type":"Point","coordinates":[132.6919,-22.8376]},"properties":{"d":"2026-10-09","t":"0406","frp":26.3,"b":367.0,"c":2,"s":"SNPP","n":0}},{"type":"Feature","geometry":{"type":"Point","coordinates":[132.6989,-22.8371]},"properties":{"d":"2026-10-09","t":"0406","frp":26.3,"b":367.0,"c":2,"s":"SNPP","n":0}},{"type":"Feature","geometry":{"type":"Point","coordinates":[132.706,-22.8366]},"properties":{"d":"2026-10-09","t":"0406","frp":34.5,"b":355.2,"c":1,"s":"SNPP","n":0}},{"type":"Feature","geometry":{"type":"Point","coordinates":[132.713,-22.8362]},"properties":{"d":"2026-10-09","t":"0406","frp":34.5,"b":367.0,"c":2,"s":"SNPP","n":0}},{"type":"Feature","geometry":{"type":"Point","coordinates":[132.6843,-22.8328]},"properties":{"d":"2026-10-09","t":"0406","frp":22.9,"b":367.0,"c":2,"s":"SNPP","n":0}},{"type":"Feature","geometry":{"type":"Point","coordinates":[132.6914,-22.8323]},"properties":{"d":"2026-10-09","t":"0406","frp":22.9,"b":367.0,"c":2,"s":"SNPP","n":0}},{"type":"Feature","geometry":{"type":"Point","coordinates":[132.6984,-22.8318]},"properties":{"d":"2026-10-09","t":"0406","frp":37.1,"b":367.0,"c":2,"s":"SNPP","n":0}},{"type":"Feature","geometry":{"type":"Point","coordinates":[132.6842,-22.831]},"properties":{"d":"2026-10-09","t":"0406","frp":25.4,"b":354.9,"c":1,"s":"SNPP","n":0}},{"type":"Feature","geometry":{"type":"Point","coordinates":[132.7126,-22.8308]},"properties":{"d":"2026-10-09","t":"0406","frp":11.7,"b":344.7,"c":1,"s":"SNPP","n":0}},{"type":"Feature","geometry":{"type":"Point","coordinates":[132.6914,-22.8305]},"properties":{"d":"2026-10-09","t":"0406","frp":26.3,"b":367.0,"c":2,"s":"SNPP","n":0}},{"type":"Feature","geometry":{"type":"Point","coordinates":[132.6984,-22.8301]},"properties":{"d":"2026-10-09","t":"0406","frp":26.3,"b":367.0,"c":2,"s":"SNPP","n":0}},{"type":"Feature","geometry":{"type":"Point","coordinates":[148.1759,-21.5299]},"properties":{"d":"2026-10-09","t":"0406","frp":5.9,"b":345.7,"c":1,"s":"SNPP","n":0}},{"type":"Feature","geometry":{"type":"Point","coordinates":[149.025,-21.3856]},"properties":{"d":"2026-10-09","t":"0406","frp":7.3,"b":337.0,"c":1,"s":"SNPP","n":0}},{"type":"Feature","geometry":{"type":"Point","coordinates":[148.5205,-21.1973]},"properties":{"d":"2026-10-09","t":"0406","frp":2.2,"b":331.7,"c":1,"s":"SNPP","n":0}},{"type":"Feature","geometry":{"type":"Point","coordinates":[143.3953,-21.0416]},"properties":{"d":"2026-10-09","t":"0406","frp":1.5,"b":336.3,"c":0,"s":"SNPP","n":0}},{"type":"Feature","geometry":{"type":"Point","coordinates":[143.3947,-21.038]},"properties":{"d":"2026-10-09","t":"0406","frp":9.9,"b":338.0,"c":0,"s":"SNPP","n":0}},{"type":"Feature","geometry":{"type":"Point","coordinates":[143.4099,-21.0213]},"properties":{"d":"2026-10-09","t":"0406","frp":7.7,"b":348.5,"c":1,"s":"SNPP","n":0}},{"type":"Feature","geometry":{"type":"Point","coordinates":[143.4143,-21.0207]},"properties":{"d":"2026-10-09","t":"0406","frp":7.7,"b":351.4,"c":1,"s":"SNPP","n":0}},{"type":"Feature","geometry":{"type":"Point","coordinates":[147.2946,-19.6945]},"properties":{"d":"2026-10-09","t":"0406","frp":3.9,"b":337.8,"c":0,"s":"SNPP","n":0}},{"type":"Feature","geometry":{"type":"Point","coordinates":[147.2984,-19.6939]},"properties":{"d":"2026-10-09","t":"0406","frp":4.5,"b":345.6,"c":1,"s":"SNPP","n":0}},{"type":"Feature","geometry":{"type":"Point","coordinates":[147.2978,-19.6906]},"properties":{"d":"2026-10-09","t":"0406","frp":4.5,"b":344.1,"c":1,"s":"SNPP","n":0}},{"type":"Feature","geometry":{"type":"Point","coordinates":[142.086,-19.6532]},"properties":{"d":"2026-10-09","t":"0406","frp":6.9,"b":345.3,"c":1,"s":"SNPP","n":0}},{"type":"Feature","geometry":{"type":"Point","coordinates":[142.0903,-19.6487]},"properties":{"d":"2026-10-09","t":"0406","frp":6.9,"b":352.7,"c":1,"s":"SNPP","n":0}},{"type":"Feature","geometry":{"type":"Point","coordinates":[142.0945,-19.6443]},"properties":{"d":"2026-10-09","t":"0406","frp":6.6,"b":335.5,"c":0,"s":"SNPP","n":0}},{"type":"Feature","geometry":{"type":"Point","coordinates":[142.0892,-19.6412]},"properties":{"d":"2026-10-09","t":"0406","frp":5.2,"b":338.1,"c":0,"s":"SNPP","n":0}},{"type":"Feature","geometry":{"type":"Point","coordinates":[142.094,-19.6406]},"properties":{"d":"2026-10-09","t":"0406","frp":6.6,"b":352.9,"c":1,"s":"SNPP","n":0}},{"type":"Feature","geometry":{"type":"Point","coordinates":[142.0838,-19.638]},"properties":{"d":"2026-10-09","t":"0406","frp":4.3,"b":338.2,"c":0,"s":"SNPP","n":0}},{"type":"Feature","geometry":{"type":"Point","coordinates":[142.0886,-19.6374]},"properties":{"d":"2026-10-09","t":"0406","frp":4.3,"b":342.9,"c":1,"s":"SNPP","n":0}},{"type":"Feature","geometry":{"type":"Point","coordinates":[142.3251,-19.5248]},"properties":{"d":"2026-10-09","t":"0406","frp":4.9,"b":339.3,"c":1,"s":"SNPP","n":0}},{"type":"Feature","geometry":{"type":"Point","coordinates":[142.3297,-19.5242]},"properties":{"d":"2026-10-09","t":"0406","frp":11.3,"b":352.2,"c":1,"s":"SNPP","n":0}},{"type":"Feature","geometry":{"type":"Point","coordinates":[142.3292,-19.5205]},"properties":{"d":"2026-10-09","t":"0406","frp":27.8,"b":353.7,"c":1,"s":"SNPP","n":0}},{"type":"Feature","geometry":{"type":"Point","coordinates":[142.3385,-19.5192]},"properties":{"d":"2026-10-09","t":"0406","frp":35.3,"b":340.2,"c":1,"s":"SNPP","n":0}},{"type":"Feature","geometry":{"type":"Point","coordinates":[142.3287,-19.5168]},"properties":{"d":"2026-10-09","t":"0406","frp":27.8,"b":345.7,"c":1,"s":"SNPP","n":0}},{"type":"Feature","geometry":{"type":"Point","coordinates":[142.3333,-19.5161]},"properties":{"d":"2026-10-09","t":"0406","frp":27.8,"b":348.2,"c":1,"s":"SNPP","n":0}},{"type":"Feature","geometry":{"type":"Point","coordinates":[146.5054,-19.3459]},"properties":{"d":"2026-10-09","t":"0406","frp":3.3,"b":338.3,"c":1,"s":"SNPP","n":0}},{"type":"Feature","geometry":{"type":"Point","coordinates":[142.5655,-19.1985]},"properties":{"d":"2026-10-09","t":"0406","frp":85.5,"b":339.1,"c":0,"s":"SNPP","n":0}},{"type":"Feature","geometry":{"type":"Point","coordinates":[142.5453,-19.1862]},"properties":{"d":"2026-10-09","t":"0406","frp":15.3,"b":338.6,"c":0,"s":"SNPP","n":0}},{"type":"Feature","geometry":{"type":"Point","coordinates":[142.5462,-19.1836]},"properties":{"d":"2026-10-09","t":"0406","frp":8.1,"b":342.3,"c":0,"s":"SNPP","n":0}},{"type":"Feature","geometry":{"type":"Point","coordinates":[142.5447,-19.1826]},"properties":{"d":"2026-10-09","t":"0406","frp":15.3,"b":336.8,"c":0,"s":"SNPP","n":0}},{"type":"Feature","geometry":{"type":"Point","coordinates":[142.5552,-19.1823]},"properties":{"d":"2026-10-09","t":"0406","frp":6.8,"b":350.4,"c":1,"s":"SNPP","n":0}},{"type":"Feature","geometry":{"type":"Point","coordinates":[142.5597,-19.1817]},"properties":{"d":"2026-10-09","t":"0406","frp":6.8,"b":334.6,"c":0,"s":"SNPP","n":0}},{"type":"Feature","geometry":{"type":"Point","coordinates":[142.5538,-19.1814]},"properties":{"d":"2026-10-09","t":"0406","frp":8.2,"b":348.4,"c":0,"s":"SNPP","n":0}},{"type":"Feature","geometry":{"type":"Point","coordinates":[142.5583,-19.1808]},"properties":{"d":"2026-10-09","t":"0406","frp":8.2,"b":335.7,"c":0,"s":"SNPP","n":0}},{"type":"Feature","geometry":{"type":"Point","coordinates":[142.5456,-19.1799]},"properties":{"d":"2026-10-09","t":"0406","frp":8.1,"b":342.5,"c":0,"s":"SNPP","n":0}},{"type":"Feature","geometry":{"type":"Point","coordinates":[142.5442,-19.1789]},"properties":{"d":"2026-10-09","t":"0406","frp":3.2,"b":331.7,"c":0,"s":"SNPP","n":0}},{"type":"Feature","geometry":{"type":"Point","coordinates":[142.5487,-19.1783]},"properties":{"d":"2026-10-09","t":"0406","frp":3.2,"b":340.8,"c":0,"s":"SNPP","n":0}},{"type":"Feature","geometry":{"type":"Point","coordinates":[143.3157,-19.0863]},"properties":{"d":"2026-10-09","t":"0406","frp":2.4,"b":331.9,"c":0,"s":"SNPP","n":0}},{"type":"Feature","geometry":{"type":"Point","coordinates":[143.1535,-18.7322]},"properties":{"d":"2026-10-09","t":"0406","frp":6.4,"b":347.5,"c":1,"s":"SNPP","n":0}},{"type":"Feature","geometry":{"type":"Point","coordinates":[143.1577,-18.7316]},"properties":{"d":"2026-10-09","t":"0406","frp":6.4,"b":336.5,"c":1,"s":"SNPP","n":0}},{"type":"Feature","geometry":{"type":"Point","coordinates":[143.1488,-18.7292]},"properties":{"d":"2026-10-09","t":"0406","frp":8.4,"b":339.8,"c":0,"s":"SNPP","n":0}},{"type":"Feature","geometry":{"type":"Point","coordinates":[143.153,-18.7287]},"properties":{"d":"2026-10-09","t":"0406","frp":6.4,"b":337.9,"c":1,"s":"SNPP","n":0}},{"type":"Feature","geometry":{"type":"Point","coordinates":[143.1571,-18.7281]},"properties":{"d":"2026-10-09","t":"0406","frp":6.4,"b":347.0,"c":1,"s":"SNPP","n":0}},{"type":"Feature","geometry":{"type":"Point","coordinates":[143.1524,-18.7251]},"properties":{"d":"2026-10-09","t":"0406","frp":7.0,"b":351.9,"c":1,"s":"SNPP","n":0}},{"type":"Feature","geometry":{"type":"Point","coordinates":[143.1566,-18.7245]},"properties":{"d":"2026-10-09","t":"0406","frp":7.0,"b":337.6,"c":1,"s":"SNPP","n":0}},{"type":"Feature","geometry":{"type":"Point","coordinates":[143.1519,-18.7216]},"properties":{"d":"2026-10-09","t":"0406","frp":7.0,"b":347.3,"c":1,"s":"SNPP","n":0}},{"type":"Feature","geometry":{"type":"Point","coordinates":[143.1472,-18.7186]},"properties":{"d":"2026-10-09","t":"0406","frp":15.5,"b":333.4,"c":0,"s":"SNPP","n":0}},{"type":"Feature","geometry":{"type":"Point","coordinates":[143.1424,-18.7156]},"properties":{"d":"2026-10-09","t":"0406","frp":15.5,"b":346.2,"c":1,"s":"SNPP","n":0}},{"type":"Feature","geometry":{"type":"Point","coordinates":[138.502,-18.674]},"properties":{"d":"2026-10-09","t":"0406","frp":3.6,"b":334.3,"c":0,"s":"SNPP","n":0}},{"type":"Feature","geometry":{"type":"Point","coordinates":[138.5268,-18.6075]},"properties":{"d":"2026-10-09","t":"0406","frp":6.6,"b":347.5,"c":1,"s":"SNPP","n":0}},{"type":"Feature","geometry":{"type":"Point","coordinates":[138.5242,-18.6051]},"properties":{"d":"2026-10-09","t":"0406","frp":28.5,"b":338.3,"c":1,"s":"SNPP","n":0}},{"type":"Feature","geometry":{"type":"Point","coordinates":[138.5293,-18.6045]},"properties":{"d":"2026-10-09","t":"0406","frp":28.5,"b":344.5,"c":1,"s":"SNPP","n":0}},{"type":"Feature","geometry":{"type":"Point","coordinates":[138.5211,-18.6034]},"properties":{"d":"2026-10-09","t":"0406","frp":37.0,"b":342.3,"c":1,"s":"SNPP","n":0}},{"type":"Feature","geometry":{"type":"Point","coordinates":[138.5262,-18.6029]},"properties":{"d":"2026-10-09","t":"0406","frp":21.6,"b":355.4,"c":1,"s":"SNPP","n":0}},{"type":"Feature","geometry":{"type":"Point","coordinates":[138.5312,-18.6023]},"properties":{"d":"2026-10-09","t":"0406","frp":21.6,"b":341.1,"c":1,"s":"SNPP","n":0}},{"type":"Feature","geometry":{"type":"Point","coordinates":[138.5084,-18.6021]},"properties":{"d":"2026-10-09","t":"0406","frp":6.8,"b":339.6,"c":1,"s":"SNPP","n":0}},{"type":"Feature","geometry":{"type":"Point","coordinates":[138.5135,-18.6016]},"properties":{"d":"2026-10-09","t":"0406","frp":9.2,"b":344.0,"c":1,"s":"SNPP","n":0}},{"type":"Feature","geometry":{"type":"Point","coordinates":[138.5186,-18.601]},"properties":{"d":"2026-10-09","t":"0406","frp":9.2,"b":343.6,"c":1,"s":"SNPP","n":0}},{"type":"Feature","geometry":{"type":"Point","coordinates":[138.5237,-18.6004]},"properties":{"d":"2026-10-09","t":"0406","frp":28.5,"b":367.0,"c":2,"s":"SNPP","n":0}},{"type":"Feature","geometry":{"type":"Point","coordinates":[138.5104,-18.6]},"properties":{"d":"2026-10-09","t":"0406","frp":21.4,"b":357.5,"c":1,"s":"SNPP","n":0}},{"type":"Feature","geometry":{"type":"Point","coordinates":[138.5287,-18.5999]},"properties":{"d":"2026-10-09","t":"0406","frp":28.5,"b":367.0,"c":2,"s":"SNPP","n":0}},{"type":"Feature","geometry":{"type":"Point","coordinates":[138.5155,-18.5994]},"properties":{"d":"2026-10-09","t":"0406","frp":37.0,"b":336.6,"c":1,"s":"SNPP","n":0}},{"type":"Feature","geometry":{"type":"Point","coordinates":[138.5338,-18.5993]},"properties":{"d":"2026-10-09","t":"0406","frp":8.1,"b":333.8,"c":1,"s":"SNPP","n":0}},{"type":"Feature","geometry":{"type":"Point","coordinates":[138.5206,-18.5988]},"properties":{"d":"2026-10-09","t":"0406","frp":37.0,"b":349.9,"c":1,"s":"SNPP","n":0}},{"type":"Feature","geometry":{"type":"Point","coordinates":[138.5257,-18.5982]},"properties":{"d":"2026-10-09","t":"0406","frp":21.6,"b":356.9,"c":1,"s":"SNPP","n":0}},{"type":"Feature","geometry":{"type":"Point","coordinates":[138.5307,-18.5976]},"properties":{"d":"2026-10-09","t":"0406","frp":21.6,"b":350.1,"c":1,"s":"SNPP","n":0}},{"type":"Feature","geometry":{"type":"Point","coordinates":[138.5098,-18.5953]},"properties":{"d":"2026-10-09","t":"0406","frp":7.7,"b":350.5,"c":1,"s":"SNPP","n":0}},{"type":"Feature","geometry":{"type":"Point","coordinates":[138.5149,-18.5947]},"properties":{"d":"2026-10-09","t":"0406","frp":18.1,"b":345.0,"c":1,"s":"SNPP","n":0}},{"type":"Feature","geometry":{"type":"Point","coordinates":[138.52,-18.5941]},"properties":{"d":"2026-10-09","t":"0406","frp":18.1,"b":356.8,"c":1,"s":"SNPP","n":0}},{"type":"Feature","geometry":{"type":"Point","coordinates":[138.4432,-18.5937]},"properties":{"d":"2026-10-09","t":"0406","frp":4.5,"b":337.1,"c":1,"s":"SNPP","n":0}},{"type":"Feature","geometry":{"type":"Point","coordinates":[138.5251,-18.5935]},"properties":{"d":"2026-10-09","t":"0406","frp":9.4,"b":367.0,"c":2,"s":"SNPP","n":0}},{"type":"Feature","geometry":{"type":"Point","coordinates":[138.5301,-18.5929]},"properties":{"d":"2026-10-09","t":"0406","frp":9.4,"b":333.5,"c":1,"s":"SNPP","n":0}},{"type":"Feature","geometry":{"type":"Point","coordinates":[138.5042,-18.5912]},"properties":{"d":"2026-10-09","t":"0406","frp":7.7,"b":342.7,"c":1,"s":"SNPP","n":0}},{"type":"Feature","geometry":{"type":"Point","coordinates":[138.5092,-18.5907]},"properties":{"d":"2026-10-09","t":"0406","frp":7.7,"b":339.2,"c":1,"s":"SNPP","n":0}},{"type":"Feature","geometry":{"type":"Point","coordinates":[138.5195,-18.5894]},"properties":{"d":"2026-10-09","t":"0406","frp":18.1,"b":336.1,"c":1,"s":"SNPP","n":0}},{"type":"Feature","geometry":{"type":"Point","coordinates":[138.5246,-18.5889]},"properties":{"d":"2026-10-09","t":"0406","frp":9.4,"b":343.1,"c":1,"s":"SNPP","n":0}},{"type":"Feature","geometry":{"type":"Point","coordinates":[138.5036,-18.5866]},"properties":{"d":"2026-10-09","t":"0406","frp":10.5,"b":342.9,"c":1,"s":"SNPP","n":0}},{"type":"Feature","geometry":{"type":"Point","coordinates":[138.5086,-18.586]},"properties":{"d":"2026-10-09","t":"0406","frp":10.5,"b":343.8,"c":1,"s":"SNPP","n":0}},{"type":"Feature","geometry":{"type":"Point","coordinates":[138.524,-18.5842]},"properties":{"d":"2026-10-09","t":"0406","frp":22.7,"b":345.5,"c":1,"s":"SNPP","n":0}},{"type":"Feature","geometry":{"type":"Point","coordinates":[138.503,-18.5819]},"properties":{"d":"2026-10-09","t":"0406","frp":10.5,"b":338.8,"c":1,"s":"SNPP","n":0}},{"type":"Feature","geometry":{"type":"Point","coordinates":[138.5081,-18.5813]},"properties":{"d":"2026-10-09","t":"0406","frp":10.5,"b":345.4,"c":1,"s":"SNPP","n":0}},{"type":"Feature","geometry":{"type":"Point","coordinates":[138.5233,-18.5795]},"properties":{"d":"2026-10-09","t":"0406","frp":22.7,"b":367.0,"c":2,"s":"SNPP","n":0}},{"type":"Feature","geometry":{"type":"Point","coordinates":[138.5024,-18.5772]},"properties":{"d":"2026-10-09","t":"0406","frp":6.7,"b":336.4,"c":0,"s":"SNPP","n":0}},{"type":"Feature","geometry":{"type":"Point","coordinates":[138.5227,-18.5749]},"properties":{"d":"2026-10-09","t":"0406","frp":8.4,"b":352.4,"c":1,"s":"SNPP","n":0}},{"type":"Feature","geometry":{"type":"Point","coordinates":[138.5018,-18.5726]},"properties":{"d":"2026-10-09","t":"0406","frp":6.7,"b":344.2,"c":1,"s":"SNPP","n":0}},{"type":"Feature","geometry":{"type":"Point","coordinates":[138.517,-18.5708]},"properties":{"d":"2026-10-09","t":"0406","frp":9.9,"b":344.5,"c":1,"s":"SNPP","n":0}},{"type":"Feature","geometry":{"type":"Point","coordinates":[138.5221,-18.5702]},"properties":{"d":"2026-10-09","t":"0406","frp":8.4,"b":342.7,"c":1,"s":"SNPP","n":0}},{"type":"Feature","geometry":{"type":"Point","coordinates":[138.5012,-18.5679]},"properties":{"d":"2026-10-09","t":"0406","frp":4.9,"b":343.0,"c":1,"s":"SNPP","n":0}},{"type":"Feature","geometry":{"type":"Point","coordinates":[138.5164,-18.5661]},"properties":{"d":"2026-10-09","t":"0406","frp":9.3,"b":356.0,"c":1,"s":"SNPP","n":0}},{"type":"Feature","geometry":{"type":"Point","coordinates":[138.5057,-18.5627]},"properties":{"d":"2026-10-09","t":"0406","frp":4.9,"b":334.3,"c":0,"s":"SNPP","n":0}},{"type":"Feature","geometry":{"type":"Point","coordinates":[138.5158,-18.5615]},"properties":{"d":"2026-10-09","t":"0406","frp":9.3,"b":343.2,"c":1,"s":"SNPP","n":0}},{"type":"Feature","geometry":{"type":"Point","coordinates":[138.5102,-18.5574]},"properties":{"d":"2026-10-09","t":"0406","frp":10.1,"b":348.7,"c":1,"s":"SNPP","n":0}},{"type":"Feature","geometry":{"type":"Point","coordinates":[138.5096,-18.5527]},"properties":{"d":"2026-10-09","t":"0406","frp":10.1,"b":367.0,"c":2,"s":"SNPP","n":0}},{"type":"Feature","geometry":{"type":"Point","coordinates":[138.4887,-18.5504]},"properties":{"d":"2026-10-09","t":"0406","frp":5.5,"b":339.0,"c":1,"s":"SNPP","n":0}},{"type":"Feature","geometry":{"type":"Point","coordinates":[138.4988,-18.5492]},"properties":{"d":"2026-10-09","t":"0406","frp":7.5,"b":336.3,"c":0,"s":"SNPP","n":0}},{"type":"Feature","geometry":{"type":"Point","coordinates":[138.5039,-18.5486]},"properties":{"d":"2026-10-09","t":"0406","frp":7.5,"b":351.8,"c":1,"s":"SNPP","n":0}},{"type":"Feature","geometry":{"type":"Point","coordinates":[138.509,-18.5481]},"properties":{"d":"2026-10-09","t":"0406","frp":10.1,"b":343.5,"c":1,"s":"SNPP","n":0}},{"type":"Feature","geometry":{"type":"Point","coordinates":[138.436,-18.5327]},"properties":{"d":"2026-10-09","t":"0406","frp":13.4,"b":349.7,"c":1,"s":"SNPP","n":0}},{"type":"Feature","geometry":{"type":"Point","coordinates":[138.4315,-18.5215]},"properties":{"d":"2026-10-09","t":"0406","frp":7.1,"b":350.9,"c":1,"s":"SNPP","n":0}},{"type":"Feature","geometry":{"type":"Point","coordinates":[138.4284,-18.5192]},"properties":{"d":"2026-10-09","t":"0406","frp":10.2,"b":343.5,"c":1,"s":"SNPP","n":0}},{"type":"Feature","geometry":{"type":"Point","coordinates":[138.4331,-18.5187]},"properties":{"d":"2026-10-09","t":"0406","frp":25.1,"b":349.5,"c":1,"s":"SNPP","n":0}},{"type":"Feature","geometry":{"type":"Point","coordinates":[138.4308,-18.5168]},"properties":{"d":"2026-10-09","t":"0406","frp":25.2,"b":367.0,"c":2,"s":"SNPP","n":0}},{"type":"Feature","geometry":{"type":"Point","coordinates":[138.4356,-18.5162]},"properties":{"d":"2026-10-09","t":"0406","frp":7.0,"b":337.2,"c":1,"s":"SNPP","n":0}},{"type":"Feature","geometry":{"type":"Point","coordinates":[138.4278,-18.5145]},"properties":{"d":"2026-10-09","t":"0406","frp":10.2,"b":340.8,"c":1,"s":"SNPP","n":0}},{"type":"Feature","geometry":{"type":"Point","coordinates":[138.4325,-18.514]},"properties":{"d":"2026-10-09","t":"0406","frp":25.1,"b":352.7,"c":1,"s":"SNPP","n":0}},{"type":"Feature","geometry":{"type":"Point","coordinates":[138.4302,-18.5121]},"properties":{"d":"2026-10-09","t":"0406","frp":25.2,"b":367.0,"c":2,"s":"SNPP","n":0}},{"type":"Feature","geometry":{"type":"Point","coordinates":[138.4351,-18.5115]},"properties":{"d":"2026-10-09","t":"0406","frp":7.0,"b":337.9,"c":1,"s":"SNPP","n":0}},{"type":"Feature","geometry":{"type":"Point","coordinates":[145.627,-18.5111]},"properties":{"d":"2026-10-09","t":"0406","frp":3.8,"b":345.4,"c":1,"s":"SNPP","n":0}},{"type":"Feature","geometry":{"type":"Point","coordinates":[138.44,-18.5109]},"properties":{"d":"2026-10-09","t":"0406","frp":7.0,"b":342.8,"c":1,"s":"SNPP","n":0}},{"type":"Feature","geometry":{"type":"Point","coordinates":[138.4368,-18.5088]},"properties":{"d":"2026-10-09","t":"0406","frp":8.8,"b":341.5,"c":1,"s":"SNPP","n":0}},{"type":"Feature","geometry":{"type":"Point","coordinates":[138.4418,-18.5082]},"properties":{"d":"2026-10-09","t":"0406","frp":8.5,"b":339.8,"c":0,"s":"SNPP","n":0}},{"type":"Feature","geometry":{"type":"Point","coordinates":[145.6301,-18.5072]},"properties":{"d":"2026-10-09","t":"0406","frp":3.4,"b":340.8,"c":1,"s":"SNPP","n":0}},{"type":"Feature","geometry":{"type":"Point","coordinates":[138.4394,-18.5063]},"properties":{"d":"2026-10-09","t":"0406","frp":5.7,"b":350.1,"c":1,"s":"SNPP","n":0}},{"type":"Feature","geometry":{"type":"Point","coordinates":[145.6295,-18.5039]},"properties":{"d":"2026-10-09","t":"0406","frp":3.4,"b":336.3,"c":1,"s":"SNPP","n":0}},{"type":"Feature","geometry":{"type":"Point","coordinates":[138.4413,-18.5035]},"properties":{"d":"2026-10-09","t":"0406","frp":8.5,"b":346.5,"c":1,"s":"SNPP","n":0}},{"type":"Feature","geometry":{"type":"Point","coordinates":[138.4388,-18.5016]},"properties":{"d":"2026-10-09","t":"0406","frp":5.7,"b":335.5,"c":0,"s":"SNPP","n":0}},{"type":"Feature","geometry":{"type":"Point","coordinates":[138.4439,-18.501]},"properties":{"d":"2026-10-09","t":"0406","frp":14.4,"b":346.8,"c":1,"s":"SNPP","n":0}},{"type":"Feature","geometry":{"type":"Point","coordinates":[138.4433,-18.4963]},"properties":{"d":"2026-10-09","t":"0406","frp":13.7,"b":354.9,"c":1,"s":"SNPP","n":0}},{"type":"Feature","geometry":{"type":"Point","coordinates":[138.4479,-18.491]},"properties":{"d":"2026-10-09","t":"0406","frp":13.7,"b":355.3,"c":1,"s":"SNPP","n":0}},{"type":"Feature","geometry":{"type":"Point","coordinates":[138.4473,-18.4863]},"properties":{"d":"2026-10-09","t":"0406","frp":10.5,"b":344.9,"c":1,"s":"SNPP","n":0}},{"type":"Feature","geometry":{"type":"Point","coordinates":[138.4524,-18.4857]},"properties":{"d":"2026-10-09","t":"0406","frp":7.6,"b":341.4,"c":1,"s":"SNPP","n":0}},{"type":"Feature","geometry":{"type":"Point","coordinates":[138.488,-18.4815]},"properties":{"d":"2026-10-09","t":"0406","frp":8.1,"b":336.4,"c":1,"s":"SNPP","n":0}},{"type":"Feature","geometry":{"type":"Point","coordinates":[138.4518,-18.481]},"properties":{"d":"2026-10-09","t":"0406","frp":7.6,"b":353.4,"c":1,"s":"SNPP","n":0}},{"type":"Feature","geometry":{"type":"Point","coordinates":[138.4569,-18.4805]},"properties":{"d":"2026-10-09","t":"0406","frp":7.6,"b":342.4,"c":1,"s":"SNPP","n":0}},{"type":"Feature","geometry":{"type":"Point","coordinates":[138.4721,-18.4787]},"properties":{"d":"2026-10-09","t":"0406","frp":13.4,"b":345.5,"c":1,"s":"SNPP","n":0}},{"type":"Feature","geometry":{"type":"Point","coordinates":[138.4823,-18.4775]},"properties":{"d":"2026-10-09","t":"0406","frp":8.1,"b":367.0,"c":2,"s":"SNPP","n":0}},{"type":"Feature","geometry":{"type":"Point","coordinates":[138.4873,-18.4769]},"properties":{"d":"2026-10-09","t":"0406","frp":8.1,"b":335.6,"c":1,"s":"SNPP","n":0}},{"type":"Feature","geometry":{"type":"Point","coordinates":[138.4613,-18.4752]},"properties":{"d":"2026-10-09","t":"0406","frp":4.3,"b":335.3,"c":0,"s":"SNPP","n":0}},{"type":"Feature","geometry":{"type":"Point","coordinates":[138.4664,-18.4746]},"properties":{"d":"2026-10-09","t":"0406","frp":4.3,"b":342.4,"c":1,"s":"SNPP","n":0}},{"type":"Feature","geometry":{"type":"Point","coordinates":[138.4715,-18.474]},"properties":{"d":"2026-10-09","t":"0406","frp":3.5,"b":336.1,"c":0,"s":"SNPP","n":0}},{"type":"Feature","geometry":{"type":"Point","coordinates":[138.4766,-18.4734]},"properties":{"d":"2026-10-09","t":"0406","frp":3.5,"b":338.0,"c":1,"s":"SNPP","n":0}},{"type":"Feature","geometry":{"type":"Point","coordinates":[138.9244,-18.0504]},"properties":{"d":"2026-10-09","t":"0406","frp":6.3,"b":338.5,"c":1,"s":"SNPP","n":0}},{"type":"Feature","geometry":{"type":"Point","coordinates":[139.0786,-17.9253]},"properties":{"d":"2026-10-09","t":"0406","frp":6.7,"b":342.1,"c":1,"s":"SNPP","n":0}},{"type":"Feature","geometry":{"type":"Point","coordinates":[139.069,-17.9219]},"properties":{"d":"2026-10-09","t":"0406","frp":16.7,"b":345.4,"c":1,"s":"SNPP","n":0}},{"type":"Feature","geometry":{"type":"Point","coordinates":[139.0735,-17.9213]},"properties":{"d":"2026-10-09","t":"0406","frp":3.4,"b":335.5,"c":1,"s":"SNPP","n":0}},{"type":"Feature","geometry":{"type":"Point","coordinates":[139.0781,-17.9208]},"properties":{"d":"2026-10-09","t":"0406","frp":3.4,"b":335.4,"c":1,"s":"SNPP","n":0}},{"type":"Feature","geometry":{"type":"Point","coordinates":[139.0638,-17.918]},"properties":{"d":"2026-10-09","t":"0406","frp":16.7,"b":344.1,"c":1,"s":"SNPP","n":0}},{"type":"Feature","geometry":{"type":"Point","coordinates":[139.0684,-17.9174]},"properties":{"d":"2026-10-09","t":"0406","frp":16.7,"b":345.6,"c":1,"s":"SNPP","n":0}},{"type":"Feature","geometry":{"type":"Point","coordinates":[139.0649,-17.9155]},"properties":{"d":"2026-10-09","t":"0406","frp":8.1,"b":347.0,"c":1,"s":"SNPP","n":0}},{"type":"Feature","geometry":{"type":"Point","coordinates":[145.5027,-17.7287]},"properties":{"d":"2026-10-09","t":"0406","frp":2.0,"b":330.2,"c":1,"s":"SNPP","n":0}},{"type":"Feature","geometry":{"type":"Point","coordinates":[145.4793,-17.722]},"properties":{"d":"2026-10-09","t":"0406","frp":4.1,"b":336.2,"c":1,"s":"SNPP","n":0}},{"type":"Feature","geometry":{"type":"Point","coordinates":[145.0839,-17.7217]},"properties":{"d":"2026-10-09","t":"0406","frp":25.1,"b":345.4,"c":0,"s":"SNPP","n":0}},{"type":"Feature","geometry":{"type":"Point","coordinates":[145.0875,-17.7212]},"properties":{"d":"2026-10-09","t":"0406","frp":25.1,"b":353.3,"c":0,"s":"SNPP","n":0}},{"type":"Feature","geometry":{"type":"Point","coordinates":[145.0912,-17.7206]},"properties":{"d":"2026-10-09","t":"0406","frp":4.2,"b":342.2,"c":1,"s":"SNPP","n":0}},{"type":"Feature","geometry":{"type":"Point","coordinates":[145.087,-17.7178]},"properties":{"d":"2026-10-09","t":"0406","frp":20.0,"b":347.9,"c":1,"s":"SNPP","n":0}},{"type":"Feature","geometry":{"type":"Point","coordinates":[145.4746,-17.7159]},"properties":{"d":"2026-10-09","t":"0406","frp":2.6,"b":332.0,"c":1,"s":"SNPP","n":0}},{"type":"Feature","geometry":{"type":"Point","coordinates":[145.0828,-17.715]},"properties":{"d":"2026-10-09","t":"0406","frp":20.0,"b":349.0,"c":1,"s":"SNPP","n":0}},{"type":"Feature","geometry":{"type":"Point","coordinates":[145.0864,-17.7145]},"properties":{"d":"2026-10-09","t":"0406","frp":20.0,"b":367.0,"c":2,"s":"SNPP","n":0}},{"type":"Feature","geometry":{"type":"Point","coordinates":[145.0901,-17.714]},"properties":{"d":"2026-10-09","t":"0406","frp":4.8,"b":334.6,"c":1,"s":"SNPP","n":0}},{"type":"Feature","geometry":{"type":"Point","coordinates":[145.4777,-17.712]},"properties":{"d":"2026-10-09","t":"0406","frp":2.6,"b":338.5,"c":1,"s":"SNPP","n":0}},{"type":"Feature","geometry":{"type":"Point","coordinates":[138.1075,-17.2429]},"properties":{"d":"2026-10-09","t":"0406","frp":2.5,"b":334.3,"c":1,"s":"SNPP","n":0}},{"type":"Feature","geometry":{"type":"Point","coordinates":[138.121,-17.227]},"properties":{"d":"2026-10-09","t":"0406","frp":5.5,"b":343.7,"c":1,"s":"SNPP","n":0}},{"type":"Feature","geometry":{"type":"Point","coordinates":[138.1204,-17.2223]},"properties":{"d":"2026-10-09","t":"0406","frp":5.5,"b":344.2,"c":1,"s":"SNPP","n":0}},{"type":"Feature","geometry":{"type":"Point","coordinates":[142.8701,-17.1491]},"properties":{"d":"2026-10-09","t":"0406","frp":6.9,"b":340.0,"c":1,"s":"SNPP","n":0}},{"type":"Feature","geometry":{"type":"Point","coordinates":[142.9617,-17.147]},"properties":{"d":"2026-10-09","t":"0406","frp":4.2,"b":342.0,"c":0,"s":"SNPP","n":0}},{"type":"Feature","geometry":{"type":"Point","coordinates":[142.8695,-17.1456]},"properties":{"d":"2026-10-09","t":"0406","frp":6.9,"b":344.7,"c":1,"s":"SNPP","n":0}},{"type":"Feature","geometry":{"type":"Point","coordinates":[142.8649,-17.1426]},"properties":{"d":"2026-10-09","t":"0406","frp":14.0,"b":334.6,"c":0,"s":"SNPP","n":0}},{"type":"Feature","geometry":{"type":"Point","coordinates":[142.869,-17.142]},"properties":{"d":"2026-10-09","t":"0406","frp":14.0,"b":341.6,"c":0,"s":"SNPP","n":0}},{"type":"Feature","geometry":{"type":"Point","coordinates":[142.8772,-17.1409]},"properties":{"d":"2026-10-09","t":"0406","frp":5.0,"b":340.4,"c":1,"s":"SNPP","n":0}},{"type":"Feature","geometry":{"type":"Point","coordinates":[142.8684,-17.1385]},"properties":{"d":"2026-10-09","t":"0406","frp":14.0,"b":339.5,"c":0,"s":"SNPP","n":0}},{"type":"Feature","geometry":{"type":"Point","coordinates":[142.8638,-17.1355]},"properties":{"d":"2026-10-09","t":"0406","frp":9.3,"b":346.4,"c":0,"s":"SNPP","n":0}},{"type":"Feature","geometry":{"type":"Point","coordinates":[142.8633,-17.132]},"properties":{"d":"2026-10-09","t":"0406","frp":9.3,"b":345.7,"c":0,"s":"SNPP","n":0}},{"type":"Feature","geometry":{"type":"Point","coordinates":[142.9672,-17.1283]},"properties":{"d":"2026-10-09","t":"0406","frp":4.7,"b":336.8,"c":0,"s":"SNPP","n":0}},{"type":"Feature","geometry":{"type":"Point","coordinates":[142.9667,-17.1247]},"properties":{"d":"2026-10-09","t":"0406","frp":4.7,"b":343.0,"c":0,"s":"SNPP","n":0}},{"type":"Feature","geometry":{"type":"Point","coordinates":[142.9708,-17.1242]},"properties":{"d":"2026-10-09","t":"0406","frp":52.7,"b":341.1,"c":0,"s":"SNPP","n":0}},{"type":"Feature","geometry":{"type":"Point","coordinates":[142.8827,-17.1221]},"properties":{"d":"2026-10-09","t":"0406","frp":9.1,"b":352.9,"c":1,"s":"SNPP","n":0}},{"type":"Feature","geometry":{"type":"Point","coordinates":[142.8868,-17.1215]},"properties":{"d":"2026-10-09","t":"0406","frp":4.8,"b":337.4,"c":0,"s":"SNPP","n":0}},{"type":"Feature","geometry":{"type":"Point","coordinates":[142.8652,-17.1173]},"properties":{"d":"2026-10-09","t":"0406","frp":4.3,"b":340.1,"c":0,"s":"SNPP","n":0}},{"type":"Feature","geometry":{"type":"Point","coordinates":[142.8647,-17.1138]},"properties":{"d":"2026-10-09","t":"0406","frp":3.4,"b":337.3,"c":0,"s":"SNPP","n":0}},{"type":"Feature","geometry":{"type":"Point","coordinates":[142.8642,-17.1102]},"properties":{"d":"2026-10-09","t":"0406","frp":3.4,"b":341.3,"c":0,"s":"SNPP","n":0}},{"type":"Feature","geometry":{"type":"Point","coordinates":[142.8636,-17.1067]},"properties":{"d":"2026-10-09","t":"0406","frp":3.8,"b":343.2,"c":0,"s":"SNPP","n":0}},{"type":"Feature","geometry":{"type":"Point","coordinates":[142.8631,-17.1032]},"properties":{"d":"2026-10-09","t":"0406","frp":3.8,"b":340.9,"c":0,"s":"SNPP","n":0}},{"type":"Feature","geometry":{"type":"Point","coordinates":[142.9047,-17.101]},"properties":{"d":"2026-10-09","t":"0406","frp":4.9,"b":337.3,"c":0,"s":"SNPP","n":0}},{"type":"Feature","geometry":{"type":"Point","coordinates":[142.9088,-17.1004]},"properties":{"d":"2026-10-09","t":"0406","frp":5.7,"b":348.2,"c":0,"s":"SNPP","n":0}},{"type":"Feature","geometry":{"type":"Point","coordinates":[142.8667,-17.0991]},"properties":{"d":"2026-10-09","t":"0406","frp":6.2,"b":340.6,"c":0,"s":"SNPP","n":0}},{"type":"Feature","geometry":{"type":"Point","coordinates":[142.8661,-17.0955]},"properties":{"d":"2026-10-09","t":"0406","frp":6.2,"b":347.6,"c":0,"s":"SNPP","n":0}},{"type":"Feature","geometry":{"type":"Point","coordinates":[142.8662,-17.0921]},"properties":{"d":"2026-10-09","t":"0406","frp":7.4,"b":347.6,"c":1,"s":"SNPP","n":0}},{"type":"Feature","geometry":{"type":"Point","coordinates":[142.8656,-17.092]},"properties":{"d":"2026-10-09","t":"0406","frp":6.8,"b":348.4,"c":0,"s":"SNPP","n":0}},{"type":"Feature","geometry":{"type":"Point","coordinates":[142.8698,-17.088]},"properties":{"d":"2026-10-09","t":"0406","frp":7.4,"b":351.0,"c":1,"s":"SNPP","n":0}},{"type":"Feature","geometry":{"type":"Point","coordinates":[142.8692,-17.0879]},"properties":{"d":"2026-10-09","t":"0406","frp":6.8,"b":348.3,"c":0,"s":"SNPP","n":0}},{"type":"Feature","geometry":{"type":"Point","coordinates":[142.9486,-17.0877]},"properties":{"d":"2026-10-09","t":"0406","frp":28.3,"b":347.8,"c":0,"s":"SNPP","n":0}},{"type":"Feature","geometry":{"type":"Point","coordinates":[142.8692,-17.0845]},"properties":{"d":"2026-10-09","t":"0406","frp":6.5,"b":344.2,"c":1,"s":"SNPP","n":0}},{"type":"Feature","geometry":{"type":"Point","coordinates":[142.948,-17.0842]},"properties":{"d":"2026-10-09","t":"0406","frp":28.3,"b":344.0,"c":0,"s":"SNPP","n":0}},{"type":"Feature","geometry":{"type":"Point","coordinates":[142.9358,-17.0822]},"properties":{"d":"2026-10-09","t":"0406","frp":2.6,"b":336.2,"c":0,"s":"SNPP","n":0}},{"type":"Feature","geometry":{"type":"Point","coordinates":[142.9393,-17.0818]},"properties":{"d":"2026-10-09","t":"0406","frp":10.9,"b":367.0,"c":2,"s":"SNPP","n":0}},{"type":"Feature","geometry":{"type":"Point","coordinates":[142.9398,-17.0816]},"properties":{"d":"2026-10-09","t":"0406","frp":9.4,"b":355.0,"c":1,"s":"SNPP","n":0}},{"type":"Feature","geometry":{"type":"Point","coordinates":[142.8898,-17.0816]},"properties":{"d":"2026-10-09","t":"0406","frp":6.1,"b":340.5,"c":0,"s":"SNPP","n":0}},{"type":"Feature","geometry":{"type":"Point","coordinates":[142.9434,-17.0812]},"properties":{"d":"2026-10-09","t":"0406","frp":10.9,"b":356.6,"c":1,"s":"SNPP","n":0}},{"type":"Feature","geometry":{"type":"Point","coordinates":[142.9439,-17.081]},"properties":{"d":"2026-10-09","t":"0406","frp":9.4,"b":352.3,"c":1,"s":"SNPP","n":0}},{"type":"Feature","geometry":{"type":"Point","coordinates":[142.8728,-17.0804]},"properties":{"d":"2026-10-09","t":"0406","frp":7.9,"b":337.6,"c":0,"s":"SNPP","n":0}},{"type":"Feature","geometry":{"type":"Point","coordinates":[142.8723,-17.0768]},"properties":{"d":"2026-10-09","t":"0406","frp":5.6,"b":337.5,"c":0,"s":"SNPP","n":0}},{"type":"Feature","geometry":{"type":"Point","coordinates":[142.8759,-17.0727]},"properties":{"d":"2026-10-09","t":"0406","frp":5.6,"b":352.1,"c":1,"s":"SNPP","n":0}},{"type":"Feature","geometry":{"type":"Point","coordinates":[142.8799,-17.0721]},"properties":{"d":"2026-10-09","t":"0406","frp":9.9,"b":349.1,"c":1,"s":"SNPP","n":0}},{"type":"Feature","geometry":{"type":"Point","coordinates":[142.8835,-17.068]},"properties":{"d":"2026-10-09","t":"0406","frp":6.6,"b":347.5,"c":0,"s":"SNPP","n":0}},{"type":"Feature","geometry":{"type":"Point","coordinates":[142.8953,-17.0628]},"properties":{"d":"2026-10-09","t":"0406","frp":21.7,"b":367.0,"c":2,"s":"SNPP","n":0}},{"type":"Feature","geometry":{"type":"Point","coordinates":[142.9034,-17.0616]},"properties":{"d":"2026-10-09","t":"0406","frp":2.9,"b":344.8,"c":0,"s":"SNPP","n":0}},{"type":"Feature","geometry":{"type":"Point","coordinates":[142.9075,-17.061]},"properties":{"d":"2026-10-09","t":"0406","frp":2.9,"b":332.2,"c":0,"s":"SNPP","n":0}},{"type":"Feature","geometry":{"type":"Point","coordinates":[145.4964,-16.7259]},"properties":{"d":"2026-10-09","t":"0406","frp":7.5,"b":341.5,"c":1,"s":"SNPP","n":0}},{"type":"Feature","geometry":{"type":"Point","coordinates":[145.4959,-16.7226]},"properties":{"d":"2026-10-09","t":"0406","frp":6.5,"b":350.7,"c":1,"s":"SNPP","n":0}},{"type":"Feature","geometry":{"type":"Point","coordinates":[145.0796,-16.4216]},"properties":{"d":"2026-10-09","t":"0406","frp":4.9,"b":333.1,"c":1,"s":"SNPP","n":0}},{"type":"Feature","geometry":{"type":"Point","coordinates":[145.0791,-16.4183]},"properties":{"d":"2026-10-09","t":"0406","frp":4.9,"b":342.1,"c":1,"s":"SNPP","n":0}},{"type":"Feature","geometry":{"type":"Point","coordinates":[145.075,-16.4155]},"properties":{"d":"2026-10-09","t":"0406","frp":4.3,"b":353.7,"c":1,"s":"SNPP","n":0}},{"type":"Feature","geometry":{"type":"Point","coordinates":[145.0564,-16.4149]},"properties":{"d":"2026-10-09","t":"0406","frp":2.0,"b":333.5,"c":0,"s":"SNPP","n":0}},{"type":"Feature","geometry":{"type":"Point","coordinates":[145.06,-16.4144]},"properties":{"d":"2026-10-09","t":"0406","frp":5.3,"b":347.5,"c":1,"s":"SNPP","n":0}},{"type":"Feature","geometry":{"type":"Point","coordinates":[145.0636,-16.4138]},"properties":{"d":"2026-10-09","t":"0406","frp":5.3,"b":338.5,"c":1,"s":"SNPP","n":0}},{"type":"Feature","geometry":{"type":"Point","coordinates":[145.0672,-16.4133]},"properties":{"d":"2026-10-09","t":"0406","frp":9.5,"b":367.0,"c":2,"s":"SNPP","n":0}},{"type":"Feature","geometry":{"type":"Point","coordinates":[145.0709,-16.4127]},"properties":{"d":"2026-10-09","t":"0406","frp":9.5,"b":356.3,"c":1,"s":"SNPP","n":0}},{"type":"Feature","geometry":{"type":"Point","coordinates":[145.0744,-16.4122]},"properties":{"d":"2026-10-09","t":"0406","frp":4.3,"b":331.1,"c":0,"s":"SNPP","n":0}},{"type":"Feature","geometry":{"type":"Point","coordinates":[145.0595,-16.4111]},"properties":{"d":"2026-10-09","t":"0406","frp":8.7,"b":347.4,"c":1,"s":"SNPP","n":0}},{"type":"Feature","geometry":{"type":"Point","coordinates":[145.0631,-16.4105]},"properties":{"d":"2026-10-09","t":"0406","frp":8.7,"b":354.4,"c":1,"s":"SNPP","n":0}},{"type":"Feature","geometry":{"type":"Point","coordinates":[135.1026,-17.1164]},"properties":{"d":"2026-10-09","t":"0408","frp":5.2,"b":340.0,"c":1,"s":"SNPP","n":0}},{"type":"Feature","geometry":{"type":"Point","coordinates":[134.9546,-16.9382]},"properties":{"d":"2026-10-09","t":"0408","frp":7.4,"b":334.2,"c":1,"s":"SNPP","n":0}},{"type":"Feature","geometry":{"type":"Point","coordinates":[134.9539,-16.9325]},"properties":{"d":"2026-10-09","t":"0408","frp":7.0,"b":349.2,"c":1,"s":"SNPP","n":0}},{"type":"Feature","geometry":{"type":"Point","coordinates":[136.0872,-16.3711]},"properties":{"d":"2026-10-09","t":"0408","frp":2.3,"b":334.6,"c":1,"s":"SNPP","n":0}},{"type":"Feature","geometry":{"type":"Point","coordinates":[136.0862,-16.3604]},"properties":{"d":"2026-10-09","t":"0408","frp":6.0,"b":355.6,"c":1,"s":"SNPP","n":0}},{"type":"Feature","geometry":{"type":"Point","coordinates":[136.0856,-16.3551]},"properties":{"d":"2026-10-09","t":"0408","frp":6.0,"b":340.2,"c":1,"s":"SNPP","n":0}},{"type":"Feature","geometry":{"type":"Point","coordinates":[136.0889,-16.3547]},"properties":{"d":"2026-10-09","t":"0408","frp":6.4,"b":352.1,"c":1,"s":"SNPP","n":0}},{"type":"Feature","geometry":{"type":"Point","coordinates":[136.0883,-16.3494]},"properties":{"d":"2026-10-09","t":"0408","frp":6.4,"b":348.1,"c":1,"s":"SNPP","n":0}},{"type":"Feature","geometry":{"type":"Point","coordinates":[136.0917,-16.349]},"properties":{"d":"2026-10-09","t":"0408","frp":6.4,"b":355.4,"c":1,"s":"SNPP","n":0}},{"type":"Feature","geometry":{"type":"Point","coordinates":[136.6627,-16.2809]},"properties":{"d":"2026-10-09","t":"0408","frp":6.5,"b":367.0,"c":2,"s":"SNPP","n":0}},{"type":"Feature","geometry":{"type":"Point","coordinates":[136.6658,-16.2806]},"properties":{"d":"2026-10-09","t":"0408","frp":10.6,"b":367.0,"c":2,"s":"SNPP","n":0}},{"type":"Feature","geometry":{"type":"Point","coordinates":[136.664,-16.2788]},"properties":{"d":"2026-10-09","t":"0408","frp":7.3,"b":367.0,"c":2,"s":"SNPP","n":0}},{"type":"Feature","geometry":{"type":"Point","coordinates":[136.6671,-16.2784]},"properties":{"d":"2026-10-09","t":"0408","frp":7.3,"b":333.7,"c":1,"s":"SNPP","n":0}},{"type":"Feature","geometry":{"type":"Point","coordinates":[136.662,-16.2758]},"properties":{"d":"2026-10-09","t":"0408","frp":6.5,"b":367.0,"c":2,"s":"SNPP","n":0}},{"type":"Feature","geometry":{"type":"Point","coordinates":[136.6652,-16.2755]},"properties":{"d":"2026-10-09","t":"0408","frp":10.6,"b":367.0,"c":2,"s":"SNPP","n":0}},{"type":"Feature","geometry":{"type":"Point","coordinates":[136.6634,-16.2737]},"properties":{"d":"2026-10-09","t":"0408","frp":7.3,"b":367.0,"c":2,"s":"SNPP","n":0}},{"type":"Feature","geometry":{"type":"Point","coordinates":[136.6665,-16.2733]},"properties":{"d":"2026-10-09","t":"0408","frp":7.3,"b":348.3,"c":1,"s":"SNPP","n":0}},{"type":"Feature","geometry":{"type":"Point","coordinates":[136.6645,-16.2704]},"properties":{"d":"2026-10-09","t":"0408","frp":1.8,"b":333.8,"c":1,"s":"SNPP","n":0}},{"type":"Feature","geometry":{"type":"Point","coordinates":[136.6215,-16.2682]},"properties":{"d":"2026-10-09","t":"0408","frp":5.5,"b":355.2,"c":1,"s":"SNPP","n":0}},{"type":"Feature","geometry":{"type":"Point","coordinates":[136.6241,-16.2627]},"properties":{"d":"2026-10-09","t":"0408","frp":3.4,"b":338.8,"c":1,"s":"SNPP","n":0}},{"type":"Feature","geometry":{"type":"Point","coordinates":[136.6272,-16.2623]},"properties":{"d":"2026-10-09","t":"0408","frp":3.4,"b":348.8,"c":1,"s":"SNPP","n":0}},{"type":"Feature","geometry":{"type":"Point","coordinates":[136.6303,-16.262]},"properties":{"d":"2026-10-09","t":"0408","frp":3.2,"b":336.8,"c":1,"s":"SNPP","n":0}},{"type":"Feature","geometry":{"type":"Point","coordinates":[136.6366,-16.2612]},"properties":{"d":"2026-10-09","t":"0408","frp":4.7,"b":334.0,"c":0,"s":"SNPP","n":0}},{"type":"Feature","geometry":{"type":"Point","coordinates":[136.6328,-16.2565]},"properties":{"d":"2026-10-09","t":"0408","frp":3.2,"b":331.5,"c":0,"s":"SNPP","n":0}},{"type":"Feature","geometry":{"type":"Point","coordinates":[136.7416,-16.2489]},"properties":{"d":"2026-10-09","t":"0408","frp":2.0,"b":336.1,"c":1,"s":"SNPP","n":0}},{"type":"Feature","geometry":{"type":"Point","coordinates":[136.7447,-16.2485]},"properties":{"d":"2026-10-09","t":"0408","frp":2.0,"b":335.7,"c":0,"s":"SNPP","n":0}},{"type":"Feature","geometry":{"type":"Point","coordinates":[136.8614,-16.2485]},"properties":{"d":"2026-10-09","t":"0408","frp":49.6,"b":346.2,"c":1,"s":"SNPP","n":0}},{"type":"Feature","geometry":{"type":"Point","coordinates":[136.8593,-16.2453]},"properties":{"d":"2026-10-09","t":"0408","frp":41.9,"b":351.9,"c":1,"s":"SNPP","n":0}},{"type":"Feature","geometry":{"type":"Point","coordinates":[136.741,-16.2438]},"properties":{"d":"2026-10-09","t":"0408","frp":2.0,"b":336.7,"c":1,"s":"SNPP","n":0}},{"type":"Feature","geometry":{"type":"Point","coordinates":[136.744,-16.2435]},"properties":{"d":"2026-10-09","t":"0408","frp":2.0,"b":342.3,"c":1,"s":"SNPP","n":0}},{"type":"Feature","geometry":{"type":"Point","coordinates":[136.8608,-16.2434]},"properties":{"d":"2026-10-09","t":"0408","frp":49.6,"b":344.0,"c":1,"s":"SNPP","n":0}},{"type":"Feature","geometry":{"type":"Point","coordinates":[136.8587,-16.2402]},"properties":{"d":"2026-10-09","t":"0408","frp":41.9,"b":367.0,"c":2,"s":"SNPP","n":0}},{"type":"Feature","geometry":{"type":"Point","coordinates":[136.8647,-16.2395]},"properties":{"d":"2026-10-09","t":"0408","frp":41.9,"b":339.0,"c":1,"s":"SNPP","n":0}},{"type":"Feature","geometry":{"type":"Point","coordinates":[136.8602,-16.2384]},"properties":{"d":"2026-10-09","t":"0408","frp":14.7,"b":367.0,"c":2,"s":"SNPP","n":0}},{"type":"Feature","geometry":{"type":"Point","coordinates":[136.8581,-16.2352]},"properties":{"d":"2026-10-09","t":"0408","frp":11.1,"b":367.0,"c":2,"s":"SNPP","n":0}},{"type":"Feature","geometry":{"type":"Point","coordinates":[136.8641,-16.2345]},"properties":{"d":"2026-10-09","t":"0408","frp":11.1,"b":342.1,"c":1,"s":"SNPP","n":0}},{"type":"Feature","geometry":{"type":"Point","coordinates":[136.8536,-16.234]},"properties":{"d":"2026-10-09","t":"0408","frp":14.7,"b":338.2,"c":1,"s":"SNPP","n":0}},{"type":"Feature","geometry":{"type":"Point","coordinates":[136.8595,-16.2333]},"properties":{"d":"2026-10-09","t":"0408","frp":14.7,"b":367.0,"c":2,"s":"SNPP","n":0}},{"type":"Feature","geometry":{"type":"Point","coordinates":[136.8575,-16.2301]},"properties":{"d":"2026-10-09","t":"0408","frp":11.1,"b":353.1,"c":1,"s":"SNPP","n":0}},{"type":"Feature","geometry":{"type":"Point","coordinates":[136.8635,-16.2294]},"properties":{"d":"2026-10-09","t":"0408","frp":11.1,"b":335.0,"c":1,"s":"SNPP","n":0}},{"type":"Feature","geometry":{"type":"Point","coordinates":[136.8569,-16.2251]},"properties":{"d":"2026-10-09","t":"0408","frp":7.6,"b":343.9,"c":1,"s":"SNPP","n":0}},{"type":"Feature","geometry":{"type":"Point","coordinates":[136.453,-16.2248]},"properties":{"d":"2026-10-09","t":"0408","frp":3.1,"b":341.5,"c":1,"s":"SNPP","n":0}},{"type":"Feature","geometry":{"type":"Point","coordinates":[136.4492,-16.2199]},"properties":{"d":"2026-10-09","t":"0408","frp":3.6,"b":351.1,"c":1,"s":"SNPP","n":0}},{"type":"Feature","geometry":{"type":"Point","coordinates":[136.8622,-16.2193]},"properties":{"d":"2026-10-09","t":"0408","frp":7.6,"b":345.6,"c":1,"s":"SNPP","n":0}},{"type":"Feature","geometry":{"type":"Point","coordinates":[136.4421,-16.2155]},"properties":{"d":"2026-10-09","t":"0408","frp":4.3,"b":340.5,"c":1,"s":"SNPP","n":0}},{"type":"Feature","geometry":{"type":"Point","coordinates":[136.4453,-16.2151]},"properties":{"d":"2026-10-09","t":"0408","frp":3.6,"b":341.7,"c":1,"s":"SNPP","n":0}},{"type":"Feature","geometry":{"type":"Point","coordinates":[136.8556,-16.215]},"properties":{"d":"2026-10-09","t":"0408","frp":9.5,"b":337.1,"c":1,"s":"SNPP","n":0}},{"type":"Feature","geometry":{"type":"Point","coordinates":[136.4485,-16.2147]},"properties":{"d":"2026-10-09","t":"0408","frp":3.6,"b":339.6,"c":1,"s":"SNPP","n":0}},{"type":"Feature","geometry":{"type":"Point","coordinates":[136.8616,-16.2143]},"properties":{"d":"2026-10-09","t":"0408","frp":9.5,"b":346.2,"c":1,"s":"SNPP","n":0}},{"type":"Feature","geometry":{"type":"Point","coordinates":[136.849,-16.2106]},"properties":{"d":"2026-10-09","t":"0408","frp":9.8,"b":331.7,"c":0,"s":"SNPP","n":0}},{"type":"Feature","geometry":{"type":"Point","coordinates":[136.855,-16.2099]},"properties":{"d":"2026-10-09","t":"0408","frp":9.5,"b":352.2,"c":1,"s":"SNPP","n":0}},{"type":"Feature","geometry":{"type":"Point","coordinates":[136.861,-16.2092]},"properties":{"d":"2026-10-09","t":"0408","frp":9.5,"b":337.4,"c":1,"s":"SNPP","n":0}},{"type":"Feature","geometry":{"type":"Point","coordinates":[136.8484,-16.2056]},"properties":{"d":"2026-10-09","t":"0408","frp":9.9,"b":330.1,"c":0,"s":"SNPP","n":0}},{"type":"Feature","geometry":{"type":"Point","coordinates":[136.8544,-16.2049]},"properties":{"d":"2026-10-09","t":"0408","frp":14.8,"b":354.3,"c":1,"s":"SNPP","n":0}},{"type":"Feature","geometry":{"type":"Point","coordinates":[136.8604,-16.2042]},"properties":{"d":"2026-10-09","t":"0408","frp":14.8,"b":344.5,"c":1,"s":"SNPP","n":0}},{"type":"Feature","geometry":{"type":"Point","coordinates":[136.437,-16.2002]},"properties":{"d":"2026-10-09","t":"0408","frp":2.6,"b":331.7,"c":1,"s":"SNPP","n":0}},{"type":"Feature","geometry":{"type":"Point","coordinates":[136.8538,-16.1998]},"properties":{"d":"2026-10-09","t":"0408","frp":14.8,"b":337.0,"c":1,"s":"SNPP","n":0}},{"type":"Feature","geometry":{"type":"Point","coordinates":[136.4371,-16.199]},"properties":{"d":"2026-10-09","t":"0408","frp":2.9,"b":345.9,"c":1,"s":"SNPP","n":0}},{"type":"Feature","geometry":{"type":"Point","coordinates":[136.8471,-16.1955]},"properties":{"d":"2026-10-09","t":"0408","frp":5.0,"b":336.0,"c":1,"s":"SNPP","n":0}},{"type":"Feature","geometry":{"type":"Point","coordinates":[136.4364,-16.195]},"properties":{"d":"2026-10-09","t":"0408","frp":2.6,"b":367.0,"c":2,"s":"SNPP","n":0}},{"type":"Feature","geometry":{"type":"Point","coordinates":[136.4396,-16.1947]},"properties":{"d":"2026-10-09","t":"0408","frp":2.6,"b":334.0,"c":1,"s":"SNPP","n":0}},{"type":"Feature","geometry":{"type":"Point","coordinates":[136.4365,-16.1938]},"properties":{"d":"2026-10-09","t":"0408","frp":2.9,"b":351.8,"c":1,"s":"SNPP","n":0}},{"type":"Feature","geometry":{"type":"Point","coordinates":[136.4397,-16.1934]},"properties":{"d":"2026-10-09","t":"0408","frp":2.9,"b":334.2,"c":1,"s":"SNPP","n":0}},{"type":"Feature","geometry":{"type":"Point","coordinates":[136.8465,-16.1904]},"properties":{"d":"2026-10-09","t":"0408","frp":5.0,"b":340.0,"c":1,"s":"SNPP","n":0}},{"type":"Feature","geometry":{"type":"Point","coordinates":[136.4423,-16.1891]},"properties":{"d":"2026-10-09","t":"0408","frp":1.6,"b":338.3,"c":1,"s":"SNPP","n":0}},{"type":"Feature","geometry":{"type":"Point","coordinates":[136.4455,-16.1888]},"properties":{"d":"2026-10-09","t":"0408","frp":1.6,"b":333.3,"c":0,"s":"SNPP","n":0}},{"type":"Feature","geometry":{"type":"Point","coordinates":[136.4424,-16.1879]},"properties":{"d":"2026-10-09","t":"0408","frp":3.3,"b":335.6,"c":1,"s":"SNPP","n":0}},{"type":"Feature","geometry":{"type":"Point","coordinates":[136.6713,-16.1846]},"properties":{"d":"2026-10-09","t":"0408","frp":1.6,"b":335.1,"c":1,"s":"SNPP","n":0}},{"type":"Feature","geometry":{"type":"Point","coordinates":[136.6744,-16.1842]},"properties":{"d":"2026-10-09","t":"0408","frp":1.6,"b":335.6,"c":1,"s":"SNPP","n":0}},{"type":"Feature","geometry":{"type":"Point","coordinates":[136.6775,-16.1839]},"properties":{"d":"2026-10-09","t":"0408","frp":3.0,"b":330.7,"c":1,"s":"SNPP","n":0}},{"type":"Feature","geometry":{"type":"Point","coordinates":[136.6806,-16.1835]},"properties":{"d":"2026-10-09","t":"0408","frp":3.0,"b":347.8,"c":1,"s":"SNPP","n":0}},{"type":"Feature","geometry":{"type":"Point","coordinates":[136.68,-16.1784]},"properties":{"d":"2026-10-09","t":"0408","frp":3.0,"b":367.0,"c":2,"s":"SNPP","n":0}},{"type":"Feature","geometry":{"type":"Point","coordinates":[136.6831,-16.1781]},"properties":{"d":"2026-10-09","t":"0408","frp":7.7,"b":340.4,"c":1,"s":"SNPP","n":0}},{"type":"Feature","geometry":{"type":"Point","coordinates":[136.8003,-16.1752]},"properties":{"d":"2026-10-09","t":"0408","frp":1.8,"b":332.8,"c":0,"s":"SNPP","n":0}},{"type":"Feature","geometry":{"type":"Point","coordinates":[136.8033,-16.1748]},"properties":{"d":"2026-10-09","t":"0408","frp":1.8,"b":336.2,"c":1,"s":"SNPP","n":0}},{"type":"Feature","geometry":{"type":"Point","coordinates":[136.8063,-16.1745]},"properties":{"d":"2026-10-09","t":"0408","frp":10.7,"b":354.7,"c":1,"s":"SNPP","n":0}},{"type":"Feature","geometry":{"type":"Point","coordinates":[136.6794,-16.1733]},"properties":{"d":"2026-10-09","t":"0408","frp":3.5,"b":339.2,"c":1,"s":"SNPP","n":0}},{"type":"Feature","geometry":{"type":"Point","coordinates":[136.6825,-16.173]},"properties":{"d":"2026-10-09","t":"0408","frp":4.1,"b":354.2,"c":1,"s":"SNPP","n":0}},{"type":"Feature","geometry":{"type":"Point","coordinates":[136.6856,-16.1726]},"properties":{"d":"2026-10-09","t":"0408","frp":4.1,"b":332.5,"c":1,"s":"SNPP","n":0}},{"type":"Feature","geometry":{"type":"Point","coordinates":[136.682,-16.17]},"properties":{"d":"2026-10-09","t":"0408","frp":6.4,"b":367.0,"c":2,"s":"SNPP","n":0}},{"type":"Feature","geometry":{"type":"Point","coordinates":[136.8027,-16.1698]},"properties":{"d":"2026-10-09","t":"0408","frp":4.8,"b":346.9,"c":1,"s":"SNPP","n":0}},{"type":"Feature","geometry":{"type":"Point","coordinates":[136.8057,-16.1694]},"properties":{"d":"2026-10-09","t":"0408","frp":8.4,"b":356.4,"c":1,"s":"SNPP","n":0}},{"type":"Feature","geometry":{"type":"Point","coordinates":[136.6818,-16.1679]},"properties":{"d":"2026-10-09","t":"0408","frp":4.1,"b":367.0,"c":2,"s":"SNPP","n":0}},{"type":"Feature","geometry":{"type":"Point","coordinates":[136.6849,-16.1675]},"properties":{"d":"2026-10-09","t":"0408","frp":4.1,"b":339.0,"c":1,"s":"SNPP","n":0}},{"type":"Feature","geometry":{"type":"Point","coordinates":[136.6814,-16.1649]},"properties":{"d":"2026-10-09","t":"0408","frp":6.4,"b":367.0,"c":2,"s":"SNPP","n":0}},{"type":"Feature","geometry":{"type":"Point","coordinates":[136.6844,-16.1645]},"properties":{"d":"2026-10-09","t":"0408","frp":6.4,"b":367.0,"c":2,"s":"SNPP","n":0}},{"type":"Feature","geometry":{"type":"Point","coordinates":[136.805,-16.1644]},"properties":{"d":"2026-10-09","t":"0408","frp":8.4,"b":339.4,"c":1,"s":"SNPP","n":0}},{"type":"Feature","geometry":{"type":"Point","coordinates":[136.6906,-16.1638]},"properties":{"d":"2026-10-09","t":"0408","frp":6.2,"b":331.8,"c":0,"s":"SNPP","n":0}},{"type":"Feature","geometry":{"type":"Point","coordinates":[136.6936,-16.1634]},"properties":{"d":"2026-10-09","t":"0408","frp":1.6,"b":331.9,"c":0,"s":"SNPP","n":0}},{"type":"Feature","geometry":{"type":"Point","coordinates":[136.6968,-16.1631]},"properties":{"d":"2026-10-09","t":"0408","frp":1.6,"b":331.3,"c":0,"s":"SNPP","n":0}},{"type":"Feature","geometry":{"type":"Point","coordinates":[134.3639,-16.1626]},"properties":{"d":"2026-10-09","t":"0408","frp":18.9,"b":367.0,"c":2,"s":"SNPP","n":0}},{"type":"Feature","geometry":{"type":"Point","coordinates":[136.6842,-16.1624]},"properties":{"d":"2026-10-09","t":"0408","frp":9.0,"b":367.0,"c":2,"s":"SNPP","n":0}},{"type":"Feature","geometry":{"type":"Point","coordinates":[136.6873,-16.1621]},"properties":{"d":"2026-10-09","t":"0408","frp":3.8,"b":341.3,"c":1,"s":"SNPP","n":0}},{"type":"Feature","geometry":{"type":"Point","coordinates":[136.6904,-16.1617]},"properties":{"d":"2026-10-09","t":"0408","frp":3.8,"b":332.1,"c":0,"s":"SNPP","n":0}},{"type":"Feature","geometry":{"type":"Point","coordinates":[136.7613,-16.1605]},"properties":{"d":"2026-10-09","t":"0408","frp":1.3,"b":335.9,"c":1,"s":"SNPP","n":0}},{"type":"Feature","geometry":{"type":"Point","coordinates":[136.7027,-16.1604]},"properties":{"d":"2026-10-09","t":"0408","frp":2.8,"b":338.5,"c":1,"s":"SNPP","n":0}},{"type":"Feature","geometry":{"type":"Point","coordinates":[136.8014,-16.1596]},"properties":{"d":"2026-10-09","t":"0408","frp":2.8,"b":338.7,"c":1,"s":"SNPP","n":0}},{"type":"Feature","geometry":{"type":"Point","coordinates":[136.6838,-16.1594]},"properties":{"d":"2026-10-09","t":"0408","frp":4.5,"b":346.9,"c":1,"s":"SNPP","n":0}},{"type":"Feature","geometry":{"type":"Point","coordinates":[136.6869,-16.1591]},"properties":{"d":"2026-10-09","t":"0408","frp":4.8,"b":335.2,"c":1,"s":"SNPP","n":0}},{"type":"Feature","geometry":{"type":"Point","coordinates":[136.7613,-16.159]},"properties":{"d":"2026-10-09","t":"0408","frp":3.4,"b":337.1,"c":1,"s":"SNPP","n":0}},{"type":"Feature","geometry":{"type":"Point","coordinates":[136.6992,-16.1576]},"properties":{"d":"2026-10-09","t":"0408","frp":3.3,"b":341.6,"c":1,"s":"SNPP","n":0}},{"type":"Feature","geometry":{"type":"Point","coordinates":[136.7022,-16.1572]},"properties":{"d":"2026-10-09","t":"0408","frp":3.3,"b":349.3,"c":1,"s":"SNPP","n":0}},{"type":"Feature","geometry":{"type":"Point","coordinates":[136.699,-16.1556]},"properties":{"d":"2026-10-09","t":"0408","frp":2.8,"b":353.9,"c":1,"s":"SNPP","n":0}},{"type":"Feature","geometry":{"type":"Point","coordinates":[136.702,-16.1552]},"properties":{"d":"2026-10-09","t":"0408","frp":2.8,"b":355.0,"c":1,"s":"SNPP","n":0}},{"type":"Feature","geometry":{"type":"Point","coordinates":[136.6986,-16.1525]},"properties":{"d":"2026-10-09","t":"0408","frp":3.3,"b":352.4,"c":1,"s":"SNPP","n":0}},{"type":"Feature","geometry":{"type":"Point","coordinates":[133.929,-16.1524]},"properties":{"d":"2026-10-09","t":"0408","frp":12.2,"b":336.5,"c":1,"s":"SNPP","n":0}},{"type":"Feature","geometry":{"type":"Point","coordinates":[136.7016,-16.1521]},"properties":{"d":"2026-10-09","t":"0408","frp":3.3,"b":345.8,"c":1,"s":"SNPP","n":0}},{"type":"Feature","geometry":{"type":"Point","coordinates":[134.033,-16.1481]},"properties":{"d":"2026-10-09","t":"0408","frp":12.9,"b":367.0,"c":2,"s":"SNPP","n":0}},{"type":"Feature","geometry":{"type":"Point","coordinates":[134.0346,-16.1474]},"properties":{"d":"2026-10-09","t":"0408","frp":15.0,"b":367.0,"c":2,"s":"SNPP","n":0}},{"type":"Feature","geometry":{"type":"Point","coordinates":[136.5785,-16.1458]},"properties":{"d":"2026-10-09","t":"0408","frp":7.8,"b":353.8,"c":1,"s":"SNPP","n":0}},{"type":"Feature","geometry":{"type":"Point","coordinates":[136.5467,-16.1442]},"properties":{"d":"2026-10-09","t":"0408","frp":1.8,"b":332.1,"c":0,"s":"SNPP","n":0}},{"type":"Feature","geometry":{"type":"Point","coordinates":[136.581,-16.1403]},"properties":{"d":"2026-10-09","t":"0408","frp":2.5,"b":341.2,"c":1,"s":"SNPP","n":0}},{"type":"Feature","geometry":{"type":"Point","coordinates":[136.617,-16.1257]},"properties":{"d":"2026-10-09","t":"0408","frp":2.3,"b":344.1,"c":1,"s":"SNPP","n":0}},{"type":"Feature","geometry":{"type":"Point","coordinates":[136.6201,-16.1254]},"properties":{"d":"2026-10-09","t":"0408","frp":2.2,"b":335.1,"c":1,"s":"SNPP","n":0}},{"type":"Feature","geometry":{"type":"Point","coordinates":[136.6232,-16.125]},"properties":{"d":"2026-10-09","t":"0408","frp":2.2,"b":338.1,"c":1,"s":"SNPP","n":0}},{"type":"Feature","geometry":{"type":"Point","coordinates":[134.4559,-16.1016]},"properties":{"d":"2026-10-09","t":"0408","frp":13.5,"b":367.0,"c":2,"s":"SNPP","n":0}},{"type":"Feature","geometry":{"type":"Point","coordinates":[134.4545,-16.0993]},"properties":{"d":"2026-10-09","t":"0408","frp":13.4,"b":367.0,"c":2,"s":"SNPP","n":0}},{"type":"Feature","geometry":{"type":"Point","coordinates":[134.4581,-16.0929]},"properties":{"d":"2026-10-09","t":"0408","frp":8.9,"b":333.6,"c":1,"s":"SNPP","n":0}},{"type":"Feature","geometry":{"type":"Point","coordinates":[134.4625,-16.0925]},"properties":{"d":"2026-10-09","t":"0408","frp":17.3,"b":367.0,"c":2,"s":"SNPP","n":0}},{"type":"Feature","geometry":{"type":"Point","coordinates":[134.4445,-16.0883]},"properties":{"d":"2026-10-09","t":"0408","frp":14.7,"b":345.9,"c":1,"s":"SNPP","n":0}},{"type":"Feature","geometry":{"type":"Point","coordinates":[134.0224,-16.0874]},"properties":{"d":"2026-10-09","t":"0408","frp":4.3,"b":367.0,"c":2,"s":"SNPP","n":0}},{"type":"Feature","geometry":{"type":"Point","coordinates":[134.4575,-16.087]},"properties":{"d":"2026-10-09","t":"0408","frp":8.9,"b":336.1,"c":1,"s":"SNPP","n":0}},{"type":"Feature","geometry":{"type":"Point","coordinates":[133.9842,-16.0852]},"properties":{"d":"2026-10-09","t":"0408","frp":15.2,"b":343.4,"c":1,"s":"SNPP","n":0}},{"type":"Feature","geometry":{"type":"Point","coordinates":[134.017,-16.0818]},"properties":{"d":"2026-10-09","t":"0408","frp":7.5,"b":347.4,"c":1,"s":"SNPP","n":0}},{"type":"Feature","geometry":{"type":"Point","coordinates":[134.0217,-16.0813]},"properties":{"d":"2026-10-09","t":"0408","frp":7.5,"b":348.4,"c":1,"s":"SNPP","n":0}},{"type":"Feature","geometry":{"type":"Point","coordinates":[134.4569,-16.0811]},"properties":{"d":"2026-10-09","t":"0408","frp":9.0,"b":339.2,"c":1,"s":"SNPP","n":0}},{"type":"Feature","geometry":{"type":"Point","coordinates":[134.0876,-16.0806]},"properties":{"d":"2026-10-09","t":"0408","frp":13.7,"b":367.0,"c":2,"s":"SNPP","n":0}},{"type":"Feature","geometry":{"type":"Point","coordinates":[134.0921,-16.0801]},"properties":{"d":"2026-10-09","t":"0408","frp":10.4,"b":332.3,"c":1,"s":"SNPP","n":0}},{"type":"Feature","geometry":{"type":"Point","coordinates":[136.4359,-16.0781]},"properties":{"d":"2026-10-09","t":"0408","frp":6.7,"b":353.4,"c":1,"s":"SNPP","n":0}},{"type":"Feature","geometry":{"type":"Point","coordinates":[136.4344,-16.0776]},"properties":{"d":"2026-10-09","t":"0408","frp":3.6,"b":345.9,"c":1,"s":"SNPP","n":0}},{"type":"Feature","geometry":{"type":"Point","coordinates":[136.4375,-16.0773]},"properties":{"d":"2026-10-09","t":"0408","frp":3.6,"b":350.8,"c":1,"s":"SNPP","n":0}},{"type":"Feature","geometry":{"type":"Point","coordinates":[134.0116,-16.0762]},"properties":{"d":"2026-10-09","t":"0408","frp":16.6,"b":352.9,"c":1,"s":"SNPP","n":0}},{"type":"Feature","geometry":{"type":"Point","coordinates":[134.0163,-16.0757]},"properties":{"d":"2026-10-09","t":"0408","frp":7.5,"b":333.5,"c":1,"s":"SNPP","n":0}},{"type":"Feature","geometry":{"type":"Point","coordinates":[134.0016,-16.0711]},"properties":{"d":"2026-10-09","t":"0408","frp":11.3,"b":367.0,"c":2,"s":"SNPP","n":0}},{"type":"Feature","geometry":{"type":"Point","coordinates":[136.4465,-16.071]},"properties":{"d":"2026-10-09","t":"0408","frp":2.0,"b":340.8,"c":1,"s":"SNPP","n":0}},{"type":"Feature","geometry":{"type":"Point","coordinates":[134.0063,-16.0707]},"properties":{"d":"2026-10-09","t":"0408","frp":18.6,"b":367.0,"c":2,"s":"SNPP","n":0}},{"type":"Feature","geometry":{"type":"Point","coordinates":[136.4496,-16.0706]},"properties":{"d":"2026-10-09","t":"0408","frp":2.0,"b":332.1,"c":0,"s":"SNPP","n":0}},{"type":"Feature","geometry":{"type":"Point","coordinates":[133.9869,-16.0665]},"properties":{"d":"2026-10-09","t":"0408","frp":11.9,"b":342.6,"c":1,"s":"SNPP","n":0}},{"type":"Feature","geometry":{"type":"Point","coordinates":[133.9915,-16.066]},"properties":{"d":"2026-10-09","t":"0408","frp":11.9,"b":367.0,"c":2,"s":"SNPP","n":0}},{"type":"Feature","geometry":{"type":"Point","coordinates":[133.9962,-16.0655]},"properties":{"d":"2026-10-09","t":"0408","frp":11.3,"b":367.0,"c":2,"s":"SNPP","n":0}},{"type":"Feature","geometry":{"type":"Point","coordinates":[136.449,-16.0654]},"properties":{"d":"2026-10-09","t":"0408","frp":2.0,"b":337.8,"c":1,"s":"SNPP","n":0}},{"type":"Feature","geometry":{"type":"Point","coordinates":[134.0009,-16.0651]},"properties":{"d":"2026-10-09","t":"0408","frp":11.3,"b":332.6,"c":1,"s":"SNPP","n":0}},{"type":"Feature","geometry":{"type":"Point","coordinates":[136.4522,-16.065]},"properties":{"d":"2026-10-09","t":"0408","frp":5.1,"b":333.4,"c":1,"s":"SNPP","n":0}},{"type":"Feature","geometry":{"type":"Point","coordinates":[133.9809,-16.0548]},"properties":{"d":"2026-10-09","t":"0408","frp":30.4,"b":367.0,"c":2,"s":"SNPP","n":0}},{"type":"Feature","geometry":{"type":"Point","coordinates":[133.975,-16.0542]},"properties":{"d":"2026-10-09","t":"0408","frp":8.7,"b":334.6,"c":1,"s":"SNPP","n":0}},{"type":"Feature","geometry":{"type":"Point","coordinates":[133.9797,-16.0537]},"properties":{"d":"2026-10-09","t":"0408","frp":23.5,"b":354.7,"c":1,"s":"SNPP","n":0}},{"type":"Feature","geometry":{"type":"Point","coordinates":[133.9843,-16.0532]},"properties":{"d":"2026-10-09","t":"0408","frp":23.5,"b":341.5,"c":1,"s":"SNPP","n":0}},{"type":"Feature","geometry":{"type":"Point","coordinates":[133.9368,-16.0522]},"properties":{"d":"2026-10-09","t":"0408","frp":5.3,"b":338.8,"c":1,"s":"SNPP","n":0}},{"type":"Feature","geometry":{"type":"Point","coordinates":[133.9415,-16.0517]},"properties":{"d":"2026-10-09","t":"0408","frp":4.2,"b":342.8,"c":1,"s":"SNPP","n":0}},{"type":"Feature","geometry":{"type":"Point","coordinates":[133.9462,-16.0512]},"properties":{"d":"2026-10-09","t":"0408","frp":4.2,"b":330.7,"c":1,"s":"SNPP","n":0}},{"type":"Feature","geometry":{"type":"Point","coordinates":[133.9708,-16.0497]},"properties":{"d":"2026-10-09","t":"0408","frp":9.0,"b":335.3,"c":1,"s":"SNPP","n":0}},{"type":"Feature","geometry":{"type":"Point","coordinates":[133.9755,-16.0492]},"properties":{"d":"2026-10-09","t":"0408","frp":18.2,"b":355.9,"c":1,"s":"SNPP","n":0}},{"type":"Feature","geometry":{"type":"Point","coordinates":[133.9802,-16.0487]},"properties":{"d":"2026-10-09","t":"0408","frp":18.2,"b":367.0,"c":2,"s":"SNPP","n":0}},{"type":"Feature","geometry":{"type":"Point","coordinates":[133.9696,-16.0486]},"properties":{"d":"2026-10-09","t":"0408","frp":8.7,"b":331.2,"c":1,"s":"SNPP","n":0}},{"type":"Feature","geometry":{"type":"Point","coordinates":[133.9743,-16.0481]},"properties":{"d":"2026-10-09","t":"0408","frp":8.7,"b":331.3,"c":1,"s":"SNPP","n":0}},{"type":"Feature","geometry":{"type":"Point","coordinates":[133.979,-16.0476]},"properties":{"d":"2026-10-09","t":"0408","frp":23.5,"b":347.1,"c":1,"s":"SNPP","n":0}},{"type":"Feature","geometry":{"type":"Point","coordinates":[133.942,-16.0465]},"properties":{"d":"2026-10-09","t":"0408","frp":13.9,"b":339.5,"c":1,"s":"SNPP","n":0}},{"type":"Feature","geometry":{"type":"Point","coordinates":[133.9467,-16.046]},"properties":{"d":"2026-10-09","t":"0408","frp":9.0,"b":346.7,"c":1,"s":"SNPP","n":0}},{"type":"Feature","geometry":{"type":"Point","coordinates":[134.1296,-16.0458]},"properties":{"d":"2026-10-09","t":"0408","frp":10.0,"b":337.5,"c":1,"s":"SNPP","n":0}},{"type":"Feature","geometry":{"type":"Point","coordinates":[133.9513,-16.0455]},"properties":{"d":"2026-10-09","t":"0408","frp":9.0,"b":353.1,"c":1,"s":"SNPP","n":0}},{"type":"Feature","geometry":{"type":"Point","coordinates":[134.1343,-16.0453]},"properties":{"d":"2026-10-09","t":"0408","frp":7.9,"b":340.9,"c":1,"s":"SNPP","n":0}},{"type":"Feature","geometry":{"type":"Point","coordinates":[133.9455,-16.0451]},"properties":{"d":"2026-10-09","t":"0408","frp":6.3,"b":335.4,"c":1,"s":"SNPP","n":0}},{"type":"Feature","geometry":{"type":"Point","coordinates":[133.9502,-16.0446]},"properties":{"d":"2026-10-09","t":"0408","frp":10.3,"b":349.6,"c":1,"s":"SNPP","n":0}},{"type":"Feature","geometry":{"type":"Point","coordinates":[134.1808,-16.0197]},"properties":{"d":"2026-10-09","t":"0408","frp":3.4,"b":332.6,"c":1,"s":"SNPP","n":0}},{"type":"Feature","geometry":{"type":"Point","coordinates":[134.1852,-16.0192]},"properties":{"d":"2026-10-09","t":"0408","frp":3.4,"b":337.8,"c":1,"s":"SNPP","n":0}},{"type":"Feature","geometry":{"type":"Point","coordinates":[134.5433,-15.8394]},"properties":{"d":"2026-10-09","t":"0408","frp":14.1,"b":367.0,"c":2,"s":"SNPP","n":0}},{"type":"Feature","geometry":{"type":"Point","coordinates":[134.5427,-15.8335]},"properties":{"d":"2026-10-09","t":"0408","frp":14.1,"b":367.0,"c":2,"s":"SNPP","n":0}},{"type":"Feature","geometry":{"type":"Point","coordinates":[134.5595,-15.8317]},"properties":{"d":"2026-10-09","t":"0408","frp":27.4,"b":367.0,"c":2,"s":"SNPP","n":0}},{"type":"Feature","geometry":{"type":"Point","coordinates":[134.5589,-15.8259]},"properties":{"d":"2026-10-09","t":"0408","frp":38.7,"b":367.0,"c":2,"s":"SNPP","n":0}},{"type":"Feature","geometry":{"type":"Point","coordinates":[145.2306,-15.76]},"properties":{"d":"2026-10-09","t":"0408","frp":6.0,"b":338.2,"c":1,"s":"SNPP","n":0}},{"type":"Feature","geometry":{"type":"Point","coordinates":[134.6494,-15.7513]},"properties":{"d":"2026-10-09","t":"0408","frp":19.7,"b":367.0,"c":2,"s":"SNPP","n":0}},{"type":"Feature","geometry":{"type":"Point","coordinates":[134.653,-15.7511]},"properties":{"d":"2026-10-09","t":"0408","frp":16.8,"b":367.0,"c":2,"s":"SNPP","n":0}},{"type":"Feature","geometry":{"type":"Point","coordinates":[134.6537,-15.7508]},"properties":{"d":"2026-10-09","t":"0408","frp":24.6,"b":367.0,"c":2,"s":"SNPP","n":0}},{"type":"Feature","geometry":{"type":"Point","coordinates":[134.648,-15.7458]},"properties":{"d":"2026-10-09","t":"0408","frp":72.5,"b":367.0,"c":2,"s":"SNPP","n":0}},{"type":"Feature","geometry":{"type":"Point","coordinates":[134.6487,-15.7455]},"properties":{"d":"2026-10-09","t":"0408","frp":72.8,"b":367.0,"c":2,"s":"SNPP","n":0}},{"type":"Feature","geometry":{"type":"Point","coordinates":[134.6529,-15.745]},"properties":{"d":"2026-10-09","t":"0408","frp":67.4,"b":367.0,"c":2,"s":"SNPP","n":0}},{"type":"Feature","geometry":{"type":"Point","coordinates":[144.2037,-15.7417]},"properties":{"d":"2026-10-09","t":"0408","frp":5.0,"b":335.0,"c":0,"s":"SNPP","n":0}},{"type":"Feature","geometry":{"type":"Point","coordinates":[144.2073,-15.7411]},"properties":{"d":"2026-10-09","t":"0408","frp":9.8,"b":355.2,"c":1,"s":"SNPP","n":0}},{"type":"Feature","geometry":{"type":"Point","coordinates":[134.643,-15.7404]},"properties":{"d":"2026-10-09","t":"0408","frp":72.5,"b":357.0,"c":0,"s":"SNPP","n":0}},{"type":"Feature","geometry":{"type":"Point","coordinates":[134.6438,-15.7401]},"properties":{"d":"2026-10-09","t":"0408","frp":72.8,"b":367.0,"c":2,"s":"SNPP","n":0}},{"type":"Feature","geometry":{"type":"Point","coordinates":[144.2031,-15.7383]},"properties":{"d":"2026-10-09","t":"0408","frp":5.0,"b":347.8,"c":1,"s":"SNPP","n":0}},{"type":"Feature","geometry":{"type":"Point","coordinates":[134.6389,-15.7348]},"properties":{"d":"2026-10-09","t":"0408","frp":20.1,"b":367.0,"c":2,"s":"SNPP","n":0}},{"type":"Feature","geometry":{"type":"Point","coordinates":[134.6341,-15.7294]},"properties":{"d":"2026-10-09","t":"0408","frp":20.1,"b":356.6,"c":0,"s":"SNPP","n":0}},{"type":"Feature","geometry":{"type":"Point","coordinates":[144.4258,-15.6624]},"properties":{"d":"2026-10-09","t":"0408","frp":5.4,"b":340.9,"c":1,"s":"SNPP","n":0}},{"type":"Feature","geometry":{"type":"Point","coordinates":[144.4439,-15.6597]},"properties":{"d":"2026-10-09","t":"0408","frp":5.3,"b":345.2,"c":1,"s":"SNPP","n":0}},{"type":"Feature","geometry":{"type":"Point","coordinates":[144.42,-15.6496]},"properties":{"d":"2026-10-09","t":"0408","frp":6.4,"b":349.2,"c":1,"s":"SNPP","n":0}},{"type":"Feature","geometry":{"type":"Point","coordinates":[144.4237,-15.649]},"properties":{"d":"2026-10-09","t":"0408","frp":3.5,"b":333.8,"c":1,"s":"SNPP","n":0}},{"type":"Feature","geometry":{"type":"Point","coordinates":[144.4568,-15.6475]},"properties":{"d":"2026-10-09","t":"0408","frp":9.0,"b":352.7,"c":1,"s":"SNPP","n":0}},{"type":"Feature","geometry":{"type":"Point","coordinates":[144.4562,-15.6441]},"properties":{"d":"2026-10-09","t":"0408","frp":3.0,"b":336.9,"c":1,"s":"SNPP","n":0}},{"type":"Feature","geometry":{"type":"Point","coordinates":[144.4557,-15.6408]},"properties":{"d":"2026-10-09","t":"0408","frp":3.0,"b":332.8,"c":0,"s":"SNPP","n":0}},{"type":"Feature","geometry":{"type":"Point","coordinates":[144.4613,-15.6297]},"properties":{"d":"2026-10-09","t":"0408","frp":12.2,"b":344.2,"c":1,"s":"SNPP","n":0}},{"type":"Feature","geometry":{"type":"Point","coordinates":[144.6534,-15.6281]},"properties":{"d":"2026-10-09","t":"0408","frp":16.6,"b":343.3,"c":1,"s":"SNPP","n":0}},{"type":"Feature","geometry":{"type":"Point","coordinates":[144.657,-15.6275]},"properties":{"d":"2026-10-09","t":"0408","frp":4.7,"b":335.9,"c":1,"s":"SNPP","n":0}},{"type":"Feature","geometry":{"type":"Point","coordinates":[144.6606,-15.627]},"properties":{"d":"2026-10-09","t":"0408","frp":4.7,"b":344.7,"c":1,"s":"SNPP","n":0}},{"type":"Feature","geometry":{"type":"Point","coordinates":[144.4572,-15.6269]},"properties":{"d":"2026-10-09","t":"0408","frp":12.2,"b":331.9,"c":0,"s":"SNPP","n":0}},{"type":"Feature","geometry":{"type":"Point","coordinates":[144.4608,-15.6263]},"properties":{"d":"2026-10-09","t":"0408","frp":12.2,"b":344.6,"c":1,"s":"SNPP","n":0}},{"type":"Feature","geometry":{"type":"Point","coordinates":[144.6529,-15.6247]},"properties":{"d":"2026-10-09","t":"0408","frp":16.6,"b":334.3,"c":1,"s":"SNPP","n":0}},{"type":"Feature","geometry":{"type":"Point","coordinates":[144.6601,-15.6237]},"properties":{"d":"2026-10-09","t":"0408","frp":4.7,"b":348.0,"c":1,"s":"SNPP","n":0}},{"type":"Feature","geometry":{"type":"Point","coordinates":[144.6596,-15.6203]},"properties":{"d":"2026-10-09","t":"0408","frp":5.0,"b":338.4,"c":1,"s":"SNPP","n":0}},{"type":"Feature","geometry":{"type":"Point","coordinates":[144.6632,-15.6198]},"properties":{"d":"2026-10-09","t":"0408","frp":10.3,"b":347.1,"c":1,"s":"SNPP","n":0}},{"type":"Feature","geometry":{"type":"Point","coordinates":[144.6626,-15.6165]},"properties":{"d":"2026-10-09","t":"0408","frp":10.3,"b":343.3,"c":1,"s":"SNPP","n":0}},{"type":"Feature","geometry":{"type":"Point","coordinates":[144.6688,-15.6087]},"properties":{"d":"2026-10-09","t":"0408","frp":2.6,"b":334.2,"c":1,"s":"SNPP","n":0}},{"type":"Feature","geometry":{"type":"Point","coordinates":[144.6683,-15.6054]},"properties":{"d":"2026-10-09","t":"0408","frp":4.3,"b":331.9,"c":0,"s":"SNPP","n":0}},{"type":"Feature","geometry":{"type":"Point","coordinates":[144.6719,-15.6048]},"properties":{"d":"2026-10-09","t":"0408","frp":4.3,"b":353.8,"c":1,"s":"SNPP","n":0}},{"type":"Feature","geometry":{"type":"Point","coordinates":[144.4384,-15.6023]},"properties":{"d":"2026-10-09","t":"0408","frp":1.9,"b":336.9,"c":1,"s":"SNPP","n":0}},{"type":"Feature","geometry":{"type":"Point","coordinates":[144.675,-15.6009]},"properties":{"d":"2026-10-09","t":"0408","frp":7.9,"b":353.0,"c":1,"s":"SNPP","n":0}},{"type":"Feature","geometry":{"type":"Point","coordinates":[144.6744,-15.5976]},"properties":{"d":"2026-10-09","t":"0408","frp":12.1,"b":349.9,"c":1,"s":"SNPP","n":0}},{"type":"Feature","geometry":{"type":"Point","coordinates":[144.6739,-15.5943]},"properties":{"d":"2026-10-09","t":"0408","frp":12.1,"b":346.0,"c":1,"s":"SNPP","n":0}},{"type":"Feature","geometry":{"type":"Point","coordinates":[144.6698,-15.5915]},"properties":{"d":"2026-10-09","t":"0408","frp":10.2,"b":345.6,"c":1,"s":"SNPP","n":0}},{"type":"Feature","geometry":{"type":"Point","coordinates":[144.6734,-15.5909]},"properties":{"d":"2026-10-09","t":"0408","frp":6.9,"b":340.2,"c":1,"s":"SNPP","n":0}},{"type":"Feature","geometry":{"type":"Point","coordinates":[144.6692,-15.5882]},"properties":{"d":"2026-10-09","t":"0408","frp":10.2,"b":349.0,"c":1,"s":"SNPP","n":0}},{"type":"Feature","geometry":{"type":"Point","coordinates":[144.6687,-15.5848]},"properties":{"d":"2026-10-09","t":"0408","frp":12.6,"b":347.4,"c":1,"s":"SNPP","n":0}},{"type":"Feature","geometry":{"type":"Point","coordinates":[144.6519,-15.5498]},"properties":{"d":"2026-10-09","t":"0408","frp":1.9,"b":335.3,"c":1,"s":"SNPP","n":0}},{"type":"Feature","geometry":{"type":"Point","coordinates":[144.637,-15.5487]},"properties":{"d":"2026-10-09","t":"0408","frp":3.4,"b":338.5,"c":1,"s":"SNPP","n":0}},{"type":"Feature","geometry":{"type":"Point","coordinates":[144.6406,-15.5481]},"properties":{"d":"2026-10-09","t":"0408","frp":3.4,"b":344.3,"c":1,"s":"SNPP","n":0}},{"type":"Feature","geometry":{"type":"Point","coordinates":[144.6442,-15.5476]},"properties":{"d":"2026-10-09","t":"0408","frp":3.9,"b":350.0,"c":1,"s":"SNPP","n":0}},{"type":"Feature","geometry":{"type":"Point","coordinates":[144.6478,-15.547]},"properties":{"d":"2026-10-09","t":"0408","frp":3.9,"b":342.4,"c":1,"s":"SNPP","n":0}},{"type":"Feature","geometry":{"type":"Point","coordinates":[144.6364,-15.5453]},"properties":{"d":"2026-10-09","t":"0408","frp":3.4,"b":355.2,"c":1,"s":"SNPP","n":0}},{"type":"Feature","geometry":{"type":"Point","coordinates":[144.64,-15.5448]},"properties":{"d":"2026-10-09","t":"0408","frp":3.4,"b":334.9,"c":1,"s":"SNPP","n":0}},{"type":"Feature","geometry":{"type":"Point","coordinates":[144.6144,-15.5256]},"properties":{"d":"2026-10-09","t":"0408","frp":10.5,"b":342.9,"c":1,"s":"SNPP","n":0}},{"type":"Feature","geometry":{"type":"Point","coordinates":[144.618,-15.5251]},"properties":{"d":"2026-10-09","t":"0408","frp":7.7,"b":338.9,"c":1,"s":"SNPP","n":0}},{"type":"Feature","geometry":{"type":"Point","coordinates":[144.6252,-15.524]},"properties":{"d":"2026-10-09","t":"0408","frp":3.9,"b":339.3,"c":1,"s":"SNPP","n":0}},{"type":"Feature","geometry":{"type":"Point","coordinates":[144.6138,-15.5223]},"properties":{"d":"2026-10-09","t":"0408","frp":10.5,"b":345.2,"c":1,"s":"SNPP","n":0}},{"type":"Feature","geometry":{"type":"Point","coordinates":[144.6174,-15.5218]},"properties":{"d":"2026-10-09","t":"0408","frp":7.7,"b":348.9,"c":1,"s":"SNPP","n":0}},{"type":"Feature","geometry":{"type":"Point","coordinates":[144.621,-15.5212]},"properties":{"d":"2026-10-09","t":"0408","frp":7.7,"b":351.8,"c":1,"s":"SNPP","n":0}},{"type":"Feature","geometry":{"type":"Point","coordinates":[144.6246,-15.5207]},"properties":{"d":"2026-10-09","t":"0408","frp":3.9,"b":342.1,"c":1,"s":"SNPP","n":0}},{"type":"Feature","geometry":{"type":"Point","coordinates":[144.6169,-15.5184]},"properties":{"d":"2026-10-09","t":"0408","frp":5.6,"b":339.7,"c":1,"s":"SNPP","n":0}},{"type":"Feature","geometry":{"type":"Point","coordinates":[144.5158,-15.5098]},"properties":{"d":"2026-10-09","t":"0408","frp":11.2,"b":350.2,"c":1,"s":"SNPP","n":0}},{"type":"Feature","geometry":{"type":"Point","coordinates":[144.5194,-15.5092]},"properties":{"d":"2026-10-09","t":"0408","frp":3.1,"b":341.3,"c":1,"s":"SNPP","n":0}},{"type":"Feature","geometry":{"type":"Point","coordinates":[144.5153,-15.5064]},"properties":{"d":"2026-10-09","t":"0408","frp":5.4,"b":341.1,"c":1,"s":"SNPP","n":0}},{"type":"Feature","geometry":{"type":"Point","coordinates":[144.5189,-15.5059]},"properties":{"d":"2026-10-09","t":"0408","frp":4.5,"b":344.6,"c":1,"s":"SNPP","n":0}},{"type":"Feature","geometry":{"type":"Point","coordinates":[144.5225,-15.5053]},"properties":{"d":"2026-10-09","t":"0408","frp":4.5,"b":334.1,"c":0,"s":"SNPP","n":0}},{"type":"Feature","geometry":{"type":"Point","coordinates":[144.5364,-15.4998]},"properties":{"d":"2026-10-09","t":"0408","frp":4.3,"b":334.0,"c":0,"s":"SNPP","n":0}},{"type":"Feature","geometry":{"type":"Point","coordinates":[144.5209,-15.4953]},"properties":{"d":"2026-10-09","t":"0408","frp":5.7,"b":339.3,"c":1,"s":"SNPP","n":0}},{"type":"Feature","geometry":{"type":"Point","coordinates":[144.5245,-15.4948]},"properties":{"d":"2026-10-09","t":"0408","frp":5.7,"b":344.8,"c":1,"s":"SNPP","n":0}},{"type":"Feature","geometry":{"type":"Point","coordinates":[144.5281,-15.4942]},"properties":{"d":"2026-10-09","t":"0408","frp":5.7,"b":351.3,"c":1,"s":"SNPP","n":0}},{"type":"Feature","geometry":{"type":"Point","coordinates":[144.5203,-15.492]},"properties":{"d":"2026-10-09","t":"0408","frp":3.7,"b":333.5,"c":0,"s":"SNPP","n":0}},{"type":"Feature","geometry":{"type":"Point","coordinates":[134.0299,-15.4866]},"properties":{"d":"2026-10-09","t":"0408","frp":4.5,"b":330.3,"c":1,"s":"SNPP","n":0}},{"type":"Feature","geometry":{"type":"Point","coordinates":[134.736,-15.4837]},"properties":{"d":"2026-10-09","t":"0408","frp":37.9,"b":367.0,"c":2,"s":"SNPP","n":0}},{"type":"Feature","geometry":{"type":"Point","coordinates":[134.0369,-15.4784]},"properties":{"d":"2026-10-09","t":"0408","frp":2.8,"b":347.6,"c":1,"s":"SNPP","n":0}},{"type":"Feature","geometry":{"type":"Point","coordinates":[134.8059,-15.4239]},"properties":{"d":"2026-10-09","t":"0408","frp":22.7,"b":367.0,"c":2,"s":"SNPP","n":0}},{"type":"Feature","geometry":{"type":"Point","coordinates":[134.8816,-15.3279]},"properties":{"d":"2026-10-09","t":"0408","frp":53.9,"b":367.0,"c":2,"s":"SNPP","n":0}},{"type":"Feature","geometry":{"type":"Point","coordinates":[134.877,-15.3227]},"properties":{"d":"2026-10-09","t":"0408","frp":31.9,"b":367.0,"c":2,"s":"SNPP","n":0}},{"type":"Feature","geometry":{"type":"Point","coordinates":[134.8731,-15.3208]},"properties":{"d":"2026-10-09","t":"0408","frp":10.2,"b":336.7,"c":1,"s":"SNPP","n":0}},{"type":"Feature","geometry":{"type":"Point","coordinates":[134.877,-15.3203]},"properties":{"d":"2026-10-09","t":"0408","frp":13.2,"b":353.4,"c":1,"s":"SNPP","n":0}},{"type":"Feature","geometry":{"type":"Point","coordinates":[134.8687,-15.3178]},"properties":{"d":"2026-10-09","t":"0408","frp":22.5,"b":367.0,"c":2,"s":"SNPP","n":0}},{"type":"Feature","geometry":{"type":"Point","coordinates":[134.8688,-15.3155]},"properties":{"d":"2026-10-09","t":"0408","frp":10.2,"b":367.0,"c":2,"s":"SNPP","n":0}},{"type":"Feature","geometry":{"type":"Point","coordinates":[144.9736,-15.2951]},"properties":{"d":"2026-10-09","t":"0408","frp":7.8,"b":351.2,"c":1,"s":"SNPP","n":0}},{"type":"Feature","geometry":{"type":"Point","coordinates":[133.8588,-15.2746]},"properties":{"d":"2026-10-09","t":"0408","frp":14.2,"b":346.0,"c":1,"s":"SNPP","n":0}},{"type":"Feature","geometry":{"type":"Point","coordinates":[133.8579,-15.2686]},"properties":{"d":"2026-10-09","t":"0408","frp":6.1,"b":339.3,"c":1,"s":"SNPP","n":0}},{"type":"Feature","geometry":{"type":"Point","coordinates":[133.8625,-15.2681]},"properties":{"d":"2026-10-09","t":"0408","frp":6.1,"b":334.2,"c":1,"s":"SNPP","n":0}},{"type":"Feature","geometry":{"type":"Point","coordinates":[133.8671,-15.2676]},"properties":{"d":"2026-10-09","t":"0408","frp":17.7,"b":367.0,"c":2,"s":"SNPP","n":0}},{"type":"Feature","geometry":{"type":"Point","coordinates":[133.8693,-15.2429]},"properties":{"d":"2026-10-09","t":"0408","frp":8.4,"b":338.5,"c":1,"s":"SNPP","n":0}},{"type":"Feature","geometry":{"type":"Point","coordinates":[135.4352,-15.2397]},"properties":{"d":"2026-10-09","t":"0408","frp":4.3,"b":355.0,"c":1,"s":"SNPP","n":0}},{"type":"Feature","geometry":{"type":"Point","coordinates":[135.4347,-15.239]},"properties":{"d":"2026-10-09","t":"0408","frp":5.6,"b":352.7,"c":1,"s":"SNPP","n":0}},{"type":"Feature","geometry":{"type":"Point","coordinates":[135.4382,-15.2338]},"properties":{"d":"2026-10-09","t":"0408","frp":4.3,"b":343.3,"c":1,"s":"SNPP","n":0}},{"type":"Feature","geometry":{"type":"Point","coordinates":[135.4418,-15.2334]},"properties":{"d":"2026-10-09","t":"0408","frp":3.6,"b":335.1,"c":1,"s":"SNPP","n":0}},{"type":"Feature","geometry":{"type":"Point","coordinates":[135.4377,-15.2331]},"properties":{"d":"2026-10-09","t":"0408","frp":3.6,"b":344.4,"c":1,"s":"SNPP","n":0}},{"type":"Feature","geometry":{"type":"Point","coordinates":[135.4413,-15.2327]},"properties":{"d":"2026-10-09","t":"0408","frp":4.3,"b":335.5,"c":1,"s":"SNPP","n":0}},{"type":"Feature","geometry":{"type":"Point","coordinates":[135.4581,-15.2196]},"properties":{"d":"2026-10-09","t":"0408","frp":4.0,"b":339.7,"c":1,"s":"SNPP","n":0}},{"type":"Feature","geometry":{"type":"Point","coordinates":[135.4617,-15.2192]},"properties":{"d":"2026-10-09","t":"0408","frp":3.8,"b":330.8,"c":0,"s":"SNPP","n":0}},{"type":"Feature","geometry":{"type":"Point","coordinates":[133.8278,-15.2042]},"properties":{"d":"2026-10-09","t":"0408","frp":6.6,"b":349.6,"c":1,"s":"SNPP","n":0}},{"type":"Feature","geometry":{"type":"Point","coordinates":[133.9199,-15.138]},"properties":{"d":"2026-10-09","t":"0408","frp":7.0,"b":338.0,"c":1,"s":"SNPP","n":0}},{"type":"Feature","geometry":{"type":"Point","coordinates":[134.6611,-15.1336]},"properties":{"d":"2026-10-09","t":"0408","frp":21.1,"b":356.9,"c":0,"s":"SNPP","n":0}},{"type":"Feature","geometry":{"type":"Point","coordinates":[134.6557,-15.1294]},"properties":{"d":"2026-10-09","t":"0408","frp":27.7,"b":356.8,"c":0,"s":"SNPP","n":0}},{"type":"Feature","geometry":{"type":"Point","coordinates":[134.6598,-15.129]},"properties":{"d":"2026-10-09","t":"0408","frp":41.8,"b":367.0,"c":2,"s":"SNPP","n":0}},{"type":"Feature","geometry":{"type":"Point","coordinates":[134.6564,-15.1283]},"properties":{"d":"2026-10-09","t":"0408","frp":32.0,"b":356.2,"c":0,"s":"SNPP","n":0}},{"type":"Feature","geometry":{"type":"Point","coordinates":[134.6605,-15.1279]},"properties":{"d":"2026-10-09","t":"0408","frp":21.1,"b":367.0,"c":2,"s":"SNPP","n":0}},{"type":"Feature","geometry":{"type":"Point","coordinates":[134.3828,-15.0942]},"properties":{"d":"2026-10-09","t":"0408","frp":26.7,"b":367.0,"c":2,"s":"SNPP","n":0}},{"type":"Feature","geometry":{"type":"Point","coordinates":[134.3369,-15.0694]},"properties":{"d":"2026-10-09","t":"0408","frp":9.2,"b":334.4,"c":1,"s":"SNPP","n":0}},{"type":"Feature","geometry":{"type":"Point","coordinates":[134.3411,-15.069]},"properties":{"d":"2026-10-09","t":"0408","frp":11.8,"b":347.3,"c":1,"s":"SNPP","n":0}},{"type":"Feature","geometry":{"type":"Point","coordinates":[134.3454,-15.0685]},"properties":{"d":"2026-10-09","t":"0408","frp":11.8,"b":367.0,"c":2,"s":"SNPP","n":0}},{"type":"Feature","geometry":{"type":"Point","coordinates":[134.3496,-15.0681]},"properties":{"d":"2026-10-09","t":"0408","frp":12.9,"b":347.6,"c":1,"s":"SNPP","n":0}},{"type":"Feature","geometry":{"type":"Point","coordinates":[134.3346,-15.0656]},"properties":{"d":"2026-10-09","t":"0408","frp":5.7,"b":341.4,"c":1,"s":"SNPP","n":0}},{"type":"Feature","geometry":{"type":"Point","coordinates":[134.3389,-15.0651]},"properties":{"d":"2026-10-09","t":"0408","frp":5.7,"b":333.3,"c":1,"s":"SNPP","n":0}},{"type":"Feature","geometry":{"type":"Point","coordinates":[134.3431,-15.0647]},"properties":{"d":"2026-10-09","t":"0408","frp":13.3,"b":367.0,"c":2,"s":"SNPP","n":0}},{"type":"Feature","geometry":{"type":"Point","coordinates":[141.6971,-14.9172]},"properties":{"d":"2026-10-09","t":"0408","frp":4.6,"b":335.8,"c":0,"s":"SNPP","n":0}},{"type":"Feature","geometry":{"type":"Point","coordinates":[143.8679,-14.8125]},"properties":{"d":"2026-10-09","t":"0408","frp":16.5,"b":343.8,"c":1,"s":"SNPP","n":0}},{"type":"Feature","geometry":{"type":"Point","coordinates":[144.5409,-14.8063]},"properties":{"d":"2026-10-09","t":"0408","frp":9.7,"b":337.3,"c":1,"s":"SNPP","n":0}},{"type":"Feature","geometry":{"type":"Point","coordinates":[144.544,-14.8024]},"properties":{"d":"2026-10-09","t":"0408","frp":4.5,"b":342.9,"c":1,"s":"SNPP","n":0}},{"type":"Feature","geometry":{"type":"Point","coordinates":[143.87,-14.8019]},"properties":{"d":"2026-10-09","t":"0408","frp":3.6,"b":340.5,"c":1,"s":"SNPP","n":0}},{"type":"Feature","geometry":{"type":"Point","coordinates":[144.5476,-14.8019]},"properties":{"d":"2026-10-09","t":"0408","frp":4.5,"b":341.0,"c":1,"s":"SNPP","n":0}},{"type":"Feature","geometry":{"type":"Point","coordinates":[144.547,-14.7985]},"properties":{"d":"2026-10-09","t":"0408","frp":11.7,"b":351.6,"c":1,"s":"SNPP","n":0}},{"type":"Feature","geometry":{"type":"Point","coordinates":[143.8695,-14.7985]},"properties":{"d":"2026-10-09","t":"0408","frp":4.8,"b":340.2,"c":1,"s":"SNPP","n":0}},{"type":"Feature","geometry":{"type":"Point","coordinates":[144.5501,-14.7947]},"properties":{"d":"2026-10-09","t":"0408","frp":10.6,"b":350.8,"c":1,"s":"SNPP","n":0}},{"type":"Feature","geometry":{"type":"Point","coordinates":[144.5493,-14.7926]},"properties":{"d":"2026-10-09","t":"0408","frp":19.3,"b":347.1,"c":1,"s":"SNPP","n":0}},{"type":"Feature","geometry":{"type":"Point","coordinates":[144.5529,-14.792]},"properties":{"d":"2026-10-09","t":"0408","frp":19.3,"b":345.4,"c":1,"s":"SNPP","n":0}},{"type":"Feature","geometry":{"type":"Point","coordinates":[143.8752,-14.7857]},"properties":{"d":"2026-10-09","t":"0408","frp":3.6,"b":341.2,"c":1,"s":"SNPP","n":0}},{"type":"Feature","geometry":{"type":"Point","coordinates":[143.8747,-14.7823]},"properties":{"d":"2026-10-09","t":"0408","frp":3.6,"b":347.0,"c":1,"s":"SNPP","n":0}},{"type":"Feature","geometry":{"type":"Point","coordinates":[144.8403,-14.7779]},"properties":{"d":"2026-10-09","t":"0408","frp":3.3,"b":343.1,"c":1,"s":"SNPP","n":0}},{"type":"Feature","geometry":{"type":"Point","coordinates":[144.5522,-14.7648]},"properties":{"d":"2026-10-09","t":"0408","frp":1.5,"b":333.3,"c":0,"s":"SNPP","n":0}},{"type":"Feature","geometry":{"type":"Point","coordinates":[144.5565,-14.7233]},"properties":{"d":"2026-10-09","t":"0408","frp":2.7,"b":339.2,"c":1,"s":"SNPP","n":0}},{"type":"Feature","geometry":{"type":"Point","coordinates":[144.5601,-14.7227]},"properties":{"d":"2026-10-09","t":"0408","frp":10.8,"b":351.7,"c":1,"s":"SNPP","n":0}},{"type":"Feature","geometry":{"type":"Point","coordinates":[144.5637,-14.7222]},"properties":{"d":"2026-10-09","t":"0408","frp":10.8,"b":353.9,"c":1,"s":"SNPP","n":0}},{"type":"Feature","geometry":{"type":"Point","coordinates":[144.5673,-14.7217]},"properties":{"d":"2026-10-09","t":"0408","frp":35.0,"b":356.4,"c":1,"s":"SNPP","n":0}},{"type":"Feature","geometry":{"type":"Point","coordinates":[144.5745,-14.7206]},"properties":{"d":"2026-10-09","t":"0408","frp":106.8,"b":338.0,"c":1,"s":"SNPP","n":0}},{"type":"Feature","geometry":{"type":"Point","coordinates":[144.5596,-14.7194]},"properties":{"d":"2026-10-09","t":"0408","frp":10.8,"b":331.1,"c":1,"s":"SNPP","n":0}},{"type":"Feature","geometry":{"type":"Point","coordinates":[144.5632,-14.7189]},"properties":{"d":"2026-10-09","t":"0408","frp":10.8,"b":367.0,"c":2,"s":"SNPP","n":0}},{"type":"Feature","geometry":{"type":"Point","coordinates":[144.5668,-14.7183]},"properties":{"d":"2026-10-09","t":"0408","frp":35.0,"b":352.9,"c":1,"s":"SNPP","n":0}},{"type":"Feature","geometry":{"type":"Point","coordinates":[144.5703,-14.7178]},"properties":{"d":"2026-10-09","t":"0408","frp":35.0,"b":342.7,"c":1,"s":"SNPP","n":0}},{"type":"Feature","geometry":{"type":"Point","coordinates":[144.5555,-14.7166]},"properties":{"d":"2026-10-09","t":"0408","frp":11.0,"b":352.8,"c":1,"s":"SNPP","n":0}},{"type":"Feature","geometry":{"type":"Point","coordinates":[144.5591,-14.7161]},"properties":{"d":"2026-10-09","t":"0408","frp":6.7,"b":349.1,"c":1,"s":"SNPP","n":0}},{"type":"Feature","geometry":{"type":"Point","coordinates":[144.5734,-14.7139]},"properties":{"d":"2026-10-09","t":"0408","frp":24.0,"b":353.0,"c":1,"s":"SNPP","n":0}},{"type":"Feature","geometry":{"type":"Point","coordinates":[144.577,-14.7134]},"properties":{"d":"2026-10-09","t":"0408","frp":24.0,"b":352.4,"c":1,"s":"SNPP","n":0}},{"type":"Feature","geometry":{"type":"Point","coordinates":[144.5549,-14.7133]},"properties":{"d":"2026-10-09","t":"0408","frp":11.0,"b":350.1,"c":1,"s":"SNPP","n":0}},{"type":"Feature","geometry":{"type":"Point","coordinates":[144.5805,-14.7128]},"properties":{"d":"2026-10-09","t":"0408","frp":11.0,"b":342.5,"c":1,"s":"SNPP","n":0}},{"type":"Feature","geometry":{"type":"Point","coordinates":[144.5585,-14.7127]},"properties":{"d":"2026-10-09","t":"0408","frp":6.7,"b":352.2,"c":1,"s":"SNPP","n":0}},{"type":"Feature","geometry":{"type":"Point","coordinates":[144.5621,-14.7122]},"properties":{"d":"2026-10-09","t":"0408","frp":6.7,"b":332.6,"c":1,"s":"SNPP","n":0}},{"type":"Feature","geometry":{"type":"Point","coordinates":[144.58,-14.7095]},"properties":{"d":"2026-10-09","t":"0408","frp":11.0,"b":342.3,"c":1,"s":"SNPP","n":0}},{"type":"Feature","geometry":{"type":"Point","coordinates":[144.5646,-14.705]},"properties":{"d":"2026-10-09","t":"0408","frp":6.6,"b":339.6,"c":1,"s":"SNPP","n":0}},{"type":"Feature","geometry":{"type":"Point","coordinates":[144.5713,-14.7006]},"properties":{"d":"2026-10-09","t":"0408","frp":1.9,"b":333.3,"c":1,"s":"SNPP","n":0}},{"type":"Feature","geometry":{"type":"Point","coordinates":[144.5748,-14.7001]},"properties":{"d":"2026-10-09","t":"0408","frp":1.9,"b":338.1,"c":1,"s":"SNPP","n":0}},{"type":"Feature","geometry":{"type":"Point","coordinates":[144.5743,-14.6967]},"properties":{"d":"2026-10-09","t":"0408","frp":1.9,"b":330.1,"c":0,"s":"SNPP","n":0}},{"type":"Feature","geometry":{"type":"Point","coordinates":[143.8229,-14.6903]},"properties":{"d":"2026-10-09","t":"0408","frp":8.3,"b":355.8,"c":1,"s":"SNPP","n":0}},{"type":"Feature","geometry":{"type":"Point","coordinates":[143.8265,-14.6897]},"properties":{"d":"2026-10-09","t":"0408","frp":8.3,"b":349.1,"c":1,"s":"SNPP","n":0}},{"type":"Feature","geometry":{"type":"Point","coordinates":[143.8375,-14.6881]},"properties":{"d":"2026-10-09","t":"0408","frp":1.7,"b":331.4,"c":0,"s":"SNPP","n":0}},{"type":"Feature","geometry":{"type":"Point","coordinates":[143.8187,-14.6874]},"properties":{"d":"2026-10-09","t":"0408","frp":7.2,"b":339.4,"c":1,"s":"SNPP","n":0}},{"type":"Feature","geometry":{"type":"Point","coordinates":[143.8223,-14.6869]},"properties":{"d":"2026-10-09","t":"0408","frp":8.3,"b":337.2,"c":1,"s":"SNPP","n":0}},{"type":"Feature","geometry":{"type":"Point","coordinates":[143.818,-14.6864]},"properties":{"d":"2026-10-09","t":"0408","frp":5.4,"b":341.8,"c":1,"s":"SNPP","n":0}},{"type":"Feature","geometry":{"type":"Point","coordinates":[143.8217,-14.6859]},"properties":{"d":"2026-10-09","t":"0408","frp":4.7,"b":337.3,"c":1,"s":"SNPP","n":0}},{"type":"Feature","geometry":{"type":"Point","coordinates":[143.8296,-14.6858]},"properties":{"d":"2026-10-09","t":"0408","frp":3.7,"b":341.1,"c":1,"s":"SNPP","n":0}},{"type":"Feature","geometry":{"type":"Point","coordinates":[143.8333,-14.6853]},"properties":{"d":"2026-10-09","t":"0408","frp":3.7,"b":341.0,"c":1,"s":"SNPP","n":0}},{"type":"Feature","geometry":{"type":"Point","coordinates":[143.8704,-14.6832]},"properties":{"d":"2026-10-09","t":"0408","frp":3.4,"b":332.1,"c":0,"s":"SNPP","n":0}},{"type":"Feature","geometry":{"type":"Point","coordinates":[143.8175,-14.683]},"properties":{"d":"2026-10-09","t":"0408","frp":5.4,"b":352.3,"c":1,"s":"SNPP","n":0}},{"type":"Feature","geometry":{"type":"Point","coordinates":[143.874,-14.6827]},"properties":{"d":"2026-10-09","t":"0408","frp":4.8,"b":352.2,"c":1,"s":"SNPP","n":0}},{"type":"Feature","geometry":{"type":"Point","coordinates":[143.8589,-14.6815]},"properties":{"d":"2026-10-09","t":"0408","frp":2.2,"b":335.1,"c":1,"s":"SNPP","n":0}},{"type":"Feature","geometry":{"type":"Point","coordinates":[143.8097,-14.6808]},"properties":{"d":"2026-10-09","t":"0408","frp":1.3,"b":339.5,"c":1,"s":"SNPP","n":0}},{"type":"Feature","geometry":{"type":"Point","coordinates":[143.8582,-14.6804]},"properties":{"d":"2026-10-09","t":"0408","frp":5.7,"b":335.1,"c":1,"s":"SNPP","n":0}},{"type":"Feature","geometry":{"type":"Point","coordinates":[143.8133,-14.6802]},"properties":{"d":"2026-10-09","t":"0408","frp":6.4,"b":354.3,"c":1,"s":"SNPP","n":0}},{"type":"Feature","geometry":{"type":"Point","coordinates":[143.8698,-14.6799]},"properties":{"d":"2026-10-09","t":"0408","frp":3.4,"b":343.2,"c":1,"s":"SNPP","n":0}},{"type":"Feature","geometry":{"type":"Point","coordinates":[143.8692,-14.6788]},"properties":{"d":"2026-10-09","t":"0408","frp":5.0,"b":341.6,"c":1,"s":"SNPP","n":0}},{"type":"Feature","geometry":{"type":"Point","coordinates":[143.8687,-14.6754]},"properties":{"d":"2026-10-09","t":"0408","frp":5.0,"b":341.4,"c":1,"s":"SNPP","n":0}},{"type":"Feature","geometry":{"type":"Point","coordinates":[143.8666,-14.662]},"properties":{"d":"2026-10-09","t":"0408","frp":7.8,"b":336.0,"c":1,"s":"SNPP","n":0}},{"type":"Feature","geometry":{"type":"Point","coordinates":[143.8655,-14.6553]},"properties":{"d":"2026-10-09","t":"0408","frp":3.4,"b":334.9,"c":1,"s":"SNPP","n":0}},{"type":"Feature","geometry":{"type":"Point","coordinates":[134.9041,-14.648]},"properties":{"d":"2026-10-09","t":"0408","frp":22.2,"b":367.0,"c":2,"s":"SNPP","n":0}},{"type":"Feature","geometry":{"type":"Point","coordinates":[143.8603,-14.6457]},"properties":{"d":"2026-10-09","t":"0408","frp":14.6,"b":344.2,"c":1,"s":"SNPP","n":0}},{"type":"Feature","geometry":{"type":"Point","coordinates":[134.892,-14.6437]},"properties":{"d":"2026-10-09","t":"0408","frp":28.6,"b":339.0,"c":1,"s":"SNPP","n":0}},{"type":"Feature","geometry":{"type":"Point","coordinates":[134.8958,-14.6432]},"properties":{"d":"2026-10-09","t":"0408","frp":38.3,"b":367.0,"c":2,"s":"SNPP","n":0}},{"type":"Feature","geometry":{"type":"Point","coordinates":[143.8598,-14.6424]},"properties":{"d":"2026-10-09","t":"0408","frp":14.6,"b":345.4,"c":1,"s":"SNPP","n":0}},{"type":"Feature","geometry":{"type":"Point","coordinates":[143.8592,-14.639]},"properties":{"d":"2026-10-09","t":"0408","frp":9.9,"b":340.0,"c":1,"s":"SNPP","n":0}},{"type":"Feature","geometry":{"type":"Point","coordinates":[134.8915,-14.638]},"properties":{"d":"2026-10-09","t":"0408","frp":3.0,"b":338.9,"c":1,"s":"SNPP","n":0}},{"type":"Feature","geometry":{"type":"Point","coordinates":[134.9257,-14.6341]},"properties":{"d":"2026-10-09","t":"0408","frp":4.6,"b":339.9,"c":1,"s":"SNPP","n":0}},{"type":"Feature","geometry":{"type":"Point","coordinates":[134.9251,-14.6285]},"properties":{"d":"2026-10-09","t":"0408","frp":4.6,"b":346.5,"c":1,"s":"SNPP","n":0}},{"type":"Feature","geometry":{"type":"Point","coordinates":[134.8988,-14.603]},"properties":{"d":"2026-10-09","t":"0408","frp":2.5,"b":345.6,"c":1,"s":"SNPP","n":0}},{"type":"Feature","geometry":{"type":"Point","coordinates":[134.9027,-14.6025]},"properties":{"d":"2026-10-09","t":"0408","frp":2.5,"b":334.6,"c":0,"s":"SNPP","n":0}},{"type":"Feature","geometry":{"type":"Point","coordinates":[135.0106,-14.5678]},"properties":{"d":"2026-10-09","t":"0408","frp":2.9,"b":341.5,"c":1,"s":"SNPP","n":0}},{"type":"Feature","geometry":{"type":"Point","coordinates":[135.5184,-14.5656]},"properties":{"d":"2026-10-09","t":"0408","frp":12.8,"b":330.3,"c":1,"s":"SNPP","n":0}},{"type":"Feature","geometry":{"type":"Point","coordinates":[135.5143,-14.5606]},"properties":{"d":"2026-10-09","t":"0408","frp":22.2,"b":354.6,"c":1,"s":"SNPP","n":0}},{"type":"Feature","geometry":{"type":"Point","coordinates":[135.5178,-14.5602]},"properties":{"d":"2026-10-09","t":"0408","frp":12.8,"b":367.0,"c":2,"s":"SNPP","n":0}},{"type":"Feature","geometry":{"type":"Point","coordinates":[135.5213,-14.5598]},"properties":{"d":"2026-10-09","t":"0408","frp":12.8,"b":331.2,"c":1,"s":"SNPP","n":0}},{"type":"Feature","geometry":{"type":"Point","coordinates":[144.4494,-14.3138]},"properties":{"d":"2026-10-09","t":"0408","frp":3.8,"b":340.7,"c":1,"s":"SNPP","n":0}},{"type":"Feature","geometry":{"type":"Point","coordinates":[144.4529,-14.3133]},"properties":{"d":"2026-10-09","t":"0408","frp":3.8,"b":332.5,"c":0,"s":"SNPP","n":0}},{"type":"Feature","geometry":{"type":"Point","coordinates":[144.4524,-14.31]},"properties":{"d":"2026-10-09","t":"0408","frp":3.8,"b":354.3,"c":1,"s":"SNPP","n":0}},{"type":"Feature","geometry":{"type":"Point","coordinates":[144.4555,-14.3061]},"properties":{"d":"2026-10-09","t":"0408","frp":4.7,"b":356.2,"c":1,"s":"SNPP","n":0}},{"type":"Feature","geometry":{"type":"Point","coordinates":[144.459,-14.3056]},"properties":{"d":"2026-10-09","t":"0408","frp":4.7,"b":334.7,"c":1,"s":"SNPP","n":0}},{"type":"Feature","geometry":{"type":"Point","coordinates":[144.4585,-14.3022]},"properties":{"d":"2026-10-09","t":"0408","frp":4.7,"b":340.5,"c":1,"s":"SNPP","n":0}},{"type":"Feature","geometry":{"type":"Point","coordinates":[144.458,-14.2989]},"properties":{"d":"2026-10-09","t":"0408","frp":5.2,"b":340.4,"c":1,"s":"SNPP","n":0}},{"type":"Feature","geometry":{"type":"Point","coordinates":[144.4575,-14.2956]},"properties":{"d":"2026-10-09","t":"0408","frp":5.2,"b":347.8,"c":1,"s":"SNPP","n":0}},{"type":"Feature","geometry":{"type":"Point","coordinates":[144.4569,-14.2922]},"properties":{"d":"2026-10-09","t":"0408","frp":12.1,"b":367.0,"c":2,"s":"SNPP","n":0}},{"type":"Feature","geometry":{"type":"Point","coordinates":[144.46,-14.2884]},"properties":{"d":"2026-10-09","t":"0408","frp":6.3,"b":333.2,"c":1,"s":"SNPP","n":0}},{"type":"Feature","geometry":{"type":"Point","coordinates":[144.4559,-14.2856]},"properties":{"d":"2026-10-09","t":"0408","frp":4.0,"b":331.6,"c":0,"s":"SNPP","n":0}},{"type":"Feature","geometry":{"type":"Point","coordinates":[144.4594,-14.2851]},"properties":{"d":"2026-10-09","t":"0408","frp":5.5,"b":342.1,"c":1,"s":"SNPP","n":0}},{"type":"Feature","geometry":{"type":"Point","coordinates":[144.4532,-14.2689]},"properties":{"d":"2026-10-09","t":"0408","frp":4.1,"b":333.2,"c":1,"s":"SNPP","n":0}},{"type":"Feature","geometry":{"type":"Point","coordinates":[144.441,-14.2647]},"properties":{"d":"2026-10-09","t":"0408","frp":3.4,"b":332.4,"c":1,"s":"SNPP","n":0}},{"type":"Feature","geometry":{"type":"Point","coordinates":[136.4918,-14.177]},"properties":{"d":"2026-10-09","t":"0408","frp":7.1,"b":338.3,"c":1,"s":"SNPP","n":0}},{"type":"Feature","geometry":{"type":"Point","coordinates":[136.4976,-14.1762]},"properties":{"d":"2026-10-09","t":"0408","frp":7.1,"b":356.0,"c":1,"s":"SNPP","n":0}},{"type":"Feature","geometry":{"type":"Point","coordinates":[136.4936,-14.1755]},"properties":{"d":"2026-10-09","t":"0408","frp":8.6,"b":336.9,"c":1,"s":"SNPP","n":0}},{"type":"Feature","geometry":{"type":"Point","coordinates":[136.4995,-14.1748]},"properties":{"d":"2026-10-09","t":"0408","frp":11.2,"b":346.6,"c":1,"s":"SNPP","n":0}},{"type":"Feature","geometry":{"type":"Point","coordinates":[136.637,-14.0981]},"properties":{"d":"2026-10-09","t":"0408","frp":29.7,"b":348.3,"c":1,"s":"SNPP","n":0}},{"type":"Feature","geometry":{"type":"Point","coordinates":[136.6428,-14.0974]},"properties":{"d":"2026-10-09","t":"0408","frp":29.7,"b":342.4,"c":1,"s":"SNPP","n":0}},{"type":"Feature","geometry":{"type":"Point","coordinates":[136.6485,-14.0967]},"properties":{"d":"2026-10-09","t":"0408","frp":9.5,"b":333.4,"c":1,"s":"SNPP","n":0}},{"type":"Feature","geometry":{"type":"Point","coordinates":[136.6544,-14.0959]},"properties":{"d":"2026-10-09","t":"0408","frp":9.5,"b":352.8,"c":1,"s":"SNPP","n":0}},{"type":"Feature","geometry":{"type":"Point","coordinates":[136.6364,-14.0931]},"properties":{"d":"2026-10-09","t":"0408","frp":27.6,"b":356.8,"c":1,"s":"SNPP","n":0}},{"type":"Feature","geometry":{"type":"Point","coordinates":[136.6422,-14.0924]},"properties":{"d":"2026-10-09","t":"0408","frp":27.6,"b":339.4,"c":1,"s":"SNPP","n":0}},{"type":"Feature","geometry":{"type":"Point","coordinates":[136.6536,-14.091]},"properties":{"d":"2026-10-09","t":"0408","frp":12.6,"b":342.2,"c":1,"s":"SNPP","n":0}},{"type":"Feature","geometry":{"type":"Point","coordinates":[136.6594,-14.0903]},"properties":{"d":"2026-10-09","t":"0408","frp":10.5,"b":347.1,"c":1,"s":"SNPP","n":0}},{"type":"Feature","geometry":{"type":"Point","coordinates":[136.6652,-14.0896]},"properties":{"d":"2026-10-09","t":"0408","frp":10.5,"b":341.4,"c":1,"s":"SNPP","n":0}},{"type":"Feature","geometry":{"type":"Point","coordinates":[136.6358,-14.0881]},"properties":{"d":"2026-10-09","t":"0408","frp":27.6,"b":353.8,"c":1,"s":"SNPP","n":0}},{"type":"Feature","geometry":{"type":"Point","coordinates":[136.635,-14.0831]},"properties":{"d":"2026-10-09","t":"0408","frp":13.4,"b":349.9,"c":1,"s":"SNPP","n":0}},{"type":"Feature","geometry":{"type":"Point","coordinates":[136.6109,-14.081]},"properties":{"d":"2026-10-09","t":"0408","frp":12.0,"b":347.3,"c":1,"s":"SNPP","n":0}},{"type":"Feature","geometry":{"type":"Point","coordinates":[136.6167,-14.0803]},"properties":{"d":"2026-10-09","t":"0408","frp":12.0,"b":336.4,"c":1,"s":"SNPP","n":0}},{"type":"Feature","geometry":{"type":"Point","coordinates":[136.6103,-14.076]},"properties":{"d":"2026-10-09","t":"0408","frp":15.7,"b":350.9,"c":1,"s":"SNPP","n":0}},{"type":"Feature","geometry":{"type":"Point","coordinates":[136.6161,-14.0753]},"properties":{"d":"2026-10-09","t":"0408","frp":15.7,"b":345.8,"c":1,"s":"SNPP","n":0}},{"type":"Feature","geometry":{"type":"Point","coordinates":[136.6219,-14.0746]},"properties":{"d":"2026-10-09","t":"0408","frp":7.4,"b":330.6,"c":1,"s":"SNPP","n":0}},{"type":"Feature","geometry":{"type":"Point","coordinates":[136.6277,-14.0739]},"properties":{"d":"2026-10-09","t":"0408","frp":7.4,"b":342.7,"c":1,"s":"SNPP","n":0}},{"type":"Feature","geometry":{"type":"Point","coordinates":[136.6098,-14.071]},"properties":{"d":"2026-10-09","t":"0408","frp":15.7,"b":342.0,"c":1,"s":"SNPP","n":0}},{"type":"Feature","geometry":{"type":"Point","coordinates":[136.6155,-14.0703]},"properties":{"d":"2026-10-09","t":"0408","frp":15.7,"b":335.4,"c":1,"s":"SNPP","n":0}},{"type":"Feature","geometry":{"type":"Point","coordinates":[136.6446,-14.0668]},"properties":{"d":"2026-10-09","t":"0408","frp":5.6,"b":332.0,"c":1,"s":"SNPP","n":0}},{"type":"Feature","geometry":{"type":"Point","coordinates":[136.615,-14.0653]},"properties":{"d":"2026-10-09","t":"0408","frp":25.2,"b":367.0,"c":2,"s":"SNPP","n":0}},{"type":"Feature","geometry":{"type":"Point","coordinates":[143.3055,-14.0625]},"properties":{"d":"2026-10-09","t":"0408","frp":5.3,"b":337.6,"c":1,"s":"SNPP","n":0}},{"type":"Feature","geometry":{"type":"Point","coordinates":[143.3087,-14.0586]},"properties":{"d":"2026-10-09","t":"0408","frp":2.9,"b":346.1,"c":1,"s":"SNPP","n":0}},{"type":"Feature","geometry":{"type":"Point","coordinates":[143.3082,-14.0552]},"properties":{"d":"2026-10-09","t":"0408","frp":2.9,"b":331.9,"c":0,"s":"SNPP","n":0}},{"type":"Feature","geometry":{"type":"Point","coordinates":[136.6365,-14.0476]},"properties":{"d":"2026-10-09","t":"0408","frp":4.6,"b":337.9,"c":1,"s":"SNPP","n":0}},{"type":"Feature","geometry":{"type":"Point","coordinates":[136.6343,-14.0472]},"properties":{"d":"2026-10-09","t":"0408","frp":10.6,"b":338.0,"c":1,"s":"SNPP","n":0}},{"type":"Feature","geometry":{"type":"Point","coordinates":[136.6423,-14.0469]},"properties":{"d":"2026-10-09","t":"0408","frp":4.1,"b":334.1,"c":1,"s":"SNPP","n":0}},{"type":"Feature","geometry":{"type":"Point","coordinates":[136.6401,-14.0464]},"properties":{"d":"2026-10-09","t":"0408","frp":10.6,"b":341.8,"c":1,"s":"SNPP","n":0}},{"type":"Feature","geometry":{"type":"Point","coordinates":[136.6481,-14.0462]},"properties":{"d":"2026-10-09","t":"0408","frp":4.1,"b":331.8,"c":1,"s":"SNPP","n":0}},{"type":"Feature","geometry":{"type":"Point","coordinates":[143.2992,-14.0461]},"properties":{"d":"2026-10-09","t":"0408","frp":5.8,"b":350.6,"c":1,"s":"SNPP","n":0}},{"type":"Feature","geometry":{"type":"Point","coordinates":[136.6457,-14.0457]},"properties":{"d":"2026-10-09","t":"0408","frp":14.4,"b":350.8,"c":1,"s":"SNPP","n":0}},{"type":"Feature","geometry":{"type":"Point","coordinates":[143.2987,-14.0427]},"properties":{"d":"2026-10-09","t":"0408","frp":5.8,"b":338.8,"c":1,"s":"SNPP","n":0}},{"type":"Feature","geometry":{"type":"Point","coordinates":[136.636,-14.0426]},"properties":{"d":"2026-10-09","t":"0408","frp":8.9,"b":343.4,"c":1,"s":"SNPP","n":0}},{"type":"Feature","geometry":{"type":"Point","coordinates":[136.6418,-14.0419]},"properties":{"d":"2026-10-09","t":"0408","frp":16.3,"b":353.7,"c":1,"s":"SNPP","n":0}},{"type":"Feature","geometry":{"type":"Point","coordinates":[136.6396,-14.0414]},"properties":{"d":"2026-10-09","t":"0408","frp":10.6,"b":349.8,"c":1,"s":"SNPP","n":0}},{"type":"Feature","geometry":{"type":"Point","coordinates":[136.6475,-14.0412]},"properties":{"d":"2026-10-09","t":"0408","frp":16.3,"b":344.8,"c":1,"s":"SNPP","n":0}},{"type":"Feature","geometry":{"type":"Point","coordinates":[136.6453,-14.0407]},"properties":{"d":"2026-10-09","t":"0408","frp":14.4,"b":352.0,"c":1,"s":"SNPP","n":0}},{"type":"Feature","geometry":{"type":"Point","coordinates":[143.2945,-14.0398]},"properties":{"d":"2026-10-09","t":"0408","frp":2.3,"b":332.9,"c":0,"s":"SNPP","n":0}},{"type":"Feature","geometry":{"type":"Point","coordinates":[143.2982,-14.0393]},"properties":{"d":"2026-10-09","t":"0408","frp":7.1,"b":354.3,"c":1,"s":"SNPP","n":0}},{"type":"Feature","geometry":{"type":"Point","coordinates":[143.2939,-14.0365]},"properties":{"d":"2026-10-09","t":"0408","frp":2.3,"b":333.8,"c":0,"s":"SNPP","n":0}},{"type":"Feature","geometry":{"type":"Point","coordinates":[143.2977,-14.0359]},"properties":{"d":"2026-10-09","t":"0408","frp":7.1,"b":332.6,"c":0,"s":"SNPP","n":0}},{"type":"Feature","geometry":{"type":"Point","coordinates":[136.7025,-14.0335]},"properties":{"d":"2026-10-09","t":"0408","frp":6.4,"b":335.2,"c":1,"s":"SNPP","n":0}},{"type":"Feature","geometry":{"type":"Point","coordinates":[136.6869,-14.0316]},"properties":{"d":"2026-10-09","t":"0408","frp":3.8,"b":332.6,"c":1,"s":"SNPP","n":0}},{"type":"Feature","geometry":{"type":"Point","coordinates":[136.6903,-14.03]},"properties":{"d":"2026-10-09","t":"0408","frp":10.1,"b":343.1,"c":1,"s":"SNPP","n":0}},{"type":"Feature","geometry":{"type":"Point","coordinates":[136.7042,-14.0295]},"properties":{"d":"2026-10-09","t":"0408","frp":10.9,"b":346.8,"c":1,"s":"SNPP","n":0}},{"type":"Feature","geometry":{"type":"Point","coordinates":[136.7018,-14.0286]},"properties":{"d":"2026-10-09","t":"0408","frp":11.4,"b":345.8,"c":1,"s":"SNPP","n":0}},{"type":"Feature","geometry":{"type":"Point","coordinates":[136.6863,-14.0266]},"properties":{"d":"2026-10-09","t":"0408","frp":6.6,"b":330.5,"c":1,"s":"SNPP","n":0}},{"type":"Feature","geometry":{"type":"Point","coordinates":[136.692,-14.0259]},"properties":{"d":"2026-10-09","t":"0408","frp":6.6,"b":344.5,"c":1,"s":"SNPP","n":0}},{"type":"Feature","geometry":{"type":"Point","coordinates":[136.6897,-14.0251]},"properties":{"d":"2026-10-09","t":"0408","frp":10.1,"b":339.5,"c":1,"s":"SNPP","n":0}},{"type":"Feature","geometry":{"type":"Point","coordinates":[136.7035,-14.0246]},"properties":{"d":"2026-10-09","t":"0408","frp":18.0,"b":339.5,"c":1,"s":"SNPP","n":0}},{"type":"Feature","geometry":{"type":"Point","coordinates":[136.6954,-14.0244]},"properties":{"d":"2026-10-09","t":"0408","frp":10.1,"b":346.9,"c":1,"s":"SNPP","n":0}},{"type":"Feature","geometry":{"type":"Point","coordinates":[136.7011,-14.0237]},"properties":{"d":"2026-10-09","t":"0408","frp":11.4,"b":345.8,"c":1,"s":"SNPP","n":0}},{"type":"Feature","geometry":{"type":"Point","coordinates":[136.5427,-14.023]},"properties":{"d":"2026-10-09","t":"0408","frp":3.6,"b":335.0,"c":1,"s":"SNPP","n":0}},{"type":"Feature","geometry":{"type":"Point","coordinates":[136.6914,-14.021]},"properties":{"d":"2026-10-09","t":"0408","frp":6.6,"b":342.2,"c":1,"s":"SNPP","n":0}},{"type":"Feature","geometry":{"type":"Point","coordinates":[136.6971,-14.0203]},"properties":{"d":"2026-10-09","t":"0408","frp":18.0,"b":351.6,"c":1,"s":"SNPP","n":0}},{"type":"Feature","geometry":{"type":"Point","coordinates":[136.7027,-14.0197]},"properties":{"d":"2026-10-09","t":"0408","frp":18.0,"b":343.7,"c":1,"s":"SNPP","n":0}},{"type":"Feature","geometry":{"type":"Point","coordinates":[136.6947,-14.0194]},"properties":{"d":"2026-10-09","t":"0408","frp":9.0,"b":344.4,"c":1,"s":"SNPP","n":0}},{"type":"Feature","geometry":{"type":"Point","coordinates":[136.5363,-14.0188]},"properties":{"d":"2026-10-09","t":"0408","frp":7.3,"b":344.7,"c":1,"s":"SNPP","n":0}},{"type":"Feature","geometry":{"type":"Point","coordinates":[136.7004,-14.0187]},"properties":{"d":"2026-10-09","t":"0408","frp":23.4,"b":367.0,"c":2,"s":"SNPP","n":0}},{"type":"Feature","geometry":{"type":"Point","coordinates":[136.542,-14.0181]},"properties":{"d":"2026-10-09","t":"0408","frp":7.3,"b":339.1,"c":1,"s":"SNPP","n":0}},{"type":"Feature","geometry":{"type":"Point","coordinates":[136.5635,-13.9951]},"properties":{"d":"2026-10-09","t":"0408","frp":20.5,"b":354.6,"c":1,"s":"SNPP","n":0}},{"type":"Feature","geometry":{"type":"Point","coordinates":[142.001,-13.6789]},"properties":{"d":"2026-10-09","t":"0408","frp":59.0,"b":349.8,"c":0,"s":"SNPP","n":0}},{"type":"Feature","geometry":{"type":"Point","coordinates":[142.0051,-13.6783]},"properties":{"d":"2026-10-09","t":"0408","frp":59.0,"b":346.8,"c":0,"s":"SNPP","n":0}},{"type":"Feature","geometry":{"type":"Point","coordinates":[142.0091,-13.6778]},"properties":{"d":"2026-10-09","t":"0408","frp":36.5,"b":356.6,"c":1,"s":"SNPP","n":0}},{"type":"Feature","geometry":{"type":"Point","coordinates":[141.9088,-13.6774]},"properties":{"d":"2026-10-09","t":"0408","frp":2.8,"b":335.2,"c":0,"s":"SNPP","n":0}},{"type":"Feature","geometry":{"type":"Point","coordinates":[142.0132,-13.6772]},"properties":{"d":"2026-10-09","t":"0408","frp":36.5,"b":356.1,"c":1,"s":"SNPP","n":0}},{"type":"Feature","geometry":{"type":"Point","coordinates":[142.0173,-13.6766]},"properties":{"d":"2026-10-09","t":"0408","frp":10.4,"b":354.7,"c":1,"s":"SNPP","n":0}},{"type":"Feature","geometry":{"type":"Point","coordinates":[142.0214,-13.676]},"properties":{"d":"2026-10-09","t":"0408","frp":10.4,"b":344.6,"c":1,"s":"SNPP","n":0}},{"type":"Feature","geometry":{"type":"Point","coordinates":[141.9964,-13.6759]},"properties":{"d":"2026-10-09","t":"0408","frp":26.2,"b":346.4,"c":0,"s":"SNPP","n":0}},{"type":"Feature","geometry":{"type":"Point","coordinates":[141.9211,-13.6756]},"properties":{"d":"2026-10-09","t":"0408","frp":13.4,"b":356.8,"c":1,"s":"SNPP","n":0}},{"type":"Feature","geometry":{"type":"Point","coordinates":[142.0254,-13.6755]},"properties":{"d":"2026-10-09","t":"0408","frp":11.0,"b":355.4,"c":1,"s":"SNPP","n":0}},{"type":"Feature","geometry":{"type":"Point","coordinates":[141.9252,-13.6751]},"properties":{"d":"2026-10-09","t":"0408","frp":5.4,"b":344.8,"c":0,"s":"SNPP","n":0}},{"type":"Feature","geometry":{"type":"Point","coordinates":[142.0295,-13.6749]},"properties":{"d":"2026-10-09","t":"0408","frp":11.0,"b":354.0,"c":1,"s":"SNPP","n":0}},{"type":"Feature","geometry":{"type":"Point","coordinates":[141.9293,-13.6745]},"properties":{"d":"2026-10-09","t":"0408","frp":5.4,"b":334.9,"c":0,"s":"SNPP","n":0}},{"type":"Feature","geometry":{"type":"Point","coordinates":[141.9041,-13.6744]},"properties":{"d":"2026-10-09","t":"0408","frp":3.4,"b":341.5,"c":0,"s":"SNPP","n":0}},{"type":"Feature","geometry":{"type":"Point","coordinates":[142.0335,-13.6743]},"properties":{"d":"2026-10-09","t":"0408","frp":9.4,"b":356.6,"c":1,"s":"SNPP","n":0}},{"type":"Feature","geometry":{"type":"Point","coordinates":[141.9082,-13.6738]},"properties":{"d":"2026-10-09","t":"0408","frp":2.8,"b":333.0,"c":0,"s":"SNPP","n":0}},{"type":"Feature","geometry":{"type":"Point","coordinates":[142.0376,-13.6738]},"properties":{"d":"2026-10-09","t":"0408","frp":9.4,"b":352.8,"c":1,"s":"SNPP","n":0}},{"type":"Feature","geometry":{"type":"Point","coordinates":[141.9124,-13.6732]},"properties":{"d":"2026-10-09","t":"0408","frp":2.8,"b":335.0,"c":0,"s":"SNPP","n":0}},{"type":"Feature","geometry":{"type":"Point","coordinates":[141.9165,-13.6726]},"properties":{"d":"2026-10-09","t":"0408","frp":13.4,"b":336.1,"c":0,"s":"SNPP","n":0}},{"type":"Feature","geometry":{"type":"Point","coordinates":[141.9288,-13.6709]},"properties":{"d":"2026-10-09","t":"0408","frp":5.4,"b":331.2,"c":0,"s":"SNPP","n":0}},{"type":"Feature","geometry":{"type":"Point","coordinates":[142.033,-13.6708]},"properties":{"d":"2026-10-09","t":"0408","frp":9.4,"b":333.6,"c":0,"s":"SNPP","n":0}},{"type":"Feature","geometry":{"type":"Point","coordinates":[141.9329,-13.6703]},"properties":{"d":"2026-10-09","t":"0408","frp":4.4,"b":333.3,"c":0,"s":"SNPP","n":0}},{"type":"Feature","geometry":{"type":"Point","coordinates":[141.9077,-13.6702]},"properties":{"d":"2026-10-09","t":"0408","frp":5.7,"b":333.7,"c":0,"s":"SNPP","n":0}},{"type":"Feature","geometry":{"type":"Point","coordinates":[142.0371,-13.6702]},"properties":{"d":"2026-10-09","t":"0408","frp":9.4,"b":339.9,"c":0,"s":"SNPP","n":0}},{"type":"Feature","geometry":{"type":"Point","coordinates":[141.937,-13.6698]},"properties":{"d":"2026-10-09","t":"0408","frp":4.4,"b":350.0,"c":1,"s":"SNPP","n":0}},{"type":"Feature","geometry":{"type":"Point","coordinates":[142.0411,-13.6696]},"properties":{"d":"2026-10-09","t":"0408","frp":10.3,"b":351.8,"c":1,"s":"SNPP","n":0}},{"type":"Feature","geometry":{"type":"Point","coordinates":[141.9379,-13.6674]},"properties":{"d":"2026-10-09","t":"0408","frp":8.4,"b":348.6,"c":1,"s":"SNPP","n":0}},{"type":"Feature","geometry":{"type":"Point","coordinates":[141.9406,-13.6656]},"properties":{"d":"2026-10-09","t":"0408","frp":4.1,"b":343.1,"c":1,"s":"SNPP","n":0}},{"type":"Feature","geometry":{"type":"Point","coordinates":[142.0447,-13.6655]},"properties":{"d":"2026-10-09","t":"0408","frp":11.3,"b":349.6,"c":0,"s":"SNPP","n":0}},{"type":"Feature","geometry":{"type":"Point","coordinates":[141.9195,-13.6649]},"properties":{"d":"2026-10-09","t":"0408","frp":6.1,"b":332.4,"c":0,"s":"SNPP","n":0}},{"type":"Feature","geometry":{"type":"Point","coordinates":[141.9035,-13.6615]},"properties":{"d":"2026-10-09","t":"0408","frp":4.5,"b":341.9,"c":1,"s":"SNPP","n":0}},{"type":"Feature","geometry":{"type":"Point","coordinates":[142.0482,-13.6614]},"properties":{"d":"2026-10-09","t":"0408","frp":7.8,"b":338.9,"c":0,"s":"SNPP","n":0}},{"type":"Feature","geometry":{"type":"Point","coordinates":[142.0113,-13.6568]},"properties":{"d":"2026-10-09","t":"0408","frp":6.0,"b":353.1,"c":0,"s":"SNPP","n":0}},{"type":"Feature","geometry":{"type":"Point","coordinates":[142.01,-13.6559]},"properties":{"d":"2026-10-09","t":"0408","frp":9.5,"b":354.8,"c":1,"s":"SNPP","n":0}},{"type":"Feature","geometry":{"type":"Point","coordinates":[142.0141,-13.6554]},"properties":{"d":"2026-10-09","t":"0408","frp":6.6,"b":347.5,"c":1,"s":"SNPP","n":0}},{"type":"Feature","geometry":{"type":"Point","coordinates":[142.0235,-13.655]},"properties":{"d":"2026-10-09","t":"0408","frp":6.4,"b":345.4,"c":0,"s":"SNPP","n":0}},{"type":"Feature","geometry":{"type":"Point","coordinates":[142.0182,-13.6548]},"properties":{"d":"2026-10-09","t":"0408","frp":6.6,"b":340.8,"c":0,"s":"SNPP","n":0}},{"type":"Feature","geometry":{"type":"Point","coordinates":[142.0276,-13.6544]},"properties":{"d":"2026-10-09","t":"0408","frp":6.4,"b":350.4,"c":1,"s":"SNPP","n":0}},{"type":"Feature","geometry":{"type":"Point","coordinates":[142.0223,-13.6542]},"properties":{"d":"2026-10-09","t":"0408","frp":6.4,"b":345.4,"c":0,"s":"SNPP","n":0}},{"type":"Feature","geometry":{"type":"Point","coordinates":[142.0316,-13.6538]},"properties":{"d":"2026-10-09","t":"0408","frp":3.0,"b":337.8,"c":0,"s":"SNPP","n":0}},{"type":"Feature","geometry":{"type":"Point","coordinates":[142.0263,-13.6536]},"properties":{"d":"2026-10-09","t":"0408","frp":6.4,"b":354.4,"c":1,"s":"SNPP","n":0}},{"type":"Feature","geometry":{"type":"Point","coordinates":[142.0108,-13.6532]},"properties":{"d":"2026-10-09","t":"0408","frp":6.0,"b":336.5,"c":0,"s":"SNPP","n":0}},{"type":"Feature","geometry":{"type":"Point","coordinates":[142.0357,-13.6532]},"properties":{"d":"2026-10-09","t":"0408","frp":3.0,"b":332.6,"c":0,"s":"SNPP","n":0}},{"type":"Feature","geometry":{"type":"Point","coordinates":[142.0304,-13.6531]},"properties":{"d":"2026-10-09","t":"0408","frp":4.6,"b":351.3,"c":1,"s":"SNPP","n":0}},{"type":"Feature","geometry":{"type":"Point","coordinates":[142.0344,-13.6525]},"properties":{"d":"2026-10-09","t":"0408","frp":4.6,"b":333.4,"c":0,"s":"SNPP","n":0}},{"type":"Feature","geometry":{"type":"Point","coordinates":[142.0189,-13.652]},"properties":{"d":"2026-10-09","t":"0408","frp":11.7,"b":343.3,"c":0,"s":"SNPP","n":0}},{"type":"Feature","geometry":{"type":"Point","coordinates":[142.0438,-13.652]},"properties":{"d":"2026-10-09","t":"0408","frp":8.7,"b":339.4,"c":0,"s":"SNPP","n":0}},{"type":"Feature","geometry":{"type":"Point","coordinates":[142.023,-13.6514]},"properties":{"d":"2026-10-09","t":"0408","frp":6.4,"b":356.6,"c":1,"s":"SNPP","n":0}},{"type":"Feature","geometry":{"type":"Point","coordinates":[142.0426,-13.6514]},"properties":{"d":"2026-10-09","t":"0408","frp":14.2,"b":341.9,"c":0,"s":"SNPP","n":0}},{"type":"Feature","geometry":{"type":"Point","coordinates":[142.027,-13.6509]},"properties":{"d":"2026-10-09","t":"0408","frp":6.4,"b":347.6,"c":1,"s":"SNPP","n":0}},{"type":"Feature","geometry":{"type":"Point","coordinates":[142.0217,-13.6507]},"properties":{"d":"2026-10-09","t":"0408","frp":6.4,"b":347.6,"c":0,"s":"SNPP","n":0}},{"type":"Feature","geometry":{"type":"Point","coordinates":[142.0311,-13.6503]},"properties":{"d":"2026-10-09","t":"0408","frp":3.0,"b":339.7,"c":0,"s":"SNPP","n":0}},{"type":"Feature","geometry":{"type":"Point","coordinates":[142.0258,-13.6501]},"properties":{"d":"2026-10-09","t":"0408","frp":6.4,"b":352.7,"c":0,"s":"SNPP","n":0}},{"type":"Feature","geometry":{"type":"Point","coordinates":[142.0352,-13.6497]},"properties":{"d":"2026-10-09","t":"0408","frp":3.0,"b":333.6,"c":0,"s":"SNPP","n":0}},{"type":"Feature","geometry":{"type":"Point","coordinates":[142.0299,-13.6495]},"properties":{"d":"2026-10-09","t":"0408","frp":4.6,"b":336.0,"c":0,"s":"SNPP","n":0}},{"type":"Feature","geometry":{"type":"Point","coordinates":[142.0392,-13.6491]},"properties":{"d":"2026-10-09","t":"0408","frp":8.7,"b":343.3,"c":0,"s":"SNPP","n":0}},{"type":"Feature","geometry":{"type":"Point","coordinates":[142.0433,-13.6485]},"properties":{"d":"2026-10-09","t":"0408","frp":8.7,"b":348.2,"c":1,"s":"SNPP","n":0}},{"type":"Feature","geometry":{"type":"Point","coordinates":[142.0184,-13.6485]},"properties":{"d":"2026-10-09","t":"0408","frp":6.6,"b":337.9,"c":0,"s":"SNPP","n":0}},{"type":"Feature","geometry":{"type":"Point","coordinates":[142.038,-13.6484]},"properties":{"d":"2026-10-09","t":"0408","frp":14.2,"b":343.7,"c":0,"s":"SNPP","n":0}},{"type":"Feature","geometry":{"type":"Point","coordinates":[142.042,-13.6478]},"properties":{"d":"2026-10-09","t":"0408","frp":14.2,"b":355.9,"c":1,"s":"SNPP","n":0}},{"type":"Feature","geometry":{"type":"Point","coordinates":[142.0265,-13.6473]},"properties":{"d":"2026-10-09","t":"0408","frp":8.6,"b":344.6,"c":0,"s":"SNPP","n":0}},{"type":"Feature","geometry":{"type":"Point","coordinates":[142.0306,-13.6467]},"properties":{"d":"2026-10-09","t":"0408","frp":3.8,"b":332.2,"c":0,"s":"SNPP","n":0}},{"type":"Feature","geometry":{"type":"Point","coordinates":[142.0387,-13.6456]},"properties":{"d":"2026-10-09","t":"0408","frp":36.6,"b":351.3,"c":1,"s":"SNPP","n":0}},{"type":"Feature","geometry":{"type":"Point","coordinates":[142.0173,-13.6414]},"properties":{"d":"2026-10-09","t":"0408","frp":19.5,"b":348.5,"c":1,"s":"SNPP","n":0}},{"type":"Feature","geometry":{"type":"Point","coordinates":[142.0214,-13.6408]},"properties":{"d":"2026-10-09","t":"0408","frp":6.6,"b":340.2,"c":0,"s":"SNPP","n":0}},{"type":"Feature","geometry":{"type":"Point","coordinates":[142.0209,-13.6373]},"properties":{"d":"2026-10-09","t":"0408","frp":6.6,"b":336.0,"c":0,"s":"SNPP","n":0}},{"type":"Feature","geometry":{"type":"Point","coordinates":[142.0244,-13.6332]},"properties":{"d":"2026-10-09","t":"0408","frp":8.2,"b":336.5,"c":0,"s":"SNPP","n":0}},{"type":"Feature","geometry":{"type":"Point","coordinates":[142.0285,-13.6326]},"properties":{"d":"2026-10-09","t":"0408","frp":10.1,"b":355.5,"c":0,"s":"SNPP","n":0}},{"type":"Feature","geometry":{"type":"Point","coordinates":[142.0198,-13.6302]},"properties":{"d":"2026-10-09","t":"0408","frp":8.2,"b":349.1,"c":0,"s":"SNPP","n":0}},{"type":"Feature","geometry":{"type":"Point","coordinates":[130.4054,-13.6001]},"properties":{"d":"2026-10-09","t":"0408","frp":11.6,"b":350.3,"c":1,"s":"SNPP","n":0}},{"type":"Feature","geometry":{"type":"Point","coordinates":[130.4077,-13.5995]},"properties":{"d":"2026-10-09","t":"0408","frp":11.7,"b":351.2,"c":1,"s":"SNPP","n":0}},{"type":"Feature","geometry":{"type":"Point","coordinates":[143.1836,-13.593]},"properties":{"d":"2026-10-09","t":"0408","frp":10.6,"b":351.8,"c":1,"s":"SNPP","n":0}},{"type":"Feature","geometry":{"type":"Point","coordinates":[143.1833,-13.5924]},"properties":{"d":"2026-10-09","t":"0408","frp":5.3,"b":339.6,"c":1,"s":"SNPP","n":0}},{"type":"Feature","geometry":{"type":"Point","coordinates":[143.191,-13.5919]},"properties":{"d":"2026-10-09","t":"0408","frp":2.8,"b":336.5,"c":1,"s":"SNPP","n":0}},{"type":"Feature","geometry":{"type":"Point","coordinates":[143.1907,-13.5913]},"properties":{"d":"2026-10-09","t":"0408","frp":6.6,"b":336.1,"c":1,"s":"SNPP","n":0}},{"type":"Feature","geometry":{"type":"Point","coordinates":[143.168,-13.5669]},"properties":{"d":"2026-10-09","t":"0408","frp":2.9,"b":332.5,"c":0,"s":"SNPP","n":0}},{"type":"Feature","geometry":{"type":"Point","coordinates":[143.1633,-13.5606]},"properties":{"d":"2026-10-09","t":"0408","frp":2.5,"b":336.2,"c":0,"s":"SNPP","n":0}},{"type":"Feature","geometry":{"type":"Point","coordinates":[143.1628,-13.5572]},"properties":{"d":"2026-10-09","t":"0408","frp":2.5,"b":337.5,"c":1,"s":"SNPP","n":0}},{"type":"Feature","geometry":{"type":"Point","coordinates":[143.1487,-13.5142]},"properties":{"d":"2026-10-09","t":"0408","frp":11.9,"b":346.3,"c":1,"s":"SNPP","n":0}},{"type":"Feature","geometry":{"type":"Point","coordinates":[143.1523,-13.5136]},"properties":{"d":"2026-10-09","t":"0408","frp":11.9,"b":367.0,"c":2,"s":"SNPP","n":0}},{"type":"Feature","geometry":{"type":"Point","coordinates":[143.156,-13.5131]},"properties":{"d":"2026-10-09","t":"0408","frp":13.6,"b":367.0,"c":2,"s":"SNPP","n":0}},{"type":"Feature","geometry":{"type":"Point","coordinates":[143.1597,-13.5125]},"properties":{"d":"2026-10-09","t":"0408","frp":13.6,"b":367.0,"c":2,"s":"SNPP","n":0}},{"type":"Feature","geometry":{"type":"Point","coordinates":[143.1555,-13.5097]},"properties":{"d":"2026-10-09","t":"0408","frp":13.6,"b":334.7,"c":1,"s":"SNPP","n":0}},{"type":"Feature","geometry":{"type":"Point","coordinates":[143.1592,-13.5091]},"properties":{"d":"2026-10-09","t":"0408","frp":13.6,"b":355.0,"c":1,"s":"SNPP","n":0}},{"type":"Feature","geometry":{"type":"Point","coordinates":[143.1629,-13.5086]},"properties":{"d":"2026-10-09","t":"0408","frp":28.0,"b":367.0,"c":2,"s":"SNPP","n":0}},{"type":"Feature","geometry":{"type":"Point","coordinates":[143.1623,-13.5052]},"properties":{"d":"2026-10-09","t":"0408","frp":12.5,"b":335.9,"c":1,"s":"SNPP","n":0}},{"type":"Feature","geometry":{"type":"Point","coordinates":[136.1476,-13.5034]},"properties":{"d":"2026-10-09","t":"0408","frp":4.9,"b":333.1,"c":1,"s":"SNPP","n":0}},{"type":"Feature","geometry":{"type":"Point","coordinates":[136.1507,-13.5031]},"properties":{"d":"2026-10-09","t":"0408","frp":4.9,"b":352.3,"c":1,"s":"SNPP","n":0}},{"type":"Feature","geometry":{"type":"Point","coordinates":[136.1538,-13.5027]},"properties":{"d":"2026-10-09","t":"0408","frp":5.8,"b":336.5,"c":1,"s":"SNPP","n":0}},{"type":"Feature","geometry":{"type":"Point","coordinates":[143.1655,-13.5013]},"properties":{"d":"2026-10-09","t":"0408","frp":12.5,"b":345.1,"c":1,"s":"SNPP","n":0}},{"type":"Feature","geometry":{"type":"Point","coordinates":[136.144,-13.4987]},"properties":{"d":"2026-10-09","t":"0408","frp":2.7,"b":334.0,"c":1,"s":"SNPP","n":0}},{"type":"Feature","geometry":{"type":"Point","coordinates":[136.1501,-13.498]},"properties":{"d":"2026-10-09","t":"0408","frp":4.9,"b":352.6,"c":1,"s":"SNPP","n":0}},{"type":"Feature","geometry":{"type":"Point","coordinates":[136.1531,-13.4976]},"properties":{"d":"2026-10-09","t":"0408","frp":5.8,"b":347.0,"c":1,"s":"SNPP","n":0}},{"type":"Feature","geometry":{"type":"Point","coordinates":[143.1756,-13.4929]},"properties":{"d":"2026-10-09","t":"0408","frp":12.7,"b":354.0,"c":1,"s":"SNPP","n":0}},{"type":"Feature","geometry":{"type":"Point","coordinates":[143.175,-13.4895]},"properties":{"d":"2026-10-09","t":"0408","frp":8.8,"b":335.6,"c":0,"s":"SNPP","n":0}},{"type":"Feature","geometry":{"type":"Point","coordinates":[143.1787,-13.4889]},"properties":{"d":"2026-10-09","t":"0408","frp":8.8,"b":341.2,"c":1,"s":"SNPP","n":0}},{"type":"Feature","geometry":{"type":"Point","coordinates":[143.1782,-13.4855]},"properties":{"d":"2026-10-09","t":"0408","frp":8.8,"b":342.5,"c":1,"s":"SNPP","n":0}},{"type":"Feature","geometry":{"type":"Point","coordinates":[143.1785,-13.4853]},"properties":{"d":"2026-10-09","t":"0408","frp":6.0,"b":341.9,"c":1,"s":"SNPP","n":0}},{"type":"Feature","geometry":{"type":"Point","coordinates":[136.1889,-13.4641]},"properties":{"d":"2026-10-09","t":"0408","frp":9.2,"b":367.0,"c":2,"s":"SNPP","n":0}},{"type":"Feature","geometry":{"type":"Point","coordinates":[136.1888,-13.4623]},"properties":{"d":"2026-10-09","t":"0408","frp":13.9,"b":367.0,"c":2,"s":"SNPP","n":0}},{"type":"Feature","geometry":{"type":"Point","coordinates":[136.1883,-13.459]},"properties":{"d":"2026-10-09","t":"0408","frp":9.2,"b":367.0,"c":2,"s":"SNPP","n":0}},{"type":"Feature","geometry":{"type":"Point","coordinates":[136.1882,-13.4572]},"properties":{"d":"2026-10-09","t":"0408","frp":12.1,"b":367.0,"c":2,"s":"SNPP","n":0}},{"type":"Feature","geometry":{"type":"Point","coordinates":[136.1876,-13.4539]},"properties":{"d":"2026-10-09","t":"0408","frp":9.8,"b":367.0,"c":2,"s":"SNPP","n":0}},{"type":"Feature","geometry":{"type":"Point","coordinates":[136.1875,-13.4521]},"properties":{"d":"2026-10-09","t":"0408","frp":12.1,"b":367.0,"c":2,"s":"SNPP","n":0}},{"type":"Feature","geometry":{"type":"Point","coordinates":[136.1869,-13.4488]},"properties":{"d":"2026-10-09","t":"0408","frp":9.8,"b":367.0,"c":2,"s":"SNPP","n":0}},{"type":"Feature","geometry":{"type":"Point","coordinates":[136.2097,-13.1969]},"properties":{"d":"2026-10-09","t":"0408","frp":2.0,"b":337.6,"c":1,"s":"SNPP","n":0}},{"type":"Feature","geometry":{"type":"Point","coordinates":[136.2091,-13.1919]},"properties":{"d":"2026-10-09","t":"0408","frp":2.0,"b":332.6,"c":1,"s":"SNPP","n":0}},{"type":"Feature","geometry":{"type":"Point","coordinates":[136.2121,-13.1915]},"properties":{"d":"2026-10-09","t":"0408","frp":2.0,"b":347.8,"c":1,"s":"SNPP","n":0}},{"type":"Feature","geometry":{"type":"Point","coordinates":[136.2085,-13.1868]},"properties":{"d":"2026-10-09","t":"0408","frp":6.8,"b":367.0,"c":2,"s":"SNPP","n":0}},{"type":"Feature","geometry":{"type":"Point","coordinates":[136.2115,-13.1865]},"properties":{"d":"2026-10-09","t":"0408","frp":6.8,"b":339.5,"c":1,"s":"SNPP","n":0}},{"type":"Feature","geometry":{"type":"Point","coordinates":[131.992,-13.1375]},"properties":{"d":"2026-10-09","t":"0408","frp":5.4,"b":333.0,"c":1,"s":"SNPP","n":0}},{"type":"Feature","geometry":{"type":"Point","coordinates":[131.9949,-13.0789]},"properties":{"d":"2026-10-09","t":"0408","frp":7.6,"b":330.2,"c":1,"s":"SNPP","n":0}},{"type":"Feature","geometry":{"type":"Point","coordinates":[132.0007,-13.0782]},"properties":{"d":"2026-10-09","t":"0408","frp":7.6,"b":334.4,"c":1,"s":"SNPP","n":0}},{"type":"Feature","geometry":{"type":"Point","coordinates":[132.0064,-13.0776]},"properties":{"d":"2026-10-09","t":"0408","frp":7.1,"b":333.8,"c":1,"s":"SNPP","n":0}},{"type":"Feature","geometry":{"type":"Point","coordinates":[131.9913,-13.0772]},"properties":{"d":"2026-10-09","t":"0408","frp":8.3,"b":333.6,"c":1,"s":"SNPP","n":0}},{"type":"Feature","geometry":{"type":"Point","coordinates":[131.997,-13.0767]},"properties":{"d":"2026-10-09","t":"0408","frp":8.3,"b":338.0,"c":1,"s":"SNPP","n":0}},{"type":"Feature","geometry":{"type":"Point","coordinates":[132.0028,-13.0761]},"properties":{"d":"2026-10-09","t":"0408","frp":10.1,"b":331.9,"c":1,"s":"SNPP","n":0}},{"type":"Feature","geometry":{"type":"Point","coordinates":[131.9828,-13.0735]},"properties":{"d":"2026-10-09","t":"0408","frp":8.7,"b":341.1,"c":1,"s":"SNPP","n":0}},{"type":"Feature","geometry":{"type":"Point","coordinates":[131.9885,-13.0729]},"properties":{"d":"2026-10-09","t":"0408","frp":8.7,"b":332.4,"c":1,"s":"SNPP","n":0}},{"type":"Feature","geometry":{"type":"Point","coordinates":[131.9791,-13.0718]},"properties":{"d":"2026-10-09","t":"0408","frp":6.0,"b":337.1,"c":1,"s":"SNPP","n":0}},{"type":"Feature","geometry":{"type":"Point","coordinates":[131.9848,-13.0712]},"properties":{"d":"2026-10-09","t":"0408","frp":6.0,"b":335.1,"c":1,"s":"SNPP","n":0}},{"type":"Feature","geometry":{"type":"Point","coordinates":[131.7903,-13.054]},"properties":{"d":"2026-10-09","t":"0408","frp":9.2,"b":334.9,"c":1,"s":"SNPP","n":0}},{"type":"Feature","geometry":{"type":"Point","coordinates":[142.0756,-13.0215]},"properties":{"d":"2026-10-09","t":"0408","frp":24.6,"b":355.5,"c":0,"s":"SNPP","n":0}},{"type":"Feature","geometry":{"type":"Point","coordinates":[142.0632,-13.0197]},"properties":{"d":"2026-10-09","t":"0408","frp":5.0,"b":337.1,"c":0,"s":"SNPP","n":0}},{"type":"Feature","geometry":{"type":"Point","coordinates":[142.0627,-13.0161]},"properties":{"d":"2026-10-09","t":"0408","frp":6.0,"b":340.9,"c":1,"s":"SNPP","n":0}},{"type":"Feature","geometry":{"type":"Point","coordinates":[136.0251,-12.9474]},"properties":{"d":"2026-10-09","t":"0408","frp":2.8,"b":338.4,"c":1,"s":"SNPP","n":0}},{"type":"Feature","geometry":{"type":"Point","coordinates":[136.0282,-12.9471]},"properties":{"d":"2026-10-09","t":"0408","frp":8.4,"b":367.0,"c":2,"s":"SNPP","n":0}},{"type":"Feature","geometry":{"type":"Point","coordinates":[136.0252,-12.9446]},"properties":{"d":"2026-10-09","t":"0408","frp":7.2,"b":346.5,"c":1,"s":"SNPP","n":0}},{"type":"Feature","geometry":{"type":"Point","coordinates":[136.0282,-12.9442]},"properties":{"d":"2026-10-09","t":"0408","frp":7.2,"b":367.0,"c":2,"s":"SNPP","n":0}},{"type":"Feature","geometry":{"type":"Point","coordinates":[136.0312,-12.9439]},"properties":{"d":"2026-10-09","t":"0408","frp":7.2,"b":338.5,"c":1,"s":"SNPP","n":0}},{"type":"Feature","geometry":{"type":"Point","coordinates":[136.0276,-12.9419]},"properties":{"d":"2026-10-09","t":"0408","frp":10.1,"b":367.0,"c":2,"s":"SNPP","n":0}},{"type":"Feature","geometry":{"type":"Point","coordinates":[136.0306,-12.9416]},"properties":{"d":"2026-10-09","t":"0408","frp":10.1,"b":367.0,"c":2,"s":"SNPP","n":0}},{"type":"Feature","geometry":{"type":"Point","coordinates":[136.0277,-12.9391]},"properties":{"d":"2026-10-09","t":"0408","frp":7.2,"b":346.5,"c":1,"s":"SNPP","n":0}},{"type":"Feature","geometry":{"type":"Point","coordinates":[136.0307,-12.9388]},"properties":{"d":"2026-10-09","t":"0408","frp":7.2,"b":367.0,"c":2,"s":"SNPP","n":0}},{"type":"Feature","geometry":{"type":"Point","coordinates":[136.4348,-12.8855]},"properties":{"d":"2026-10-09","t":"0408","frp":32.1,"b":351.5,"c":1,"s":"SNPP","n":0}},{"type":"Feature","geometry":{"type":"Point","coordinates":[136.434,-12.8853]},"properties":{"d":"2026-10-09","t":"0408","frp":37.6,"b":356.4,"c":1,"s":"SNPP","n":0}},{"type":"Feature","geometry":{"type":"Point","coordinates":[136.4573,-12.8828]},"properties":{"d":"2026-10-09","t":"0408","frp":8.4,"b":333.0,"c":1,"s":"SNPP","n":0}},{"type":"Feature","geometry":{"type":"Point","coordinates":[136.4564,-12.8824]},"properties":{"d":"2026-10-09","t":"0408","frp":8.4,"b":336.6,"c":1,"s":"SNPP","n":0}},{"type":"Feature","geometry":{"type":"Point","coordinates":[136.4342,-12.8805]},"properties":{"d":"2026-10-09","t":"0408","frp":32.1,"b":355.6,"c":1,"s":"SNPP","n":0}},{"type":"Feature","geometry":{"type":"Point","coordinates":[136.4333,-12.8803]},"properties":{"d":"2026-10-09","t":"0408","frp":36.1,"b":354.6,"c":1,"s":"SNPP","n":0}},{"type":"Feature","geometry":{"type":"Point","coordinates":[136.4398,-12.8798]},"properties":{"d":"2026-10-09","t":"0408","frp":32.1,"b":354.9,"c":1,"s":"SNPP","n":0}},{"type":"Feature","geometry":{"type":"Point","coordinates":[136.4389,-12.8796]},"properties":{"d":"2026-10-09","t":"0408","frp":16.5,"b":353.9,"c":1,"s":"SNPP","n":0}},{"type":"Feature","geometry":{"type":"Point","coordinates":[136.4454,-12.8792]},"properties":{"d":"2026-10-09","t":"0408","frp":27.9,"b":352.9,"c":1,"s":"SNPP","n":0}},{"type":"Feature","geometry":{"type":"Point","coordinates":[136.4445,-12.8789]},"properties":{"d":"2026-10-09","t":"0408","frp":16.5,"b":351.8,"c":1,"s":"SNPP","n":0}},{"type":"Feature","geometry":{"type":"Point","coordinates":[136.451,-12.8785]},"properties":{"d":"2026-10-09","t":"0408","frp":27.9,"b":355.1,"c":1,"s":"SNPP","n":0}},{"type":"Feature","geometry":{"type":"Point","coordinates":[136.4501,-12.8782]},"properties":{"d":"2026-10-09","t":"0408","frp":43.7,"b":354.0,"c":1,"s":"SNPP","n":0}},{"type":"Feature","geometry":{"type":"Point","coordinates":[136.3955,-12.8548]},"properties":{"d":"2026-10-09","t":"0408","frp":3.2,"b":338.3,"c":1,"s":"SNPP","n":0}},{"type":"Feature","geometry":{"type":"Point","coordinates":[136.3948,-12.8498]},"properties":{"d":"2026-10-09","t":"0408","frp":3.2,"b":337.4,"c":1,"s":"SNPP","n":0}},{"type":"Feature","geometry":{"type":"Point","coordinates":[136.3923,-12.8299]},"properties":{"d":"2026-10-09","t":"0408","frp":5.5,"b":341.2,"c":1,"s":"SNPP","n":0}},{"type":"Feature","geometry":{"type":"Point","coordinates":[136.4597,-12.8166]},"properties":{"d":"2026-10-09","t":"0408","frp":10.3,"b":340.7,"c":1,"s":"SNPP","n":0}},{"type":"Feature","geometry":{"type":"Point","coordinates":[136.4653,-12.8159]},"properties":{"d":"2026-10-09","t":"0408","frp":9.0,"b":340.2,"c":1,"s":"SNPP","n":0}},{"type":"Feature","geometry":{"type":"Point","coordinates":[143.3368,-12.8143]},"properties":{"d":"2026-10-09","t":"0408","frp":8.2,"b":352.9,"c":1,"s":"SNPP","n":0}},{"type":"Feature","geometry":{"type":"Point","coordinates":[143.3362,-12.8134]},"properties":{"d":"2026-10-09","t":"0408","frp":3.6,"b":343.4,"c":1,"s":"SNPP","n":0}},{"type":"Feature","geometry":{"type":"Point","coordinates":[136.4647,-12.8109]},"properties":{"d":"2026-10-09","t":"0408","frp":9.0,"b":340.9,"c":1,"s":"SNPP","n":0}},{"type":"Feature","geometry":{"type":"Point","coordinates":[143.3709,-12.7497]},"properties":{"d":"2026-10-09","t":"0408","frp":6.0,"b":337.1,"c":1,"s":"SNPP","n":0}},{"type":"Feature","geometry":{"type":"Point","coordinates":[143.3746,-12.7491]},"properties":{"d":"2026-10-09","t":"0408","frp":8.4,"b":354.6,"c":1,"s":"SNPP","n":0}},{"type":"Feature","geometry":{"type":"Point","coordinates":[143.374,-12.7457]},"properties":{"d":"2026-10-09","t":"0408","frp":4.5,"b":349.8,"c":1,"s":"SNPP","n":0}},{"type":"Feature","geometry":{"type":"Point","coordinates":[143.3735,-12.7424]},"properties":{"d":"2026-10-09","t":"0408","frp":4.5,"b":340.5,"c":1,"s":"SNPP","n":0}},{"type":"Feature","geometry":{"type":"Point","coordinates":[143.3725,-12.7357]},"properties":{"d":"2026-10-09","t":"0408","frp":4.0,"b":333.2,"c":1,"s":"SNPP","n":0}},{"type":"Feature","geometry":{"type":"Point","coordinates":[143.3756,-12.7318]},"properties":{"d":"2026-10-09","t":"0408","frp":20.5,"b":335.8,"c":1,"s":"SNPP","n":0}},{"type":"Feature","geometry":{"type":"Point","coordinates":[141.8984,-12.5835]},"properties":{"d":"2026-10-09","t":"0408","frp":8.7,"b":352.9,"c":1,"s":"SNPP","n":0}},{"type":"Feature","geometry":{"type":"Point","coordinates":[141.9023,-12.5829]},"properties":{"d":"2026-10-09","t":"0408","frp":2.6,"b":336.7,"c":0,"s":"SNPP","n":0}},{"type":"Feature","geometry":{"type":"Point","coordinates":[141.9018,-12.5794]},"properties":{"d":"2026-10-09","t":"0408","frp":4.4,"b":333.8,"c":0,"s":"SNPP","n":0}},{"type":"Feature","geometry":{"type":"Point","coordinates":[136.2852,-12.5435]},"properties":{"d":"2026-10-09","t":"0408","frp":12.6,"b":341.5,"c":1,"s":"SNPP","n":0}},{"type":"Feature","geometry":{"type":"Point","coordinates":[136.2846,-12.5385]},"properties":{"d":"2026-10-09","t":"0408","frp":5.4,"b":331.6,"c":1,"s":"SNPP","n":0}},{"type":"Feature","geometry":{"type":"Point","coordinates":[136.2904,-12.5378]},"properties":{"d":"2026-10-09","t":"0408","frp":10.6,"b":337.6,"c":1,"s":"SNPP","n":0}},{"type":"Feature","geometry":{"type":"Point","coordinates":[136.3019,-12.5364]},"properties":{"d":"2026-10-09","t":"0408","frp":5.9,"b":332.5,"c":1,"s":"SNPP","n":0}},{"type":"Feature","geometry":{"type":"Point","coordinates":[136.6694,-12.5298]},"properties":{"d":"2026-10-09","t":"0408","frp":6.6,"b":337.5,"c":1,"s":"SNPP","n":0}},{"type":"Feature","geometry":{"type":"Point","coordinates":[136.8045,-12.483]},"properties":{"d":"2026-10-09","t":"0408","frp":4.2,"b":340.5,"c":1,"s":"SNPP","n":0}},{"type":"Feature","geometry":{"type":"Point","coordinates":[136.8098,-12.4823]},"properties":{"d":"2026-10-09","t":"0408","frp":15.0,"b":367.0,"c":2,"s":"SNPP","n":0}},{"type":"Feature","geometry":{"type":"Point","coordinates":[136.8152,-12.4816]},"properties":{"d":"2026-10-09","t":"0408","frp":15.0,"b":346.0,"c":1,"s":"SNPP","n":0}},{"type":"Feature","geometry":{"type":"Point","coordinates":[136.7986,-12.4788]},"properties":{"d":"2026-10-09","t":"0408","frp":4.2,"b":330.2,"c":1,"s":"SNPP","n":0}},{"type":"Feature","geometry":{"type":"Point","coordinates":[136.8039,-12.4781]},"properties":{"d":"2026-10-09","t":"0408","frp":4.2,"b":332.9,"c":1,"s":"SNPP","n":0}},{"type":"Feature","geometry":{"type":"Point","coordinates":[136.8092,-12.4775]},"properties":{"d":"2026-10-09","t":"0408","frp":15.0,"b":339.8,"c":1,"s":"SNPP","n":0}},{"type":"Feature","geometry":{"type":"Point","coordinates":[136.8145,-12.4768]},"properties":{"d":"2026-10-09","t":"0408","frp":15.0,"b":356.1,"c":1,"s":"SNPP","n":0}},{"type":"Feature","geometry":{"type":"Point","coordinates":[136.7979,-12.474]},"properties":{"d":"2026-10-09","t":"0408","frp":19.0,"b":344.2,"c":1,"s":"SNPP","n":0}},{"type":"Feature","geometry":{"type":"Point","coordinates":[136.8033,-12.4733]},"properties":{"d":"2026-10-09","t":"0408","frp":19.0,"b":344.9,"c":1,"s":"SNPP","n":0}},{"type":"Feature","geometry":{"type":"Point","coordinates":[136.4131,-12.4572]},"properties":{"d":"2026-10-09","t":"0408","frp":7.8,"b":330.2,"c":1,"s":"SNPP","n":0}},{"type":"Feature","geometry":{"type":"Point","coordinates":[136.4123,-12.4565]},"properties":{"d":"2026-10-09","t":"0408","frp":6.6,"b":334.6,"c":1,"s":"SNPP","n":0}},{"type":"Feature","geometry":{"type":"Point","coordinates":[136.8102,-12.4431]},"properties":{"d":"2026-10-09","t":"0408","frp":3.4,"b":337.9,"c":1,"s":"SNPP","n":0}},{"type":"Feature","geometry":{"type":"Point","coordinates":[136.8095,-12.4383]},"properties":{"d":"2026-10-09","t":"0408","frp":3.4,"b":337.8,"c":1,"s":"SNPP","n":0}},{"type":"Feature","geometry":{"type":"Point","coordinates":[136.8148,-12.4377]},"properties":{"d":"2026-10-09","t":"0408","frp":8.4,"b":342.8,"c":1,"s":"SNPP","n":0}},{"type":"Feature","geometry":{"type":"Point","coordinates":[136.8465,-12.4337]},"properties":{"d":"2026-10-09","t":"0408","frp":13.0,"b":367.0,"c":2,"s":"SNPP","n":0}},{"type":"Feature","geometry":{"type":"Point","coordinates":[136.8447,-12.4299]},"properties":{"d":"2026-10-09","t":"0408","frp":14.8,"b":354.9,"c":1,"s":"SNPP","n":0}},{"type":"Feature","geometry":{"type":"Point","coordinates":[136.8459,-12.4289]},"properties":{"d":"2026-10-09","t":"0408","frp":10.7,"b":345.6,"c":1,"s":"SNPP","n":0}},{"type":"Feature","geometry":{"type":"Point","coordinates":[141.9345,-12.4126]},"properties":{"d":"2026-10-09","t":"0408","frp":30.2,"b":343.2,"c":0,"s":"SNPP","n":0}},{"type":"Feature","geometry":{"type":"Point","coordinates":[141.7873,-12.4121]},"properties":{"d":"2026-10-09","t":"0408","frp":6.4,"b":335.9,"c":0,"s":"SNPP","n":0}},{"type":"Feature","geometry":{"type":"Point","coordinates":[141.9295,-12.4062]},"properties":{"d":"2026-10-09","t":"0408","frp":7.9,"b":338.1,"c":0,"s":"SNPP","n":0}},{"type":"Feature","geometry":{"type":"Point","coordinates":[141.7943,-12.4038]},"properties":{"d":"2026-10-09","t":"0408","frp":6.6,"b":335.2,"c":0,"s":"SNPP","n":0}},{"type":"Feature","geometry":{"type":"Point","coordinates":[136.3843,-12.343]},"properties":{"d":"2026-10-09","t":"0408","frp":4.9,"b":335.6,"c":1,"s":"SNPP","n":0}},{"type":"Feature","geometry":{"type":"Point","coordinates":[136.3836,-12.3381]},"properties":{"d":"2026-10-09","t":"0408","frp":4.9,"b":335.9,"c":1,"s":"SNPP","n":0}},{"type":"Feature","geometry":{"type":"Point","coordinates":[133.0234,-12.3181]},"properties":{"d":"2026-10-09","t":"0408","frp":5.6,"b":336.1,"c":1,"s":"SNPP","n":0}},{"type":"Feature","geometry":{"type":"Point","coordinates":[133.0281,-12.3175]},"properties":{"d":"2026-10-09","t":"0408","frp":5.6,"b":339.7,"c":1,"s":"SNPP","n":0}},{"type":"Feature","geometry":{"type":"Point","coordinates":[132.9911,-12.2905]},"properties":{"d":"2026-10-09","t":"0408","frp":7.6,"b":345.5,"c":1,"s":"SNPP","n":0}},{"type":"Feature","geometry":{"type":"Point","coordinates":[134.978,-12.2848]},"properties":{"d":"2026-10-09","t":"0408","frp":2.6,"b":335.1,"c":1,"s":"SNPP","n":0}},{"type":"Feature","geometry":{"type":"Point","coordinates":[135.8003,-12.2302]},"properties":{"d":"2026-10-09","t":"0408","frp":13.8,"b":367.0,"c":2,"s":"SNPP","n":0}},{"type":"Feature","geometry":{"type":"Point","coordinates":[136.8218,-12.2283]},"properties":{"d":"2026-10-09","t":"0408","frp":8.6,"b":336.1,"c":1,"s":"SNPP","n":0}},{"type":"Feature","geometry":{"type":"Point","coordinates":[135.7986,-12.2277]},"properties":{"d":"2026-10-09","t":"0408","frp":7.2,"b":367.0,"c":2,"s":"SNPP","n":0}},{"type":"Feature","geometry":{"type":"Point","coordinates":[135.8018,-12.2273]},"properties":{"d":"2026-10-09","t":"0408","frp":7.2,"b":367.0,"c":2,"s":"SNPP","n":0}},{"type":"Feature","geometry":{"type":"Point","coordinates":[135.805,-12.2269]},"properties":{"d":"2026-10-09","t":"0408","frp":5.2,"b":331.3,"c":1,"s":"SNPP","n":0}},{"type":"Feature","geometry":{"type":"Point","coordinates":[135.7964,-12.2255]},"properties":{"d":"2026-10-09","t":"0408","frp":3.3,"b":340.4,"c":1,"s":"SNPP","n":0}},{"type":"Feature","geometry":{"type":"Point","coordinates":[135.7996,-12.2251]},"properties":{"d":"2026-10-09","t":"0408","frp":3.3,"b":355.9,"c":1,"s":"SNPP","n":0}},{"type":"Feature","geometry":{"type":"Point","coordinates":[135.8028,-12.2247]},"properties":{"d":"2026-10-09","t":"0408","frp":4.4,"b":330.1,"c":1,"s":"SNPP","n":0}},{"type":"Feature","geometry":{"type":"Point","coordinates":[135.8059,-12.2243]},"properties":{"d":"2026-10-09","t":"0408","frp":4.4,"b":339.9,"c":1,"s":"SNPP","n":0}},{"type":"Feature","geometry":{"type":"Point","coordinates":[136.8211,-12.2235]},"properties":{"d":"2026-10-09","t":"0408","frp":8.6,"b":347.0,"c":1,"s":"SNPP","n":0}},{"type":"Feature","geometry":{"type":"Point","coordinates":[135.7979,-12.2225]},"properties":{"d":"2026-10-09","t":"0408","frp":7.2,"b":367.0,"c":2,"s":"SNPP","n":0}},{"type":"Feature","geometry":{"type":"Point","coordinates":[135.8011,-12.2221]},"properties":{"d":"2026-10-09","t":"0408","frp":7.2,"b":335.0,"c":1,"s":"SNPP","n":0}},{"type":"Feature","geometry":{"type":"Point","coordinates":[135.8073,-12.2214]},"properties":{"d":"2026-10-09","t":"0408","frp":5.2,"b":331.7,"c":0,"s":"SNPP","n":0}},{"type":"Feature","geometry":{"type":"Point","coordinates":[135.7957,-12.2204]},"properties":{"d":"2026-10-09","t":"0408","frp":3.3,"b":344.1,"c":1,"s":"SNPP","n":0}},{"type":"Feature","geometry":{"type":"Point","coordinates":[135.7988,-12.22]},"properties":{"d":"2026-10-09","t":"0408","frp":3.3,"b":340.1,"c":1,"s":"SNPP","n":0}},{"type":"Feature","geometry":{"type":"Point","coordinates":[134.9447,-12.1666]},"properties":{"d":"2026-10-09","t":"0408","frp":7.5,"b":353.6,"c":1,"s":"SNPP","n":0}},{"type":"Feature","geometry":{"type":"Point","coordinates":[134.9482,-12.1662]},"properties":{"d":"2026-10-09","t":"0408","frp":12.8,"b":367.0,"c":2,"s":"SNPP","n":0}},{"type":"Feature","geometry":{"type":"Point","coordinates":[134.2276,-12.1405]},"properties":{"d":"2026-10-09","t":"0408","frp":11.0,"b":367.0,"c":2,"s":"SNPP","n":0}},{"type":"Feature","geometry":{"type":"Point","coordinates":[134.2315,-12.1401]},"properties":{"d":"2026-10-09","t":"0408","frp":7.4,"b":333.2,"c":1,"s":"SNPP","n":0}},{"type":"Feature","geometry":{"type":"Point","coordinates":[141.8979,-12.1304]},"properties":{"d":"2026-10-09","t":"0408","frp":4.5,"b":336.4,"c":0,"s":"SNPP","n":0}},{"type":"Feature","geometry":{"type":"Point","coordinates":[134.2029,-12.103]},"properties":{"d":"2026-10-09","t":"0408","frp":6.5,"b":354.1,"c":1,"s":"SNPP","n":0}},{"type":"Feature","geometry":{"type":"Point","coordinates":[134.2025,-12.1016]},"properties":{"d":"2026-10-09","t":"0408","frp":5.6,"b":354.2,"c":1,"s":"SNPP","n":0}},{"type":"Feature","geometry":{"type":"Point","coordinates":[134.2065,-12.1012]},"properties":{"d":"2026-10-09","t":"0408","frp":5.6,"b":333.5,"c":1,"s":"SNPP","n":0}},{"type":"Feature","geometry":{"type":"Point","coordinates":[134.2386,-12.0988]},"properties":{"d":"2026-10-09","t":"0408","frp":4.2,"b":345.1,"c":1,"s":"SNPP","n":0}},{"type":"Feature","geometry":{"type":"Point","coordinates":[134.2021,-12.0973]},"properties":{"d":"2026-10-09","t":"0408","frp":1.3,"b":333.9,"c":1,"s":"SNPP","n":0}},{"type":"Feature","geometry":{"type":"Point","coordinates":[134.2381,-12.0973]},"properties":{"d":"2026-10-09","t":"0408","frp":4.7,"b":335.5,"c":1,"s":"SNPP","n":0}},{"type":"Feature","geometry":{"type":"Point","coordinates":[134.2062,-12.0968]},"properties":{"d":"2026-10-09","t":"0408","frp":1.3,"b":330.2,"c":1,"s":"SNPP","n":0}},{"type":"Feature","geometry":{"type":"Point","coordinates":[141.8425,-12.0554]},"properties":{"d":"2026-10-09","t":"0408","frp":7.5,"b":336.4,"c":0,"s":"SNPP","n":0}},{"type":"Feature","geometry":{"type":"Point","coordinates":[142.4815,-11.9994]},"properties":{"d":"2026-10-09","t":"0408","frp":3.4,"b":337.9,"c":0,"s":"SNPP","n":0}},{"type":"Feature","geometry":{"type":"Point","coordinates":[142.4852,-11.9988]},"properties":{"d":"2026-10-09","t":"0408","frp":3.4,"b":341.4,"c":0,"s":"SNPP","n":0}},{"type":"Feature","geometry":{"type":"Point","coordinates":[142.4772,-11.9965]},"properties":{"d":"2026-10-09","t":"0408","frp":6.0,"b":350.3,"c":1,"s":"SNPP","n":0}},{"type":"Feature","geometry":{"type":"Point","coordinates":[142.4809,-11.996]},"properties":{"d":"2026-10-09","t":"0408","frp":3.4,"b":354.0,"c":1,"s":"SNPP","n":0}},{"type":"Feature","geometry":{"type":"Point","coordinates":[142.4847,-11.9954]},"properties":{"d":"2026-10-09","t":"0408","frp":3.4,"b":330.5,"c":0,"s":"SNPP","n":0}},{"type":"Feature","geometry":{"type":"Point","coordinates":[141.9594,-11.9198]},"properties":{"d":"2026-10-09","t":"0408","frp":6.8,"b":339.6,"c":1,"s":"SNPP","n":0}},{"type":"Feature","geometry":{"type":"Point","coordinates":[141.9539,-11.9099]},"properties":{"d":"2026-10-09","t":"0408","frp":7.8,"b":337.6,"c":0,"s":"SNPP","n":0}},{"type":"Feature","geometry":{"type":"Point","coordinates":[141.9529,-11.903]},"properties":{"d":"2026-10-09","t":"0408","frp":8.3,"b":343.0,"c":0,"s":"SNPP","n":0}},{"type":"Feature","geometry":{"type":"Point","coordinates":[142.6138,-11.8613]},"properties":{"d":"2026-10-09","t":"0408","frp":10.5,"b":355.2,"c":1,"s":"SNPP","n":0}},{"type":"Feature","geometry":{"type":"Point","coordinates":[142.617,-11.8574]},"properties":{"d":"2026-10-09","t":"0408","frp":9.8,"b":338.3,"c":0,"s":"SNPP","n":0}},{"type":"Feature","geometry":{"type":"Point","coordinates":[142.5941,-11.8573]},"properties":{"d":"2026-10-09","t":"0408","frp":52.4,"b":356.2,"c":1,"s":"SNPP","n":0}},{"type":"Feature","geometry":{"type":"Point","coordinates":[142.6207,-11.8568]},"properties":{"d":"2026-10-09","t":"0408","frp":8.0,"b":340.8,"c":1,"s":"SNPP","n":0}},{"type":"Feature","geometry":{"type":"Point","coordinates":[142.5978,-11.8567]},"properties":{"d":"2026-10-09","t":"0408","frp":8.2,"b":367.0,"c":2,"s":"SNPP","n":0}},{"type":"Feature","geometry":{"type":"Point","coordinates":[142.5749,-11.8566]},"properties":{"d":"2026-10-09","t":"0408","frp":75.0,"b":367.0,"c":2,"s":"SNPP","n":0}},{"type":"Feature","geometry":{"type":"Point","coordinates":[142.6015,-11.8562]},"properties":{"d":"2026-10-09","t":"0408","frp":8.2,"b":340.0,"c":1,"s":"SNPP","n":0}},{"type":"Feature","geometry":{"type":"Point","coordinates":[142.5786,-11.856]},"properties":{"d":"2026-10-09","t":"0408","frp":75.0,"b":367.0,"c":2,"s":"SNPP","n":0}},{"type":"Feature","geometry":{"type":"Point","coordinates":[142.5823,-11.8555]},"properties":{"d":"2026-10-09","t":"0408","frp":24.1,"b":367.0,"c":2,"s":"SNPP","n":0}},{"type":"Feature","geometry":{"type":"Point","coordinates":[142.609,-11.8551]},"properties":{"d":"2026-10-09","t":"0408","frp":8.6,"b":351.2,"c":1,"s":"SNPP","n":0}},{"type":"Feature","geometry":{"type":"Point","coordinates":[142.5861,-11.8549]},"properties":{"d":"2026-10-09","t":"0408","frp":24.1,"b":355.6,"c":1,"s":"SNPP","n":0}},{"type":"Feature","geometry":{"type":"Point","coordinates":[142.5898,-11.8544]},"properties":{"d":"2026-10-09","t":"0408","frp":26.8,"b":367.0,"c":2,"s":"SNPP","n":0}},{"type":"Feature","geometry":{"type":"Point","coordinates":[142.5935,-11.8538]},"properties":{"d":"2026-10-09","t":"0408","frp":26.8,"b":353.8,"c":1,"s":"SNPP","n":0}},{"type":"Feature","geometry":{"type":"Point","coordinates":[142.5706,-11.8537]},"properties":{"d":"2026-10-09","t":"0408","frp":199.6,"b":367.0,"c":2,"s":"SNPP","n":0}},{"type":"Feature","geometry":{"type":"Point","coordinates":[142.5973,-11.8533]},"properties":{"d":"2026-10-09","t":"0408","frp":18.1,"b":354.3,"c":1,"s":"SNPP","n":0}},{"type":"Feature","geometry":{"type":"Point","coordinates":[142.5744,-11.8531]},"properties":{"d":"2026-10-09","t":"0408","frp":75.0,"b":353.8,"c":1,"s":"SNPP","n":0}},{"type":"Feature","geometry":{"type":"Point","coordinates":[142.5781,-11.8526]},"properties":{"d":"2026-10-09","t":"0408","frp":75.0,"b":355.6,"c":1,"s":"SNPP","n":0}},{"type":"Feature","geometry":{"type":"Point","coordinates":[142.5818,-11.8521]},"properties":{"d":"2026-10-09","t":"0408","frp":24.1,"b":354.9,"c":1,"s":"SNPP","n":0}},{"type":"Feature","geometry":{"type":"Point","coordinates":[142.5856,-11.8515]},"properties":{"d":"2026-10-09","t":"0408","frp":24.1,"b":353.8,"c":1,"s":"SNPP","n":0}},{"type":"Feature","geometry":{"type":"Point","coordinates":[142.5626,-11.8514]},"properties":{"d":"2026-10-09","t":"0408","frp":90.4,"b":299.3,"c":0,"s":"SNPP","n":0}},{"type":"Feature","geometry":{"type":"Point","coordinates":[142.6351,-11.8513]},"properties":{"d":"2026-10-09","t":"0408","frp":3.6,"b":340.8,"c":1,"s":"SNPP","n":0}},{"type":"Feature","geometry":{"type":"Point","coordinates":[142.5663,-11.8508]},"properties":{"d":"2026-10-09","t":"0408","frp":58.8,"b":367.0,"c":0,"s":"SNPP","n":0}},{"type":"Feature","geometry":{"type":"Point","coordinates":[142.5701,-11.8503]},"properties":{"d":"2026-10-09","t":"0408","frp":58.8,"b":355.3,"c":0,"s":"SNPP","n":0}},{"type":"Feature","geometry":{"type":"Point","coordinates":[142.5776,-11.8492]},"properties":{"d":"2026-10-09","t":"0408","frp":83.6,"b":323.2,"c":0,"s":"SNPP","n":0}},{"type":"Feature","geometry":{"type":"Point","coordinates":[142.5813,-11.8486]},"properties":{"d":"2026-10-09","t":"0408","frp":88.3,"b":367.0,"c":2,"s":"SNPP","n":0}},{"type":"Feature","geometry":{"type":"Point","coordinates":[142.585,-11.8481]},"properties":{"d":"2026-10-09","t":"0408","frp":88.3,"b":349.5,"c":0,"s":"SNPP","n":0}},{"type":"Feature","geometry":{"type":"Point","coordinates":[142.5656,-11.8479]},"properties":{"d":"2026-10-09","t":"0408","frp":139.8,"b":339.9,"c":1,"s":"SNPP","n":0}},{"type":"Feature","geometry":{"type":"Point","coordinates":[142.6346,-11.8478]},"properties":{"d":"2026-10-09","t":"0408","frp":17.7,"b":367.0,"c":2,"s":"SNPP","n":0}},{"type":"Feature","geometry":{"type":"Point","coordinates":[142.6611,-11.8475]},"properties":{"d":"2026-10-09","t":"0408","frp":3.6,"b":344.1,"c":1,"s":"SNPP","n":0}},{"type":"Feature","geometry":{"type":"Point","coordinates":[142.5658,-11.8474]},"properties":{"d":"2026-10-09","t":"0408","frp":58.8,"b":353.2,"c":1,"s":"SNPP","n":0}},{"type":"Feature","geometry":{"type":"Point","coordinates":[142.5696,-11.8469]},"properties":{"d":"2026-10-09","t":"0408","frp":58.8,"b":342.9,"c":0,"s":"SNPP","n":0}},{"type":"Feature","geometry":{"type":"Point","coordinates":[142.5731,-11.8468]},"properties":{"d":"2026-10-09","t":"0408","frp":28.6,"b":353.0,"c":1,"s":"SNPP","n":0}},{"type":"Feature","geometry":{"type":"Point","coordinates":[142.5769,-11.8463]},"properties":{"d":"2026-10-09","t":"0408","frp":28.6,"b":353.4,"c":1,"s":"SNPP","n":0}},{"type":"Feature","geometry":{"type":"Point","coordinates":[142.6457,-11.8462]},"properties":{"d":"2026-10-09","t":"0408","frp":10.3,"b":367.0,"c":2,"s":"SNPP","n":0}},{"type":"Feature","geometry":{"type":"Point","coordinates":[142.5771,-11.8458]},"properties":{"d":"2026-10-09","t":"0408","frp":83.6,"b":355.6,"c":0,"s":"SNPP","n":0}},{"type":"Feature","geometry":{"type":"Point","coordinates":[142.6495,-11.8457]},"properties":{"d":"2026-10-09","t":"0408","frp":3.8,"b":342.5,"c":1,"s":"SNPP","n":0}},{"type":"Feature","geometry":{"type":"Point","coordinates":[142.6606,-11.844]},"properties":{"d":"2026-10-09","t":"0408","frp":6.2,"b":341.6,"c":1,"s":"SNPP","n":0}},{"type":"Feature","geometry":{"type":"Point","coordinates":[142.6643,-11.8435]},"properties":{"d":"2026-10-09","t":"0408","frp":4.4,"b":330.5,"c":0,"s":"SNPP","n":0}},{"type":"Feature","geometry":{"type":"Point","coordinates":[142.5763,-11.8429]},"properties":{"d":"2026-10-09","t":"0408","frp":28.6,"b":367.0,"c":2,"s":"SNPP","n":0}},{"type":"Feature","geometry":{"type":"Point","coordinates":[142.649,-11.8423]},"properties":{"d":"2026-10-09","t":"0408","frp":3.8,"b":337.3,"c":1,"s":"SNPP","n":0}},{"type":"Feature","geometry":{"type":"Point","coordinates":[142.5838,-11.8417]},"properties":{"d":"2026-10-09","t":"0408","frp":14.2,"b":340.3,"c":1,"s":"SNPP","n":0}},{"type":"Feature","geometry":{"type":"Point","coordinates":[142.6638,-11.8401]},"properties":{"d":"2026-10-09","t":"0408","frp":4.4,"b":348.5,"c":1,"s":"SNPP","n":0}},{"type":"Feature","geometry":{"type":"Point","coordinates":[142.6675,-11.8396]},"properties":{"d":"2026-10-09","t":"0408","frp":4.4,"b":347.6,"c":1,"s":"SNPP","n":0}},{"type":"Feature","geometry":{"type":"Point","coordinates":[142.5758,-11.8394]},"properties":{"d":"2026-10-09","t":"0408","frp":14.7,"b":355.9,"c":1,"s":"SNPP","n":0}},{"type":"Feature","geometry":{"type":"Point","coordinates":[142.5795,-11.8389]},"properties":{"d":"2026-10-09","t":"0408","frp":12.9,"b":355.5,"c":1,"s":"SNPP","n":0}},{"type":"Feature","geometry":{"type":"Point","coordinates":[142.5411,-11.8376]},"properties":{"d":"2026-10-09","t":"0408","frp":34.0,"b":355.8,"c":1,"s":"SNPP","n":0}},{"type":"Feature","geometry":{"type":"Point","coordinates":[142.5449,-11.837]},"properties":{"d":"2026-10-09","t":"0408","frp":34.0,"b":367.0,"c":2,"s":"SNPP","n":0}},{"type":"Feature","geometry":{"type":"Point","coordinates":[142.5219,-11.837]},"properties":{"d":"2026-10-09","t":"0408","frp":163.8,"b":367.0,"c":2,"s":"SNPP","n":0}},{"type":"Feature","geometry":{"type":"Point","coordinates":[142.5486,-11.8365]},"properties":{"d":"2026-10-09","t":"0408","frp":21.6,"b":354.0,"c":1,"s":"SNPP","n":0}},{"type":"Feature","geometry":{"type":"Point","coordinates":[142.5523,-11.8359]},"properties":{"d":"2026-10-09","t":"0408","frp":21.6,"b":355.3,"c":1,"s":"SNPP","n":0}},{"type":"Feature","geometry":{"type":"Point","coordinates":[142.5294,-11.8359]},"properties":{"d":"2026-10-09","t":"0408","frp":130.3,"b":348.3,"c":0,"s":"SNPP","n":0}},{"type":"Feature","geometry":{"type":"Point","coordinates":[142.6707,-11.8356]},"properties":{"d":"2026-10-09","t":"0408","frp":3.9,"b":337.9,"c":1,"s":"SNPP","n":0}},{"type":"Feature","geometry":{"type":"Point","coordinates":[142.5561,-11.8354]},"properties":{"d":"2026-10-09","t":"0408","frp":12.4,"b":355.1,"c":1,"s":"SNPP","n":0}},{"type":"Feature","geometry":{"type":"Point","coordinates":[142.5331,-11.8353]},"properties":{"d":"2026-10-09","t":"0408","frp":59.2,"b":350.2,"c":1,"s":"SNPP","n":0}},{"type":"Feature","geometry":{"type":"Point","coordinates":[142.6744,-11.8351]},"properties":{"d":"2026-10-09","t":"0408","frp":3.9,"b":335.0,"c":1,"s":"SNPP","n":0}},{"type":"Feature","geometry":{"type":"Point","coordinates":[142.5369,-11.8347]},"properties":{"d":"2026-10-09","t":"0408","frp":59.2,"b":341.5,"c":1,"s":"SNPP","n":0}},{"type":"Feature","geometry":{"type":"Point","coordinates":[142.5406,-11.8342]},"properties":{"d":"2026-10-09","t":"0408","frp":34.0,"b":353.4,"c":1,"s":"SNPP","n":0}},{"type":"Feature","geometry":{"type":"Point","coordinates":[142.5176,-11.8341]},"properties":{"d":"2026-10-09","t":"0408","frp":110.7,"b":367.0,"c":2,"s":"SNPP","n":0}},{"type":"Feature","geometry":{"type":"Point","coordinates":[142.5443,-11.8336]},"properties":{"d":"2026-10-09","t":"0408","frp":34.0,"b":352.3,"c":1,"s":"SNPP","n":0}},{"type":"Feature","geometry":{"type":"Point","coordinates":[142.5214,-11.8335]},"properties":{"d":"2026-10-09","t":"0408","frp":110.7,"b":356.6,"c":1,"s":"SNPP","n":0}},{"type":"Feature","geometry":{"type":"Point","coordinates":[142.6397,-11.8334]},"properties":{"d":"2026-10-09","t":"0408","frp":8.0,"b":348.6,"c":1,"s":"SNPP","n":0}},{"type":"Feature","geometry":{"type":"Point","coordinates":[142.5251,-11.833]},"properties":{"d":"2026-10-09","t":"0408","frp":19.2,"b":355.8,"c":1,"s":"SNPP","n":0}},{"type":"Feature","geometry":{"type":"Point","coordinates":[142.5519,-11.8325]},"properties":{"d":"2026-10-09","t":"0408","frp":21.6,"b":349.0,"c":1,"s":"SNPP","n":0}},{"type":"Feature","geometry":{"type":"Point","coordinates":[142.5289,-11.8324]},"properties":{"d":"2026-10-09","t":"0408","frp":19.2,"b":345.3,"c":1,"s":"SNPP","n":0}},{"type":"Feature","geometry":{"type":"Point","coordinates":[142.5556,-11.832]},"properties":{"d":"2026-10-09","t":"0408","frp":12.4,"b":350.4,"c":1,"s":"SNPP","n":0}},{"type":"Feature","geometry":{"type":"Point","coordinates":[142.5326,-11.8319]},"properties":{"d":"2026-10-09","t":"0408","frp":169.5,"b":346.3,"c":1,"s":"SNPP","n":0}},{"type":"Feature","geometry":{"type":"Point","coordinates":[142.6736,-11.8318]},"properties":{"d":"2026-10-09","t":"0408","frp":5.2,"b":345.7,"c":1,"s":"SNPP","n":0}},{"type":"Feature","geometry":{"type":"Point","coordinates":[142.6739,-11.8317]},"properties":{"d":"2026-10-09","t":"0408","frp":3.9,"b":345.6,"c":1,"s":"SNPP","n":0}},{"type":"Feature","geometry":{"type":"Point","coordinates":[142.5593,-11.8314]},"properties":{"d":"2026-10-09","t":"0408","frp":12.4,"b":354.8,"c":1,"s":"SNPP","n":0}},{"type":"Feature","geometry":{"type":"Point","coordinates":[142.5364,-11.8313]},"properties":{"d":"2026-10-09","t":"0408","frp":169.5,"b":349.0,"c":1,"s":"SNPP","n":0}},{"type":"Feature","geometry":{"type":"Point","coordinates":[142.5134,-11.8312]},"properties":{"d":"2026-10-09","t":"0408","frp":87.2,"b":331.1,"c":1,"s":"SNPP","n":0}},{"type":"Feature","geometry":{"type":"Point","coordinates":[142.5631,-11.8309]},"properties":{"d":"2026-10-09","t":"0408","frp":8.3,"b":342.6,"c":1,"s":"SNPP","n":0}},{"type":"Feature","geometry":{"type":"Point","coordinates":[142.5401,-11.8308]},"properties":{"d":"2026-10-09","t":"0408","frp":47.2,"b":353.7,"c":1,"s":"SNPP","n":0}},{"type":"Feature","geometry":{"type":"Point","coordinates":[142.5171,-11.8307]},"properties":{"d":"2026-10-09","t":"0408","frp":110.7,"b":337.7,"c":1,"s":"SNPP","n":0}},{"type":"Feature","geometry":{"type":"Point","coordinates":[142.6354,-11.8306]},"properties":{"d":"2026-10-09","t":"0408","frp":3.9,"b":343.1,"c":1,"s":"SNPP","n":0}},{"type":"Feature","geometry":{"type":"Point","coordinates":[142.6126,-11.8305]},"properties":{"d":"2026-10-09","t":"0408","frp":8.3,"b":347.1,"c":1,"s":"SNPP","n":0}},{"type":"Feature","geometry":{"type":"Point","coordinates":[142.5209,-11.8301]},"properties":{"d":"2026-10-09","t":"0408","frp":110.7,"b":355.4,"c":1,"s":"SNPP","n":0}},{"type":"Feature","geometry":{"type":"Point","coordinates":[142.6163,-11.8299]},"properties":{"d":"2026-10-09","t":"0408","frp":5.6,"b":345.1,"c":1,"s":"SNPP","n":0}},{"type":"Feature","geometry":{"type":"Point","coordinates":[142.5705,-11.8298]},"properties":{"d":"2026-10-09","t":"0408","frp":10.2,"b":348.9,"c":1,"s":"SNPP","n":0}},{"type":"Feature","geometry":{"type":"Point","coordinates":[142.5246,-11.8296]},"properties":{"d":"2026-10-09","t":"0408","frp":19.2,"b":357.5,"c":1,"s":"SNPP","n":0}},{"type":"Feature","geometry":{"type":"Point","coordinates":[142.5284,-11.829]},"properties":{"d":"2026-10-09","t":"0408","frp":19.2,"b":356.7,"c":1,"s":"SNPP","n":0}},{"type":"Feature","geometry":{"type":"Point","coordinates":[142.5551,-11.8285]},"properties":{"d":"2026-10-09","t":"0408","frp":14.9,"b":334.7,"c":1,"s":"SNPP","n":0}},{"type":"Feature","geometry":{"type":"Point","coordinates":[142.5321,-11.8285]},"properties":{"d":"2026-10-09","t":"0408","frp":169.5,"b":367.0,"c":2,"s":"SNPP","n":0}},{"type":"Feature","geometry":{"type":"Point","coordinates":[142.5359,-11.8279]},"properties":{"d":"2026-10-09","t":"0408","frp":169.5,"b":367.0,"c":0,"s":"SNPP","n":0}},{"type":"Feature","geometry":{"type":"Point","coordinates":[142.6312,-11.8277]},"properties":{"d":"2026-10-09","t":"0408","frp":3.9,"b":341.8,"c":1,"s":"SNPP","n":0}},{"type":"Feature","geometry":{"type":"Point","coordinates":[142.5396,-11.8273]},"properties":{"d":"2026-10-09","t":"0408","frp":47.2,"b":367.0,"c":0,"s":"SNPP","n":0}},{"type":"Feature","geometry":{"type":"Point","coordinates":[142.6349,-11.8272]},"properties":{"d":"2026-10-09","t":"0408","frp":3.9,"b":344.5,"c":1,"s":"SNPP","n":0}},{"type":"Feature","geometry":{"type":"Point","coordinates":[142.5434,-11.8268]},"properties":{"d":"2026-10-09","t":"0408","frp":47.2,"b":354.9,"c":1,"s":"SNPP","n":0}},{"type":"Feature","geometry":{"type":"Point","coordinates":[142.5471,-11.8262]},"properties":{"d":"2026-10-09","t":"0408","frp":10.4,"b":348.1,"c":1,"s":"SNPP","n":0}},{"type":"Feature","geometry":{"type":"Point","coordinates":[142.6195,-11.826]},"properties":{"d":"2026-10-09","t":"0408","frp":42.6,"b":343.8,"c":1,"s":"SNPP","n":0}},{"type":"Feature","geometry":{"type":"Point","coordinates":[142.5737,-11.8258]},"properties":{"d":"2026-10-09","t":"0408","frp":6.5,"b":352.7,"c":1,"s":"SNPP","n":0}},{"type":"Feature","geometry":{"type":"Point","coordinates":[142.5508,-11.8257]},"properties":{"d":"2026-10-09","t":"0408","frp":10.4,"b":352.3,"c":1,"s":"SNPP","n":0}},{"type":"Feature","geometry":{"type":"Point","coordinates":[142.6233,-11.8254]},"properties":{"d":"2026-10-09","t":"0408","frp":4.6,"b":356.8,"c":1,"s":"SNPP","n":0}},{"type":"Feature","geometry":{"type":"Point","coordinates":[142.5775,-11.8252]},"properties":{"d":"2026-10-09","t":"0408","frp":7.8,"b":354.8,"c":1,"s":"SNPP","n":0}},{"type":"Feature","geometry":{"type":"Point","coordinates":[142.5546,-11.8251]},"properties":{"d":"2026-10-09","t":"0408","frp":14.9,"b":357.1,"c":1,"s":"SNPP","n":0}},{"type":"Feature","geometry":{"type":"Point","coordinates":[142.5316,-11.825]},"properties":{"d":"2026-10-09","t":"0408","frp":30.7,"b":332.1,"c":1,"s":"SNPP","n":0}},{"type":"Feature","geometry":{"type":"Point","coordinates":[142.627,-11.8248]},"properties":{"d":"2026-10-09","t":"0408","frp":4.6,"b":348.3,"c":1,"s":"SNPP","n":0}},{"type":"Feature","geometry":{"type":"Point","coordinates":[142.5812,-11.8247]},"properties":{"d":"2026-10-09","t":"0408","frp":7.8,"b":350.5,"c":1,"s":"SNPP","n":0}},{"type":"Feature","geometry":{"type":"Point","coordinates":[142.5583,-11.8246]},"properties":{"d":"2026-10-09","t":"0408","frp":14.9,"b":354.3,"c":1,"s":"SNPP","n":0}},{"type":"Feature","geometry":{"type":"Point","coordinates":[142.5353,-11.8245]},"properties":{"d":"2026-10-09","t":"0408","frp":30.7,"b":338.3,"c":1,"s":"SNPP","n":0}},{"type":"Feature","geometry":{"type":"Point","coordinates":[142.6307,-11.8243]},"properties":{"d":"2026-10-09","t":"0408","frp":3.4,"b":344.2,"c":1,"s":"SNPP","n":0}},{"type":"Feature","geometry":{"type":"Point","coordinates":[142.5849,-11.8241]},"properties":{"d":"2026-10-09","t":"0408","frp":4.5,"b":340.1,"c":1,"s":"SNPP","n":0}},{"type":"Feature","geometry":{"type":"Point","coordinates":[142.562,-11.824]},"properties":{"d":"2026-10-09","t":"0408","frp":11.9,"b":367.0,"c":2,"s":"SNPP","n":0}},{"type":"Feature","geometry":{"type":"Point","coordinates":[142.5391,-11.8239]},"properties":{"d":"2026-10-09","t":"0408","frp":42.6,"b":341.4,"c":1,"s":"SNPP","n":0}},{"type":"Feature","geometry":{"type":"Point","coordinates":[142.5658,-11.8235]},"properties":{"d":"2026-10-09","t":"0408","frp":11.9,"b":367.0,"c":2,"s":"SNPP","n":0}},{"type":"Feature","geometry":{"type":"Point","coordinates":[142.5428,-11.8234]},"properties":{"d":"2026-10-09","t":"0408","frp":42.6,"b":334.6,"c":1,"s":"SNPP","n":0}},{"type":"Feature","geometry":{"type":"Point","coordinates":[142.5695,-11.8229]},"properties":{"d":"2026-10-09","t":"0408","frp":6.5,"b":355.5,"c":1,"s":"SNPP","n":0}},{"type":"Feature","geometry":{"type":"Point","coordinates":[142.5732,-11.8224]},"properties":{"d":"2026-10-09","t":"0408","frp":6.5,"b":338.9,"c":1,"s":"SNPP","n":0}},{"type":"Feature","geometry":{"type":"Point","coordinates":[142.5503,-11.8223]},"properties":{"d":"2026-10-09","t":"0408","frp":4.1,"b":333.2,"c":0,"s":"SNPP","n":0}},{"type":"Feature","geometry":{"type":"Point","coordinates":[142.6227,-11.822]},"properties":{"d":"2026-10-09","t":"0408","frp":4.6,"b":339.2,"c":1,"s":"SNPP","n":0}},{"type":"Feature","geometry":{"type":"Point","coordinates":[142.6388,-11.8022]},"properties":{"d":"2026-10-09","t":"0408","frp":7.8,"b":343.9,"c":1,"s":"SNPP","n":0}},{"type":"Feature","geometry":{"type":"Point","coordinates":[142.6425,-11.8017]},"properties":{"d":"2026-10-09","t":"0408","frp":5.6,"b":346.3,"c":1,"s":"SNPP","n":0}},{"type":"Feature","geometry":{"type":"Point","coordinates":[142.6462,-11.8011]},"properties":{"d":"2026-10-09","t":"0408","frp":5.6,"b":347.8,"c":1,"s":"SNPP","n":0}},{"type":"Feature","geometry":{"type":"Point","coordinates":[142.6271,-11.8004]},"properties":{"d":"2026-10-09","t":"0408","frp":5.8,"b":339.4,"c":1,"s":"SNPP","n":0}},{"type":"Feature","geometry":{"type":"Point","coordinates":[142.6191,-11.7981]},"properties":{"d":"2026-10-09","t":"0408","frp":68.9,"b":339.9,"c":1,"s":"SNPP","n":0}},{"type":"Feature","geometry":{"type":"Point","coordinates":[142.6266,-11.797]},"properties":{"d":"2026-10-09","t":"0408","frp":55.8,"b":350.3,"c":1,"s":"SNPP","n":0}},{"type":"Feature","geometry":{"type":"Point","coordinates":[142.6303,-11.7965]},"properties":{"d":"2026-10-09","t":"0408","frp":55.8,"b":367.0,"c":2,"s":"SNPP","n":0}},{"type":"Feature","geometry":{"type":"Point","coordinates":[142.634,-11.7959]},"properties":{"d":"2026-10-09","t":"0408","frp":13.2,"b":337.8,"c":1,"s":"SNPP","n":0}},{"type":"Feature","geometry":{"type":"Point","coordinates":[142.6377,-11.7954]},"properties":{"d":"2026-10-09","t":"0408","frp":13.2,"b":340.1,"c":1,"s":"SNPP","n":0}},{"type":"Feature","geometry":{"type":"Point","coordinates":[142.6414,-11.7948]},"properties":{"d":"2026-10-09","t":"0408","frp":7.4,"b":339.9,"c":1,"s":"SNPP","n":0}},{"type":"Feature","geometry":{"type":"Point","coordinates":[142.6186,-11.7947]},"properties":{"d":"2026-10-09","t":"0408","frp":68.9,"b":367.0,"c":2,"s":"SNPP","n":0}},{"type":"Feature","geometry":{"type":"Point","coordinates":[142.6298,-11.7931]},"properties":{"d":"2026-10-09","t":"0408","frp":55.8,"b":346.4,"c":1,"s":"SNPP","n":0}},{"type":"Feature","geometry":{"type":"Point","coordinates":[142.6335,-11.7925]},"properties":{"d":"2026-10-09","t":"0408","frp":13.2,"b":353.7,"c":1,"s":"SNPP","n":0}},{"type":"Feature","geometry":{"type":"Point","coordinates":[142.6372,-11.792]},"properties":{"d":"2026-10-09","t":"0408","frp":13.2,"b":367.0,"c":2,"s":"SNPP","n":0}},{"type":"Feature","geometry":{"type":"Point","coordinates":[142.6181,-11.7913]},"properties":{"d":"2026-10-09","t":"0408","frp":14.2,"b":354.9,"c":1,"s":"SNPP","n":0}},{"type":"Feature","geometry":{"type":"Point","coordinates":[142.6218,-11.7908]},"properties":{"d":"2026-10-09","t":"0408","frp":14.2,"b":367.0,"c":2,"s":"SNPP","n":0}},{"type":"Feature","geometry":{"type":"Point","coordinates":[142.6256,-11.7902]},"properties":{"d":"2026-10-09","t":"0408","frp":6.8,"b":348.8,"c":1,"s":"SNPP","n":0}},{"type":"Feature","geometry":{"type":"Point","coordinates":[142.6293,-11.7897]},"properties":{"d":"2026-10-09","t":"0408","frp":6.8,"b":344.8,"c":1,"s":"SNPP","n":0}},{"type":"Feature","geometry":{"type":"Point","coordinates":[142.633,-11.7891]},"properties":{"d":"2026-10-09","t":"0408","frp":4.5,"b":334.3,"c":1,"s":"SNPP","n":0}},{"type":"Feature","geometry":{"type":"Point","coordinates":[142.6176,-11.7879]},"properties":{"d":"2026-10-09","t":"0408","frp":14.2,"b":331.8,"c":1,"s":"SNPP","n":0}},{"type":"Feature","geometry":{"type":"Point","coordinates":[130.539,-11.6675]},"properties":{"d":"2026-10-09","t":"0408","frp":10.1,"b":339.7,"c":1,"s":"SNPP","n":0}},{"type":"Feature","geometry":{"type":"Point","coordinates":[130.5439,-11.6636]},"properties":{"d":"2026-10-09","t":"0408","frp":7.0,"b":330.4,"c":1,"s":"SNPP","n":0}},{"type":"Feature","geometry":{"type":"Point","coordinates":[130.6404,-11.5885]},"properties":{"d":"2026-10-09","t":"0408","frp":10.3,"b":338.8,"c":1,"s":"SNPP","n":0}},{"type":"Feature","geometry":{"type":"Point","coordinates":[130.6387,-11.5836]},"properties":{"d":"2026-10-09","t":"0408","frp":12.4,"b":351.7,"c":1,"s":"SNPP","n":0}},{"type":"Feature","geometry":{"type":"Point","coordinates":[130.6455,-11.5828]},"properties":{"d":"2026-10-09","t":"0408","frp":12.4,"b":340.2,"c":1,"s":"SNPP","n":0}},{"type":"Feature","geometry":{"type":"Point","coordinates":[130.6522,-11.5821]},"properties":{"d":"2026-10-09","t":"0408","frp":7.8,"b":343.4,"c":1,"s":"SNPP","n":0}},{"type":"Feature","geometry":{"type":"Point","coordinates":[130.6396,-11.5815]},"properties":{"d":"2026-10-09","t":"0408","frp":10.3,"b":348.8,"c":1,"s":"SNPP","n":0}},{"type":"Feature","geometry":{"type":"Point","coordinates":[130.653,-11.58]},"properties":{"d":"2026-10-09","t":"0408","frp":20.6,"b":341.6,"c":1,"s":"SNPP","n":0}},{"type":"Feature","geometry":{"type":"Point","coordinates":[142.3573,-11.1016]},"properties":{"d":"2026-10-09","t":"0408","frp":5.3,"b":347.1,"c":1,"s":"SNPP","n":0}},{"type":"Feature","geometry":{"type":"Point","coordinates":[142.353,-11.0987]},"properties":{"d":"2026-10-09","t":"0408","frp":5.3,"b":341.2,"c":1,"s":"SNPP","n":0}},{"type":"Feature","geometry":{"type":"Point","coordinates":[142.3568,-11.0981]},"properties":{"d":"2026-10-09","t":"0408","frp":5.3,"b":357.4,"c":1,"s":"SNPP","n":0}},{"type":"Feature","geometry":{"type":"Point","coordinates":[142.3487,-11.0958]},"properties":{"d":"2026-10-09","t":"0408","frp":19.2,"b":345.8,"c":1,"s":"SNPP","n":0}},{"type":"Feature","geometry":{"type":"Point","coordinates":[142.3525,-11.0953]},"properties":{"d":"2026-10-09","t":"0408","frp":22.8,"b":351.1,"c":1,"s":"SNPP","n":0}},{"type":"Feature","geometry":{"type":"Point","coordinates":[142.2662,-11.031]},"properties":{"d":"2026-10-09","t":"0408","frp":4.0,"b":341.5,"c":0,"s":"SNPP","n":0}},{"type":"Feature","geometry":{"type":"Point","coordinates":[142.2655,-11.0284]},"properties":{"d":"2026-10-09","t":"0408","frp":6.7,"b":347.9,"c":0,"s":"SNPP","n":0}},{"type":"Feature","geometry":{"type":"Point","coordinates":[142.2656,-11.0275]},"properties":{"d":"2026-10-09","t":"0408","frp":4.0,"b":344.5,"c":0,"s":"SNPP","n":0}},{"type":"Feature","geometry":{"type":"Point","coordinates":[142.2607,-11.0221]},"properties":{"d":"2026-10-09","t":"0408","frp":4.7,"b":337.6,"c":0,"s":"SNPP","n":0}},{"type":"Feature","geometry":{"type":"Point","coordinates":[142.2565,-11.0192]},"properties":{"d":"2026-10-09","t":"0408","frp":4.7,"b":341.2,"c":0,"s":"SNPP","n":0}},{"type":"Feature","geometry":{"type":"Point","coordinates":[142.4327,-10.9233]},"properties":{"d":"2026-10-09","t":"0408","frp":2.6,"b":335.1,"c":1,"s":"SNPP","n":0}},{"type":"Feature","geometry":{"type":"Point","coordinates":[142.4401,-10.9222]},"properties":{"d":"2026-10-09","t":"0408","frp":4.2,"b":342.5,"c":1,"s":"SNPP","n":0}},{"type":"Feature","geometry":{"type":"Point","coordinates":[142.4423,-10.9115]},"properties":{"d":"2026-10-09","t":"0408","frp":4.9,"b":336.6,"c":1,"s":"SNPP","n":0}},{"type":"Feature","geometry":{"type":"Point","coordinates":[142.343,-10.9086]},"properties":{"d":"2026-10-09","t":"0408","frp":6.2,"b":333.1,"c":0,"s":"SNPP","n":0}},{"type":"Feature","geometry":{"type":"Point","coordinates":[142.3431,-10.9085]},"properties":{"d":"2026-10-09","t":"0408","frp":4.5,"b":333.7,"c":0,"s":"SNPP","n":0}},{"type":"Feature","geometry":{"type":"Point","coordinates":[142.419,-10.9079]},"properties":{"d":"2026-10-09","t":"0408","frp":2.4,"b":341.6,"c":1,"s":"SNPP","n":0}},{"type":"Feature","geometry":{"type":"Point","coordinates":[142.4454,-10.9075]},"properties":{"d":"2026-10-09","t":"0408","frp":4.9,"b":336.0,"c":1,"s":"SNPP","n":0}},{"type":"Feature","geometry":{"type":"Point","coordinates":[142.4227,-10.9074]},"properties":{"d":"2026-10-09","t":"0408","frp":4.3,"b":356.2,"c":1,"s":"SNPP","n":0}},{"type":"Feature","geometry":{"type":"Point","coordinates":[142.4264,-10.9068]},"properties":{"d":"2026-10-09","t":"0408","frp":4.3,"b":330.3,"c":1,"s":"SNPP","n":0}},{"type":"Feature","geometry":{"type":"Point","coordinates":[142.4412,-10.9047]},"properties":{"d":"2026-10-09","t":"0408","frp":4.0,"b":343.1,"c":1,"s":"SNPP","n":0}},{"type":"Feature","geometry":{"type":"Point","coordinates":[142.3462,-10.9046]},"properties":{"d":"2026-10-09","t":"0408","frp":8.0,"b":346.1,"c":1,"s":"SNPP","n":0}},{"type":"Feature","geometry":{"type":"Point","coordinates":[142.4185,-10.9045]},"properties":{"d":"2026-10-09","t":"0408","frp":2.4,"b":337.6,"c":1,"s":"SNPP","n":0}},{"type":"Feature","geometry":{"type":"Point","coordinates":[142.3499,-10.9041]},"properties":{"d":"2026-10-09","t":"0408","frp":8.0,"b":341.4,"c":1,"s":"SNPP","n":0}},{"type":"Feature","geometry":{"type":"Point","coordinates":[142.4222,-10.904]},"properties":{"d":"2026-10-09","t":"0408","frp":4.3,"b":344.3,"c":1,"s":"SNPP","n":0}},{"type":"Feature","geometry":{"type":"Point","coordinates":[142.3536,-10.9035]},"properties":{"d":"2026-10-09","t":"0408","frp":7.6,"b":344.5,"c":1,"s":"SNPP","n":0}},{"type":"Feature","geometry":{"type":"Point","coordinates":[142.4259,-10.9034]},"properties":{"d":"2026-10-09","t":"0408","frp":4.3,"b":334.2,"c":0,"s":"SNPP","n":0}},{"type":"Feature","geometry":{"type":"Point","coordinates":[142.4407,-10.9012]},"properties":{"d":"2026-10-09","t":"0408","frp":4.0,"b":343.1,"c":1,"s":"SNPP","n":0}},{"type":"Feature","geometry":{"type":"Point","coordinates":[142.418,-10.9011]},"properties":{"d":"2026-10-09","t":"0408","frp":3.1,"b":336.1,"c":0,"s":"SNPP","n":0}},{"type":"Feature","geometry":{"type":"Point","coordinates":[142.3531,-10.9001]},"properties":{"d":"2026-10-09","t":"0408","frp":3.9,"b":330.4,"c":0,"s":"SNPP","n":0}},{"type":"Feature","geometry":{"type":"Point","coordinates":[142.4291,-10.8995]},"properties":{"d":"2026-10-09","t":"0408","frp":4.6,"b":347.3,"c":1,"s":"SNPP","n":0}},{"type":"Feature","geometry":{"type":"Point","coordinates":[142.4402,-10.8978]},"properties":{"d":"2026-10-09","t":"0408","frp":6.9,"b":347.4,"c":1,"s":"SNPP","n":0}},{"type":"Feature","geometry":{"type":"Point","coordinates":[142.4175,-10.8977]},"properties":{"d":"2026-10-09","t":"0408","frp":3.1,"b":331.1,"c":0,"s":"SNPP","n":0}},{"type":"Feature","geometry":{"type":"Point","coordinates":[142.4173,-10.8975]},"properties":{"d":"2026-10-09","t":"0408","frp":3.7,"b":331.5,"c":0,"s":"SNPP","n":0}},{"type":"Feature","geometry":{"type":"Point","coordinates":[142.4249,-10.8966]},"properties":{"d":"2026-10-09","t":"0408","frp":5.8,"b":341.3,"c":0,"s":"SNPP","n":0}},{"type":"Feature","geometry":{"type":"Point","coordinates":[142.4247,-10.8964]},"properties":{"d":"2026-10-09","t":"0408","frp":3.3,"b":343.5,"c":1,"s":"SNPP","n":0}},{"type":"Feature","geometry":{"type":"Point","coordinates":[142.4286,-10.8961]},"properties":{"d":"2026-10-09","t":"0408","frp":4.6,"b":340.1,"c":1,"s":"SNPP","n":0}},{"type":"Feature","geometry":{"type":"Point","coordinates":[142.4283,-10.8958]},"properties":{"d":"2026-10-09","t":"0408","frp":3.8,"b":338.0,"c":1,"s":"SNPP","n":0}},{"type":"Feature","geometry":{"type":"Point","coordinates":[142.4131,-10.8946]},"properties":{"d":"2026-10-09","t":"0408","frp":3.7,"b":331.9,"c":1,"s":"SNPP","n":0}},{"type":"Feature","geometry":{"type":"Point","coordinates":[142.4168,-10.8941]},"properties":{"d":"2026-10-09","t":"0408","frp":3.7,"b":342.0,"c":1,"s":"SNPP","n":0}},{"type":"Feature","geometry":{"type":"Point","coordinates":[142.4205,-10.8935]},"properties":{"d":"2026-10-09","t":"0408","frp":3.3,"b":337.5,"c":1,"s":"SNPP","n":0}},{"type":"Feature","geometry":{"type":"Point","coordinates":[142.4242,-10.893]},"properties":{"d":"2026-10-09","t":"0408","frp":3.3,"b":333.1,"c":1,"s":"SNPP","n":0}},{"type":"Feature","geometry":{"type":"Point","coordinates":[142.4163,-10.8907]},"properties":{"d":"2026-10-09","t":"0408","frp":5.6,"b":343.3,"c":1,"s":"SNPP","n":0}},{"type":"Feature","geometry":{"type":"Point","coordinates":[142.42,-10.8901]},"properties":{"d":"2026-10-09","t":"0408","frp":3.6,"b":341.8,"c":1,"s":"SNPP","n":0}},{"type":"Feature","geometry":{"type":"Point","coordinates":[152.5513,-10.6212]},"properties":{"d":"2026-10-09","t":"0408","frp":1.8,"b":338.2,"c":1,"s":"SNPP","n":0}},{"type":"Feature","geometry":{"type":"Point","coordinates":[149.8642,-10.3484]},"properties":{"d":"2026-10-09","t":"0408","frp":3.0,"b":336.0,"c":1,"s":"SNPP","n":0}},{"type":"Feature","geometry":{"type":"Point","coordinates":[149.8639,-10.3472]},"properties":{"d":"2026-10-09","t":"0408","frp":3.5,"b":331.0,"c":1,"s":"SNPP","n":0}},{"type":"Feature","geometry":{"type":"Point","coordinates":[149.3344,-10.3048]},"properties":{"d":"2026-10-09","t":"0408","frp":3.8,"b":336.5,"c":1,"s":"SNPP","n":0}},{"type":"Feature","geometry":{"type":"Point","coordinates":[149.2826,-10.2714]},"properties":{"d":"2026-10-09","t":"0408","frp":3.0,"b":330.2,"c":1,"s":"SNPP","n":0}},{"type":"Feature","geometry":{"type":"Point","coordinates":[149.2996,-10.26]},"properties":{"d":"2026-10-09","t":"0408","frp":2.9,"b":335.7,"c":1,"s":"SNPP","n":0}},{"type":"Feature","geometry":{"type":"Point","coordinates":[149.997,-10.1914]},"properties":{"d":"2026-10-09","t":"0408","frp":3.1,"b":333.8,"c":1,"s":"SNPP","n":0}},{"type":"Feature","geometry":{"type":"Point","coordinates":[149.8296,-10.1206]},"properties":{"d":"2026-10-09","t":"0408","frp":3.7,"b":339.9,"c":1,"s":"SNPP","n":0}},{"type":"Feature","geometry":{"type":"Point","coordinates":[148.0025,-10.0954]},"properties":{"d":"2026-10-09","t":"0408","frp":5.4,"b":340.3,"c":1,"s":"SNPP","n":0}},{"type":"Feature","geometry":{"type":"Point","coordinates":[148.0018,-10.0916]},"properties":{"d":"2026-10-09","t":"0408","frp":5.4,"b":336.1,"c":1,"s":"SNPP","n":0}},{"type":"Feature","geometry":{"type":"Point","coordinates":[148.1885,-10.0686]},"properties":{"d":"2026-10-09","t":"0408","frp":7.7,"b":331.5,"c":0,"s":"SNPP","n":0}},{"type":"Feature","geometry":{"type":"Point","coordinates":[148.6102,-10.0454]},"properties":{"d":"2026-10-09","t":"0408","frp":4.3,"b":332.6,"c":1,"s":"SNPP","n":0}},{"type":"Feature","geometry":{"type":"Point","coordinates":[147.9505,-10.0346]},"properties":{"d":"2026-10-09","t":"0408","frp":4.3,"b":345.1,"c":1,"s":"SNPP","n":0}},{"type":"Feature","geometry":{"type":"Point","coordinates":[147.9487,-10.0341]},"properties":{"d":"2026-10-09","t":"0408","frp":3.3,"b":336.1,"c":1,"s":"SNPP","n":0}},{"type":"Feature","geometry":{"type":"Point","coordinates":[151.1843,-10.0232]},"properties":{"d":"2026-10-09","t":"0408","frp":6.1,"b":332.9,"c":1,"s":"SNPP","n":0}},{"type":"Feature","geometry":{"type":"Point","coordinates":[149.6161,-10.0231]},"properties":{"d":"2026-10-09","t":"0408","frp":10.9,"b":343.4,"c":1,"s":"SNPP","n":0}},{"type":"Feature","geometry":{"type":"Point","coordinates":[151.1828,-10.0202]},"properties":{"d":"2026-10-09","t":"0408","frp":7.1,"b":334.3,"c":1,"s":"SNPP","n":0}},{"type":"Feature","geometry":{"type":"Point","coordinates":[151.1864,-10.0147]},"properties":{"d":"2026-10-09","t":"0408","frp":10.6,"b":345.4,"c":1,"s":"SNPP","n":0}},{"type":"Feature","geometry":{"type":"Point","coordinates":[148.1104,-10.0145]},"properties":{"d":"2026-10-09","t":"0408","frp":4.1,"b":330.1,"c":0,"s":"SNPP","n":0}},{"type":"Feature","geometry":{"type":"Point","coordinates":[151.1537,-10.014]},"properties":{"d":"2026-10-09","t":"0408","frp":4.0,"b":330.3,"c":1,"s":"SNPP","n":0}},{"type":"Feature","geometry":{"type":"Point","coordinates":[151.1876,-10.0129]},"properties":{"d":"2026-10-09","t":"0408","frp":12.1,"b":339.8,"c":1,"s":"SNPP","n":0}},{"type":"Feature","geometry":{"type":"Point","coordinates":[147.87,-10.0128]},"properties":{"d":"2026-10-09","t":"0408","frp":7.8,"b":347.7,"c":1,"s":"SNPP","n":0}},{"type":"Feature","geometry":{"type":"Point","coordinates":[149.8166,-10.0106]},"properties":{"d":"2026-10-09","t":"0408","frp":3.8,"b":330.0,"c":1,"s":"SNPP","n":0}},{"type":"Feature","geometry":{"type":"Point","coordinates":[148.2319,-10.0018]},"properties":{"d":"2026-10-09","t":"0408","frp":40.7,"b":338.5,"c":1,"s":"SNPP","n":0}},{"type":"Feature","geometry":{"type":"Point","coordinates":[148.4576,-9.9916]},"properties":{"d":"2026-10-09","t":"0408","frp":9.2,"b":338.5,"c":1,"s":"SNPP","n":0}},{"type":"Feature","geometry":{"type":"Point","coordinates":[149.6569,-9.99]},"properties":{"d":"2026-10-09","t":"0408","frp":5.6,"b":335.9,"c":1,"s":"SNPP","n":0}},{"type":"Feature","geometry":{"type":"Point","coordinates":[147.823,-9.9856]},"properties":{"d":"2026-10-09","t":"0408","frp":3.8,"b":333.8,"c":0,"s":"SNPP","n":0}},{"type":"Feature","geometry":{"type":"Point","coordinates":[147.8224,-9.9819]},"properties":{"d":"2026-10-09","t":"0408","frp":3.8,"b":338.6,"c":1,"s":"SNPP","n":0}},{"type":"Feature","geometry":{"type":"Point","coordinates":[147.827,-9.9811]},"properties":{"d":"2026-10-09","t":"0408","frp":3.8,"b":347.1,"c":1,"s":"SNPP","n":0}},{"type":"Feature","geometry":{"type":"Point","coordinates":[147.8172,-9.9789]},"properties":{"d":"2026-10-09","t":"0408","frp":4.6,"b":332.7,"c":0,"s":"SNPP","n":0}},{"type":"Feature","geometry":{"type":"Point","coordinates":[147.8263,-9.9773]},"properties":{"d":"2026-10-09","t":"0408","frp":6.1,"b":340.5,"c":1,"s":"SNPP","n":0}},{"type":"Feature","geometry":{"type":"Point","coordinates":[151.2202,-9.9686]},"properties":{"d":"2026-10-09","t":"0408","frp":7.8,"b":346.0,"c":1,"s":"SNPP","n":0}},{"type":"Feature","geometry":{"type":"Point","coordinates":[148.0457,-9.9406]},"properties":{"d":"2026-10-09","t":"0408","frp":6.5,"b":336.4,"c":1,"s":"SNPP","n":0}},{"type":"Feature","geometry":{"type":"Point","coordinates":[151.2415,-9.926]},"properties":{"d":"2026-10-09","t":"0408","frp":34.1,"b":346.4,"c":1,"s":"SNPP","n":0}},{"type":"Feature","geometry":{"type":"Point","coordinates":[147.8718,-9.9045]},"properties":{"d":"2026-10-09","t":"0408","frp":12.2,"b":347.8,"c":1,"s":"SNPP","n":0}},{"type":"Feature","geometry":{"type":"Point","coordinates":[147.8077,-9.8879]},"properties":{"d":"2026-10-09","t":"0408","frp":13.5,"b":354.5,"c":1,"s":"SNPP","n":0}},{"type":"Feature","geometry":{"type":"Point","coordinates":[149.3022,-9.8564]},"properties":{"d":"2026-10-09","t":"0408","frp":22.6,"b":354.6,"c":1,"s":"SNPP","n":0}},{"type":"Feature","geometry":{"type":"Point","coordinates":[149.3052,-9.8516]},"properties":{"d":"2026-10-09","t":"0408","frp":37.5,"b":346.0,"c":1,"s":"SNPP","n":0}},{"type":"Feature","geometry":{"type":"Point","coordinates":[149.3093,-9.8509]},"properties":{"d":"2026-10-09","t":"0408","frp":42.7,"b":346.2,"c":1,"s":"SNPP","n":0}},{"type":"Feature","geometry":{"type":"Point","coordinates":[147.711,-9.8461]},"properties":{"d":"2026-10-09","t":"0408","frp":2.0,"b":331.6,"c":0,"s":"SNPP","n":0}},{"type":"Feature","geometry":{"type":"Point","coordinates":[147.7731,-9.8084]},"properties":{"d":"2026-10-09","t":"0408","frp":1.3,"b":331.2,"c":0,"s":"SNPP","n":0}},{"type":"Feature","geometry":{"type":"Point","coordinates":[149.2767,-9.7991]},"properties":{"d":"2026-10-09","t":"0408","frp":9.2,"b":343.9,"c":1,"s":"SNPP","n":0}},{"type":"Feature","geometry":{"type":"Point","coordinates":[149.2767,-9.7948]},"properties":{"d":"2026-10-09","t":"0408","frp":9.2,"b":342.5,"c":1,"s":"SNPP","n":0}},{"type":"Feature","geometry":{"type":"Point","coordinates":[147.7816,-9.776]},"properties":{"d":"2026-10-09","t":"0408","frp":11.4,"b":347.1,"c":1,"s":"SNPP","n":0}},{"type":"Feature","geometry":{"type":"Point","coordinates":[147.8288,-9.7526]},"properties":{"d":"2026-10-09","t":"0408","frp":4.4,"b":335.1,"c":1,"s":"SNPP","n":0}},{"type":"Feature","geometry":{"type":"Point","coordinates":[147.828,-9.7488]},"properties":{"d":"2026-10-09","t":"0408","frp":4.4,"b":341.6,"c":1,"s":"SNPP","n":0}},{"type":"Feature","geometry":{"type":"Point","coordinates":[147.8871,-9.7272]},"properties":{"d":"2026-10-09","t":"0408","frp":8.7,"b":346.5,"c":1,"s":"SNPP","n":0}},{"type":"Feature","geometry":{"type":"Point","coordinates":[147.5307,-9.6981]},"properties":{"d":"2026-10-09","t":"0408","frp":2.7,"b":335.2,"c":0,"s":"SNPP","n":0}},{"type":"Feature","geometry":{"type":"Point","coordinates":[148.5302,-9.691]},"properties":{"d":"2026-10-09","t":"0408","frp":16.8,"b":346.7,"c":1,"s":"SNPP","n":0}},{"type":"Feature","geometry":{"type":"Point","coordinates":[147.8086,-9.6867]},"properties":{"d":"2026-10-09","t":"0408","frp":14.7,"b":345.6,"c":1,"s":"SNPP","n":0}},{"type":"Feature","geometry":{"type":"Point","coordinates":[147.6632,-9.6837]},"properties":{"d":"2026-10-09","t":"0408","frp":3.5,"b":330.1,"c":0,"s":"SNPP","n":0}},{"type":"Feature","geometry":{"type":"Point","coordinates":[148.529,-9.6831]},"properties":{"d":"2026-10-09","t":"0408","frp":2.7,"b":331.4,"c":0,"s":"SNPP","n":0}},{"type":"Feature","geometry":{"type":"Point","coordinates":[147.6535,-9.6815]},"properties":{"d":"2026-10-09","t":"0408","frp":5.7,"b":342.3,"c":1,"s":"SNPP","n":0}},{"type":"Feature","geometry":{"type":"Point","coordinates":[147.8661,-9.6811]},"properties":{"d":"2026-10-09","t":"0408","frp":5.8,"b":334.6,"c":1,"s":"SNPP","n":0}},{"type":"Feature","geometry":{"type":"Point","coordinates":[148.6191,-9.6721]},"properties":{"d":"2026-10-09","t":"0408","frp":10.9,"b":346.4,"c":1,"s":"SNPP","n":0}},{"type":"Feature","geometry":{"type":"Point","coordinates":[147.7121,-9.6678]},"properties":{"d":"2026-10-09","t":"0408","frp":6.7,"b":338.3,"c":1,"s":"SNPP","n":0}},{"type":"Feature","geometry":{"type":"Point","coordinates":[149.6633,-9.6641]},"properties":{"d":"2026-10-09","t":"0408","frp":1.0,"b":336.6,"c":1,"s":"SNPP","n":0}},{"type":"Feature","geometry":{"type":"Point","coordinates":[148.5909,-9.636]},"properties":{"d":"2026-10-09","t":"0408","frp":13.0,"b":350.2,"c":1,"s":"SNPP","n":0}},{"type":"Feature","geometry":{"type":"Point","coordinates":[147.6635,-9.6215]},"properties":{"d":"2026-10-09","t":"0408","frp":4.9,"b":337.4,"c":1,"s":"SNPP","n":0}},{"type":"Feature","geometry":{"type":"Point","coordinates":[148.79,-9.6187]},"properties":{"d":"2026-10-09","t":"0408","frp":3.0,"b":331.6,"c":1,"s":"SNPP","n":0}},{"type":"Feature","geometry":{"type":"Point","coordinates":[147.9408,-9.5839]},"properties":{"d":"2026-10-09","t":"0408","frp":6.8,"b":342.1,"c":1,"s":"SNPP","n":0}},{"type":"Feature","geometry":{"type":"Point","coordinates":[148.3368,-9.4625]},"properties":{"d":"2026-10-09","t":"0408","frp":7.6,"b":330.7,"c":0,"s":"SNPP","n":0}},{"type":"Feature","geometry":{"type":"Point","coordinates":[148.3621,-9.4622]},"properties":{"d":"2026-10-09","t":"0408","frp":4.7,"b":334.2,"c":1,"s":"SNPP","n":0}},{"type":"Feature","geometry":{"type":"Point","coordinates":[147.428,-9.4511]},"properties":{"d":"2026-10-09","t":"0408","frp":10.9,"b":354.0,"c":1,"s":"SNPP","n":0}},{"type":"Feature","geometry":{"type":"Point","coordinates":[147.3643,-9.4158]},"properties":{"d":"2026-10-09","t":"0408","frp":6.5,"b":338.3,"c":0,"s":"SNPP","n":0}},{"type":"Feature","geometry":{"type":"Point","coordinates":[148.7968,-9.4053]},"properties":{"d":"2026-10-09","t":"0408","frp":13.7,"b":356.0,"c":1,"s":"SNPP","n":0}},{"type":"Feature","geometry":{"type":"Point","coordinates":[147.4412,-9.3917]},"properties":{"d":"2026-10-09","t":"0408","frp":2.4,"b":333.8,"c":0,"s":"SNPP","n":0}},{"type":"Feature","geometry":{"type":"Point","coordinates":[147.422,-9.3872]},"properties":{"d":"2026-10-09","t":"0408","frp":27.3,"b":350.0,"c":1,"s":"SNPP","n":0}},{"type":"Feature","geometry":{"type":"Point","coordinates":[147.4215,-9.3835]},"properties":{"d":"2026-10-09","t":"0408","frp":27.3,"b":350.5,"c":1,"s":"SNPP","n":0}},{"type":"Feature","geometry":{"type":"Point","coordinates":[148.7629,-9.3779]},"properties":{"d":"2026-10-09","t":"0408","frp":4.8,"b":341.9,"c":1,"s":"SNPP","n":0}},{"type":"Feature","geometry":{"type":"Point","coordinates":[148.7665,-9.3773]},"properties":{"d":"2026-10-09","t":"0408","frp":4.8,"b":348.5,"c":1,"s":"SNPP","n":0}},{"type":"Feature","geometry":{"type":"Point","coordinates":[147.4159,-9.3768]},"properties":{"d":"2026-10-09","t":"0408","frp":6.0,"b":348.4,"c":1,"s":"SNPP","n":0}},{"type":"Feature","geometry":{"type":"Point","coordinates":[147.4431,-9.3761]},"properties":{"d":"2026-10-09","t":"0408","frp":2.9,"b":330.2,"c":0,"s":"SNPP","n":0}},{"type":"Feature","geometry":{"type":"Point","coordinates":[147.3311,-9.374]},"properties":{"d":"2026-10-09","t":"0408","frp":5.5,"b":339.8,"c":1,"s":"SNPP","n":0}},{"type":"Feature","geometry":{"type":"Point","coordinates":[148.7623,-9.3738]},"properties":{"d":"2026-10-09","t":"0408","frp":4.8,"b":347.8,"c":1,"s":"SNPP","n":0}},{"type":"Feature","geometry":{"type":"Point","coordinates":[148.7658,-9.3732]},"properties":{"d":"2026-10-09","t":"0408","frp":4.8,"b":332.8,"c":1,"s":"SNPP","n":0}},{"type":"Feature","geometry":{"type":"Point","coordinates":[147.3303,-9.372]},"properties":{"d":"2026-10-09","t":"0408","frp":3.8,"b":340.2,"c":1,"s":"SNPP","n":0}},{"type":"Feature","geometry":{"type":"Point","coordinates":[147.3299,-9.3683]},"properties":{"d":"2026-10-09","t":"0408","frp":3.8,"b":341.4,"c":1,"s":"SNPP","n":0}},{"type":"Feature","geometry":{"type":"Point","coordinates":[147.3304,-9.3665]},"properties":{"d":"2026-10-09","t":"0408","frp":3.9,"b":332.2,"c":0,"s":"SNPP","n":0}},{"type":"Feature","geometry":{"type":"Point","coordinates":[148.7958,-9.3556]},"properties":{"d":"2026-10-09","t":"0408","frp":6.3,"b":348.4,"c":1,"s":"SNPP","n":0}},{"type":"Feature","geometry":{"type":"Point","coordinates":[148.6524,-9.3505]},"properties":{"d":"2026-10-09","t":"0408","frp":2.6,"b":331.9,"c":1,"s":"SNPP","n":0}},{"type":"Feature","geometry":{"type":"Point","coordinates":[148.7677,-9.3479]},"properties":{"d":"2026-10-09","t":"0408","frp":3.4,"b":335.3,"c":1,"s":"SNPP","n":0}},{"type":"Feature","geometry":{"type":"Point","coordinates":[148.7689,-9.3478]},"properties":{"d":"2026-10-09","t":"0408","frp":3.3,"b":331.0,"c":1,"s":"SNPP","n":0}},{"type":"Feature","geometry":{"type":"Point","coordinates":[148.9108,-9.3358]},"properties":{"d":"2026-10-09","t":"0408","frp":4.7,"b":332.2,"c":1,"s":"SNPP","n":0}},{"type":"Feature","geometry":{"type":"Point","coordinates":[149.1173,-9.3298]},"properties":{"d":"2026-10-09","t":"0408","frp":7.0,"b":343.8,"c":1,"s":"SNPP","n":0}},{"type":"Feature","geometry":{"type":"Point","coordinates":[142.5981,-9.3158]},"properties":{"d":"2026-10-09","t":"0408","frp":3.6,"b":338.1,"c":1,"s":"SNPP","n":0}},{"type":"Feature","geometry":{"type":"Point","coordinates":[149.137,-9.2925]},"properties":{"d":"2026-10-09","t":"0408","frp":2.1,"b":334.8,"c":1,"s":"SNPP","n":0}},{"type":"Feature","geometry":{"type":"Point","coordinates":[142.5827,-9.2872]},"properties":{"d":"2026-10-09","t":"0408","frp":5.4,"b":343.6,"c":1,"s":"SNPP","n":0}},{"type":"Feature","geometry":{"type":"Point","coordinates":[142.5781,-9.281]},"properties":{"d":"2026-10-09","t":"0408","frp":8.4,"b":348.4,"c":1,"s":"SNPP","n":0}},{"type":"Feature","geometry":{"type":"Point","coordinates":[142.5817,-9.2805]},"properties":{"d":"2026-10-09","t":"0408","frp":2.8,"b":331.7,"c":0,"s":"SNPP","n":0}},{"type":"Feature","geometry":{"type":"Point","coordinates":[142.574,-9.2782]},"properties":{"d":"2026-10-09","t":"0408","frp":56.7,"b":367.0,"c":2,"s":"SNPP","n":0}},{"type":"Feature","geometry":{"type":"Point","coordinates":[147.138,-9.2778]},"properties":{"d":"2026-10-09","t":"0408","frp":2.8,"b":333.1,"c":1,"s":"SNPP","n":0}},{"type":"Feature","geometry":{"type":"Point","coordinates":[142.5776,-9.2776]},"properties":{"d":"2026-10-09","t":"0408","frp":56.7,"b":338.1,"c":1,"s":"SNPP","n":0}},{"type":"Feature","geometry":{"type":"Point","coordinates":[142.5812,-9.2771]},"properties":{"d":"2026-10-09","t":"0408","frp":3.1,"b":343.2,"c":1,"s":"SNPP","n":0}},{"type":"Feature","geometry":{"type":"Point","coordinates":[142.5848,-9.2766]},"properties":{"d":"2026-10-09","t":"0408","frp":3.1,"b":331.3,"c":0,"s":"SNPP","n":0}},{"type":"Feature","geometry":{"type":"Point","coordinates":[142.5955,-9.275]},"properties":{"d":"2026-10-09","t":"0408","frp":6.1,"b":339.5,"c":1,"s":"SNPP","n":0}},{"type":"Feature","geometry":{"type":"Point","coordinates":[148.8583,-9.2745]},"properties":{"d":"2026-10-09","t":"0408","frp":3.9,"b":337.2,"c":1,"s":"SNPP","n":0}},{"type":"Feature","geometry":{"type":"Point","coordinates":[142.5807,-9.2737]},"properties":{"d":"2026-10-09","t":"0408","frp":3.1,"b":334.1,"c":1,"s":"SNPP","n":0}},{"type":"Feature","geometry":{"type":"Point","coordinates":[147.1683,-9.2729]},"properties":{"d":"2026-10-09","t":"0408","frp":2.8,"b":330.8,"c":0,"s":"SNPP","n":0}},{"type":"Feature","geometry":{"type":"Point","coordinates":[142.5802,-9.2704]},"properties":{"d":"2026-10-09","t":"0408","frp":1.9,"b":332.1,"c":0,"s":"SNPP","n":0}},{"type":"Feature","geometry":{"type":"Point","coordinates":[142.5909,-9.2688]},"properties":{"d":"2026-10-09","t":"0408","frp":3.6,"b":333.4,"c":0,"s":"SNPP","n":0}},{"type":"Feature","geometry":{"type":"Point","coordinates":[148.7968,-9.2599]},"properties":{"d":"2026-10-09","t":"0408","frp":3.7,"b":331.3,"c":1,"s":"SNPP","n":0}},{"type":"Feature","geometry":{"type":"Point","coordinates":[147.0631,-9.2524]},"properties":{"d":"2026-10-09","t":"0408","frp":2.7,"b":334.4,"c":0,"s":"SNPP","n":0}},{"type":"Feature","geometry":{"type":"Point","coordinates":[147.0802,-9.2496]},"properties":{"d":"2026-10-09","t":"0408","frp":4.6,"b":340.2,"c":1,"s":"SNPP","n":0}},{"type":"Feature","geometry":{"type":"Point","coordinates":[147.0625,-9.2488]},"properties":{"d":"2026-10-09","t":"0408","frp":2.7,"b":333.9,"c":0,"s":"SNPP","n":0}},{"type":"Feature","geometry":{"type":"Point","coordinates":[147.3055,-9.2393]},"properties":{"d":"2026-10-09","t":"0408","frp":5.1,"b":343.7,"c":1,"s":"SNPP","n":0}},{"type":"Feature","geometry":{"type":"Point","coordinates":[148.6833,-9.2328]},"properties":{"d":"2026-10-09","t":"0408","frp":3.1,"b":338.4,"c":1,"s":"SNPP","n":0}},{"type":"Feature","geometry":{"type":"Point","coordinates":[147.3572,-9.2233]},"properties":{"d":"2026-10-09","t":"0408","frp":3.2,"b":332.2,"c":1,"s":"SNPP","n":0}},{"type":"Feature","geometry":{"type":"Point","coordinates":[147.3477,-9.221]},"properties":{"d":"2026-10-09","t":"0408","frp":2.5,"b":334.8,"c":1,"s":"SNPP","n":0}},{"type":"Feature","geometry":{"type":"Point","coordinates":[147.3566,-9.2196]},"properties":{"d":"2026-10-09","t":"0408","frp":5.7,"b":330.3,"c":0,"s":"SNPP","n":0}},{"type":"Feature","geometry":{"type":"Point","coordinates":[142.4504,-9.2129]},"properties":{"d":"2026-10-09","t":"0408","frp":3.5,"b":337.5,"c":1,"s":"SNPP","n":0}},{"type":"Feature","geometry":{"type":"Point","coordinates":[147.1896,-9.2128]},"properties":{"d":"2026-10-09","t":"0408","frp":2.6,"b":335.3,"c":1,"s":"SNPP","n":0}},{"type":"Feature","geometry":{"type":"Point","coordinates":[147.194,-9.2121]},"properties":{"d":"2026-10-09","t":"0408","frp":2.6,"b":333.0,"c":1,"s":"SNPP","n":0}},{"type":"Feature","geometry":{"type":"Point","coordinates":[147.27,-9.211]},"properties":{"d":"2026-10-09","t":"0408","frp":3.7,"b":331.5,"c":0,"s":"SNPP","n":0}},{"type":"Feature","geometry":{"type":"Point","coordinates":[142.4498,-9.2095]},"properties":{"d":"2026-10-09","t":"0408","frp":11.1,"b":344.7,"c":1,"s":"SNPP","n":0}},{"type":"Feature","geometry":{"type":"Point","coordinates":[142.4535,-9.209]},"properties":{"d":"2026-10-09","t":"0408","frp":10.6,"b":339.5,"c":1,"s":"SNPP","n":0}},{"type":"Feature","geometry":{"type":"Point","coordinates":[142.4457,-9.2067]},"properties":{"d":"2026-10-09","t":"0408","frp":11.1,"b":345.7,"c":1,"s":"SNPP","n":0}},{"type":"Feature","geometry":{"type":"Point","coordinates":[142.4493,-9.2061]},"properties":{"d":"2026-10-09","t":"0408","frp":11.1,"b":350.3,"c":1,"s":"SNPP","n":0}},{"type":"Feature","geometry":{"type":"Point","coordinates":[142.4529,-9.2056]},"properties":{"d":"2026-10-09","t":"0408","frp":10.6,"b":342.2,"c":1,"s":"SNPP","n":0}},{"type":"Feature","geometry":{"type":"Point","coordinates":[142.4452,-9.2033]},"properties":{"d":"2026-10-09","t":"0408","frp":9.4,"b":349.7,"c":1,"s":"SNPP","n":0}},{"type":"Feature","geometry":{"type":"Point","coordinates":[142.4488,-9.2028]},"properties":{"d":"2026-10-09","t":"0408","frp":9.4,"b":345.9,"c":1,"s":"SNPP","n":0}},{"type":"Feature","geometry":{"type":"Point","coordinates":[142.4524,-9.2022]},"properties":{"d":"2026-10-09","t":"0408","frp":3.9,"b":339.4,"c":1,"s":"SNPP","n":0}},{"type":"Feature","geometry":{"type":"Point","coordinates":[142.5765,-9.1974]},"properties":{"d":"2026-10-09","t":"0408","frp":3.7,"b":332.4,"c":0,"s":"SNPP","n":0}},{"type":"Feature","geometry":{"type":"Point","coordinates":[142.5653,-9.1957]},"properties":{"d":"2026-10-09","t":"0408","frp":3.7,"b":341.2,"c":1,"s":"SNPP","n":0}},{"type":"Feature","geometry":{"type":"Point","coordinates":[142.5689,-9.1951]},"properties":{"d":"2026-10-09","t":"0408","frp":5.2,"b":367.0,"c":2,"s":"SNPP","n":0}},{"type":"Feature","geometry":{"type":"Point","coordinates":[142.5725,-9.1946]},"properties":{"d":"2026-10-09","t":"0408","frp":5.2,"b":336.0,"c":1,"s":"SNPP","n":0}},{"type":"Feature","geometry":{"type":"Point","coordinates":[147.2852,-9.1933]},"properties":{"d":"2026-10-09","t":"0408","frp":4.8,"b":339.8,"c":1,"s":"SNPP","n":0}},{"type":"Feature","geometry":{"type":"Point","coordinates":[142.5356,-9.1932]},"properties":{"d":"2026-10-09","t":"0408","frp":1.5,"b":330.5,"c":0,"s":"SNPP","n":0}},{"type":"Feature","geometry":{"type":"Point","coordinates":[142.5392,-9.1927]},"properties":{"d":"2026-10-09","t":"0408","frp":3.0,"b":330.6,"c":1,"s":"SNPP","n":0}},{"type":"Feature","geometry":{"type":"Point","coordinates":[142.5428,-9.1922]},"properties":{"d":"2026-10-09","t":"0408","frp":3.0,"b":345.5,"c":1,"s":"SNPP","n":0}},{"type":"Feature","geometry":{"type":"Point","coordinates":[142.5243,-9.1915]},"properties":{"d":"2026-10-09","t":"0408","frp":5.1,"b":343.7,"c":1,"s":"SNPP","n":0}},{"type":"Feature","geometry":{"type":"Point","coordinates":[142.5719,-9.1912]},"properties":{"d":"2026-10-09","t":"0408","frp":2.6,"b":332.7,"c":1,"s":"SNPP","n":0}},{"type":"Feature","geometry":{"type":"Point","coordinates":[142.5279,-9.191]},"properties":{"d":"2026-10-09","t":"0408","frp":5.1,"b":344.5,"c":1,"s":"SNPP","n":0}},{"type":"Feature","geometry":{"type":"Point","coordinates":[142.5094,-9.1903]},"properties":{"d":"2026-10-09","t":"0408","frp":3.3,"b":332.6,"c":0,"s":"SNPP","n":0}},{"type":"Feature","geometry":{"type":"Point","coordinates":[142.5351,-9.1899]},"properties":{"d":"2026-10-09","t":"0408","frp":5.3,"b":339.9,"c":1,"s":"SNPP","n":0}},{"type":"Feature","geometry":{"type":"Point","coordinates":[142.5202,-9.1887]},"properties":{"d":"2026-10-09","t":"0408","frp":5.2,"b":342.6,"c":1,"s":"SNPP","n":0}},{"type":"Feature","geometry":{"type":"Point","coordinates":[142.5053,-9.1874]},"properties":{"d":"2026-10-09","t":"0408","frp":7.7,"b":348.9,"c":1,"s":"SNPP","n":0}},{"type":"Feature","geometry":{"type":"Point","coordinates":[142.5089,-9.1869]},"properties":{"d":"2026-10-09","t":"0408","frp":11.6,"b":351.4,"c":1,"s":"SNPP","n":0}},{"type":"Feature","geometry":{"type":"Point","coordinates":[142.3726,-9.1865]},"properties":{"d":"2026-10-09","t":"0408","frp":3.1,"b":332.6,"c":1,"s":"SNPP","n":0}},{"type":"Feature","geometry":{"type":"Point","coordinates":[147.2883,-9.1852]},"properties":{"d":"2026-10-09","t":"0408","frp":3.0,"b":336.3,"c":1,"s":"SNPP","n":0}},{"type":"Feature","geometry":{"type":"Point","coordinates":[142.5012,-9.1846]},"properties":{"d":"2026-10-09","t":"0408","frp":7.7,"b":339.4,"c":1,"s":"SNPP","n":0}},{"type":"Feature","geometry":{"type":"Point","coordinates":[142.5048,-9.1841]},"properties":{"d":"2026-10-09","t":"0408","frp":7.7,"b":350.0,"c":1,"s":"SNPP","n":0}},{"type":"Feature","geometry":{"type":"Point","coordinates":[142.7421,-9.1828]},"properties":{"d":"2026-10-09","t":"0408","frp":3.6,"b":338.9,"c":1,"s":"SNPP","n":0}},{"type":"Feature","geometry":{"type":"Point","coordinates":[142.7675,-9.1824]},"properties":{"d":"2026-10-09","t":"0408","frp":2.2,"b":334.9,"c":1,"s":"SNPP","n":0}},{"type":"Feature","geometry":{"type":"Point","coordinates":[142.7711,-9.1819]},"properties":{"d":"2026-10-09","t":"0408","frp":2.3,"b":333.2,"c":1,"s":"SNPP","n":0}},{"type":"Feature","geometry":{"type":"Point","coordinates":[147.2876,-9.1815]},"properties":{"d":"2026-10-09","t":"0408","frp":3.0,"b":330.5,"c":0,"s":"SNPP","n":0}},{"type":"Feature","geometry":{"type":"Point","coordinates":[142.5007,-9.1813]},"properties":{"d":"2026-10-09","t":"0408","frp":9.7,"b":349.4,"c":1,"s":"SNPP","n":0}},{"type":"Feature","geometry":{"type":"Point","coordinates":[142.5043,-9.1807]},"properties":{"d":"2026-10-09","t":"0408","frp":9.7,"b":338.2,"c":1,"s":"SNPP","n":0}},{"type":"Feature","geometry":{"type":"Point","coordinates":[142.5591,-9.1794]},"properties":{"d":"2026-10-09","t":"0408","frp":7.2,"b":343.6,"c":1,"s":"SNPP","n":0}},{"type":"Feature","geometry":{"type":"Point","coordinates":[142.5627,-9.1789]},"properties":{"d":"2026-10-09","t":"0408","frp":7.2,"b":355.9,"c":1,"s":"SNPP","n":0}},{"type":"Feature","geometry":{"type":"Point","coordinates":[142.4046,-9.1783]},"properties":{"d":"2026-10-09","t":"0408","frp":3.4,"b":341.2,"c":1,"s":"SNPP","n":0}},{"type":"Feature","geometry":{"type":"Point","coordinates":[142.5002,-9.1779]},"properties":{"d":"2026-10-09","t":"0408","frp":9.7,"b":346.6,"c":1,"s":"SNPP","n":0}},{"type":"Feature","geometry":{"type":"Point","coordinates":[142.5038,-9.1774]},"properties":{"d":"2026-10-09","t":"0408","frp":9.7,"b":367.0,"c":2,"s":"SNPP","n":0}},{"type":"Feature","geometry":{"type":"Point","coordinates":[142.5074,-9.1768]},"properties":{"d":"2026-10-09","t":"0408","frp":5.9,"b":339.0,"c":1,"s":"SNPP","n":0}},{"type":"Feature","geometry":{"type":"Point","coordinates":[142.5586,-9.176]},"properties":{"d":"2026-10-09","t":"0408","frp":7.2,"b":344.3,"c":1,"s":"SNPP","n":0}},{"type":"Feature","geometry":{"type":"Point","coordinates":[142.5622,-9.1755]},"properties":{"d":"2026-10-09","t":"0408","frp":7.2,"b":367.0,"c":2,"s":"SNPP","n":0}},{"type":"Feature","geometry":{"type":"Point","coordinates":[148.6844,-9.1748]},"properties":{"d":"2026-10-09","t":"0408","frp":4.1,"b":331.8,"c":1,"s":"SNPP","n":0}},{"type":"Feature","geometry":{"type":"Point","coordinates":[142.5033,-9.174]},"properties":{"d":"2026-10-09","t":"0408","frp":9.5,"b":356.4,"c":1,"s":"SNPP","n":0}},{"type":"Feature","geometry":{"type":"Point","coordinates":[147.2189,-9.174]},"properties":{"d":"2026-10-09","t":"0408","frp":3.1,"b":340.2,"c":1,"s":"SNPP","n":0}},{"type":"Feature","geometry":{"type":"Point","coordinates":[142.5069,-9.1735]},"properties":{"d":"2026-10-09","t":"0408","frp":3.3,"b":337.7,"c":1,"s":"SNPP","n":0}},{"type":"Feature","geometry":{"type":"Point","coordinates":[142.5581,-9.1727]},"properties":{"d":"2026-10-09","t":"0408","frp":5.0,"b":333.9,"c":1,"s":"SNPP","n":0}},{"type":"Feature","geometry":{"type":"Point","coordinates":[142.7223,-9.1721]},"properties":{"d":"2026-10-09","t":"0408","frp":2.8,"b":331.5,"c":0,"s":"SNPP","n":0}},{"type":"Feature","geometry":{"type":"Point","coordinates":[147.2857,-9.1704]},"properties":{"d":"2026-10-09","t":"0408","frp":4.5,"b":338.6,"c":1,"s":"SNPP","n":0}},{"type":"Feature","geometry":{"type":"Point","coordinates":[142.6928,-9.1697]},"properties":{"d":"2026-10-09","t":"0408","frp":3.3,"b":335.0,"c":0,"s":"SNPP","n":0}},{"type":"Feature","geometry":{"type":"Point","coordinates":[142.5576,-9.1693]},"properties":{"d":"2026-10-09","t":"0408","frp":5.0,"b":339.4,"c":1,"s":"SNPP","n":0}},{"type":"Feature","geometry":{"type":"Point","coordinates":[142.5612,-9.1688]},"properties":{"d":"2026-10-09","t":"0408","frp":5.0,"b":349.7,"c":1,"s":"SNPP","n":0}},{"type":"Feature","geometry":{"type":"Point","coordinates":[147.2863,-9.1686]},"properties":{"d":"2026-10-09","t":"0408","frp":5.1,"b":333.4,"c":1,"s":"SNPP","n":0}},{"type":"Feature","geometry":{"type":"Point","coordinates":[141.1709,-9.1681]},"properties":{"d":"2026-10-09","t":"0408","frp":3.5,"b":334.9,"c":1,"s":"SNPP","n":0}},{"type":"Feature","geometry":{"type":"Point","coordinates":[141.5272,-9.1656]},"properties":{"d":"2026-10-09","t":"0408","frp":11.7,"b":352.9,"c":1,"s":"SNPP","n":0}},{"type":"Feature","geometry":{"type":"Point","coordinates":[141.531,-9.1651]},"properties":{"d":"2026-10-09","t":"0408","frp":5.9,"b":340.8,"c":1,"s":"SNPP","n":0}},{"type":"Feature","geometry":{"type":"Point","coordinates":[142.703,-9.1647]},"properties":{"d":"2026-10-09","t":"0408","frp":5.5,"b":342.7,"c":1,"s":"SNPP","n":0}},{"type":"Feature","geometry":{"type":"Point","coordinates":[142.5203,-9.1646]},"properties":{"d":"2026-10-09","t":"0408","frp":5.2,"b":353.6,"c":1,"s":"SNPP","n":0}},{"type":"Feature","geometry":{"type":"Point","coordinates":[142.7502,-9.1645]},"properties":{"d":"2026-10-09","t":"0408","frp":6.5,"b":350.0,"c":1,"s":"SNPP","n":0}},{"type":"Feature","geometry":{"type":"Point","coordinates":[142.5239,-9.164]},"properties":{"d":"2026-10-09","t":"0408","frp":5.2,"b":335.6,"c":1,"s":"SNPP","n":0}},{"type":"Feature","geometry":{"type":"Point","coordinates":[142.8227,-9.1638]},"properties":{"d":"2026-10-09","t":"0408","frp":1.9,"b":334.2,"c":1,"s":"SNPP","n":0}},{"type":"Feature","geometry":{"type":"Point","coordinates":[142.5495,-9.1637]},"properties":{"d":"2026-10-09","t":"0408","frp":7.3,"b":339.4,"c":1,"s":"SNPP","n":0}},{"type":"Feature","geometry":{"type":"Point","coordinates":[142.8516,-9.1629]},"properties":{"d":"2026-10-09","t":"0408","frp":2.2,"b":332.3,"c":1,"s":"SNPP","n":0}},{"type":"Feature","geometry":{"type":"Point","coordinates":[141.1822,-9.1629]},"properties":{"d":"2026-10-09","t":"0408","frp":3.9,"b":331.4,"c":0,"s":"SNPP","n":0}},{"type":"Feature","geometry":{"type":"Point","coordinates":[142.8768,-9.1625]},"properties":{"d":"2026-10-09","t":"0408","frp":5.9,"b":335.9,"c":1,"s":"SNPP","n":0}},{"type":"Feature","geometry":{"type":"Point","coordinates":[142.5382,-9.1619]},"properties":{"d":"2026-10-09","t":"0408","frp":8.7,"b":350.0,"c":1,"s":"SNPP","n":0}},{"type":"Feature","geometry":{"type":"Point","coordinates":[142.5162,-9.1617]},"properties":{"d":"2026-10-09","t":"0408","frp":7.3,"b":332.2,"c":0,"s":"SNPP","n":0}},{"type":"Feature","geometry":{"type":"Point","coordinates":[141.5306,-9.1616]},"properties":{"d":"2026-10-09","t":"0408","frp":5.9,"b":345.1,"c":1,"s":"SNPP","n":0}},{"type":"Feature","geometry":{"type":"Point","coordinates":[142.5418,-9.1614]},"properties":{"d":"2026-10-09","t":"0408","frp":4.1,"b":348.3,"c":1,"s":"SNPP","n":0}},{"type":"Feature","geometry":{"type":"Point","coordinates":[141.7472,-9.1611]},"properties":{"d":"2026-10-09","t":"0408","frp":5.1,"b":336.6,"c":0,"s":"SNPP","n":0}},{"type":"Feature","geometry":{"type":"Point","coordinates":[142.5454,-9.1608]},"properties":{"d":"2026-10-09","t":"0408","frp":4.1,"b":335.1,"c":0,"s":"SNPP","n":0}},{"type":"Feature","geometry":{"type":"Point","coordinates":[142.5489,-9.1603]},"properties":{"d":"2026-10-09","t":"0408","frp":6.9,"b":355.7,"c":1,"s":"SNPP","n":0}},{"type":"Feature","geometry":{"type":"Point","coordinates":[142.5377,-9.1585]},"properties":{"d":"2026-10-09","t":"0408","frp":8.7,"b":335.9,"c":1,"s":"SNPP","n":0}},{"type":"Feature","geometry":{"type":"Point","coordinates":[141.1654,-9.1581]},"properties":{"d":"2026-10-09","t":"0408","frp":3.0,"b":335.6,"c":1,"s":"SNPP","n":0}},{"type":"Feature","geometry":{"type":"Point","coordinates":[142.5192,-9.1578]},"properties":{"d":"2026-10-09","t":"0408","frp":4.5,"b":344.4,"c":1,"s":"SNPP","n":0}},{"type":"Feature","geometry":{"type":"Point","coordinates":[142.5448,-9.1575]},"properties":{"d":"2026-10-09","t":"0408","frp":4.1,"b":338.7,"c":1,"s":"SNPP","n":0}},{"type":"Feature","geometry":{"type":"Point","coordinates":[142.5008,-9.1572]},"properties":{"d":"2026-10-09","t":"0408","frp":4.5,"b":345.7,"c":1,"s":"SNPP","n":0}},{"type":"Feature","geometry":{"type":"Point","coordinates":[142.5704,-9.1571]},"properties":{"d":"2026-10-09","t":"0408","frp":6.0,"b":343.3,"c":1,"s":"SNPP","n":0}},{"type":"Feature","geometry":{"type":"Point","coordinates":[142.5484,-9.1569]},"properties":{"d":"2026-10-09","t":"0408","frp":6.9,"b":334.4,"c":1,"s":"SNPP","n":0}},{"type":"Feature","geometry":{"type":"Point","coordinates":[142.5044,-9.1566]},"properties":{"d":"2026-10-09","t":"0408","frp":13.2,"b":344.4,"c":1,"s":"SNPP","n":0}},{"type":"Feature","geometry":{"type":"Point","coordinates":[141.6618,-9.1562]},"properties":{"d":"2026-10-09","t":"0408","frp":1.8,"b":331.6,"c":1,"s":"SNPP","n":0}},{"type":"Feature","geometry":{"type":"Point","coordinates":[142.5001,-9.1556]},"properties":{"d":"2026-10-09","t":"0408","frp":17.2,"b":348.5,"c":1,"s":"SNPP","n":0}},{"type":"Feature","geometry":{"type":"Point","coordinates":[142.5037,-9.1551]},"properties":{"d":"2026-10-09","t":"0408","frp":5.7,"b":333.5,"c":0,"s":"SNPP","n":0}},{"type":"Feature","geometry":{"type":"Point","coordinates":[142.5628,-9.1548]},"properties":{"d":"2026-10-09","t":"0408","frp":5.6,"b":355.9,"c":1,"s":"SNPP","n":0}},{"type":"Feature","geometry":{"type":"Point","coordinates":[142.5187,-9.1545]},"properties":{"d":"2026-10-09","t":"0408","frp":4.5,"b":344.8,"c":1,"s":"SNPP","n":0}},{"type":"Feature","geometry":{"type":"Point","coordinates":[142.5663,-9.1543]},"properties":{"d":"2026-10-09","t":"0408","frp":5.6,"b":348.0,"c":1,"s":"SNPP","n":0}},{"type":"Feature","geometry":{"type":"Point","coordinates":[142.5699,-9.1537]},"properties":{"d":"2026-10-09","t":"0408","frp":6.0,"b":353.8,"c":1,"s":"SNPP","n":0}},{"type":"Feature","geometry":{"type":"Point","coordinates":[141.5877,-9.1531]},"properties":{"d":"2026-10-09","t":"0408","frp":3.4,"b":339.0,"c":0,"s":"SNPP","n":0}},{"type":"Feature","geometry":{"type":"Point","coordinates":[142.8788,-9.1519]},"properties":{"d":"2026-10-09","t":"0408","frp":2.9,"b":339.4,"c":1,"s":"SNPP","n":0}},{"type":"Feature","geometry":{"type":"Point","coordinates":[141.2924,-9.1504]},"properties":{"d":"2026-10-09","t":"0408","frp":7.2,"b":343.0,"c":1,"s":"SNPP","n":0}},{"type":"Feature","geometry":{"type":"Point","coordinates":[142.5694,-9.1504]},"properties":{"d":"2026-10-09","t":"0408","frp":2.5,"b":331.9,"c":0,"s":"SNPP","n":0}},{"type":"Feature","geometry":{"type":"Point","coordinates":[141.6067,-9.1503]},"properties":{"d":"2026-10-09","t":"0408","frp":4.5,"b":346.6,"c":1,"s":"SNPP","n":0}},{"type":"Feature","geometry":{"type":"Point","coordinates":[142.5139,-9.1501]},"properties":{"d":"2026-10-09","t":"0408","frp":11.7,"b":344.0,"c":1,"s":"SNPP","n":0}},{"type":"Feature","geometry":{"type":"Point","coordinates":[141.6105,-9.1498]},"properties":{"d":"2026-10-09","t":"0408","frp":4.5,"b":335.6,"c":0,"s":"SNPP","n":0}},{"type":"Feature","geometry":{"type":"Point","coordinates":[141.5872,-9.1497]},"properties":{"d":"2026-10-09","t":"0408","frp":8.8,"b":352.1,"c":1,"s":"SNPP","n":0}},{"type":"Feature","geometry":{"type":"Point","coordinates":[141.837,-9.1476]},"properties":{"d":"2026-10-09","t":"0408","frp":4.8,"b":341.6,"c":1,"s":"SNPP","n":0}},{"type":"Feature","geometry":{"type":"Point","coordinates":[142.5098,-9.1473]},"properties":{"d":"2026-10-09","t":"0408","frp":4.2,"b":342.4,"c":1,"s":"SNPP","n":0}},{"type":"Feature","geometry":{"type":"Point","coordinates":[141.5088,-9.1471]},"properties":{"d":"2026-10-09","t":"0408","frp":5.6,"b":340.8,"c":1,"s":"SNPP","n":0}},{"type":"Feature","geometry":{"type":"Point","coordinates":[141.8372,-9.1468]},"properties":{"d":"2026-10-09","t":"0408","frp":8.0,"b":347.2,"c":1,"s":"SNPP","n":0}},{"type":"Feature","geometry":{"type":"Point","coordinates":[142.9142,-9.1466]},"properties":{"d":"2026-10-09","t":"0408","frp":4.7,"b":343.0,"c":1,"s":"SNPP","n":0}},{"type":"Feature","geometry":{"type":"Point","coordinates":[142.3772,-9.1466]},"properties":{"d":"2026-10-09","t":"0408","frp":20.7,"b":344.7,"c":1,"s":"SNPP","n":0}},{"type":"Feature","geometry":{"type":"Point","coordinates":[142.5725,-9.1465]},"properties":{"d":"2026-10-09","t":"0408","frp":2.5,"b":330.2,"c":0,"s":"SNPP","n":0}},{"type":"Feature","geometry":{"type":"Point","coordinates":[141.1717,-9.1464]},"properties":{"d":"2026-10-09","t":"0408","frp":8.2,"b":341.6,"c":0,"s":"SNPP","n":0}},{"type":"Feature","geometry":{"type":"Point","coordinates":[141.6602,-9.1459]},"properties":{"d":"2026-10-09","t":"0408","frp":6.9,"b":336.3,"c":0,"s":"SNPP","n":0}},{"type":"Feature","geometry":{"type":"Point","coordinates":[141.8328,-9.1447]},"properties":{"d":"2026-10-09","t":"0408","frp":5.6,"b":339.8,"c":1,"s":"SNPP","n":0}},{"type":"Feature","geometry":{"type":"Point","coordinates":[141.8365,-9.1442]},"properties":{"d":"2026-10-09","t":"0408","frp":4.8,"b":334.6,"c":1,"s":"SNPP","n":0}},{"type":"Feature","geometry":{"type":"Point","coordinates":[141.8174,-9.1435]},"properties":{"d":"2026-10-09","t":"0408","frp":2.4,"b":333.1,"c":1,"s":"SNPP","n":0}},{"type":"Feature","geometry":{"type":"Point","coordinates":[142.9137,-9.1433]},"properties":{"d":"2026-10-09","t":"0408","frp":4.7,"b":344.8,"c":1,"s":"SNPP","n":0}},{"type":"Feature","geometry":{"type":"Point","coordinates":[142.3767,-9.1432]},"properties":{"d":"2026-10-09","t":"0408","frp":20.7,"b":342.6,"c":1,"s":"SNPP","n":0}},{"type":"Feature","geometry":{"type":"Point","coordinates":[141.8286,-9.1419]},"properties":{"d":"2026-10-09","t":"0408","frp":2.6,"b":331.5,"c":0,"s":"SNPP","n":0}},{"type":"Feature","geometry":{"type":"Point","coordinates":[141.8323,-9.1413]},"properties":{"d":"2026-10-09","t":"0408","frp":2.6,"b":339.4,"c":1,"s":"SNPP","n":0}},{"type":"Feature","geometry":{"type":"Point","coordinates":[141.836,-9.1408]},"properties":{"d":"2026-10-09","t":"0408","frp":2.7,"b":334.0,"c":1,"s":"SNPP","n":0}},{"type":"Feature","geometry":{"type":"Point","coordinates":[141.8397,-9.1402]},"properties":{"d":"2026-10-09","t":"0408","frp":2.7,"b":337.6,"c":1,"s":"SNPP","n":0}},{"type":"Feature","geometry":{"type":"Point","coordinates":[141.8168,-9.1401]},"properties":{"d":"2026-10-09","t":"0408","frp":2.4,"b":334.5,"c":1,"s":"SNPP","n":0}},{"type":"Feature","geometry":{"type":"Point","coordinates":[141.2908,-9.1399]},"properties":{"d":"2026-10-09","t":"0408","frp":4.2,"b":337.9,"c":1,"s":"SNPP","n":0}},{"type":"Feature","geometry":{"type":"Point","coordinates":[141.5819,-9.1399]},"properties":{"d":"2026-10-09","t":"0408","frp":5.6,"b":343.9,"c":1,"s":"SNPP","n":0}},{"type":"Feature","geometry":{"type":"Point","coordinates":[142.3762,-9.1398]},"properties":{"d":"2026-10-09","t":"0408","frp":7.2,"b":343.6,"c":1,"s":"SNPP","n":0}},{"type":"Feature","geometry":{"type":"Point","coordinates":[141.8206,-9.1395]},"properties":{"d":"2026-10-09","t":"0408","frp":7.4,"b":346.9,"c":1,"s":"SNPP","n":0}},{"type":"Feature","geometry":{"type":"Point","coordinates":[141.1948,-9.1395]},"properties":{"d":"2026-10-09","t":"0408","frp":15.4,"b":352.8,"c":1,"s":"SNPP","n":0}},{"type":"Feature","geometry":{"type":"Point","coordinates":[142.9167,-9.1394]},"properties":{"d":"2026-10-09","t":"0408","frp":1.9,"b":334.2,"c":1,"s":"SNPP","n":0}},{"type":"Feature","geometry":{"type":"Point","coordinates":[141.636,-9.1389]},"properties":{"d":"2026-10-09","t":"0408","frp":3.3,"b":330.4,"c":0,"s":"SNPP","n":0}},{"type":"Feature","geometry":{"type":"Point","coordinates":[141.9878,-9.1386]},"properties":{"d":"2026-10-09","t":"0408","frp":5.6,"b":343.9,"c":1,"s":"SNPP","n":0}},{"type":"Feature","geometry":{"type":"Point","coordinates":[142.3757,-9.1364]},"properties":{"d":"2026-10-09","t":"0408","frp":7.2,"b":349.0,"c":1,"s":"SNPP","n":0}},{"type":"Feature","geometry":{"type":"Point","coordinates":[141.1942,-9.136]},"properties":{"d":"2026-10-09","t":"0408","frp":17.2,"b":352.4,"c":1,"s":"SNPP","n":0}},{"type":"Feature","geometry":{"type":"Point","coordinates":[141.5851,-9.1359]},"properties":{"d":"2026-10-09","t":"0408","frp":5.9,"b":347.3,"c":1,"s":"SNPP","n":0}},{"type":"Feature","geometry":{"type":"Point","coordinates":[141.1945,-9.1354]},"properties":{"d":"2026-10-09","t":"0408","frp":9.7,"b":347.6,"c":1,"s":"SNPP","n":0}},{"type":"Feature","geometry":{"type":"Point","coordinates":[141.4953,-9.1349]},"properties":{"d":"2026-10-09","t":"0408","frp":12.2,"b":347.7,"c":1,"s":"SNPP","n":0}},{"type":"Feature","geometry":{"type":"Point","coordinates":[141.4991,-9.1344]},"properties":{"d":"2026-10-09","t":"0408","frp":12.2,"b":334.6,"c":1,"s":"SNPP","n":0}},{"type":"Feature","geometry":{"type":"Point","coordinates":[142.5993,-9.1337]},"properties":{"d":"2026-10-09","t":"0408","frp":3.9,"b":335.5,"c":1,"s":"SNPP","n":0}},{"type":"Feature","geometry":{"type":"Point","coordinates":[142.3716,-9.1336]},"properties":{"d":"2026-10-09","t":"0408","frp":24.7,"b":350.9,"c":1,"s":"SNPP","n":0}},{"type":"Feature","geometry":{"type":"Point","coordinates":[142.3752,-9.1331]},"properties":{"d":"2026-10-09","t":"0408","frp":10.0,"b":347.5,"c":1,"s":"SNPP","n":0}},{"type":"Feature","geometry":{"type":"Point","coordinates":[141.1898,-9.1331]},"properties":{"d":"2026-10-09","t":"0408","frp":5.6,"b":340.8,"c":1,"s":"SNPP","n":0}},{"type":"Feature","geometry":{"type":"Point","coordinates":[141.1901,-9.1325]},"properties":{"d":"2026-10-09","t":"0408","frp":8.1,"b":348.7,"c":1,"s":"SNPP","n":0}},{"type":"Feature","geometry":{"type":"Point","coordinates":[141.5846,-9.1324]},"properties":{"d":"2026-10-09","t":"0408","frp":5.9,"b":344.1,"c":1,"s":"SNPP","n":0}},{"type":"Feature","geometry":{"type":"Point","coordinates":[142.3566,-9.1324]},"properties":{"d":"2026-10-09","t":"0408","frp":2.5,"b":343.0,"c":1,"s":"SNPP","n":0}},{"type":"Feature","geometry":{"type":"Point","coordinates":[141.2736,-9.1317]},"properties":{"d":"2026-10-09","t":"0408","frp":5.0,"b":334.1,"c":0,"s":"SNPP","n":0}},{"type":"Feature","geometry":{"type":"Point","coordinates":[142.5952,-9.1309]},"properties":{"d":"2026-10-09","t":"0408","frp":3.9,"b":333.1,"c":1,"s":"SNPP","n":0}},{"type":"Feature","geometry":{"type":"Point","coordinates":[142.5988,-9.1304]},"properties":{"d":"2026-10-09","t":"0408","frp":3.9,"b":353.5,"c":1,"s":"SNPP","n":0}},{"type":"Feature","geometry":{"type":"Point","coordinates":[142.6024,-9.1299]},"properties":{"d":"2026-10-09","t":"0408","frp":5.2,"b":367.0,"c":2,"s":"SNPP","n":0}},{"type":"Feature","geometry":{"type":"Point","coordinates":[142.1182,-9.1298]},"properties":{"d":"2026-10-09","t":"0408","frp":3.4,"b":335.7,"c":1,"s":"SNPP","n":0}},{"type":"Feature","geometry":{"type":"Point","coordinates":[141.5803,-9.1295]},"properties":{"d":"2026-10-09","t":"0408","frp":2.9,"b":331.8,"c":0,"s":"SNPP","n":0}},{"type":"Feature","geometry":{"type":"Point","coordinates":[142.606,-9.1293]},"properties":{"d":"2026-10-09","t":"0408","frp":5.2,"b":335.2,"c":1,"s":"SNPP","n":0}},{"type":"Feature","geometry":{"type":"Point","coordinates":[142.8717,-9.1291]},"properties":{"d":"2026-10-09","t":"0408","frp":6.0,"b":351.8,"c":1,"s":"SNPP","n":0}},{"type":"Feature","geometry":{"type":"Point","coordinates":[142.7121,-9.1291]},"properties":{"d":"2026-10-09","t":"0408","frp":6.6,"b":332.9,"c":1,"s":"SNPP","n":0}},{"type":"Feature","geometry":{"type":"Point","coordinates":[142.3561,-9.129]},"properties":{"d":"2026-10-09","t":"0408","frp":5.3,"b":355.3,"c":1,"s":"SNPP","n":0}},{"type":"Feature","geometry":{"type":"Point","coordinates":[141.1896,-9.129]},"properties":{"d":"2026-10-09","t":"0408","frp":16.8,"b":347.6,"c":1,"s":"SNPP","n":0}},{"type":"Feature","geometry":{"type":"Point","coordinates":[142.7157,-9.1286]},"properties":{"d":"2026-10-09","t":"0408","frp":6.6,"b":356.9,"c":1,"s":"SNPP","n":0}},{"type":"Feature","geometry":{"type":"Point","coordinates":[142.3597,-9.1285]},"properties":{"d":"2026-10-09","t":"0408","frp":7.3,"b":336.5,"c":0,"s":"SNPP","n":0}},{"type":"Feature","geometry":{"type":"Point","coordinates":[141.1935,-9.1284]},"properties":{"d":"2026-10-09","t":"0408","frp":6.8,"b":338.5,"c":0,"s":"SNPP","n":0}},{"type":"Feature","geometry":{"type":"Point","coordinates":[141.3209,-9.1284]},"properties":{"d":"2026-10-09","t":"0408","frp":5.4,"b":338.9,"c":1,"s":"SNPP","n":0}},{"type":"Feature","geometry":{"type":"Point","coordinates":[141.2731,-9.1282]},"properties":{"d":"2026-10-09","t":"0408","frp":5.0,"b":345.8,"c":1,"s":"SNPP","n":0}},{"type":"Feature","geometry":{"type":"Point","coordinates":[142.5912,-9.1281]},"properties":{"d":"2026-10-09","t":"0408","frp":5.6,"b":367.0,"c":2,"s":"SNPP","n":0}},{"type":"Feature","geometry":{"type":"Point","coordinates":[142.7192,-9.128]},"properties":{"d":"2026-10-09","t":"0408","frp":6.3,"b":346.8,"c":1,"s":"SNPP","n":0}},{"type":"Feature","geometry":{"type":"Point","coordinates":[141.5917,-9.1278]},"properties":{"d":"2026-10-09","t":"0408","frp":2.1,"b":333.1,"c":1,"s":"SNPP","n":0}},{"type":"Feature","geometry":{"type":"Point","coordinates":[142.3706,-9.1269]},"properties":{"d":"2026-10-09","t":"0408","frp":42.0,"b":349.8,"c":1,"s":"SNPP","n":0}},{"type":"Feature","geometry":{"type":"Point","coordinates":[142.3484,-9.1267]},"properties":{"d":"2026-10-09","t":"0408","frp":1.5,"b":337.1,"c":1,"s":"SNPP","n":0}},{"type":"Feature","geometry":{"type":"Point","coordinates":[142.6019,-9.1265]},"properties":{"d":"2026-10-09","t":"0408","frp":6.1,"b":342.4,"c":1,"s":"SNPP","n":0}},{"type":"Feature","geometry":{"type":"Point","coordinates":[142.352,-9.1262]},"properties":{"d":"2026-10-09","t":"0408","frp":5.3,"b":346.9,"c":1,"s":"SNPP","n":0}},{"type":"Feature","geometry":{"type":"Point","coordinates":[142.6054,-9.126]},"properties":{"d":"2026-10-09","t":"0408","frp":6.1,"b":340.2,"c":1,"s":"SNPP","n":0}},{"type":"Feature","geometry":{"type":"Point","coordinates":[142.8712,-9.1258]},"properties":{"d":"2026-10-09","t":"0408","frp":8.8,"b":352.5,"c":1,"s":"SNPP","n":0}},{"type":"Feature","geometry":{"type":"Point","coordinates":[142.3556,-9.1257]},"properties":{"d":"2026-10-09","t":"0408","frp":5.3,"b":337.7,"c":1,"s":"SNPP","n":0}},{"type":"Feature","geometry":{"type":"Point","coordinates":[141.2687,-9.1252]},"properties":{"d":"2026-10-09","t":"0408","frp":20.0,"b":344.6,"c":1,"s":"SNPP","n":0}},{"type":"Feature","geometry":{"type":"Point","coordinates":[142.8748,-9.1252]},"properties":{"d":"2026-10-09","t":"0408","frp":8.8,"b":348.5,"c":1,"s":"SNPP","n":0}},{"type":"Feature","geometry":{"type":"Point","coordinates":[142.5907,-9.1248]},"properties":{"d":"2026-10-09","t":"0408","frp":5.6,"b":335.2,"c":1,"s":"SNPP","n":0}},{"type":"Feature","geometry":{"type":"Point","coordinates":[141.826,-9.1247]},"properties":{"d":"2026-10-09","t":"0408","frp":2.5,"b":331.7,"c":0,"s":"SNPP","n":0}},{"type":"Feature","geometry":{"type":"Point","coordinates":[141.2726,-9.1247]},"properties":{"d":"2026-10-09","t":"0408","frp":31.1,"b":367.0,"c":2,"s":"SNPP","n":0}},{"type":"Feature","geometry":{"type":"Point","coordinates":[142.7187,-9.1247]},"properties":{"d":"2026-10-09","t":"0408","frp":6.3,"b":344.1,"c":1,"s":"SNPP","n":0}},{"type":"Feature","geometry":{"type":"Point","coordinates":[142.5687,-9.1246]},"properties":{"d":"2026-10-09","t":"0408","frp":5.8,"b":335.1,"c":1,"s":"SNPP","n":0}},{"type":"Feature","geometry":{"type":"Point","coordinates":[141.2689,-9.1243]},"properties":{"d":"2026-10-09","t":"0408","frp":12.3,"b":347.3,"c":1,"s":"SNPP","n":0}},{"type":"Feature","geometry":{"type":"Point","coordinates":[142.3442,-9.1239]},"properties":{"d":"2026-10-09","t":"0408","frp":8.2,"b":337.8,"c":1,"s":"SNPP","n":0}},{"type":"Feature","geometry":{"type":"Point","coordinates":[141.2728,-9.1238]},"properties":{"d":"2026-10-09","t":"0408","frp":30.1,"b":356.3,"c":1,"s":"SNPP","n":0}},{"type":"Feature","geometry":{"type":"Point","coordinates":[142.6452,-9.1234]},"properties":{"d":"2026-10-09","t":"0408","frp":5.7,"b":349.6,"c":1,"s":"SNPP","n":0}},{"type":"Feature","geometry":{"type":"Point","coordinates":[142.3479,-9.1234]},"properties":{"d":"2026-10-09","t":"0408","frp":8.2,"b":357.1,"c":1,"s":"SNPP","n":0}},{"type":"Feature","geometry":{"type":"Point","coordinates":[141.3321,-9.1232]},"properties":{"d":"2026-10-09","t":"0408","frp":3.4,"b":333.9,"c":1,"s":"SNPP","n":0}},{"type":"Feature","geometry":{"type":"Point","coordinates":[142.3515,-9.1228]},"properties":{"d":"2026-10-09","t":"0408","frp":5.1,"b":348.5,"c":1,"s":"SNPP","n":0}},{"type":"Feature","geometry":{"type":"Point","coordinates":[142.7179,-9.1227]},"properties":{"d":"2026-10-09","t":"0408","frp":6.0,"b":336.1,"c":1,"s":"SNPP","n":0}},{"type":"Feature","geometry":{"type":"Point","coordinates":[142.6049,-9.1226]},"properties":{"d":"2026-10-09","t":"0408","frp":6.1,"b":348.1,"c":1,"s":"SNPP","n":0}},{"type":"Feature","geometry":{"type":"Point","coordinates":[142.3551,-9.1223]},"properties":{"d":"2026-10-09","t":"0408","frp":5.1,"b":335.5,"c":0,"s":"SNPP","n":0}},{"type":"Feature","geometry":{"type":"Point","coordinates":[142.7215,-9.1221]},"properties":{"d":"2026-10-09","t":"0408","frp":6.0,"b":332.1,"c":1,"s":"SNPP","n":0}},{"type":"Feature","geometry":{"type":"Point","coordinates":[142.8742,-9.1219]},"properties":{"d":"2026-10-09","t":"0408","frp":8.8,"b":341.1,"c":1,"s":"SNPP","n":0}},{"type":"Feature","geometry":{"type":"Point","coordinates":[142.5646,-9.1218]},"properties":{"d":"2026-10-09","t":"0408","frp":5.8,"b":355.0,"c":1,"s":"SNPP","n":0}},{"type":"Feature","geometry":{"type":"Point","coordinates":[141.2721,-9.1212]},"properties":{"d":"2026-10-09","t":"0408","frp":31.1,"b":341.7,"c":1,"s":"SNPP","n":0}},{"type":"Feature","geometry":{"type":"Point","coordinates":[142.5937,-9.1209]},"properties":{"d":"2026-10-09","t":"0408","frp":2.4,"b":330.3,"c":0,"s":"SNPP","n":0}},{"type":"Feature","geometry":{"type":"Point","coordinates":[142.3437,-9.1205]},"properties":{"d":"2026-10-09","t":"0408","frp":8.2,"b":342.9,"c":1,"s":"SNPP","n":0}},{"type":"Feature","geometry":{"type":"Point","coordinates":[141.2722,-9.1203]},"properties":{"d":"2026-10-09","t":"0408","frp":30.1,"b":349.2,"c":1,"s":"SNPP","n":0}},{"type":"Feature","geometry":{"type":"Point","coordinates":[142.3474,-9.12]},"properties":{"d":"2026-10-09","t":"0408","frp":8.2,"b":356.3,"c":1,"s":"SNPP","n":0}},{"type":"Feature","geometry":{"type":"Point","coordinates":[142.9136,-9.1194]},"properties":{"d":"2026-10-09","t":"0408","frp":4.6,"b":333.4,"c":1,"s":"SNPP","n":0}},{"type":"Feature","geometry":{"type":"Point","coordinates":[142.7174,-9.1193]},"properties":{"d":"2026-10-09","t":"0408","frp":6.0,"b":340.3,"c":1,"s":"SNPP","n":0}},{"type":"Feature","geometry":{"type":"Point","coordinates":[142.6044,-9.1192]},"properties":{"d":"2026-10-09","t":"0408","frp":5.5,"b":339.4,"c":1,"s":"SNPP","n":0}},{"type":"Feature","geometry":{"type":"Point","coordinates":[147.1483,-9.1191]},"properties":{"d":"2026-10-09","t":"0408","frp":2.7,"b":340.6,"c":1,"s":"SNPP","n":0}},{"type":"Feature","geometry":{"type":"Point","coordinates":[142.3546,-9.1189]},"properties":{"d":"2026-10-09","t":"0408","frp":5.1,"b":339.8,"c":1,"s":"SNPP","n":0}},{"type":"Feature","geometry":{"type":"Point","coordinates":[142.9171,-9.1188]},"properties":{"d":"2026-10-09","t":"0408","frp":4.6,"b":343.8,"c":1,"s":"SNPP","n":0}},{"type":"Feature","geometry":{"type":"Point","coordinates":[142.721,-9.1188]},"properties":{"d":"2026-10-09","t":"0408","frp":6.0,"b":332.1,"c":1,"s":"SNPP","n":0}},{"type":"Feature","geometry":{"type":"Point","coordinates":[142.608,-9.1187]},"properties":{"d":"2026-10-09","t":"0408","frp":2.5,"b":332.5,"c":0,"s":"SNPP","n":0}},{"type":"Feature","geometry":{"type":"Point","coordinates":[141.8478,-9.118]},"properties":{"d":"2026-10-09","t":"0408","frp":7.8,"b":352.5,"c":1,"s":"SNPP","n":0}},{"type":"Feature","geometry":{"type":"Point","coordinates":[142.3618,-9.1178]},"properties":{"d":"2026-10-09","t":"0408","frp":11.6,"b":344.2,"c":1,"s":"SNPP","n":0}},{"type":"Feature","geometry":{"type":"Point","coordinates":[142.3505,-9.1161]},"properties":{"d":"2026-10-09","t":"0408","frp":3.6,"b":341.9,"c":1,"s":"SNPP","n":0}},{"type":"Feature","geometry":{"type":"Point","coordinates":[142.7169,-9.116]},"properties":{"d":"2026-10-09","t":"0408","frp":6.2,"b":347.6,"c":1,"s":"SNPP","n":0}},{"type":"Feature","geometry":{"type":"Point","coordinates":[142.3577,-9.115]},"properties":{"d":"2026-10-09","t":"0408","frp":15.0,"b":352.3,"c":1,"s":"SNPP","n":0}},{"type":"Feature","geometry":{"type":"Point","coordinates":[142.3613,-9.1144]},"properties":{"d":"2026-10-09","t":"0408","frp":15.0,"b":334.7,"c":0,"s":"SNPP","n":0}},{"type":"Feature","geometry":{"type":"Point","coordinates":[141.1189,-9.1143]},"properties":{"d":"2026-10-09","t":"0408","frp":4.0,"b":331.1,"c":0,"s":"SNPP","n":0}},{"type":"Feature","geometry":{"type":"Point","coordinates":[142.3463,-9.1132]},"properties":{"d":"2026-10-09","t":"0408","frp":6.3,"b":336.2,"c":1,"s":"SNPP","n":0}},{"type":"Feature","geometry":{"type":"Point","coordinates":[142.35,-9.1127]},"properties":{"d":"2026-10-09","t":"0408","frp":3.6,"b":341.9,"c":1,"s":"SNPP","n":0}},{"type":"Feature","geometry":{"type":"Point","coordinates":[142.7164,-9.1126]},"properties":{"d":"2026-10-09","t":"0408","frp":6.2,"b":342.3,"c":1,"s":"SNPP","n":0}},{"type":"Feature","geometry":{"type":"Point","coordinates":[142.3536,-9.1121]},"properties":{"d":"2026-10-09","t":"0408","frp":3.6,"b":332.9,"c":0,"s":"SNPP","n":0}},{"type":"Feature","geometry":{"type":"Point","coordinates":[141.183,-9.112]},"properties":{"d":"2026-10-09","t":"0408","frp":4.2,"b":333.8,"c":0,"s":"SNPP","n":0}},{"type":"Feature","geometry":{"type":"Point","coordinates":[142.3572,-9.1116]},"properties":{"d":"2026-10-09","t":"0408","frp":15.0,"b":347.6,"c":1,"s":"SNPP","n":0}},{"type":"Feature","geometry":{"type":"Point","coordinates":[141.1184,-9.1108]},"properties":{"d":"2026-10-09","t":"0408","frp":3.1,"b":332.6,"c":0,"s":"SNPP","n":0}},{"type":"Feature","geometry":{"type":"Point","coordinates":[142.3422,-9.1104]},"properties":{"d":"2026-10-09","t":"0408","frp":9.9,"b":337.2,"c":1,"s":"SNPP","n":0}},{"type":"Feature","geometry":{"type":"Point","coordinates":[141.6162,-9.1101]},"properties":{"d":"2026-10-09","t":"0408","frp":2.5,"b":331.0,"c":0,"s":"SNPP","n":0}},{"type":"Feature","geometry":{"type":"Point","coordinates":[142.3458,-9.1098]},"properties":{"d":"2026-10-09","t":"0408","frp":9.9,"b":353.5,"c":1,"s":"SNPP","n":0}},{"type":"Feature","geometry":{"type":"Point","coordinates":[142.3494,-9.1093]},"properties":{"d":"2026-10-09","t":"0408","frp":22.4,"b":354.4,"c":1,"s":"SNPP","n":0}},{"type":"Feature","geometry":{"type":"Point","coordinates":[142.3531,-9.1088]},"properties":{"d":"2026-10-09","t":"0408","frp":22.4,"b":347.8,"c":1,"s":"SNPP","n":0}},{"type":"Feature","geometry":{"type":"Point","coordinates":[142.3567,-9.1082]},"properties":{"d":"2026-10-09","t":"0408","frp":25.7,"b":345.2,"c":1,"s":"SNPP","n":0}},{"type":"Feature","geometry":{"type":"Point","coordinates":[141.1421,-9.1073]},"properties":{"d":"2026-10-09","t":"0408","frp":7.3,"b":330.0,"c":0,"s":"SNPP","n":0}},{"type":"Feature","geometry":{"type":"Point","coordinates":[142.3417,-9.107]},"properties":{"d":"2026-10-09","t":"0408","frp":9.9,"b":345.2,"c":1,"s":"SNPP","n":0}},{"type":"Feature","geometry":{"type":"Point","coordinates":[141.8538,-9.1066]},"properties":{"d":"2026-10-09","t":"0408","frp":2.9,"b":332.9,"c":0,"s":"SNPP","n":0}},{"type":"Feature","geometry":{"type":"Point","coordinates":[142.3453,-9.1065]},"properties":{"d":"2026-10-09","t":"0408","frp":9.9,"b":353.9,"c":1,"s":"SNPP","n":0}},{"type":"Feature","geometry":{"type":"Point","coordinates":[142.3489,-9.1059]},"properties":{"d":"2026-10-09","t":"0408","frp":22.4,"b":352.3,"c":1,"s":"SNPP","n":0}},{"type":"Feature","geometry":{"type":"Point","coordinates":[142.3525,-9.1054]},"properties":{"d":"2026-10-09","t":"0408","frp":22.4,"b":353.8,"c":1,"s":"SNPP","n":0}},{"type":"Feature","geometry":{"type":"Point","coordinates":[141.1859,-9.1044]},"properties":{"d":"2026-10-09","t":"0408","frp":9.8,"b":343.4,"c":0,"s":"SNPP","n":0}},{"type":"Feature","geometry":{"type":"Point","coordinates":[142.3376,-9.1042]},"properties":{"d":"2026-10-09","t":"0408","frp":8.9,"b":340.1,"c":1,"s":"SNPP","n":0}},{"type":"Feature","geometry":{"type":"Point","coordinates":[141.8,-9.1041]},"properties":{"d":"2026-10-09","t":"0408","frp":2.7,"b":331.6,"c":0,"s":"SNPP","n":0}},{"type":"Feature","geometry":{"type":"Point","coordinates":[142.3412,-9.1036]},"properties":{"d":"2026-10-09","t":"0408","frp":111.9,"b":356.7,"c":1,"s":"SNPP","n":0}},{"type":"Feature","geometry":{"type":"Point","coordinates":[142.3448,-9.1031]},"properties":{"d":"2026-10-09","t":"0408","frp":111.9,"b":367.0,"c":2,"s":"SNPP","n":0}},{"type":"Feature","geometry":{"type":"Point","coordinates":[142.3484,-9.1026]},"properties":{"d":"2026-10-09","t":"0408","frp":137.3,"b":367.0,"c":2,"s":"SNPP","n":0}},{"type":"Feature","geometry":{"type":"Point","coordinates":[142.352,-9.102]},"properties":{"d":"2026-10-09","t":"0408","frp":137.3,"b":347.4,"c":1,"s":"SNPP","n":0}},{"type":"Feature","geometry":{"type":"Point","coordinates":[142.5871,-9.1013]},"properties":{"d":"2026-10-09","t":"0408","frp":1.8,"b":332.5,"c":0,"s":"SNPP","n":0}},{"type":"Feature","geometry":{"type":"Point","coordinates":[149.0172,-9.101]},"properties":{"d":"2026-10-09","t":"0408","frp":5.2,"b":338.1,"c":1,"s":"SNPP","n":0}},{"type":"Feature","geometry":{"type":"Point","coordinates":[142.3371,-9.1008]},"properties":{"d":"2026-10-09","t":"0408","frp":8.9,"b":334.1,"c":0,"s":"SNPP","n":0}},{"type":"Feature","geometry":{"type":"Point","coordinates":[142.1773,-9.1003]},"properties":{"d":"2026-10-09","t":"0408","frp":11.1,"b":356.1,"c":1,"s":"SNPP","n":0}},{"type":"Feature","geometry":{"type":"Point","coordinates":[142.3407,-9.1003]},"properties":{"d":"2026-10-09","t":"0408","frp":111.9,"b":353.1,"c":1,"s":"SNPP","n":0}},{"type":"Feature","geometry":{"type":"Point","coordinates":[141.4666,-9.1001]},"properties":{"d":"2026-10-09","t":"0408","frp":2.8,"b":332.8,"c":0,"s":"SNPP","n":0}},{"type":"Feature","geometry":{"type":"Point","coordinates":[141.8527,-9.0997]},"properties":{"d":"2026-10-09","t":"0408","frp":4.1,"b":331.5,"c":0,"s":"SNPP","n":0}},{"type":"Feature","geometry":{"type":"Point","coordinates":[142.3443,-9.0997]},"properties":{"d":"2026-10-09","t":"0408","frp":111.9,"b":367.0,"c":2,"s":"SNPP","n":0}},{"type":"Feature","geometry":{"type":"Point","coordinates":[142.1846,-9.0992]},"properties":{"d":"2026-10-09","t":"0408","frp":9.5,"b":367.0,"c":2,"s":"SNPP","n":0}},{"type":"Feature","geometry":{"type":"Point","coordinates":[142.3479,-9.0992]},"properties":{"d":"2026-10-09","t":"0408","frp":137.3,"b":367.0,"c":0,"s":"SNPP","n":0}},{"type":"Feature","geometry":{"type":"Point","coordinates":[142.1882,-9.0986]},"properties":{"d":"2026-10-09","t":"0408","frp":9.5,"b":348.5,"c":1,"s":"SNPP","n":0}},{"type":"Feature","geometry":{"type":"Point","coordinates":[142.3402,-9.0969]},"properties":{"d":"2026-10-09","t":"0408","frp":3.7,"b":338.7,"c":1,"s":"SNPP","n":0}},{"type":"Feature","geometry":{"type":"Point","coordinates":[142.1804,-9.0963]},"properties":{"d":"2026-10-09","t":"0408","frp":11.1,"b":346.0,"c":1,"s":"SNPP","n":0}},{"type":"Feature","geometry":{"type":"Point","coordinates":[142.3438,-9.0963]},"properties":{"d":"2026-10-09","t":"0408","frp":3.7,"b":332.8,"c":1,"s":"SNPP","n":0}},{"type":"Feature","geometry":{"type":"Point","coordinates":[141.1927,-9.0962]},"properties":{"d":"2026-10-09","t":"0408","frp":4.4,"b":333.2,"c":0,"s":"SNPP","n":0}},{"type":"Feature","geometry":{"type":"Point","coordinates":[142.1799,-9.0961]},"properties":{"d":"2026-10-09","t":"0408","frp":8.3,"b":346.1,"c":1,"s":"SNPP","n":0}},{"type":"Feature","geometry":{"type":"Point","coordinates":[141.8559,-9.0958]},"properties":{"d":"2026-10-09","t":"0408","frp":3.9,"b":335.0,"c":0,"s":"SNPP","n":0}},{"type":"Feature","geometry":{"type":"Point","coordinates":[141.1967,-9.0957]},"properties":{"d":"2026-10-09","t":"0408","frp":6.0,"b":334.8,"c":0,"s":"SNPP","n":0}},{"type":"Feature","geometry":{"type":"Point","coordinates":[141.4737,-9.0938]},"properties":{"d":"2026-10-09","t":"0408","frp":2.6,"b":334.8,"c":1,"s":"SNPP","n":0}},{"type":"Feature","geometry":{"type":"Point","coordinates":[141.567,-9.0926]},"properties":{"d":"2026-10-09","t":"0408","frp":7.3,"b":341.2,"c":1,"s":"SNPP","n":0}},{"type":"Feature","geometry":{"type":"Point","coordinates":[141.4968,-9.0922]},"properties":{"d":"2026-10-09","t":"0408","frp":4.1,"b":333.8,"c":1,"s":"SNPP","n":0}},{"type":"Feature","geometry":{"type":"Point","coordinates":[141.4733,-9.0921]},"properties":{"d":"2026-10-09","t":"0408","frp":2.7,"b":331.9,"c":1,"s":"SNPP","n":0}},{"type":"Feature","geometry":{"type":"Point","coordinates":[142.0293,-9.0909]},"properties":{"d":"2026-10-09","t":"0408","frp":3.2,"b":336.5,"c":1,"s":"SNPP","n":0}},{"type":"Feature","geometry":{"type":"Point","coordinates":[141.8437,-9.0906]},"properties":{"d":"2026-10-09","t":"0408","frp":3.9,"b":340.0,"c":1,"s":"SNPP","n":0}},{"type":"Feature","geometry":{"type":"Point","coordinates":[152.6658,-9.0904]},"properties":{"d":"2026-10-09","t":"0408","frp":4.4,"b":350.4,"c":1,"s":"SNPP","n":0}},{"type":"Feature","geometry":{"type":"Point","coordinates":[141.4966,-9.0903]},"properties":{"d":"2026-10-09","t":"0408","frp":3.9,"b":332.8,"c":1,"s":"SNPP","n":0}},{"type":"Feature","geometry":{"type":"Point","coordinates":[141.477,-9.0897]},"properties":{"d":"2026-10-09","t":"0408","frp":2.6,"b":339.5,"c":1,"s":"SNPP","n":0}},{"type":"Feature","geometry":{"type":"Point","coordinates":[152.6649,-9.0895]},"properties":{"d":"2026-10-09","t":"0408","frp":3.5,"b":333.8,"c":1,"s":"SNPP","n":0}},{"type":"Feature","geometry":{"type":"Point","coordinates":[141.5665,-9.0891]},"properties":{"d":"2026-10-09","t":"0408","frp":18.8,"b":341.7,"c":1,"s":"SNPP","n":0}},{"type":"Feature","geometry":{"type":"Point","coordinates":[152.6681,-9.0889]},"properties":{"d":"2026-10-09","t":"0408","frp":3.5,"b":338.9,"c":1,"s":"SNPP","n":0}},{"type":"Feature","geometry":{"type":"Point","coordinates":[142.0025,-9.0879]},"properties":{"d":"2026-10-09","t":"0408","frp":4.3,"b":332.7,"c":0,"s":"SNPP","n":0}},{"type":"Feature","geometry":{"type":"Point","coordinates":[142.0288,-9.0875]},"properties":{"d":"2026-10-09","t":"0408","frp":3.2,"b":335.4,"c":1,"s":"SNPP","n":0}},{"type":"Feature","geometry":{"type":"Point","coordinates":[141.8432,-9.0871]},"properties":{"d":"2026-10-09","t":"0408","frp":3.9,"b":334.3,"c":0,"s":"SNPP","n":0}},{"type":"Feature","geometry":{"type":"Point","coordinates":[141.4726,-9.0868]},"properties":{"d":"2026-10-09","t":"0408","frp":4.3,"b":332.9,"c":1,"s":"SNPP","n":0}},{"type":"Feature","geometry":{"type":"Point","coordinates":[142.0098,-9.0868]},"properties":{"d":"2026-10-09","t":"0408","frp":7.8,"b":339.7,"c":0,"s":"SNPP","n":0}},{"type":"Feature","geometry":{"type":"Point","coordinates":[142.0361,-9.0864]},"properties":{"d":"2026-10-09","t":"0408","frp":2.3,"b":339.8,"c":1,"s":"SNPP","n":0}},{"type":"Feature","geometry":{"type":"Point","coordinates":[141.4765,-9.0863]},"properties":{"d":"2026-10-09","t":"0408","frp":4.3,"b":342.3,"c":1,"s":"SNPP","n":0}},{"type":"Feature","geometry":{"type":"Point","coordinates":[142.0398,-9.0858]},"properties":{"d":"2026-10-09","t":"0408","frp":2.0,"b":330.4,"c":1,"s":"SNPP","n":0}},{"type":"Feature","geometry":{"type":"Point","coordinates":[141.5114,-9.0846]},"properties":{"d":"2026-10-09","t":"0408","frp":4.6,"b":333.7,"c":0,"s":"SNPP","n":0}},{"type":"Feature","geometry":{"type":"Point","coordinates":[142.0019,-9.0845]},"properties":{"d":"2026-10-09","t":"0408","frp":4.3,"b":341.2,"c":1,"s":"SNPP","n":0}},{"type":"Feature","geometry":{"type":"Point","coordinates":[141.839,-9.0843]},"properties":{"d":"2026-10-09","t":"0408","frp":3.0,"b":334.0,"c":1,"s":"SNPP","n":0}},{"type":"Feature","geometry":{"type":"Point","coordinates":[142.0319,-9.0835]},"properties":{"d":"2026-10-09","t":"0408","frp":3.0,"b":339.3,"c":1,"s":"SNPP","n":0}},{"type":"Feature","geometry":{"type":"Point","coordinates":[141.3541,-9.0831]},"properties":{"d":"2026-10-09","t":"0408","frp":11.6,"b":346.9,"c":1,"s":"SNPP","n":0}},{"type":"Feature","geometry":{"type":"Point","coordinates":[142.7082,-9.083]},"properties":{"d":"2026-10-09","t":"0408","frp":2.7,"b":335.5,"c":1,"s":"SNPP","n":0}},{"type":"Feature","geometry":{"type":"Point","coordinates":[142.0356,-9.083]},"properties":{"d":"2026-10-09","t":"0408","frp":3.0,"b":334.6,"c":1,"s":"SNPP","n":0}},{"type":"Feature","geometry":{"type":"Point","coordinates":[142.0393,-9.0824]},"properties":{"d":"2026-10-09","t":"0408","frp":3.8,"b":340.0,"c":1,"s":"SNPP","n":0}},{"type":"Feature","geometry":{"type":"Point","coordinates":[141.4563,-9.0822]},"properties":{"d":"2026-10-09","t":"0408","frp":2.1,"b":332.9,"c":0,"s":"SNPP","n":0}},{"type":"Feature","geometry":{"type":"Point","coordinates":[141.7889,-9.0812]},"properties":{"d":"2026-10-09","t":"0408","frp":4.0,"b":334.2,"c":0,"s":"SNPP","n":0}},{"type":"Feature","geometry":{"type":"Point","coordinates":[141.5109,-9.0811]},"properties":{"d":"2026-10-09","t":"0408","frp":4.6,"b":338.6,"c":1,"s":"SNPP","n":0}},{"type":"Feature","geometry":{"type":"Point","coordinates":[141.0288,-9.0806]},"properties":{"d":"2026-10-09","t":"0408","frp":4.6,"b":336.9,"c":1,"s":"SNPP","n":0}},{"type":"Feature","geometry":{"type":"Point","coordinates":[142.726,-9.0803]},"properties":{"d":"2026-10-09","t":"0408","frp":6.5,"b":341.2,"c":1,"s":"SNPP","n":0}},{"type":"Feature","geometry":{"type":"Point","coordinates":[142.7078,-9.0797]},"properties":{"d":"2026-10-09","t":"0408","frp":2.7,"b":344.1,"c":1,"s":"SNPP","n":0}},{"type":"Feature","geometry":{"type":"Point","coordinates":[142.0351,-9.0796]},"properties":{"d":"2026-10-09","t":"0408","frp":3.0,"b":342.4,"c":1,"s":"SNPP","n":0}},{"type":"Feature","geometry":{"type":"Point","coordinates":[142.1997,-9.0792]},"properties":{"d":"2026-10-09","t":"0408","frp":4.3,"b":338.3,"c":1,"s":"SNPP","n":0}},{"type":"Feature","geometry":{"type":"Point","coordinates":[142.0388,-9.079]},"properties":{"d":"2026-10-09","t":"0408","frp":3.8,"b":332.5,"c":0,"s":"SNPP","n":0}},{"type":"Feature","geometry":{"type":"Point","coordinates":[141.7231,-9.0768]},"properties":{"d":"2026-10-09","t":"0408","frp":3.2,"b":335.0,"c":1,"s":"SNPP","n":0}},{"type":"Feature","geometry":{"type":"Point","coordinates":[142.3593,-9.0768]},"properties":{"d":"2026-10-09","t":"0408","frp":10.3,"b":346.7,"c":1,"s":"SNPP","n":0}},{"type":"Feature","geometry":{"type":"Point","coordinates":[142.3629,-9.0762]},"properties":{"d":"2026-10-09","t":"0408","frp":10.3,"b":367.0,"c":2,"s":"SNPP","n":0}},{"type":"Feature","geometry":{"type":"Point","coordinates":[142.0346,-9.0762]},"properties":{"d":"2026-10-09","t":"0408","frp":6.2,"b":339.6,"c":1,"s":"SNPP","n":0}},{"type":"Feature","geometry":{"type":"Point","coordinates":[142.3665,-9.0757]},"properties":{"d":"2026-10-09","t":"0408","frp":7.6,"b":367.0,"c":2,"s":"SNPP","n":0}},{"type":"Feature","geometry":{"type":"Point","coordinates":[141.8262,-9.0756]},"properties":{"d":"2026-10-09","t":"0408","frp":6.2,"b":344.1,"c":0,"s":"SNPP","n":0}},{"type":"Feature","geometry":{"type":"Point","coordinates":[142.3701,-9.0752]},"properties":{"d":"2026-10-09","t":"0408","frp":7.6,"b":356.0,"c":1,"s":"SNPP","n":0}},{"type":"Feature","geometry":{"type":"Point","coordinates":[142.3479,-9.075]},"properties":{"d":"2026-10-09","t":"0408","frp":9.0,"b":350.0,"c":1,"s":"SNPP","n":0}},{"type":"Feature","geometry":{"type":"Point","coordinates":[142.3516,-9.0745]},"properties":{"d":"2026-10-09","t":"0408","frp":4.0,"b":344.2,"c":1,"s":"SNPP","n":0}},{"type":"Feature","geometry":{"type":"Point","coordinates":[142.3552,-9.0739]},"properties":{"d":"2026-10-09","t":"0408","frp":4.0,"b":337.7,"c":0,"s":"SNPP","n":0}},{"type":"Feature","geometry":{"type":"Point","coordinates":[142.725,-9.0736]},"properties":{"d":"2026-10-09","t":"0408","frp":4.3,"b":334.6,"c":0,"s":"SNPP","n":0}},{"type":"Feature","geometry":{"type":"Point","coordinates":[142.7286,-9.0731]},"properties":{"d":"2026-10-09","t":"0408","frp":4.3,"b":332.0,"c":0,"s":"SNPP","n":0}},{"type":"Feature","geometry":{"type":"Point","coordinates":[141.9398,-9.0728]},"properties":{"d":"2026-10-09","t":"0408","frp":7.0,"b":347.6,"c":1,"s":"SNPP","n":0}},{"type":"Feature","geometry":{"type":"Point","coordinates":[142.3402,-9.0727]},"properties":{"d":"2026-10-09","t":"0408","frp":6.0,"b":350.5,"c":1,"s":"SNPP","n":0}},{"type":"Feature","geometry":{"type":"Point","coordinates":[141.7301,-9.0723]},"properties":{"d":"2026-10-09","t":"0408","frp":5.5,"b":352.7,"c":1,"s":"SNPP","n":0}},{"type":"Feature","geometry":{"type":"Point","coordinates":[141.8257,-9.0722]},"properties":{"d":"2026-10-09","t":"0408","frp":2.8,"b":339.9,"c":1,"s":"SNPP","n":0}},{"type":"Feature","geometry":{"type":"Point","coordinates":[142.3438,-9.0722]},"properties":{"d":"2026-10-09","t":"0408","frp":9.0,"b":367.0,"c":2,"s":"SNPP","n":0}},{"type":"Feature","geometry":{"type":"Point","coordinates":[142.3395,-9.072]},"properties":{"d":"2026-10-09","t":"0408","frp":5.4,"b":356.1,"c":1,"s":"SNPP","n":0}},{"type":"Feature","geometry":{"type":"Point","coordinates":[141.7799,-9.072]},"properties":{"d":"2026-10-09","t":"0408","frp":3.3,"b":331.3,"c":0,"s":"SNPP","n":0}},{"type":"Feature","geometry":{"type":"Point","coordinates":[142.3696,-9.0718]},"properties":{"d":"2026-10-09","t":"0408","frp":7.6,"b":344.3,"c":1,"s":"SNPP","n":0}},{"type":"Feature","geometry":{"type":"Point","coordinates":[142.3432,-9.0715]},"properties":{"d":"2026-10-09","t":"0408","frp":8.3,"b":367.0,"c":2,"s":"SNPP","n":0}},{"type":"Feature","geometry":{"type":"Point","coordinates":[142.3732,-9.0713]},"properties":{"d":"2026-10-09","t":"0408","frp":11.9,"b":356.1,"c":1,"s":"SNPP","n":0}},{"type":"Feature","geometry":{"type":"Point","coordinates":[141.5794,-9.0709]},"properties":{"d":"2026-10-09","t":"0408","frp":4.9,"b":342.8,"c":1,"s":"SNPP","n":0}},{"type":"Feature","geometry":{"type":"Point","coordinates":[142.3768,-9.0707]},"properties":{"d":"2026-10-09","t":"0408","frp":11.9,"b":354.2,"c":1,"s":"SNPP","n":0}},{"type":"Feature","geometry":{"type":"Point","coordinates":[142.3547,-9.0706]},"properties":{"d":"2026-10-09","t":"0408","frp":4.0,"b":340.9,"c":1,"s":"SNPP","n":0}},{"type":"Feature","geometry":{"type":"Point","coordinates":[142.354,-9.0698]},"properties":{"d":"2026-10-09","t":"0408","frp":4.0,"b":339.9,"c":1,"s":"SNPP","n":0}},{"type":"Feature","geometry":{"type":"Point","coordinates":[142.728,-9.0698]},"properties":{"d":"2026-10-09","t":"0408","frp":4.3,"b":354.6,"c":1,"s":"SNPP","n":0}},{"type":"Feature","geometry":{"type":"Point","coordinates":[141.8215,-9.0693]},"properties":{"d":"2026-10-09","t":"0408","frp":4.1,"b":338.0,"c":1,"s":"SNPP","n":0}},{"type":"Feature","geometry":{"type":"Point","coordinates":[141.9165,-9.0693]},"properties":{"d":"2026-10-09","t":"0408","frp":2.2,"b":335.4,"c":1,"s":"SNPP","n":0}},{"type":"Feature","geometry":{"type":"Point","coordinates":[142.3354,-9.0692]},"properties":{"d":"2026-10-09","t":"0408","frp":5.4,"b":342.4,"c":1,"s":"SNPP","n":0}},{"type":"Feature","geometry":{"type":"Point","coordinates":[141.7296,-9.0688]},"properties":{"d":"2026-10-09","t":"0408","frp":5.5,"b":349.8,"c":1,"s":"SNPP","n":0}},{"type":"Feature","geometry":{"type":"Point","coordinates":[140.9863,-9.0687]},"properties":{"d":"2026-10-09","t":"0408","frp":4.0,"b":333.5,"c":0,"s":"SNPP","n":0}},{"type":"Feature","geometry":{"type":"Point","coordinates":[142.339,-9.0686]},"properties":{"d":"2026-10-09","t":"0408","frp":5.4,"b":342.1,"c":1,"s":"SNPP","n":0}},{"type":"Feature","geometry":{"type":"Point","coordinates":[141.9694,-9.0685]},"properties":{"d":"2026-10-09","t":"0408","frp":2.8,"b":335.7,"c":1,"s":"SNPP","n":0}},{"type":"Feature","geometry":{"type":"Point","coordinates":[142.3426,-9.0681]},"properties":{"d":"2026-10-09","t":"0408","frp":8.3,"b":351.4,"c":1,"s":"SNPP","n":0}},{"type":"Feature","geometry":{"type":"Point","coordinates":[141.9276,-9.0677]},"properties":{"d":"2026-10-09","t":"0408","frp":4.8,"b":340.0,"c":0,"s":"SNPP","n":0}},{"type":"Feature","geometry":{"type":"Point","coordinates":[143.0133,-9.0676]},"properties":{"d":"2026-10-09","t":"0408","frp":2.4,"b":330.3,"c":0,"s":"SNPP","n":0}},{"type":"Feature","geometry":{"type":"Point","coordinates":[142.3462,-9.0675]},"properties":{"d":"2026-10-09","t":"0408","frp":8.3,"b":346.5,"c":1,"s":"SNPP","n":0}},{"type":"Feature","geometry":{"type":"Point","coordinates":[141.3636,-9.0675]},"properties":{"d":"2026-10-09","t":"0408","frp":10.4,"b":347.9,"c":1,"s":"SNPP","n":0}},{"type":"Feature","geometry":{"type":"Point","coordinates":[140.9451,-9.0674]},"properties":{"d":"2026-10-09","t":"0408","frp":3.4,"b":335.3,"c":1,"s":"SNPP","n":0}},{"type":"Feature","geometry":{"type":"Point","coordinates":[142.3763,-9.0674]},"properties":{"d":"2026-10-09","t":"0408","frp":11.9,"b":343.4,"c":1,"s":"SNPP","n":0}},{"type":"Feature","geometry":{"type":"Point","coordinates":[141.7409,-9.0672]},"properties":{"d":"2026-10-09","t":"0408","frp":2.3,"b":338.4,"c":1,"s":"SNPP","n":0}},{"type":"Feature","geometry":{"type":"Point","coordinates":[142.3499,-9.067]},"properties":{"d":"2026-10-09","t":"0408","frp":4.0,"b":337.5,"c":1,"s":"SNPP","n":0}},{"type":"Feature","geometry":{"type":"Point","coordinates":[142.3799,-9.0668]},"properties":{"d":"2026-10-09","t":"0408","frp":5.1,"b":347.6,"c":1,"s":"SNPP","n":0}},{"type":"Feature","geometry":{"type":"Point","coordinates":[142.3835,-9.0663]},"properties":{"d":"2026-10-09","t":"0408","frp":5.1,"b":349.0,"c":1,"s":"SNPP","n":0}},{"type":"Feature","geometry":{"type":"Point","coordinates":[143.0239,-9.066]},"properties":{"d":"2026-10-09","t":"0408","frp":4.6,"b":337.0,"c":1,"s":"SNPP","n":0}},{"type":"Feature","geometry":{"type":"Point","coordinates":[142.2646,-9.066]},"properties":{"d":"2026-10-09","t":"0408","frp":6.9,"b":350.2,"c":1,"s":"SNPP","n":0}},{"type":"Feature","geometry":{"type":"Point","coordinates":[141.821,-9.0659]},"properties":{"d":"2026-10-09","t":"0408","frp":5.7,"b":338.4,"c":1,"s":"SNPP","n":0}},{"type":"Feature","geometry":{"type":"Point","coordinates":[141.916,-9.0659]},"properties":{"d":"2026-10-09","t":"0408","frp":3.4,"b":339.4,"c":1,"s":"SNPP","n":0}},{"type":"Feature","geometry":{"type":"Point","coordinates":[142.7311,-9.0659]},"properties":{"d":"2026-10-09","t":"0408","frp":5.8,"b":345.9,"c":1,"s":"SNPP","n":0}},{"type":"Feature","geometry":{"type":"Point","coordinates":[141.7751,-9.0656]},"properties":{"d":"2026-10-09","t":"0408","frp":1.4,"b":332.7,"c":0,"s":"SNPP","n":0}},{"type":"Feature","geometry":{"type":"Point","coordinates":[142.3828,-9.0655]},"properties":{"d":"2026-10-09","t":"0408","frp":11.2,"b":353.0,"c":1,"s":"SNPP","n":0}},{"type":"Feature","geometry":{"type":"Point","coordinates":[142.3385,-9.0653]},"properties":{"d":"2026-10-09","t":"0408","frp":8.2,"b":347.8,"c":1,"s":"SNPP","n":0}},{"type":"Feature","geometry":{"type":"Point","coordinates":[140.9857,-9.0652]},"properties":{"d":"2026-10-09","t":"0408","frp":3.4,"b":330.6,"c":0,"s":"SNPP","n":0}},{"type":"Feature","geometry":{"type":"Point","coordinates":[142.3421,-9.0647]},"properties":{"d":"2026-10-09","t":"0408","frp":4.8,"b":342.6,"c":1,"s":"SNPP","n":0}},{"type":"Feature","geometry":{"type":"Point","coordinates":[142.3458,-9.0642]},"properties":{"d":"2026-10-09","t":"0408","frp":4.8,"b":334.7,"c":1,"s":"SNPP","n":0}},{"type":"Feature","geometry":{"type":"Point","coordinates":[141.7404,-9.0637]},"properties":{"d":"2026-10-09","t":"0408","frp":3.6,"b":335.9,"c":1,"s":"SNPP","n":0}},{"type":"Feature","geometry":{"type":"Point","coordinates":[141.7441,-9.0632]},"properties":{"d":"2026-10-09","t":"0408","frp":3.6,"b":341.9,"c":1,"s":"SNPP","n":0}},{"type":"Feature","geometry":{"type":"Point","coordinates":[142.2604,-9.0632]},"properties":{"d":"2026-10-09","t":"0408","frp":6.3,"b":332.2,"c":0,"s":"SNPP","n":0}},{"type":"Feature","geometry":{"type":"Point","coordinates":[141.7479,-9.0626]},"properties":{"d":"2026-10-09","t":"0408","frp":3.9,"b":337.9,"c":1,"s":"SNPP","n":0}},{"type":"Feature","geometry":{"type":"Point","coordinates":[142.2641,-9.0626]},"properties":{"d":"2026-10-09","t":"0408","frp":6.3,"b":352.2,"c":1,"s":"SNPP","n":0}},{"type":"Feature","geometry":{"type":"Point","coordinates":[142.7306,-9.0625]},"properties":{"d":"2026-10-09","t":"0408","frp":5.8,"b":344.6,"c":1,"s":"SNPP","n":0}},{"type":"Feature","geometry":{"type":"Point","coordinates":[141.8205,-9.0625]},"properties":{"d":"2026-10-09","t":"0408","frp":5.7,"b":342.8,"c":1,"s":"SNPP","n":0}},{"type":"Feature","geometry":{"type":"Point","coordinates":[143.1168,-9.0621]},"properties":{"d":"2026-10-09","t":"0408","frp":3.5,"b":335.6,"c":1,"s":"SNPP","n":0}},{"type":"Feature","geometry":{"type":"Point","coordinates":[147.113,-9.0617]},"properties":{"d":"2026-10-09","t":"0408","frp":2.0,"b":332.9,"c":0,"s":"SNPP","n":0}},{"type":"Feature","geometry":{"type":"Point","coordinates":[143.1202,-9.0616]},"properties":{"d":"2026-10-09","t":"0408","frp":4.2,"b":339.3,"c":1,"s":"SNPP","n":0}},{"type":"Feature","geometry":{"type":"Point","coordinates":[142.3859,-9.0615]},"properties":{"d":"2026-10-09","t":"0408","frp":4.5,"b":335.0,"c":0,"s":"SNPP","n":0}},{"type":"Feature","geometry":{"type":"Point","coordinates":[142.7448,-9.0604]},"properties":{"d":"2026-10-09","t":"0408","frp":2.5,"b":335.1,"c":1,"s":"SNPP","n":0}},{"type":"Feature","geometry":{"type":"Point","coordinates":[149.0742,-9.0596]},"properties":{"d":"2026-10-09","t":"0408","frp":4.2,"b":332.6,"c":1,"s":"SNPP","n":0}},{"type":"Feature","geometry":{"type":"Point","coordinates":[141.8162,-9.0596]},"properties":{"d":"2026-10-09","t":"0408","frp":15.1,"b":351.2,"c":1,"s":"SNPP","n":0}},{"type":"Feature","geometry":{"type":"Point","coordinates":[142.7301,-9.0592]},"properties":{"d":"2026-10-09","t":"0408","frp":3.2,"b":335.6,"c":1,"s":"SNPP","n":0}},{"type":"Feature","geometry":{"type":"Point","coordinates":[141.82,-9.0591]},"properties":{"d":"2026-10-09","t":"0408","frp":15.1,"b":334.7,"c":0,"s":"SNPP","n":0}},{"type":"Feature","geometry":{"type":"Point","coordinates":[141.3581,-9.0576]},"properties":{"d":"2026-10-09","t":"0408","frp":4.6,"b":337.4,"c":0,"s":"SNPP","n":0}},{"type":"Feature","geometry":{"type":"Point","coordinates":[142.4669,-9.0574]},"properties":{"d":"2026-10-09","t":"0408","frp":9.8,"b":353.0,"c":1,"s":"SNPP","n":0}},{"type":"Feature","geometry":{"type":"Point","coordinates":[142.4448,-9.0572]},"properties":{"d":"2026-10-09","t":"0408","frp":4.3,"b":344.1,"c":1,"s":"SNPP","n":0}},{"type":"Feature","geometry":{"type":"Point","coordinates":[141.362,-9.057]},"properties":{"d":"2026-10-09","t":"0408","frp":4.6,"b":336.3,"c":0,"s":"SNPP","n":0}},{"type":"Feature","geometry":{"type":"Point","coordinates":[142.4705,-9.0568]},"properties":{"d":"2026-10-09","t":"0408","frp":9.8,"b":350.0,"c":1,"s":"SNPP","n":0}},{"type":"Feature","geometry":{"type":"Point","coordinates":[142.4484,-9.0567]},"properties":{"d":"2026-10-09","t":"0408","frp":4.3,"b":333.3,"c":1,"s":"SNPP","n":0}},{"type":"Feature","geometry":{"type":"Point","coordinates":[142.474,-9.0563]},"properties":{"d":"2026-10-09","t":"0408","frp":5.3,"b":342.0,"c":1,"s":"SNPP","n":0}},{"type":"Feature","geometry":{"type":"Point","coordinates":[142.444,-9.0562]},"properties":{"d":"2026-10-09","t":"0408","frp":4.5,"b":344.6,"c":1,"s":"SNPP","n":0}},{"type":"Feature","geometry":{"type":"Point","coordinates":[141.8157,-9.0562]},"properties":{"d":"2026-10-09","t":"0408","frp":15.1,"b":356.3,"c":1,"s":"SNPP","n":0}},{"type":"Feature","geometry":{"type":"Point","coordinates":[142.8637,-9.0562]},"properties":{"d":"2026-10-09","t":"0408","frp":4.7,"b":331.8,"c":1,"s":"SNPP","n":0}},{"type":"Feature","geometry":{"type":"Point","coordinates":[142.4776,-9.0558]},"properties":{"d":"2026-10-09","t":"0408","frp":5.3,"b":351.9,"c":1,"s":"SNPP","n":0}},{"type":"Feature","geometry":{"type":"Point","coordinates":[142.4476,-9.0557]},"properties":{"d":"2026-10-09","t":"0408","frp":4.5,"b":338.8,"c":1,"s":"SNPP","n":0}},{"type":"Feature","geometry":{"type":"Point","coordinates":[142.8672,-9.0556]},"properties":{"d":"2026-10-09","t":"0408","frp":4.8,"b":332.9,"c":1,"s":"SNPP","n":0}},{"type":"Feature","geometry":{"type":"Point","coordinates":[142.4812,-9.0552]},"properties":{"d":"2026-10-09","t":"0408","frp":4.1,"b":342.7,"c":1,"s":"SNPP","n":0}},{"type":"Feature","geometry":{"type":"Point","coordinates":[142.4848,-9.0547]},"properties":{"d":"2026-10-09","t":"0408","frp":4.1,"b":335.9,"c":0,"s":"SNPP","n":0}},{"type":"Feature","geometry":{"type":"Point","coordinates":[142.4627,-9.0545]},"properties":{"d":"2026-10-09","t":"0408","frp":6.3,"b":332.2,"c":0,"s":"SNPP","n":0}},{"type":"Feature","geometry":{"type":"Point","coordinates":[143.0329,-9.0544]},"properties":{"d":"2026-10-09","t":"0408","frp":3.5,"b":337.1,"c":1,"s":"SNPP","n":0}},{"type":"Feature","geometry":{"type":"Point","coordinates":[142.3885,-9.0543]},"properties":{"d":"2026-10-09","t":"0408","frp":4.2,"b":342.8,"c":1,"s":"SNPP","n":0}},{"type":"Feature","geometry":{"type":"Point","coordinates":[141.3576,-9.0541]},"properties":{"d":"2026-10-09","t":"0408","frp":6.5,"b":340.8,"c":0,"s":"SNPP","n":0}},{"type":"Feature","geometry":{"type":"Point","coordinates":[142.4663,-9.054]},"properties":{"d":"2026-10-09","t":"0408","frp":9.8,"b":336.1,"c":1,"s":"SNPP","n":0}},{"type":"Feature","geometry":{"type":"Point","coordinates":[141.7618,-9.0536]},"properties":{"d":"2026-10-09","t":"0408","frp":3.3,"b":331.6,"c":0,"s":"SNPP","n":0}},{"type":"Feature","geometry":{"type":"Point","coordinates":[142.609,-9.0533]},"properties":{"d":"2026-10-09","t":"0408","frp":3.7,"b":343.4,"c":1,"s":"SNPP","n":0}},{"type":"Feature","geometry":{"type":"Point","coordinates":[141.7656,-9.053]},"properties":{"d":"2026-10-09","t":"0408","frp":3.3,"b":340.2,"c":1,"s":"SNPP","n":0}},{"type":"Feature","geometry":{"type":"Point","coordinates":[140.9515,-9.053]},"properties":{"d":"2026-10-09","t":"0408","frp":6.6,"b":335.2,"c":0,"s":"SNPP","n":0}},{"type":"Feature","geometry":{"type":"Point","coordinates":[142.6126,-9.0528]},"properties":{"d":"2026-10-09","t":"0408","frp":3.6,"b":343.0,"c":1,"s":"SNPP","n":0}},{"type":"Feature","geometry":{"type":"Point","coordinates":[141.7693,-9.0525]},"properties":{"d":"2026-10-09","t":"0408","frp":5.6,"b":353.6,"c":1,"s":"SNPP","n":0}},{"type":"Feature","geometry":{"type":"Point","coordinates":[142.4771,-9.0524]},"properties":{"d":"2026-10-09","t":"0408","frp":5.3,"b":342.2,"c":1,"s":"SNPP","n":0}},{"type":"Feature","geometry":{"type":"Point","coordinates":[141.7731,-9.0519]},"properties":{"d":"2026-10-09","t":"0408","frp":5.6,"b":335.7,"c":1,"s":"SNPP","n":0}},{"type":"Feature","geometry":{"type":"Point","coordinates":[142.4763,-9.0513]},"properties":{"d":"2026-10-09","t":"0408","frp":4.1,"b":345.4,"c":1,"s":"SNPP","n":0}},{"type":"Feature","geometry":{"type":"Point","coordinates":[142.4843,-9.0513]},"properties":{"d":"2026-10-09","t":"0408","frp":4.1,"b":343.9,"c":1,"s":"SNPP","n":0}},{"type":"Feature","geometry":{"type":"Point","coordinates":[140.8976,-9.0501]},"properties":{"d":"2026-10-09","t":"0408","frp":2.3,"b":330.1,"c":1,"s":"SNPP","n":0}},{"type":"Feature","geometry":{"type":"Point","coordinates":[141.0932,-9.0497]},"properties":{"d":"2026-10-09","t":"0408","frp":7.3,"b":342.9,"c":1,"s":"SNPP","n":0}},{"type":"Feature","geometry":{"type":"Point","coordinates":[142.4907,-9.0492]},"properties":{"d":"2026-10-09","t":"0408","frp":5.5,"b":335.6,"c":1,"s":"SNPP","n":0}},{"type":"Feature","geometry":{"type":"Point","coordinates":[141.7726,-9.049]},"properties":{"d":"2026-10-09","t":"0408","frp":3.0,"b":340.3,"c":1,"s":"SNPP","n":0}},{"type":"Feature","geometry":{"type":"Point","coordinates":[141.7725,-9.0485]},"properties":{"d":"2026-10-09","t":"0408","frp":5.6,"b":336.9,"c":1,"s":"SNPP","n":0}},{"type":"Feature","geometry":{"type":"Point","coordinates":[143.0535,-9.0479]},"properties":{"d":"2026-10-09","t":"0408","frp":2.5,"b":339.6,"c":1,"s":"SNPP","n":0}},{"type":"Feature","geometry":{"type":"Point","coordinates":[141.572,-9.0473]},"properties":{"d":"2026-10-09","t":"0408","frp":2.2,"b":334.0,"c":1,"s":"SNPP","n":0}},{"type":"Feature","geometry":{"type":"Point","coordinates":[141.8067,-9.047]},"properties":{"d":"2026-10-09","t":"0408","frp":3.7,"b":336.8,"c":0,"s":"SNPP","n":0}},{"type":"Feature","geometry":{"type":"Point","coordinates":[141.5758,-9.0467]},"properties":{"d":"2026-10-09","t":"0408","frp":4.3,"b":334.3,"c":1,"s":"SNPP","n":0}},{"type":"Feature","geometry":{"type":"Point","coordinates":[142.4866,-9.0464]},"properties":{"d":"2026-10-09","t":"0408","frp":5.5,"b":335.6,"c":0,"s":"SNPP","n":0}},{"type":"Feature","geometry":{"type":"Point","coordinates":[141.7683,-9.0461]},"properties":{"d":"2026-10-09","t":"0408","frp":3.0,"b":335.4,"c":1,"s":"SNPP","n":0}},{"type":"Feature","geometry":{"type":"Point","coordinates":[141.0239,-9.0459]},"properties":{"d":"2026-10-09","t":"0408","frp":2.9,"b":333.5,"c":1,"s":"SNPP","n":0}},{"type":"Feature","geometry":{"type":"Point","coordinates":[142.4902,-9.0458]},"properties":{"d":"2026-10-09","t":"0408","frp":5.5,"b":343.5,"c":1,"s":"SNPP","n":0}},{"type":"Feature","geometry":{"type":"Point","coordinates":[141.7721,-9.0456]},"properties":{"d":"2026-10-09","t":"0408","frp":3.0,"b":330.6,"c":0,"s":"SNPP","n":0}},{"type":"Feature","geometry":{"type":"Point","coordinates":[142.6151,-9.0456]},"properties":{"d":"2026-10-09","t":"0408","frp":6.9,"b":345.8,"c":1,"s":"SNPP","n":0}},{"type":"Feature","geometry":{"type":"Point","coordinates":[142.7929,-9.0429]},"properties":{"d":"2026-10-09","t":"0408","frp":3.0,"b":333.5,"c":1,"s":"SNPP","n":0}},{"type":"Feature","geometry":{"type":"Point","coordinates":[142.9519,-9.0428]},"properties":{"d":"2026-10-09","t":"0408","frp":3.5,"b":336.5,"c":1,"s":"SNPP","n":0}},{"type":"Feature","geometry":{"type":"Point","coordinates":[141.7678,-9.0427]},"properties":{"d":"2026-10-09","t":"0408","frp":3.6,"b":333.9,"c":1,"s":"SNPP","n":0}},{"type":"Feature","geometry":{"type":"Point","coordinates":[142.4897,-9.0424]},"properties":{"d":"2026-10-09","t":"0408","frp":6.5,"b":350.3,"c":1,"s":"SNPP","n":0}},{"type":"Feature","geometry":{"type":"Point","coordinates":[141.7982,-9.0417]},"properties":{"d":"2026-10-09","t":"0408","frp":12.7,"b":353.7,"c":0,"s":"SNPP","n":0}},{"type":"Feature","geometry":{"type":"Point","coordinates":[141.7753,-9.0416]},"properties":{"d":"2026-10-09","t":"0408","frp":2.2,"b":334.9,"c":1,"s":"SNPP","n":0}},{"type":"Feature","geometry":{"type":"Point","coordinates":[141.3478,-9.0413]},"properties":{"d":"2026-10-09","t":"0408","frp":11.0,"b":345.8,"c":1,"s":"SNPP","n":0}},{"type":"Feature","geometry":{"type":"Point","coordinates":[142.2941,-9.0408]},"properties":{"d":"2026-10-09","t":"0408","frp":4.5,"b":344.9,"c":1,"s":"SNPP","n":0}},{"type":"Feature","geometry":{"type":"Point","coordinates":[141.3556,-9.0402]},"properties":{"d":"2026-10-09","t":"0408","frp":3.9,"b":335.9,"c":0,"s":"SNPP","n":0}},{"type":"Feature","geometry":{"type":"Point","coordinates":[142.2755,-9.0402]},"properties":{"d":"2026-10-09","t":"0408","frp":3.2,"b":343.0,"c":1,"s":"SNPP","n":0}},{"type":"Feature","geometry":{"type":"Point","coordinates":[141.7636,-9.0398]},"properties":{"d":"2026-10-09","t":"0408","frp":10.0,"b":367.0,"c":2,"s":"SNPP","n":0}},{"type":"Feature","geometry":{"type":"Point","coordinates":[142.5631,-9.0396]},"properties":{"d":"2026-10-09","t":"0408","frp":1.7,"b":336.7,"c":1,"s":"SNPP","n":0}},{"type":"Feature","geometry":{"type":"Point","coordinates":[142.5551,-9.0394]},"properties":{"d":"2026-10-09","t":"0408","frp":3.8,"b":340.3,"c":1,"s":"SNPP","n":0}},{"type":"Feature","geometry":{"type":"Point","coordinates":[142.4892,-9.0391]},"properties":{"d":"2026-10-09","t":"0408","frp":6.5,"b":350.4,"c":1,"s":"SNPP","n":0}},{"type":"Feature","geometry":{"type":"Point","coordinates":[142.5667,-9.0391]},"properties":{"d":"2026-10-09","t":"0408","frp":4.4,"b":345.5,"c":1,"s":"SNPP","n":0}},{"type":"Feature","geometry":{"type":"Point","coordinates":[142.5702,-9.0385]},"properties":{"d":"2026-10-09","t":"0408","frp":4.4,"b":345.0,"c":1,"s":"SNPP","n":0}},{"type":"Feature","geometry":{"type":"Point","coordinates":[143.0484,-9.0384]},"properties":{"d":"2026-10-09","t":"0408","frp":25.6,"b":337.7,"c":1,"s":"SNPP","n":0}},{"type":"Feature","geometry":{"type":"Point","coordinates":[142.5623,-9.0383]},"properties":{"d":"2026-10-09","t":"0408","frp":10.0,"b":367.0,"c":2,"s":"SNPP","n":0}},{"type":"Feature","geometry":{"type":"Point","coordinates":[141.7977,-9.0382]},"properties":{"d":"2026-10-09","t":"0408","frp":8.2,"b":353.3,"c":0,"s":"SNPP","n":0}},{"type":"Feature","geometry":{"type":"Point","coordinates":[142.8934,-9.038]},"properties":{"d":"2026-10-09","t":"0408","frp":4.8,"b":330.7,"c":1,"s":"SNPP","n":0}},{"type":"Feature","geometry":{"type":"Point","coordinates":[143.0519,-9.0379]},"properties":{"d":"2026-10-09","t":"0408","frp":10.2,"b":332.1,"c":1,"s":"SNPP","n":0}},{"type":"Feature","geometry":{"type":"Point","coordinates":[142.5658,-9.0378]},"properties":{"d":"2026-10-09","t":"0408","frp":7.1,"b":348.6,"c":1,"s":"SNPP","n":0}},{"type":"Feature","geometry":{"type":"Point","coordinates":[141.8014,-9.0377]},"properties":{"d":"2026-10-09","t":"0408","frp":8.2,"b":333.7,"c":0,"s":"SNPP","n":0}},{"type":"Feature","geometry":{"type":"Point","coordinates":[142.897,-9.0375]},"properties":{"d":"2026-10-09","t":"0408","frp":4.8,"b":332.7,"c":1,"s":"SNPP","n":0}},{"type":"Feature","geometry":{"type":"Point","coordinates":[142.5694,-9.0373]},"properties":{"d":"2026-10-09","t":"0408","frp":7.1,"b":343.9,"c":1,"s":"SNPP","n":0}},{"type":"Feature","geometry":{"type":"Point","coordinates":[142.551,-9.0366]},"properties":{"d":"2026-10-09","t":"0408","frp":3.8,"b":333.8,"c":0,"s":"SNPP","n":0}},{"type":"Feature","geometry":{"type":"Point","coordinates":[141.763,-9.0364]},"properties":{"d":"2026-10-09","t":"0408","frp":8.0,"b":343.6,"c":1,"s":"SNPP","n":0}},{"type":"Feature","geometry":{"type":"Point","coordinates":[142.4851,-9.0363]},"properties":{"d":"2026-10-09","t":"0408","frp":4.3,"b":343.9,"c":1,"s":"SNPP","n":0}},{"type":"Feature","geometry":{"type":"Point","coordinates":[142.5546,-9.0361]},"properties":{"d":"2026-10-09","t":"0408","frp":3.8,"b":346.9,"c":1,"s":"SNPP","n":0}},{"type":"Feature","geometry":{"type":"Point","coordinates":[142.4887,-9.0357]},"properties":{"d":"2026-10-09","t":"0408","frp":4.3,"b":333.4,"c":0,"s":"SNPP","n":0}},{"type":"Feature","geometry":{"type":"Point","coordinates":[142.7954,-9.0357]},"properties":{"d":"2026-10-09","t":"0408","frp":3.5,"b":330.7,"c":0,"s":"SNPP","n":0}},{"type":"Feature","geometry":{"type":"Point","coordinates":[141.3628,-9.0356]},"properties":{"d":"2026-10-09","t":"0408","frp":7.8,"b":346.8,"c":1,"s":"SNPP","n":0}},{"type":"Feature","geometry":{"type":"Point","coordinates":[141.9832,-9.035]},"properties":{"d":"2026-10-09","t":"0408","frp":6.0,"b":344.4,"c":0,"s":"SNPP","n":0}},{"type":"Feature","geometry":{"type":"Point","coordinates":[141.9869,-9.0345]},"properties":{"d":"2026-10-09","t":"0408","frp":5.5,"b":353.0,"c":1,"s":"SNPP","n":0}},{"type":"Feature","geometry":{"type":"Point","coordinates":[141.9906,-9.034]},"properties":{"d":"2026-10-09","t":"0408","frp":5.5,"b":337.5,"c":0,"s":"SNPP","n":0}},{"type":"Feature","geometry":{"type":"Point","coordinates":[142.481,-9.0334]},"properties":{"d":"2026-10-09","t":"0408","frp":11.2,"b":347.4,"c":1,"s":"SNPP","n":0}},{"type":"Feature","geometry":{"type":"Point","coordinates":[142.4846,-9.0329]},"properties":{"d":"2026-10-09","t":"0408","frp":4.3,"b":346.2,"c":1,"s":"SNPP","n":0}},{"type":"Feature","geometry":{"type":"Point","coordinates":[142.5761,-9.0328]},"properties":{"d":"2026-10-09","t":"0408","frp":3.7,"b":341.2,"c":1,"s":"SNPP","n":0}},{"type":"Feature","geometry":{"type":"Point","coordinates":[141.7892,-9.0325]},"properties":{"d":"2026-10-09","t":"0408","frp":9.0,"b":345.5,"c":0,"s":"SNPP","n":0}},{"type":"Feature","geometry":{"type":"Point","coordinates":[141.3661,-9.0315]},"properties":{"d":"2026-10-09","t":"0408","frp":6.6,"b":338.6,"c":0,"s":"SNPP","n":0}},{"type":"Feature","geometry":{"type":"Point","coordinates":[141.9901,-9.0305]},"properties":{"d":"2026-10-09","t":"0408","frp":5.5,"b":349.4,"c":1,"s":"SNPP","n":0}},{"type":"Feature","geometry":{"type":"Point","coordinates":[143.1046,-9.0299]},"properties":{"d":"2026-10-09","t":"0408","frp":2.0,"b":330.0,"c":0,"s":"SNPP","n":0}},{"type":"Feature","geometry":{"type":"Point","coordinates":[142.5975,-9.0296]},"properties":{"d":"2026-10-09","t":"0408","frp":4.2,"b":337.4,"c":1,"s":"SNPP","n":0}},{"type":"Feature","geometry":{"type":"Point","coordinates":[141.062,-9.0294]},"properties":{"d":"2026-10-09","t":"0408","frp":5.4,"b":335.1,"c":0,"s":"SNPP","n":0}},{"type":"Feature","geometry":{"type":"Point","coordinates":[140.8657,-9.0294]},"properties":{"d":"2026-10-09","t":"0408","frp":3.3,"b":333.4,"c":0,"s":"SNPP","n":0}},{"type":"Feature","geometry":{"type":"Point","coordinates":[141.066,-9.0288]},"properties":{"d":"2026-10-09","t":"0408","frp":3.2,"b":330.7,"c":1,"s":"SNPP","n":0}},{"type":"Feature","geometry":{"type":"Point","coordinates":[141.3656,-9.028]},"properties":{"d":"2026-10-09","t":"0408","frp":6.6,"b":344.3,"c":0,"s":"SNPP","n":0}},{"type":"Feature","geometry":{"type":"Point","coordinates":[141.0779,-9.0271]},"properties":{"d":"2026-10-09","t":"0408","frp":1.6,"b":330.9,"c":1,"s":"SNPP","n":0}},{"type":"Feature","geometry":{"type":"Point","coordinates":[141.3496,-9.0268]},"properties":{"d":"2026-10-09","t":"0408","frp":3.9,"b":335.7,"c":0,"s":"SNPP","n":0}},{"type":"Feature","geometry":{"type":"Point","coordinates":[142.4759,-9.0239]},"properties":{"d":"2026-10-09","t":"0408","frp":3.0,"b":341.6,"c":1,"s":"SNPP","n":0}},{"type":"Feature","geometry":{"type":"Point","coordinates":[141.057,-9.0229]},"properties":{"d":"2026-10-09","t":"0408","frp":6.6,"b":343.0,"c":0,"s":"SNPP","n":0}},{"type":"Feature","geometry":{"type":"Point","coordinates":[143.1753,-9.0226]},"properties":{"d":"2026-10-09","t":"0408","frp":3.1,"b":340.4,"c":1,"s":"SNPP","n":0}},{"type":"Feature","geometry":{"type":"Point","coordinates":[142.6036,-9.0218]},"properties":{"d":"2026-10-09","t":"0408","frp":3.2,"b":335.4,"c":1,"s":"SNPP","n":0}},{"type":"Feature","geometry":{"type":"Point","coordinates":[141.3646,-9.0211]},"properties":{"d":"2026-10-09","t":"0408","frp":10.3,"b":347.0,"c":1,"s":"SNPP","n":0}},{"type":"Feature","geometry":{"type":"Point","coordinates":[141.0565,-9.0194]},"properties":{"d":"2026-10-09","t":"0408","frp":6.4,"b":334.6,"c":0,"s":"SNPP","n":0}},{"type":"Feature","geometry":{"type":"Point","coordinates":[143.085,-9.0192]},"properties":{"d":"2026-10-09","t":"0408","frp":1.4,"b":336.1,"c":1,"s":"SNPP","n":0}},{"type":"Feature","geometry":{"type":"Point","coordinates":[141.3602,-9.0181]},"properties":{"d":"2026-10-09","t":"0408","frp":13.9,"b":341.9,"c":0,"s":"SNPP","n":0}},{"type":"Feature","geometry":{"type":"Point","coordinates":[141.044,-9.0176]},"properties":{"d":"2026-10-09","t":"0408","frp":5.6,"b":339.8,"c":1,"s":"SNPP","n":0}},{"type":"Feature","geometry":{"type":"Point","coordinates":[141.3641,-9.0176]},"properties":{"d":"2026-10-09","t":"0408","frp":13.9,"b":335.9,"c":1,"s":"SNPP","n":0}},{"type":"Feature","geometry":{"type":"Point","coordinates":[141.048,-9.0171]},"properties":{"d":"2026-10-09","t":"0408","frp":13.4,"b":333.8,"c":0,"s":"SNPP","n":0}},{"type":"Feature","geometry":{"type":"Point","coordinates":[141.9917,-9.0164]},"properties":{"d":"2026-10-09","t":"0408","frp":3.6,"b":335.8,"c":0,"s":"SNPP","n":0}},{"type":"Feature","geometry":{"type":"Point","coordinates":[141.9915,-9.0161]},"properties":{"d":"2026-10-09","t":"0408","frp":4.9,"b":337.7,"c":0,"s":"SNPP","n":0}},{"type":"Feature","geometry":{"type":"Point","coordinates":[141.0112,-9.0153]},"properties":{"d":"2026-10-09","t":"0408","frp":25.3,"b":354.4,"c":1,"s":"SNPP","n":0}},{"type":"Feature","geometry":{"type":"Point","coordinates":[140.8884,-9.0151]},"properties":{"d":"2026-10-09","t":"0408","frp":3.4,"b":338.4,"c":1,"s":"SNPP","n":0}},{"type":"Feature","geometry":{"type":"Point","coordinates":[141.3597,-9.0146]},"properties":{"d":"2026-10-09","t":"0408","frp":13.9,"b":356.0,"c":1,"s":"SNPP","n":0}},{"type":"Feature","geometry":{"type":"Point","coordinates":[141.0718,-9.0135]},"properties":{"d":"2026-10-09","t":"0408","frp":3.9,"b":335.9,"c":0,"s":"SNPP","n":0}},{"type":"Feature","geometry":{"type":"Point","coordinates":[140.9782,-9.0129]},"properties":{"d":"2026-10-09","t":"0408","frp":27.8,"b":343.4,"c":0,"s":"SNPP","n":0}},{"type":"Feature","geometry":{"type":"Point","coordinates":[141.991,-9.0127]},"properties":{"d":"2026-10-09","t":"0408","frp":4.9,"b":339.7,"c":0,"s":"SNPP","n":0}},{"type":"Feature","geometry":{"type":"Point","coordinates":[141.296,-9.0125]},"properties":{"d":"2026-10-09","t":"0408","frp":7.6,"b":344.7,"c":1,"s":"SNPP","n":0}},{"type":"Feature","geometry":{"type":"Point","coordinates":[142.3932,-9.0122]},"properties":{"d":"2026-10-09","t":"0408","frp":2.1,"b":335.5,"c":1,"s":"SNPP","n":0}},{"type":"Feature","geometry":{"type":"Point","coordinates":[141.9947,-9.0122]},"properties":{"d":"2026-10-09","t":"0408","frp":4.9,"b":333.6,"c":1,"s":"SNPP","n":0}},{"type":"Feature","geometry":{"type":"Point","coordinates":[142.602,-9.0117]},"properties":{"d":"2026-10-09","t":"0408","frp":3.1,"b":334.2,"c":0,"s":"SNPP","n":0}},{"type":"Feature","geometry":{"type":"Point","coordinates":[141.3553,-9.0117]},"properties":{"d":"2026-10-09","t":"0408","frp":23.1,"b":367.0,"c":2,"s":"SNPP","n":0}},{"type":"Feature","geometry":{"type":"Point","coordinates":[141.0713,-9.01]},"properties":{"d":"2026-10-09","t":"0408","frp":7.7,"b":346.7,"c":1,"s":"SNPP","n":0}},{"type":"Feature","geometry":{"type":"Point","coordinates":[141.9868,-9.0099]},"properties":{"d":"2026-10-09","t":"0408","frp":7.1,"b":342.0,"c":0,"s":"SNPP","n":0}},{"type":"Feature","geometry":{"type":"Point","coordinates":[141.2956,-9.0097]},"properties":{"d":"2026-10-09","t":"0408","frp":14.7,"b":346.8,"c":1,"s":"SNPP","n":0}},{"type":"Feature","geometry":{"type":"Point","coordinates":[142.481,-9.0093]},"properties":{"d":"2026-10-09","t":"0408","frp":3.9,"b":344.4,"c":1,"s":"SNPP","n":0}},{"type":"Feature","geometry":{"type":"Point","coordinates":[141.9905,-9.0093]},"properties":{"d":"2026-10-09","t":"0408","frp":3.3,"b":339.6,"c":0,"s":"SNPP","n":0}},{"type":"Feature","geometry":{"type":"Point","coordinates":[142.5286,-9.0091]},"properties":{"d":"2026-10-09","t":"0408","frp":0.9,"b":332.9,"c":0,"s":"SNPP","n":0}},{"type":"Feature","geometry":{"type":"Point","coordinates":[141.2955,-9.0091]},"properties":{"d":"2026-10-09","t":"0408","frp":7.6,"b":341.9,"c":1,"s":"SNPP","n":0}},{"type":"Feature","geometry":{"type":"Point","coordinates":[142.598,-9.0089]},"properties":{"d":"2026-10-09","t":"0408","frp":3.1,"b":333.8,"c":0,"s":"SNPP","n":0}},{"type":"Feature","geometry":{"type":"Point","coordinates":[141.9942,-9.0088]},"properties":{"d":"2026-10-09","t":"0408","frp":3.3,"b":333.7,"c":1,"s":"SNPP","n":0}},{"type":"Feature","geometry":{"type":"Point","coordinates":[142.5541,-9.0087]},"properties":{"d":"2026-10-09","t":"0408","frp":3.2,"b":337.8,"c":1,"s":"SNPP","n":0}},{"type":"Feature","geometry":{"type":"Point","coordinates":[142.6015,-9.0084]},"properties":{"d":"2026-10-09","t":"0408","frp":3.1,"b":344.1,"c":1,"s":"SNPP","n":0}},{"type":"Feature","geometry":{"type":"Point","coordinates":[142.914,-9.0076]},"properties":{"d":"2026-10-09","t":"0408","frp":4.5,"b":335.2,"c":1,"s":"SNPP","n":0}},{"type":"Feature","geometry":{"type":"Point","coordinates":[140.9937,-9.007]},"properties":{"d":"2026-10-09","t":"0408","frp":2.8,"b":333.9,"c":0,"s":"SNPP","n":0}},{"type":"Feature","geometry":{"type":"Point","coordinates":[142.2668,-9.0069]},"properties":{"d":"2026-10-09","t":"0408","frp":6.4,"b":340.0,"c":0,"s":"SNPP","n":0}},{"type":"Feature","geometry":{"type":"Point","coordinates":[142.9211,-9.0065]},"properties":{"d":"2026-10-09","t":"0408","frp":9.1,"b":348.5,"c":1,"s":"SNPP","n":0}},{"type":"Feature","geometry":{"type":"Point","coordinates":[141.0221,-9.0064]},"properties":{"d":"2026-10-09","t":"0408","frp":8.9,"b":347.4,"c":1,"s":"SNPP","n":0}},{"type":"Feature","geometry":{"type":"Point","coordinates":[142.4805,-9.006]},"properties":{"d":"2026-10-09","t":"0408","frp":3.9,"b":337.8,"c":0,"s":"SNPP","n":0}},{"type":"Feature","geometry":{"type":"Point","coordinates":[141.99,-9.0059]},"properties":{"d":"2026-10-09","t":"0408","frp":3.3,"b":334.7,"c":0,"s":"SNPP","n":0}},{"type":"Feature","geometry":{"type":"Point","coordinates":[142.5975,-9.0056]},"properties":{"d":"2026-10-09","t":"0408","frp":25.9,"b":345.8,"c":1,"s":"SNPP","n":0}},{"type":"Feature","geometry":{"type":"Point","coordinates":[142.484,-9.0054]},"properties":{"d":"2026-10-09","t":"0408","frp":3.9,"b":331.0,"c":0,"s":"SNPP","n":0}},{"type":"Feature","geometry":{"type":"Point","coordinates":[142.37,-9.0053]},"properties":{"d":"2026-10-09","t":"0408","frp":3.1,"b":344.2,"c":1,"s":"SNPP","n":0}},{"type":"Feature","geometry":{"type":"Point","coordinates":[142.3737,-9.0048]},"properties":{"d":"2026-10-09","t":"0408","frp":3.1,"b":333.9,"c":0,"s":"SNPP","n":0}},{"type":"Feature","geometry":{"type":"Point","coordinates":[140.9687,-9.0034]},"properties":{"d":"2026-10-09","t":"0408","frp":2.7,"b":333.6,"c":0,"s":"SNPP","n":0}},{"type":"Feature","geometry":{"type":"Point","coordinates":[141.9858,-9.0031]},"properties":{"d":"2026-10-09","t":"0408","frp":7.5,"b":337.2,"c":0,"s":"SNPP","n":0}},{"type":"Feature","geometry":{"type":"Point","coordinates":[140.9726,-9.0028]},"properties":{"d":"2026-10-09","t":"0408","frp":13.3,"b":347.9,"c":1,"s":"SNPP","n":0}},{"type":"Feature","geometry":{"type":"Point","coordinates":[141.9894,-9.0025]},"properties":{"d":"2026-10-09","t":"0408","frp":6.9,"b":341.3,"c":0,"s":"SNPP","n":0}},{"type":"Feature","geometry":{"type":"Point","coordinates":[142.4836,-9.0021]},"properties":{"d":"2026-10-09","t":"0408","frp":5.0,"b":342.1,"c":1,"s":"SNPP","n":0}},{"type":"Feature","geometry":{"type":"Point","coordinates":[141.0782,-9.0018]},"properties":{"d":"2026-10-09","t":"0408","frp":2.4,"b":337.5,"c":1,"s":"SNPP","n":0}},{"type":"Feature","geometry":{"type":"Point","coordinates":[141.9779,-9.0008]},"properties":{"d":"2026-10-09","t":"0408","frp":4.7,"b":339.1,"c":0,"s":"SNPP","n":0}},{"type":"Feature","geometry":{"type":"Point","coordinates":[146.8456,-9.0006]},"properties":{"d":"2026-10-09","t":"0408","frp":9.7,"b":345.8,"c":1,"s":"SNPP","n":0}}]}