{"type":"FeatureCollection","features":[{"type":"Feature","geometry":{"type":"Point","coordinates":[147.5804,-42.3909]},"properties":{"d":"2026-10-07","t":"0317","frp":2.5,"b":334.1,"c":1,"s":"N20","n":0}},{"type":"Feature","geometry":{"type":"Point","coordinates":[147.1653,-42.3719]},"properties":{"d":"2026-10-07","t":"0317","frp":3.2,"b":325.2,"c":1,"s":"N20","n":0}},{"type":"Feature","geometry":{"type":"Point","coordinates":[147.5142,-41.6519]},"properties":{"d":"2026-10-07","t":"0317","frp":15.2,"b":367.0,"c":2,"s":"N20","n":0}},{"type":"Feature","geometry":{"type":"Point","coordinates":[147.5136,-41.6459]},"properties":{"d":"2026-10-07","t":"0317","frp":18.1,"b":367.0,"c":2,"s":"N20","n":0}},{"type":"Feature","geometry":{"type":"Point","coordinates":[148.25,-41.3715]},"properties":{"d":"2026-10-07","t":"0317","frp":4.2,"b":325.8,"c":1,"s":"N20","n":0}},{"type":"Feature","geometry":{"type":"Point","coordinates":[148.2547,-41.3713]},"properties":{"d":"2026-10-07","t":"0317","frp":4.2,"b":349.5,"c":1,"s":"N20","n":0}},{"type":"Feature","geometry":{"type":"Point","coordinates":[148.2505,-41.3711]},"properties":{"d":"2026-10-07","t":"0317","frp":3.8,"b":338.6,"c":1,"s":"N20","n":0}},{"type":"Feature","geometry":{"type":"Point","coordinates":[148.2551,-41.3709]},"properties":{"d":"2026-10-07","t":"0317","frp":3.8,"b":335.1,"c":1,"s":"N20","n":0}},{"type":"Feature","geometry":{"type":"Point","coordinates":[146.8352,-41.1218]},"properties":{"d":"2026-10-07","t":"0317","frp":3.4,"b":330.7,"c":1,"s":"N20","n":0}},{"type":"Feature","geometry":{"type":"Point","coordinates":[146.8346,-41.121]},"properties":{"d":"2026-10-07","t":"0317","frp":3.5,"b":329.5,"c":1,"s":"N20","n":0}},{"type":"Feature","geometry":{"type":"Point","coordinates":[145.0972,-40.9796]},"properties":{"d":"2026-10-07","t":"0317","frp":5.5,"b":333.9,"c":1,"s":"N20","n":0}},{"type":"Feature","geometry":{"type":"Point","coordinates":[145.2794,-40.8868]},"properties":{"d":"2026-10-07","t":"0317","frp":2.7,"b":327.0,"c":1,"s":"N20","n":0}},{"type":"Feature","geometry":{"type":"Point","coordinates":[146.6482,-36.3678]},"properties":{"d":"2026-10-07","t":"0317","frp":5.4,"b":346.2,"c":1,"s":"N20","n":0}},{"type":"Feature","geometry":{"type":"Point","coordinates":[145.6368,-36.1588]},"properties":{"d":"2026-10-07","t":"0317","frp":8.4,"b":367.0,"c":2,"s":"N20","n":0}},{"type":"Feature","geometry":{"type":"Point","coordinates":[145.6359,-36.155]},"properties":{"d":"2026-10-07","t":"0317","frp":7.3,"b":350.6,"c":1,"s":"N20","n":0}},{"type":"Feature","geometry":{"type":"Point","coordinates":[150.8948,-34.47]},"properties":{"d":"2026-10-07","t":"0317","frp":3.6,"b":327.6,"c":1,"s":"N20","n":0}},{"type":"Feature","geometry":{"type":"Point","coordinates":[150.882,-34.4616]},"properties":{"d":"2026-10-07","t":"0317","frp":4.6,"b":327.3,"c":1,"s":"N20","n":0}},{"type":"Feature","geometry":{"type":"Point","coordinates":[148.9184,-32.9151]},"properties":{"d":"2026-10-07","t":"0317","frp":2.2,"b":331.8,"c":1,"s":"N20","n":0}},{"type":"Feature","geometry":{"type":"Point","coordinates":[146.6185,-32.366]},"properties":{"d":"2026-10-07","t":"0319","frp":12.1,"b":367.0,"c":2,"s":"N20","n":0}},{"type":"Feature","geometry":{"type":"Point","coordinates":[146.6233,-32.3657]},"properties":{"d":"2026-10-07","t":"0319","frp":10.2,"b":334.5,"c":1,"s":"N20","n":0}},{"type":"Feature","geometry":{"type":"Point","coordinates":[146.6197,-32.3653]},"properties":{"d":"2026-10-07","t":"0319","frp":5.7,"b":367.0,"c":2,"s":"N20","n":0}},{"type":"Feature","geometry":{"type":"Point","coordinates":[146.6245,-32.3651]},"properties":{"d":"2026-10-07","t":"0319","frp":5.7,"b":334.7,"c":1,"s":"N20","n":0}},{"type":"Feature","geometry":{"type":"Point","coordinates":[151.8954,-31.2028]},"properties":{"d":"2026-10-07","t":"0319","frp":3.7,"b":334.5,"c":1,"s":"N20","n":0}},{"type":"Feature","geometry":{"type":"Point","coordinates":[146.0087,-31.167]},"properties":{"d":"2026-10-07","t":"0319","frp":11.0,"b":351.6,"c":1,"s":"N20","n":0}},{"type":"Feature","geometry":{"type":"Point","coordinates":[146.0138,-31.1667]},"properties":{"d":"2026-10-07","t":"0319","frp":10.6,"b":352.2,"c":1,"s":"N20","n":0}},{"type":"Feature","geometry":{"type":"Point","coordinates":[146.0189,-31.1664]},"properties":{"d":"2026-10-07","t":"0319","frp":10.6,"b":367.0,"c":2,"s":"N20","n":0}},{"type":"Feature","geometry":{"type":"Point","coordinates":[146.0239,-31.1661]},"properties":{"d":"2026-10-07","t":"0319","frp":4.8,"b":344.1,"c":1,"s":"N20","n":0}},{"type":"Feature","geometry":{"type":"Point","coordinates":[146.0234,-31.1602]},"properties":{"d":"2026-10-07","t":"0319","frp":4.8,"b":342.7,"c":1,"s":"N20","n":0}},{"type":"Feature","geometry":{"type":"Point","coordinates":[146.0285,-31.1599]},"properties":{"d":"2026-10-07","t":"0319","frp":4.8,"b":331.7,"c":0,"s":"N20","n":0}},{"type":"Feature","geometry":{"type":"Point","coordinates":[145.7713,-31.0697]},"properties":{"d":"2026-10-07","t":"0319","frp":3.6,"b":341.5,"c":1,"s":"N20","n":0}},{"type":"Feature","geometry":{"type":"Point","coordinates":[146.9821,-31.0243]},"properties":{"d":"2026-10-07","t":"0319","frp":6.7,"b":348.5,"c":1,"s":"N20","n":0}},{"type":"Feature","geometry":{"type":"Point","coordinates":[146.9772,-31.0189]},"properties":{"d":"2026-10-07","t":"0319","frp":7.9,"b":348.2,"c":1,"s":"N20","n":0}},{"type":"Feature","geometry":{"type":"Point","coordinates":[148.181,-30.9274]},"properties":{"d":"2026-10-07","t":"0319","frp":3.9,"b":339.2,"c":0,"s":"N20","n":0}},{"type":"Feature","geometry":{"type":"Point","coordinates":[148.1847,-30.9271]},"properties":{"d":"2026-10-07","t":"0319","frp":4.1,"b":342.3,"c":1,"s":"N20","n":0}},{"type":"Feature","geometry":{"type":"Point","coordinates":[151.4125,-30.9028]},"properties":{"d":"2026-10-07","t":"0319","frp":3.5,"b":333.6,"c":1,"s":"N20","n":0}},{"type":"Feature","geometry":{"type":"Point","coordinates":[152.0805,-30.5382]},"properties":{"d":"2026-10-07","t":"0319","frp":4.1,"b":328.4,"c":0,"s":"N20","n":0}},{"type":"Feature","geometry":{"type":"Point","coordinates":[151.3417,-30.5285]},"properties":{"d":"2026-10-07","t":"0319","frp":3.4,"b":335.4,"c":1,"s":"N20","n":0}},{"type":"Feature","geometry":{"type":"Point","coordinates":[151.6946,-30.326]},"properties":{"d":"2026-10-07","t":"0319","frp":4.6,"b":338.7,"c":1,"s":"N20","n":0}},{"type":"Feature","geometry":{"type":"Point","coordinates":[148.9856,-30.294]},"properties":{"d":"2026-10-07","t":"0319","frp":11.2,"b":345.0,"c":1,"s":"N20","n":0}},{"type":"Feature","geometry":{"type":"Point","coordinates":[148.9854,-30.2933]},"properties":{"d":"2026-10-07","t":"0319","frp":14.9,"b":348.6,"c":1,"s":"N20","n":0}},{"type":"Feature","geometry":{"type":"Point","coordinates":[148.985,-30.289]},"properties":{"d":"2026-10-07","t":"0319","frp":11.2,"b":342.6,"c":1,"s":"N20","n":0}},{"type":"Feature","geometry":{"type":"Point","coordinates":[147.9928,-29.1615]},"properties":{"d":"2026-10-07","t":"0319","frp":3.4,"b":341.0,"c":0,"s":"N20","n":0}},{"type":"Feature","geometry":{"type":"Point","coordinates":[147.6957,-28.8629]},"properties":{"d":"2026-10-07","t":"0319","frp":3.7,"b":351.3,"c":1,"s":"N20","n":0}},{"type":"Feature","geometry":{"type":"Point","coordinates":[150.12,-28.6411]},"properties":{"d":"2026-10-07","t":"0319","frp":5.5,"b":342.9,"c":1,"s":"N20","n":0}},{"type":"Feature","geometry":{"type":"Point","coordinates":[150.0108,-28.2769]},"properties":{"d":"2026-10-07","t":"0319","frp":21.2,"b":349.8,"c":1,"s":"N20","n":0}},{"type":"Feature","geometry":{"type":"Point","coordinates":[150.013,-28.2761]},"properties":{"d":"2026-10-07","t":"0319","frp":131.5,"b":354.8,"c":1,"s":"N20","n":0}},{"type":"Feature","geometry":{"type":"Point","coordinates":[150.0051,-28.2729]},"properties":{"d":"2026-10-07","t":"0319","frp":120.2,"b":367.0,"c":2,"s":"N20","n":0}},{"type":"Feature","geometry":{"type":"Point","coordinates":[150.0103,-28.2724]},"properties":{"d":"2026-10-07","t":"0319","frp":120.2,"b":367.0,"c":2,"s":"N20","n":0}},{"type":"Feature","geometry":{"type":"Point","coordinates":[150.0073,-28.2721]},"properties":{"d":"2026-10-07","t":"0319","frp":131.5,"b":367.0,"c":2,"s":"N20","n":0}},{"type":"Feature","geometry":{"type":"Point","coordinates":[150.0154,-28.2719]},"properties":{"d":"2026-10-07","t":"0319","frp":65.5,"b":367.0,"c":0,"s":"N20","n":0}},{"type":"Feature","geometry":{"type":"Point","coordinates":[150.0125,-28.2716]},"properties":{"d":"2026-10-07","t":"0319","frp":131.5,"b":367.0,"c":2,"s":"N20","n":0}},{"type":"Feature","geometry":{"type":"Point","coordinates":[150.0206,-28.2714]},"properties":{"d":"2026-10-07","t":"0319","frp":65.5,"b":343.2,"c":1,"s":"N20","n":0}},{"type":"Feature","geometry":{"type":"Point","coordinates":[150.0176,-28.2711]},"properties":{"d":"2026-10-07","t":"0319","frp":55.6,"b":355.3,"c":1,"s":"N20","n":0}},{"type":"Feature","geometry":{"type":"Point","coordinates":[150.0097,-28.2678]},"properties":{"d":"2026-10-07","t":"0319","frp":120.2,"b":367.0,"c":2,"s":"N20","n":0}},{"type":"Feature","geometry":{"type":"Point","coordinates":[150.0149,-28.2673]},"properties":{"d":"2026-10-07","t":"0319","frp":65.5,"b":356.4,"c":1,"s":"N20","n":0}},{"type":"Feature","geometry":{"type":"Point","coordinates":[150.017,-28.2665]},"properties":{"d":"2026-10-07","t":"0319","frp":7.5,"b":338.1,"c":1,"s":"N20","n":0}},{"type":"Feature","geometry":{"type":"Point","coordinates":[148.1114,-27.8603]},"properties":{"d":"2026-10-07","t":"0319","frp":3.6,"b":367.0,"c":2,"s":"N20","n":0}},{"type":"Feature","geometry":{"type":"Point","coordinates":[148.1148,-27.86]},"properties":{"d":"2026-10-07","t":"0319","frp":3.6,"b":338.9,"c":1,"s":"N20","n":0}},{"type":"Feature","geometry":{"type":"Point","coordinates":[148.7529,-27.8501]},"properties":{"d":"2026-10-07","t":"0319","frp":10.3,"b":342.7,"c":1,"s":"N20","n":0}},{"type":"Feature","geometry":{"type":"Point","coordinates":[148.759,-27.8496]},"properties":{"d":"2026-10-07","t":"0319","frp":5.8,"b":341.7,"c":1,"s":"N20","n":0}},{"type":"Feature","geometry":{"type":"Point","coordinates":[148.7501,-27.8484]},"properties":{"d":"2026-10-07","t":"0319","frp":53.0,"b":341.5,"c":1,"s":"N20","n":0}},{"type":"Feature","geometry":{"type":"Point","coordinates":[148.7562,-27.8479]},"properties":{"d":"2026-10-07","t":"0319","frp":53.0,"b":367.0,"c":2,"s":"N20","n":0}},{"type":"Feature","geometry":{"type":"Point","coordinates":[148.7622,-27.8473]},"properties":{"d":"2026-10-07","t":"0319","frp":22.9,"b":351.7,"c":1,"s":"N20","n":0}},{"type":"Feature","geometry":{"type":"Point","coordinates":[148.7683,-27.8467]},"properties":{"d":"2026-10-07","t":"0319","frp":22.9,"b":347.4,"c":1,"s":"N20","n":0}},{"type":"Feature","geometry":{"type":"Point","coordinates":[148.7556,-27.8429]},"properties":{"d":"2026-10-07","t":"0319","frp":53.0,"b":345.3,"c":1,"s":"N20","n":0}},{"type":"Feature","geometry":{"type":"Point","coordinates":[148.7617,-27.8424]},"properties":{"d":"2026-10-07","t":"0319","frp":22.9,"b":349.6,"c":1,"s":"N20","n":0}},{"type":"Feature","geometry":{"type":"Point","coordinates":[148.3549,-27.829]},"properties":{"d":"2026-10-07","t":"0319","frp":5.1,"b":339.7,"c":0,"s":"N20","n":0}},{"type":"Feature","geometry":{"type":"Point","coordinates":[148.2691,-27.8068]},"properties":{"d":"2026-10-07","t":"0319","frp":4.7,"b":346.1,"c":1,"s":"N20","n":0}},{"type":"Feature","geometry":{"type":"Point","coordinates":[148.2689,-27.8059]},"properties":{"d":"2026-10-07","t":"0319","frp":3.3,"b":340.8,"c":0,"s":"N20","n":0}},{"type":"Feature","geometry":{"type":"Point","coordinates":[148.7809,-27.7961]},"properties":{"d":"2026-10-07","t":"0319","frp":6.8,"b":348.8,"c":1,"s":"N20","n":0}},{"type":"Feature","geometry":{"type":"Point","coordinates":[148.787,-27.7955]},"properties":{"d":"2026-10-07","t":"0319","frp":6.8,"b":346.4,"c":1,"s":"N20","n":0}},{"type":"Feature","geometry":{"type":"Point","coordinates":[150.1002,-27.6245]},"properties":{"d":"2026-10-07","t":"0319","frp":6.4,"b":354.3,"c":1,"s":"N20","n":0}},{"type":"Feature","geometry":{"type":"Point","coordinates":[150.1052,-27.624]},"properties":{"d":"2026-10-07","t":"0319","frp":4.3,"b":337.6,"c":1,"s":"N20","n":0}},{"type":"Feature","geometry":{"type":"Point","coordinates":[150.0982,-27.6226]},"properties":{"d":"2026-10-07","t":"0319","frp":9.7,"b":354.2,"c":1,"s":"N20","n":0}},{"type":"Feature","geometry":{"type":"Point","coordinates":[150.1032,-27.6221]},"properties":{"d":"2026-10-07","t":"0319","frp":9.7,"b":343.4,"c":1,"s":"N20","n":0}},{"type":"Feature","geometry":{"type":"Point","coordinates":[150.0946,-27.6205]},"properties":{"d":"2026-10-07","t":"0319","frp":6.4,"b":346.8,"c":1,"s":"N20","n":0}},{"type":"Feature","geometry":{"type":"Point","coordinates":[150.0996,-27.62]},"properties":{"d":"2026-10-07","t":"0319","frp":6.4,"b":341.1,"c":1,"s":"N20","n":0}},{"type":"Feature","geometry":{"type":"Point","coordinates":[149.6551,-27.1491]},"properties":{"d":"2026-10-07","t":"0319","frp":5.8,"b":347.5,"c":1,"s":"N20","n":0}},{"type":"Feature","geometry":{"type":"Point","coordinates":[149.6573,-27.1484]},"properties":{"d":"2026-10-07","t":"0319","frp":10.8,"b":353.9,"c":1,"s":"N20","n":0}},{"type":"Feature","geometry":{"type":"Point","coordinates":[149.6546,-27.1445]},"properties":{"d":"2026-10-07","t":"0319","frp":5.8,"b":339.6,"c":0,"s":"N20","n":0}},{"type":"Feature","geometry":{"type":"Point","coordinates":[149.6567,-27.1438]},"properties":{"d":"2026-10-07","t":"0319","frp":4.7,"b":343.4,"c":1,"s":"N20","n":0}},{"type":"Feature","geometry":{"type":"Point","coordinates":[146.4493,-27.0731]},"properties":{"d":"2026-10-07","t":"0319","frp":1.8,"b":330.3,"c":0,"s":"N20","n":0}},{"type":"Feature","geometry":{"type":"Point","coordinates":[148.7041,-26.9877]},"properties":{"d":"2026-10-07","t":"0319","frp":9.3,"b":339.4,"c":1,"s":"N20","n":0}},{"type":"Feature","geometry":{"type":"Point","coordinates":[147.6985,-26.7723]},"properties":{"d":"2026-10-07","t":"0319","frp":4.1,"b":336.0,"c":1,"s":"N20","n":0}},{"type":"Feature","geometry":{"type":"Point","coordinates":[147.7019,-26.772]},"properties":{"d":"2026-10-07","t":"0319","frp":4.1,"b":338.5,"c":1,"s":"N20","n":0}},{"type":"Feature","geometry":{"type":"Point","coordinates":[147.7053,-26.7717]},"properties":{"d":"2026-10-07","t":"0319","frp":7.3,"b":367.0,"c":2,"s":"N20","n":0}},{"type":"Feature","geometry":{"type":"Point","coordinates":[147.7087,-26.7714]},"properties":{"d":"2026-10-07","t":"0319","frp":7.3,"b":367.0,"c":2,"s":"N20","n":0}},{"type":"Feature","geometry":{"type":"Point","coordinates":[152.4437,-25.9141]},"properties":{"d":"2026-10-07","t":"0319","frp":6.9,"b":335.2,"c":1,"s":"N20","n":0}},{"type":"Feature","geometry":{"type":"Point","coordinates":[149.3573,-24.2431]},"properties":{"d":"2026-10-07","t":"0321","frp":3.2,"b":334.8,"c":1,"s":"N20","n":0}},{"type":"Feature","geometry":{"type":"Point","coordinates":[149.9236,-24.2033]},"properties":{"d":"2026-10-07","t":"0321","frp":5.7,"b":350.2,"c":1,"s":"N20","n":0}},{"type":"Feature","geometry":{"type":"Point","coordinates":[149.923,-24.1989]},"properties":{"d":"2026-10-07","t":"0321","frp":49.9,"b":338.8,"c":1,"s":"N20","n":0}},{"type":"Feature","geometry":{"type":"Point","coordinates":[148.2983,-23.7044]},"properties":{"d":"2026-10-07","t":"0321","frp":10.3,"b":333.2,"c":1,"s":"N20","n":0}},{"type":"Feature","geometry":{"type":"Point","coordinates":[148.3039,-23.7038]},"properties":{"d":"2026-10-07","t":"0321","frp":10.3,"b":356.4,"c":1,"s":"N20","n":0}},{"type":"Feature","geometry":{"type":"Point","coordinates":[148.3094,-23.7032]},"properties":{"d":"2026-10-07","t":"0321","frp":7.2,"b":332.4,"c":1,"s":"N20","n":0}},{"type":"Feature","geometry":{"type":"Point","coordinates":[148.2977,-23.6996]},"properties":{"d":"2026-10-07","t":"0321","frp":10.3,"b":330.3,"c":0,"s":"N20","n":0}},{"type":"Feature","geometry":{"type":"Point","coordinates":[148.3032,-23.699]},"properties":{"d":"2026-10-07","t":"0321","frp":10.3,"b":352.9,"c":1,"s":"N20","n":0}},{"type":"Feature","geometry":{"type":"Point","coordinates":[148.3088,-23.6984]},"properties":{"d":"2026-10-07","t":"0321","frp":7.2,"b":346.1,"c":1,"s":"N20","n":0}},{"type":"Feature","geometry":{"type":"Point","coordinates":[150.315,-23.0569]},"properties":{"d":"2026-10-07","t":"0321","frp":21.3,"b":341.2,"c":1,"s":"N20","n":0}},{"type":"Feature","geometry":{"type":"Point","coordinates":[150.3191,-23.0565]},"properties":{"d":"2026-10-07","t":"0321","frp":12.6,"b":341.3,"c":1,"s":"N20","n":0}},{"type":"Feature","geometry":{"type":"Point","coordinates":[150.3144,-23.0528]},"properties":{"d":"2026-10-07","t":"0321","frp":21.3,"b":341.2,"c":1,"s":"N20","n":0}},{"type":"Feature","geometry":{"type":"Point","coordinates":[150.3185,-23.0523]},"properties":{"d":"2026-10-07","t":"0321","frp":12.6,"b":341.4,"c":1,"s":"N20","n":0}},{"type":"Feature","geometry":{"type":"Point","coordinates":[150.3179,-23.0481]},"properties":{"d":"2026-10-07","t":"0321","frp":19.1,"b":353.6,"c":1,"s":"N20","n":0}},{"type":"Feature","geometry":{"type":"Point","coordinates":[147.693,-22.4683]},"properties":{"d":"2026-10-07","t":"0321","frp":11.3,"b":335.9,"c":1,"s":"N20","n":0}},{"type":"Feature","geometry":{"type":"Point","coordinates":[147.5071,-22.1629]},"properties":{"d":"2026-10-07","t":"0321","frp":3.1,"b":331.1,"c":1,"s":"N20","n":0}},{"type":"Feature","geometry":{"type":"Point","coordinates":[147.513,-22.1623]},"properties":{"d":"2026-10-07","t":"0321","frp":5.0,"b":337.4,"c":1,"s":"N20","n":0}},{"type":"Feature","geometry":{"type":"Point","coordinates":[147.5065,-22.158]},"properties":{"d":"2026-10-07","t":"0321","frp":18.0,"b":354.8,"c":1,"s":"N20","n":0}},{"type":"Feature","geometry":{"type":"Point","coordinates":[147.4999,-22.1536]},"properties":{"d":"2026-10-07","t":"0321","frp":18.0,"b":341.1,"c":1,"s":"N20","n":0}},{"type":"Feature","geometry":{"type":"Point","coordinates":[147.5058,-22.153]},"properties":{"d":"2026-10-07","t":"0321","frp":18.0,"b":341.1,"c":1,"s":"N20","n":0}},{"type":"Feature","geometry":{"type":"Point","coordinates":[147.4991,-22.1523]},"properties":{"d":"2026-10-07","t":"0321","frp":8.4,"b":342.4,"c":1,"s":"N20","n":0}},{"type":"Feature","geometry":{"type":"Point","coordinates":[149.0284,-21.388]},"properties":{"d":"2026-10-07","t":"0321","frp":7.2,"b":339.7,"c":1,"s":"N20","n":0}},{"type":"Feature","geometry":{"type":"Point","coordinates":[149.028,-21.3836]},"properties":{"d":"2026-10-07","t":"0321","frp":20.7,"b":339.9,"c":1,"s":"N20","n":0}},{"type":"Feature","geometry":{"type":"Point","coordinates":[146.8604,-19.7661]},"properties":{"d":"2026-10-07","t":"0321","frp":4.4,"b":335.8,"c":1,"s":"N20","n":0}},{"type":"Feature","geometry":{"type":"Point","coordinates":[146.865,-19.7656]},"properties":{"d":"2026-10-07","t":"0321","frp":11.3,"b":342.5,"c":1,"s":"N20","n":0}},{"type":"Feature","geometry":{"type":"Point","coordinates":[146.8664,-19.7654]},"properties":{"d":"2026-10-07","t":"0321","frp":4.9,"b":342.1,"c":1,"s":"N20","n":0}},{"type":"Feature","geometry":{"type":"Point","coordinates":[145.9551,-19.1574]},"properties":{"d":"2026-10-07","t":"0321","frp":4.9,"b":344.8,"c":1,"s":"N20","n":0}},{"type":"Feature","geometry":{"type":"Point","coordinates":[145.9688,-19.1453]},"properties":{"d":"2026-10-07","t":"0321","frp":5.2,"b":340.7,"c":1,"s":"N20","n":0}},{"type":"Feature","geometry":{"type":"Point","coordinates":[145.9723,-19.145]},"properties":{"d":"2026-10-07","t":"0321","frp":5.1,"b":334.6,"c":1,"s":"N20","n":0}},{"type":"Feature","geometry":{"type":"Point","coordinates":[145.9678,-19.1401]},"properties":{"d":"2026-10-07","t":"0321","frp":5.2,"b":353.2,"c":1,"s":"N20","n":0}},{"type":"Feature","geometry":{"type":"Point","coordinates":[145.9605,-19.1355]},"properties":{"d":"2026-10-07","t":"0321","frp":3.3,"b":336.4,"c":1,"s":"N20","n":0}},{"type":"Feature","geometry":{"type":"Point","coordinates":[145.9637,-19.1352]},"properties":{"d":"2026-10-07","t":"0321","frp":5.7,"b":352.0,"c":1,"s":"N20","n":0}},{"type":"Feature","geometry":{"type":"Point","coordinates":[145.9457,-19.1317]},"properties":{"d":"2026-10-07","t":"0321","frp":3.3,"b":344.8,"c":1,"s":"N20","n":0}},{"type":"Feature","geometry":{"type":"Point","coordinates":[145.9528,-19.131]},"properties":{"d":"2026-10-07","t":"0321","frp":4.5,"b":330.8,"c":1,"s":"N20","n":0}},{"type":"Feature","geometry":{"type":"Point","coordinates":[145.9561,-19.1306]},"properties":{"d":"2026-10-07","t":"0321","frp":3.3,"b":346.3,"c":1,"s":"N20","n":0}},{"type":"Feature","geometry":{"type":"Point","coordinates":[145.9593,-19.1303]},"properties":{"d":"2026-10-07","t":"0321","frp":3.3,"b":331.8,"c":0,"s":"N20","n":0}},{"type":"Feature","geometry":{"type":"Point","coordinates":[145.9478,-19.1261]},"properties":{"d":"2026-10-07","t":"0321","frp":6.6,"b":346.8,"c":1,"s":"N20","n":0}},{"type":"Feature","geometry":{"type":"Point","coordinates":[145.9512,-19.1258]},"properties":{"d":"2026-10-07","t":"0321","frp":6.6,"b":367.0,"c":2,"s":"N20","n":0}},{"type":"Feature","geometry":{"type":"Point","coordinates":[145.936,-19.122]},"properties":{"d":"2026-10-07","t":"0321","frp":4.4,"b":338.6,"c":1,"s":"N20","n":0}},{"type":"Feature","geometry":{"type":"Point","coordinates":[145.6453,-18.7809]},"properties":{"d":"2026-10-07","t":"0321","frp":40.7,"b":353.8,"c":1,"s":"N20","n":0}},{"type":"Feature","geometry":{"type":"Point","coordinates":[145.6449,-18.7755]},"properties":{"d":"2026-10-07","t":"0321","frp":6.7,"b":350.2,"c":1,"s":"N20","n":0}},{"type":"Feature","geometry":{"type":"Point","coordinates":[145.9111,-18.6942]},"properties":{"d":"2026-10-07","t":"0321","frp":4.1,"b":345.9,"c":1,"s":"N20","n":0}},{"type":"Feature","geometry":{"type":"Point","coordinates":[145.9474,-18.6372]},"properties":{"d":"2026-10-07","t":"0321","frp":3.1,"b":335.2,"c":1,"s":"N20","n":0}},{"type":"Feature","geometry":{"type":"Point","coordinates":[145.9466,-18.632]},"properties":{"d":"2026-10-07","t":"0321","frp":3.1,"b":332.5,"c":1,"s":"N20","n":0}},{"type":"Feature","geometry":{"type":"Point","coordinates":[145.7757,-18.5975]},"properties":{"d":"2026-10-07","t":"0321","frp":12.7,"b":355.6,"c":1,"s":"N20","n":0}},{"type":"Feature","geometry":{"type":"Point","coordinates":[145.776,-18.5964]},"properties":{"d":"2026-10-07","t":"0321","frp":12.8,"b":356.1,"c":1,"s":"N20","n":0}},{"type":"Feature","geometry":{"type":"Point","coordinates":[145.72,-18.5928]},"properties":{"d":"2026-10-07","t":"0321","frp":11.1,"b":353.4,"c":1,"s":"N20","n":0}},{"type":"Feature","geometry":{"type":"Point","coordinates":[145.7233,-18.5924]},"properties":{"d":"2026-10-07","t":"0321","frp":11.1,"b":331.4,"c":1,"s":"N20","n":0}},{"type":"Feature","geometry":{"type":"Point","coordinates":[145.7202,-18.5913]},"properties":{"d":"2026-10-07","t":"0321","frp":12.2,"b":352.4,"c":1,"s":"N20","n":0}},{"type":"Feature","geometry":{"type":"Point","coordinates":[145.7235,-18.591]},"properties":{"d":"2026-10-07","t":"0321","frp":12.2,"b":334.1,"c":1,"s":"N20","n":0}},{"type":"Feature","geometry":{"type":"Point","coordinates":[145.7193,-18.5875]},"properties":{"d":"2026-10-07","t":"0321","frp":6.1,"b":367.0,"c":2,"s":"N20","n":0}},{"type":"Feature","geometry":{"type":"Point","coordinates":[145.7227,-18.5871]},"properties":{"d":"2026-10-07","t":"0321","frp":6.1,"b":356.1,"c":1,"s":"N20","n":0}},{"type":"Feature","geometry":{"type":"Point","coordinates":[145.7018,-18.584]},"properties":{"d":"2026-10-07","t":"0321","frp":5.0,"b":347.2,"c":1,"s":"N20","n":0}},{"type":"Feature","geometry":{"type":"Point","coordinates":[145.7053,-18.5836]},"properties":{"d":"2026-10-07","t":"0321","frp":4.8,"b":333.4,"c":1,"s":"N20","n":0}},{"type":"Feature","geometry":{"type":"Point","coordinates":[145.7186,-18.5822]},"properties":{"d":"2026-10-07","t":"0321","frp":6.1,"b":333.6,"c":1,"s":"N20","n":0}},{"type":"Feature","geometry":{"type":"Point","coordinates":[145.739,-18.58]},"properties":{"d":"2026-10-07","t":"0321","frp":3.1,"b":340.4,"c":1,"s":"N20","n":0}},{"type":"Feature","geometry":{"type":"Point","coordinates":[145.6929,-18.5688]},"properties":{"d":"2026-10-07","t":"0321","frp":3.9,"b":336.9,"c":1,"s":"N20","n":0}},{"type":"Feature","geometry":{"type":"Point","coordinates":[145.7234,-18.5656]},"properties":{"d":"2026-10-07","t":"0321","frp":5.7,"b":345.1,"c":1,"s":"N20","n":0}},{"type":"Feature","geometry":{"type":"Point","coordinates":[145.7268,-18.5652]},"properties":{"d":"2026-10-07","t":"0321","frp":5.7,"b":334.2,"c":1,"s":"N20","n":0}},{"type":"Feature","geometry":{"type":"Point","coordinates":[145.7303,-18.5648]},"properties":{"d":"2026-10-07","t":"0321","frp":10.1,"b":367.0,"c":2,"s":"N20","n":0}},{"type":"Feature","geometry":{"type":"Point","coordinates":[145.7426,-18.5528]},"properties":{"d":"2026-10-07","t":"0321","frp":5.1,"b":334.6,"c":1,"s":"N20","n":0}},{"type":"Feature","geometry":{"type":"Point","coordinates":[145.705,-18.5514]},"properties":{"d":"2026-10-07","t":"0321","frp":5.4,"b":340.4,"c":1,"s":"N20","n":0}},{"type":"Feature","geometry":{"type":"Point","coordinates":[145.6767,-18.549]},"properties":{"d":"2026-10-07","t":"0321","frp":5.6,"b":335.4,"c":1,"s":"N20","n":0}},{"type":"Feature","geometry":{"type":"Point","coordinates":[145.6802,-18.5486]},"properties":{"d":"2026-10-07","t":"0321","frp":5.1,"b":339.6,"c":1,"s":"N20","n":0}},{"type":"Feature","geometry":{"type":"Point","coordinates":[145.6974,-18.5468]},"properties":{"d":"2026-10-07","t":"0321","frp":1.8,"b":330.8,"c":1,"s":"N20","n":0}},{"type":"Feature","geometry":{"type":"Point","coordinates":[145.7108,-18.5454]},"properties":{"d":"2026-10-07","t":"0321","frp":12.9,"b":352.5,"c":1,"s":"N20","n":0}},{"type":"Feature","geometry":{"type":"Point","coordinates":[145.7141,-18.545]},"properties":{"d":"2026-10-07","t":"0321","frp":12.4,"b":340.5,"c":1,"s":"N20","n":0}},{"type":"Feature","geometry":{"type":"Point","coordinates":[145.7069,-18.5404]},"properties":{"d":"2026-10-07","t":"0321","frp":12.9,"b":335.1,"c":1,"s":"N20","n":0}},{"type":"Feature","geometry":{"type":"Point","coordinates":[145.7102,-18.5401]},"properties":{"d":"2026-10-07","t":"0321","frp":12.9,"b":353.7,"c":1,"s":"N20","n":0}},{"type":"Feature","geometry":{"type":"Point","coordinates":[145.7135,-18.5397]},"properties":{"d":"2026-10-07","t":"0321","frp":12.4,"b":367.0,"c":2,"s":"N20","n":0}},{"type":"Feature","geometry":{"type":"Point","coordinates":[145.6254,-18.5327]},"properties":{"d":"2026-10-07","t":"0321","frp":7.1,"b":354.8,"c":1,"s":"N20","n":0}},{"type":"Feature","geometry":{"type":"Point","coordinates":[145.6989,-18.5305]},"properties":{"d":"2026-10-07","t":"0321","frp":2.8,"b":333.4,"c":1,"s":"N20","n":0}},{"type":"Feature","geometry":{"type":"Point","coordinates":[145.6573,-18.5294]},"properties":{"d":"2026-10-07","t":"0321","frp":3.4,"b":334.4,"c":1,"s":"N20","n":0}},{"type":"Feature","geometry":{"type":"Point","coordinates":[145.5885,-18.5256]},"properties":{"d":"2026-10-07","t":"0321","frp":5.6,"b":339.1,"c":1,"s":"N20","n":0}},{"type":"Feature","geometry":{"type":"Point","coordinates":[145.5921,-18.5253]},"properties":{"d":"2026-10-07","t":"0321","frp":7.0,"b":347.2,"c":1,"s":"N20","n":0}},{"type":"Feature","geometry":{"type":"Point","coordinates":[145.6316,-18.5212]},"properties":{"d":"2026-10-07","t":"0321","frp":7.3,"b":367.0,"c":2,"s":"N20","n":0}},{"type":"Feature","geometry":{"type":"Point","coordinates":[145.6351,-18.5209]},"properties":{"d":"2026-10-07","t":"0321","frp":5.1,"b":335.4,"c":1,"s":"N20","n":0}},{"type":"Feature","geometry":{"type":"Point","coordinates":[145.5882,-18.5203]},"properties":{"d":"2026-10-07","t":"0321","frp":5.6,"b":336.2,"c":1,"s":"N20","n":0}},{"type":"Feature","geometry":{"type":"Point","coordinates":[145.6167,-18.5174]},"properties":{"d":"2026-10-07","t":"0321","frp":8.7,"b":352.9,"c":1,"s":"N20","n":0}},{"type":"Feature","geometry":{"type":"Point","coordinates":[145.6203,-18.517]},"properties":{"d":"2026-10-07","t":"0321","frp":10.8,"b":367.0,"c":2,"s":"N20","n":0}},{"type":"Feature","geometry":{"type":"Point","coordinates":[145.5918,-18.5164]},"properties":{"d":"2026-10-07","t":"0321","frp":5.7,"b":332.8,"c":1,"s":"N20","n":0}},{"type":"Feature","geometry":{"type":"Point","coordinates":[145.6274,-18.5163]},"properties":{"d":"2026-10-07","t":"0321","frp":7.3,"b":344.0,"c":1,"s":"N20","n":0}},{"type":"Feature","geometry":{"type":"Point","coordinates":[145.6309,-18.5159]},"properties":{"d":"2026-10-07","t":"0321","frp":7.3,"b":334.9,"c":1,"s":"N20","n":0}},{"type":"Feature","geometry":{"type":"Point","coordinates":[145.6344,-18.5156]},"properties":{"d":"2026-10-07","t":"0321","frp":5.1,"b":334.6,"c":1,"s":"N20","n":0}},{"type":"Feature","geometry":{"type":"Point","coordinates":[145.5878,-18.5149]},"properties":{"d":"2026-10-07","t":"0321","frp":5.5,"b":334.1,"c":1,"s":"N20","n":0}},{"type":"Feature","geometry":{"type":"Point","coordinates":[145.5913,-18.5145]},"properties":{"d":"2026-10-07","t":"0321","frp":7.3,"b":367.0,"c":2,"s":"N20","n":0}},{"type":"Feature","geometry":{"type":"Point","coordinates":[145.6131,-18.5141]},"properties":{"d":"2026-10-07","t":"0321","frp":10.6,"b":367.0,"c":2,"s":"N20","n":0}},{"type":"Feature","geometry":{"type":"Point","coordinates":[145.6166,-18.5137]},"properties":{"d":"2026-10-07","t":"0321","frp":10.6,"b":367.0,"c":2,"s":"N20","n":0}},{"type":"Feature","geometry":{"type":"Point","coordinates":[145.6201,-18.5134]},"properties":{"d":"2026-10-07","t":"0321","frp":7.3,"b":339.9,"c":1,"s":"N20","n":0}},{"type":"Feature","geometry":{"type":"Point","coordinates":[145.6236,-18.513]},"properties":{"d":"2026-10-07","t":"0321","frp":7.3,"b":335.2,"c":1,"s":"N20","n":0}},{"type":"Feature","geometry":{"type":"Point","coordinates":[145.6272,-18.5126]},"properties":{"d":"2026-10-07","t":"0321","frp":5.7,"b":338.9,"c":1,"s":"N20","n":0}},{"type":"Feature","geometry":{"type":"Point","coordinates":[145.6125,-18.5124]},"properties":{"d":"2026-10-07","t":"0321","frp":8.7,"b":367.0,"c":2,"s":"N20","n":0}},{"type":"Feature","geometry":{"type":"Point","coordinates":[145.616,-18.512]},"properties":{"d":"2026-10-07","t":"0321","frp":8.7,"b":344.0,"c":1,"s":"N20","n":0}},{"type":"Feature","geometry":{"type":"Point","coordinates":[145.5879,-18.5115]},"properties":{"d":"2026-10-07","t":"0321","frp":7.0,"b":342.8,"c":1,"s":"N20","n":0}},{"type":"Feature","geometry":{"type":"Point","coordinates":[145.6054,-18.5096]},"properties":{"d":"2026-10-07","t":"0321","frp":11.9,"b":346.9,"c":1,"s":"N20","n":0}},{"type":"Feature","geometry":{"type":"Point","coordinates":[145.6089,-18.5092]},"properties":{"d":"2026-10-07","t":"0321","frp":11.9,"b":367.0,"c":2,"s":"N20","n":0}},{"type":"Feature","geometry":{"type":"Point","coordinates":[145.6124,-18.5088]},"properties":{"d":"2026-10-07","t":"0321","frp":10.6,"b":354.1,"c":1,"s":"N20","n":0}},{"type":"Feature","geometry":{"type":"Point","coordinates":[145.6082,-18.5074]},"properties":{"d":"2026-10-07","t":"0321","frp":21.6,"b":355.8,"c":1,"s":"N20","n":0}},{"type":"Feature","geometry":{"type":"Point","coordinates":[145.6118,-18.507]},"properties":{"d":"2026-10-07","t":"0321","frp":8.7,"b":352.2,"c":1,"s":"N20","n":0}},{"type":"Feature","geometry":{"type":"Point","coordinates":[145.6225,-18.506]},"properties":{"d":"2026-10-07","t":"0321","frp":12.0,"b":347.7,"c":1,"s":"N20","n":0}},{"type":"Feature","geometry":{"type":"Point","coordinates":[145.626,-18.5056]},"properties":{"d":"2026-10-07","t":"0321","frp":5.1,"b":348.1,"c":1,"s":"N20","n":0}},{"type":"Feature","geometry":{"type":"Point","coordinates":[145.6296,-18.5052]},"properties":{"d":"2026-10-07","t":"0321","frp":5.1,"b":332.5,"c":1,"s":"N20","n":0}},{"type":"Feature","geometry":{"type":"Point","coordinates":[145.6081,-18.5038]},"properties":{"d":"2026-10-07","t":"0321","frp":11.1,"b":367.0,"c":2,"s":"N20","n":0}},{"type":"Feature","geometry":{"type":"Point","coordinates":[145.6117,-18.5035]},"properties":{"d":"2026-10-07","t":"0321","frp":10.3,"b":367.0,"c":2,"s":"N20","n":0}},{"type":"Feature","geometry":{"type":"Point","coordinates":[145.6153,-18.5031]},"properties":{"d":"2026-10-07","t":"0321","frp":10.3,"b":354.4,"c":1,"s":"N20","n":0}},{"type":"Feature","geometry":{"type":"Point","coordinates":[145.6188,-18.5027]},"properties":{"d":"2026-10-07","t":"0321","frp":8.2,"b":355.7,"c":1,"s":"N20","n":0}},{"type":"Feature","geometry":{"type":"Point","coordinates":[145.6224,-18.5023]},"properties":{"d":"2026-10-07","t":"0321","frp":8.2,"b":350.3,"c":1,"s":"N20","n":0}},{"type":"Feature","geometry":{"type":"Point","coordinates":[145.6075,-18.5021]},"properties":{"d":"2026-10-07","t":"0321","frp":7.1,"b":340.5,"c":1,"s":"N20","n":0}},{"type":"Feature","geometry":{"type":"Point","coordinates":[145.626,-18.5019]},"properties":{"d":"2026-10-07","t":"0321","frp":8.7,"b":345.7,"c":1,"s":"N20","n":0}},{"type":"Feature","geometry":{"type":"Point","coordinates":[145.6111,-18.5017]},"properties":{"d":"2026-10-07","t":"0321","frp":9.4,"b":367.0,"c":2,"s":"N20","n":0}},{"type":"Feature","geometry":{"type":"Point","coordinates":[145.6146,-18.5013]},"properties":{"d":"2026-10-07","t":"0321","frp":9.4,"b":351.1,"c":1,"s":"N20","n":0}},{"type":"Feature","geometry":{"type":"Point","coordinates":[145.6182,-18.501]},"properties":{"d":"2026-10-07","t":"0321","frp":5.6,"b":349.8,"c":1,"s":"N20","n":0}},{"type":"Feature","geometry":{"type":"Point","coordinates":[145.6218,-18.5006]},"properties":{"d":"2026-10-07","t":"0321","frp":5.6,"b":335.1,"c":1,"s":"N20","n":0}},{"type":"Feature","geometry":{"type":"Point","coordinates":[145.6607,-18.4981]},"properties":{"d":"2026-10-07","t":"0321","frp":5.2,"b":338.3,"c":1,"s":"N20","n":0}},{"type":"Feature","geometry":{"type":"Point","coordinates":[145.6602,-18.4967]},"properties":{"d":"2026-10-07","t":"0321","frp":4.8,"b":335.1,"c":1,"s":"N20","n":0}},{"type":"Feature","geometry":{"type":"Point","coordinates":[145.6532,-18.4936]},"properties":{"d":"2026-10-07","t":"0321","frp":5.8,"b":332.4,"c":1,"s":"N20","n":0}},{"type":"Feature","geometry":{"type":"Point","coordinates":[145.6527,-18.4921]},"properties":{"d":"2026-10-07","t":"0321","frp":3.4,"b":332.7,"c":1,"s":"N20","n":0}},{"type":"Feature","geometry":{"type":"Point","coordinates":[145.6561,-18.4918]},"properties":{"d":"2026-10-07","t":"0321","frp":3.4,"b":333.3,"c":1,"s":"N20","n":0}},{"type":"Feature","geometry":{"type":"Point","coordinates":[145.6725,-18.4807]},"properties":{"d":"2026-10-07","t":"0321","frp":3.0,"b":330.5,"c":1,"s":"N20","n":0}},{"type":"Feature","geometry":{"type":"Point","coordinates":[145.6684,-18.4758]},"properties":{"d":"2026-10-07","t":"0321","frp":3.3,"b":334.3,"c":1,"s":"N20","n":0}},{"type":"Feature","geometry":{"type":"Point","coordinates":[145.6677,-18.4704]},"properties":{"d":"2026-10-07","t":"0321","frp":3.3,"b":343.8,"c":1,"s":"N20","n":0}},{"type":"Feature","geometry":{"type":"Point","coordinates":[145.6671,-18.4651]},"properties":{"d":"2026-10-07","t":"0321","frp":3.9,"b":331.0,"c":1,"s":"N20","n":0}},{"type":"Feature","geometry":{"type":"Point","coordinates":[145.6527,-18.4612]},"properties":{"d":"2026-10-07","t":"0321","frp":7.2,"b":348.4,"c":1,"s":"N20","n":0}},{"type":"Feature","geometry":{"type":"Point","coordinates":[145.6452,-18.4566]},"properties":{"d":"2026-10-07","t":"0321","frp":7.6,"b":343.0,"c":1,"s":"N20","n":0}},{"type":"Feature","geometry":{"type":"Point","coordinates":[145.6374,-18.4521]},"properties":{"d":"2026-10-07","t":"0321","frp":7.5,"b":345.2,"c":1,"s":"N20","n":0}},{"type":"Feature","geometry":{"type":"Point","coordinates":[145.641,-18.4517]},"properties":{"d":"2026-10-07","t":"0321","frp":7.6,"b":346.2,"c":1,"s":"N20","n":0}},{"type":"Feature","geometry":{"type":"Point","coordinates":[145.6368,-18.4467]},"properties":{"d":"2026-10-07","t":"0321","frp":12.4,"b":367.0,"c":2,"s":"N20","n":0}},{"type":"Feature","geometry":{"type":"Point","coordinates":[145.6402,-18.4464]},"properties":{"d":"2026-10-07","t":"0321","frp":12.7,"b":367.0,"c":2,"s":"N20","n":0}},{"type":"Feature","geometry":{"type":"Point","coordinates":[145.0716,-17.7462]},"properties":{"d":"2026-10-07","t":"0321","frp":13.2,"b":352.8,"c":1,"s":"N20","n":0}},{"type":"Feature","geometry":{"type":"Point","coordinates":[145.0753,-17.7459]},"properties":{"d":"2026-10-07","t":"0321","frp":18.1,"b":367.0,"c":2,"s":"N20","n":0}},{"type":"Feature","geometry":{"type":"Point","coordinates":[145.0712,-17.7407]},"properties":{"d":"2026-10-07","t":"0321","frp":5.3,"b":337.6,"c":1,"s":"N20","n":0}},{"type":"Feature","geometry":{"type":"Point","coordinates":[145.0748,-17.7404]},"properties":{"d":"2026-10-07","t":"0321","frp":11.2,"b":355.2,"c":1,"s":"N20","n":0}},{"type":"Feature","geometry":{"type":"Point","coordinates":[145.4967,-17.1443]},"properties":{"d":"2026-10-07","t":"0323","frp":12.4,"b":351.5,"c":1,"s":"N20","n":0}},{"type":"Feature","geometry":{"type":"Point","coordinates":[145.5003,-17.1439]},"properties":{"d":"2026-10-07","t":"0323","frp":12.4,"b":367.0,"c":2,"s":"N20","n":0}},{"type":"Feature","geometry":{"type":"Point","coordinates":[145.5039,-17.1435]},"properties":{"d":"2026-10-07","t":"0323","frp":9.7,"b":332.2,"c":1,"s":"N20","n":0}},{"type":"Feature","geometry":{"type":"Point","coordinates":[145.4955,-17.1434]},"properties":{"d":"2026-10-07","t":"0323","frp":13.3,"b":340.3,"c":1,"s":"N20","n":0}},{"type":"Feature","geometry":{"type":"Point","coordinates":[145.499,-17.143]},"properties":{"d":"2026-10-07","t":"0323","frp":15.6,"b":367.0,"c":2,"s":"N20","n":0}},{"type":"Feature","geometry":{"type":"Point","coordinates":[145.5026,-17.1427]},"properties":{"d":"2026-10-07","t":"0323","frp":15.6,"b":367.0,"c":2,"s":"N20","n":0}},{"type":"Feature","geometry":{"type":"Point","coordinates":[145.4926,-17.1394]},"properties":{"d":"2026-10-07","t":"0323","frp":16.0,"b":354.8,"c":1,"s":"N20","n":0}},{"type":"Feature","geometry":{"type":"Point","coordinates":[145.4961,-17.139]},"properties":{"d":"2026-10-07","t":"0323","frp":12.4,"b":367.0,"c":2,"s":"N20","n":0}},{"type":"Feature","geometry":{"type":"Point","coordinates":[145.4996,-17.1386]},"properties":{"d":"2026-10-07","t":"0323","frp":12.4,"b":367.0,"c":2,"s":"N20","n":0}},{"type":"Feature","geometry":{"type":"Point","coordinates":[145.4913,-17.1385]},"properties":{"d":"2026-10-07","t":"0323","frp":13.3,"b":340.9,"c":1,"s":"N20","n":0}},{"type":"Feature","geometry":{"type":"Point","coordinates":[145.4948,-17.1381]},"properties":{"d":"2026-10-07","t":"0323","frp":13.3,"b":367.0,"c":2,"s":"N20","n":0}},{"type":"Feature","geometry":{"type":"Point","coordinates":[145.4984,-17.1378]},"properties":{"d":"2026-10-07","t":"0323","frp":15.6,"b":367.0,"c":2,"s":"N20","n":0}},{"type":"Feature","geometry":{"type":"Point","coordinates":[145.4919,-17.1341]},"properties":{"d":"2026-10-07","t":"0323","frp":11.7,"b":355.6,"c":1,"s":"N20","n":0}},{"type":"Feature","geometry":{"type":"Point","coordinates":[145.4955,-17.1337]},"properties":{"d":"2026-10-07","t":"0323","frp":9.0,"b":338.1,"c":1,"s":"N20","n":0}},{"type":"Feature","geometry":{"type":"Point","coordinates":[145.5127,-17.1318]},"properties":{"d":"2026-10-07","t":"0323","frp":5.7,"b":354.5,"c":1,"s":"N20","n":0}},{"type":"Feature","geometry":{"type":"Point","coordinates":[145.5114,-17.131]},"properties":{"d":"2026-10-07","t":"0323","frp":4.8,"b":342.7,"c":1,"s":"N20","n":0}},{"type":"Feature","geometry":{"type":"Point","coordinates":[145.4876,-17.1292]},"properties":{"d":"2026-10-07","t":"0323","frp":11.7,"b":338.2,"c":1,"s":"N20","n":0}},{"type":"Feature","geometry":{"type":"Point","coordinates":[145.4912,-17.1288]},"properties":{"d":"2026-10-07","t":"0323","frp":11.7,"b":367.0,"c":2,"s":"N20","n":0}},{"type":"Feature","geometry":{"type":"Point","coordinates":[145.4948,-17.1284]},"properties":{"d":"2026-10-07","t":"0323","frp":9.0,"b":347.9,"c":1,"s":"N20","n":0}},{"type":"Feature","geometry":{"type":"Point","coordinates":[145.4898,-17.1279]},"properties":{"d":"2026-10-07","t":"0323","frp":16.9,"b":348.2,"c":1,"s":"N20","n":0}},{"type":"Feature","geometry":{"type":"Point","coordinates":[145.4935,-17.1275]},"properties":{"d":"2026-10-07","t":"0323","frp":16.9,"b":367.0,"c":2,"s":"N20","n":0}},{"type":"Feature","geometry":{"type":"Point","coordinates":[145.497,-17.1272]},"properties":{"d":"2026-10-07","t":"0323","frp":6.9,"b":343.0,"c":1,"s":"N20","n":0}},{"type":"Feature","geometry":{"type":"Point","coordinates":[145.5119,-17.1265]},"properties":{"d":"2026-10-07","t":"0323","frp":5.7,"b":354.2,"c":1,"s":"N20","n":0}},{"type":"Feature","geometry":{"type":"Point","coordinates":[145.5107,-17.1257]},"properties":{"d":"2026-10-07","t":"0323","frp":4.8,"b":349.6,"c":1,"s":"N20","n":0}},{"type":"Feature","geometry":{"type":"Point","coordinates":[145.5141,-17.1254]},"properties":{"d":"2026-10-07","t":"0323","frp":4.8,"b":331.5,"c":1,"s":"N20","n":0}},{"type":"Feature","geometry":{"type":"Point","coordinates":[145.4832,-17.1244]},"properties":{"d":"2026-10-07","t":"0323","frp":22.4,"b":350.6,"c":1,"s":"N20","n":0}},{"type":"Feature","geometry":{"type":"Point","coordinates":[145.4868,-17.124]},"properties":{"d":"2026-10-07","t":"0323","frp":19.4,"b":367.0,"c":2,"s":"N20","n":0}},{"type":"Feature","geometry":{"type":"Point","coordinates":[145.5078,-17.1216]},"properties":{"d":"2026-10-07","t":"0323","frp":7.0,"b":349.2,"c":1,"s":"N20","n":0}},{"type":"Feature","geometry":{"type":"Point","coordinates":[145.5112,-17.1212]},"properties":{"d":"2026-10-07","t":"0323","frp":7.0,"b":348.1,"c":1,"s":"N20","n":0}},{"type":"Feature","geometry":{"type":"Point","coordinates":[145.486,-17.1187]},"properties":{"d":"2026-10-07","t":"0323","frp":19.4,"b":346.5,"c":1,"s":"N20","n":0}},{"type":"Feature","geometry":{"type":"Point","coordinates":[145.5036,-17.1167]},"properties":{"d":"2026-10-07","t":"0323","frp":23.6,"b":355.3,"c":1,"s":"N20","n":0}},{"type":"Feature","geometry":{"type":"Point","coordinates":[145.507,-17.1163]},"properties":{"d":"2026-10-07","t":"0323","frp":7.0,"b":340.2,"c":1,"s":"N20","n":0}},{"type":"Feature","geometry":{"type":"Point","coordinates":[145.4844,-17.1081]},"properties":{"d":"2026-10-07","t":"0323","frp":19.7,"b":351.9,"c":1,"s":"N20","n":0}},{"type":"Feature","geometry":{"type":"Point","coordinates":[145.488,-17.1077]},"properties":{"d":"2026-10-07","t":"0323","frp":19.7,"b":367.0,"c":2,"s":"N20","n":0}},{"type":"Feature","geometry":{"type":"Point","coordinates":[145.5075,-16.7382]},"properties":{"d":"2026-10-07","t":"0323","frp":42.4,"b":348.8,"c":1,"s":"N20","n":0}},{"type":"Feature","geometry":{"type":"Point","coordinates":[145.0492,-16.48]},"properties":{"d":"2026-10-07","t":"0323","frp":6.4,"b":367.0,"c":2,"s":"N20","n":0}},{"type":"Feature","geometry":{"type":"Point","coordinates":[145.0526,-16.4796]},"properties":{"d":"2026-10-07","t":"0323","frp":6.4,"b":332.6,"c":1,"s":"N20","n":0}},{"type":"Feature","geometry":{"type":"Point","coordinates":[145.0561,-16.4792]},"properties":{"d":"2026-10-07","t":"0323","frp":5.7,"b":367.0,"c":2,"s":"N20","n":0}},{"type":"Feature","geometry":{"type":"Point","coordinates":[145.0596,-16.4788]},"properties":{"d":"2026-10-07","t":"0323","frp":5.7,"b":367.0,"c":2,"s":"N20","n":0}},{"type":"Feature","geometry":{"type":"Point","coordinates":[145.0632,-16.4784]},"properties":{"d":"2026-10-07","t":"0323","frp":5.2,"b":348.2,"c":1,"s":"N20","n":0}},{"type":"Feature","geometry":{"type":"Point","coordinates":[145.0744,-16.4772]},"properties":{"d":"2026-10-07","t":"0323","frp":6.9,"b":367.0,"c":2,"s":"N20","n":0}},{"type":"Feature","geometry":{"type":"Point","coordinates":[145.0451,-16.4749]},"properties":{"d":"2026-10-07","t":"0323","frp":13.4,"b":367.0,"c":2,"s":"N20","n":0}},{"type":"Feature","geometry":{"type":"Point","coordinates":[145.0487,-16.4745]},"properties":{"d":"2026-10-07","t":"0323","frp":6.4,"b":351.0,"c":1,"s":"N20","n":0}},{"type":"Feature","geometry":{"type":"Point","coordinates":[145.0522,-16.4742]},"properties":{"d":"2026-10-07","t":"0323","frp":6.4,"b":350.2,"c":1,"s":"N20","n":0}},{"type":"Feature","geometry":{"type":"Point","coordinates":[145.0557,-16.4738]},"properties":{"d":"2026-10-07","t":"0323","frp":5.7,"b":340.2,"c":1,"s":"N20","n":0}},{"type":"Feature","geometry":{"type":"Point","coordinates":[145.0592,-16.4734]},"properties":{"d":"2026-10-07","t":"0323","frp":5.7,"b":336.6,"c":1,"s":"N20","n":0}},{"type":"Feature","geometry":{"type":"Point","coordinates":[145.0627,-16.473]},"properties":{"d":"2026-10-07","t":"0323","frp":5.2,"b":335.8,"c":1,"s":"N20","n":0}},{"type":"Feature","geometry":{"type":"Point","coordinates":[145.0407,-16.4699]},"properties":{"d":"2026-10-07","t":"0323","frp":7.3,"b":353.3,"c":1,"s":"N20","n":0}},{"type":"Feature","geometry":{"type":"Point","coordinates":[145.0444,-16.4695]},"properties":{"d":"2026-10-07","t":"0323","frp":7.3,"b":367.0,"c":2,"s":"N20","n":0}},{"type":"Feature","geometry":{"type":"Point","coordinates":[145.0481,-16.4691]},"properties":{"d":"2026-10-07","t":"0323","frp":5.2,"b":337.4,"c":1,"s":"N20","n":0}},{"type":"Feature","geometry":{"type":"Point","coordinates":[145.0363,-16.4649]},"properties":{"d":"2026-10-07","t":"0323","frp":12.4,"b":367.0,"c":2,"s":"N20","n":0}},{"type":"Feature","geometry":{"type":"Point","coordinates":[145.0401,-16.4645]},"properties":{"d":"2026-10-07","t":"0323","frp":7.3,"b":367.0,"c":2,"s":"N20","n":0}},{"type":"Feature","geometry":{"type":"Point","coordinates":[145.0439,-16.4641]},"properties":{"d":"2026-10-07","t":"0323","frp":7.3,"b":346.9,"c":1,"s":"N20","n":0}},{"type":"Feature","geometry":{"type":"Point","coordinates":[145.0478,-16.4637]},"properties":{"d":"2026-10-07","t":"0323","frp":5.2,"b":337.8,"c":1,"s":"N20","n":0}},{"type":"Feature","geometry":{"type":"Point","coordinates":[145.0355,-16.4595]},"properties":{"d":"2026-10-07","t":"0323","frp":58.5,"b":367.0,"c":2,"s":"N20","n":0}},{"type":"Feature","geometry":{"type":"Point","coordinates":[145.0394,-16.4591]},"properties":{"d":"2026-10-07","t":"0323","frp":59.8,"b":347.6,"c":1,"s":"N20","n":0}},{"type":"Feature","geometry":{"type":"Point","coordinates":[145.0434,-16.4587]},"properties":{"d":"2026-10-07","t":"0323","frp":59.8,"b":350.6,"c":1,"s":"N20","n":0}},{"type":"Feature","geometry":{"type":"Point","coordinates":[145.0473,-16.4583]},"properties":{"d":"2026-10-07","t":"0323","frp":29.8,"b":367.0,"c":2,"s":"N20","n":0}},{"type":"Feature","geometry":{"type":"Point","coordinates":[145.0512,-16.4579]},"properties":{"d":"2026-10-07","t":"0323","frp":29.8,"b":339.4,"c":1,"s":"N20","n":0}},{"type":"Feature","geometry":{"type":"Point","coordinates":[145.1075,-16.4573]},"properties":{"d":"2026-10-07","t":"0323","frp":5.8,"b":339.4,"c":1,"s":"N20","n":0}},{"type":"Feature","geometry":{"type":"Point","coordinates":[145.0583,-16.4571]},"properties":{"d":"2026-10-07","t":"0323","frp":7.5,"b":338.8,"c":1,"s":"N20","n":0}},{"type":"Feature","geometry":{"type":"Point","coordinates":[145.0348,-16.4541]},"properties":{"d":"2026-10-07","t":"0323","frp":58.5,"b":350.1,"c":1,"s":"N20","n":0}},{"type":"Feature","geometry":{"type":"Point","coordinates":[145.0387,-16.4537]},"properties":{"d":"2026-10-07","t":"0323","frp":59.8,"b":343.9,"c":1,"s":"N20","n":0}},{"type":"Feature","geometry":{"type":"Point","coordinates":[145.0427,-16.4533]},"properties":{"d":"2026-10-07","t":"0323","frp":59.8,"b":349.4,"c":1,"s":"N20","n":0}},{"type":"Feature","geometry":{"type":"Point","coordinates":[145.0467,-16.4529]},"properties":{"d":"2026-10-07","t":"0323","frp":29.8,"b":367.0,"c":2,"s":"N20","n":0}},{"type":"Feature","geometry":{"type":"Point","coordinates":[145.0929,-16.4452]},"properties":{"d":"2026-10-07","t":"0323","frp":5.6,"b":346.9,"c":1,"s":"N20","n":0}},{"type":"Feature","geometry":{"type":"Point","coordinates":[145.0689,-16.445]},"properties":{"d":"2026-10-07","t":"0323","frp":7.0,"b":349.1,"c":1,"s":"N20","n":0}},{"type":"Feature","geometry":{"type":"Point","coordinates":[145.0885,-16.4429]},"properties":{"d":"2026-10-07","t":"0323","frp":5.9,"b":331.7,"c":0,"s":"N20","n":0}},{"type":"Feature","geometry":{"type":"Point","coordinates":[145.0655,-16.4428]},"properties":{"d":"2026-10-07","t":"0323","frp":4.3,"b":330.0,"c":0,"s":"N20","n":0}},{"type":"Feature","geometry":{"type":"Point","coordinates":[145.0919,-16.4426]},"properties":{"d":"2026-10-07","t":"0323","frp":5.9,"b":351.1,"c":1,"s":"N20","n":0}},{"type":"Feature","geometry":{"type":"Point","coordinates":[145.0688,-16.4424]},"properties":{"d":"2026-10-07","t":"0323","frp":6.8,"b":354.9,"c":1,"s":"N20","n":0}},{"type":"Feature","geometry":{"type":"Point","coordinates":[145.0953,-16.4422]},"properties":{"d":"2026-10-07","t":"0323","frp":8.6,"b":367.0,"c":2,"s":"N20","n":0}},{"type":"Feature","geometry":{"type":"Point","coordinates":[145.0988,-16.4418]},"properties":{"d":"2026-10-07","t":"0323","frp":8.6,"b":351.3,"c":1,"s":"N20","n":0}},{"type":"Feature","geometry":{"type":"Point","coordinates":[145.0787,-16.4413]},"properties":{"d":"2026-10-07","t":"0323","frp":6.2,"b":340.0,"c":1,"s":"N20","n":0}},{"type":"Feature","geometry":{"type":"Point","coordinates":[145.0818,-16.441]},"properties":{"d":"2026-10-07","t":"0323","frp":5.4,"b":344.9,"c":1,"s":"N20","n":0}},{"type":"Feature","geometry":{"type":"Point","coordinates":[145.085,-16.4406]},"properties":{"d":"2026-10-07","t":"0323","frp":5.4,"b":338.4,"c":1,"s":"N20","n":0}},{"type":"Feature","geometry":{"type":"Point","coordinates":[145.0883,-16.4402]},"properties":{"d":"2026-10-07","t":"0323","frp":5.6,"b":339.2,"c":1,"s":"N20","n":0}},{"type":"Feature","geometry":{"type":"Point","coordinates":[145.0918,-16.4398]},"properties":{"d":"2026-10-07","t":"0323","frp":5.6,"b":338.3,"c":1,"s":"N20","n":0}},{"type":"Feature","geometry":{"type":"Point","coordinates":[145.0953,-16.4394]},"properties":{"d":"2026-10-07","t":"0323","frp":17.7,"b":367.0,"c":2,"s":"N20","n":0}},{"type":"Feature","geometry":{"type":"Point","coordinates":[145.074,-16.439]},"properties":{"d":"2026-10-07","t":"0323","frp":4.4,"b":339.0,"c":1,"s":"N20","n":0}},{"type":"Feature","geometry":{"type":"Point","coordinates":[145.0772,-16.4387]},"properties":{"d":"2026-10-07","t":"0323","frp":4.4,"b":351.1,"c":1,"s":"N20","n":0}},{"type":"Feature","geometry":{"type":"Point","coordinates":[145.0805,-16.4383]},"properties":{"d":"2026-10-07","t":"0323","frp":4.8,"b":343.2,"c":1,"s":"N20","n":0}},{"type":"Feature","geometry":{"type":"Point","coordinates":[145.0838,-16.438]},"properties":{"d":"2026-10-07","t":"0323","frp":4.8,"b":335.9,"c":1,"s":"N20","n":0}},{"type":"Feature","geometry":{"type":"Point","coordinates":[145.0708,-16.4367]},"properties":{"d":"2026-10-07","t":"0323","frp":9.8,"b":354.6,"c":1,"s":"N20","n":0}},{"type":"Feature","geometry":{"type":"Point","coordinates":[145.074,-16.4364]},"properties":{"d":"2026-10-07","t":"0323","frp":11.0,"b":367.0,"c":2,"s":"N20","n":0}},{"type":"Feature","geometry":{"type":"Point","coordinates":[145.0699,-16.434]},"properties":{"d":"2026-10-07","t":"0323","frp":4.6,"b":347.6,"c":1,"s":"N20","n":0}},{"type":"Feature","geometry":{"type":"Point","coordinates":[145.073,-16.4337]},"properties":{"d":"2026-10-07","t":"0323","frp":5.2,"b":351.2,"c":1,"s":"N20","n":0}},{"type":"Feature","geometry":{"type":"Point","coordinates":[144.6008,-16.1984]},"properties":{"d":"2026-10-07","t":"0323","frp":11.3,"b":335.8,"c":1,"s":"N20","n":0}},{"type":"Feature","geometry":{"type":"Point","coordinates":[144.6044,-16.198]},"properties":{"d":"2026-10-07","t":"0323","frp":7.0,"b":367.0,"c":2,"s":"N20","n":0}},{"type":"Feature","geometry":{"type":"Point","coordinates":[144.6081,-16.1976]},"properties":{"d":"2026-10-07","t":"0323","frp":7.0,"b":334.7,"c":1,"s":"N20","n":0}},{"type":"Feature","geometry":{"type":"Point","coordinates":[144.6038,-16.1925]},"properties":{"d":"2026-10-07","t":"0323","frp":7.0,"b":345.7,"c":1,"s":"N20","n":0}},{"type":"Feature","geometry":{"type":"Point","coordinates":[144.3306,-15.949]},"properties":{"d":"2026-10-07","t":"0323","frp":3.4,"b":333.1,"c":0,"s":"N20","n":0}},{"type":"Feature","geometry":{"type":"Point","coordinates":[144.8313,-15.8313]},"properties":{"d":"2026-10-07","t":"0323","frp":2.3,"b":338.5,"c":0,"s":"N20","n":0}},{"type":"Feature","geometry":{"type":"Point","coordinates":[144.2079,-15.7502]},"properties":{"d":"2026-10-07","t":"0323","frp":3.8,"b":338.0,"c":1,"s":"N20","n":0}},{"type":"Feature","geometry":{"type":"Point","coordinates":[144.2121,-15.7497]},"properties":{"d":"2026-10-07","t":"0323","frp":3.8,"b":345.1,"c":1,"s":"N20","n":0}},{"type":"Feature","geometry":{"type":"Point","coordinates":[144.2071,-15.7445]},"properties":{"d":"2026-10-07","t":"0323","frp":3.0,"b":338.3,"c":1,"s":"N20","n":0}},{"type":"Feature","geometry":{"type":"Point","coordinates":[144.6011,-15.651]},"properties":{"d":"2026-10-07","t":"0323","frp":4.3,"b":346.9,"c":1,"s":"N20","n":0}},{"type":"Feature","geometry":{"type":"Point","coordinates":[144.6,-15.6508]},"properties":{"d":"2026-10-07","t":"0323","frp":3.2,"b":339.3,"c":1,"s":"N20","n":0}},{"type":"Feature","geometry":{"type":"Point","coordinates":[144.605,-15.6506]},"properties":{"d":"2026-10-07","t":"0323","frp":6.7,"b":338.4,"c":1,"s":"N20","n":0}},{"type":"Feature","geometry":{"type":"Point","coordinates":[144.6039,-15.6503]},"properties":{"d":"2026-10-07","t":"0323","frp":6.0,"b":341.9,"c":1,"s":"N20","n":0}},{"type":"Feature","geometry":{"type":"Point","coordinates":[144.6087,-15.6502]},"properties":{"d":"2026-10-07","t":"0323","frp":6.7,"b":342.1,"c":1,"s":"N20","n":0}},{"type":"Feature","geometry":{"type":"Point","coordinates":[144.6076,-15.6499]},"properties":{"d":"2026-10-07","t":"0323","frp":6.0,"b":340.1,"c":1,"s":"N20","n":0}},{"type":"Feature","geometry":{"type":"Point","coordinates":[144.6124,-15.6498]},"properties":{"d":"2026-10-07","t":"0323","frp":18.7,"b":367.0,"c":2,"s":"N20","n":0}},{"type":"Feature","geometry":{"type":"Point","coordinates":[144.6113,-15.6494]},"properties":{"d":"2026-10-07","t":"0323","frp":8.1,"b":353.2,"c":1,"s":"N20","n":0}},{"type":"Feature","geometry":{"type":"Point","coordinates":[144.6151,-15.649]},"properties":{"d":"2026-10-07","t":"0323","frp":8.1,"b":340.7,"c":1,"s":"N20","n":0}},{"type":"Feature","geometry":{"type":"Point","coordinates":[144.6157,-15.6438]},"properties":{"d":"2026-10-07","t":"0323","frp":3.6,"b":339.6,"c":1,"s":"N20","n":0}},{"type":"Feature","geometry":{"type":"Point","coordinates":[144.6145,-15.6435]},"properties":{"d":"2026-10-07","t":"0323","frp":8.1,"b":335.5,"c":1,"s":"N20","n":0}},{"type":"Feature","geometry":{"type":"Point","coordinates":[144.4313,-15.6362]},"properties":{"d":"2026-10-07","t":"0323","frp":8.7,"b":340.0,"c":1,"s":"N20","n":0}},{"type":"Feature","geometry":{"type":"Point","coordinates":[144.4351,-15.6358]},"properties":{"d":"2026-10-07","t":"0323","frp":8.9,"b":367.0,"c":2,"s":"N20","n":0}},{"type":"Feature","geometry":{"type":"Point","coordinates":[144.6362,-15.6354]},"properties":{"d":"2026-10-07","t":"0323","frp":7.1,"b":334.2,"c":1,"s":"N20","n":0}},{"type":"Feature","geometry":{"type":"Point","coordinates":[144.4389,-15.6354]},"properties":{"d":"2026-10-07","t":"0323","frp":8.9,"b":367.0,"c":2,"s":"N20","n":0}},{"type":"Feature","geometry":{"type":"Point","coordinates":[144.4427,-15.6349]},"properties":{"d":"2026-10-07","t":"0323","frp":5.1,"b":332.0,"c":1,"s":"N20","n":0}},{"type":"Feature","geometry":{"type":"Point","coordinates":[144.633,-15.6309]},"properties":{"d":"2026-10-07","t":"0323","frp":8.2,"b":340.7,"c":1,"s":"N20","n":0}},{"type":"Feature","geometry":{"type":"Point","coordinates":[144.637,-15.6304]},"properties":{"d":"2026-10-07","t":"0323","frp":8.2,"b":367.0,"c":2,"s":"N20","n":0}},{"type":"Feature","geometry":{"type":"Point","coordinates":[144.6408,-15.63]},"properties":{"d":"2026-10-07","t":"0323","frp":6.9,"b":331.8,"c":1,"s":"N20","n":0}},{"type":"Feature","geometry":{"type":"Point","coordinates":[144.6358,-15.6299]},"properties":{"d":"2026-10-07","t":"0323","frp":7.1,"b":367.0,"c":2,"s":"N20","n":0}},{"type":"Feature","geometry":{"type":"Point","coordinates":[144.4381,-15.6298]},"properties":{"d":"2026-10-07","t":"0323","frp":8.9,"b":331.6,"c":1,"s":"N20","n":0}},{"type":"Feature","geometry":{"type":"Point","coordinates":[144.6396,-15.6295]},"properties":{"d":"2026-10-07","t":"0323","frp":7.0,"b":348.1,"c":1,"s":"N20","n":0}},{"type":"Feature","geometry":{"type":"Point","coordinates":[144.4419,-15.6294]},"properties":{"d":"2026-10-07","t":"0323","frp":5.1,"b":349.4,"c":1,"s":"N20","n":0}},{"type":"Feature","geometry":{"type":"Point","coordinates":[144.4457,-15.629]},"properties":{"d":"2026-10-07","t":"0323","frp":5.1,"b":350.9,"c":1,"s":"N20","n":0}},{"type":"Feature","geometry":{"type":"Point","coordinates":[144.4222,-15.6259]},"properties":{"d":"2026-10-07","t":"0323","frp":12.5,"b":330.5,"c":1,"s":"N20","n":0}},{"type":"Feature","geometry":{"type":"Point","coordinates":[144.4261,-15.6255]},"properties":{"d":"2026-10-07","t":"0323","frp":10.8,"b":344.8,"c":1,"s":"N20","n":0}},{"type":"Feature","geometry":{"type":"Point","coordinates":[144.445,-15.6234]},"properties":{"d":"2026-10-07","t":"0323","frp":7.3,"b":367.0,"c":2,"s":"N20","n":0}},{"type":"Feature","geometry":{"type":"Point","coordinates":[144.4216,-15.6204]},"properties":{"d":"2026-10-07","t":"0323","frp":12.5,"b":355.6,"c":1,"s":"N20","n":0}},{"type":"Feature","geometry":{"type":"Point","coordinates":[144.4255,-15.6199]},"properties":{"d":"2026-10-07","t":"0323","frp":10.8,"b":345.0,"c":1,"s":"N20","n":0}},{"type":"Feature","geometry":{"type":"Point","coordinates":[144.6421,-15.6181]},"properties":{"d":"2026-10-07","t":"0323","frp":9.8,"b":354.2,"c":1,"s":"N20","n":0}},{"type":"Feature","geometry":{"type":"Point","coordinates":[144.4444,-15.6178]},"properties":{"d":"2026-10-07","t":"0323","frp":7.3,"b":339.3,"c":1,"s":"N20","n":0}},{"type":"Feature","geometry":{"type":"Point","coordinates":[144.6459,-15.6176]},"properties":{"d":"2026-10-07","t":"0323","frp":5.5,"b":352.8,"c":1,"s":"N20","n":0}},{"type":"Feature","geometry":{"type":"Point","coordinates":[144.6498,-15.6172]},"properties":{"d":"2026-10-07","t":"0323","frp":5.5,"b":336.0,"c":1,"s":"N20","n":0}},{"type":"Feature","geometry":{"type":"Point","coordinates":[144.4286,-15.614]},"properties":{"d":"2026-10-07","t":"0323","frp":8.1,"b":347.4,"c":1,"s":"N20","n":0}},{"type":"Feature","geometry":{"type":"Point","coordinates":[144.4324,-15.6135]},"properties":{"d":"2026-10-07","t":"0323","frp":5.2,"b":351.3,"c":1,"s":"N20","n":0}},{"type":"Feature","geometry":{"type":"Point","coordinates":[144.4361,-15.6131]},"properties":{"d":"2026-10-07","t":"0323","frp":5.2,"b":335.5,"c":1,"s":"N20","n":0}},{"type":"Feature","geometry":{"type":"Point","coordinates":[144.6417,-15.6126]},"properties":{"d":"2026-10-07","t":"0323","frp":31.1,"b":346.4,"c":1,"s":"N20","n":0}},{"type":"Feature","geometry":{"type":"Point","coordinates":[144.6455,-15.6121]},"properties":{"d":"2026-10-07","t":"0323","frp":21.6,"b":367.0,"c":2,"s":"N20","n":0}},{"type":"Feature","geometry":{"type":"Point","coordinates":[144.4477,-15.6119]},"properties":{"d":"2026-10-07","t":"0323","frp":5.1,"b":350.2,"c":1,"s":"N20","n":0}},{"type":"Feature","geometry":{"type":"Point","coordinates":[144.6492,-15.6117]},"properties":{"d":"2026-10-07","t":"0323","frp":21.6,"b":341.3,"c":1,"s":"N20","n":0}},{"type":"Feature","geometry":{"type":"Point","coordinates":[144.4513,-15.6114]},"properties":{"d":"2026-10-07","t":"0323","frp":5.1,"b":353.4,"c":1,"s":"N20","n":0}},{"type":"Feature","geometry":{"type":"Point","coordinates":[144.6529,-15.6113]},"properties":{"d":"2026-10-07","t":"0323","frp":6.6,"b":367.0,"c":2,"s":"N20","n":0}},{"type":"Feature","geometry":{"type":"Point","coordinates":[144.4507,-15.6059]},"properties":{"d":"2026-10-07","t":"0323","frp":5.1,"b":339.0,"c":1,"s":"N20","n":0}},{"type":"Feature","geometry":{"type":"Point","coordinates":[144.6524,-15.6058]},"properties":{"d":"2026-10-07","t":"0323","frp":6.6,"b":334.0,"c":1,"s":"N20","n":0}},{"type":"Feature","geometry":{"type":"Point","coordinates":[144.6561,-15.6054]},"properties":{"d":"2026-10-07","t":"0323","frp":6.6,"b":367.0,"c":2,"s":"N20","n":0}},{"type":"Feature","geometry":{"type":"Point","coordinates":[144.6598,-15.605]},"properties":{"d":"2026-10-07","t":"0323","frp":7.1,"b":347.8,"c":1,"s":"N20","n":0}},{"type":"Feature","geometry":{"type":"Point","coordinates":[144.6594,-15.5994]},"properties":{"d":"2026-10-07","t":"0323","frp":5.9,"b":367.0,"c":2,"s":"N20","n":0}},{"type":"Feature","geometry":{"type":"Point","coordinates":[144.6554,-15.5943]},"properties":{"d":"2026-10-07","t":"0323","frp":10.2,"b":345.4,"c":1,"s":"N20","n":0}},{"type":"Feature","geometry":{"type":"Point","coordinates":[144.659,-15.5939]},"properties":{"d":"2026-10-07","t":"0323","frp":5.9,"b":340.7,"c":1,"s":"N20","n":0}},{"type":"Feature","geometry":{"type":"Point","coordinates":[144.651,-15.5893]},"properties":{"d":"2026-10-07","t":"0323","frp":9.0,"b":337.2,"c":1,"s":"N20","n":0}},{"type":"Feature","geometry":{"type":"Point","coordinates":[144.6548,-15.5889]},"properties":{"d":"2026-10-07","t":"0323","frp":9.0,"b":367.0,"c":2,"s":"N20","n":0}},{"type":"Feature","geometry":{"type":"Point","coordinates":[144.6538,-15.5834]},"properties":{"d":"2026-10-07","t":"0323","frp":9.0,"b":367.0,"c":2,"s":"N20","n":0}},{"type":"Feature","geometry":{"type":"Point","coordinates":[144.649,-15.5784]},"properties":{"d":"2026-10-07","t":"0323","frp":19.2,"b":347.9,"c":1,"s":"N20","n":0}},{"type":"Feature","geometry":{"type":"Point","coordinates":[144.6528,-15.578]},"properties":{"d":"2026-10-07","t":"0323","frp":19.2,"b":367.0,"c":2,"s":"N20","n":0}},{"type":"Feature","geometry":{"type":"Point","coordinates":[144.6484,-15.5729]},"properties":{"d":"2026-10-07","t":"0323","frp":19.2,"b":367.0,"c":2,"s":"N20","n":0}},{"type":"Feature","geometry":{"type":"Point","coordinates":[144.6478,-15.5674]},"properties":{"d":"2026-10-07","t":"0323","frp":7.9,"b":367.0,"c":2,"s":"N20","n":0}},{"type":"Feature","geometry":{"type":"Point","coordinates":[144.6432,-15.5623]},"properties":{"d":"2026-10-07","t":"0323","frp":6.4,"b":335.2,"c":1,"s":"N20","n":0}},{"type":"Feature","geometry":{"type":"Point","coordinates":[144.6471,-15.5619]},"properties":{"d":"2026-10-07","t":"0323","frp":7.9,"b":349.1,"c":1,"s":"N20","n":0}},{"type":"Feature","geometry":{"type":"Point","coordinates":[144.6386,-15.5573]},"properties":{"d":"2026-10-07","t":"0323","frp":9.7,"b":367.0,"c":2,"s":"N20","n":0}},{"type":"Feature","geometry":{"type":"Point","coordinates":[144.6429,-15.5568]},"properties":{"d":"2026-10-07","t":"0323","frp":9.7,"b":331.2,"c":1,"s":"N20","n":0}},{"type":"Feature","geometry":{"type":"Point","coordinates":[144.6279,-15.5362]},"properties":{"d":"2026-10-07","t":"0323","frp":3.2,"b":331.8,"c":0,"s":"N20","n":0}},{"type":"Feature","geometry":{"type":"Point","coordinates":[144.6244,-15.5362]},"properties":{"d":"2026-10-07","t":"0323","frp":2.7,"b":332.3,"c":0,"s":"N20","n":0}},{"type":"Feature","geometry":{"type":"Point","coordinates":[144.6278,-15.5358]},"properties":{"d":"2026-10-07","t":"0323","frp":7.3,"b":338.5,"c":1,"s":"N20","n":0}},{"type":"Feature","geometry":{"type":"Point","coordinates":[144.6319,-15.5358]},"properties":{"d":"2026-10-07","t":"0323","frp":3.2,"b":332.8,"c":1,"s":"N20","n":0}},{"type":"Feature","geometry":{"type":"Point","coordinates":[144.6238,-15.5311]},"properties":{"d":"2026-10-07","t":"0323","frp":4.2,"b":333.8,"c":1,"s":"N20","n":0}},{"type":"Feature","geometry":{"type":"Point","coordinates":[144.6237,-15.5307]},"properties":{"d":"2026-10-07","t":"0323","frp":2.6,"b":332.3,"c":0,"s":"N20","n":0}},{"type":"Feature","geometry":{"type":"Point","coordinates":[144.6027,-15.5164]},"properties":{"d":"2026-10-07","t":"0323","frp":6.7,"b":352.8,"c":1,"s":"N20","n":0}},{"type":"Feature","geometry":{"type":"Point","coordinates":[144.61,-15.5156]},"properties":{"d":"2026-10-07","t":"0323","frp":2.9,"b":339.1,"c":1,"s":"N20","n":0}},{"type":"Feature","geometry":{"type":"Point","coordinates":[144.5571,-15.5104]},"properties":{"d":"2026-10-07","t":"0323","frp":5.8,"b":335.6,"c":1,"s":"N20","n":0}},{"type":"Feature","geometry":{"type":"Point","coordinates":[144.5607,-15.51]},"properties":{"d":"2026-10-07","t":"0323","frp":5.8,"b":367.0,"c":2,"s":"N20","n":0}},{"type":"Feature","geometry":{"type":"Point","coordinates":[144.5452,-15.5061]},"properties":{"d":"2026-10-07","t":"0323","frp":8.9,"b":341.5,"c":1,"s":"N20","n":0}},{"type":"Feature","geometry":{"type":"Point","coordinates":[144.549,-15.5057]},"properties":{"d":"2026-10-07","t":"0323","frp":11.7,"b":367.0,"c":2,"s":"N20","n":0}},{"type":"Feature","geometry":{"type":"Point","coordinates":[144.5527,-15.5053]},"properties":{"d":"2026-10-07","t":"0323","frp":11.7,"b":367.0,"c":2,"s":"N20","n":0}},{"type":"Feature","geometry":{"type":"Point","coordinates":[145.0106,-15.2982]},"properties":{"d":"2026-10-07","t":"0323","frp":2.3,"b":331.6,"c":1,"s":"N20","n":0}},{"type":"Feature","geometry":{"type":"Point","coordinates":[145.0129,-15.2871]},"properties":{"d":"2026-10-07","t":"0323","frp":5.3,"b":347.4,"c":1,"s":"N20","n":0}},{"type":"Feature","geometry":{"type":"Point","coordinates":[144.43,-15.2616]},"properties":{"d":"2026-10-07","t":"0323","frp":3.7,"b":334.1,"c":1,"s":"N20","n":0}},{"type":"Feature","geometry":{"type":"Point","coordinates":[141.9036,-14.984]},"properties":{"d":"2026-10-07","t":"0323","frp":4.6,"b":333.2,"c":1,"s":"N20","n":0}},{"type":"Feature","geometry":{"type":"Point","coordinates":[141.9083,-14.9839]},"properties":{"d":"2026-10-07","t":"0323","frp":4.8,"b":331.0,"c":0,"s":"N20","n":0}},{"type":"Feature","geometry":{"type":"Point","coordinates":[143.8565,-14.8109]},"properties":{"d":"2026-10-07","t":"0323","frp":9.9,"b":367.0,"c":2,"s":"N20","n":0}},{"type":"Feature","geometry":{"type":"Point","coordinates":[144.5076,-14.8059]},"properties":{"d":"2026-10-07","t":"0323","frp":4.7,"b":342.2,"c":1,"s":"N20","n":0}},{"type":"Feature","geometry":{"type":"Point","coordinates":[143.8559,-14.8051]},"properties":{"d":"2026-10-07","t":"0323","frp":11.5,"b":367.0,"c":2,"s":"N20","n":0}},{"type":"Feature","geometry":{"type":"Point","coordinates":[144.5082,-14.805]},"properties":{"d":"2026-10-07","t":"0323","frp":3.7,"b":341.0,"c":1,"s":"N20","n":0}},{"type":"Feature","geometry":{"type":"Point","coordinates":[143.8599,-14.8047]},"properties":{"d":"2026-10-07","t":"0323","frp":4.1,"b":332.1,"c":1,"s":"N20","n":0}},{"type":"Feature","geometry":{"type":"Point","coordinates":[143.8269,-14.8025]},"properties":{"d":"2026-10-07","t":"0323","frp":1.9,"b":331.1,"c":0,"s":"N20","n":0}},{"type":"Feature","geometry":{"type":"Point","coordinates":[144.5143,-14.7997]},"properties":{"d":"2026-10-07","t":"0323","frp":7.2,"b":345.2,"c":1,"s":"N20","n":0}},{"type":"Feature","geometry":{"type":"Point","coordinates":[144.5179,-14.7993]},"properties":{"d":"2026-10-07","t":"0323","frp":4.1,"b":347.1,"c":1,"s":"N20","n":0}},{"type":"Feature","geometry":{"type":"Point","coordinates":[143.8592,-14.799]},"properties":{"d":"2026-10-07","t":"0323","frp":4.1,"b":351.4,"c":1,"s":"N20","n":0}},{"type":"Feature","geometry":{"type":"Point","coordinates":[144.5216,-14.7988]},"properties":{"d":"2026-10-07","t":"0323","frp":4.1,"b":337.7,"c":1,"s":"N20","n":0}},{"type":"Feature","geometry":{"type":"Point","coordinates":[144.5149,-14.7986]},"properties":{"d":"2026-10-07","t":"0323","frp":6.0,"b":351.9,"c":1,"s":"N20","n":0}},{"type":"Feature","geometry":{"type":"Point","coordinates":[144.5185,-14.7982]},"properties":{"d":"2026-10-07","t":"0323","frp":4.9,"b":341.7,"c":1,"s":"N20","n":0}},{"type":"Feature","geometry":{"type":"Point","coordinates":[144.5222,-14.7978]},"properties":{"d":"2026-10-07","t":"0323","frp":4.9,"b":340.8,"c":1,"s":"N20","n":0}},{"type":"Feature","geometry":{"type":"Point","coordinates":[143.8262,-14.7968]},"properties":{"d":"2026-10-07","t":"0323","frp":1.8,"b":332.9,"c":1,"s":"N20","n":0}},{"type":"Feature","geometry":{"type":"Point","coordinates":[143.8586,-14.7933]},"properties":{"d":"2026-10-07","t":"0323","frp":4.2,"b":349.1,"c":1,"s":"N20","n":0}},{"type":"Feature","geometry":{"type":"Point","coordinates":[144.5246,-14.793]},"properties":{"d":"2026-10-07","t":"0323","frp":6.3,"b":339.6,"c":1,"s":"N20","n":0}},{"type":"Feature","geometry":{"type":"Point","coordinates":[144.5282,-14.7926]},"properties":{"d":"2026-10-07","t":"0323","frp":6.3,"b":344.8,"c":1,"s":"N20","n":0}},{"type":"Feature","geometry":{"type":"Point","coordinates":[144.5252,-14.7919]},"properties":{"d":"2026-10-07","t":"0323","frp":8.0,"b":343.9,"c":1,"s":"N20","n":0}},{"type":"Feature","geometry":{"type":"Point","coordinates":[143.8579,-14.7875]},"properties":{"d":"2026-10-07","t":"0323","frp":4.2,"b":335.6,"c":1,"s":"N20","n":0}},{"type":"Feature","geometry":{"type":"Point","coordinates":[143.862,-14.7871]},"properties":{"d":"2026-10-07","t":"0323","frp":4.2,"b":336.4,"c":1,"s":"N20","n":0}},{"type":"Feature","geometry":{"type":"Point","coordinates":[144.5276,-14.7871]},"properties":{"d":"2026-10-07","t":"0323","frp":6.3,"b":354.0,"c":1,"s":"N20","n":0}},{"type":"Feature","geometry":{"type":"Point","coordinates":[144.5312,-14.7867]},"properties":{"d":"2026-10-07","t":"0323","frp":6.9,"b":367.0,"c":2,"s":"N20","n":0}},{"type":"Feature","geometry":{"type":"Point","coordinates":[144.5246,-14.7864]},"properties":{"d":"2026-10-07","t":"0323","frp":14.1,"b":337.0,"c":1,"s":"N20","n":0}},{"type":"Feature","geometry":{"type":"Point","coordinates":[144.5282,-14.786]},"properties":{"d":"2026-10-07","t":"0323","frp":14.1,"b":338.4,"c":1,"s":"N20","n":0}},{"type":"Feature","geometry":{"type":"Point","coordinates":[144.5318,-14.7856]},"properties":{"d":"2026-10-07","t":"0323","frp":14.7,"b":367.0,"c":2,"s":"N20","n":0}},{"type":"Feature","geometry":{"type":"Point","coordinates":[143.8289,-14.7849]},"properties":{"d":"2026-10-07","t":"0323","frp":18.8,"b":352.7,"c":1,"s":"N20","n":0}},{"type":"Feature","geometry":{"type":"Point","coordinates":[143.833,-14.7845]},"properties":{"d":"2026-10-07","t":"0323","frp":8.6,"b":367.0,"c":2,"s":"N20","n":0}},{"type":"Feature","geometry":{"type":"Point","coordinates":[143.8314,-14.7831]},"properties":{"d":"2026-10-07","t":"0323","frp":15.8,"b":367.0,"c":2,"s":"N20","n":0}},{"type":"Feature","geometry":{"type":"Point","coordinates":[144.8218,-14.7821]},"properties":{"d":"2026-10-07","t":"0323","frp":2.3,"b":339.3,"c":1,"s":"N20","n":0}},{"type":"Feature","geometry":{"type":"Point","coordinates":[144.8356,-14.7805]},"properties":{"d":"2026-10-07","t":"0323","frp":2.5,"b":330.7,"c":1,"s":"N20","n":0}},{"type":"Feature","geometry":{"type":"Point","coordinates":[144.5276,-14.7805]},"properties":{"d":"2026-10-07","t":"0323","frp":14.1,"b":343.1,"c":1,"s":"N20","n":0}},{"type":"Feature","geometry":{"type":"Point","coordinates":[144.5312,-14.7801]},"properties":{"d":"2026-10-07","t":"0323","frp":14.7,"b":349.5,"c":1,"s":"N20","n":0}},{"type":"Feature","geometry":{"type":"Point","coordinates":[143.8323,-14.7787]},"properties":{"d":"2026-10-07","t":"0323","frp":8.6,"b":335.9,"c":1,"s":"N20","n":0}},{"type":"Feature","geometry":{"type":"Point","coordinates":[144.8213,-14.7767]},"properties":{"d":"2026-10-07","t":"0323","frp":2.3,"b":331.4,"c":1,"s":"N20","n":0}},{"type":"Feature","geometry":{"type":"Point","coordinates":[144.5306,-14.7746]},"properties":{"d":"2026-10-07","t":"0323","frp":13.2,"b":354.8,"c":1,"s":"N20","n":0}},{"type":"Feature","geometry":{"type":"Point","coordinates":[144.5342,-14.7742]},"properties":{"d":"2026-10-07","t":"0323","frp":13.2,"b":367.0,"c":2,"s":"N20","n":0}},{"type":"Feature","geometry":{"type":"Point","coordinates":[143.859,-14.7742]},"properties":{"d":"2026-10-07","t":"0323","frp":3.8,"b":331.6,"c":0,"s":"N20","n":0}},{"type":"Feature","geometry":{"type":"Point","coordinates":[144.5378,-14.7738]},"properties":{"d":"2026-10-07","t":"0323","frp":5.8,"b":342.2,"c":1,"s":"N20","n":0}},{"type":"Feature","geometry":{"type":"Point","coordinates":[144.5415,-14.7733]},"properties":{"d":"2026-10-07","t":"0323","frp":5.8,"b":338.8,"c":1,"s":"N20","n":0}},{"type":"Feature","geometry":{"type":"Point","coordinates":[144.5451,-14.7729]},"properties":{"d":"2026-10-07","t":"0323","frp":7.0,"b":367.0,"c":2,"s":"N20","n":0}},{"type":"Feature","geometry":{"type":"Point","coordinates":[143.8356,-14.7726]},"properties":{"d":"2026-10-07","t":"0323","frp":1.7,"b":332.3,"c":0,"s":"N20","n":0}},{"type":"Feature","geometry":{"type":"Point","coordinates":[144.5487,-14.7725]},"properties":{"d":"2026-10-07","t":"0323","frp":7.0,"b":338.9,"c":1,"s":"N20","n":0}},{"type":"Feature","geometry":{"type":"Point","coordinates":[143.8382,-14.7707]},"properties":{"d":"2026-10-07","t":"0323","frp":1.7,"b":331.5,"c":0,"s":"N20","n":0}},{"type":"Feature","geometry":{"type":"Point","coordinates":[144.8051,-14.77]},"properties":{"d":"2026-10-07","t":"0323","frp":2.3,"b":332.8,"c":1,"s":"N20","n":0}},{"type":"Feature","geometry":{"type":"Point","coordinates":[143.8599,-14.77]},"properties":{"d":"2026-10-07","t":"0323","frp":4.1,"b":344.0,"c":1,"s":"N20","n":0}},{"type":"Feature","geometry":{"type":"Point","coordinates":[144.8082,-14.7696]},"properties":{"d":"2026-10-07","t":"0323","frp":2.3,"b":334.0,"c":1,"s":"N20","n":0}},{"type":"Feature","geometry":{"type":"Point","coordinates":[143.8584,-14.7684]},"properties":{"d":"2026-10-07","t":"0323","frp":3.2,"b":342.0,"c":1,"s":"N20","n":0}},{"type":"Feature","geometry":{"type":"Point","coordinates":[144.5481,-14.767]},"properties":{"d":"2026-10-07","t":"0323","frp":7.0,"b":367.0,"c":2,"s":"N20","n":0}},{"type":"Feature","geometry":{"type":"Point","coordinates":[144.8041,-14.7646]},"properties":{"d":"2026-10-07","t":"0323","frp":4.3,"b":340.3,"c":1,"s":"N20","n":0}},{"type":"Feature","geometry":{"type":"Point","coordinates":[144.8074,-14.7643]},"properties":{"d":"2026-10-07","t":"0323","frp":4.3,"b":340.4,"c":1,"s":"N20","n":0}},{"type":"Feature","geometry":{"type":"Point","coordinates":[143.8593,-14.7643]},"properties":{"d":"2026-10-07","t":"0323","frp":4.1,"b":333.0,"c":1,"s":"N20","n":0}},{"type":"Feature","geometry":{"type":"Point","coordinates":[144.8372,-14.7641]},"properties":{"d":"2026-10-07","t":"0323","frp":3.3,"b":340.3,"c":1,"s":"N20","n":0}},{"type":"Feature","geometry":{"type":"Point","coordinates":[143.8578,-14.7627]},"properties":{"d":"2026-10-07","t":"0323","frp":3.2,"b":340.8,"c":1,"s":"N20","n":0}},{"type":"Feature","geometry":{"type":"Point","coordinates":[144.8068,-14.762]},"properties":{"d":"2026-10-07","t":"0323","frp":11.8,"b":356.7,"c":1,"s":"N20","n":0}},{"type":"Feature","geometry":{"type":"Point","coordinates":[144.5512,-14.7612]},"properties":{"d":"2026-10-07","t":"0323","frp":2.5,"b":335.5,"c":1,"s":"N20","n":0}},{"type":"Feature","geometry":{"type":"Point","coordinates":[143.8368,-14.7593]},"properties":{"d":"2026-10-07","t":"0323","frp":4.5,"b":334.1,"c":1,"s":"N20","n":0}},{"type":"Feature","geometry":{"type":"Point","coordinates":[144.8508,-14.7591]},"properties":{"d":"2026-10-07","t":"0323","frp":2.1,"b":331.9,"c":1,"s":"N20","n":0}},{"type":"Feature","geometry":{"type":"Point","coordinates":[144.8331,-14.7591]},"properties":{"d":"2026-10-07","t":"0323","frp":1.9,"b":334.3,"c":1,"s":"N20","n":0}},{"type":"Feature","geometry":{"type":"Point","coordinates":[144.8067,-14.7589]},"properties":{"d":"2026-10-07","t":"0323","frp":4.3,"b":338.4,"c":1,"s":"N20","n":0}},{"type":"Feature","geometry":{"type":"Point","coordinates":[143.8586,-14.7585]},"properties":{"d":"2026-10-07","t":"0323","frp":3.1,"b":331.6,"c":1,"s":"N20","n":0}},{"type":"Feature","geometry":{"type":"Point","coordinates":[144.8099,-14.7585]},"properties":{"d":"2026-10-07","t":"0323","frp":5.2,"b":342.1,"c":1,"s":"N20","n":0}},{"type":"Feature","geometry":{"type":"Point","coordinates":[144.8131,-14.7582]},"properties":{"d":"2026-10-07","t":"0323","frp":5.2,"b":342.9,"c":1,"s":"N20","n":0}},{"type":"Feature","geometry":{"type":"Point","coordinates":[143.8626,-14.7581]},"properties":{"d":"2026-10-07","t":"0323","frp":2.6,"b":330.6,"c":1,"s":"N20","n":0}},{"type":"Feature","geometry":{"type":"Point","coordinates":[143.8611,-14.7566]},"properties":{"d":"2026-10-07","t":"0323","frp":3.8,"b":332.5,"c":1,"s":"N20","n":0}},{"type":"Feature","geometry":{"type":"Point","coordinates":[144.8093,-14.7563]},"properties":{"d":"2026-10-07","t":"0323","frp":6.4,"b":331.2,"c":1,"s":"N20","n":0}},{"type":"Feature","geometry":{"type":"Point","coordinates":[144.8124,-14.7559]},"properties":{"d":"2026-10-07","t":"0323","frp":6.4,"b":354.0,"c":1,"s":"N20","n":0}},{"type":"Feature","geometry":{"type":"Point","coordinates":[144.5505,-14.7557]},"properties":{"d":"2026-10-07","t":"0323","frp":2.5,"b":332.3,"c":1,"s":"N20","n":0}},{"type":"Feature","geometry":{"type":"Point","coordinates":[143.8376,-14.755]},"properties":{"d":"2026-10-07","t":"0323","frp":2.3,"b":337.7,"c":1,"s":"N20","n":0}},{"type":"Feature","geometry":{"type":"Point","coordinates":[143.8619,-14.7524]},"properties":{"d":"2026-10-07","t":"0323","frp":2.6,"b":338.9,"c":1,"s":"N20","n":0}},{"type":"Feature","geometry":{"type":"Point","coordinates":[143.8604,-14.7508]},"properties":{"d":"2026-10-07","t":"0323","frp":3.8,"b":342.5,"c":1,"s":"N20","n":0}},{"type":"Feature","geometry":{"type":"Point","coordinates":[143.8598,-14.7451]},"properties":{"d":"2026-10-07","t":"0323","frp":2.8,"b":340.8,"c":1,"s":"N20","n":0}},{"type":"Feature","geometry":{"type":"Point","coordinates":[143.8389,-14.7417]},"properties":{"d":"2026-10-07","t":"0323","frp":2.8,"b":338.0,"c":1,"s":"N20","n":0}},{"type":"Feature","geometry":{"type":"Point","coordinates":[143.8617,-14.7275]},"properties":{"d":"2026-10-07","t":"0323","frp":9.4,"b":367.0,"c":2,"s":"N20","n":0}},{"type":"Feature","geometry":{"type":"Point","coordinates":[143.8644,-14.7157]},"properties":{"d":"2026-10-07","t":"0323","frp":9.3,"b":335.2,"c":1,"s":"N20","n":0}},{"type":"Feature","geometry":{"type":"Point","coordinates":[143.8684,-14.7152]},"properties":{"d":"2026-10-07","t":"0323","frp":9.3,"b":367.0,"c":2,"s":"N20","n":0}},{"type":"Feature","geometry":{"type":"Point","coordinates":[143.8274,-14.714]},"properties":{"d":"2026-10-07","t":"0323","frp":8.7,"b":346.8,"c":1,"s":"N20","n":0}},{"type":"Feature","geometry":{"type":"Point","coordinates":[143.8315,-14.7135]},"properties":{"d":"2026-10-07","t":"0323","frp":4.6,"b":332.7,"c":1,"s":"N20","n":0}},{"type":"Feature","geometry":{"type":"Point","coordinates":[143.8677,-14.7095]},"properties":{"d":"2026-10-07","t":"0323","frp":4.4,"b":330.8,"c":1,"s":"N20","n":0}},{"type":"Feature","geometry":{"type":"Point","coordinates":[144.5782,-14.7083]},"properties":{"d":"2026-10-07","t":"0323","frp":5.4,"b":341.2,"c":1,"s":"N20","n":0}},{"type":"Feature","geometry":{"type":"Point","coordinates":[144.5819,-14.7079]},"properties":{"d":"2026-10-07","t":"0323","frp":5.9,"b":346.9,"c":1,"s":"N20","n":0}},{"type":"Feature","geometry":{"type":"Point","coordinates":[143.818,-14.7034]},"properties":{"d":"2026-10-07","t":"0323","frp":6.8,"b":347.5,"c":1,"s":"N20","n":0}},{"type":"Feature","geometry":{"type":"Point","coordinates":[143.8221,-14.703]},"properties":{"d":"2026-10-07","t":"0323","frp":5.7,"b":338.1,"c":1,"s":"N20","n":0}},{"type":"Feature","geometry":{"type":"Point","coordinates":[144.5777,-14.7028]},"properties":{"d":"2026-10-07","t":"0323","frp":12.6,"b":367.0,"c":2,"s":"N20","n":0}},{"type":"Feature","geometry":{"type":"Point","coordinates":[144.5813,-14.7024]},"properties":{"d":"2026-10-07","t":"0323","frp":6.3,"b":367.0,"c":2,"s":"N20","n":0}},{"type":"Feature","geometry":{"type":"Point","coordinates":[144.5848,-14.702]},"properties":{"d":"2026-10-07","t":"0323","frp":6.3,"b":330.5,"c":1,"s":"N20","n":0}},{"type":"Feature","geometry":{"type":"Point","coordinates":[143.8342,-14.7016]},"properties":{"d":"2026-10-07","t":"0323","frp":4.3,"b":333.1,"c":1,"s":"N20","n":0}},{"type":"Feature","geometry":{"type":"Point","coordinates":[143.8664,-14.6981]},"properties":{"d":"2026-10-07","t":"0323","frp":9.4,"b":347.8,"c":1,"s":"N20","n":0}},{"type":"Feature","geometry":{"type":"Point","coordinates":[143.8704,-14.6977]},"properties":{"d":"2026-10-07","t":"0323","frp":6.4,"b":367.0,"c":2,"s":"N20","n":0}},{"type":"Feature","geometry":{"type":"Point","coordinates":[143.8698,-14.692]},"properties":{"d":"2026-10-07","t":"0323","frp":6.4,"b":335.5,"c":1,"s":"N20","n":0}},{"type":"Feature","geometry":{"type":"Point","coordinates":[143.8565,-14.6818]},"properties":{"d":"2026-10-07","t":"0323","frp":3.0,"b":335.4,"c":1,"s":"N20","n":0}},{"type":"Feature","geometry":{"type":"Point","coordinates":[143.8552,-14.6704]},"properties":{"d":"2026-10-07","t":"0323","frp":5.7,"b":342.9,"c":1,"s":"N20","n":0}},{"type":"Feature","geometry":{"type":"Point","coordinates":[143.8591,-14.67]},"properties":{"d":"2026-10-07","t":"0323","frp":4.7,"b":339.2,"c":1,"s":"N20","n":0}},{"type":"Feature","geometry":{"type":"Point","coordinates":[143.8564,-14.6681]},"properties":{"d":"2026-10-07","t":"0323","frp":9.6,"b":367.0,"c":2,"s":"N20","n":0}},{"type":"Feature","geometry":{"type":"Point","coordinates":[143.8585,-14.6643]},"properties":{"d":"2026-10-07","t":"0323","frp":2.6,"b":332.4,"c":1,"s":"N20","n":0}},{"type":"Feature","geometry":{"type":"Point","coordinates":[143.8558,-14.6624]},"properties":{"d":"2026-10-07","t":"0323","frp":4.4,"b":333.4,"c":1,"s":"N20","n":0}},{"type":"Feature","geometry":{"type":"Point","coordinates":[143.8531,-14.6533]},"properties":{"d":"2026-10-07","t":"0323","frp":3.4,"b":334.0,"c":1,"s":"N20","n":0}},{"type":"Feature","geometry":{"type":"Point","coordinates":[143.8545,-14.651]},"properties":{"d":"2026-10-07","t":"0323","frp":4.4,"b":336.3,"c":1,"s":"N20","n":0}},{"type":"Feature","geometry":{"type":"Point","coordinates":[143.8524,-14.6476]},"properties":{"d":"2026-10-07","t":"0323","frp":3.4,"b":340.9,"c":1,"s":"N20","n":0}},{"type":"Feature","geometry":{"type":"Point","coordinates":[143.8498,-14.6457]},"properties":{"d":"2026-10-07","t":"0323","frp":4.4,"b":336.0,"c":1,"s":"N20","n":0}},{"type":"Feature","geometry":{"type":"Point","coordinates":[144.4516,-14.3028]},"properties":{"d":"2026-10-07","t":"0323","frp":4.9,"b":330.9,"c":1,"s":"N20","n":0}},{"type":"Feature","geometry":{"type":"Point","coordinates":[144.4531,-14.286]},"properties":{"d":"2026-10-07","t":"0323","frp":6.6,"b":335.5,"c":1,"s":"N20","n":0}},{"type":"Feature","geometry":{"type":"Point","coordinates":[144.4491,-14.2855]},"properties":{"d":"2026-10-07","t":"0323","frp":4.4,"b":330.9,"c":0,"s":"N20","n":0}},{"type":"Feature","geometry":{"type":"Point","coordinates":[144.4524,-14.2805]},"properties":{"d":"2026-10-07","t":"0323","frp":4.2,"b":331.5,"c":1,"s":"N20","n":0}},{"type":"Feature","geometry":{"type":"Point","coordinates":[144.452,-14.2796]},"properties":{"d":"2026-10-07","t":"0323","frp":4.4,"b":333.7,"c":1,"s":"N20","n":0}},{"type":"Feature","geometry":{"type":"Point","coordinates":[144.448,-14.2755]},"properties":{"d":"2026-10-07","t":"0323","frp":4.2,"b":349.3,"c":1,"s":"N20","n":0}},{"type":"Feature","geometry":{"type":"Point","coordinates":[144.4518,-14.2751]},"properties":{"d":"2026-10-07","t":"0323","frp":4.2,"b":343.0,"c":1,"s":"N20","n":0}},{"type":"Feature","geometry":{"type":"Point","coordinates":[144.4478,-14.2746]},"properties":{"d":"2026-10-07","t":"0323","frp":4.1,"b":353.2,"c":1,"s":"N20","n":0}},{"type":"Feature","geometry":{"type":"Point","coordinates":[144.4515,-14.2742]},"properties":{"d":"2026-10-07","t":"0323","frp":4.1,"b":335.6,"c":1,"s":"N20","n":0}},{"type":"Feature","geometry":{"type":"Point","coordinates":[143.2995,-14.0541]},"properties":{"d":"2026-10-07","t":"0323","frp":3.6,"b":340.7,"c":1,"s":"N20","n":0}},{"type":"Feature","geometry":{"type":"Point","coordinates":[143.2945,-14.0487]},"properties":{"d":"2026-10-07","t":"0323","frp":3.6,"b":330.8,"c":0,"s":"N20","n":0}},{"type":"Feature","geometry":{"type":"Point","coordinates":[141.8875,-13.6691]},"properties":{"d":"2026-10-07","t":"0323","frp":5.1,"b":332.3,"c":1,"s":"N20","n":0}},{"type":"Feature","geometry":{"type":"Point","coordinates":[141.8927,-13.6686]},"properties":{"d":"2026-10-07","t":"0323","frp":7.3,"b":335.6,"c":1,"s":"N20","n":0}},{"type":"Feature","geometry":{"type":"Point","coordinates":[141.9176,-13.653]},"properties":{"d":"2026-10-07","t":"0323","frp":9.0,"b":337.8,"c":1,"s":"N20","n":0}},{"type":"Feature","geometry":{"type":"Point","coordinates":[141.9158,-13.6338]},"properties":{"d":"2026-10-07","t":"0323","frp":5.9,"b":341.5,"c":1,"s":"N20","n":0}},{"type":"Feature","geometry":{"type":"Point","coordinates":[143.1842,-13.5895]},"properties":{"d":"2026-10-07","t":"0323","frp":4.8,"b":345.6,"c":1,"s":"N20","n":0}},{"type":"Feature","geometry":{"type":"Point","coordinates":[143.1885,-13.589]},"properties":{"d":"2026-10-07","t":"0323","frp":4.8,"b":349.8,"c":1,"s":"N20","n":0}},{"type":"Feature","geometry":{"type":"Point","coordinates":[143.1428,-13.5062]},"properties":{"d":"2026-10-07","t":"0323","frp":8.6,"b":367.0,"c":2,"s":"N20","n":0}},{"type":"Feature","geometry":{"type":"Point","coordinates":[143.1464,-13.5058]},"properties":{"d":"2026-10-07","t":"0323","frp":8.6,"b":367.0,"c":2,"s":"N20","n":0}},{"type":"Feature","geometry":{"type":"Point","coordinates":[143.1503,-13.5053]},"properties":{"d":"2026-10-07","t":"0323","frp":8.2,"b":343.4,"c":1,"s":"N20","n":0}},{"type":"Feature","geometry":{"type":"Point","coordinates":[143.1455,-13.4999]},"properties":{"d":"2026-10-07","t":"0323","frp":8.6,"b":332.9,"c":1,"s":"N20","n":0}},{"type":"Feature","geometry":{"type":"Point","coordinates":[143.1495,-13.4995]},"properties":{"d":"2026-10-07","t":"0323","frp":8.2,"b":348.6,"c":1,"s":"N20","n":0}},{"type":"Feature","geometry":{"type":"Point","coordinates":[143.1535,-13.499]},"properties":{"d":"2026-10-07","t":"0323","frp":8.2,"b":337.3,"c":1,"s":"N20","n":0}},{"type":"Feature","geometry":{"type":"Point","coordinates":[143.1577,-13.4986]},"properties":{"d":"2026-10-07","t":"0323","frp":16.2,"b":367.0,"c":2,"s":"N20","n":0}},{"type":"Feature","geometry":{"type":"Point","coordinates":[143.162,-13.4981]},"properties":{"d":"2026-10-07","t":"0323","frp":16.2,"b":367.0,"c":2,"s":"N20","n":0}},{"type":"Feature","geometry":{"type":"Point","coordinates":[143.1662,-13.4976]},"properties":{"d":"2026-10-07","t":"0323","frp":9.5,"b":350.2,"c":1,"s":"N20","n":0}},{"type":"Feature","geometry":{"type":"Point","coordinates":[143.1612,-13.4922]},"properties":{"d":"2026-10-07","t":"0323","frp":8.4,"b":335.1,"c":1,"s":"N20","n":0}},{"type":"Feature","geometry":{"type":"Point","coordinates":[143.1654,-13.4917]},"properties":{"d":"2026-10-07","t":"0323","frp":8.4,"b":346.0,"c":1,"s":"N20","n":0}},{"type":"Feature","geometry":{"type":"Point","coordinates":[143.1697,-13.4913]},"properties":{"d":"2026-10-07","t":"0323","frp":8.4,"b":355.1,"c":1,"s":"N20","n":0}},{"type":"Feature","geometry":{"type":"Point","coordinates":[143.1646,-13.4859]},"properties":{"d":"2026-10-07","t":"0323","frp":8.4,"b":336.7,"c":1,"s":"N20","n":0}},{"type":"Feature","geometry":{"type":"Point","coordinates":[143.1689,-13.4854]},"properties":{"d":"2026-10-07","t":"0323","frp":8.4,"b":367.0,"c":2,"s":"N20","n":0}},{"type":"Feature","geometry":{"type":"Point","coordinates":[143.1705,-13.4803]},"properties":{"d":"2026-10-07","t":"0323","frp":11.9,"b":367.0,"c":2,"s":"N20","n":0}},{"type":"Feature","geometry":{"type":"Point","coordinates":[143.1682,-13.4795]},"properties":{"d":"2026-10-07","t":"0323","frp":14.3,"b":333.6,"c":1,"s":"N20","n":0}},{"type":"Feature","geometry":{"type":"Point","coordinates":[143.1725,-13.479]},"properties":{"d":"2026-10-07","t":"0323","frp":7.2,"b":367.0,"c":2,"s":"N20","n":0}},{"type":"Feature","geometry":{"type":"Point","coordinates":[143.1698,-13.4744]},"properties":{"d":"2026-10-07","t":"0323","frp":11.9,"b":342.1,"c":1,"s":"N20","n":0}},{"type":"Feature","geometry":{"type":"Point","coordinates":[143.1717,-13.4732]},"properties":{"d":"2026-10-07","t":"0323","frp":7.2,"b":341.8,"c":1,"s":"N20","n":0}},{"type":"Feature","geometry":{"type":"Point","coordinates":[143.1691,-13.4686]},"properties":{"d":"2026-10-07","t":"0323","frp":4.4,"b":341.6,"c":1,"s":"N20","n":0}},{"type":"Feature","geometry":{"type":"Point","coordinates":[143.1407,-13.4122]},"properties":{"d":"2026-10-07","t":"0323","frp":8.0,"b":367.0,"c":2,"s":"N20","n":0}},{"type":"Feature","geometry":{"type":"Point","coordinates":[142.0045,-13.1158]},"properties":{"d":"2026-10-07","t":"0323","frp":3.7,"b":331.0,"c":0,"s":"N20","n":0}},{"type":"Feature","geometry":{"type":"Point","coordinates":[142.0039,-13.1095]},"properties":{"d":"2026-10-07","t":"0323","frp":3.7,"b":336.6,"c":1,"s":"N20","n":0}},{"type":"Feature","geometry":{"type":"Point","coordinates":[142.009,-13.109]},"properties":{"d":"2026-10-07","t":"0323","frp":3.7,"b":332.9,"c":0,"s":"N20","n":0}},{"type":"Feature","geometry":{"type":"Point","coordinates":[142.0367,-13.0805]},"properties":{"d":"2026-10-07","t":"0323","frp":7.6,"b":349.2,"c":1,"s":"N20","n":0}},{"type":"Feature","geometry":{"type":"Point","coordinates":[142.0292,-13.0777]},"properties":{"d":"2026-10-07","t":"0323","frp":17.9,"b":340.1,"c":1,"s":"N20","n":0}},{"type":"Feature","geometry":{"type":"Point","coordinates":[142.0341,-13.0771]},"properties":{"d":"2026-10-07","t":"0323","frp":27.4,"b":367.0,"c":2,"s":"N20","n":0}},{"type":"Feature","geometry":{"type":"Point","coordinates":[142.0311,-13.0747]},"properties":{"d":"2026-10-07","t":"0323","frp":10.9,"b":356.2,"c":1,"s":"N20","n":0}},{"type":"Feature","geometry":{"type":"Point","coordinates":[142.0361,-13.0742]},"properties":{"d":"2026-10-07","t":"0323","frp":10.9,"b":355.1,"c":1,"s":"N20","n":0}},{"type":"Feature","geometry":{"type":"Point","coordinates":[142.0373,-13.0576]},"properties":{"d":"2026-10-07","t":"0323","frp":5.8,"b":332.9,"c":0,"s":"N20","n":0}},{"type":"Feature","geometry":{"type":"Point","coordinates":[142.0392,-13.0548]},"properties":{"d":"2026-10-07","t":"0323","frp":4.4,"b":339.4,"c":1,"s":"N20","n":0}},{"type":"Feature","geometry":{"type":"Point","coordinates":[141.7276,-13.0538]},"properties":{"d":"2026-10-07","t":"0323","frp":12.9,"b":367.0,"c":2,"s":"N20","n":0}},{"type":"Feature","geometry":{"type":"Point","coordinates":[141.7329,-13.0533]},"properties":{"d":"2026-10-07","t":"0323","frp":12.9,"b":348.9,"c":1,"s":"N20","n":0}},{"type":"Feature","geometry":{"type":"Point","coordinates":[141.727,-13.0474]},"properties":{"d":"2026-10-07","t":"0323","frp":12.9,"b":367.0,"c":2,"s":"N20","n":0}},{"type":"Feature","geometry":{"type":"Point","coordinates":[142.036,-13.0451]},"properties":{"d":"2026-10-07","t":"0323","frp":6.7,"b":335.8,"c":1,"s":"N20","n":0}},{"type":"Feature","geometry":{"type":"Point","coordinates":[142.0329,-13.0427]},"properties":{"d":"2026-10-07","t":"0323","frp":7.5,"b":348.2,"c":1,"s":"N20","n":0}},{"type":"Feature","geometry":{"type":"Point","coordinates":[142.0304,-13.0393]},"properties":{"d":"2026-10-07","t":"0323","frp":6.7,"b":348.4,"c":1,"s":"N20","n":0}},{"type":"Feature","geometry":{"type":"Point","coordinates":[142.3757,-12.9256]},"properties":{"d":"2026-10-07","t":"0323","frp":12.7,"b":355.2,"c":1,"s":"N20","n":0}},{"type":"Feature","geometry":{"type":"Point","coordinates":[142.3742,-12.9255]},"properties":{"d":"2026-10-07","t":"0323","frp":14.7,"b":349.3,"c":1,"s":"N20","n":0}},{"type":"Feature","geometry":{"type":"Point","coordinates":[142.3805,-12.925]},"properties":{"d":"2026-10-07","t":"0323","frp":12.7,"b":367.0,"c":2,"s":"N20","n":0}},{"type":"Feature","geometry":{"type":"Point","coordinates":[142.379,-12.925]},"properties":{"d":"2026-10-07","t":"0323","frp":19.6,"b":367.0,"c":2,"s":"N20","n":0}},{"type":"Feature","geometry":{"type":"Point","coordinates":[143.3301,-12.8253]},"properties":{"d":"2026-10-07","t":"0323","frp":7.9,"b":334.7,"c":1,"s":"N20","n":0}},{"type":"Feature","geometry":{"type":"Point","coordinates":[143.3316,-12.8241]},"properties":{"d":"2026-10-07","t":"0323","frp":7.2,"b":334.9,"c":1,"s":"N20","n":0}},{"type":"Feature","geometry":{"type":"Point","coordinates":[143.3253,-12.82]},"properties":{"d":"2026-10-07","t":"0323","frp":9.2,"b":348.3,"c":1,"s":"N20","n":0}},{"type":"Feature","geometry":{"type":"Point","coordinates":[143.3294,-12.8196]},"properties":{"d":"2026-10-07","t":"0323","frp":7.9,"b":346.4,"c":1,"s":"N20","n":0}},{"type":"Feature","geometry":{"type":"Point","coordinates":[143.3335,-12.8191]},"properties":{"d":"2026-10-07","t":"0323","frp":7.9,"b":367.0,"c":2,"s":"N20","n":0}},{"type":"Feature","geometry":{"type":"Point","coordinates":[143.3269,-12.8188]},"properties":{"d":"2026-10-07","t":"0323","frp":15.2,"b":349.2,"c":1,"s":"N20","n":0}},{"type":"Feature","geometry":{"type":"Point","coordinates":[143.331,-12.8184]},"properties":{"d":"2026-10-07","t":"0323","frp":7.2,"b":367.0,"c":2,"s":"N20","n":0}},{"type":"Feature","geometry":{"type":"Point","coordinates":[143.3351,-12.8178]},"properties":{"d":"2026-10-07","t":"0323","frp":7.2,"b":338.1,"c":1,"s":"N20","n":0}},{"type":"Feature","geometry":{"type":"Point","coordinates":[143.3689,-12.7554]},"properties":{"d":"2026-10-07","t":"0323","frp":3.7,"b":337.7,"c":1,"s":"N20","n":0}},{"type":"Feature","geometry":{"type":"Point","coordinates":[141.9103,-12.573]},"properties":{"d":"2026-10-07","t":"0323","frp":9.8,"b":343.1,"c":1,"s":"N20","n":0}},{"type":"Feature","geometry":{"type":"Point","coordinates":[141.8936,-12.5711]},"properties":{"d":"2026-10-07","t":"0323","frp":11.4,"b":353.9,"c":1,"s":"N20","n":0}},{"type":"Feature","geometry":{"type":"Point","coordinates":[141.8988,-12.5705]},"properties":{"d":"2026-10-07","t":"0323","frp":10.6,"b":330.7,"c":1,"s":"N20","n":0}},{"type":"Feature","geometry":{"type":"Point","coordinates":[141.8944,-12.5684]},"properties":{"d":"2026-10-07","t":"0323","frp":16.3,"b":367.0,"c":2,"s":"N20","n":0}},{"type":"Feature","geometry":{"type":"Point","coordinates":[141.9358,-12.4161]},"properties":{"d":"2026-10-07","t":"0323","frp":13.4,"b":353.9,"c":1,"s":"N20","n":0}},{"type":"Feature","geometry":{"type":"Point","coordinates":[141.935,-12.4099]},"properties":{"d":"2026-10-07","t":"0323","frp":21.1,"b":353.3,"c":1,"s":"N20","n":0}},{"type":"Feature","geometry":{"type":"Point","coordinates":[141.9401,-12.4093]},"properties":{"d":"2026-10-07","t":"0323","frp":21.1,"b":367.0,"c":2,"s":"N20","n":0}},{"type":"Feature","geometry":{"type":"Point","coordinates":[141.9341,-12.4036]},"properties":{"d":"2026-10-07","t":"0323","frp":21.1,"b":367.0,"c":2,"s":"N20","n":0}},{"type":"Feature","geometry":{"type":"Point","coordinates":[141.9544,-12.4013]},"properties":{"d":"2026-10-07","t":"0323","frp":9.6,"b":367.0,"c":2,"s":"N20","n":0}},{"type":"Feature","geometry":{"type":"Point","coordinates":[142.6543,-11.9721]},"properties":{"d":"2026-10-07","t":"0323","frp":4.2,"b":332.1,"c":1,"s":"N20","n":0}},{"type":"Feature","geometry":{"type":"Point","coordinates":[142.643,-11.8399]},"properties":{"d":"2026-10-07","t":"0323","frp":3.7,"b":332.1,"c":1,"s":"N20","n":0}},{"type":"Feature","geometry":{"type":"Point","coordinates":[142.6474,-11.8393]},"properties":{"d":"2026-10-07","t":"0323","frp":3.7,"b":330.6,"c":1,"s":"N20","n":0}},{"type":"Feature","geometry":{"type":"Point","coordinates":[142.6518,-11.8388]},"properties":{"d":"2026-10-07","t":"0323","frp":16.3,"b":333.1,"c":1,"s":"N20","n":0}},{"type":"Feature","geometry":{"type":"Point","coordinates":[142.6562,-11.8383]},"properties":{"d":"2026-10-07","t":"0323","frp":16.3,"b":355.1,"c":1,"s":"N20","n":0}},{"type":"Feature","geometry":{"type":"Point","coordinates":[142.6607,-11.8377]},"properties":{"d":"2026-10-07","t":"0323","frp":19.9,"b":367.0,"c":2,"s":"N20","n":0}},{"type":"Feature","geometry":{"type":"Point","coordinates":[142.6402,-11.8377]},"properties":{"d":"2026-10-07","t":"0323","frp":7.9,"b":331.8,"c":1,"s":"N20","n":0}},{"type":"Feature","geometry":{"type":"Point","coordinates":[142.6491,-11.8367]},"properties":{"d":"2026-10-07","t":"0323","frp":11.3,"b":339.6,"c":1,"s":"N20","n":0}},{"type":"Feature","geometry":{"type":"Point","coordinates":[142.6535,-11.8362]},"properties":{"d":"2026-10-07","t":"0323","frp":11.3,"b":353.2,"c":1,"s":"N20","n":0}},{"type":"Feature","geometry":{"type":"Point","coordinates":[142.6579,-11.8357]},"properties":{"d":"2026-10-07","t":"0323","frp":16.3,"b":367.0,"c":2,"s":"N20","n":0}},{"type":"Feature","geometry":{"type":"Point","coordinates":[142.6624,-11.8352]},"properties":{"d":"2026-10-07","t":"0323","frp":16.3,"b":348.9,"c":1,"s":"N20","n":0}},{"type":"Feature","geometry":{"type":"Point","coordinates":[142.2125,-11.0334]},"properties":{"d":"2026-10-07","t":"0325","frp":3.9,"b":333.9,"c":1,"s":"N20","n":0}},{"type":"Feature","geometry":{"type":"Point","coordinates":[142.2614,-11.0318]},"properties":{"d":"2026-10-07","t":"0325","frp":3.9,"b":331.3,"c":1,"s":"N20","n":0}},{"type":"Feature","geometry":{"type":"Point","coordinates":[142.2582,-11.0281]},"properties":{"d":"2026-10-07","t":"0325","frp":3.2,"b":331.6,"c":1,"s":"N20","n":0}},{"type":"Feature","geometry":{"type":"Point","coordinates":[142.2516,-11.0269]},"properties":{"d":"2026-10-07","t":"0325","frp":6.8,"b":334.2,"c":1,"s":"N20","n":0}},{"type":"Feature","geometry":{"type":"Point","coordinates":[142.2561,-11.0263]},"properties":{"d":"2026-10-07","t":"0325","frp":3.9,"b":331.0,"c":1,"s":"N20","n":0}},{"type":"Feature","geometry":{"type":"Point","coordinates":[142.2529,-11.0226]},"properties":{"d":"2026-10-07","t":"0325","frp":3.2,"b":334.6,"c":1,"s":"N20","n":0}},{"type":"Feature","geometry":{"type":"Point","coordinates":[142.4385,-10.913]},"properties":{"d":"2026-10-07","t":"0325","frp":4.9,"b":334.1,"c":1,"s":"N20","n":0}},{"type":"Feature","geometry":{"type":"Point","coordinates":[150.5897,-10.5872]},"properties":{"d":"2026-10-07","t":"0325","frp":6.4,"b":337.0,"c":1,"s":"N20","n":0}},{"type":"Feature","geometry":{"type":"Point","coordinates":[150.5891,-10.5837]},"properties":{"d":"2026-10-07","t":"0325","frp":6.4,"b":337.8,"c":1,"s":"N20","n":0}},{"type":"Feature","geometry":{"type":"Point","coordinates":[148.0001,-10.0949]},"properties":{"d":"2026-10-07","t":"0325","frp":3.7,"b":330.3,"c":1,"s":"N20","n":0}},{"type":"Feature","geometry":{"type":"Point","coordinates":[148.0037,-10.0944]},"properties":{"d":"2026-10-07","t":"0325","frp":4.0,"b":337.4,"c":1,"s":"N20","n":0}},{"type":"Feature","geometry":{"type":"Point","coordinates":[147.9996,-10.0909]},"properties":{"d":"2026-10-07","t":"0325","frp":3.4,"b":342.2,"c":1,"s":"N20","n":0}},{"type":"Feature","geometry":{"type":"Point","coordinates":[151.1922,-9.9586]},"properties":{"d":"2026-10-07","t":"0325","frp":7.9,"b":346.0,"c":1,"s":"N20","n":0}},{"type":"Feature","geometry":{"type":"Point","coordinates":[147.812,-9.8966]},"properties":{"d":"2026-10-07","t":"0325","frp":2.8,"b":330.1,"c":1,"s":"N20","n":0}},{"type":"Feature","geometry":{"type":"Point","coordinates":[147.7776,-9.8928]},"properties":{"d":"2026-10-07","t":"0325","frp":3.8,"b":341.3,"c":1,"s":"N20","n":0}},{"type":"Feature","geometry":{"type":"Point","coordinates":[147.7783,-9.8392]},"properties":{"d":"2026-10-07","t":"0325","frp":3.4,"b":338.7,"c":1,"s":"N20","n":0}},{"type":"Feature","geometry":{"type":"Point","coordinates":[147.7777,-9.8351]},"properties":{"d":"2026-10-07","t":"0325","frp":3.4,"b":341.6,"c":1,"s":"N20","n":0}},{"type":"Feature","geometry":{"type":"Point","coordinates":[147.7959,-9.8034]},"properties":{"d":"2026-10-07","t":"0325","frp":2.9,"b":332.9,"c":1,"s":"N20","n":0}},{"type":"Feature","geometry":{"type":"Point","coordinates":[147.8177,-9.7879]},"properties":{"d":"2026-10-07","t":"0325","frp":3.9,"b":336.8,"c":1,"s":"N20","n":0}},{"type":"Feature","geometry":{"type":"Point","coordinates":[149.4737,-9.7827]},"properties":{"d":"2026-10-07","t":"0325","frp":10.2,"b":342.3,"c":1,"s":"N20","n":0}},{"type":"Feature","geometry":{"type":"Point","coordinates":[149.4731,-9.779]},"properties":{"d":"2026-10-07","t":"0325","frp":7.6,"b":335.4,"c":1,"s":"N20","n":0}},{"type":"Feature","geometry":{"type":"Point","coordinates":[147.666,-9.7092]},"properties":{"d":"2026-10-07","t":"0325","frp":4.8,"b":335.4,"c":1,"s":"N20","n":0}},{"type":"Feature","geometry":{"type":"Point","coordinates":[147.833,-9.7072]},"properties":{"d":"2026-10-07","t":"0325","frp":3.4,"b":331.7,"c":1,"s":"N20","n":0}},{"type":"Feature","geometry":{"type":"Point","coordinates":[149.6272,-9.6828]},"properties":{"d":"2026-10-07","t":"0325","frp":8.0,"b":330.0,"c":0,"s":"N20","n":0}},{"type":"Feature","geometry":{"type":"Point","coordinates":[149.5559,-9.6781]},"properties":{"d":"2026-10-07","t":"0325","frp":4.8,"b":334.5,"c":0,"s":"N20","n":0}},{"type":"Feature","geometry":{"type":"Point","coordinates":[147.8949,-9.678]},"properties":{"d":"2026-10-07","t":"0325","frp":2.1,"b":330.5,"c":1,"s":"N20","n":0}},{"type":"Feature","geometry":{"type":"Point","coordinates":[149.5553,-9.6744]},"properties":{"d":"2026-10-07","t":"0325","frp":8.4,"b":333.1,"c":0,"s":"N20","n":0}},{"type":"Feature","geometry":{"type":"Point","coordinates":[149.5065,-9.6738]},"properties":{"d":"2026-10-07","t":"0325","frp":61.9,"b":341.7,"c":0,"s":"N20","n":0}},{"type":"Feature","geometry":{"type":"Point","coordinates":[147.4358,-9.3858]},"properties":{"d":"2026-10-07","t":"0325","frp":6.1,"b":343.5,"c":1,"s":"N20","n":0}},{"type":"Feature","geometry":{"type":"Point","coordinates":[142.5782,-9.2743]},"properties":{"d":"2026-10-07","t":"0325","frp":13.3,"b":367.0,"c":2,"s":"N20","n":0}},{"type":"Feature","geometry":{"type":"Point","coordinates":[142.5756,-9.2738]},"properties":{"d":"2026-10-07","t":"0325","frp":9.2,"b":349.6,"c":1,"s":"N20","n":0}},{"type":"Feature","geometry":{"type":"Point","coordinates":[142.5797,-9.2733]},"properties":{"d":"2026-10-07","t":"0325","frp":9.2,"b":354.2,"c":1,"s":"N20","n":0}},{"type":"Feature","geometry":{"type":"Point","coordinates":[147.0082,-9.2087]},"properties":{"d":"2026-10-07","t":"0325","frp":3.6,"b":332.8,"c":1,"s":"N20","n":0}},{"type":"Feature","geometry":{"type":"Point","coordinates":[142.5615,-9.1934]},"properties":{"d":"2026-10-07","t":"0325","frp":4.2,"b":336.2,"c":1,"s":"N20","n":0}},{"type":"Feature","geometry":{"type":"Point","coordinates":[142.5622,-9.1928]},"properties":{"d":"2026-10-07","t":"0325","frp":5.1,"b":335.4,"c":1,"s":"N20","n":0}},{"type":"Feature","geometry":{"type":"Point","coordinates":[147.2844,-9.1915]},"properties":{"d":"2026-10-07","t":"0325","frp":4.4,"b":341.9,"c":1,"s":"N20","n":0}},{"type":"Feature","geometry":{"type":"Point","coordinates":[142.5566,-9.1881]},"properties":{"d":"2026-10-07","t":"0325","frp":5.8,"b":367.0,"c":2,"s":"N20","n":0}},{"type":"Feature","geometry":{"type":"Point","coordinates":[142.5533,-9.1881]},"properties":{"d":"2026-10-07","t":"0325","frp":5.5,"b":330.3,"c":1,"s":"N20","n":0}},{"type":"Feature","geometry":{"type":"Point","coordinates":[142.5607,-9.1876]},"properties":{"d":"2026-10-07","t":"0325","frp":5.8,"b":330.3,"c":1,"s":"N20","n":0}},{"type":"Feature","geometry":{"type":"Point","coordinates":[142.5574,-9.1876]},"properties":{"d":"2026-10-07","t":"0325","frp":9.0,"b":351.6,"c":1,"s":"N20","n":0}},{"type":"Feature","geometry":{"type":"Point","coordinates":[147.2879,-9.1867]},"properties":{"d":"2026-10-07","t":"0325","frp":6.9,"b":339.7,"c":1,"s":"N20","n":0}},{"type":"Feature","geometry":{"type":"Point","coordinates":[142.5925,-9.1778]},"properties":{"d":"2026-10-07","t":"0325","frp":8.6,"b":343.2,"c":1,"s":"N20","n":0}},{"type":"Feature","geometry":{"type":"Point","coordinates":[142.5965,-9.1773]},"properties":{"d":"2026-10-07","t":"0325","frp":5.8,"b":333.9,"c":1,"s":"N20","n":0}},{"type":"Feature","geometry":{"type":"Point","coordinates":[142.5932,-9.177]},"properties":{"d":"2026-10-07","t":"0325","frp":9.9,"b":367.0,"c":2,"s":"N20","n":0}},{"type":"Feature","geometry":{"type":"Point","coordinates":[142.5958,-9.1716]},"properties":{"d":"2026-10-07","t":"0325","frp":6.2,"b":341.5,"c":1,"s":"N20","n":0}},{"type":"Feature","geometry":{"type":"Point","coordinates":[142.5924,-9.1713]},"properties":{"d":"2026-10-07","t":"0325","frp":4.9,"b":336.4,"c":1,"s":"N20","n":0}},{"type":"Feature","geometry":{"type":"Point","coordinates":[142.6689,-9.1684]},"properties":{"d":"2026-10-07","t":"0325","frp":11.3,"b":367.0,"c":2,"s":"N20","n":0}},{"type":"Feature","geometry":{"type":"Point","coordinates":[142.6654,-9.1676]},"properties":{"d":"2026-10-07","t":"0325","frp":10.2,"b":343.2,"c":1,"s":"N20","n":0}},{"type":"Feature","geometry":{"type":"Point","coordinates":[142.6695,-9.167]},"properties":{"d":"2026-10-07","t":"0325","frp":10.3,"b":367.0,"c":2,"s":"N20","n":0}},{"type":"Feature","geometry":{"type":"Point","coordinates":[142.591,-9.1663]},"properties":{"d":"2026-10-07","t":"0325","frp":9.9,"b":341.9,"c":1,"s":"N20","n":0}},{"type":"Feature","geometry":{"type":"Point","coordinates":[142.5917,-9.1655]},"properties":{"d":"2026-10-07","t":"0325","frp":4.9,"b":336.9,"c":1,"s":"N20","n":0}},{"type":"Feature","geometry":{"type":"Point","coordinates":[147.0063,-9.1654]},"properties":{"d":"2026-10-07","t":"0325","frp":9.4,"b":346.7,"c":1,"s":"N20","n":0}},{"type":"Feature","geometry":{"type":"Point","coordinates":[142.701,-9.1644]},"properties":{"d":"2026-10-07","t":"0325","frp":2.9,"b":329.8,"c":1,"s":"N20","n":0}},{"type":"Feature","geometry":{"type":"Point","coordinates":[152.9705,-9.1508]},"properties":{"d":"2026-10-07","t":"0325","frp":3.1,"b":337.1,"c":1,"s":"N20","n":0}},{"type":"Feature","geometry":{"type":"Point","coordinates":[142.6211,-9.1383]},"properties":{"d":"2026-10-07","t":"0325","frp":4.2,"b":333.5,"c":1,"s":"N20","n":0}},{"type":"Feature","geometry":{"type":"Point","coordinates":[142.6251,-9.1378]},"properties":{"d":"2026-10-07","t":"0325","frp":6.3,"b":345.2,"c":1,"s":"N20","n":0}},{"type":"Feature","geometry":{"type":"Point","coordinates":[142.6163,-9.133]},"properties":{"d":"2026-10-07","t":"0325","frp":2.9,"b":337.5,"c":1,"s":"N20","n":0}},{"type":"Feature","geometry":{"type":"Point","coordinates":[142.6204,-9.1325]},"properties":{"d":"2026-10-07","t":"0325","frp":2.9,"b":329.7,"c":1,"s":"N20","n":0}},{"type":"Feature","geometry":{"type":"Point","coordinates":[142.9307,-9.127]},"properties":{"d":"2026-10-07","t":"0325","frp":5.7,"b":337.4,"c":1,"s":"N20","n":0}},{"type":"Feature","geometry":{"type":"Point","coordinates":[141.1912,-9.1267]},"properties":{"d":"2026-10-07","t":"0325","frp":45.9,"b":333.4,"c":1,"s":"N20","n":0}},{"type":"Feature","geometry":{"type":"Point","coordinates":[141.1962,-9.126]},"properties":{"d":"2026-10-07","t":"0325","frp":45.9,"b":367.0,"c":2,"s":"N20","n":0}},{"type":"Feature","geometry":{"type":"Point","coordinates":[142.93,-9.1245]},"properties":{"d":"2026-10-07","t":"0325","frp":5.4,"b":343.3,"c":1,"s":"N20","n":0}},{"type":"Feature","geometry":{"type":"Point","coordinates":[141.1881,-9.1239]},"properties":{"d":"2026-10-07","t":"0325","frp":59.2,"b":341.2,"c":1,"s":"N20","n":0}},{"type":"Feature","geometry":{"type":"Point","coordinates":[142.5988,-9.1236]},"properties":{"d":"2026-10-07","t":"0325","frp":5.8,"b":330.3,"c":1,"s":"N20","n":0}},{"type":"Feature","geometry":{"type":"Point","coordinates":[141.1931,-9.1233]},"properties":{"d":"2026-10-07","t":"0325","frp":59.2,"b":352.1,"c":1,"s":"N20","n":0}},{"type":"Feature","geometry":{"type":"Point","coordinates":[142.7124,-9.1207]},"properties":{"d":"2026-10-07","t":"0325","frp":7.3,"b":347.3,"c":1,"s":"N20","n":0}},{"type":"Feature","geometry":{"type":"Point","coordinates":[141.1904,-9.1204]},"properties":{"d":"2026-10-07","t":"0325","frp":45.9,"b":367.0,"c":2,"s":"N20","n":0}},{"type":"Feature","geometry":{"type":"Point","coordinates":[141.2613,-9.1178]},"properties":{"d":"2026-10-07","t":"0325","frp":26.1,"b":367.0,"c":2,"s":"N20","n":0}},{"type":"Feature","geometry":{"type":"Point","coordinates":[141.2584,-9.1155]},"properties":{"d":"2026-10-07","t":"0325","frp":27.4,"b":348.0,"c":1,"s":"N20","n":0}},{"type":"Feature","geometry":{"type":"Point","coordinates":[141.2634,-9.1149]},"properties":{"d":"2026-10-07","t":"0325","frp":27.4,"b":367.0,"c":2,"s":"N20","n":0}},{"type":"Feature","geometry":{"type":"Point","coordinates":[141.1585,-9.1116]},"properties":{"d":"2026-10-07","t":"0325","frp":4.5,"b":330.4,"c":1,"s":"N20","n":0}},{"type":"Feature","geometry":{"type":"Point","coordinates":[141.2606,-9.1115]},"properties":{"d":"2026-10-07","t":"0325","frp":26.1,"b":335.5,"c":1,"s":"N20","n":0}},{"type":"Feature","geometry":{"type":"Point","coordinates":[142.695,-9.1113]},"properties":{"d":"2026-10-07","t":"0325","frp":9.4,"b":367.0,"c":2,"s":"N20","n":0}},{"type":"Feature","geometry":{"type":"Point","coordinates":[141.8069,-9.1111]},"properties":{"d":"2026-10-07","t":"0325","frp":28.9,"b":367.0,"c":2,"s":"N20","n":0}},{"type":"Feature","geometry":{"type":"Point","coordinates":[141.8115,-9.1105]},"properties":{"d":"2026-10-07","t":"0325","frp":11.8,"b":330.7,"c":1,"s":"N20","n":0}},{"type":"Feature","geometry":{"type":"Point","coordinates":[141.1939,-9.1071]},"properties":{"d":"2026-10-07","t":"0325","frp":4.2,"b":336.0,"c":1,"s":"N20","n":0}},{"type":"Feature","geometry":{"type":"Point","coordinates":[141.1519,-9.0996]},"properties":{"d":"2026-10-07","t":"0325","frp":9.3,"b":347.7,"c":1,"s":"N20","n":0}},{"type":"Feature","geometry":{"type":"Point","coordinates":[141.7233,-9.0782]},"properties":{"d":"2026-10-07","t":"0325","frp":4.7,"b":342.1,"c":1,"s":"N20","n":0}},{"type":"Feature","geometry":{"type":"Point","coordinates":[142.2814,-9.0753]},"properties":{"d":"2026-10-07","t":"0325","frp":2.2,"b":332.3,"c":1,"s":"N20","n":0}},{"type":"Feature","geometry":{"type":"Point","coordinates":[141.3614,-9.0734]},"properties":{"d":"2026-10-07","t":"0325","frp":6.0,"b":340.1,"c":1,"s":"N20","n":0}},{"type":"Feature","geometry":{"type":"Point","coordinates":[141.807,-9.0605]},"properties":{"d":"2026-10-07","t":"0325","frp":6.7,"b":332.3,"c":1,"s":"N20","n":0}},{"type":"Feature","geometry":{"type":"Point","coordinates":[142.3689,-9.0581]},"properties":{"d":"2026-10-07","t":"0325","frp":8.5,"b":367.0,"c":2,"s":"N20","n":0}},{"type":"Feature","geometry":{"type":"Point","coordinates":[142.3731,-9.0576]},"properties":{"d":"2026-10-07","t":"0325","frp":7.3,"b":353.8,"c":1,"s":"N20","n":0}},{"type":"Feature","geometry":{"type":"Point","coordinates":[142.3773,-9.0571]},"properties":{"d":"2026-10-07","t":"0325","frp":7.3,"b":354.7,"c":1,"s":"N20","n":0}},{"type":"Feature","geometry":{"type":"Point","coordinates":[142.47,-9.057]},"properties":{"d":"2026-10-07","t":"0325","frp":8.8,"b":341.1,"c":1,"s":"N20","n":0}},{"type":"Feature","geometry":{"type":"Point","coordinates":[142.3814,-9.0565]},"properties":{"d":"2026-10-07","t":"0325","frp":10.4,"b":367.0,"c":2,"s":"N20","n":0}},{"type":"Feature","geometry":{"type":"Point","coordinates":[142.3856,-9.056]},"properties":{"d":"2026-10-07","t":"0325","frp":10.4,"b":342.5,"c":1,"s":"N20","n":0}},{"type":"Feature","geometry":{"type":"Point","coordinates":[141.8047,-9.0559]},"properties":{"d":"2026-10-07","t":"0325","frp":5.8,"b":339.7,"c":1,"s":"N20","n":0}},{"type":"Feature","geometry":{"type":"Point","coordinates":[141.8017,-9.055]},"properties":{"d":"2026-10-07","t":"0325","frp":9.6,"b":345.3,"c":1,"s":"N20","n":0}},{"type":"Feature","geometry":{"type":"Point","coordinates":[142.4403,-9.0549]},"properties":{"d":"2026-10-07","t":"0325","frp":3.7,"b":334.1,"c":1,"s":"N20","n":0}},{"type":"Feature","geometry":{"type":"Point","coordinates":[142.4445,-9.0544]},"properties":{"d":"2026-10-07","t":"0325","frp":3.7,"b":331.1,"c":1,"s":"N20","n":0}},{"type":"Feature","geometry":{"type":"Point","coordinates":[142.7877,-9.0532]},"properties":{"d":"2026-10-07","t":"0325","frp":5.3,"b":333.6,"c":1,"s":"N20","n":0}},{"type":"Feature","geometry":{"type":"Point","coordinates":[142.3639,-9.0528]},"properties":{"d":"2026-10-07","t":"0325","frp":8.5,"b":341.2,"c":1,"s":"N20","n":0}},{"type":"Feature","geometry":{"type":"Point","coordinates":[142.3682,-9.0523]},"properties":{"d":"2026-10-07","t":"0325","frp":8.5,"b":367.0,"c":2,"s":"N20","n":0}},{"type":"Feature","geometry":{"type":"Point","coordinates":[142.3723,-9.0517]},"properties":{"d":"2026-10-07","t":"0325","frp":7.3,"b":330.0,"c":1,"s":"N20","n":0}},{"type":"Feature","geometry":{"type":"Point","coordinates":[142.3765,-9.0512]},"properties":{"d":"2026-10-07","t":"0325","frp":7.3,"b":329.4,"c":1,"s":"N20","n":0}},{"type":"Feature","geometry":{"type":"Point","coordinates":[142.7868,-9.0507]},"properties":{"d":"2026-10-07","t":"0325","frp":4.8,"b":337.2,"c":1,"s":"N20","n":0}},{"type":"Feature","geometry":{"type":"Point","coordinates":[142.389,-9.0496]},"properties":{"d":"2026-10-07","t":"0325","frp":6.5,"b":331.2,"c":1,"s":"N20","n":0}},{"type":"Feature","geometry":{"type":"Point","coordinates":[142.4816,-9.0496]},"properties":{"d":"2026-10-07","t":"0325","frp":6.0,"b":331.3,"c":1,"s":"N20","n":0}},{"type":"Feature","geometry":{"type":"Point","coordinates":[141.9111,-9.047]},"properties":{"d":"2026-10-07","t":"0325","frp":2.7,"b":329.9,"c":1,"s":"N20","n":0}},{"type":"Feature","geometry":{"type":"Point","coordinates":[142.4808,-9.0438]},"properties":{"d":"2026-10-07","t":"0325","frp":3.9,"b":330.1,"c":1,"s":"N20","n":0}},{"type":"Feature","geometry":{"type":"Point","coordinates":[141.9736,-9.0389]},"properties":{"d":"2026-10-07","t":"0325","frp":7.1,"b":330.6,"c":1,"s":"N20","n":0}},{"type":"Feature","geometry":{"type":"Point","coordinates":[142.4801,-9.038]},"properties":{"d":"2026-10-07","t":"0325","frp":3.9,"b":336.9,"c":1,"s":"N20","n":0}},{"type":"Feature","geometry":{"type":"Point","coordinates":[142.5664,-9.0328]},"properties":{"d":"2026-10-07","t":"0325","frp":6.9,"b":336.0,"c":1,"s":"N20","n":0}},{"type":"Feature","geometry":{"type":"Point","coordinates":[142.5705,-9.0323]},"properties":{"d":"2026-10-07","t":"0325","frp":4.5,"b":334.3,"c":1,"s":"N20","n":0}},{"type":"Feature","geometry":{"type":"Point","coordinates":[142.4794,-9.0322]},"properties":{"d":"2026-10-07","t":"0325","frp":5.8,"b":347.7,"c":1,"s":"N20","n":0}},{"type":"Feature","geometry":{"type":"Point","coordinates":[142.5987,-9.0287]},"properties":{"d":"2026-10-07","t":"0325","frp":5.2,"b":337.9,"c":1,"s":"N20","n":0}},{"type":"Feature","geometry":{"type":"Point","coordinates":[141.9797,-9.0285]},"properties":{"d":"2026-10-07","t":"0325","frp":6.1,"b":331.5,"c":1,"s":"N20","n":0}},{"type":"Feature","geometry":{"type":"Point","coordinates":[141.9809,-9.0258]},"properties":{"d":"2026-10-07","t":"0325","frp":7.7,"b":345.0,"c":1,"s":"N20","n":0}},{"type":"Feature","geometry":{"type":"Point","coordinates":[141.3588,-9.0245]},"properties":{"d":"2026-10-07","t":"0325","frp":9.3,"b":352.4,"c":1,"s":"N20","n":0}},{"type":"Feature","geometry":{"type":"Point","coordinates":[146.7237,-9.024]},"properties":{"d":"2026-10-07","t":"0325","frp":5.0,"b":334.3,"c":1,"s":"N20","n":0}},{"type":"Feature","geometry":{"type":"Point","coordinates":[142.4531,-9.0237]},"properties":{"d":"2026-10-07","t":"0325","frp":3.7,"b":346.0,"c":1,"s":"N20","n":0}},{"type":"Feature","geometry":{"type":"Point","coordinates":[142.4573,-9.0232]},"properties":{"d":"2026-10-07","t":"0325","frp":3.7,"b":334.1,"c":1,"s":"N20","n":0}},{"type":"Feature","geometry":{"type":"Point","coordinates":[141.3601,-9.023]},"properties":{"d":"2026-10-07","t":"0325","frp":10.2,"b":347.3,"c":1,"s":"N20","n":0}},{"type":"Feature","geometry":{"type":"Point","coordinates":[142.4697,-9.0216]},"properties":{"d":"2026-10-07","t":"0325","frp":8.0,"b":351.4,"c":1,"s":"N20","n":0}},{"type":"Feature","geometry":{"type":"Point","coordinates":[141.3298,-9.0203]},"properties":{"d":"2026-10-07","t":"0325","frp":3.9,"b":330.8,"c":1,"s":"N20","n":0}},{"type":"Feature","geometry":{"type":"Point","coordinates":[141.9802,-9.0198]},"properties":{"d":"2026-10-07","t":"0325","frp":7.7,"b":346.1,"c":1,"s":"N20","n":0}},{"type":"Feature","geometry":{"type":"Point","coordinates":[146.7231,-9.0196]},"properties":{"d":"2026-10-07","t":"0325","frp":5.0,"b":333.7,"c":1,"s":"N20","n":0}},{"type":"Feature","geometry":{"type":"Point","coordinates":[141.0472,-9.0195]},"properties":{"d":"2026-10-07","t":"0325","frp":9.8,"b":349.8,"c":1,"s":"N20","n":0}},{"type":"Feature","geometry":{"type":"Point","coordinates":[142.4524,-9.0179]},"properties":{"d":"2026-10-07","t":"0325","frp":3.7,"b":334.5,"c":1,"s":"N20","n":0}},{"type":"Feature","geometry":{"type":"Point","coordinates":[141.9706,-9.015]},"properties":{"d":"2026-10-07","t":"0325","frp":5.5,"b":345.7,"c":1,"s":"N20","n":0}},{"type":"Feature","geometry":{"type":"Point","coordinates":[141.0095,-9.0113]},"properties":{"d":"2026-10-07","t":"0325","frp":14.7,"b":367.0,"c":2,"s":"N20","n":0}},{"type":"Feature","geometry":{"type":"Point","coordinates":[141.9698,-9.009]},"properties":{"d":"2026-10-07","t":"0325","frp":5.5,"b":337.3,"c":1,"s":"N20","n":0}},{"type":"Feature","geometry":{"type":"Point","coordinates":[140.9612,-9.0043]},"properties":{"d":"2026-10-07","t":"0325","frp":13.7,"b":354.9,"c":1,"s":"N20","n":0}},{"type":"Feature","geometry":{"type":"Point","coordinates":[142.4797,-9.0027]},"properties":{"d":"2026-10-07","t":"0325","frp":7.5,"b":342.1,"c":1,"s":"N20","n":0}},{"type":"Feature","geometry":{"type":"Point","coordinates":[142.4838,-9.0022]},"properties":{"d":"2026-10-07","t":"0325","frp":6.2,"b":332.7,"c":1,"s":"N20","n":0}},{"type":"Feature","geometry":{"type":"Point","coordinates":[142.1731,-9.001]},"properties":{"d":"2026-10-07","t":"0325","frp":15.8,"b":353.4,"c":1,"s":"N20","n":0}},{"type":"Feature","geometry":{"type":"Point","coordinates":[142.1774,-9.0005]},"properties":{"d":"2026-10-07","t":"0325","frp":15.2,"b":335.8,"c":1,"s":"N20","n":0}},{"type":"Feature","geometry":{"type":"Point","coordinates":[150.8831,-34.4619]},"properties":{"d":"2026-10-07","t":"0258","frp":5.9,"b":331.1,"c":1,"s":"SNPP","n":0}},{"type":"Feature","geometry":{"type":"Point","coordinates":[150.882,-34.4597]},"properties":{"d":"2026-10-07","t":"0258","frp":5.7,"b":328.8,"c":1,"s":"SNPP","n":0}},{"type":"Feature","geometry":{"type":"Point","coordinates":[148.983,-30.2889]},"properties":{"d":"2026-10-07","t":"0300","frp":12.5,"b":354.4,"c":1,"s":"SNPP","n":0}},{"type":"Feature","geometry":{"type":"Point","coordinates":[148.9868,-30.288]},"properties":{"d":"2026-10-07","t":"0300","frp":11.5,"b":343.9,"c":1,"s":"SNPP","n":0}},{"type":"Feature","geometry":{"type":"Point","coordinates":[152.6764,-29.4541]},"properties":{"d":"2026-10-07","t":"0300","frp":3.2,"b":330.8,"c":1,"s":"SNPP","n":0}},{"type":"Feature","geometry":{"type":"Point","coordinates":[150.0032,-28.2732]},"properties":{"d":"2026-10-07","t":"0300","frp":19.1,"b":341.2,"c":1,"s":"SNPP","n":0}},{"type":"Feature","geometry":{"type":"Point","coordinates":[150.0166,-28.2725]},"properties":{"d":"2026-10-07","t":"0300","frp":107.5,"b":367.0,"c":2,"s":"SNPP","n":0}},{"type":"Feature","geometry":{"type":"Point","coordinates":[150.0028,-28.2664]},"properties":{"d":"2026-10-07","t":"0300","frp":12.2,"b":337.2,"c":1,"s":"SNPP","n":0}},{"type":"Feature","geometry":{"type":"Point","coordinates":[150.0095,-28.266]},"properties":{"d":"2026-10-07","t":"0300","frp":19.0,"b":367.0,"c":2,"s":"SNPP","n":0}},{"type":"Feature","geometry":{"type":"Point","coordinates":[150.0162,-28.2657]},"properties":{"d":"2026-10-07","t":"0300","frp":19.0,"b":342.8,"c":1,"s":"SNPP","n":0}},{"type":"Feature","geometry":{"type":"Point","coordinates":[148.7495,-27.8498]},"properties":{"d":"2026-10-07","t":"0300","frp":12.8,"b":337.8,"c":1,"s":"SNPP","n":0}},{"type":"Feature","geometry":{"type":"Point","coordinates":[148.7573,-27.8495]},"properties":{"d":"2026-10-07","t":"0300","frp":12.8,"b":367.0,"c":2,"s":"SNPP","n":0}},{"type":"Feature","geometry":{"type":"Point","coordinates":[148.7492,-27.8485]},"properties":{"d":"2026-10-07","t":"0300","frp":24.8,"b":349.1,"c":1,"s":"SNPP","n":0}},{"type":"Feature","geometry":{"type":"Point","coordinates":[148.757,-27.8481]},"properties":{"d":"2026-10-07","t":"0300","frp":22.9,"b":367.0,"c":2,"s":"SNPP","n":0}},{"type":"Feature","geometry":{"type":"Point","coordinates":[148.7649,-27.8478]},"properties":{"d":"2026-10-07","t":"0300","frp":22.9,"b":330.9,"c":1,"s":"SNPP","n":0}},{"type":"Feature","geometry":{"type":"Point","coordinates":[148.7491,-27.8426]},"properties":{"d":"2026-10-07","t":"0300","frp":23.3,"b":334.6,"c":1,"s":"SNPP","n":0}},{"type":"Feature","geometry":{"type":"Point","coordinates":[148.7569,-27.8422]},"properties":{"d":"2026-10-07","t":"0300","frp":23.3,"b":367.0,"c":2,"s":"SNPP","n":0}},{"type":"Feature","geometry":{"type":"Point","coordinates":[148.7647,-27.8419]},"properties":{"d":"2026-10-07","t":"0300","frp":33.6,"b":355.9,"c":1,"s":"SNPP","n":0}},{"type":"Feature","geometry":{"type":"Point","coordinates":[148.7567,-27.8409]},"properties":{"d":"2026-10-07","t":"0300","frp":15.9,"b":367.0,"c":2,"s":"SNPP","n":0}},{"type":"Feature","geometry":{"type":"Point","coordinates":[148.7645,-27.8405]},"properties":{"d":"2026-10-07","t":"0300","frp":15.9,"b":347.2,"c":1,"s":"SNPP","n":0}},{"type":"Feature","geometry":{"type":"Point","coordinates":[148.7782,-27.7966]},"properties":{"d":"2026-10-07","t":"0300","frp":7.7,"b":335.1,"c":0,"s":"SNPP","n":0}},{"type":"Feature","geometry":{"type":"Point","coordinates":[148.786,-27.7962]},"properties":{"d":"2026-10-07","t":"0300","frp":7.9,"b":339.4,"c":1,"s":"SNPP","n":0}},{"type":"Feature","geometry":{"type":"Point","coordinates":[150.0976,-27.6192]},"properties":{"d":"2026-10-07","t":"0300","frp":14.8,"b":348.5,"c":1,"s":"SNPP","n":0}},{"type":"Feature","geometry":{"type":"Point","coordinates":[149.6558,-27.1461]},"properties":{"d":"2026-10-07","t":"0300","frp":27.4,"b":367.0,"c":2,"s":"SNPP","n":0}},{"type":"Feature","geometry":{"type":"Point","coordinates":[148.2943,-23.6996]},"properties":{"d":"2026-10-07","t":"0302","frp":17.8,"b":345.3,"c":1,"s":"SNPP","n":0}},{"type":"Feature","geometry":{"type":"Point","coordinates":[148.3018,-23.6992]},"properties":{"d":"2026-10-07","t":"0302","frp":17.8,"b":367.0,"c":2,"s":"SNPP","n":0}},{"type":"Feature","geometry":{"type":"Point","coordinates":[147.6869,-22.4682]},"properties":{"d":"2026-10-07","t":"0302","frp":6.3,"b":340.7,"c":1,"s":"SNPP","n":0}},{"type":"Feature","geometry":{"type":"Point","coordinates":[147.6947,-22.4677]},"properties":{"d":"2026-10-07","t":"0302","frp":14.4,"b":330.7,"c":1,"s":"SNPP","n":0}},{"type":"Feature","geometry":{"type":"Point","coordinates":[147.6871,-22.4674]},"properties":{"d":"2026-10-07","t":"0302","frp":8.0,"b":338.8,"c":1,"s":"SNPP","n":0}},{"type":"Feature","geometry":{"type":"Point","coordinates":[147.6948,-22.4669]},"properties":{"d":"2026-10-07","t":"0302","frp":8.0,"b":332.6,"c":1,"s":"SNPP","n":0}},{"type":"Feature","geometry":{"type":"Point","coordinates":[149.0236,-21.3865]},"properties":{"d":"2026-10-07","t":"0302","frp":13.8,"b":341.5,"c":1,"s":"SNPP","n":0}},{"type":"Feature","geometry":{"type":"Point","coordinates":[151.2478,-9.9396]},"properties":{"d":"2026-10-07","t":"0306","frp":2.3,"b":331.3,"c":1,"s":"SNPP","n":0}},{"type":"Feature","geometry":{"type":"Point","coordinates":[149.2991,-9.8382]},"properties":{"d":"2026-10-07","t":"0306","frp":8.9,"b":367.0,"c":2,"s":"SNPP","n":0}},{"type":"Feature","geometry":{"type":"Point","coordinates":[149.2989,-9.8377]},"properties":{"d":"2026-10-07","t":"0306","frp":8.6,"b":367.0,"c":2,"s":"SNPP","n":0}},{"type":"Feature","geometry":{"type":"Point","coordinates":[149.2656,-9.8189]},"properties":{"d":"2026-10-07","t":"0306","frp":9.7,"b":337.5,"c":1,"s":"SNPP","n":0}},{"type":"Feature","geometry":{"type":"Point","coordinates":[149.4734,-9.7806]},"properties":{"d":"2026-10-07","t":"0306","frp":5.4,"b":344.2,"c":1,"s":"SNPP","n":0}},{"type":"Feature","geometry":{"type":"Point","coordinates":[149.505,-9.6759]},"properties":{"d":"2026-10-07","t":"0306","frp":17.5,"b":367.0,"c":2,"s":"SNPP","n":0}},{"type":"Feature","geometry":{"type":"Point","coordinates":[149.5559,-9.6751]},"properties":{"d":"2026-10-07","t":"0306","frp":13.7,"b":367.0,"c":2,"s":"SNPP","n":0}},{"type":"Feature","geometry":{"type":"Point","coordinates":[149.5598,-9.6746]},"properties":{"d":"2026-10-07","t":"0306","frp":12.2,"b":331.6,"c":1,"s":"SNPP","n":0}},{"type":"Feature","geometry":{"type":"Point","coordinates":[150.9819,-9.6004]},"properties":{"d":"2026-10-07","t":"0306","frp":6.1,"b":367.0,"c":2,"s":"SNPP","n":0}},{"type":"Feature","geometry":{"type":"Point","coordinates":[133.8175,-16.3067]},"properties":{"d":"2026-10-07","t":"0011","frp":76.6,"b":318.3,"c":1,"s":"MODIS","n":0}},{"type":"Feature","geometry":{"type":"Point","coordinates":[133.8237,-16.3012]},"properties":{"d":"2026-10-07","t":"0011","frp":86.7,"b":319.9,"c":1,"s":"MODIS","n":0}},{"type":"Feature","geometry":{"type":"Point","coordinates":[134.2293,-16.2022]},"properties":{"d":"2026-10-07","t":"0011","frp":98.5,"b":321.9,"c":0,"s":"MODIS","n":0}},{"type":"Feature","geometry":{"type":"Point","coordinates":[134.2363,-16.1999]},"properties":{"d":"2026-10-07","t":"0011","frp":114.6,"b":323.8,"c":1,"s":"MODIS","n":0}},{"type":"Feature","geometry":{"type":"Point","coordinates":[134.1886,-16.1987]},"properties":{"d":"2026-10-07","t":"0011","frp":140.6,"b":326.6,"c":1,"s":"MODIS","n":0}},{"type":"Feature","geometry":{"type":"Point","coordinates":[134.1956,-16.196]},"properties":{"d":"2026-10-07","t":"0011","frp":181.7,"b":330.5,"c":2,"s":"MODIS","n":0}},{"type":"Feature","geometry":{"type":"Point","coordinates":[133.7971,-16.1808]},"properties":{"d":"2026-10-07","t":"0011","frp":130.6,"b":326.3,"c":1,"s":"MODIS","n":0}},{"type":"Feature","geometry":{"type":"Point","coordinates":[133.8044,-16.1757]},"properties":{"d":"2026-10-07","t":"0011","frp":69.2,"b":319.2,"c":1,"s":"MODIS","n":0}},{"type":"Feature","geometry":{"type":"Point","coordinates":[134.2394,-16.1655]},"properties":{"d":"2026-10-07","t":"0011","frp":171.4,"b":331.0,"c":1,"s":"MODIS","n":0}},{"type":"Feature","geometry":{"type":"Point","coordinates":[134.2447,-16.1625]},"properties":{"d":"2026-10-07","t":"0011","frp":170.5,"b":331.2,"c":1,"s":"MODIS","n":0}},{"type":"Feature","geometry":{"type":"Point","coordinates":[134.241,-16.1483]},"properties":{"d":"2026-10-07","t":"0011","frp":284.4,"b":339.8,"c":2,"s":"MODIS","n":0}},{"type":"Feature","geometry":{"type":"Point","coordinates":[134.2463,-16.1453]},"properties":{"d":"2026-10-07","t":"0011","frp":253.2,"b":337.8,"c":2,"s":"MODIS","n":0}},{"type":"Feature","geometry":{"type":"Point","coordinates":[134.325,-16.1384]},"properties":{"d":"2026-10-07","t":"0011","frp":90.8,"b":321.2,"c":1,"s":"MODIS","n":0}},{"type":"Feature","geometry":{"type":"Point","coordinates":[134.2888,-16.1321]},"properties":{"d":"2026-10-07","t":"0011","frp":98.2,"b":323.7,"c":1,"s":"MODIS","n":0}},{"type":"Feature","geometry":{"type":"Point","coordinates":[134.333,-16.1014]},"properties":{"d":"2026-10-07","t":"0011","frp":152.6,"b":329.0,"c":1,"s":"MODIS","n":0}},{"type":"Feature","geometry":{"type":"Point","coordinates":[133.8889,-16.0993]},"properties":{"d":"2026-10-07","t":"0011","frp":193.8,"b":333.0,"c":2,"s":"MODIS","n":0}},{"type":"Feature","geometry":{"type":"Point","coordinates":[134.3407,-16.0993]},"properties":{"d":"2026-10-07","t":"0011","frp":171.5,"b":330.6,"c":2,"s":"MODIS","n":0}},{"type":"Feature","geometry":{"type":"Point","coordinates":[133.8945,-16.0941]},"properties":{"d":"2026-10-07","t":"0011","frp":247.6,"b":337.4,"c":2,"s":"MODIS","n":0}},{"type":"Feature","geometry":{"type":"Point","coordinates":[134.3764,-16.0879]},"properties":{"d":"2026-10-07","t":"0011","frp":145.6,"b":327.2,"c":1,"s":"MODIS","n":0}},{"type":"Feature","geometry":{"type":"Point","coordinates":[134.3841,-16.0861]},"properties":{"d":"2026-10-07","t":"0011","frp":77.3,"b":319.7,"c":1,"s":"MODIS","n":0}},{"type":"Feature","geometry":{"type":"Point","coordinates":[134.3348,-16.0841]},"properties":{"d":"2026-10-07","t":"0011","frp":325.9,"b":341.7,"c":2,"s":"MODIS","n":0}},{"type":"Feature","geometry":{"type":"Point","coordinates":[134.3425,-16.082]},"properties":{"d":"2026-10-07","t":"0011","frp":418.5,"b":347.1,"c":2,"s":"MODIS","n":0}},{"type":"Feature","geometry":{"type":"Point","coordinates":[133.8962,-16.0774]},"properties":{"d":"2026-10-07","t":"0011","frp":172.2,"b":331.8,"c":2,"s":"MODIS","n":0}},{"type":"Feature","geometry":{"type":"Point","coordinates":[133.9362,-16.0642]},"properties":{"d":"2026-10-07","t":"0011","frp":164.0,"b":331.5,"c":1,"s":"MODIS","n":0}},{"type":"Feature","geometry":{"type":"Point","coordinates":[133.8979,-16.0606]},"properties":{"d":"2026-10-07","t":"0011","frp":145.9,"b":330.3,"c":1,"s":"MODIS","n":0}},{"type":"Feature","geometry":{"type":"Point","coordinates":[133.9074,-16.039]},"properties":{"d":"2026-10-07","t":"0011","frp":89.6,"b":324.4,"c":1,"s":"MODIS","n":0}},{"type":"Feature","geometry":{"type":"Point","coordinates":[133.943,-15.997]},"properties":{"d":"2026-10-07","t":"0011","frp":113.3,"b":326.8,"c":1,"s":"MODIS","n":0}},{"type":"Feature","geometry":{"type":"Point","coordinates":[133.9507,-15.9924]},"properties":{"d":"2026-10-07","t":"0011","frp":198.7,"b":334.4,"c":2,"s":"MODIS","n":0}},{"type":"Feature","geometry":{"type":"Point","coordinates":[133.9122,-15.9887]},"properties":{"d":"2026-10-07","t":"0011","frp":86.6,"b":324.0,"c":1,"s":"MODIS","n":0}},{"type":"Feature","geometry":{"type":"Point","coordinates":[133.9556,-15.942]},"properties":{"d":"2026-10-07","t":"0011","frp":218.5,"b":336.1,"c":2,"s":"MODIS","n":0}},{"type":"Feature","geometry":{"type":"Point","coordinates":[133.9611,-15.9371]},"properties":{"d":"2026-10-07","t":"0011","frp":201.2,"b":334.8,"c":2,"s":"MODIS","n":0}},{"type":"Feature","geometry":{"type":"Point","coordinates":[134.4508,-15.8796]},"properties":{"d":"2026-10-07","t":"0011","frp":51.1,"b":316.0,"c":1,"s":"MODIS","n":0}},{"type":"Feature","geometry":{"type":"Point","coordinates":[134.4579,-15.8782]},"properties":{"d":"2026-10-07","t":"0011","frp":54.4,"b":316.6,"c":1,"s":"MODIS","n":0}},{"type":"Feature","geometry":{"type":"Point","coordinates":[134.4686,-15.8242]},"properties":{"d":"2026-10-07","t":"0011","frp":48.8,"b":316.2,"c":1,"s":"MODIS","n":0}},{"type":"Feature","geometry":{"type":"Point","coordinates":[134.4649,-15.8087]},"properties":{"d":"2026-10-07","t":"0011","frp":51.2,"b":316.4,"c":1,"s":"MODIS","n":0}},{"type":"Feature","geometry":{"type":"Point","coordinates":[134.4704,-15.8069]},"properties":{"d":"2026-10-07","t":"0011","frp":48.2,"b":316.1,"c":0,"s":"MODIS","n":0}},{"type":"Feature","geometry":{"type":"Point","coordinates":[128.7054,-15.6059]},"properties":{"d":"2026-10-07","t":"0011","frp":22.9,"b":324.4,"c":1,"s":"MODIS","n":0}},{"type":"Feature","geometry":{"type":"Point","coordinates":[134.6921,-15.4871]},"properties":{"d":"2026-10-07","t":"0011","frp":151.6,"b":327.5,"c":1,"s":"MODIS","n":0}},{"type":"Feature","geometry":{"type":"Point","coordinates":[134.697,-15.4865]},"properties":{"d":"2026-10-07","t":"0011","frp":205.8,"b":332.1,"c":2,"s":"MODIS","n":0}},{"type":"Feature","geometry":{"type":"Point","coordinates":[134.694,-15.4695]},"properties":{"d":"2026-10-07","t":"0011","frp":47.4,"b":316.9,"c":1,"s":"MODIS","n":0}},{"type":"Feature","geometry":{"type":"Point","coordinates":[134.6987,-15.4688]},"properties":{"d":"2026-10-07","t":"0011","frp":45.9,"b":316.6,"c":0,"s":"MODIS","n":0}},{"type":"Feature","geometry":{"type":"Point","coordinates":[133.846,-15.2438]},"properties":{"d":"2026-10-07","t":"0011","frp":77.4,"b":321.0,"c":1,"s":"MODIS","n":0}},{"type":"Feature","geometry":{"type":"Point","coordinates":[133.8091,-15.2402]},"properties":{"d":"2026-10-07","t":"0011","frp":69.2,"b":320.9,"c":1,"s":"MODIS","n":0}},{"type":"Feature","geometry":{"type":"Point","coordinates":[133.7591,-15.1374]},"properties":{"d":"2026-10-07","t":"0011","frp":49.2,"b":317.5,"c":1,"s":"MODIS","n":0}},{"type":"Feature","geometry":{"type":"Point","coordinates":[133.7892,-15.1313]},"properties":{"d":"2026-10-07","t":"0011","frp":77.8,"b":321.3,"c":1,"s":"MODIS","n":0}},{"type":"Feature","geometry":{"type":"Point","coordinates":[133.7531,-15.1278]},"properties":{"d":"2026-10-07","t":"0011","frp":104.9,"b":324.8,"c":1,"s":"MODIS","n":0}},{"type":"Feature","geometry":{"type":"Point","coordinates":[133.7968,-15.1248]},"properties":{"d":"2026-10-07","t":"0011","frp":34.5,"b":315.6,"c":0,"s":"MODIS","n":0}},{"type":"Feature","geometry":{"type":"Point","coordinates":[133.7609,-15.1211]},"properties":{"d":"2026-10-07","t":"0011","frp":130.8,"b":328.2,"c":1,"s":"MODIS","n":0}},{"type":"Feature","geometry":{"type":"Point","coordinates":[134.5857,-15.0822]},"properties":{"d":"2026-10-07","t":"0011","frp":213.5,"b":332.2,"c":2,"s":"MODIS","n":0}},{"type":"Feature","geometry":{"type":"Point","coordinates":[134.5912,-15.0804]},"properties":{"d":"2026-10-07","t":"0011","frp":161.7,"b":328.1,"c":1,"s":"MODIS","n":0}},{"type":"Feature","geometry":{"type":"Point","coordinates":[133.8764,-15.0663]},"properties":{"d":"2026-10-07","t":"0011","frp":82.0,"b":322.7,"c":1,"s":"MODIS","n":0}},{"type":"Feature","geometry":{"type":"Point","coordinates":[132.7594,-14.7111]},"properties":{"d":"2026-10-07","t":"0011","frp":28.4,"b":315.4,"c":1,"s":"MODIS","n":0}},{"type":"Feature","geometry":{"type":"Point","coordinates":[132.7665,-14.6977]},"properties":{"d":"2026-10-07","t":"0011","frp":122.5,"b":332.6,"c":2,"s":"MODIS","n":0}},{"type":"Feature","geometry":{"type":"Point","coordinates":[132.7384,-14.6794]},"properties":{"d":"2026-10-07","t":"0011","frp":69.1,"b":324.7,"c":1,"s":"MODIS","n":0}},{"type":"Feature","geometry":{"type":"Point","coordinates":[132.7469,-14.666]},"properties":{"d":"2026-10-07","t":"0011","frp":111.4,"b":332.1,"c":2,"s":"MODIS","n":0}},{"type":"Feature","geometry":{"type":"Point","coordinates":[132.74,-14.6644]},"properties":{"d":"2026-10-07","t":"0011","frp":77.0,"b":327.0,"c":1,"s":"MODIS","n":0}},{"type":"Feature","geometry":{"type":"Point","coordinates":[132.8452,-14.5846]},"properties":{"d":"2026-10-07","t":"0011","frp":53.7,"b":322.4,"c":1,"s":"MODIS","n":0}},{"type":"Feature","geometry":{"type":"Point","coordinates":[132.852,-14.5715]},"properties":{"d":"2026-10-07","t":"0011","frp":128.0,"b":333.7,"c":2,"s":"MODIS","n":0}},{"type":"Feature","geometry":{"type":"Point","coordinates":[132.8468,-14.5694]},"properties":{"d":"2026-10-07","t":"0011","frp":94.1,"b":329.0,"c":1,"s":"MODIS","n":0}},{"type":"Feature","geometry":{"type":"Point","coordinates":[129.5905,-14.4988]},"properties":{"d":"2026-10-07","t":"0011","frp":13.8,"b":316.9,"c":1,"s":"MODIS","n":0}},{"type":"Feature","geometry":{"type":"Point","coordinates":[131.9605,-13.0997]},"properties":{"d":"2026-10-07","t":"0011","frp":28.0,"b":315.4,"c":1,"s":"MODIS","n":0}},{"type":"Feature","geometry":{"type":"Point","coordinates":[131.9679,-13.0939]},"properties":{"d":"2026-10-07","t":"0011","frp":22.4,"b":314.0,"c":1,"s":"MODIS","n":0}},{"type":"Feature","geometry":{"type":"Point","coordinates":[124.0122,-9.5128]},"properties":{"d":"2026-10-07","t":"0011","frp":5.6,"b":310.0,"c":1,"s":"MODIS","n":0}},{"type":"Feature","geometry":{"type":"Point","coordinates":[125.2736,-9.0676]},"properties":{"d":"2026-10-07","t":"0011","frp":8.2,"b":314.6,"c":1,"s":"MODIS","n":0}},{"type":"Feature","geometry":{"type":"Point","coordinates":[132.9618,-23.2657]},"properties":{"d":"2026-10-07","t":"0013","frp":49.7,"b":314.6,"c":1,"s":"MODIS","n":0}},{"type":"Feature","geometry":{"type":"Point","coordinates":[132.9205,-23.2626]},"properties":{"d":"2026-10-07","t":"0013","frp":261.8,"b":337.1,"c":2,"s":"MODIS","n":0}},{"type":"Feature","geometry":{"type":"Point","coordinates":[132.9261,-23.2587]},"properties":{"d":"2026-10-07","t":"0013","frp":282.8,"b":339.2,"c":2,"s":"MODIS","n":0}},{"type":"Feature","geometry":{"type":"Point","coordinates":[132.8444,-23.1889]},"properties":{"d":"2026-10-07","t":"0013","frp":49.2,"b":315.6,"c":0,"s":"MODIS","n":0}},{"type":"Feature","geometry":{"type":"Point","coordinates":[132.8499,-23.1845]},"properties":{"d":"2026-10-07","t":"0013","frp":74.6,"b":318.4,"c":1,"s":"MODIS","n":0}},{"type":"Feature","geometry":{"type":"Point","coordinates":[132.7563,-22.9979]},"properties":{"d":"2026-10-07","t":"0013","frp":39.1,"b":312.5,"c":1,"s":"MODIS","n":0}},{"type":"Feature","geometry":{"type":"Point","coordinates":[132.7975,-22.9841]},"properties":{"d":"2026-10-07","t":"0013","frp":164.5,"b":328.4,"c":1,"s":"MODIS","n":0}},{"type":"Feature","geometry":{"type":"Point","coordinates":[128.9046,-18.396]},"properties":{"d":"2026-10-07","t":"0013","frp":19.1,"b":322.7,"c":1,"s":"MODIS","n":0}},{"type":"Feature","geometry":{"type":"Point","coordinates":[128.906,-18.3842]},"properties":{"d":"2026-10-07","t":"0013","frp":30.0,"b":327.3,"c":1,"s":"MODIS","n":0}},{"type":"Feature","geometry":{"type":"Point","coordinates":[128.8916,-18.3587]},"properties":{"d":"2026-10-07","t":"0013","frp":23.8,"b":324.1,"c":1,"s":"MODIS","n":0}},{"type":"Feature","geometry":{"type":"Point","coordinates":[128.8589,-18.3432]},"properties":{"d":"2026-10-07","t":"0013","frp":19.3,"b":322.8,"c":0,"s":"MODIS","n":0}},{"type":"Feature","geometry":{"type":"Point","coordinates":[128.8082,-18.3375]},"properties":{"d":"2026-10-07","t":"0013","frp":21.3,"b":324.0,"c":1,"s":"MODIS","n":0}},{"type":"Feature","geometry":{"type":"Point","coordinates":[128.7914,-18.3356]},"properties":{"d":"2026-10-07","t":"0013","frp":33.1,"b":328.6,"c":1,"s":"MODIS","n":0}},{"type":"Feature","geometry":{"type":"Point","coordinates":[128.787,-18.2792]},"properties":{"d":"2026-10-07","t":"0013","frp":22.1,"b":322.8,"c":1,"s":"MODIS","n":0}}]}