{"type":"FeatureCollection","features":[{"type":"Feature","geometry":{"type":"Point","coordinates":[146.7667,-42.2411]},"properties":{"d":"2026-10-08","t":"0342","frp":8.9,"b":339.2,"c":1,"s":"N21","n":0}},{"type":"Feature","geometry":{"type":"Point","coordinates":[147.5175,-41.6602]},"properties":{"d":"2026-10-08","t":"0342","frp":7.0,"b":326.1,"c":0,"s":"N21","n":0}},{"type":"Feature","geometry":{"type":"Point","coordinates":[147.5095,-41.653]},"properties":{"d":"2026-10-08","t":"0342","frp":26.7,"b":333.7,"c":1,"s":"N21","n":0}},{"type":"Feature","geometry":{"type":"Point","coordinates":[147.5087,-41.649]},"properties":{"d":"2026-10-08","t":"0342","frp":26.7,"b":336.9,"c":1,"s":"N21","n":0}},{"type":"Feature","geometry":{"type":"Point","coordinates":[147.0402,-41.5092]},"properties":{"d":"2026-10-08","t":"0342","frp":3.9,"b":333.5,"c":1,"s":"N21","n":0}},{"type":"Feature","geometry":{"type":"Point","coordinates":[147.0075,-41.2698]},"properties":{"d":"2026-10-08","t":"0342","frp":8.4,"b":350.1,"c":1,"s":"N21","n":0}},{"type":"Feature","geometry":{"type":"Point","coordinates":[147.0122,-41.2693]},"properties":{"d":"2026-10-08","t":"0342","frp":8.4,"b":351.3,"c":1,"s":"N21","n":0}},{"type":"Feature","geometry":{"type":"Point","coordinates":[147.0171,-41.2688]},"properties":{"d":"2026-10-08","t":"0342","frp":12.3,"b":354.7,"c":1,"s":"N21","n":0}},{"type":"Feature","geometry":{"type":"Point","coordinates":[147.022,-41.2684]},"properties":{"d":"2026-10-08","t":"0342","frp":12.3,"b":337.7,"c":1,"s":"N21","n":0}},{"type":"Feature","geometry":{"type":"Point","coordinates":[147.0317,-41.2674]},"properties":{"d":"2026-10-08","t":"0342","frp":4.1,"b":327.1,"c":1,"s":"N21","n":0}},{"type":"Feature","geometry":{"type":"Point","coordinates":[147.0117,-41.2653]},"properties":{"d":"2026-10-08","t":"0342","frp":5.3,"b":326.6,"c":1,"s":"N21","n":0}},{"type":"Feature","geometry":{"type":"Point","coordinates":[147.0166,-41.2648]},"properties":{"d":"2026-10-08","t":"0342","frp":15.5,"b":353.7,"c":1,"s":"N21","n":0}},{"type":"Feature","geometry":{"type":"Point","coordinates":[147.0262,-41.2639]},"properties":{"d":"2026-10-08","t":"0342","frp":19.1,"b":353.5,"c":1,"s":"N21","n":0}},{"type":"Feature","geometry":{"type":"Point","coordinates":[147.0256,-41.2598]},"properties":{"d":"2026-10-08","t":"0342","frp":19.1,"b":343.0,"c":1,"s":"N21","n":0}},{"type":"Feature","geometry":{"type":"Point","coordinates":[147.6423,-41.0844]},"properties":{"d":"2026-10-08","t":"0342","frp":4.6,"b":329.8,"c":1,"s":"N21","n":0}},{"type":"Feature","geometry":{"type":"Point","coordinates":[147.647,-41.0838]},"properties":{"d":"2026-10-08","t":"0342","frp":6.3,"b":331.2,"c":1,"s":"N21","n":0}},{"type":"Feature","geometry":{"type":"Point","coordinates":[147.6175,-40.9559]},"properties":{"d":"2026-10-08","t":"0342","frp":3.5,"b":329.6,"c":1,"s":"N21","n":0}},{"type":"Feature","geometry":{"type":"Point","coordinates":[147.7089,-40.9226]},"properties":{"d":"2026-10-08","t":"0342","frp":15.9,"b":332.8,"c":1,"s":"N21","n":0}},{"type":"Feature","geometry":{"type":"Point","coordinates":[142.4988,-38.0711]},"properties":{"d":"2026-10-08","t":"0342","frp":24.8,"b":367.0,"c":2,"s":"N21","n":0}},{"type":"Feature","geometry":{"type":"Point","coordinates":[144.3144,-37.9609]},"properties":{"d":"2026-10-08","t":"0342","frp":3.5,"b":331.2,"c":1,"s":"N21","n":0}},{"type":"Feature","geometry":{"type":"Point","coordinates":[143.3075,-37.9292]},"properties":{"d":"2026-10-08","t":"0345","frp":38.2,"b":338.4,"c":1,"s":"N21","n":0}},{"type":"Feature","geometry":{"type":"Point","coordinates":[143.2882,-37.926]},"properties":{"d":"2026-10-08","t":"0345","frp":96.8,"b":335.2,"c":1,"s":"N21","n":0}},{"type":"Feature","geometry":{"type":"Point","coordinates":[144.7895,-37.8347]},"properties":{"d":"2026-10-08","t":"0345","frp":4.7,"b":338.9,"c":1,"s":"N21","n":0}},{"type":"Feature","geometry":{"type":"Point","coordinates":[141.1042,-37.6561]},"properties":{"d":"2026-10-08","t":"0345","frp":10.7,"b":367.0,"c":2,"s":"N21","n":0}},{"type":"Feature","geometry":{"type":"Point","coordinates":[144.596,-37.3411]},"properties":{"d":"2026-10-08","t":"0345","frp":3.5,"b":331.5,"c":1,"s":"N21","n":0}},{"type":"Feature","geometry":{"type":"Point","coordinates":[141.304,-36.4776]},"properties":{"d":"2026-10-08","t":"0345","frp":6.6,"b":338.3,"c":1,"s":"N21","n":0}},{"type":"Feature","geometry":{"type":"Point","coordinates":[141.3078,-36.4774]},"properties":{"d":"2026-10-08","t":"0345","frp":6.6,"b":367.0,"c":2,"s":"N21","n":0}},{"type":"Feature","geometry":{"type":"Point","coordinates":[145.4503,-36.4198]},"properties":{"d":"2026-10-08","t":"0345","frp":13.7,"b":353.1,"c":1,"s":"N21","n":0}},{"type":"Feature","geometry":{"type":"Point","coordinates":[145.4549,-36.4194]},"properties":{"d":"2026-10-08","t":"0345","frp":13.7,"b":338.5,"c":1,"s":"N21","n":0}},{"type":"Feature","geometry":{"type":"Point","coordinates":[145.4497,-36.4157]},"properties":{"d":"2026-10-08","t":"0345","frp":8.8,"b":340.3,"c":1,"s":"N21","n":0}},{"type":"Feature","geometry":{"type":"Point","coordinates":[141.429,-36.1471]},"properties":{"d":"2026-10-08","t":"0345","frp":1.3,"b":330.4,"c":1,"s":"N21","n":0}},{"type":"Feature","geometry":{"type":"Point","coordinates":[143.6708,-36.1433]},"properties":{"d":"2026-10-08","t":"0345","frp":7.1,"b":336.8,"c":1,"s":"N21","n":0}},{"type":"Feature","geometry":{"type":"Point","coordinates":[148.843,-36.0887]},"properties":{"d":"2026-10-08","t":"0345","frp":1.3,"b":327.7,"c":1,"s":"N21","n":0}},{"type":"Feature","geometry":{"type":"Point","coordinates":[137.0993,-35.7833]},"properties":{"d":"2026-10-08","t":"0345","frp":35.3,"b":355.7,"c":1,"s":"N21","n":0}},{"type":"Feature","geometry":{"type":"Point","coordinates":[137.1017,-35.7831]},"properties":{"d":"2026-10-08","t":"0345","frp":39.1,"b":367.0,"c":2,"s":"N21","n":0}},{"type":"Feature","geometry":{"type":"Point","coordinates":[137.1057,-35.7831]},"properties":{"d":"2026-10-08","t":"0345","frp":24.3,"b":367.0,"c":2,"s":"N21","n":0}},{"type":"Feature","geometry":{"type":"Point","coordinates":[150.8929,-34.4673]},"properties":{"d":"2026-10-08","t":"0345","frp":3.0,"b":331.1,"c":1,"s":"N21","n":0}},{"type":"Feature","geometry":{"type":"Point","coordinates":[150.883,-34.4619]},"properties":{"d":"2026-10-08","t":"0345","frp":3.8,"b":338.5,"c":1,"s":"N21","n":0}},{"type":"Feature","geometry":{"type":"Point","coordinates":[150.8872,-34.4613]},"properties":{"d":"2026-10-08","t":"0345","frp":4.7,"b":341.7,"c":1,"s":"N21","n":0}},{"type":"Feature","geometry":{"type":"Point","coordinates":[150.8823,-34.4586]},"properties":{"d":"2026-10-08","t":"0345","frp":3.8,"b":333.7,"c":1,"s":"N21","n":0}},{"type":"Feature","geometry":{"type":"Point","coordinates":[149.7165,-34.4375]},"properties":{"d":"2026-10-08","t":"0345","frp":3.3,"b":332.2,"c":1,"s":"N21","n":0}},{"type":"Feature","geometry":{"type":"Point","coordinates":[150.8878,-33.6623]},"properties":{"d":"2026-10-08","t":"0345","frp":1.1,"b":328.7,"c":0,"s":"N21","n":0}},{"type":"Feature","geometry":{"type":"Point","coordinates":[138.1089,-33.1335]},"properties":{"d":"2026-10-08","t":"0345","frp":4.3,"b":334.0,"c":0,"s":"N21","n":0}},{"type":"Feature","geometry":{"type":"Point","coordinates":[138.1097,-33.1315]},"properties":{"d":"2026-10-08","t":"0345","frp":6.8,"b":341.5,"c":1,"s":"N21","n":0}},{"type":"Feature","geometry":{"type":"Point","coordinates":[146.6246,-32.3601]},"properties":{"d":"2026-10-08","t":"0345","frp":14.2,"b":347.1,"c":1,"s":"N21","n":0}},{"type":"Feature","geometry":{"type":"Point","coordinates":[146.6349,-32.3588]},"properties":{"d":"2026-10-08","t":"0345","frp":13.6,"b":343.6,"c":1,"s":"N21","n":0}},{"type":"Feature","geometry":{"type":"Point","coordinates":[151.8792,-32.1112]},"properties":{"d":"2026-10-08","t":"0345","frp":9.1,"b":346.2,"c":1,"s":"N21","n":0}},{"type":"Feature","geometry":{"type":"Point","coordinates":[145.2015,-31.8901]},"properties":{"d":"2026-10-08","t":"0345","frp":9.4,"b":349.6,"c":1,"s":"N21","n":0}},{"type":"Feature","geometry":{"type":"Point","coordinates":[145.1976,-31.8896]},"properties":{"d":"2026-10-08","t":"0345","frp":6.8,"b":342.1,"c":0,"s":"N21","n":0}},{"type":"Feature","geometry":{"type":"Point","coordinates":[147.008,-31.6357]},"properties":{"d":"2026-10-08","t":"0345","frp":4.7,"b":341.2,"c":0,"s":"N21","n":0}},{"type":"Feature","geometry":{"type":"Point","coordinates":[147.0026,-31.6327]},"properties":{"d":"2026-10-08","t":"0345","frp":16.1,"b":339.4,"c":0,"s":"N21","n":0}},{"type":"Feature","geometry":{"type":"Point","coordinates":[145.0257,-31.4723]},"properties":{"d":"2026-10-08","t":"0345","frp":6.3,"b":350.2,"c":1,"s":"N21","n":0}},{"type":"Feature","geometry":{"type":"Point","coordinates":[146.4425,-31.3899]},"properties":{"d":"2026-10-08","t":"0345","frp":17.8,"b":347.0,"c":1,"s":"N21","n":0}},{"type":"Feature","geometry":{"type":"Point","coordinates":[151.7182,-31.2544]},"properties":{"d":"2026-10-08","t":"0345","frp":3.1,"b":331.8,"c":1,"s":"N21","n":0}},{"type":"Feature","geometry":{"type":"Point","coordinates":[151.5,-31.2222]},"properties":{"d":"2026-10-08","t":"0345","frp":5.3,"b":352.2,"c":1,"s":"N21","n":0}},{"type":"Feature","geometry":{"type":"Point","coordinates":[151.4993,-31.2188]},"properties":{"d":"2026-10-08","t":"0345","frp":5.3,"b":332.9,"c":1,"s":"N21","n":0}},{"type":"Feature","geometry":{"type":"Point","coordinates":[146.0041,-31.1663]},"properties":{"d":"2026-10-08","t":"0345","frp":10.8,"b":347.0,"c":1,"s":"N21","n":0}},{"type":"Feature","geometry":{"type":"Point","coordinates":[146.0093,-31.1657]},"properties":{"d":"2026-10-08","t":"0345","frp":10.8,"b":355.9,"c":1,"s":"N21","n":0}},{"type":"Feature","geometry":{"type":"Point","coordinates":[146.0067,-31.1653]},"properties":{"d":"2026-10-08","t":"0345","frp":10.2,"b":354.8,"c":1,"s":"N21","n":0}},{"type":"Feature","geometry":{"type":"Point","coordinates":[146.0146,-31.1651]},"properties":{"d":"2026-10-08","t":"0345","frp":11.2,"b":351.2,"c":1,"s":"N21","n":0}},{"type":"Feature","geometry":{"type":"Point","coordinates":[146.012,-31.1646]},"properties":{"d":"2026-10-08","t":"0345","frp":10.2,"b":352.9,"c":1,"s":"N21","n":0}},{"type":"Feature","geometry":{"type":"Point","coordinates":[146.0172,-31.164]},"properties":{"d":"2026-10-08","t":"0345","frp":11.5,"b":367.0,"c":2,"s":"N21","n":0}},{"type":"Feature","geometry":{"type":"Point","coordinates":[146.0224,-31.1633]},"properties":{"d":"2026-10-08","t":"0345","frp":11.5,"b":349.6,"c":1,"s":"N21","n":0}},{"type":"Feature","geometry":{"type":"Point","coordinates":[146.0192,-31.1607]},"properties":{"d":"2026-10-08","t":"0345","frp":11.2,"b":352.0,"c":1,"s":"N21","n":0}},{"type":"Feature","geometry":{"type":"Point","coordinates":[146.0244,-31.1601]},"properties":{"d":"2026-10-08","t":"0345","frp":9.8,"b":351.0,"c":1,"s":"N21","n":0}},{"type":"Feature","geometry":{"type":"Point","coordinates":[151.6167,-31.155]},"properties":{"d":"2026-10-08","t":"0345","frp":3.3,"b":336.6,"c":1,"s":"N21","n":0}},{"type":"Feature","geometry":{"type":"Point","coordinates":[148.1948,-30.9327]},"properties":{"d":"2026-10-08","t":"0345","frp":5.5,"b":347.3,"c":0,"s":"N21","n":0}},{"type":"Feature","geometry":{"type":"Point","coordinates":[148.1899,-30.9299]},"properties":{"d":"2026-10-08","t":"0345","frp":5.5,"b":343.7,"c":0,"s":"N21","n":0}},{"type":"Feature","geometry":{"type":"Point","coordinates":[151.2817,-30.7869]},"properties":{"d":"2026-10-08","t":"0345","frp":6.5,"b":333.1,"c":1,"s":"N21","n":0}},{"type":"Feature","geometry":{"type":"Point","coordinates":[151.2857,-30.7862]},"properties":{"d":"2026-10-08","t":"0345","frp":10.0,"b":333.1,"c":1,"s":"N21","n":0}},{"type":"Feature","geometry":{"type":"Point","coordinates":[147.728,-30.6709]},"properties":{"d":"2026-10-08","t":"0345","frp":18.5,"b":348.2,"c":1,"s":"N21","n":0}},{"type":"Feature","geometry":{"type":"Point","coordinates":[147.723,-30.668]},"properties":{"d":"2026-10-08","t":"0345","frp":44.7,"b":353.0,"c":1,"s":"N21","n":0}},{"type":"Feature","geometry":{"type":"Point","coordinates":[147.7274,-30.6674]},"properties":{"d":"2026-10-08","t":"0345","frp":18.5,"b":348.6,"c":0,"s":"N21","n":0}},{"type":"Feature","geometry":{"type":"Point","coordinates":[147.7224,-30.6646]},"properties":{"d":"2026-10-08","t":"0345","frp":26.8,"b":349.8,"c":1,"s":"N21","n":0}},{"type":"Feature","geometry":{"type":"Point","coordinates":[151.0772,-30.5673]},"properties":{"d":"2026-10-08","t":"0345","frp":17.9,"b":354.5,"c":1,"s":"N21","n":0}},{"type":"Feature","geometry":{"type":"Point","coordinates":[152.1605,-30.4027]},"properties":{"d":"2026-10-08","t":"0345","frp":6.9,"b":337.2,"c":1,"s":"N21","n":0}},{"type":"Feature","geometry":{"type":"Point","coordinates":[148.989,-30.2933]},"properties":{"d":"2026-10-08","t":"0345","frp":23.3,"b":344.2,"c":0,"s":"N21","n":0}},{"type":"Feature","geometry":{"type":"Point","coordinates":[153.0111,-29.6865]},"properties":{"d":"2026-10-08","t":"0345","frp":5.4,"b":335.4,"c":1,"s":"N21","n":0}},{"type":"Feature","geometry":{"type":"Point","coordinates":[153.0103,-29.683]},"properties":{"d":"2026-10-08","t":"0345","frp":5.4,"b":339.1,"c":1,"s":"N21","n":0}},{"type":"Feature","geometry":{"type":"Point","coordinates":[152.6782,-29.4571]},"properties":{"d":"2026-10-08","t":"0345","frp":3.0,"b":338.3,"c":1,"s":"N21","n":0}},{"type":"Feature","geometry":{"type":"Point","coordinates":[152.6668,-29.4483]},"properties":{"d":"2026-10-08","t":"0345","frp":4.7,"b":337.4,"c":1,"s":"N21","n":0}},{"type":"Feature","geometry":{"type":"Point","coordinates":[152.6712,-29.4475]},"properties":{"d":"2026-10-08","t":"0345","frp":8.8,"b":349.1,"c":1,"s":"N21","n":0}},{"type":"Feature","geometry":{"type":"Point","coordinates":[152.666,-29.4448]},"properties":{"d":"2026-10-08","t":"0345","frp":4.7,"b":347.1,"c":1,"s":"N21","n":0}},{"type":"Feature","geometry":{"type":"Point","coordinates":[152.6704,-29.4441]},"properties":{"d":"2026-10-08","t":"0345","frp":8.8,"b":345.9,"c":1,"s":"N21","n":0}},{"type":"Feature","geometry":{"type":"Point","coordinates":[147.9907,-29.1649]},"properties":{"d":"2026-10-08","t":"0347","frp":6.8,"b":342.7,"c":1,"s":"N21","n":0}},{"type":"Feature","geometry":{"type":"Point","coordinates":[152.5145,-28.9067]},"properties":{"d":"2026-10-08","t":"0347","frp":4.4,"b":330.4,"c":1,"s":"N21","n":0}},{"type":"Feature","geometry":{"type":"Point","coordinates":[152.5189,-28.9059]},"properties":{"d":"2026-10-08","t":"0347","frp":3.6,"b":331.0,"c":1,"s":"N21","n":0}},{"type":"Feature","geometry":{"type":"Point","coordinates":[148.7347,-27.8541]},"properties":{"d":"2026-10-08","t":"0347","frp":10.3,"b":348.8,"c":1,"s":"N21","n":0}},{"type":"Feature","geometry":{"type":"Point","coordinates":[147.5999,-27.7829]},"properties":{"d":"2026-10-08","t":"0347","frp":7.9,"b":340.0,"c":1,"s":"N21","n":0}},{"type":"Feature","geometry":{"type":"Point","coordinates":[149.6508,-27.148]},"properties":{"d":"2026-10-08","t":"0347","frp":6.6,"b":343.0,"c":0,"s":"N21","n":0}},{"type":"Feature","geometry":{"type":"Point","coordinates":[148.6563,-27.0036]},"properties":{"d":"2026-10-08","t":"0347","frp":17.0,"b":351.7,"c":1,"s":"N21","n":0}},{"type":"Feature","geometry":{"type":"Point","coordinates":[148.6602,-27.003]},"properties":{"d":"2026-10-08","t":"0347","frp":3.5,"b":338.3,"c":1,"s":"N21","n":0}},{"type":"Feature","geometry":{"type":"Point","coordinates":[148.6557,-27.0002]},"properties":{"d":"2026-10-08","t":"0347","frp":17.0,"b":342.7,"c":1,"s":"N21","n":0}},{"type":"Feature","geometry":{"type":"Point","coordinates":[148.6596,-26.9997]},"properties":{"d":"2026-10-08","t":"0347","frp":3.5,"b":335.5,"c":1,"s":"N21","n":0}},{"type":"Feature","geometry":{"type":"Point","coordinates":[148.7062,-26.9927]},"properties":{"d":"2026-10-08","t":"0347","frp":6.7,"b":333.4,"c":0,"s":"N21","n":0}},{"type":"Feature","geometry":{"type":"Point","coordinates":[146.087,-26.6896]},"properties":{"d":"2026-10-08","t":"0347","frp":79.0,"b":367.0,"c":2,"s":"N21","n":0}},{"type":"Feature","geometry":{"type":"Point","coordinates":[146.0909,-26.6854]},"properties":{"d":"2026-10-08","t":"0347","frp":75.7,"b":367.0,"c":0,"s":"N21","n":0}},{"type":"Feature","geometry":{"type":"Point","coordinates":[149.2103,-25.0505]},"properties":{"d":"2026-10-08","t":"0347","frp":5.7,"b":330.8,"c":1,"s":"N21","n":0}},{"type":"Feature","geometry":{"type":"Point","coordinates":[149.2141,-25.0499]},"properties":{"d":"2026-10-08","t":"0347","frp":11.4,"b":342.9,"c":1,"s":"N21","n":0}},{"type":"Feature","geometry":{"type":"Point","coordinates":[147.2353,-25.0401]},"properties":{"d":"2026-10-08","t":"0347","frp":2.6,"b":333.5,"c":0,"s":"N21","n":0}},{"type":"Feature","geometry":{"type":"Point","coordinates":[146.8914,-24.904]},"properties":{"d":"2026-10-08","t":"0347","frp":10.5,"b":345.0,"c":1,"s":"N21","n":0}},{"type":"Feature","geometry":{"type":"Point","coordinates":[146.9422,-24.2985]},"properties":{"d":"2026-10-08","t":"0347","frp":6.6,"b":350.2,"c":1,"s":"N21","n":0}},{"type":"Feature","geometry":{"type":"Point","coordinates":[146.954,-24.2969]},"properties":{"d":"2026-10-08","t":"0347","frp":4.0,"b":333.2,"c":0,"s":"N21","n":0}},{"type":"Feature","geometry":{"type":"Point","coordinates":[146.958,-24.2963]},"properties":{"d":"2026-10-08","t":"0347","frp":13.7,"b":354.3,"c":1,"s":"N21","n":0}},{"type":"Feature","geometry":{"type":"Point","coordinates":[146.9619,-24.2958]},"properties":{"d":"2026-10-08","t":"0347","frp":13.7,"b":367.0,"c":2,"s":"N21","n":0}},{"type":"Feature","geometry":{"type":"Point","coordinates":[146.9417,-24.2952]},"properties":{"d":"2026-10-08","t":"0347","frp":7.8,"b":346.1,"c":1,"s":"N21","n":0}},{"type":"Feature","geometry":{"type":"Point","coordinates":[146.9456,-24.2946]},"properties":{"d":"2026-10-08","t":"0347","frp":7.8,"b":344.9,"c":1,"s":"N21","n":0}},{"type":"Feature","geometry":{"type":"Point","coordinates":[146.9574,-24.2929]},"properties":{"d":"2026-10-08","t":"0347","frp":8.7,"b":344.1,"c":1,"s":"N21","n":0}},{"type":"Feature","geometry":{"type":"Point","coordinates":[146.9613,-24.2924]},"properties":{"d":"2026-10-08","t":"0347","frp":8.7,"b":367.0,"c":2,"s":"N21","n":0}},{"type":"Feature","geometry":{"type":"Point","coordinates":[146.9411,-24.2918]},"properties":{"d":"2026-10-08","t":"0347","frp":7.8,"b":346.0,"c":1,"s":"N21","n":0}},{"type":"Feature","geometry":{"type":"Point","coordinates":[146.9451,-24.2912]},"properties":{"d":"2026-10-08","t":"0347","frp":7.8,"b":353.3,"c":1,"s":"N21","n":0}},{"type":"Feature","geometry":{"type":"Point","coordinates":[146.9608,-24.289]},"properties":{"d":"2026-10-08","t":"0347","frp":8.7,"b":353.0,"c":1,"s":"N21","n":0}},{"type":"Feature","geometry":{"type":"Point","coordinates":[146.9563,-24.2862]},"properties":{"d":"2026-10-08","t":"0347","frp":4.9,"b":348.4,"c":1,"s":"N21","n":0}},{"type":"Feature","geometry":{"type":"Point","coordinates":[146.9602,-24.2856]},"properties":{"d":"2026-10-08","t":"0347","frp":4.9,"b":344.8,"c":1,"s":"N21","n":0}},{"type":"Feature","geometry":{"type":"Point","coordinates":[146.9641,-24.285]},"properties":{"d":"2026-10-08","t":"0347","frp":4.6,"b":339.9,"c":0,"s":"N21","n":0}},{"type":"Feature","geometry":{"type":"Point","coordinates":[146.9557,-24.2828]},"properties":{"d":"2026-10-08","t":"0347","frp":4.9,"b":341.3,"c":0,"s":"N21","n":0}},{"type":"Feature","geometry":{"type":"Point","coordinates":[146.9596,-24.2822]},"properties":{"d":"2026-10-08","t":"0347","frp":4.9,"b":339.0,"c":0,"s":"N21","n":0}},{"type":"Feature","geometry":{"type":"Point","coordinates":[146.9636,-24.2817]},"properties":{"d":"2026-10-08","t":"0347","frp":4.6,"b":345.9,"c":1,"s":"N21","n":0}},{"type":"Feature","geometry":{"type":"Point","coordinates":[146.963,-24.2783]},"properties":{"d":"2026-10-08","t":"0347","frp":6.3,"b":340.6,"c":0,"s":"N21","n":0}},{"type":"Feature","geometry":{"type":"Point","coordinates":[146.9669,-24.2777]},"properties":{"d":"2026-10-08","t":"0347","frp":6.3,"b":334.8,"c":0,"s":"N21","n":0}},{"type":"Feature","geometry":{"type":"Point","coordinates":[149.4458,-23.7245]},"properties":{"d":"2026-10-08","t":"0347","frp":3.5,"b":339.2,"c":1,"s":"N21","n":0}},{"type":"Feature","geometry":{"type":"Point","coordinates":[147.6358,-22.7319]},"properties":{"d":"2026-10-08","t":"0347","frp":5.7,"b":338.6,"c":0,"s":"N21","n":0}},{"type":"Feature","geometry":{"type":"Point","coordinates":[147.9798,-22.6599]},"properties":{"d":"2026-10-08","t":"0347","frp":6.8,"b":349.9,"c":1,"s":"N21","n":0}},{"type":"Feature","geometry":{"type":"Point","coordinates":[147.9792,-22.6566]},"properties":{"d":"2026-10-08","t":"0347","frp":9.0,"b":349.3,"c":1,"s":"N21","n":0}},{"type":"Feature","geometry":{"type":"Point","coordinates":[147.9978,-22.6538]},"properties":{"d":"2026-10-08","t":"0347","frp":4.3,"b":333.6,"c":1,"s":"N21","n":0}},{"type":"Feature","geometry":{"type":"Point","coordinates":[147.9973,-22.6505]},"properties":{"d":"2026-10-08","t":"0347","frp":4.3,"b":336.4,"c":1,"s":"N21","n":0}},{"type":"Feature","geometry":{"type":"Point","coordinates":[147.9967,-22.6471]},"properties":{"d":"2026-10-08","t":"0347","frp":4.1,"b":334.7,"c":1,"s":"N21","n":0}},{"type":"Feature","geometry":{"type":"Point","coordinates":[147.9886,-22.645]},"properties":{"d":"2026-10-08","t":"0347","frp":7.1,"b":333.6,"c":1,"s":"N21","n":0}},{"type":"Feature","geometry":{"type":"Point","coordinates":[147.9924,-22.6444]},"properties":{"d":"2026-10-08","t":"0347","frp":7.1,"b":335.1,"c":0,"s":"N21","n":0}},{"type":"Feature","geometry":{"type":"Point","coordinates":[142.0501,-19.6416]},"properties":{"d":"2026-10-08","t":"0347","frp":29.3,"b":345.6,"c":1,"s":"N21","n":0}},{"type":"Feature","geometry":{"type":"Point","coordinates":[142.0496,-19.6376]},"properties":{"d":"2026-10-08","t":"0347","frp":29.3,"b":344.2,"c":1,"s":"N21","n":0}},{"type":"Feature","geometry":{"type":"Point","coordinates":[142.0839,-19.6374]},"properties":{"d":"2026-10-08","t":"0347","frp":7.2,"b":337.7,"c":1,"s":"N21","n":0}},{"type":"Feature","geometry":{"type":"Point","coordinates":[142.0533,-19.6371]},"properties":{"d":"2026-10-08","t":"0347","frp":13.9,"b":344.6,"c":1,"s":"N21","n":0}},{"type":"Feature","geometry":{"type":"Point","coordinates":[142.0876,-19.6369]},"properties":{"d":"2026-10-08","t":"0347","frp":7.2,"b":341.9,"c":1,"s":"N21","n":0}},{"type":"Feature","geometry":{"type":"Point","coordinates":[142.0834,-19.6334]},"properties":{"d":"2026-10-08","t":"0347","frp":7.2,"b":367.0,"c":2,"s":"N21","n":0}},{"type":"Feature","geometry":{"type":"Point","coordinates":[142.0528,-19.633]},"properties":{"d":"2026-10-08","t":"0347","frp":10.0,"b":345.6,"c":1,"s":"N21","n":0}},{"type":"Feature","geometry":{"type":"Point","coordinates":[142.0565,-19.6326]},"properties":{"d":"2026-10-08","t":"0347","frp":10.0,"b":349.4,"c":1,"s":"N21","n":0}},{"type":"Feature","geometry":{"type":"Point","coordinates":[142.0716,-19.6307]},"properties":{"d":"2026-10-08","t":"0347","frp":7.3,"b":351.4,"c":1,"s":"N21","n":0}},{"type":"Feature","geometry":{"type":"Point","coordinates":[142.0753,-19.6302]},"properties":{"d":"2026-10-08","t":"0347","frp":9.8,"b":349.6,"c":1,"s":"N21","n":0}},{"type":"Feature","geometry":{"type":"Point","coordinates":[142.0791,-19.6298]},"properties":{"d":"2026-10-08","t":"0347","frp":9.8,"b":350.0,"c":1,"s":"N21","n":0}},{"type":"Feature","geometry":{"type":"Point","coordinates":[142.0598,-19.6281]},"properties":{"d":"2026-10-08","t":"0347","frp":15.3,"b":352.6,"c":1,"s":"N21","n":0}},{"type":"Feature","geometry":{"type":"Point","coordinates":[142.0673,-19.6271]},"properties":{"d":"2026-10-08","t":"0347","frp":7.3,"b":350.6,"c":1,"s":"N21","n":0}},{"type":"Feature","geometry":{"type":"Point","coordinates":[142.071,-19.6267]},"properties":{"d":"2026-10-08","t":"0347","frp":7.3,"b":343.0,"c":1,"s":"N21","n":0}},{"type":"Feature","geometry":{"type":"Point","coordinates":[147.268,-19.5816]},"properties":{"d":"2026-10-08","t":"0347","frp":6.4,"b":348.8,"c":1,"s":"N21","n":0}},{"type":"Feature","geometry":{"type":"Point","coordinates":[145.9652,-19.127]},"properties":{"d":"2026-10-08","t":"0347","frp":4.0,"b":332.5,"c":0,"s":"N21","n":0}},{"type":"Feature","geometry":{"type":"Point","coordinates":[145.9603,-19.1209]},"properties":{"d":"2026-10-08","t":"0347","frp":2.9,"b":335.6,"c":0,"s":"N21","n":0}},{"type":"Feature","geometry":{"type":"Point","coordinates":[145.964,-19.1203]},"properties":{"d":"2026-10-08","t":"0347","frp":2.9,"b":334.0,"c":0,"s":"N21","n":0}},{"type":"Feature","geometry":{"type":"Point","coordinates":[138.4953,-18.6219]},"properties":{"d":"2026-10-08","t":"0347","frp":9.6,"b":343.3,"c":1,"s":"N21","n":0}},{"type":"Feature","geometry":{"type":"Point","coordinates":[138.5013,-18.6213]},"properties":{"d":"2026-10-08","t":"0347","frp":10.2,"b":353.2,"c":1,"s":"N21","n":0}},{"type":"Feature","geometry":{"type":"Point","coordinates":[138.3282,-18.6211]},"properties":{"d":"2026-10-08","t":"0347","frp":10.6,"b":352.0,"c":1,"s":"N21","n":0}},{"type":"Feature","geometry":{"type":"Point","coordinates":[138.3314,-18.6208]},"properties":{"d":"2026-10-08","t":"0347","frp":9.6,"b":343.0,"c":0,"s":"N21","n":0}},{"type":"Feature","geometry":{"type":"Point","coordinates":[138.3296,-18.6189]},"properties":{"d":"2026-10-08","t":"0347","frp":8.2,"b":367.0,"c":2,"s":"N21","n":0}},{"type":"Feature","geometry":{"type":"Point","coordinates":[138.5032,-18.6109]},"properties":{"d":"2026-10-08","t":"0347","frp":4.6,"b":342.3,"c":1,"s":"N21","n":0}},{"type":"Feature","geometry":{"type":"Point","coordinates":[138.5011,-18.6068]},"properties":{"d":"2026-10-08","t":"0347","frp":5.9,"b":341.1,"c":0,"s":"N21","n":0}},{"type":"Feature","geometry":{"type":"Point","coordinates":[138.5027,-18.6058]},"properties":{"d":"2026-10-08","t":"0347","frp":4.6,"b":343.5,"c":1,"s":"N21","n":0}},{"type":"Feature","geometry":{"type":"Point","coordinates":[138.4949,-18.6024]},"properties":{"d":"2026-10-08","t":"0347","frp":10.1,"b":367.0,"c":2,"s":"N21","n":0}},{"type":"Feature","geometry":{"type":"Point","coordinates":[138.5005,-18.6017]},"properties":{"d":"2026-10-08","t":"0347","frp":5.9,"b":341.3,"c":1,"s":"N21","n":0}},{"type":"Feature","geometry":{"type":"Point","coordinates":[138.4937,-18.6017]},"properties":{"d":"2026-10-08","t":"0347","frp":8.1,"b":351.2,"c":1,"s":"N21","n":0}},{"type":"Feature","geometry":{"type":"Point","coordinates":[138.4964,-18.6014]},"properties":{"d":"2026-10-08","t":"0347","frp":8.1,"b":367.0,"c":2,"s":"N21","n":0}},{"type":"Feature","geometry":{"type":"Point","coordinates":[138.4992,-18.6011]},"properties":{"d":"2026-10-08","t":"0347","frp":5.0,"b":341.3,"c":1,"s":"N21","n":0}},{"type":"Feature","geometry":{"type":"Point","coordinates":[138.4999,-18.5967]},"properties":{"d":"2026-10-08","t":"0347","frp":3.8,"b":339.2,"c":0,"s":"N21","n":0}},{"type":"Feature","geometry":{"type":"Point","coordinates":[138.5015,-18.5957]},"properties":{"d":"2026-10-08","t":"0347","frp":5.0,"b":336.5,"c":0,"s":"N21","n":0}},{"type":"Feature","geometry":{"type":"Point","coordinates":[138.4992,-18.5917]},"properties":{"d":"2026-10-08","t":"0347","frp":3.8,"b":342.0,"c":1,"s":"N21","n":0}},{"type":"Feature","geometry":{"type":"Point","coordinates":[138.4345,-18.5886]},"properties":{"d":"2026-10-08","t":"0347","frp":3.6,"b":367.0,"c":2,"s":"N21","n":0}},{"type":"Feature","geometry":{"type":"Point","coordinates":[138.4956,-18.587]},"properties":{"d":"2026-10-08","t":"0347","frp":6.4,"b":339.8,"c":1,"s":"N21","n":0}},{"type":"Feature","geometry":{"type":"Point","coordinates":[138.4986,-18.5866]},"properties":{"d":"2026-10-08","t":"0347","frp":6.4,"b":367.0,"c":2,"s":"N21","n":0}},{"type":"Feature","geometry":{"type":"Point","coordinates":[138.5017,-18.5863]},"properties":{"d":"2026-10-08","t":"0347","frp":19.8,"b":354.8,"c":1,"s":"N21","n":0}},{"type":"Feature","geometry":{"type":"Point","coordinates":[138.4314,-18.5838]},"properties":{"d":"2026-10-08","t":"0347","frp":10.0,"b":341.5,"c":1,"s":"N21","n":0}},{"type":"Feature","geometry":{"type":"Point","coordinates":[138.4343,-18.5835]},"properties":{"d":"2026-10-08","t":"0347","frp":14.8,"b":367.0,"c":2,"s":"N21","n":0}},{"type":"Feature","geometry":{"type":"Point","coordinates":[138.4373,-18.5832]},"properties":{"d":"2026-10-08","t":"0347","frp":14.8,"b":352.8,"c":1,"s":"N21","n":0}},{"type":"Feature","geometry":{"type":"Point","coordinates":[138.4403,-18.5829]},"properties":{"d":"2026-10-08","t":"0347","frp":16.0,"b":367.0,"c":2,"s":"N21","n":0}},{"type":"Feature","geometry":{"type":"Point","coordinates":[138.495,-18.5819]},"properties":{"d":"2026-10-08","t":"0347","frp":6.4,"b":340.9,"c":1,"s":"N21","n":0}},{"type":"Feature","geometry":{"type":"Point","coordinates":[138.498,-18.5816]},"properties":{"d":"2026-10-08","t":"0347","frp":6.4,"b":346.9,"c":1,"s":"N21","n":0}},{"type":"Feature","geometry":{"type":"Point","coordinates":[138.5011,-18.5812]},"properties":{"d":"2026-10-08","t":"0347","frp":19.8,"b":348.2,"c":1,"s":"N21","n":0}},{"type":"Feature","geometry":{"type":"Point","coordinates":[138.4314,-18.5787]},"properties":{"d":"2026-10-08","t":"0347","frp":10.0,"b":367.0,"c":2,"s":"N21","n":0}},{"type":"Feature","geometry":{"type":"Point","coordinates":[138.4342,-18.5784]},"properties":{"d":"2026-10-08","t":"0347","frp":14.8,"b":351.8,"c":1,"s":"N21","n":0}},{"type":"Feature","geometry":{"type":"Point","coordinates":[138.4371,-18.5781]},"properties":{"d":"2026-10-08","t":"0347","frp":14.8,"b":367.0,"c":2,"s":"N21","n":0}},{"type":"Feature","geometry":{"type":"Point","coordinates":[138.4944,-18.5769]},"properties":{"d":"2026-10-08","t":"0347","frp":20.3,"b":354.5,"c":1,"s":"N21","n":0}},{"type":"Feature","geometry":{"type":"Point","coordinates":[138.4908,-18.5721]},"properties":{"d":"2026-10-08","t":"0347","frp":20.7,"b":367.0,"c":2,"s":"N21","n":0}},{"type":"Feature","geometry":{"type":"Point","coordinates":[138.4938,-18.5718]},"properties":{"d":"2026-10-08","t":"0347","frp":20.3,"b":367.0,"c":2,"s":"N21","n":0}},{"type":"Feature","geometry":{"type":"Point","coordinates":[138.4969,-18.5715]},"properties":{"d":"2026-10-08","t":"0347","frp":20.3,"b":367.0,"c":2,"s":"N21","n":0}},{"type":"Feature","geometry":{"type":"Point","coordinates":[138.4669,-18.5697]},"properties":{"d":"2026-10-08","t":"0347","frp":8.7,"b":367.0,"c":2,"s":"N21","n":0}},{"type":"Feature","geometry":{"type":"Point","coordinates":[138.4902,-18.5671]},"properties":{"d":"2026-10-08","t":"0347","frp":16.1,"b":355.6,"c":1,"s":"N21","n":0}},{"type":"Feature","geometry":{"type":"Point","coordinates":[138.4932,-18.5668]},"properties":{"d":"2026-10-08","t":"0347","frp":13.6,"b":367.0,"c":2,"s":"N21","n":0}},{"type":"Feature","geometry":{"type":"Point","coordinates":[138.4656,-18.5647]},"properties":{"d":"2026-10-08","t":"0347","frp":8.7,"b":367.0,"c":2,"s":"N21","n":0}},{"type":"Feature","geometry":{"type":"Point","coordinates":[138.4686,-18.5644]},"properties":{"d":"2026-10-08","t":"0347","frp":14.0,"b":340.9,"c":1,"s":"N21","n":0}},{"type":"Feature","geometry":{"type":"Point","coordinates":[138.4896,-18.562]},"properties":{"d":"2026-10-08","t":"0347","frp":16.1,"b":353.1,"c":1,"s":"N21","n":0}},{"type":"Feature","geometry":{"type":"Point","coordinates":[138.4927,-18.5617]},"properties":{"d":"2026-10-08","t":"0347","frp":13.6,"b":367.0,"c":2,"s":"N21","n":0}},{"type":"Feature","geometry":{"type":"Point","coordinates":[138.4647,-18.5597]},"properties":{"d":"2026-10-08","t":"0347","frp":10.8,"b":367.0,"c":2,"s":"N21","n":0}},{"type":"Feature","geometry":{"type":"Point","coordinates":[138.4677,-18.5593]},"properties":{"d":"2026-10-08","t":"0347","frp":10.9,"b":367.0,"c":2,"s":"N21","n":0}},{"type":"Feature","geometry":{"type":"Point","coordinates":[138.4708,-18.559]},"properties":{"d":"2026-10-08","t":"0347","frp":10.9,"b":345.4,"c":1,"s":"N21","n":0}},{"type":"Feature","geometry":{"type":"Point","coordinates":[138.4738,-18.5587]},"properties":{"d":"2026-10-08","t":"0347","frp":15.4,"b":341.2,"c":1,"s":"N21","n":0}},{"type":"Feature","geometry":{"type":"Point","coordinates":[138.4769,-18.5583]},"properties":{"d":"2026-10-08","t":"0347","frp":15.4,"b":342.9,"c":1,"s":"N21","n":0}},{"type":"Feature","geometry":{"type":"Point","coordinates":[138.489,-18.557]},"properties":{"d":"2026-10-08","t":"0347","frp":18.5,"b":367.0,"c":2,"s":"N21","n":0}},{"type":"Feature","geometry":{"type":"Point","coordinates":[138.4641,-18.5546]},"properties":{"d":"2026-10-08","t":"0347","frp":10.8,"b":367.0,"c":2,"s":"N21","n":0}},{"type":"Feature","geometry":{"type":"Point","coordinates":[138.4701,-18.5539]},"properties":{"d":"2026-10-08","t":"0347","frp":10.9,"b":367.0,"c":2,"s":"N21","n":0}},{"type":"Feature","geometry":{"type":"Point","coordinates":[138.4732,-18.5536]},"properties":{"d":"2026-10-08","t":"0347","frp":15.4,"b":350.6,"c":1,"s":"N21","n":0}},{"type":"Feature","geometry":{"type":"Point","coordinates":[138.4763,-18.5533]},"properties":{"d":"2026-10-08","t":"0347","frp":15.4,"b":367.0,"c":2,"s":"N21","n":0}},{"type":"Feature","geometry":{"type":"Point","coordinates":[138.4793,-18.5529]},"properties":{"d":"2026-10-08","t":"0347","frp":39.9,"b":348.9,"c":1,"s":"N21","n":0}},{"type":"Feature","geometry":{"type":"Point","coordinates":[138.4823,-18.5526]},"properties":{"d":"2026-10-08","t":"0347","frp":39.9,"b":367.0,"c":2,"s":"N21","n":0}},{"type":"Feature","geometry":{"type":"Point","coordinates":[138.4854,-18.5523]},"properties":{"d":"2026-10-08","t":"0347","frp":18.5,"b":367.0,"c":2,"s":"N21","n":0}},{"type":"Feature","geometry":{"type":"Point","coordinates":[138.4726,-18.5486]},"properties":{"d":"2026-10-08","t":"0347","frp":11.3,"b":352.9,"c":1,"s":"N21","n":0}},{"type":"Feature","geometry":{"type":"Point","coordinates":[138.4756,-18.5482]},"properties":{"d":"2026-10-08","t":"0347","frp":11.3,"b":367.0,"c":2,"s":"N21","n":0}},{"type":"Feature","geometry":{"type":"Point","coordinates":[138.4787,-18.5479]},"properties":{"d":"2026-10-08","t":"0347","frp":10.4,"b":367.0,"c":2,"s":"N21","n":0}},{"type":"Feature","geometry":{"type":"Point","coordinates":[138.4818,-18.5476]},"properties":{"d":"2026-10-08","t":"0347","frp":10.4,"b":367.0,"c":2,"s":"N21","n":0}},{"type":"Feature","geometry":{"type":"Point","coordinates":[138.475,-18.5432]},"properties":{"d":"2026-10-08","t":"0347","frp":11.3,"b":339.7,"c":1,"s":"N21","n":0}},{"type":"Feature","geometry":{"type":"Point","coordinates":[138.4812,-18.5425]},"properties":{"d":"2026-10-08","t":"0347","frp":10.4,"b":335.0,"c":1,"s":"N21","n":0}},{"type":"Feature","geometry":{"type":"Point","coordinates":[145.6425,-18.5263]},"properties":{"d":"2026-10-08","t":"0347","frp":3.6,"b":334.2,"c":1,"s":"N21","n":0}},{"type":"Feature","geometry":{"type":"Point","coordinates":[145.5966,-18.5053]},"properties":{"d":"2026-10-08","t":"0347","frp":2.9,"b":337.9,"c":1,"s":"N21","n":0}},{"type":"Feature","geometry":{"type":"Point","coordinates":[145.6004,-18.5048]},"properties":{"d":"2026-10-08","t":"0347","frp":3.6,"b":336.6,"c":1,"s":"N21","n":0}},{"type":"Feature","geometry":{"type":"Point","coordinates":[145.5923,-18.5025]},"properties":{"d":"2026-10-08","t":"0347","frp":23.4,"b":341.6,"c":1,"s":"N21","n":0}},{"type":"Feature","geometry":{"type":"Point","coordinates":[145.596,-18.5019]},"properties":{"d":"2026-10-08","t":"0347","frp":23.4,"b":354.6,"c":1,"s":"N21","n":0}},{"type":"Feature","geometry":{"type":"Point","coordinates":[145.615,-18.4992]},"properties":{"d":"2026-10-08","t":"0347","frp":3.2,"b":331.4,"c":1,"s":"N21","n":0}},{"type":"Feature","geometry":{"type":"Point","coordinates":[145.6188,-18.4987]},"properties":{"d":"2026-10-08","t":"0347","frp":3.2,"b":338.3,"c":1,"s":"N21","n":0}},{"type":"Feature","geometry":{"type":"Point","coordinates":[139.2382,-18.2545]},"properties":{"d":"2026-10-08","t":"0347","frp":6.8,"b":335.4,"c":0,"s":"N21","n":0}},{"type":"Feature","geometry":{"type":"Point","coordinates":[139.2437,-18.2538]},"properties":{"d":"2026-10-08","t":"0347","frp":5.6,"b":335.3,"c":0,"s":"N21","n":0}},{"type":"Feature","geometry":{"type":"Point","coordinates":[145.7691,-18.0531]},"properties":{"d":"2026-10-08","t":"0347","frp":21.0,"b":332.8,"c":1,"s":"N21","n":0}},{"type":"Feature","geometry":{"type":"Point","coordinates":[145.7649,-18.0503]},"properties":{"d":"2026-10-08","t":"0347","frp":11.2,"b":333.4,"c":1,"s":"N21","n":0}},{"type":"Feature","geometry":{"type":"Point","coordinates":[139.0531,-17.9155]},"properties":{"d":"2026-10-08","t":"0347","frp":16.1,"b":343.7,"c":1,"s":"N21","n":0}},{"type":"Feature","geometry":{"type":"Point","coordinates":[139.0586,-17.9149]},"properties":{"d":"2026-10-08","t":"0347","frp":21.0,"b":345.8,"c":1,"s":"N21","n":0}},{"type":"Feature","geometry":{"type":"Point","coordinates":[139.0501,-17.9116]},"properties":{"d":"2026-10-08","t":"0347","frp":6.5,"b":338.3,"c":1,"s":"N21","n":0}},{"type":"Feature","geometry":{"type":"Point","coordinates":[145.7021,-17.5372]},"properties":{"d":"2026-10-08","t":"0347","frp":2.0,"b":333.3,"c":1,"s":"N21","n":0}},{"type":"Feature","geometry":{"type":"Point","coordinates":[138.112,-17.2475]},"properties":{"d":"2026-10-08","t":"0347","frp":3.3,"b":336.6,"c":1,"s":"N21","n":0}},{"type":"Feature","geometry":{"type":"Point","coordinates":[138.115,-17.2471]},"properties":{"d":"2026-10-08","t":"0347","frp":4.8,"b":337.3,"c":1,"s":"N21","n":0}},{"type":"Feature","geometry":{"type":"Point","coordinates":[138.1144,-17.242]},"properties":{"d":"2026-10-08","t":"0347","frp":5.9,"b":352.1,"c":1,"s":"N21","n":0}},{"type":"Feature","geometry":{"type":"Point","coordinates":[138.1175,-17.2417]},"properties":{"d":"2026-10-08","t":"0347","frp":5.9,"b":337.9,"c":1,"s":"N21","n":0}},{"type":"Feature","geometry":{"type":"Point","coordinates":[138.1169,-17.2366]},"properties":{"d":"2026-10-08","t":"0347","frp":5.9,"b":349.4,"c":1,"s":"N21","n":0}},{"type":"Feature","geometry":{"type":"Point","coordinates":[138.12,-17.2362]},"properties":{"d":"2026-10-08","t":"0347","frp":10.1,"b":367.0,"c":2,"s":"N21","n":0}},{"type":"Feature","geometry":{"type":"Point","coordinates":[138.0756,-17.231]},"properties":{"d":"2026-10-08","t":"0347","frp":3.4,"b":340.1,"c":1,"s":"N21","n":0}},{"type":"Feature","geometry":{"type":"Point","coordinates":[138.0787,-17.2306]},"properties":{"d":"2026-10-08","t":"0347","frp":3.4,"b":333.0,"c":0,"s":"N21","n":0}},{"type":"Feature","geometry":{"type":"Point","coordinates":[145.4985,-17.1602]},"properties":{"d":"2026-10-08","t":"0347","frp":29.8,"b":300.0,"c":0,"s":"N21","n":0}},{"type":"Feature","geometry":{"type":"Point","coordinates":[145.5023,-17.1597]},"properties":{"d":"2026-10-08","t":"0347","frp":20.5,"b":339.0,"c":1,"s":"N21","n":0}},{"type":"Feature","geometry":{"type":"Point","coordinates":[145.5017,-17.1563]},"properties":{"d":"2026-10-08","t":"0347","frp":20.5,"b":344.5,"c":1,"s":"N21","n":0}},{"type":"Feature","geometry":{"type":"Point","coordinates":[145.5092,-17.1552]},"properties":{"d":"2026-10-08","t":"0347","frp":3.2,"b":333.2,"c":1,"s":"N21","n":0}},{"type":"Feature","geometry":{"type":"Point","coordinates":[145.5012,-17.153]},"properties":{"d":"2026-10-08","t":"0347","frp":22.3,"b":349.4,"c":1,"s":"N21","n":0}},{"type":"Feature","geometry":{"type":"Point","coordinates":[145.505,-17.1524]},"properties":{"d":"2026-10-08","t":"0347","frp":22.3,"b":339.8,"c":1,"s":"N21","n":0}},{"type":"Feature","geometry":{"type":"Point","coordinates":[145.5007,-17.1496]},"properties":{"d":"2026-10-08","t":"0347","frp":22.3,"b":345.4,"c":1,"s":"N21","n":0}},{"type":"Feature","geometry":{"type":"Point","coordinates":[145.5044,-17.149]},"properties":{"d":"2026-10-08","t":"0347","frp":22.3,"b":352.4,"c":1,"s":"N21","n":0}},{"type":"Feature","geometry":{"type":"Point","coordinates":[145.5082,-17.1485]},"properties":{"d":"2026-10-08","t":"0347","frp":4.2,"b":331.7,"c":0,"s":"N21","n":0}},{"type":"Feature","geometry":{"type":"Point","coordinates":[144.9545,-16.8022]},"properties":{"d":"2026-10-08","t":"0347","frp":3.2,"b":341.6,"c":1,"s":"N21","n":0}},{"type":"Feature","geometry":{"type":"Point","coordinates":[144.9539,-16.7988]},"properties":{"d":"2026-10-08","t":"0347","frp":3.4,"b":338.9,"c":0,"s":"N21","n":0}},{"type":"Feature","geometry":{"type":"Point","coordinates":[144.9485,-16.7891]},"properties":{"d":"2026-10-08","t":"0347","frp":5.0,"b":337.1,"c":0,"s":"N21","n":0}},{"type":"Feature","geometry":{"type":"Point","coordinates":[145.5212,-16.7798]},"properties":{"d":"2026-10-08","t":"0347","frp":11.5,"b":340.0,"c":1,"s":"N21","n":0}},{"type":"Feature","geometry":{"type":"Point","coordinates":[145.5134,-16.7775]},"properties":{"d":"2026-10-08","t":"0347","frp":10.3,"b":347.4,"c":1,"s":"N21","n":0}},{"type":"Feature","geometry":{"type":"Point","coordinates":[145.5171,-16.777]},"properties":{"d":"2026-10-08","t":"0347","frp":12.7,"b":367.0,"c":2,"s":"N21","n":0}},{"type":"Feature","geometry":{"type":"Point","coordinates":[145.5207,-16.7765]},"properties":{"d":"2026-10-08","t":"0347","frp":12.7,"b":345.3,"c":1,"s":"N21","n":0}},{"type":"Feature","geometry":{"type":"Point","coordinates":[145.5129,-16.7742]},"properties":{"d":"2026-10-08","t":"0347","frp":10.3,"b":335.2,"c":1,"s":"N21","n":0}},{"type":"Feature","geometry":{"type":"Point","coordinates":[145.5166,-16.7736]},"properties":{"d":"2026-10-08","t":"0347","frp":12.7,"b":348.3,"c":1,"s":"N21","n":0}},{"type":"Feature","geometry":{"type":"Point","coordinates":[145.5088,-16.7713]},"properties":{"d":"2026-10-08","t":"0347","frp":17.7,"b":350.4,"c":1,"s":"N21","n":0}},{"type":"Feature","geometry":{"type":"Point","coordinates":[145.5124,-16.7708]},"properties":{"d":"2026-10-08","t":"0347","frp":17.7,"b":355.4,"c":1,"s":"N21","n":0}},{"type":"Feature","geometry":{"type":"Point","coordinates":[145.516,-16.7703]},"properties":{"d":"2026-10-08","t":"0347","frp":7.1,"b":354.6,"c":1,"s":"N21","n":0}},{"type":"Feature","geometry":{"type":"Point","coordinates":[145.5082,-16.768]},"properties":{"d":"2026-10-08","t":"0347","frp":17.7,"b":350.2,"c":1,"s":"N21","n":0}},{"type":"Feature","geometry":{"type":"Point","coordinates":[145.5119,-16.7675]},"properties":{"d":"2026-10-08","t":"0347","frp":17.7,"b":353.8,"c":1,"s":"N21","n":0}},{"type":"Feature","geometry":{"type":"Point","coordinates":[145.5155,-16.7669]},"properties":{"d":"2026-10-08","t":"0347","frp":7.1,"b":331.3,"c":1,"s":"N21","n":0}},{"type":"Feature","geometry":{"type":"Point","coordinates":[145.4924,-16.7394]},"properties":{"d":"2026-10-08","t":"0347","frp":6.5,"b":348.8,"c":1,"s":"N21","n":0}},{"type":"Feature","geometry":{"type":"Point","coordinates":[145.4882,-16.7366]},"properties":{"d":"2026-10-08","t":"0347","frp":6.5,"b":331.9,"c":1,"s":"N21","n":0}},{"type":"Feature","geometry":{"type":"Point","coordinates":[145.4838,-16.735]},"properties":{"d":"2026-10-08","t":"0347","frp":4.7,"b":337.5,"c":1,"s":"N21","n":0}},{"type":"Feature","geometry":{"type":"Point","coordinates":[145.4875,-16.7344]},"properties":{"d":"2026-10-08","t":"0347","frp":8.4,"b":349.9,"c":1,"s":"N21","n":0}},{"type":"Feature","geometry":{"type":"Point","coordinates":[145.4832,-16.7316]},"properties":{"d":"2026-10-08","t":"0347","frp":4.7,"b":335.1,"c":1,"s":"N21","n":0}},{"type":"Feature","geometry":{"type":"Point","coordinates":[145.4869,-16.7311]},"properties":{"d":"2026-10-08","t":"0347","frp":8.4,"b":345.1,"c":1,"s":"N21","n":0}},{"type":"Feature","geometry":{"type":"Point","coordinates":[145.4906,-16.7305]},"properties":{"d":"2026-10-08","t":"0347","frp":8.4,"b":350.9,"c":1,"s":"N21","n":0}},{"type":"Feature","geometry":{"type":"Point","coordinates":[145.0382,-16.4933]},"properties":{"d":"2026-10-08","t":"0347","frp":8.8,"b":342.3,"c":1,"s":"N21","n":0}},{"type":"Feature","geometry":{"type":"Point","coordinates":[145.0419,-16.4928]},"properties":{"d":"2026-10-08","t":"0347","frp":8.8,"b":367.0,"c":2,"s":"N21","n":0}},{"type":"Feature","geometry":{"type":"Point","coordinates":[145.0452,-16.4888]},"properties":{"d":"2026-10-08","t":"0347","frp":7.6,"b":351.4,"c":1,"s":"N21","n":0}},{"type":"Feature","geometry":{"type":"Point","coordinates":[145.0489,-16.4883]},"properties":{"d":"2026-10-08","t":"0347","frp":7.6,"b":367.0,"c":2,"s":"N21","n":0}},{"type":"Feature","geometry":{"type":"Point","coordinates":[145.064,-16.4861]},"properties":{"d":"2026-10-08","t":"0347","frp":13.3,"b":367.0,"c":2,"s":"N21","n":0}},{"type":"Feature","geometry":{"type":"Point","coordinates":[145.0705,-16.4286]},"properties":{"d":"2026-10-08","t":"0347","frp":34.8,"b":347.1,"c":1,"s":"N21","n":0}},{"type":"Feature","geometry":{"type":"Point","coordinates":[144.2989,-16.3085]},"properties":{"d":"2026-10-08","t":"0347","frp":7.4,"b":342.6,"c":1,"s":"N21","n":0}},{"type":"Feature","geometry":{"type":"Point","coordinates":[133.6614,-23.0491]},"properties":{"d":"2026-10-08","t":"0349","frp":71.8,"b":332.8,"c":1,"s":"N21","n":0}},{"type":"Feature","geometry":{"type":"Point","coordinates":[133.6688,-23.0486]},"properties":{"d":"2026-10-08","t":"0349","frp":71.8,"b":351.8,"c":1,"s":"N21","n":0}},{"type":"Feature","geometry":{"type":"Point","coordinates":[133.6835,-23.0476]},"properties":{"d":"2026-10-08","t":"0349","frp":39.9,"b":334.2,"c":1,"s":"N21","n":0}},{"type":"Feature","geometry":{"type":"Point","coordinates":[133.6523,-23.0467]},"properties":{"d":"2026-10-08","t":"0349","frp":15.6,"b":334.4,"c":1,"s":"N21","n":0}},{"type":"Feature","geometry":{"type":"Point","coordinates":[133.6596,-23.0462]},"properties":{"d":"2026-10-08","t":"0349","frp":15.6,"b":339.9,"c":1,"s":"N21","n":0}},{"type":"Feature","geometry":{"type":"Point","coordinates":[133.667,-23.0458]},"properties":{"d":"2026-10-08","t":"0349","frp":45.4,"b":367.0,"c":2,"s":"N21","n":0}},{"type":"Feature","geometry":{"type":"Point","coordinates":[133.6891,-23.0444]},"properties":{"d":"2026-10-08","t":"0349","frp":19.2,"b":338.2,"c":1,"s":"N21","n":0}},{"type":"Feature","geometry":{"type":"Point","coordinates":[133.6536,-23.0425]},"properties":{"d":"2026-10-08","t":"0349","frp":57.3,"b":367.0,"c":2,"s":"N21","n":0}},{"type":"Feature","geometry":{"type":"Point","coordinates":[133.661,-23.042]},"properties":{"d":"2026-10-08","t":"0349","frp":71.8,"b":367.0,"c":2,"s":"N21","n":0}},{"type":"Feature","geometry":{"type":"Point","coordinates":[133.6757,-23.041]},"properties":{"d":"2026-10-08","t":"0349","frp":39.9,"b":354.8,"c":1,"s":"N21","n":0}},{"type":"Feature","geometry":{"type":"Point","coordinates":[133.683,-23.0405]},"properties":{"d":"2026-10-08","t":"0349","frp":39.9,"b":344.5,"c":1,"s":"N21","n":0}},{"type":"Feature","geometry":{"type":"Point","coordinates":[133.6904,-23.04]},"properties":{"d":"2026-10-08","t":"0349","frp":23.2,"b":367.0,"c":2,"s":"N21","n":0}},{"type":"Feature","geometry":{"type":"Point","coordinates":[133.6518,-23.0396]},"properties":{"d":"2026-10-08","t":"0349","frp":24.6,"b":367.0,"c":2,"s":"N21","n":0}},{"type":"Feature","geometry":{"type":"Point","coordinates":[133.6977,-23.0394]},"properties":{"d":"2026-10-08","t":"0349","frp":23.2,"b":354.1,"c":1,"s":"N21","n":0}},{"type":"Feature","geometry":{"type":"Point","coordinates":[133.6592,-23.0391]},"properties":{"d":"2026-10-08","t":"0349","frp":24.6,"b":367.0,"c":2,"s":"N21","n":0}},{"type":"Feature","geometry":{"type":"Point","coordinates":[133.7124,-23.0385]},"properties":{"d":"2026-10-08","t":"0349","frp":26.1,"b":347.9,"c":1,"s":"N21","n":0}},{"type":"Feature","geometry":{"type":"Point","coordinates":[133.6739,-23.0382]},"properties":{"d":"2026-10-08","t":"0349","frp":81.6,"b":367.0,"c":2,"s":"N21","n":0}},{"type":"Feature","geometry":{"type":"Point","coordinates":[133.6813,-23.0377]},"properties":{"d":"2026-10-08","t":"0349","frp":33.2,"b":339.3,"c":1,"s":"N21","n":0}},{"type":"Feature","geometry":{"type":"Point","coordinates":[133.6887,-23.0373]},"properties":{"d":"2026-10-08","t":"0349","frp":33.2,"b":367.0,"c":2,"s":"N21","n":0}},{"type":"Feature","geometry":{"type":"Point","coordinates":[133.696,-23.0368]},"properties":{"d":"2026-10-08","t":"0349","frp":38.2,"b":367.0,"c":2,"s":"N21","n":0}},{"type":"Feature","geometry":{"type":"Point","coordinates":[133.7033,-23.0364]},"properties":{"d":"2026-10-08","t":"0349","frp":38.2,"b":339.6,"c":1,"s":"N21","n":0}},{"type":"Feature","geometry":{"type":"Point","coordinates":[133.7107,-23.0359]},"properties":{"d":"2026-10-08","t":"0349","frp":39.7,"b":367.0,"c":2,"s":"N21","n":0}},{"type":"Feature","geometry":{"type":"Point","coordinates":[133.6458,-23.0359]},"properties":{"d":"2026-10-08","t":"0349","frp":14.8,"b":342.8,"c":1,"s":"N21","n":0}},{"type":"Feature","geometry":{"type":"Point","coordinates":[133.6532,-23.0354]},"properties":{"d":"2026-10-08","t":"0349","frp":14.8,"b":352.3,"c":1,"s":"N21","n":0}},{"type":"Feature","geometry":{"type":"Point","coordinates":[133.6606,-23.0349]},"properties":{"d":"2026-10-08","t":"0349","frp":16.4,"b":367.0,"c":2,"s":"N21","n":0}},{"type":"Feature","geometry":{"type":"Point","coordinates":[133.6679,-23.0344]},"properties":{"d":"2026-10-08","t":"0349","frp":16.4,"b":353.5,"c":1,"s":"N21","n":0}},{"type":"Feature","geometry":{"type":"Point","coordinates":[133.6753,-23.0339]},"properties":{"d":"2026-10-08","t":"0349","frp":21.4,"b":340.6,"c":1,"s":"N21","n":0}},{"type":"Feature","geometry":{"type":"Point","coordinates":[133.6826,-23.0334]},"properties":{"d":"2026-10-08","t":"0349","frp":21.4,"b":351.1,"c":1,"s":"N21","n":0}},{"type":"Feature","geometry":{"type":"Point","coordinates":[133.69,-23.0329]},"properties":{"d":"2026-10-08","t":"0349","frp":44.3,"b":367.0,"c":2,"s":"N21","n":0}},{"type":"Feature","geometry":{"type":"Point","coordinates":[133.6513,-23.0325]},"properties":{"d":"2026-10-08","t":"0349","frp":24.6,"b":345.7,"c":1,"s":"N21","n":0}},{"type":"Feature","geometry":{"type":"Point","coordinates":[133.6973,-23.0324]},"properties":{"d":"2026-10-08","t":"0349","frp":44.3,"b":367.0,"c":2,"s":"N21","n":0}},{"type":"Feature","geometry":{"type":"Point","coordinates":[133.6587,-23.032]},"properties":{"d":"2026-10-08","t":"0349","frp":24.6,"b":344.7,"c":1,"s":"N21","n":0}},{"type":"Feature","geometry":{"type":"Point","coordinates":[133.7046,-23.0319]},"properties":{"d":"2026-10-08","t":"0349","frp":45.7,"b":367.0,"c":2,"s":"N21","n":0}},{"type":"Feature","geometry":{"type":"Point","coordinates":[133.6661,-23.0316]},"properties":{"d":"2026-10-08","t":"0349","frp":81.6,"b":337.2,"c":1,"s":"N21","n":0}},{"type":"Feature","geometry":{"type":"Point","coordinates":[133.7119,-23.0314]},"properties":{"d":"2026-10-08","t":"0349","frp":45.7,"b":367.0,"c":2,"s":"N21","n":0}},{"type":"Feature","geometry":{"type":"Point","coordinates":[133.6735,-23.0311]},"properties":{"d":"2026-10-08","t":"0349","frp":81.6,"b":340.1,"c":1,"s":"N21","n":0}},{"type":"Feature","geometry":{"type":"Point","coordinates":[133.6808,-23.0307]},"properties":{"d":"2026-10-08","t":"0349","frp":33.2,"b":348.6,"c":1,"s":"N21","n":0}},{"type":"Feature","geometry":{"type":"Point","coordinates":[133.6882,-23.0302]},"properties":{"d":"2026-10-08","t":"0349","frp":33.2,"b":367.0,"c":2,"s":"N21","n":0}},{"type":"Feature","geometry":{"type":"Point","coordinates":[133.6955,-23.0297]},"properties":{"d":"2026-10-08","t":"0349","frp":38.2,"b":367.0,"c":2,"s":"N21","n":0}},{"type":"Feature","geometry":{"type":"Point","coordinates":[133.584,-23.0295]},"properties":{"d":"2026-10-08","t":"0349","frp":27.4,"b":367.0,"c":2,"s":"N21","n":0}},{"type":"Feature","geometry":{"type":"Point","coordinates":[133.7029,-23.0293]},"properties":{"d":"2026-10-08","t":"0349","frp":38.2,"b":367.0,"c":2,"s":"N21","n":0}},{"type":"Feature","geometry":{"type":"Point","coordinates":[133.5915,-23.029]},"properties":{"d":"2026-10-08","t":"0349","frp":27.0,"b":336.0,"c":1,"s":"N21","n":0}},{"type":"Feature","geometry":{"type":"Point","coordinates":[133.7102,-23.0288]},"properties":{"d":"2026-10-08","t":"0349","frp":39.7,"b":367.0,"c":2,"s":"N21","n":0}},{"type":"Feature","geometry":{"type":"Point","coordinates":[133.6454,-23.0288]},"properties":{"d":"2026-10-08","t":"0349","frp":14.8,"b":336.0,"c":1,"s":"N21","n":0}},{"type":"Feature","geometry":{"type":"Point","coordinates":[133.6527,-23.0283]},"properties":{"d":"2026-10-08","t":"0349","frp":14.8,"b":332.9,"c":1,"s":"N21","n":0}},{"type":"Feature","geometry":{"type":"Point","coordinates":[133.6601,-23.0278]},"properties":{"d":"2026-10-08","t":"0349","frp":16.4,"b":330.7,"c":1,"s":"N21","n":0}},{"type":"Feature","geometry":{"type":"Point","coordinates":[133.6675,-23.0273]},"properties":{"d":"2026-10-08","t":"0349","frp":16.4,"b":331.5,"c":1,"s":"N21","n":0}},{"type":"Feature","geometry":{"type":"Point","coordinates":[133.6748,-23.0268]},"properties":{"d":"2026-10-08","t":"0349","frp":21.4,"b":336.9,"c":1,"s":"N21","n":0}},{"type":"Feature","geometry":{"type":"Point","coordinates":[133.6822,-23.0263]},"properties":{"d":"2026-10-08","t":"0349","frp":21.4,"b":352.5,"c":1,"s":"N21","n":0}},{"type":"Feature","geometry":{"type":"Point","coordinates":[133.6895,-23.0258]},"properties":{"d":"2026-10-08","t":"0349","frp":44.3,"b":367.0,"c":2,"s":"N21","n":0}},{"type":"Feature","geometry":{"type":"Point","coordinates":[133.5855,-23.0257]},"properties":{"d":"2026-10-08","t":"0349","frp":70.5,"b":367.0,"c":2,"s":"N21","n":0}},{"type":"Feature","geometry":{"type":"Point","coordinates":[133.6969,-23.0253]},"properties":{"d":"2026-10-08","t":"0349","frp":44.3,"b":367.0,"c":2,"s":"N21","n":0}},{"type":"Feature","geometry":{"type":"Point","coordinates":[133.6583,-23.0249]},"properties":{"d":"2026-10-08","t":"0349","frp":15.6,"b":333.3,"c":0,"s":"N21","n":0}},{"type":"Feature","geometry":{"type":"Point","coordinates":[133.7042,-23.0248]},"properties":{"d":"2026-10-08","t":"0349","frp":45.7,"b":367.0,"c":2,"s":"N21","n":0}},{"type":"Feature","geometry":{"type":"Point","coordinates":[133.673,-23.024]},"properties":{"d":"2026-10-08","t":"0349","frp":35.5,"b":342.2,"c":1,"s":"N21","n":0}},{"type":"Feature","geometry":{"type":"Point","coordinates":[133.6804,-23.0236]},"properties":{"d":"2026-10-08","t":"0349","frp":27.5,"b":344.5,"c":1,"s":"N21","n":0}},{"type":"Feature","geometry":{"type":"Point","coordinates":[133.6877,-23.0231]},"properties":{"d":"2026-10-08","t":"0349","frp":27.5,"b":355.5,"c":1,"s":"N21","n":0}},{"type":"Feature","geometry":{"type":"Point","coordinates":[133.5177,-23.023]},"properties":{"d":"2026-10-08","t":"0349","frp":16.6,"b":367.0,"c":2,"s":"N21","n":0}},{"type":"Feature","geometry":{"type":"Point","coordinates":[133.6302,-23.0227]},"properties":{"d":"2026-10-08","t":"0349","frp":19.9,"b":331.5,"c":1,"s":"N21","n":0}},{"type":"Feature","geometry":{"type":"Point","coordinates":[133.6951,-23.0227]},"properties":{"d":"2026-10-08","t":"0349","frp":58.9,"b":352.2,"c":1,"s":"N21","n":0}},{"type":"Feature","geometry":{"type":"Point","coordinates":[133.5835,-23.0223]},"properties":{"d":"2026-10-08","t":"0349","frp":27.4,"b":346.1,"c":1,"s":"N21","n":0}},{"type":"Feature","geometry":{"type":"Point","coordinates":[133.4188,-23.0223]},"properties":{"d":"2026-10-08","t":"0349","frp":61.2,"b":367.0,"c":2,"s":"N21","n":0}},{"type":"Feature","geometry":{"type":"Point","coordinates":[133.7024,-23.0222]},"properties":{"d":"2026-10-08","t":"0349","frp":58.9,"b":367.0,"c":2,"s":"N21","n":0}},{"type":"Feature","geometry":{"type":"Point","coordinates":[133.591,-23.0219]},"properties":{"d":"2026-10-08","t":"0349","frp":27.0,"b":352.7,"c":1,"s":"N21","n":0}},{"type":"Feature","geometry":{"type":"Point","coordinates":[133.7098,-23.0218]},"properties":{"d":"2026-10-08","t":"0349","frp":47.5,"b":367.0,"c":2,"s":"N21","n":0}},{"type":"Feature","geometry":{"type":"Point","coordinates":[133.6449,-23.0217]},"properties":{"d":"2026-10-08","t":"0349","frp":10.0,"b":336.9,"c":1,"s":"N21","n":0}},{"type":"Feature","geometry":{"type":"Point","coordinates":[133.4777,-23.0215]},"properties":{"d":"2026-10-08","t":"0349","frp":26.4,"b":367.0,"c":2,"s":"N21","n":0}},{"type":"Feature","geometry":{"type":"Point","coordinates":[133.6523,-23.0212]},"properties":{"d":"2026-10-08","t":"0349","frp":10.0,"b":337.0,"c":1,"s":"N21","n":0}},{"type":"Feature","geometry":{"type":"Point","coordinates":[133.667,-23.0202]},"properties":{"d":"2026-10-08","t":"0349","frp":14.6,"b":334.1,"c":1,"s":"N21","n":0}},{"type":"Feature","geometry":{"type":"Point","coordinates":[133.6744,-23.0197]},"properties":{"d":"2026-10-08","t":"0349","frp":9.7,"b":336.5,"c":1,"s":"N21","n":0}},{"type":"Feature","geometry":{"type":"Point","coordinates":[133.6282,-23.0196]},"properties":{"d":"2026-10-08","t":"0349","frp":19.8,"b":343.3,"c":1,"s":"N21","n":0}},{"type":"Feature","geometry":{"type":"Point","coordinates":[133.5155,-23.0193]},"properties":{"d":"2026-10-08","t":"0349","frp":15.8,"b":351.0,"c":1,"s":"N21","n":0}},{"type":"Feature","geometry":{"type":"Point","coordinates":[133.6817,-23.0192]},"properties":{"d":"2026-10-08","t":"0349","frp":9.7,"b":333.3,"c":1,"s":"N21","n":0}},{"type":"Feature","geometry":{"type":"Point","coordinates":[133.4795,-23.0183]},"properties":{"d":"2026-10-08","t":"0349","frp":26.7,"b":367.0,"c":2,"s":"N21","n":0}},{"type":"Feature","geometry":{"type":"Point","coordinates":[133.6504,-23.0183]},"properties":{"d":"2026-10-08","t":"0349","frp":15.6,"b":340.6,"c":1,"s":"N21","n":0}},{"type":"Feature","geometry":{"type":"Point","coordinates":[133.6964,-23.0182]},"properties":{"d":"2026-10-08","t":"0349","frp":52.1,"b":367.0,"c":2,"s":"N21","n":0}},{"type":"Feature","geometry":{"type":"Point","coordinates":[133.4165,-23.0179]},"properties":{"d":"2026-10-08","t":"0349","frp":46.6,"b":353.7,"c":1,"s":"N21","n":0}},{"type":"Feature","geometry":{"type":"Point","coordinates":[133.7038,-23.0177]},"properties":{"d":"2026-10-08","t":"0349","frp":24.4,"b":347.9,"c":1,"s":"N21","n":0}},{"type":"Feature","geometry":{"type":"Point","coordinates":[133.4241,-23.0175]},"properties":{"d":"2026-10-08","t":"0349","frp":42.1,"b":367.0,"c":2,"s":"N21","n":0}},{"type":"Feature","geometry":{"type":"Point","coordinates":[133.7111,-23.0172]},"properties":{"d":"2026-10-08","t":"0349","frp":24.4,"b":349.1,"c":1,"s":"N21","n":0}},{"type":"Feature","geometry":{"type":"Point","coordinates":[134.3434,-22.1461]},"properties":{"d":"2026-10-08","t":"0349","frp":19.4,"b":347.0,"c":1,"s":"N21","n":0}},{"type":"Feature","geometry":{"type":"Point","coordinates":[134.3457,-22.1438]},"properties":{"d":"2026-10-08","t":"0349","frp":16.6,"b":367.0,"c":2,"s":"N21","n":0}},{"type":"Feature","geometry":{"type":"Point","coordinates":[134.33,-22.1402]},"properties":{"d":"2026-10-08","t":"0349","frp":12.0,"b":346.4,"c":1,"s":"N21","n":0}},{"type":"Feature","geometry":{"type":"Point","coordinates":[134.3364,-22.1398]},"properties":{"d":"2026-10-08","t":"0349","frp":12.0,"b":335.7,"c":1,"s":"N21","n":0}},{"type":"Feature","geometry":{"type":"Point","coordinates":[134.3259,-22.1385]},"properties":{"d":"2026-10-08","t":"0349","frp":8.8,"b":334.1,"c":1,"s":"N21","n":0}},{"type":"Feature","geometry":{"type":"Point","coordinates":[134.3324,-22.138]},"properties":{"d":"2026-10-08","t":"0349","frp":14.3,"b":349.7,"c":1,"s":"N21","n":0}},{"type":"Feature","geometry":{"type":"Point","coordinates":[149.0299,-21.4055]},"properties":{"d":"2026-10-08","t":"0349","frp":3.7,"b":338.4,"c":1,"s":"N21","n":0}},{"type":"Feature","geometry":{"type":"Point","coordinates":[149.023,-21.3894]},"properties":{"d":"2026-10-08","t":"0349","frp":38.4,"b":344.8,"c":1,"s":"N21","n":0}},{"type":"Feature","geometry":{"type":"Point","coordinates":[149.0224,-21.386]},"properties":{"d":"2026-10-08","t":"0349","frp":4.5,"b":335.7,"c":1,"s":"N21","n":0}},{"type":"Feature","geometry":{"type":"Point","coordinates":[149.0262,-21.3854]},"properties":{"d":"2026-10-08","t":"0349","frp":4.5,"b":340.9,"c":1,"s":"N21","n":0}},{"type":"Feature","geometry":{"type":"Point","coordinates":[135.2105,-21.2166]},"properties":{"d":"2026-10-08","t":"0349","frp":5.9,"b":338.8,"c":1,"s":"N21","n":0}},{"type":"Feature","geometry":{"type":"Point","coordinates":[135.2611,-21.2124]},"properties":{"d":"2026-10-08","t":"0349","frp":37.9,"b":342.2,"c":1,"s":"N21","n":0}},{"type":"Feature","geometry":{"type":"Point","coordinates":[135.2668,-21.2119]},"properties":{"d":"2026-10-08","t":"0349","frp":37.9,"b":367.0,"c":2,"s":"N21","n":0}},{"type":"Feature","geometry":{"type":"Point","coordinates":[135.2721,-21.2114]},"properties":{"d":"2026-10-08","t":"0349","frp":227.6,"b":262.5,"c":0,"s":"N21","n":0}},{"type":"Feature","geometry":{"type":"Point","coordinates":[135.2769,-21.211]},"properties":{"d":"2026-10-08","t":"0349","frp":227.6,"b":367.0,"c":2,"s":"N21","n":0}},{"type":"Feature","geometry":{"type":"Point","coordinates":[135.2604,-21.206]},"properties":{"d":"2026-10-08","t":"0349","frp":37.9,"b":355.0,"c":1,"s":"N21","n":0}},{"type":"Feature","geometry":{"type":"Point","coordinates":[135.2659,-21.2055]},"properties":{"d":"2026-10-08","t":"0349","frp":37.9,"b":367.0,"c":2,"s":"N21","n":0}},{"type":"Feature","geometry":{"type":"Point","coordinates":[135.2761,-21.2047]},"properties":{"d":"2026-10-08","t":"0349","frp":227.6,"b":367.0,"c":2,"s":"N21","n":0}},{"type":"Feature","geometry":{"type":"Point","coordinates":[135.2753,-21.1984]},"properties":{"d":"2026-10-08","t":"0349","frp":15.6,"b":355.5,"c":0,"s":"N21","n":0}},{"type":"Feature","geometry":{"type":"Point","coordinates":[135.2694,-21.1924]},"properties":{"d":"2026-10-08","t":"0349","frp":15.6,"b":346.9,"c":1,"s":"N21","n":0}},{"type":"Feature","geometry":{"type":"Point","coordinates":[135.2746,-21.192]},"properties":{"d":"2026-10-08","t":"0349","frp":15.6,"b":331.1,"c":1,"s":"N21","n":0}},{"type":"Feature","geometry":{"type":"Point","coordinates":[135.2688,-21.1861]},"properties":{"d":"2026-10-08","t":"0349","frp":18.2,"b":355.5,"c":1,"s":"N21","n":0}},{"type":"Feature","geometry":{"type":"Point","coordinates":[135.274,-21.1856]},"properties":{"d":"2026-10-08","t":"0349","frp":18.2,"b":344.1,"c":1,"s":"N21","n":0}},{"type":"Feature","geometry":{"type":"Point","coordinates":[135.2561,-21.1678]},"properties":{"d":"2026-10-08","t":"0349","frp":22.9,"b":367.0,"c":2,"s":"N21","n":0}},{"type":"Feature","geometry":{"type":"Point","coordinates":[135.1147,-17.1165]},"properties":{"d":"2026-10-08","t":"0349","frp":9.3,"b":338.6,"c":1,"s":"N21","n":0}},{"type":"Feature","geometry":{"type":"Point","coordinates":[135.0298,-16.9883]},"properties":{"d":"2026-10-08","t":"0349","frp":10.0,"b":341.7,"c":1,"s":"N21","n":0}},{"type":"Feature","geometry":{"type":"Point","coordinates":[135.0292,-16.9821]},"properties":{"d":"2026-10-08","t":"0349","frp":18.7,"b":367.0,"c":2,"s":"N21","n":0}},{"type":"Feature","geometry":{"type":"Point","coordinates":[135.0961,-16.9631]},"properties":{"d":"2026-10-08","t":"0349","frp":19.2,"b":349.8,"c":1,"s":"N21","n":0}},{"type":"Feature","geometry":{"type":"Point","coordinates":[135.101,-16.9626]},"properties":{"d":"2026-10-08","t":"0349","frp":19.2,"b":367.0,"c":2,"s":"N21","n":0}},{"type":"Feature","geometry":{"type":"Point","coordinates":[135.0902,-16.9512]},"properties":{"d":"2026-10-08","t":"0349","frp":13.0,"b":336.6,"c":1,"s":"N21","n":0}},{"type":"Feature","geometry":{"type":"Point","coordinates":[135.0906,-16.9511]},"properties":{"d":"2026-10-08","t":"0349","frp":20.8,"b":340.2,"c":1,"s":"N21","n":0}},{"type":"Feature","geometry":{"type":"Point","coordinates":[135.0848,-16.9455]},"properties":{"d":"2026-10-08","t":"0349","frp":13.0,"b":347.1,"c":1,"s":"N21","n":0}},{"type":"Feature","geometry":{"type":"Point","coordinates":[135.0853,-16.9455]},"properties":{"d":"2026-10-08","t":"0349","frp":16.6,"b":349.5,"c":1,"s":"N21","n":0}},{"type":"Feature","geometry":{"type":"Point","coordinates":[135.0794,-16.9398]},"properties":{"d":"2026-10-08","t":"0349","frp":11.2,"b":332.0,"c":1,"s":"N21","n":0}},{"type":"Feature","geometry":{"type":"Point","coordinates":[135.0799,-16.9398]},"properties":{"d":"2026-10-08","t":"0349","frp":15.9,"b":331.6,"c":1,"s":"N21","n":0}},{"type":"Feature","geometry":{"type":"Point","coordinates":[135.2427,-16.9179]},"properties":{"d":"2026-10-08","t":"0349","frp":10.2,"b":336.5,"c":1,"s":"N21","n":0}},{"type":"Feature","geometry":{"type":"Point","coordinates":[135.243,-16.9168]},"properties":{"d":"2026-10-08","t":"0349","frp":9.2,"b":335.9,"c":1,"s":"N21","n":0}},{"type":"Feature","geometry":{"type":"Point","coordinates":[135.429,-16.8854]},"properties":{"d":"2026-10-08","t":"0349","frp":15.8,"b":367.0,"c":2,"s":"N21","n":0}},{"type":"Feature","geometry":{"type":"Point","coordinates":[135.4285,-16.8793]},"properties":{"d":"2026-10-08","t":"0349","frp":15.8,"b":354.0,"c":1,"s":"N21","n":0}},{"type":"Feature","geometry":{"type":"Point","coordinates":[135.3956,-16.8766]},"properties":{"d":"2026-10-08","t":"0349","frp":7.2,"b":345.0,"c":1,"s":"N21","n":0}},{"type":"Feature","geometry":{"type":"Point","coordinates":[135.2151,-16.8765]},"properties":{"d":"2026-10-08","t":"0349","frp":16.2,"b":367.0,"c":2,"s":"N21","n":0}},{"type":"Feature","geometry":{"type":"Point","coordinates":[135.4233,-16.8738]},"properties":{"d":"2026-10-08","t":"0349","frp":11.4,"b":337.1,"c":0,"s":"N21","n":0}},{"type":"Feature","geometry":{"type":"Point","coordinates":[135.4279,-16.8733]},"properties":{"d":"2026-10-08","t":"0349","frp":11.4,"b":353.6,"c":1,"s":"N21","n":0}},{"type":"Feature","geometry":{"type":"Point","coordinates":[135.2145,-16.8704]},"properties":{"d":"2026-10-08","t":"0349","frp":11.7,"b":335.0,"c":1,"s":"N21","n":0}},{"type":"Feature","geometry":{"type":"Point","coordinates":[135.3996,-16.8701]},"properties":{"d":"2026-10-08","t":"0349","frp":7.2,"b":335.2,"c":1,"s":"N21","n":0}},{"type":"Feature","geometry":{"type":"Point","coordinates":[135.4074,-16.8571]},"properties":{"d":"2026-10-08","t":"0349","frp":8.9,"b":339.5,"c":1,"s":"N21","n":0}},{"type":"Feature","geometry":{"type":"Point","coordinates":[135.4021,-16.8515]},"properties":{"d":"2026-10-08","t":"0349","frp":8.8,"b":346.6,"c":1,"s":"N21","n":0}},{"type":"Feature","geometry":{"type":"Point","coordinates":[135.4016,-16.8455]},"properties":{"d":"2026-10-08","t":"0349","frp":8.8,"b":336.1,"c":1,"s":"N21","n":0}},{"type":"Feature","geometry":{"type":"Point","coordinates":[135.3962,-16.8399]},"properties":{"d":"2026-10-08","t":"0349","frp":7.8,"b":332.9,"c":1,"s":"N21","n":0}},{"type":"Feature","geometry":{"type":"Point","coordinates":[135.391,-16.8344]},"properties":{"d":"2026-10-08","t":"0349","frp":7.8,"b":336.3,"c":1,"s":"N21","n":0}},{"type":"Feature","geometry":{"type":"Point","coordinates":[134.3012,-16.375]},"properties":{"d":"2026-10-08","t":"0349","frp":60.2,"b":348.6,"c":1,"s":"N21","n":0}},{"type":"Feature","geometry":{"type":"Point","coordinates":[134.3066,-16.3744]},"properties":{"d":"2026-10-08","t":"0349","frp":66.2,"b":367.0,"c":2,"s":"N21","n":0}},{"type":"Feature","geometry":{"type":"Point","coordinates":[134.312,-16.3739]},"properties":{"d":"2026-10-08","t":"0349","frp":66.2,"b":353.1,"c":1,"s":"N21","n":0}},{"type":"Feature","geometry":{"type":"Point","coordinates":[134.3174,-16.3734]},"properties":{"d":"2026-10-08","t":"0349","frp":31.5,"b":352.7,"c":1,"s":"N21","n":0}},{"type":"Feature","geometry":{"type":"Point","coordinates":[134.3023,-16.373]},"properties":{"d":"2026-10-08","t":"0349","frp":80.5,"b":336.4,"c":1,"s":"N21","n":0}},{"type":"Feature","geometry":{"type":"Point","coordinates":[134.3076,-16.3725]},"properties":{"d":"2026-10-08","t":"0349","frp":80.7,"b":367.0,"c":2,"s":"N21","n":0}},{"type":"Feature","geometry":{"type":"Point","coordinates":[134.313,-16.3719]},"properties":{"d":"2026-10-08","t":"0349","frp":80.7,"b":341.6,"c":1,"s":"N21","n":0}},{"type":"Feature","geometry":{"type":"Point","coordinates":[134.3184,-16.3714]},"properties":{"d":"2026-10-08","t":"0349","frp":56.0,"b":367.0,"c":2,"s":"N21","n":0}},{"type":"Feature","geometry":{"type":"Point","coordinates":[134.306,-16.368]},"properties":{"d":"2026-10-08","t":"0349","frp":26.2,"b":346.5,"c":1,"s":"N21","n":0}},{"type":"Feature","geometry":{"type":"Point","coordinates":[134.3114,-16.3675]},"properties":{"d":"2026-10-08","t":"0349","frp":26.2,"b":346.7,"c":1,"s":"N21","n":0}},{"type":"Feature","geometry":{"type":"Point","coordinates":[134.3168,-16.367]},"properties":{"d":"2026-10-08","t":"0349","frp":50.1,"b":367.0,"c":2,"s":"N21","n":0}},{"type":"Feature","geometry":{"type":"Point","coordinates":[134.3017,-16.3666]},"properties":{"d":"2026-10-08","t":"0349","frp":17.1,"b":336.2,"c":1,"s":"N21","n":0}},{"type":"Feature","geometry":{"type":"Point","coordinates":[134.3071,-16.3661]},"properties":{"d":"2026-10-08","t":"0349","frp":30.8,"b":336.4,"c":1,"s":"N21","n":0}},{"type":"Feature","geometry":{"type":"Point","coordinates":[134.3124,-16.3655]},"properties":{"d":"2026-10-08","t":"0349","frp":30.8,"b":345.9,"c":1,"s":"N21","n":0}},{"type":"Feature","geometry":{"type":"Point","coordinates":[134.3178,-16.365]},"properties":{"d":"2026-10-08","t":"0349","frp":49.4,"b":367.0,"c":2,"s":"N21","n":0}},{"type":"Feature","geometry":{"type":"Point","coordinates":[134.2947,-16.3626]},"properties":{"d":"2026-10-08","t":"0349","frp":32.9,"b":367.0,"c":2,"s":"N21","n":0}},{"type":"Feature","geometry":{"type":"Point","coordinates":[134.3054,-16.3616]},"properties":{"d":"2026-10-08","t":"0349","frp":26.2,"b":330.9,"c":1,"s":"N21","n":0}},{"type":"Feature","geometry":{"type":"Point","coordinates":[134.2958,-16.3607]},"properties":{"d":"2026-10-08","t":"0349","frp":17.1,"b":367.0,"c":2,"s":"N21","n":0}},{"type":"Feature","geometry":{"type":"Point","coordinates":[134.3161,-16.3606]},"properties":{"d":"2026-10-08","t":"0349","frp":50.1,"b":348.3,"c":1,"s":"N21","n":0}},{"type":"Feature","geometry":{"type":"Point","coordinates":[134.3215,-16.3601]},"properties":{"d":"2026-10-08","t":"0349","frp":50.1,"b":351.2,"c":1,"s":"N21","n":0}},{"type":"Feature","geometry":{"type":"Point","coordinates":[134.2523,-16.3586]},"properties":{"d":"2026-10-08","t":"0349","frp":22.8,"b":367.0,"c":2,"s":"N21","n":0}},{"type":"Feature","geometry":{"type":"Point","coordinates":[134.3172,-16.3586]},"properties":{"d":"2026-10-08","t":"0349","frp":49.4,"b":367.0,"c":2,"s":"N21","n":0}},{"type":"Feature","geometry":{"type":"Point","coordinates":[134.2577,-16.358]},"properties":{"d":"2026-10-08","t":"0349","frp":22.8,"b":367.0,"c":2,"s":"N21","n":0}},{"type":"Feature","geometry":{"type":"Point","coordinates":[134.3059,-16.3532]},"properties":{"d":"2026-10-08","t":"0349","frp":10.3,"b":339.2,"c":1,"s":"N21","n":0}},{"type":"Feature","geometry":{"type":"Point","coordinates":[134.2462,-16.3527]},"properties":{"d":"2026-10-08","t":"0349","frp":50.7,"b":367.0,"c":2,"s":"N21","n":0}},{"type":"Feature","geometry":{"type":"Point","coordinates":[134.2516,-16.3522]},"properties":{"d":"2026-10-08","t":"0349","frp":22.8,"b":334.6,"c":1,"s":"N21","n":0}},{"type":"Feature","geometry":{"type":"Point","coordinates":[134.3214,-16.3452]},"properties":{"d":"2026-10-08","t":"0349","frp":10.5,"b":330.2,"c":1,"s":"N21","n":0}},{"type":"Feature","geometry":{"type":"Point","coordinates":[134.2618,-16.3447]},"properties":{"d":"2026-10-08","t":"0349","frp":26.3,"b":345.0,"c":1,"s":"N21","n":0}},{"type":"Feature","geometry":{"type":"Point","coordinates":[134.2726,-16.3436]},"properties":{"d":"2026-10-08","t":"0349","frp":59.2,"b":336.0,"c":1,"s":"N21","n":0}},{"type":"Feature","geometry":{"type":"Point","coordinates":[134.278,-16.3431]},"properties":{"d":"2026-10-08","t":"0349","frp":59.2,"b":367.0,"c":2,"s":"N21","n":0}},{"type":"Feature","geometry":{"type":"Point","coordinates":[134.2834,-16.3425]},"properties":{"d":"2026-10-08","t":"0349","frp":20.3,"b":333.2,"c":1,"s":"N21","n":0}},{"type":"Feature","geometry":{"type":"Point","coordinates":[134.2231,-16.342]},"properties":{"d":"2026-10-08","t":"0349","frp":30.7,"b":367.0,"c":2,"s":"N21","n":0}},{"type":"Feature","geometry":{"type":"Point","coordinates":[134.3208,-16.3388]},"properties":{"d":"2026-10-08","t":"0349","frp":12.0,"b":344.0,"c":1,"s":"N21","n":0}},{"type":"Feature","geometry":{"type":"Point","coordinates":[134.2612,-16.3382]},"properties":{"d":"2026-10-08","t":"0349","frp":26.3,"b":335.1,"c":1,"s":"N21","n":0}},{"type":"Feature","geometry":{"type":"Point","coordinates":[134.272,-16.3372]},"properties":{"d":"2026-10-08","t":"0349","frp":59.2,"b":331.0,"c":1,"s":"N21","n":0}},{"type":"Feature","geometry":{"type":"Point","coordinates":[134.2773,-16.3366]},"properties":{"d":"2026-10-08","t":"0349","frp":59.2,"b":339.9,"c":1,"s":"N21","n":0}},{"type":"Feature","geometry":{"type":"Point","coordinates":[134.2496,-16.3329]},"properties":{"d":"2026-10-08","t":"0349","frp":16.2,"b":345.3,"c":1,"s":"N21","n":0}},{"type":"Feature","geometry":{"type":"Point","coordinates":[133.857,-16.3325]},"properties":{"d":"2026-10-08","t":"0349","frp":49.7,"b":367.0,"c":2,"s":"N21","n":0}},{"type":"Feature","geometry":{"type":"Point","coordinates":[133.8574,-16.3311]},"properties":{"d":"2026-10-08","t":"0349","frp":29.8,"b":355.4,"c":1,"s":"N21","n":0}},{"type":"Feature","geometry":{"type":"Point","coordinates":[134.2714,-16.3307]},"properties":{"d":"2026-10-08","t":"0349","frp":50.6,"b":336.1,"c":1,"s":"N21","n":0}},{"type":"Feature","geometry":{"type":"Point","coordinates":[134.2767,-16.3302]},"properties":{"d":"2026-10-08","t":"0349","frp":50.6,"b":341.3,"c":1,"s":"N21","n":0}},{"type":"Feature","geometry":{"type":"Point","coordinates":[133.8447,-16.327]},"properties":{"d":"2026-10-08","t":"0349","frp":22.8,"b":335.4,"c":1,"s":"N21","n":0}},{"type":"Feature","geometry":{"type":"Point","coordinates":[133.8505,-16.3265]},"properties":{"d":"2026-10-08","t":"0349","frp":22.8,"b":336.5,"c":1,"s":"N21","n":0}},{"type":"Feature","geometry":{"type":"Point","coordinates":[134.2489,-16.3264]},"properties":{"d":"2026-10-08","t":"0349","frp":16.2,"b":347.9,"c":1,"s":"N21","n":0}},{"type":"Feature","geometry":{"type":"Point","coordinates":[133.8563,-16.3259]},"properties":{"d":"2026-10-08","t":"0349","frp":49.7,"b":367.0,"c":2,"s":"N21","n":0}},{"type":"Feature","geometry":{"type":"Point","coordinates":[133.8451,-16.3256]},"properties":{"d":"2026-10-08","t":"0349","frp":11.7,"b":335.4,"c":1,"s":"N21","n":0}},{"type":"Feature","geometry":{"type":"Point","coordinates":[134.2599,-16.3254]},"properties":{"d":"2026-10-08","t":"0349","frp":18.7,"b":338.2,"c":1,"s":"N21","n":0}},{"type":"Feature","geometry":{"type":"Point","coordinates":[133.8509,-16.325]},"properties":{"d":"2026-10-08","t":"0349","frp":29.8,"b":333.8,"c":1,"s":"N21","n":0}},{"type":"Feature","geometry":{"type":"Point","coordinates":[134.2653,-16.3248]},"properties":{"d":"2026-10-08","t":"0349","frp":18.7,"b":337.1,"c":1,"s":"N21","n":0}},{"type":"Feature","geometry":{"type":"Point","coordinates":[133.8568,-16.3245]},"properties":{"d":"2026-10-08","t":"0349","frp":29.8,"b":367.0,"c":2,"s":"N21","n":0}},{"type":"Feature","geometry":{"type":"Point","coordinates":[133.8383,-16.321]},"properties":{"d":"2026-10-08","t":"0349","frp":15.5,"b":339.9,"c":1,"s":"N21","n":0}},{"type":"Feature","geometry":{"type":"Point","coordinates":[133.8386,-16.3195]},"properties":{"d":"2026-10-08","t":"0349","frp":16.5,"b":338.8,"c":1,"s":"N21","n":0}},{"type":"Feature","geometry":{"type":"Point","coordinates":[133.8503,-16.3184]},"properties":{"d":"2026-10-08","t":"0349","frp":14.1,"b":336.6,"c":1,"s":"N21","n":0}},{"type":"Feature","geometry":{"type":"Point","coordinates":[134.2801,-16.3104]},"properties":{"d":"2026-10-08","t":"0349","frp":11.8,"b":336.7,"c":1,"s":"N21","n":0}},{"type":"Feature","geometry":{"type":"Point","coordinates":[133.8428,-16.3073]},"properties":{"d":"2026-10-08","t":"0349","frp":17.8,"b":351.1,"c":1,"s":"N21","n":0}},{"type":"Feature","geometry":{"type":"Point","coordinates":[133.8432,-16.3058]},"properties":{"d":"2026-10-08","t":"0349","frp":18.2,"b":351.4,"c":1,"s":"N21","n":0}},{"type":"Feature","geometry":{"type":"Point","coordinates":[134.1682,-16.2951]},"properties":{"d":"2026-10-08","t":"0349","frp":49.8,"b":367.0,"c":2,"s":"N21","n":0}},{"type":"Feature","geometry":{"type":"Point","coordinates":[134.1672,-16.2945]},"properties":{"d":"2026-10-08","t":"0349","frp":50.2,"b":367.0,"c":2,"s":"N21","n":0}},{"type":"Feature","geometry":{"type":"Point","coordinates":[134.1558,-16.2833]},"properties":{"d":"2026-10-08","t":"0349","frp":27.4,"b":367.0,"c":2,"s":"N21","n":0}},{"type":"Feature","geometry":{"type":"Point","coordinates":[134.1549,-16.2827]},"properties":{"d":"2026-10-08","t":"0349","frp":23.7,"b":367.0,"c":2,"s":"N21","n":0}},{"type":"Feature","geometry":{"type":"Point","coordinates":[136.6305,-16.2819]},"properties":{"d":"2026-10-08","t":"0349","frp":6.2,"b":347.3,"c":1,"s":"N21","n":0}},{"type":"Feature","geometry":{"type":"Point","coordinates":[134.1944,-16.2796]},"properties":{"d":"2026-10-08","t":"0349","frp":62.1,"b":367.0,"c":2,"s":"N21","n":0}},{"type":"Feature","geometry":{"type":"Point","coordinates":[134.1935,-16.2788]},"properties":{"d":"2026-10-08","t":"0349","frp":52.0,"b":367.0,"c":2,"s":"N21","n":0}},{"type":"Feature","geometry":{"type":"Point","coordinates":[136.6299,-16.2764]},"properties":{"d":"2026-10-08","t":"0349","frp":5.0,"b":333.2,"c":1,"s":"N21","n":0}},{"type":"Feature","geometry":{"type":"Point","coordinates":[136.6337,-16.276]},"properties":{"d":"2026-10-08","t":"0349","frp":10.3,"b":367.0,"c":2,"s":"N21","n":0}},{"type":"Feature","geometry":{"type":"Point","coordinates":[136.6369,-16.2701]},"properties":{"d":"2026-10-08","t":"0349","frp":10.3,"b":352.4,"c":1,"s":"N21","n":0}},{"type":"Feature","geometry":{"type":"Point","coordinates":[134.3193,-16.2678]},"properties":{"d":"2026-10-08","t":"0349","frp":10.5,"b":336.0,"c":1,"s":"N21","n":0}},{"type":"Feature","geometry":{"type":"Point","coordinates":[134.3182,-16.2662]},"properties":{"d":"2026-10-08","t":"0349","frp":30.7,"b":367.0,"c":2,"s":"N21","n":0}},{"type":"Feature","geometry":{"type":"Point","coordinates":[136.6437,-16.2637]},"properties":{"d":"2026-10-08","t":"0349","frp":5.1,"b":336.0,"c":1,"s":"N21","n":0}},{"type":"Feature","geometry":{"type":"Point","coordinates":[136.6475,-16.2633]},"properties":{"d":"2026-10-08","t":"0349","frp":3.3,"b":333.2,"c":1,"s":"N21","n":0}},{"type":"Feature","geometry":{"type":"Point","coordinates":[134.3133,-16.2619]},"properties":{"d":"2026-10-08","t":"0349","frp":24.0,"b":352.4,"c":1,"s":"N21","n":0}},{"type":"Feature","geometry":{"type":"Point","coordinates":[134.3187,-16.2614]},"properties":{"d":"2026-10-08","t":"0349","frp":24.4,"b":367.0,"c":2,"s":"N21","n":0}},{"type":"Feature","geometry":{"type":"Point","coordinates":[134.3122,-16.2603]},"properties":{"d":"2026-10-08","t":"0349","frp":14.8,"b":343.1,"c":1,"s":"N21","n":0}},{"type":"Feature","geometry":{"type":"Point","coordinates":[134.3177,-16.2598]},"properties":{"d":"2026-10-08","t":"0349","frp":14.8,"b":367.0,"c":2,"s":"N21","n":0}},{"type":"Feature","geometry":{"type":"Point","coordinates":[134.3127,-16.2555]},"properties":{"d":"2026-10-08","t":"0349","frp":24.0,"b":349.5,"c":1,"s":"N21","n":0}},{"type":"Feature","geometry":{"type":"Point","coordinates":[134.3181,-16.255]},"properties":{"d":"2026-10-08","t":"0349","frp":24.4,"b":344.1,"c":1,"s":"N21","n":0}},{"type":"Feature","geometry":{"type":"Point","coordinates":[134.3117,-16.2539]},"properties":{"d":"2026-10-08","t":"0349","frp":14.8,"b":331.6,"c":1,"s":"N21","n":0}},{"type":"Feature","geometry":{"type":"Point","coordinates":[136.7373,-16.2538]},"properties":{"d":"2026-10-08","t":"0349","frp":42.9,"b":367.0,"c":2,"s":"N21","n":0}},{"type":"Feature","geometry":{"type":"Point","coordinates":[134.3171,-16.2533]},"properties":{"d":"2026-10-08","t":"0349","frp":14.8,"b":347.8,"c":1,"s":"N21","n":0}},{"type":"Feature","geometry":{"type":"Point","coordinates":[136.7329,-16.2487]},"properties":{"d":"2026-10-08","t":"0349","frp":24.9,"b":330.2,"c":1,"s":"N21","n":0}},{"type":"Feature","geometry":{"type":"Point","coordinates":[136.7359,-16.2479]},"properties":{"d":"2026-10-08","t":"0349","frp":22.5,"b":339.3,"c":1,"s":"N21","n":0}},{"type":"Feature","geometry":{"type":"Point","coordinates":[136.7403,-16.2479]},"properties":{"d":"2026-10-08","t":"0349","frp":42.9,"b":339.8,"c":1,"s":"N21","n":0}},{"type":"Feature","geometry":{"type":"Point","coordinates":[136.7396,-16.2475]},"properties":{"d":"2026-10-08","t":"0349","frp":22.5,"b":367.0,"c":2,"s":"N21","n":0}},{"type":"Feature","geometry":{"type":"Point","coordinates":[136.736,-16.2428]},"properties":{"d":"2026-10-08","t":"0349","frp":6.6,"b":345.3,"c":1,"s":"N21","n":0}},{"type":"Feature","geometry":{"type":"Point","coordinates":[136.7352,-16.2424]},"properties":{"d":"2026-10-08","t":"0349","frp":22.5,"b":342.0,"c":1,"s":"N21","n":0}},{"type":"Feature","geometry":{"type":"Point","coordinates":[133.7973,-16.233]},"properties":{"d":"2026-10-08","t":"0349","frp":51.4,"b":343.6,"c":1,"s":"N21","n":0}},{"type":"Feature","geometry":{"type":"Point","coordinates":[133.8031,-16.2324]},"properties":{"d":"2026-10-08","t":"0349","frp":56.0,"b":367.0,"c":2,"s":"N21","n":0}},{"type":"Feature","geometry":{"type":"Point","coordinates":[133.7949,-16.232]},"properties":{"d":"2026-10-08","t":"0349","frp":27.4,"b":336.9,"c":1,"s":"N21","n":0}},{"type":"Feature","geometry":{"type":"Point","coordinates":[136.7347,-16.2317]},"properties":{"d":"2026-10-08","t":"0349","frp":6.6,"b":343.4,"c":1,"s":"N21","n":0}},{"type":"Feature","geometry":{"type":"Point","coordinates":[133.8007,-16.2314]},"properties":{"d":"2026-10-08","t":"0349","frp":70.5,"b":346.7,"c":1,"s":"N21","n":0}},{"type":"Feature","geometry":{"type":"Point","coordinates":[136.734,-16.2314]},"properties":{"d":"2026-10-08","t":"0349","frp":5.9,"b":345.1,"c":1,"s":"N21","n":0}},{"type":"Feature","geometry":{"type":"Point","coordinates":[133.7968,-16.2264]},"properties":{"d":"2026-10-08","t":"0349","frp":51.4,"b":348.4,"c":1,"s":"N21","n":0}},{"type":"Feature","geometry":{"type":"Point","coordinates":[133.8026,-16.2258]},"properties":{"d":"2026-10-08","t":"0349","frp":56.0,"b":355.9,"c":0,"s":"N21","n":0}},{"type":"Feature","geometry":{"type":"Point","coordinates":[133.7943,-16.2254]},"properties":{"d":"2026-10-08","t":"0349","frp":27.4,"b":331.3,"c":1,"s":"N21","n":0}},{"type":"Feature","geometry":{"type":"Point","coordinates":[133.8001,-16.2248]},"properties":{"d":"2026-10-08","t":"0349","frp":70.5,"b":367.0,"c":2,"s":"N21","n":0}},{"type":"Feature","geometry":{"type":"Point","coordinates":[133.911,-16.221]},"properties":{"d":"2026-10-08","t":"0349","frp":117.9,"b":367.0,"c":2,"s":"N21","n":0}},{"type":"Feature","geometry":{"type":"Point","coordinates":[136.5813,-16.2204]},"properties":{"d":"2026-10-08","t":"0349","frp":5.3,"b":337.2,"c":1,"s":"N21","n":0}},{"type":"Feature","geometry":{"type":"Point","coordinates":[133.9127,-16.2147]},"properties":{"d":"2026-10-08","t":"0349","frp":130.9,"b":367.0,"c":2,"s":"N21","n":0}},{"type":"Feature","geometry":{"type":"Point","coordinates":[133.7815,-16.2132]},"properties":{"d":"2026-10-08","t":"0349","frp":19.9,"b":343.0,"c":1,"s":"N21","n":0}},{"type":"Feature","geometry":{"type":"Point","coordinates":[133.9123,-16.2081]},"properties":{"d":"2026-10-08","t":"0349","frp":25.2,"b":367.0,"c":2,"s":"N21","n":0}},{"type":"Feature","geometry":{"type":"Point","coordinates":[136.8491,-16.2018]},"properties":{"d":"2026-10-08","t":"0349","frp":3.1,"b":334.7,"c":1,"s":"N21","n":0}},{"type":"Feature","geometry":{"type":"Point","coordinates":[136.6815,-16.1982]},"properties":{"d":"2026-10-08","t":"0349","frp":30.2,"b":332.0,"c":1,"s":"N21","n":0}},{"type":"Feature","geometry":{"type":"Point","coordinates":[136.6853,-16.1978]},"properties":{"d":"2026-10-08","t":"0349","frp":27.8,"b":367.0,"c":2,"s":"N21","n":0}},{"type":"Feature","geometry":{"type":"Point","coordinates":[136.8485,-16.1964]},"properties":{"d":"2026-10-08","t":"0349","frp":3.1,"b":333.8,"c":1,"s":"N21","n":0}},{"type":"Feature","geometry":{"type":"Point","coordinates":[136.6847,-16.1923]},"properties":{"d":"2026-10-08","t":"0349","frp":27.8,"b":350.5,"c":1,"s":"N21","n":0}},{"type":"Feature","geometry":{"type":"Point","coordinates":[136.6884,-16.1918]},"properties":{"d":"2026-10-08","t":"0349","frp":27.8,"b":335.5,"c":1,"s":"N21","n":0}},{"type":"Feature","geometry":{"type":"Point","coordinates":[136.6879,-16.1863]},"properties":{"d":"2026-10-08","t":"0349","frp":12.2,"b":367.0,"c":2,"s":"N21","n":0}},{"type":"Feature","geometry":{"type":"Point","coordinates":[133.8696,-16.1859]},"properties":{"d":"2026-10-08","t":"0349","frp":30.7,"b":350.0,"c":1,"s":"N21","n":0}},{"type":"Feature","geometry":{"type":"Point","coordinates":[133.9653,-16.1829]},"properties":{"d":"2026-10-08","t":"0349","frp":60.2,"b":367.0,"c":2,"s":"N21","n":0}},{"type":"Feature","geometry":{"type":"Point","coordinates":[136.6873,-16.1808]},"properties":{"d":"2026-10-08","t":"0349","frp":12.2,"b":367.0,"c":2,"s":"N21","n":0}},{"type":"Feature","geometry":{"type":"Point","coordinates":[136.691,-16.1804]},"properties":{"d":"2026-10-08","t":"0349","frp":26.1,"b":367.0,"c":2,"s":"N21","n":0}},{"type":"Feature","geometry":{"type":"Point","coordinates":[133.9556,-16.1774]},"properties":{"d":"2026-10-08","t":"0349","frp":22.8,"b":367.0,"c":2,"s":"N21","n":0}},{"type":"Feature","geometry":{"type":"Point","coordinates":[133.9671,-16.1762]},"properties":{"d":"2026-10-08","t":"0349","frp":247.2,"b":367.0,"c":2,"s":"N21","n":0}},{"type":"Feature","geometry":{"type":"Point","coordinates":[136.6903,-16.1749]},"properties":{"d":"2026-10-08","t":"0349","frp":4.7,"b":353.6,"c":1,"s":"N21","n":0}},{"type":"Feature","geometry":{"type":"Point","coordinates":[136.694,-16.1745]},"properties":{"d":"2026-10-08","t":"0349","frp":4.7,"b":345.7,"c":1,"s":"N21","n":0}},{"type":"Feature","geometry":{"type":"Point","coordinates":[133.9551,-16.1708]},"properties":{"d":"2026-10-08","t":"0349","frp":22.8,"b":367.0,"c":2,"s":"N21","n":0}},{"type":"Feature","geometry":{"type":"Point","coordinates":[136.7939,-16.1692]},"properties":{"d":"2026-10-08","t":"0349","frp":2.6,"b":331.2,"c":0,"s":"N21","n":0}},{"type":"Feature","geometry":{"type":"Point","coordinates":[136.6934,-16.169]},"properties":{"d":"2026-10-08","t":"0349","frp":4.7,"b":332.6,"c":0,"s":"N21","n":0}},{"type":"Feature","geometry":{"type":"Point","coordinates":[136.6971,-16.1686]},"properties":{"d":"2026-10-08","t":"0349","frp":6.0,"b":339.0,"c":1,"s":"N21","n":0}},{"type":"Feature","geometry":{"type":"Point","coordinates":[136.7008,-16.1682]},"properties":{"d":"2026-10-08","t":"0349","frp":6.0,"b":344.0,"c":1,"s":"N21","n":0}},{"type":"Feature","geometry":{"type":"Point","coordinates":[136.7155,-16.1666]},"properties":{"d":"2026-10-08","t":"0349","frp":7.1,"b":344.8,"c":1,"s":"N21","n":0}},{"type":"Feature","geometry":{"type":"Point","coordinates":[136.7676,-16.1665]},"properties":{"d":"2026-10-08","t":"0349","frp":4.0,"b":343.1,"c":1,"s":"N21","n":0}},{"type":"Feature","geometry":{"type":"Point","coordinates":[136.7896,-16.1641]},"properties":{"d":"2026-10-08","t":"0349","frp":5.0,"b":346.8,"c":1,"s":"N21","n":0}},{"type":"Feature","geometry":{"type":"Point","coordinates":[136.7039,-16.1623]},"properties":{"d":"2026-10-08","t":"0349","frp":2.6,"b":337.0,"c":1,"s":"N21","n":0}},{"type":"Feature","geometry":{"type":"Point","coordinates":[136.7075,-16.1619]},"properties":{"d":"2026-10-08","t":"0349","frp":2.6,"b":334.4,"c":0,"s":"N21","n":0}},{"type":"Feature","geometry":{"type":"Point","coordinates":[136.7149,-16.1611]},"properties":{"d":"2026-10-08","t":"0349","frp":5.3,"b":340.2,"c":1,"s":"N21","n":0}},{"type":"Feature","geometry":{"type":"Point","coordinates":[136.767,-16.161]},"properties":{"d":"2026-10-08","t":"0349","frp":4.0,"b":333.2,"c":1,"s":"N21","n":0}},{"type":"Feature","geometry":{"type":"Point","coordinates":[136.7707,-16.1606]},"properties":{"d":"2026-10-08","t":"0349","frp":7.1,"b":333.4,"c":1,"s":"N21","n":0}},{"type":"Feature","geometry":{"type":"Point","coordinates":[136.7963,-16.1578]},"properties":{"d":"2026-10-08","t":"0349","frp":8.1,"b":345.2,"c":1,"s":"N21","n":0}},{"type":"Feature","geometry":{"type":"Point","coordinates":[136.77,-16.1551]},"properties":{"d":"2026-10-08","t":"0349","frp":7.0,"b":335.5,"c":1,"s":"N21","n":0}},{"type":"Feature","geometry":{"type":"Point","coordinates":[136.4654,-16.155]},"properties":{"d":"2026-10-08","t":"0349","frp":6.1,"b":367.0,"c":2,"s":"N21","n":0}},{"type":"Feature","geometry":{"type":"Point","coordinates":[136.7737,-16.1547]},"properties":{"d":"2026-10-08","t":"0349","frp":7.0,"b":367.0,"c":2,"s":"N21","n":0}},{"type":"Feature","geometry":{"type":"Point","coordinates":[136.4692,-16.1546]},"properties":{"d":"2026-10-08","t":"0349","frp":6.1,"b":338.4,"c":1,"s":"N21","n":0}},{"type":"Feature","geometry":{"type":"Point","coordinates":[136.4627,-16.1541]},"properties":{"d":"2026-10-08","t":"0349","frp":7.3,"b":338.9,"c":1,"s":"N21","n":0}},{"type":"Feature","geometry":{"type":"Point","coordinates":[136.4666,-16.1537]},"properties":{"d":"2026-10-08","t":"0349","frp":9.4,"b":367.0,"c":2,"s":"N21","n":0}},{"type":"Feature","geometry":{"type":"Point","coordinates":[136.4704,-16.1533]},"properties":{"d":"2026-10-08","t":"0349","frp":9.4,"b":338.4,"c":1,"s":"N21","n":0}},{"type":"Feature","geometry":{"type":"Point","coordinates":[136.7958,-16.1524]},"properties":{"d":"2026-10-08","t":"0349","frp":8.8,"b":343.5,"c":1,"s":"N21","n":0}},{"type":"Feature","geometry":{"type":"Point","coordinates":[136.4647,-16.1494]},"properties":{"d":"2026-10-08","t":"0349","frp":9.8,"b":349.3,"c":1,"s":"N21","n":0}},{"type":"Feature","geometry":{"type":"Point","coordinates":[136.7731,-16.1493]},"properties":{"d":"2026-10-08","t":"0349","frp":7.0,"b":349.4,"c":1,"s":"N21","n":0}},{"type":"Feature","geometry":{"type":"Point","coordinates":[133.9067,-16.1491]},"properties":{"d":"2026-10-08","t":"0349","frp":14.2,"b":349.6,"c":1,"s":"N21","n":0}},{"type":"Feature","geometry":{"type":"Point","coordinates":[136.4685,-16.149]},"properties":{"d":"2026-10-08","t":"0349","frp":9.8,"b":367.0,"c":2,"s":"N21","n":0}},{"type":"Feature","geometry":{"type":"Point","coordinates":[136.4621,-16.1485]},"properties":{"d":"2026-10-08","t":"0349","frp":7.3,"b":334.3,"c":1,"s":"N21","n":0}},{"type":"Feature","geometry":{"type":"Point","coordinates":[136.4659,-16.1482]},"properties":{"d":"2026-10-08","t":"0349","frp":9.4,"b":343.6,"c":1,"s":"N21","n":0}},{"type":"Feature","geometry":{"type":"Point","coordinates":[136.4696,-16.1478]},"properties":{"d":"2026-10-08","t":"0349","frp":9.4,"b":351.1,"c":1,"s":"N21","n":0}},{"type":"Feature","geometry":{"type":"Point","coordinates":[136.693,-16.1462]},"properties":{"d":"2026-10-08","t":"0349","frp":2.8,"b":333.8,"c":0,"s":"N21","n":0}},{"type":"Feature","geometry":{"type":"Point","coordinates":[136.5491,-16.1456]},"properties":{"d":"2026-10-08","t":"0349","frp":6.8,"b":340.7,"c":1,"s":"N21","n":0}},{"type":"Feature","geometry":{"type":"Point","coordinates":[136.5505,-16.145]},"properties":{"d":"2026-10-08","t":"0349","frp":7.3,"b":338.2,"c":1,"s":"N21","n":0}},{"type":"Feature","geometry":{"type":"Point","coordinates":[136.4602,-16.1443]},"properties":{"d":"2026-10-08","t":"0349","frp":6.6,"b":334.4,"c":0,"s":"N21","n":0}},{"type":"Feature","geometry":{"type":"Point","coordinates":[136.4678,-16.1434]},"properties":{"d":"2026-10-08","t":"0349","frp":9.8,"b":347.7,"c":1,"s":"N21","n":0}},{"type":"Feature","geometry":{"type":"Point","coordinates":[133.9117,-16.142]},"properties":{"d":"2026-10-08","t":"0349","frp":47.1,"b":367.0,"c":2,"s":"N21","n":0}},{"type":"Feature","geometry":{"type":"Point","coordinates":[136.7756,-16.1379]},"properties":{"d":"2026-10-08","t":"0349","frp":11.3,"b":367.0,"c":2,"s":"N21","n":0}},{"type":"Feature","geometry":{"type":"Point","coordinates":[136.4671,-16.1379]},"properties":{"d":"2026-10-08","t":"0349","frp":4.6,"b":352.1,"c":1,"s":"N21","n":0}},{"type":"Feature","geometry":{"type":"Point","coordinates":[136.7738,-16.137]},"properties":{"d":"2026-10-08","t":"0349","frp":5.2,"b":336.7,"c":1,"s":"N21","n":0}},{"type":"Feature","geometry":{"type":"Point","coordinates":[136.7775,-16.1366]},"properties":{"d":"2026-10-08","t":"0349","frp":5.2,"b":353.6,"c":1,"s":"N21","n":0}},{"type":"Feature","geometry":{"type":"Point","coordinates":[136.4626,-16.1327]},"properties":{"d":"2026-10-08","t":"0349","frp":4.6,"b":335.5,"c":1,"s":"N21","n":0}},{"type":"Feature","geometry":{"type":"Point","coordinates":[136.8852,-16.1317]},"properties":{"d":"2026-10-08","t":"0349","frp":5.3,"b":338.4,"c":1,"s":"N21","n":0}},{"type":"Feature","geometry":{"type":"Point","coordinates":[134.3981,-16.1266]},"properties":{"d":"2026-10-08","t":"0349","frp":22.5,"b":367.0,"c":2,"s":"N21","n":0}},{"type":"Feature","geometry":{"type":"Point","coordinates":[136.6229,-16.1262]},"properties":{"d":"2026-10-08","t":"0349","frp":4.5,"b":336.2,"c":1,"s":"N21","n":0}},{"type":"Feature","geometry":{"type":"Point","coordinates":[134.4086,-16.1256]},"properties":{"d":"2026-10-08","t":"0349","frp":14.1,"b":347.8,"c":1,"s":"N21","n":0}},{"type":"Feature","geometry":{"type":"Point","coordinates":[134.3817,-16.1218]},"properties":{"d":"2026-10-08","t":"0349","frp":49.2,"b":351.1,"c":1,"s":"N21","n":0}},{"type":"Feature","geometry":{"type":"Point","coordinates":[134.387,-16.1213]},"properties":{"d":"2026-10-08","t":"0349","frp":71.6,"b":367.0,"c":2,"s":"N21","n":0}},{"type":"Feature","geometry":{"type":"Point","coordinates":[134.4081,-16.1192]},"properties":{"d":"2026-10-08","t":"0349","frp":14.9,"b":334.3,"c":1,"s":"N21","n":0}},{"type":"Feature","geometry":{"type":"Point","coordinates":[136.8798,-16.1157]},"properties":{"d":"2026-10-08","t":"0349","frp":5.2,"b":335.3,"c":1,"s":"N21","n":0}},{"type":"Feature","geometry":{"type":"Point","coordinates":[134.3811,-16.1155]},"properties":{"d":"2026-10-08","t":"0349","frp":49.2,"b":367.0,"c":2,"s":"N21","n":0}},{"type":"Feature","geometry":{"type":"Point","coordinates":[134.3753,-16.1096]},"properties":{"d":"2026-10-08","t":"0349","frp":33.6,"b":335.5,"c":1,"s":"N21","n":0}},{"type":"Feature","geometry":{"type":"Point","coordinates":[134.3806,-16.1091]},"properties":{"d":"2026-10-08","t":"0349","frp":33.6,"b":367.0,"c":2,"s":"N21","n":0}},{"type":"Feature","geometry":{"type":"Point","coordinates":[136.8605,-16.1067]},"properties":{"d":"2026-10-08","t":"0349","frp":3.4,"b":338.8,"c":1,"s":"N21","n":0}},{"type":"Feature","geometry":{"type":"Point","coordinates":[136.8641,-16.1063]},"properties":{"d":"2026-10-08","t":"0349","frp":3.4,"b":336.4,"c":1,"s":"N21","n":0}},{"type":"Feature","geometry":{"type":"Point","coordinates":[136.8623,-16.1048]},"properties":{"d":"2026-10-08","t":"0349","frp":4.1,"b":337.7,"c":1,"s":"N21","n":0}},{"type":"Feature","geometry":{"type":"Point","coordinates":[134.3749,-16.1032]},"properties":{"d":"2026-10-08","t":"0349","frp":33.6,"b":339.5,"c":1,"s":"N21","n":0}},{"type":"Feature","geometry":{"type":"Point","coordinates":[134.3801,-16.1027]},"properties":{"d":"2026-10-08","t":"0349","frp":33.6,"b":367.0,"c":2,"s":"N21","n":0}},{"type":"Feature","geometry":{"type":"Point","coordinates":[134.3743,-16.0968]},"properties":{"d":"2026-10-08","t":"0349","frp":20.9,"b":348.6,"c":1,"s":"N21","n":0}},{"type":"Feature","geometry":{"type":"Point","coordinates":[136.4278,-16.0968]},"properties":{"d":"2026-10-08","t":"0349","frp":50.9,"b":334.6,"c":1,"s":"N21","n":0}},{"type":"Feature","geometry":{"type":"Point","coordinates":[136.4316,-16.0964]},"properties":{"d":"2026-10-08","t":"0349","frp":50.9,"b":354.0,"c":1,"s":"N21","n":0}},{"type":"Feature","geometry":{"type":"Point","coordinates":[134.3795,-16.0963]},"properties":{"d":"2026-10-08","t":"0349","frp":20.9,"b":367.0,"c":2,"s":"N21","n":0}},{"type":"Feature","geometry":{"type":"Point","coordinates":[134.0857,-16.092]},"properties":{"d":"2026-10-08","t":"0349","frp":16.8,"b":331.1,"c":1,"s":"N21","n":0}},{"type":"Feature","geometry":{"type":"Point","coordinates":[134.0913,-16.0914]},"properties":{"d":"2026-10-08","t":"0349","frp":12.7,"b":336.5,"c":1,"s":"N21","n":0}},{"type":"Feature","geometry":{"type":"Point","coordinates":[136.4273,-16.0912]},"properties":{"d":"2026-10-08","t":"0349","frp":50.9,"b":316.9,"c":0,"s":"N21","n":0}},{"type":"Feature","geometry":{"type":"Point","coordinates":[136.4311,-16.0908]},"properties":{"d":"2026-10-08","t":"0349","frp":50.9,"b":367.0,"c":2,"s":"N21","n":0}},{"type":"Feature","geometry":{"type":"Point","coordinates":[136.4267,-16.0856]},"properties":{"d":"2026-10-08","t":"0349","frp":12.2,"b":355.2,"c":1,"s":"N21","n":0}},{"type":"Feature","geometry":{"type":"Point","coordinates":[136.4305,-16.0852]},"properties":{"d":"2026-10-08","t":"0349","frp":12.2,"b":367.0,"c":2,"s":"N21","n":0}},{"type":"Feature","geometry":{"type":"Point","coordinates":[136.4343,-16.0848]},"properties":{"d":"2026-10-08","t":"0349","frp":9.7,"b":334.4,"c":1,"s":"N21","n":0}},{"type":"Feature","geometry":{"type":"Point","coordinates":[134.4045,-16.081]},"properties":{"d":"2026-10-08","t":"0349","frp":11.8,"b":333.4,"c":1,"s":"N21","n":0}},{"type":"Feature","geometry":{"type":"Point","coordinates":[136.43,-16.0796]},"properties":{"d":"2026-10-08","t":"0349","frp":12.2,"b":334.2,"c":1,"s":"N21","n":0}},{"type":"Feature","geometry":{"type":"Point","coordinates":[136.4338,-16.0792]},"properties":{"d":"2026-10-08","t":"0349","frp":9.7,"b":333.1,"c":1,"s":"N21","n":0}},{"type":"Feature","geometry":{"type":"Point","coordinates":[136.4414,-16.0784]},"properties":{"d":"2026-10-08","t":"0349","frp":26.2,"b":367.0,"c":2,"s":"N21","n":0}},{"type":"Feature","geometry":{"type":"Point","coordinates":[133.9704,-16.0774]},"properties":{"d":"2026-10-08","t":"0349","frp":15.5,"b":340.0,"c":1,"s":"N21","n":0}},{"type":"Feature","geometry":{"type":"Point","coordinates":[134.3776,-16.0772]},"properties":{"d":"2026-10-08","t":"0349","frp":13.3,"b":333.9,"c":1,"s":"N21","n":0}},{"type":"Feature","geometry":{"type":"Point","coordinates":[134.4251,-16.0726]},"properties":{"d":"2026-10-08","t":"0349","frp":10.1,"b":332.2,"c":1,"s":"N21","n":0}},{"type":"Feature","geometry":{"type":"Point","coordinates":[134.4303,-16.0721]},"properties":{"d":"2026-10-08","t":"0349","frp":10.1,"b":341.6,"c":1,"s":"N21","n":0}},{"type":"Feature","geometry":{"type":"Point","coordinates":[136.8147,-16.0715]},"properties":{"d":"2026-10-08","t":"0349","frp":13.3,"b":367.0,"c":2,"s":"N21","n":0}},{"type":"Feature","geometry":{"type":"Point","coordinates":[133.9641,-16.0714]},"properties":{"d":"2026-10-08","t":"0349","frp":12.5,"b":336.5,"c":1,"s":"N21","n":0}},{"type":"Feature","geometry":{"type":"Point","coordinates":[134.4265,-16.0697]},"properties":{"d":"2026-10-08","t":"0349","frp":15.3,"b":340.9,"c":1,"s":"N21","n":0}},{"type":"Feature","geometry":{"type":"Point","coordinates":[134.4318,-16.0692]},"properties":{"d":"2026-10-08","t":"0349","frp":15.3,"b":367.0,"c":2,"s":"N21","n":0}},{"type":"Feature","geometry":{"type":"Point","coordinates":[136.8068,-16.0668]},"properties":{"d":"2026-10-08","t":"0349","frp":7.8,"b":349.7,"c":1,"s":"N21","n":0}},{"type":"Feature","geometry":{"type":"Point","coordinates":[136.4565,-16.0668]},"properties":{"d":"2026-10-08","t":"0349","frp":3.9,"b":332.4,"c":0,"s":"N21","n":0}},{"type":"Feature","geometry":{"type":"Point","coordinates":[136.8104,-16.0664]},"properties":{"d":"2026-10-08","t":"0349","frp":4.9,"b":335.8,"c":1,"s":"N21","n":0}},{"type":"Feature","geometry":{"type":"Point","coordinates":[136.8141,-16.066]},"properties":{"d":"2026-10-08","t":"0349","frp":4.9,"b":353.7,"c":1,"s":"N21","n":0}},{"type":"Feature","geometry":{"type":"Point","coordinates":[134.4298,-16.0657]},"properties":{"d":"2026-10-08","t":"0349","frp":38.1,"b":367.0,"c":2,"s":"N21","n":0}},{"type":"Feature","geometry":{"type":"Point","coordinates":[133.9579,-16.0655]},"properties":{"d":"2026-10-08","t":"0349","frp":16.8,"b":333.2,"c":1,"s":"N21","n":0}},{"type":"Feature","geometry":{"type":"Point","coordinates":[134.435,-16.0652]},"properties":{"d":"2026-10-08","t":"0349","frp":34.2,"b":331.9,"c":1,"s":"N21","n":0}},{"type":"Feature","geometry":{"type":"Point","coordinates":[134.4312,-16.0629]},"properties":{"d":"2026-10-08","t":"0349","frp":27.3,"b":339.4,"c":1,"s":"N21","n":0}},{"type":"Feature","geometry":{"type":"Point","coordinates":[134.4345,-16.0588]},"properties":{"d":"2026-10-08","t":"0349","frp":34.2,"b":353.6,"c":1,"s":"N21","n":0}},{"type":"Feature","geometry":{"type":"Point","coordinates":[134.4307,-16.0565]},"properties":{"d":"2026-10-08","t":"0349","frp":27.3,"b":331.5,"c":1,"s":"N21","n":0}},{"type":"Feature","geometry":{"type":"Point","coordinates":[134.4359,-16.0559]},"properties":{"d":"2026-10-08","t":"0349","frp":82.6,"b":367.0,"c":2,"s":"N21","n":0}},{"type":"Feature","geometry":{"type":"Point","coordinates":[134.4339,-16.0525]},"properties":{"d":"2026-10-08","t":"0349","frp":36.6,"b":349.0,"c":1,"s":"N21","n":0}},{"type":"Feature","geometry":{"type":"Point","coordinates":[134.4391,-16.052]},"properties":{"d":"2026-10-08","t":"0349","frp":36.6,"b":367.0,"c":2,"s":"N21","n":0}},{"type":"Feature","geometry":{"type":"Point","coordinates":[134.4353,-16.0496]},"properties":{"d":"2026-10-08","t":"0349","frp":18.9,"b":367.0,"c":2,"s":"N21","n":0}},{"type":"Feature","geometry":{"type":"Point","coordinates":[145.1329,-16.049]},"properties":{"d":"2026-10-08","t":"0349","frp":12.5,"b":340.5,"c":1,"s":"N21","n":0}},{"type":"Feature","geometry":{"type":"Point","coordinates":[145.1366,-16.0485]},"properties":{"d":"2026-10-08","t":"0349","frp":4.9,"b":339.8,"c":1,"s":"N21","n":0}},{"type":"Feature","geometry":{"type":"Point","coordinates":[134.4124,-16.0482]},"properties":{"d":"2026-10-08","t":"0349","frp":24.4,"b":354.4,"c":1,"s":"N21","n":0}},{"type":"Feature","geometry":{"type":"Point","coordinates":[134.4087,-16.0459]},"properties":{"d":"2026-10-08","t":"0349","frp":17.0,"b":338.4,"c":1,"s":"N21","n":0}},{"type":"Feature","geometry":{"type":"Point","coordinates":[134.4139,-16.0454]},"properties":{"d":"2026-10-08","t":"0349","frp":20.1,"b":338.8,"c":1,"s":"N21","n":0}},{"type":"Feature","geometry":{"type":"Point","coordinates":[145.1435,-16.0441]},"properties":{"d":"2026-10-08","t":"0349","frp":4.3,"b":339.0,"c":1,"s":"N21","n":0}},{"type":"Feature","geometry":{"type":"Point","coordinates":[134.4347,-16.0433]},"properties":{"d":"2026-10-08","t":"0349","frp":18.9,"b":332.1,"c":1,"s":"N21","n":0}},{"type":"Feature","geometry":{"type":"Point","coordinates":[134.4372,-16.033]},"properties":{"d":"2026-10-08","t":"0349","frp":5.3,"b":331.5,"c":1,"s":"N21","n":0}},{"type":"Feature","geometry":{"type":"Point","coordinates":[134.4335,-16.0306]},"properties":{"d":"2026-10-08","t":"0349","frp":15.8,"b":344.5,"c":1,"s":"N21","n":0}},{"type":"Feature","geometry":{"type":"Point","coordinates":[134.4267,-16.012]},"properties":{"d":"2026-10-08","t":"0349","frp":13.7,"b":343.8,"c":1,"s":"N21","n":0}},{"type":"Feature","geometry":{"type":"Point","coordinates":[133.9483,-15.9808]},"properties":{"d":"2026-10-08","t":"0349","frp":10.3,"b":336.7,"c":1,"s":"N21","n":0}},{"type":"Feature","geometry":{"type":"Point","coordinates":[133.9477,-15.9742]},"properties":{"d":"2026-10-08","t":"0349","frp":10.3,"b":349.4,"c":1,"s":"N21","n":0}},{"type":"Feature","geometry":{"type":"Point","coordinates":[133.9491,-15.9741]},"properties":{"d":"2026-10-08","t":"0349","frp":22.8,"b":343.3,"c":1,"s":"N21","n":0}},{"type":"Feature","geometry":{"type":"Point","coordinates":[134.4915,-15.9445]},"properties":{"d":"2026-10-08","t":"0349","frp":13.0,"b":336.4,"c":1,"s":"N21","n":0}},{"type":"Feature","geometry":{"type":"Point","coordinates":[134.4635,-15.9218]},"properties":{"d":"2026-10-08","t":"0349","frp":8.8,"b":331.9,"c":1,"s":"N21","n":0}},{"type":"Feature","geometry":{"type":"Point","coordinates":[133.9706,-15.9127]},"properties":{"d":"2026-10-08","t":"0349","frp":20.0,"b":334.4,"c":1,"s":"N21","n":0}},{"type":"Feature","geometry":{"type":"Point","coordinates":[133.9733,-15.9125]},"properties":{"d":"2026-10-08","t":"0349","frp":18.6,"b":367.0,"c":2,"s":"N21","n":0}},{"type":"Feature","geometry":{"type":"Point","coordinates":[133.9761,-15.9122]},"properties":{"d":"2026-10-08","t":"0349","frp":28.3,"b":367.0,"c":2,"s":"N21","n":0}},{"type":"Feature","geometry":{"type":"Point","coordinates":[133.9672,-15.9066]},"properties":{"d":"2026-10-08","t":"0349","frp":18.6,"b":330.9,"c":1,"s":"N21","n":0}},{"type":"Feature","geometry":{"type":"Point","coordinates":[133.97,-15.9062]},"properties":{"d":"2026-10-08","t":"0349","frp":20.0,"b":344.9,"c":1,"s":"N21","n":0}},{"type":"Feature","geometry":{"type":"Point","coordinates":[133.9728,-15.906]},"properties":{"d":"2026-10-08","t":"0349","frp":18.6,"b":367.0,"c":2,"s":"N21","n":0}},{"type":"Feature","geometry":{"type":"Point","coordinates":[133.9756,-15.9057]},"properties":{"d":"2026-10-08","t":"0349","frp":28.3,"b":367.0,"c":2,"s":"N21","n":0}},{"type":"Feature","geometry":{"type":"Point","coordinates":[133.9723,-15.8995]},"properties":{"d":"2026-10-08","t":"0349","frp":9.6,"b":344.4,"c":1,"s":"N21","n":0}},{"type":"Feature","geometry":{"type":"Point","coordinates":[133.9751,-15.8991]},"properties":{"d":"2026-10-08","t":"0349","frp":7.3,"b":336.7,"c":1,"s":"N21","n":0}},{"type":"Feature","geometry":{"type":"Point","coordinates":[133.969,-15.8932]},"properties":{"d":"2026-10-08","t":"0349","frp":15.1,"b":330.2,"c":1,"s":"N21","n":0}},{"type":"Feature","geometry":{"type":"Point","coordinates":[133.9718,-15.8929]},"properties":{"d":"2026-10-08","t":"0349","frp":9.6,"b":344.3,"c":1,"s":"N21","n":0}},{"type":"Feature","geometry":{"type":"Point","coordinates":[133.9746,-15.8926]},"properties":{"d":"2026-10-08","t":"0349","frp":7.3,"b":330.6,"c":1,"s":"N21","n":0}},{"type":"Feature","geometry":{"type":"Point","coordinates":[133.9684,-15.8866]},"properties":{"d":"2026-10-08","t":"0349","frp":8.9,"b":338.0,"c":1,"s":"N21","n":0}},{"type":"Feature","geometry":{"type":"Point","coordinates":[134.4964,-15.8866]},"properties":{"d":"2026-10-08","t":"0349","frp":47.9,"b":367.0,"c":2,"s":"N21","n":0}},{"type":"Feature","geometry":{"type":"Point","coordinates":[134.4736,-15.8633]},"properties":{"d":"2026-10-08","t":"0349","frp":13.7,"b":367.0,"c":2,"s":"N21","n":0}},{"type":"Feature","geometry":{"type":"Point","coordinates":[133.9517,-15.8555]},"properties":{"d":"2026-10-08","t":"0349","frp":7.3,"b":335.2,"c":1,"s":"N21","n":0}},{"type":"Feature","geometry":{"type":"Point","coordinates":[133.9572,-15.855]},"properties":{"d":"2026-10-08","t":"0349","frp":7.3,"b":335.0,"c":1,"s":"N21","n":0}},{"type":"Feature","geometry":{"type":"Point","coordinates":[133.935,-15.8506]},"properties":{"d":"2026-10-08","t":"0349","frp":10.4,"b":340.8,"c":1,"s":"N21","n":0}},{"type":"Feature","geometry":{"type":"Point","coordinates":[134.4896,-15.7946]},"properties":{"d":"2026-10-08","t":"0349","frp":22.2,"b":339.5,"c":1,"s":"N21","n":0}},{"type":"Feature","geometry":{"type":"Point","coordinates":[134.4837,-15.7888]},"properties":{"d":"2026-10-08","t":"0349","frp":23.5,"b":367.0,"c":2,"s":"N21","n":0}},{"type":"Feature","geometry":{"type":"Point","coordinates":[134.483,-15.7825]},"properties":{"d":"2026-10-08","t":"0349","frp":10.7,"b":335.2,"c":1,"s":"N21","n":0}},{"type":"Feature","geometry":{"type":"Point","coordinates":[144.2117,-15.7505]},"properties":{"d":"2026-10-08","t":"0349","frp":7.9,"b":338.0,"c":1,"s":"N21","n":0}},{"type":"Feature","geometry":{"type":"Point","coordinates":[144.2156,-15.75]},"properties":{"d":"2026-10-08","t":"0349","frp":7.9,"b":340.1,"c":1,"s":"N21","n":0}},{"type":"Feature","geometry":{"type":"Point","coordinates":[144.2066,-15.7442]},"properties":{"d":"2026-10-08","t":"0349","frp":8.2,"b":347.0,"c":1,"s":"N21","n":0}},{"type":"Feature","geometry":{"type":"Point","coordinates":[144.2022,-15.7413]},"properties":{"d":"2026-10-08","t":"0349","frp":8.2,"b":351.4,"c":1,"s":"N21","n":0}},{"type":"Feature","geometry":{"type":"Point","coordinates":[143.7369,-15.7123]},"properties":{"d":"2026-10-08","t":"0349","frp":4.9,"b":336.8,"c":0,"s":"N21","n":0}},{"type":"Feature","geometry":{"type":"Point","coordinates":[132.1373,-15.67]},"properties":{"d":"2026-10-08","t":"0349","frp":17.8,"b":333.4,"c":1,"s":"N21","n":0}},{"type":"Feature","geometry":{"type":"Point","coordinates":[144.4276,-15.6536]},"properties":{"d":"2026-10-08","t":"0349","frp":6.5,"b":345.8,"c":1,"s":"N21","n":0}},{"type":"Feature","geometry":{"type":"Point","coordinates":[144.4315,-15.6531]},"properties":{"d":"2026-10-08","t":"0349","frp":6.5,"b":341.1,"c":1,"s":"N21","n":0}},{"type":"Feature","geometry":{"type":"Point","coordinates":[144.4354,-15.6525]},"properties":{"d":"2026-10-08","t":"0349","frp":2.9,"b":333.7,"c":0,"s":"N21","n":0}},{"type":"Feature","geometry":{"type":"Point","coordinates":[144.4348,-15.6491]},"properties":{"d":"2026-10-08","t":"0349","frp":2.9,"b":343.4,"c":1,"s":"N21","n":0}},{"type":"Feature","geometry":{"type":"Point","coordinates":[144.4343,-15.6456]},"properties":{"d":"2026-10-08","t":"0349","frp":7.2,"b":343.9,"c":1,"s":"N21","n":0}},{"type":"Feature","geometry":{"type":"Point","coordinates":[144.442,-15.6445]},"properties":{"d":"2026-10-08","t":"0349","frp":26.8,"b":354.8,"c":1,"s":"N21","n":0}},{"type":"Feature","geometry":{"type":"Point","coordinates":[144.4529,-15.6395]},"properties":{"d":"2026-10-08","t":"0349","frp":7.2,"b":347.8,"c":0,"s":"N21","n":0}},{"type":"Feature","geometry":{"type":"Point","coordinates":[144.6361,-15.6374]},"properties":{"d":"2026-10-08","t":"0349","frp":4.5,"b":342.8,"c":1,"s":"N21","n":0}},{"type":"Feature","geometry":{"type":"Point","coordinates":[144.6399,-15.6369]},"properties":{"d":"2026-10-08","t":"0349","frp":4.5,"b":347.5,"c":1,"s":"N21","n":0}},{"type":"Feature","geometry":{"type":"Point","coordinates":[144.4524,-15.636]},"properties":{"d":"2026-10-08","t":"0349","frp":5.2,"b":340.6,"c":0,"s":"N21","n":0}},{"type":"Feature","geometry":{"type":"Point","coordinates":[144.4562,-15.6355]},"properties":{"d":"2026-10-08","t":"0349","frp":4.4,"b":334.1,"c":0,"s":"N21","n":0}},{"type":"Feature","geometry":{"type":"Point","coordinates":[144.4244,-15.633]},"properties":{"d":"2026-10-08","t":"0349","frp":6.3,"b":344.3,"c":1,"s":"N21","n":0}},{"type":"Feature","geometry":{"type":"Point","coordinates":[144.6432,-15.6329]},"properties":{"d":"2026-10-08","t":"0349","frp":14.8,"b":345.2,"c":1,"s":"N21","n":0}},{"type":"Feature","geometry":{"type":"Point","coordinates":[144.4519,-15.6326]},"properties":{"d":"2026-10-08","t":"0349","frp":5.2,"b":348.1,"c":1,"s":"N21","n":0}},{"type":"Feature","geometry":{"type":"Point","coordinates":[144.6427,-15.6295]},"properties":{"d":"2026-10-08","t":"0349","frp":9.9,"b":340.6,"c":1,"s":"N21","n":0}},{"type":"Feature","geometry":{"type":"Point","coordinates":[144.4513,-15.6292]},"properties":{"d":"2026-10-08","t":"0349","frp":24.7,"b":349.0,"c":0,"s":"N21","n":0}},{"type":"Feature","geometry":{"type":"Point","coordinates":[144.6465,-15.629]},"properties":{"d":"2026-10-08","t":"0349","frp":9.9,"b":346.6,"c":1,"s":"N21","n":0}},{"type":"Feature","geometry":{"type":"Point","coordinates":[144.646,-15.6256]},"properties":{"d":"2026-10-08","t":"0349","frp":9.9,"b":339.9,"c":1,"s":"N21","n":0}},{"type":"Feature","geometry":{"type":"Point","coordinates":[144.4503,-15.6223]},"properties":{"d":"2026-10-08","t":"0349","frp":6.1,"b":337.1,"c":0,"s":"N21","n":0}},{"type":"Feature","geometry":{"type":"Point","coordinates":[144.4541,-15.6218]},"properties":{"d":"2026-10-08","t":"0349","frp":7.4,"b":335.3,"c":0,"s":"N21","n":0}},{"type":"Feature","geometry":{"type":"Point","coordinates":[144.4498,-15.6189]},"properties":{"d":"2026-10-08","t":"0349","frp":6.1,"b":345.1,"c":1,"s":"N21","n":0}},{"type":"Feature","geometry":{"type":"Point","coordinates":[144.6488,-15.6182]},"properties":{"d":"2026-10-08","t":"0349","frp":6.3,"b":334.6,"c":1,"s":"N21","n":0}},{"type":"Feature","geometry":{"type":"Point","coordinates":[144.6526,-15.6176]},"properties":{"d":"2026-10-08","t":"0349","frp":6.3,"b":354.2,"c":1,"s":"N21","n":0}},{"type":"Feature","geometry":{"type":"Point","coordinates":[144.6564,-15.6171]},"properties":{"d":"2026-10-08","t":"0349","frp":3.7,"b":338.7,"c":1,"s":"N21","n":0}},{"type":"Feature","geometry":{"type":"Point","coordinates":[144.4493,-15.6155]},"properties":{"d":"2026-10-08","t":"0349","frp":6.5,"b":338.0,"c":1,"s":"N21","n":0}},{"type":"Feature","geometry":{"type":"Point","coordinates":[144.6483,-15.6148]},"properties":{"d":"2026-10-08","t":"0349","frp":4.1,"b":337.7,"c":1,"s":"N21","n":0}},{"type":"Feature","geometry":{"type":"Point","coordinates":[144.6559,-15.6137]},"properties":{"d":"2026-10-08","t":"0349","frp":7.8,"b":347.2,"c":1,"s":"N21","n":0}},{"type":"Feature","geometry":{"type":"Point","coordinates":[144.6597,-15.6132]},"properties":{"d":"2026-10-08","t":"0349","frp":7.8,"b":351.6,"c":1,"s":"N21","n":0}},{"type":"Feature","geometry":{"type":"Point","coordinates":[144.6592,-15.6098]},"properties":{"d":"2026-10-08","t":"0349","frp":7.8,"b":342.9,"c":1,"s":"N21","n":0}},{"type":"Feature","geometry":{"type":"Point","coordinates":[144.4521,-15.6081]},"properties":{"d":"2026-10-08","t":"0349","frp":5.7,"b":334.8,"c":0,"s":"N21","n":0}},{"type":"Feature","geometry":{"type":"Point","coordinates":[144.4285,-15.6079]},"properties":{"d":"2026-10-08","t":"0349","frp":4.3,"b":336.6,"c":0,"s":"N21","n":0}},{"type":"Feature","geometry":{"type":"Point","coordinates":[144.4323,-15.6074]},"properties":{"d":"2026-10-08","t":"0349","frp":4.3,"b":339.0,"c":1,"s":"N21","n":0}},{"type":"Feature","geometry":{"type":"Point","coordinates":[144.4362,-15.6068]},"properties":{"d":"2026-10-08","t":"0349","frp":8.8,"b":346.7,"c":1,"s":"N21","n":0}},{"type":"Feature","geometry":{"type":"Point","coordinates":[144.6587,-15.6063]},"properties":{"d":"2026-10-08","t":"0349","frp":7.2,"b":343.2,"c":1,"s":"N21","n":0}},{"type":"Feature","geometry":{"type":"Point","coordinates":[144.44,-15.6063]},"properties":{"d":"2026-10-08","t":"0349","frp":8.8,"b":333.3,"c":0,"s":"N21","n":0}},{"type":"Feature","geometry":{"type":"Point","coordinates":[144.4318,-15.604]},"properties":{"d":"2026-10-08","t":"0349","frp":4.1,"b":346.5,"c":1,"s":"N21","n":0}},{"type":"Feature","geometry":{"type":"Point","coordinates":[144.4356,-15.6034]},"properties":{"d":"2026-10-08","t":"0349","frp":5.4,"b":346.4,"c":1,"s":"N21","n":0}},{"type":"Feature","geometry":{"type":"Point","coordinates":[144.6658,-15.6018]},"properties":{"d":"2026-10-08","t":"0349","frp":17.2,"b":352.2,"c":1,"s":"N21","n":0}},{"type":"Feature","geometry":{"type":"Point","coordinates":[134.7042,-15.5989]},"properties":{"d":"2026-10-08","t":"0349","frp":8.2,"b":333.6,"c":1,"s":"N21","n":0}},{"type":"Feature","geometry":{"type":"Point","coordinates":[134.7058,-15.5976]},"properties":{"d":"2026-10-08","t":"0349","frp":6.8,"b":348.5,"c":1,"s":"N21","n":0}},{"type":"Feature","geometry":{"type":"Point","coordinates":[144.6648,-15.595]},"properties":{"d":"2026-10-08","t":"0349","frp":51.2,"b":346.7,"c":1,"s":"N21","n":0}},{"type":"Feature","geometry":{"type":"Point","coordinates":[134.6986,-15.5932]},"properties":{"d":"2026-10-08","t":"0349","frp":8.2,"b":355.2,"c":1,"s":"N21","n":0}},{"type":"Feature","geometry":{"type":"Point","coordinates":[134.7036,-15.5927]},"properties":{"d":"2026-10-08","t":"0349","frp":8.2,"b":343.6,"c":1,"s":"N21","n":0}},{"type":"Feature","geometry":{"type":"Point","coordinates":[134.695,-15.5924]},"properties":{"d":"2026-10-08","t":"0349","frp":14.4,"b":338.9,"c":1,"s":"N21","n":0}},{"type":"Feature","geometry":{"type":"Point","coordinates":[134.7086,-15.5922]},"properties":{"d":"2026-10-08","t":"0349","frp":50.7,"b":334.1,"c":1,"s":"N21","n":0}},{"type":"Feature","geometry":{"type":"Point","coordinates":[134.7001,-15.5919]},"properties":{"d":"2026-10-08","t":"0349","frp":14.4,"b":350.0,"c":1,"s":"N21","n":0}},{"type":"Feature","geometry":{"type":"Point","coordinates":[144.6643,-15.5916]},"properties":{"d":"2026-10-08","t":"0349","frp":5.2,"b":344.2,"c":1,"s":"N21","n":0}},{"type":"Feature","geometry":{"type":"Point","coordinates":[134.7136,-15.5916]},"properties":{"d":"2026-10-08","t":"0349","frp":50.7,"b":340.3,"c":1,"s":"N21","n":0}},{"type":"Feature","geometry":{"type":"Point","coordinates":[134.7051,-15.5914]},"properties":{"d":"2026-10-08","t":"0349","frp":20.6,"b":336.7,"c":1,"s":"N21","n":0}},{"type":"Feature","geometry":{"type":"Point","coordinates":[134.7185,-15.5911]},"properties":{"d":"2026-10-08","t":"0349","frp":108.6,"b":367.0,"c":2,"s":"N21","n":0}},{"type":"Feature","geometry":{"type":"Point","coordinates":[134.7101,-15.5909]},"properties":{"d":"2026-10-08","t":"0349","frp":20.6,"b":347.4,"c":1,"s":"N21","n":0}},{"type":"Feature","geometry":{"type":"Point","coordinates":[134.7151,-15.5904]},"properties":{"d":"2026-10-08","t":"0349","frp":100.5,"b":207.4,"c":0,"s":"N21","n":0}},{"type":"Feature","geometry":{"type":"Point","coordinates":[134.72,-15.5899]},"properties":{"d":"2026-10-08","t":"0349","frp":100.5,"b":367.0,"c":2,"s":"N21","n":0}},{"type":"Feature","geometry":{"type":"Point","coordinates":[144.6599,-15.5888]},"properties":{"d":"2026-10-08","t":"0349","frp":5.2,"b":347.9,"c":1,"s":"N21","n":0}},{"type":"Feature","geometry":{"type":"Point","coordinates":[144.6637,-15.5882]},"properties":{"d":"2026-10-08","t":"0349","frp":5.2,"b":332.9,"c":0,"s":"N21","n":0}},{"type":"Feature","geometry":{"type":"Point","coordinates":[134.6978,-15.587]},"properties":{"d":"2026-10-08","t":"0349","frp":6.7,"b":335.4,"c":1,"s":"N21","n":0}},{"type":"Feature","geometry":{"type":"Point","coordinates":[134.7079,-15.586]},"properties":{"d":"2026-10-08","t":"0349","frp":56.0,"b":334.8,"c":1,"s":"N21","n":0}},{"type":"Feature","geometry":{"type":"Point","coordinates":[144.6594,-15.5854]},"properties":{"d":"2026-10-08","t":"0349","frp":3.1,"b":337.2,"c":1,"s":"N21","n":0}},{"type":"Feature","geometry":{"type":"Point","coordinates":[134.7178,-15.5849]},"properties":{"d":"2026-10-08","t":"0349","frp":47.5,"b":353.9,"c":1,"s":"N21","n":0}},{"type":"Feature","geometry":{"type":"Point","coordinates":[134.7094,-15.5847]},"properties":{"d":"2026-10-08","t":"0349","frp":20.6,"b":336.2,"c":1,"s":"N21","n":0}},{"type":"Feature","geometry":{"type":"Point","coordinates":[134.7227,-15.5844]},"properties":{"d":"2026-10-08","t":"0349","frp":47.5,"b":339.2,"c":1,"s":"N21","n":0}},{"type":"Feature","geometry":{"type":"Point","coordinates":[134.7144,-15.5842]},"properties":{"d":"2026-10-08","t":"0349","frp":100.5,"b":338.8,"c":1,"s":"N21","n":0}},{"type":"Feature","geometry":{"type":"Point","coordinates":[134.7193,-15.5837]},"properties":{"d":"2026-10-08","t":"0349","frp":100.5,"b":367.0,"c":2,"s":"N21","n":0}},{"type":"Feature","geometry":{"type":"Point","coordinates":[144.6588,-15.582]},"properties":{"d":"2026-10-08","t":"0349","frp":3.1,"b":336.6,"c":1,"s":"N21","n":0}},{"type":"Feature","geometry":{"type":"Point","coordinates":[134.6971,-15.5808]},"properties":{"d":"2026-10-08","t":"0349","frp":6.7,"b":331.5,"c":1,"s":"N21","n":0}},{"type":"Feature","geometry":{"type":"Point","coordinates":[134.7122,-15.5792]},"properties":{"d":"2026-10-08","t":"0349","frp":56.0,"b":347.8,"c":1,"s":"N21","n":0}},{"type":"Feature","geometry":{"type":"Point","coordinates":[134.7172,-15.5787]},"properties":{"d":"2026-10-08","t":"0349","frp":47.5,"b":367.0,"c":2,"s":"N21","n":0}},{"type":"Feature","geometry":{"type":"Point","coordinates":[144.6583,-15.5786]},"properties":{"d":"2026-10-08","t":"0349","frp":3.3,"b":334.6,"c":1,"s":"N21","n":0}},{"type":"Feature","geometry":{"type":"Point","coordinates":[134.7222,-15.5782]},"properties":{"d":"2026-10-08","t":"0349","frp":47.5,"b":330.7,"c":1,"s":"N21","n":0}},{"type":"Feature","geometry":{"type":"Point","coordinates":[144.654,-15.5757]},"properties":{"d":"2026-10-08","t":"0349","frp":5.2,"b":336.1,"c":1,"s":"N21","n":0}},{"type":"Feature","geometry":{"type":"Point","coordinates":[144.6578,-15.5752]},"properties":{"d":"2026-10-08","t":"0349","frp":3.3,"b":335.1,"c":1,"s":"N21","n":0}},{"type":"Feature","geometry":{"type":"Point","coordinates":[134.7166,-15.5725]},"properties":{"d":"2026-10-08","t":"0349","frp":9.4,"b":344.4,"c":1,"s":"N21","n":0}},{"type":"Feature","geometry":{"type":"Point","coordinates":[144.6534,-15.5723]},"properties":{"d":"2026-10-08","t":"0349","frp":5.2,"b":337.1,"c":1,"s":"N21","n":0}},{"type":"Feature","geometry":{"type":"Point","coordinates":[134.7216,-15.572]},"properties":{"d":"2026-10-08","t":"0349","frp":9.4,"b":367.0,"c":2,"s":"N21","n":0}},{"type":"Feature","geometry":{"type":"Point","coordinates":[134.6908,-15.5689]},"properties":{"d":"2026-10-08","t":"0349","frp":4.4,"b":336.9,"c":1,"s":"N21","n":0}},{"type":"Feature","geometry":{"type":"Point","coordinates":[144.6529,-15.5689]},"properties":{"d":"2026-10-08","t":"0349","frp":5.2,"b":339.6,"c":1,"s":"N21","n":0}},{"type":"Feature","geometry":{"type":"Point","coordinates":[134.7209,-15.5658]},"properties":{"d":"2026-10-08","t":"0349","frp":9.4,"b":338.8,"c":1,"s":"N21","n":0}},{"type":"Feature","geometry":{"type":"Point","coordinates":[144.6524,-15.5655]},"properties":{"d":"2026-10-08","t":"0349","frp":4.5,"b":344.0,"c":1,"s":"N21","n":0}},{"type":"Feature","geometry":{"type":"Point","coordinates":[144.6562,-15.565]},"properties":{"d":"2026-10-08","t":"0349","frp":4.9,"b":335.2,"c":1,"s":"N21","n":0}},{"type":"Feature","geometry":{"type":"Point","coordinates":[134.6902,-15.5627]},"properties":{"d":"2026-10-08","t":"0349","frp":4.5,"b":331.7,"c":1,"s":"N21","n":0}},{"type":"Feature","geometry":{"type":"Point","coordinates":[144.6518,-15.5621]},"properties":{"d":"2026-10-08","t":"0349","frp":4.5,"b":331.8,"c":0,"s":"N21","n":0}},{"type":"Feature","geometry":{"type":"Point","coordinates":[144.6556,-15.5616]},"properties":{"d":"2026-10-08","t":"0349","frp":4.9,"b":334.8,"c":1,"s":"N21","n":0}},{"type":"Feature","geometry":{"type":"Point","coordinates":[134.7202,-15.5596]},"properties":{"d":"2026-10-08","t":"0349","frp":7.6,"b":333.1,"c":1,"s":"N21","n":0}},{"type":"Feature","geometry":{"type":"Point","coordinates":[144.6513,-15.5587]},"properties":{"d":"2026-10-08","t":"0349","frp":4.5,"b":335.9,"c":1,"s":"N21","n":0}},{"type":"Feature","geometry":{"type":"Point","coordinates":[144.655,-15.5582]},"properties":{"d":"2026-10-08","t":"0349","frp":3.4,"b":334.5,"c":1,"s":"N21","n":0}},{"type":"Feature","geometry":{"type":"Point","coordinates":[144.6508,-15.5553]},"properties":{"d":"2026-10-08","t":"0349","frp":4.5,"b":339.9,"c":1,"s":"N21","n":0}},{"type":"Feature","geometry":{"type":"Point","coordinates":[144.6545,-15.5548]},"properties":{"d":"2026-10-08","t":"0349","frp":3.4,"b":333.1,"c":0,"s":"N21","n":0}},{"type":"Feature","geometry":{"type":"Point","coordinates":[144.6506,-15.5546]},"properties":{"d":"2026-10-08","t":"0349","frp":17.2,"b":353.4,"c":1,"s":"N21","n":0}},{"type":"Feature","geometry":{"type":"Point","coordinates":[134.7196,-15.5534]},"properties":{"d":"2026-10-08","t":"0349","frp":7.6,"b":344.1,"c":1,"s":"N21","n":0}},{"type":"Feature","geometry":{"type":"Point","coordinates":[134.7246,-15.5528]},"properties":{"d":"2026-10-08","t":"0349","frp":9.6,"b":335.8,"c":1,"s":"N21","n":0}},{"type":"Feature","geometry":{"type":"Point","coordinates":[144.6425,-15.5523]},"properties":{"d":"2026-10-08","t":"0349","frp":5.7,"b":338.4,"c":1,"s":"N21","n":0}},{"type":"Feature","geometry":{"type":"Point","coordinates":[144.6463,-15.5517]},"properties":{"d":"2026-10-08","t":"0349","frp":17.2,"b":355.1,"c":1,"s":"N21","n":0}},{"type":"Feature","geometry":{"type":"Point","coordinates":[134.6939,-15.5498]},"properties":{"d":"2026-10-08","t":"0349","frp":10.7,"b":367.0,"c":2,"s":"N21","n":0}},{"type":"Feature","geometry":{"type":"Point","coordinates":[144.638,-15.5495]},"properties":{"d":"2026-10-08","t":"0349","frp":4.7,"b":344.9,"c":1,"s":"N21","n":0}},{"type":"Feature","geometry":{"type":"Point","coordinates":[144.6419,-15.5489]},"properties":{"d":"2026-10-08","t":"0349","frp":4.7,"b":339.3,"c":1,"s":"N21","n":0}},{"type":"Feature","geometry":{"type":"Point","coordinates":[134.6982,-15.543]},"properties":{"d":"2026-10-08","t":"0349","frp":10.7,"b":342.9,"c":1,"s":"N21","n":0}},{"type":"Feature","geometry":{"type":"Point","coordinates":[134.7185,-15.541]},"properties":{"d":"2026-10-08","t":"0349","frp":6.8,"b":332.8,"c":1,"s":"N21","n":0}},{"type":"Feature","geometry":{"type":"Point","coordinates":[134.7123,-15.5291]},"properties":{"d":"2026-10-08","t":"0349","frp":5.5,"b":334.0,"c":1,"s":"N21","n":0}},{"type":"Feature","geometry":{"type":"Point","coordinates":[144.6192,-15.5278]},"properties":{"d":"2026-10-08","t":"0349","frp":4.0,"b":335.7,"c":0,"s":"N21","n":0}},{"type":"Feature","geometry":{"type":"Point","coordinates":[134.7017,-15.5239]},"properties":{"d":"2026-10-08","t":"0349","frp":6.8,"b":331.0,"c":1,"s":"N21","n":0}},{"type":"Feature","geometry":{"type":"Point","coordinates":[134.7067,-15.5234]},"properties":{"d":"2026-10-08","t":"0349","frp":6.8,"b":347.6,"c":1,"s":"N21","n":0}},{"type":"Feature","geometry":{"type":"Point","coordinates":[134.7023,-15.5183]},"properties":{"d":"2026-10-08","t":"0349","frp":7.6,"b":333.1,"c":1,"s":"N21","n":0}},{"type":"Feature","geometry":{"type":"Point","coordinates":[134.7073,-15.5178]},"properties":{"d":"2026-10-08","t":"0349","frp":7.6,"b":346.0,"c":1,"s":"N21","n":0}},{"type":"Feature","geometry":{"type":"Point","coordinates":[134.7122,-15.5173]},"properties":{"d":"2026-10-08","t":"0349","frp":10.5,"b":334.9,"c":1,"s":"N21","n":0}},{"type":"Feature","geometry":{"type":"Point","coordinates":[134.7061,-15.5171]},"properties":{"d":"2026-10-08","t":"0349","frp":6.8,"b":338.4,"c":1,"s":"N21","n":0}},{"type":"Feature","geometry":{"type":"Point","coordinates":[134.7111,-15.5166]},"properties":{"d":"2026-10-08","t":"0349","frp":11.7,"b":342.8,"c":1,"s":"N21","n":0}},{"type":"Feature","geometry":{"type":"Point","coordinates":[144.5574,-15.5054]},"properties":{"d":"2026-10-08","t":"0349","frp":2.8,"b":334.4,"c":0,"s":"N21","n":0}},{"type":"Feature","geometry":{"type":"Point","coordinates":[144.5341,-15.5053]},"properties":{"d":"2026-10-08","t":"0349","frp":6.8,"b":344.8,"c":1,"s":"N21","n":0}},{"type":"Feature","geometry":{"type":"Point","coordinates":[144.5612,-15.5049]},"properties":{"d":"2026-10-08","t":"0349","frp":1.4,"b":334.6,"c":0,"s":"N21","n":0}},{"type":"Feature","geometry":{"type":"Point","coordinates":[144.5379,-15.5047]},"properties":{"d":"2026-10-08","t":"0349","frp":6.4,"b":341.9,"c":1,"s":"N21","n":0}},{"type":"Feature","geometry":{"type":"Point","coordinates":[144.5417,-15.5042]},"properties":{"d":"2026-10-08","t":"0349","frp":6.4,"b":367.0,"c":2,"s":"N21","n":0}},{"type":"Feature","geometry":{"type":"Point","coordinates":[134.7208,-15.5038]},"properties":{"d":"2026-10-08","t":"0349","frp":14.1,"b":344.2,"c":1,"s":"N21","n":0}},{"type":"Feature","geometry":{"type":"Point","coordinates":[134.7196,-15.5032]},"properties":{"d":"2026-10-08","t":"0349","frp":6.5,"b":353.0,"c":1,"s":"N21","n":0}},{"type":"Feature","geometry":{"type":"Point","coordinates":[134.7246,-15.5027]},"properties":{"d":"2026-10-08","t":"0349","frp":6.5,"b":331.9,"c":1,"s":"N21","n":0}},{"type":"Feature","geometry":{"type":"Point","coordinates":[144.5531,-15.5025]},"properties":{"d":"2026-10-08","t":"0349","frp":2.8,"b":331.3,"c":0,"s":"N21","n":0}},{"type":"Feature","geometry":{"type":"Point","coordinates":[134.7194,-15.4914]},"properties":{"d":"2026-10-08","t":"0349","frp":8.5,"b":331.2,"c":1,"s":"N21","n":0}},{"type":"Feature","geometry":{"type":"Point","coordinates":[134.7232,-15.4904]},"properties":{"d":"2026-10-08","t":"0349","frp":9.3,"b":332.9,"c":1,"s":"N21","n":0}},{"type":"Feature","geometry":{"type":"Point","coordinates":[141.7929,-15.4498]},"properties":{"d":"2026-10-08","t":"0349","frp":13.4,"b":343.3,"c":1,"s":"N21","n":0}},{"type":"Feature","geometry":{"type":"Point","coordinates":[141.7867,-15.4427]},"properties":{"d":"2026-10-08","t":"0349","frp":15.7,"b":339.5,"c":1,"s":"N21","n":0}},{"type":"Feature","geometry":{"type":"Point","coordinates":[134.7777,-15.3796]},"properties":{"d":"2026-10-08","t":"0349","frp":46.3,"b":367.0,"c":2,"s":"N21","n":0}},{"type":"Feature","geometry":{"type":"Point","coordinates":[134.7766,-15.3793]},"properties":{"d":"2026-10-08","t":"0349","frp":38.1,"b":367.0,"c":2,"s":"N21","n":0}},{"type":"Feature","geometry":{"type":"Point","coordinates":[134.7826,-15.379]},"properties":{"d":"2026-10-08","t":"0349","frp":46.3,"b":367.0,"c":2,"s":"N21","n":0}},{"type":"Feature","geometry":{"type":"Point","coordinates":[134.7815,-15.3788]},"properties":{"d":"2026-10-08","t":"0349","frp":38.1,"b":367.0,"c":2,"s":"N21","n":0}},{"type":"Feature","geometry":{"type":"Point","coordinates":[134.7711,-15.3736]},"properties":{"d":"2026-10-08","t":"0349","frp":131.5,"b":344.5,"c":1,"s":"N21","n":0}},{"type":"Feature","geometry":{"type":"Point","coordinates":[134.7771,-15.3734]},"properties":{"d":"2026-10-08","t":"0349","frp":46.3,"b":367.0,"c":2,"s":"N21","n":0}},{"type":"Feature","geometry":{"type":"Point","coordinates":[134.776,-15.3731]},"properties":{"d":"2026-10-08","t":"0349","frp":60.9,"b":367.0,"c":2,"s":"N21","n":0}},{"type":"Feature","geometry":{"type":"Point","coordinates":[134.7819,-15.3729]},"properties":{"d":"2026-10-08","t":"0349","frp":46.3,"b":349.3,"c":1,"s":"N21","n":0}},{"type":"Feature","geometry":{"type":"Point","coordinates":[134.7808,-15.3726]},"properties":{"d":"2026-10-08","t":"0349","frp":60.9,"b":367.0,"c":2,"s":"N21","n":0}},{"type":"Feature","geometry":{"type":"Point","coordinates":[134.7867,-15.3724]},"properties":{"d":"2026-10-08","t":"0349","frp":53.2,"b":351.6,"c":1,"s":"N21","n":0}},{"type":"Feature","geometry":{"type":"Point","coordinates":[134.7856,-15.3721]},"properties":{"d":"2026-10-08","t":"0349","frp":44.0,"b":353.3,"c":1,"s":"N21","n":0}},{"type":"Feature","geometry":{"type":"Point","coordinates":[134.7914,-15.3719]},"properties":{"d":"2026-10-08","t":"0349","frp":53.2,"b":367.0,"c":2,"s":"N21","n":0}},{"type":"Feature","geometry":{"type":"Point","coordinates":[134.7903,-15.3717]},"properties":{"d":"2026-10-08","t":"0349","frp":44.0,"b":367.0,"c":2,"s":"N21","n":0}},{"type":"Feature","geometry":{"type":"Point","coordinates":[134.7619,-15.3688]},"properties":{"d":"2026-10-08","t":"0349","frp":90.9,"b":343.1,"c":1,"s":"N21","n":0}},{"type":"Feature","geometry":{"type":"Point","coordinates":[134.7668,-15.3682]},"properties":{"d":"2026-10-08","t":"0349","frp":196.5,"b":347.8,"c":1,"s":"N21","n":0}},{"type":"Feature","geometry":{"type":"Point","coordinates":[134.7656,-15.3679]},"properties":{"d":"2026-10-08","t":"0349","frp":131.5,"b":331.2,"c":0,"s":"N21","n":0}},{"type":"Feature","geometry":{"type":"Point","coordinates":[134.7704,-15.3674]},"properties":{"d":"2026-10-08","t":"0349","frp":131.5,"b":207.4,"c":0,"s":"N21","n":0}},{"type":"Feature","geometry":{"type":"Point","coordinates":[134.7764,-15.3672]},"properties":{"d":"2026-10-08","t":"0349","frp":57.1,"b":367.0,"c":2,"s":"N21","n":0}},{"type":"Feature","geometry":{"type":"Point","coordinates":[134.7752,-15.3669]},"properties":{"d":"2026-10-08","t":"0349","frp":60.9,"b":367.0,"c":2,"s":"N21","n":0}},{"type":"Feature","geometry":{"type":"Point","coordinates":[134.78,-15.3665]},"properties":{"d":"2026-10-08","t":"0349","frp":60.9,"b":330.6,"c":1,"s":"N21","n":0}},{"type":"Feature","geometry":{"type":"Point","coordinates":[134.7908,-15.3657]},"properties":{"d":"2026-10-08","t":"0349","frp":52.5,"b":355.1,"c":1,"s":"N21","n":0}},{"type":"Feature","geometry":{"type":"Point","coordinates":[134.7896,-15.3655]},"properties":{"d":"2026-10-08","t":"0349","frp":44.0,"b":347.5,"c":1,"s":"N21","n":0}},{"type":"Feature","geometry":{"type":"Point","coordinates":[134.7956,-15.3652]},"properties":{"d":"2026-10-08","t":"0349","frp":50.3,"b":354.4,"c":1,"s":"N21","n":0}},{"type":"Feature","geometry":{"type":"Point","coordinates":[134.7945,-15.365]},"properties":{"d":"2026-10-08","t":"0349","frp":47.8,"b":348.4,"c":1,"s":"N21","n":0}},{"type":"Feature","geometry":{"type":"Point","coordinates":[134.7993,-15.3645]},"properties":{"d":"2026-10-08","t":"0349","frp":47.8,"b":367.0,"c":2,"s":"N21","n":0}},{"type":"Feature","geometry":{"type":"Point","coordinates":[134.7612,-15.3626]},"properties":{"d":"2026-10-08","t":"0349","frp":90.9,"b":207.4,"c":0,"s":"N21","n":0}},{"type":"Feature","geometry":{"type":"Point","coordinates":[134.7661,-15.3621]},"properties":{"d":"2026-10-08","t":"0349","frp":196.5,"b":347.1,"c":1,"s":"N21","n":0}},{"type":"Feature","geometry":{"type":"Point","coordinates":[134.7708,-15.3616]},"properties":{"d":"2026-10-08","t":"0349","frp":196.5,"b":367.0,"c":2,"s":"N21","n":0}},{"type":"Feature","geometry":{"type":"Point","coordinates":[134.7756,-15.3611]},"properties":{"d":"2026-10-08","t":"0349","frp":57.1,"b":339.7,"c":1,"s":"N21","n":0}},{"type":"Feature","geometry":{"type":"Point","coordinates":[134.7411,-15.3585]},"properties":{"d":"2026-10-08","t":"0349","frp":25.7,"b":346.5,"c":1,"s":"N21","n":0}},{"type":"Feature","geometry":{"type":"Point","coordinates":[134.7998,-15.3585]},"properties":{"d":"2026-10-08","t":"0349","frp":50.3,"b":367.0,"c":2,"s":"N21","n":0}},{"type":"Feature","geometry":{"type":"Point","coordinates":[134.7458,-15.358]},"properties":{"d":"2026-10-08","t":"0349","frp":21.1,"b":367.0,"c":2,"s":"N21","n":0}},{"type":"Feature","geometry":{"type":"Point","coordinates":[134.7653,-15.3559]},"properties":{"d":"2026-10-08","t":"0349","frp":14.8,"b":341.6,"c":1,"s":"N21","n":0}},{"type":"Feature","geometry":{"type":"Point","coordinates":[134.7701,-15.3554]},"properties":{"d":"2026-10-08","t":"0349","frp":14.8,"b":367.0,"c":2,"s":"N21","n":0}},{"type":"Feature","geometry":{"type":"Point","coordinates":[134.775,-15.3549]},"properties":{"d":"2026-10-08","t":"0349","frp":19.3,"b":341.9,"c":1,"s":"N21","n":0}},{"type":"Feature","geometry":{"type":"Point","coordinates":[134.7846,-15.3539]},"properties":{"d":"2026-10-08","t":"0349","frp":10.4,"b":342.3,"c":1,"s":"N21","n":0}},{"type":"Feature","geometry":{"type":"Point","coordinates":[134.7406,-15.3523]},"properties":{"d":"2026-10-08","t":"0349","frp":25.7,"b":334.1,"c":1,"s":"N21","n":0}},{"type":"Feature","geometry":{"type":"Point","coordinates":[134.7454,-15.3518]},"properties":{"d":"2026-10-08","t":"0349","frp":21.1,"b":367.0,"c":2,"s":"N21","n":0}},{"type":"Feature","geometry":{"type":"Point","coordinates":[134.7501,-15.3513]},"properties":{"d":"2026-10-08","t":"0349","frp":21.1,"b":343.6,"c":1,"s":"N21","n":0}},{"type":"Feature","geometry":{"type":"Point","coordinates":[134.7695,-15.3492]},"properties":{"d":"2026-10-08","t":"0349","frp":14.8,"b":354.2,"c":1,"s":"N21","n":0}},{"type":"Feature","geometry":{"type":"Point","coordinates":[134.7744,-15.3487]},"properties":{"d":"2026-10-08","t":"0349","frp":19.3,"b":367.0,"c":2,"s":"N21","n":0}},{"type":"Feature","geometry":{"type":"Point","coordinates":[134.7841,-15.3477]},"properties":{"d":"2026-10-08","t":"0349","frp":10.4,"b":344.4,"c":1,"s":"N21","n":0}},{"type":"Feature","geometry":{"type":"Point","coordinates":[134.7986,-15.3462]},"properties":{"d":"2026-10-08","t":"0349","frp":17.6,"b":341.1,"c":1,"s":"N21","n":0}},{"type":"Feature","geometry":{"type":"Point","coordinates":[134.7402,-15.3461]},"properties":{"d":"2026-10-08","t":"0349","frp":26.6,"b":350.5,"c":1,"s":"N21","n":0}},{"type":"Feature","geometry":{"type":"Point","coordinates":[134.7449,-15.3456]},"properties":{"d":"2026-10-08","t":"0349","frp":32.5,"b":367.0,"c":2,"s":"N21","n":0}},{"type":"Feature","geometry":{"type":"Point","coordinates":[134.8083,-15.3452]},"properties":{"d":"2026-10-08","t":"0349","frp":16.1,"b":344.7,"c":1,"s":"N21","n":0}},{"type":"Feature","geometry":{"type":"Point","coordinates":[134.7738,-15.3426]},"properties":{"d":"2026-10-08","t":"0349","frp":12.1,"b":339.0,"c":1,"s":"N21","n":0}},{"type":"Feature","geometry":{"type":"Point","coordinates":[134.7395,-15.3399]},"properties":{"d":"2026-10-08","t":"0349","frp":26.6,"b":342.4,"c":1,"s":"N21","n":0}},{"type":"Feature","geometry":{"type":"Point","coordinates":[134.7443,-15.3394]},"properties":{"d":"2026-10-08","t":"0349","frp":32.5,"b":367.0,"c":2,"s":"N21","n":0}},{"type":"Feature","geometry":{"type":"Point","coordinates":[134.8076,-15.339]},"properties":{"d":"2026-10-08","t":"0349","frp":12.2,"b":350.2,"c":1,"s":"N21","n":0}},{"type":"Feature","geometry":{"type":"Point","coordinates":[134.7388,-15.3338]},"properties":{"d":"2026-10-08","t":"0349","frp":14.8,"b":367.0,"c":2,"s":"N21","n":0}},{"type":"Feature","geometry":{"type":"Point","coordinates":[134.7436,-15.3333]},"properties":{"d":"2026-10-08","t":"0349","frp":16.0,"b":335.1,"c":1,"s":"N21","n":0}},{"type":"Feature","geometry":{"type":"Point","coordinates":[134.8071,-15.3328]},"properties":{"d":"2026-10-08","t":"0349","frp":12.2,"b":344.7,"c":1,"s":"N21","n":0}},{"type":"Feature","geometry":{"type":"Point","coordinates":[134.8119,-15.3323]},"properties":{"d":"2026-10-08","t":"0349","frp":15.3,"b":340.0,"c":1,"s":"N21","n":0}},{"type":"Feature","geometry":{"type":"Point","coordinates":[134.8065,-15.3267]},"properties":{"d":"2026-10-08","t":"0349","frp":14.4,"b":353.0,"c":1,"s":"N21","n":0}},{"type":"Feature","geometry":{"type":"Point","coordinates":[134.7478,-15.3266]},"properties":{"d":"2026-10-08","t":"0349","frp":16.0,"b":367.0,"c":2,"s":"N21","n":0}},{"type":"Feature","geometry":{"type":"Point","coordinates":[134.8113,-15.3262]},"properties":{"d":"2026-10-08","t":"0349","frp":19.2,"b":334.0,"c":1,"s":"N21","n":0}},{"type":"Feature","geometry":{"type":"Point","coordinates":[134.8059,-15.3205]},"properties":{"d":"2026-10-08","t":"0349","frp":14.4,"b":353.8,"c":1,"s":"N21","n":0}},{"type":"Feature","geometry":{"type":"Point","coordinates":[134.8053,-15.3144]},"properties":{"d":"2026-10-08","t":"0349","frp":15.2,"b":367.0,"c":2,"s":"N21","n":0}},{"type":"Feature","geometry":{"type":"Point","coordinates":[134.7998,-15.3087]},"properties":{"d":"2026-10-08","t":"0349","frp":15.2,"b":348.3,"c":1,"s":"N21","n":0}},{"type":"Feature","geometry":{"type":"Point","coordinates":[134.7991,-15.3026]},"properties":{"d":"2026-10-08","t":"0349","frp":11.6,"b":345.6,"c":1,"s":"N21","n":0}},{"type":"Feature","geometry":{"type":"Point","coordinates":[134.7937,-15.2969]},"properties":{"d":"2026-10-08","t":"0349","frp":11.8,"b":338.6,"c":1,"s":"N21","n":0}},{"type":"Feature","geometry":{"type":"Point","coordinates":[134.7959,-15.2965]},"properties":{"d":"2026-10-08","t":"0349","frp":7.3,"b":338.9,"c":1,"s":"N21","n":0}},{"type":"Feature","geometry":{"type":"Point","coordinates":[144.9774,-15.2948]},"properties":{"d":"2026-10-08","t":"0349","frp":2.0,"b":331.5,"c":0,"s":"N21","n":0}},{"type":"Feature","geometry":{"type":"Point","coordinates":[134.7883,-15.2912]},"properties":{"d":"2026-10-08","t":"0349","frp":6.9,"b":345.3,"c":1,"s":"N21","n":0}},{"type":"Feature","geometry":{"type":"Point","coordinates":[134.7905,-15.2909]},"properties":{"d":"2026-10-08","t":"0349","frp":7.3,"b":340.4,"c":1,"s":"N21","n":0}},{"type":"Feature","geometry":{"type":"Point","coordinates":[145.0142,-15.2894]},"properties":{"d":"2026-10-08","t":"0349","frp":5.6,"b":344.7,"c":1,"s":"N21","n":0}},{"type":"Feature","geometry":{"type":"Point","coordinates":[134.783,-15.2856]},"properties":{"d":"2026-10-08","t":"0349","frp":8.4,"b":337.1,"c":1,"s":"N21","n":0}},{"type":"Feature","geometry":{"type":"Point","coordinates":[134.7852,-15.2852]},"properties":{"d":"2026-10-08","t":"0349","frp":6.0,"b":349.7,"c":1,"s":"N21","n":0}},{"type":"Feature","geometry":{"type":"Point","coordinates":[134.7879,-15.2851]},"properties":{"d":"2026-10-08","t":"0349","frp":6.9,"b":339.5,"c":1,"s":"N21","n":0}},{"type":"Feature","geometry":{"type":"Point","coordinates":[144.9719,-15.2833]},"properties":{"d":"2026-10-08","t":"0349","frp":8.5,"b":331.6,"c":1,"s":"N21","n":0}},{"type":"Feature","geometry":{"type":"Point","coordinates":[144.9714,-15.28]},"properties":{"d":"2026-10-08","t":"0349","frp":8.5,"b":353.6,"c":1,"s":"N21","n":0}},{"type":"Feature","geometry":{"type":"Point","coordinates":[133.8798,-15.2701]},"properties":{"d":"2026-10-08","t":"0349","frp":11.1,"b":341.0,"c":1,"s":"N21","n":0}},{"type":"Feature","geometry":{"type":"Point","coordinates":[133.8824,-15.27]},"properties":{"d":"2026-10-08","t":"0349","frp":22.5,"b":355.0,"c":1,"s":"N21","n":0}},{"type":"Feature","geometry":{"type":"Point","coordinates":[133.8856,-15.2695]},"properties":{"d":"2026-10-08","t":"0349","frp":11.1,"b":346.5,"c":1,"s":"N21","n":0}},{"type":"Feature","geometry":{"type":"Point","coordinates":[133.8881,-15.2694]},"properties":{"d":"2026-10-08","t":"0349","frp":10.7,"b":337.0,"c":1,"s":"N21","n":0}},{"type":"Feature","geometry":{"type":"Point","coordinates":[134.7736,-15.2616]},"properties":{"d":"2026-10-08","t":"0349","frp":4.7,"b":337.6,"c":1,"s":"N21","n":0}},{"type":"Feature","geometry":{"type":"Point","coordinates":[144.4347,-15.2606]},"properties":{"d":"2026-10-08","t":"0349","frp":4.9,"b":333.0,"c":0,"s":"N21","n":0}},{"type":"Feature","geometry":{"type":"Point","coordinates":[144.4304,-15.2577]},"properties":{"d":"2026-10-08","t":"0349","frp":4.9,"b":347.7,"c":1,"s":"N21","n":0}},{"type":"Feature","geometry":{"type":"Point","coordinates":[144.4342,-15.2572]},"properties":{"d":"2026-10-08","t":"0349","frp":4.9,"b":342.8,"c":1,"s":"N21","n":0}},{"type":"Feature","geometry":{"type":"Point","coordinates":[134.7728,-15.2554]},"properties":{"d":"2026-10-08","t":"0349","frp":4.7,"b":335.4,"c":1,"s":"N21","n":0}},{"type":"Feature","geometry":{"type":"Point","coordinates":[134.7721,-15.2493]},"properties":{"d":"2026-10-08","t":"0349","frp":7.1,"b":331.4,"c":1,"s":"N21","n":0}},{"type":"Feature","geometry":{"type":"Point","coordinates":[134.7665,-15.2437]},"properties":{"d":"2026-10-08","t":"0349","frp":7.1,"b":345.1,"c":1,"s":"N21","n":0}},{"type":"Feature","geometry":{"type":"Point","coordinates":[135.4518,-15.2403]},"properties":{"d":"2026-10-08","t":"0349","frp":7.8,"b":344.3,"c":1,"s":"N21","n":0}},{"type":"Feature","geometry":{"type":"Point","coordinates":[134.7555,-15.2324]},"properties":{"d":"2026-10-08","t":"0349","frp":8.6,"b":331.4,"c":1,"s":"N21","n":0}},{"type":"Feature","geometry":{"type":"Point","coordinates":[134.7604,-15.2319]},"properties":{"d":"2026-10-08","t":"0349","frp":8.6,"b":348.8,"c":1,"s":"N21","n":0}},{"type":"Feature","geometry":{"type":"Point","coordinates":[135.486,-15.2308]},"properties":{"d":"2026-10-08","t":"0349","frp":3.6,"b":336.6,"c":1,"s":"N21","n":0}},{"type":"Feature","geometry":{"type":"Point","coordinates":[133.8366,-15.2286]},"properties":{"d":"2026-10-08","t":"0349","frp":9.9,"b":341.9,"c":1,"s":"N21","n":0}},{"type":"Feature","geometry":{"type":"Point","coordinates":[135.4638,-15.2271]},"properties":{"d":"2026-10-08","t":"0349","frp":4.9,"b":337.6,"c":1,"s":"N21","n":0}},{"type":"Feature","geometry":{"type":"Point","coordinates":[134.75,-15.2267]},"properties":{"d":"2026-10-08","t":"0349","frp":8.5,"b":343.5,"c":1,"s":"N21","n":0}},{"type":"Feature","geometry":{"type":"Point","coordinates":[134.7549,-15.2262]},"properties":{"d":"2026-10-08","t":"0349","frp":13.0,"b":355.1,"c":1,"s":"N21","n":0}},{"type":"Feature","geometry":{"type":"Point","coordinates":[133.8305,-15.2226]},"properties":{"d":"2026-10-08","t":"0349","frp":9.9,"b":334.1,"c":1,"s":"N21","n":0}},{"type":"Feature","geometry":{"type":"Point","coordinates":[135.4645,-15.2223]},"properties":{"d":"2026-10-08","t":"0349","frp":6.0,"b":331.2,"c":1,"s":"N21","n":0}},{"type":"Feature","geometry":{"type":"Point","coordinates":[135.4688,-15.2218]},"properties":{"d":"2026-10-08","t":"0349","frp":11.6,"b":350.2,"c":1,"s":"N21","n":0}},{"type":"Feature","geometry":{"type":"Point","coordinates":[134.7445,-15.2211]},"properties":{"d":"2026-10-08","t":"0349","frp":8.5,"b":341.1,"c":1,"s":"N21","n":0}},{"type":"Feature","geometry":{"type":"Point","coordinates":[135.4675,-15.2208]},"properties":{"d":"2026-10-08","t":"0349","frp":8.9,"b":354.6,"c":1,"s":"N21","n":0}},{"type":"Feature","geometry":{"type":"Point","coordinates":[134.739,-15.2154]},"properties":{"d":"2026-10-08","t":"0349","frp":5.8,"b":332.1,"c":1,"s":"N21","n":0}},{"type":"Feature","geometry":{"type":"Point","coordinates":[134.7334,-15.2097]},"properties":{"d":"2026-10-08","t":"0349","frp":5.8,"b":349.4,"c":1,"s":"N21","n":0}},{"type":"Feature","geometry":{"type":"Point","coordinates":[134.7383,-15.2092]},"properties":{"d":"2026-10-08","t":"0349","frp":5.8,"b":333.5,"c":1,"s":"N21","n":0}},{"type":"Feature","geometry":{"type":"Point","coordinates":[134.7133,-15.2056]},"properties":{"d":"2026-10-08","t":"0349","frp":8.9,"b":347.8,"c":1,"s":"N21","n":0}},{"type":"Feature","geometry":{"type":"Point","coordinates":[134.7182,-15.2051]},"properties":{"d":"2026-10-08","t":"0349","frp":8.9,"b":338.8,"c":1,"s":"N21","n":0}},{"type":"Feature","geometry":{"type":"Point","coordinates":[134.7231,-15.2046]},"properties":{"d":"2026-10-08","t":"0349","frp":10.8,"b":367.0,"c":2,"s":"N21","n":0}},{"type":"Feature","geometry":{"type":"Point","coordinates":[134.7279,-15.2041]},"properties":{"d":"2026-10-08","t":"0349","frp":10.8,"b":338.2,"c":1,"s":"N21","n":0}},{"type":"Feature","geometry":{"type":"Point","coordinates":[134.6901,-15.2025]},"properties":{"d":"2026-10-08","t":"0349","frp":12.5,"b":367.0,"c":2,"s":"N21","n":0}},{"type":"Feature","geometry":{"type":"Point","coordinates":[134.6949,-15.2019]},"properties":{"d":"2026-10-08","t":"0349","frp":11.4,"b":350.0,"c":1,"s":"N21","n":0}},{"type":"Feature","geometry":{"type":"Point","coordinates":[134.6931,-15.2014]},"properties":{"d":"2026-10-08","t":"0349","frp":13.8,"b":367.0,"c":2,"s":"N21","n":0}},{"type":"Feature","geometry":{"type":"Point","coordinates":[134.6998,-15.2014]},"properties":{"d":"2026-10-08","t":"0349","frp":11.4,"b":334.0,"c":1,"s":"N21","n":0}},{"type":"Feature","geometry":{"type":"Point","coordinates":[134.698,-15.2009]},"properties":{"d":"2026-10-08","t":"0349","frp":13.8,"b":340.5,"c":1,"s":"N21","n":0}},{"type":"Feature","geometry":{"type":"Point","coordinates":[134.6894,-15.1963]},"properties":{"d":"2026-10-08","t":"0349","frp":12.5,"b":339.7,"c":1,"s":"N21","n":0}},{"type":"Feature","geometry":{"type":"Point","coordinates":[134.6876,-15.1957]},"properties":{"d":"2026-10-08","t":"0349","frp":4.4,"b":332.5,"c":1,"s":"N21","n":0}},{"type":"Feature","geometry":{"type":"Point","coordinates":[134.2057,-15.1391]},"properties":{"d":"2026-10-08","t":"0349","frp":3.2,"b":333.0,"c":1,"s":"N21","n":0}},{"type":"Feature","geometry":{"type":"Point","coordinates":[134.3957,-15.139]},"properties":{"d":"2026-10-08","t":"0349","frp":10.4,"b":334.5,"c":1,"s":"N21","n":0}},{"type":"Feature","geometry":{"type":"Point","coordinates":[134.2009,-15.137]},"properties":{"d":"2026-10-08","t":"0349","frp":5.8,"b":331.8,"c":1,"s":"N21","n":0}},{"type":"Feature","geometry":{"type":"Point","coordinates":[133.9012,-15.1367]},"properties":{"d":"2026-10-08","t":"0349","frp":15.2,"b":347.3,"c":1,"s":"N21","n":0}},{"type":"Feature","geometry":{"type":"Point","coordinates":[133.9064,-15.1363]},"properties":{"d":"2026-10-08","t":"0349","frp":15.2,"b":367.0,"c":2,"s":"N21","n":0}},{"type":"Feature","geometry":{"type":"Point","coordinates":[133.9024,-15.136]},"properties":{"d":"2026-10-08","t":"0349","frp":15.2,"b":367.0,"c":2,"s":"N21","n":0}},{"type":"Feature","geometry":{"type":"Point","coordinates":[133.9076,-15.1355]},"properties":{"d":"2026-10-08","t":"0349","frp":15.2,"b":341.9,"c":1,"s":"N21","n":0}},{"type":"Feature","geometry":{"type":"Point","coordinates":[133.9016,-15.1295]},"properties":{"d":"2026-10-08","t":"0349","frp":4.4,"b":331.4,"c":1,"s":"N21","n":0}},{"type":"Feature","geometry":{"type":"Point","coordinates":[134.5884,-15.1255]},"properties":{"d":"2026-10-08","t":"0349","frp":8.7,"b":347.8,"c":1,"s":"N21","n":0}},{"type":"Feature","geometry":{"type":"Point","coordinates":[134.5876,-15.1193]},"properties":{"d":"2026-10-08","t":"0349","frp":8.7,"b":333.9,"c":1,"s":"N21","n":0}},{"type":"Feature","geometry":{"type":"Point","coordinates":[134.6165,-15.11]},"properties":{"d":"2026-10-08","t":"0349","frp":10.3,"b":338.3,"c":1,"s":"N21","n":0}},{"type":"Feature","geometry":{"type":"Point","coordinates":[134.6214,-15.1095]},"properties":{"d":"2026-10-08","t":"0349","frp":10.3,"b":367.0,"c":2,"s":"N21","n":0}},{"type":"Feature","geometry":{"type":"Point","coordinates":[134.6207,-15.1033]},"properties":{"d":"2026-10-08","t":"0349","frp":10.3,"b":339.8,"c":1,"s":"N21","n":0}},{"type":"Feature","geometry":{"type":"Point","coordinates":[134.2887,-15.1019]},"properties":{"d":"2026-10-08","t":"0349","frp":7.4,"b":334.0,"c":1,"s":"N21","n":0}},{"type":"Feature","geometry":{"type":"Point","coordinates":[134.591,-15.1011]},"properties":{"d":"2026-10-08","t":"0349","frp":6.2,"b":334.3,"c":1,"s":"N21","n":0}},{"type":"Feature","geometry":{"type":"Point","coordinates":[134.2769,-15.0999]},"properties":{"d":"2026-10-08","t":"0349","frp":4.2,"b":332.4,"c":1,"s":"N21","n":0}},{"type":"Feature","geometry":{"type":"Point","coordinates":[134.5955,-15.0996]},"properties":{"d":"2026-10-08","t":"0349","frp":4.6,"b":336.4,"c":1,"s":"N21","n":0}},{"type":"Feature","geometry":{"type":"Point","coordinates":[134.2822,-15.0994]},"properties":{"d":"2026-10-08","t":"0349","frp":4.2,"b":338.0,"c":1,"s":"N21","n":0}},{"type":"Feature","geometry":{"type":"Point","coordinates":[134.2875,-15.0989]},"properties":{"d":"2026-10-08","t":"0349","frp":6.5,"b":333.4,"c":1,"s":"N21","n":0}},{"type":"Feature","geometry":{"type":"Point","coordinates":[133.8818,-15.0988]},"properties":{"d":"2026-10-08","t":"0349","frp":13.5,"b":349.7,"c":1,"s":"N21","n":0}},{"type":"Feature","geometry":{"type":"Point","coordinates":[133.8873,-15.0982]},"properties":{"d":"2026-10-08","t":"0349","frp":11.1,"b":353.2,"c":1,"s":"N21","n":0}},{"type":"Feature","geometry":{"type":"Point","coordinates":[134.2775,-15.0967]},"properties":{"d":"2026-10-08","t":"0349","frp":10.5,"b":334.8,"c":1,"s":"N21","n":0}},{"type":"Feature","geometry":{"type":"Point","coordinates":[134.5952,-15.0944]},"properties":{"d":"2026-10-08","t":"0349","frp":4.5,"b":336.4,"c":1,"s":"N21","n":0}},{"type":"Feature","geometry":{"type":"Point","coordinates":[134.5947,-15.0934]},"properties":{"d":"2026-10-08","t":"0349","frp":4.6,"b":335.6,"c":1,"s":"N21","n":0}},{"type":"Feature","geometry":{"type":"Point","coordinates":[133.8755,-15.0863]},"properties":{"d":"2026-10-08","t":"0349","frp":8.8,"b":331.7,"c":1,"s":"N21","n":0}},{"type":"Feature","geometry":{"type":"Point","coordinates":[133.9076,-15.0765]},"properties":{"d":"2026-10-08","t":"0349","frp":4.8,"b":334.0,"c":1,"s":"N21","n":0}},{"type":"Feature","geometry":{"type":"Point","coordinates":[133.9737,-15.0764]},"properties":{"d":"2026-10-08","t":"0349","frp":8.8,"b":337.6,"c":1,"s":"N21","n":0}},{"type":"Feature","geometry":{"type":"Point","coordinates":[133.9064,-15.0761]},"properties":{"d":"2026-10-08","t":"0349","frp":3.3,"b":332.8,"c":1,"s":"N21","n":0}},{"type":"Feature","geometry":{"type":"Point","coordinates":[133.9792,-15.0758]},"properties":{"d":"2026-10-08","t":"0349","frp":8.8,"b":345.3,"c":1,"s":"N21","n":0}},{"type":"Feature","geometry":{"type":"Point","coordinates":[133.985,-15.0753]},"properties":{"d":"2026-10-08","t":"0349","frp":14.3,"b":338.6,"c":1,"s":"N21","n":0}},{"type":"Feature","geometry":{"type":"Point","coordinates":[133.8887,-15.0522]},"properties":{"d":"2026-10-08","t":"0349","frp":6.6,"b":337.2,"c":1,"s":"N21","n":0}},{"type":"Feature","geometry":{"type":"Point","coordinates":[133.8876,-15.0519]},"properties":{"d":"2026-10-08","t":"0349","frp":6.4,"b":337.0,"c":1,"s":"N21","n":0}},{"type":"Feature","geometry":{"type":"Point","coordinates":[133.9933,-15.0082]},"properties":{"d":"2026-10-08","t":"0349","frp":9.7,"b":333.6,"c":1,"s":"N21","n":0}},{"type":"Feature","geometry":{"type":"Point","coordinates":[133.993,-14.9431]},"properties":{"d":"2026-10-08","t":"0349","frp":5.6,"b":335.1,"c":1,"s":"N21","n":0}},{"type":"Feature","geometry":{"type":"Point","coordinates":[133.9895,-14.942]},"properties":{"d":"2026-10-08","t":"0349","frp":4.3,"b":343.4,"c":1,"s":"N21","n":0}},{"type":"Feature","geometry":{"type":"Point","coordinates":[133.9947,-14.9415]},"properties":{"d":"2026-10-08","t":"0349","frp":4.3,"b":334.6,"c":1,"s":"N21","n":0}},{"type":"Feature","geometry":{"type":"Point","coordinates":[133.9871,-14.9372]},"properties":{"d":"2026-10-08","t":"0349","frp":11.3,"b":338.9,"c":1,"s":"N21","n":0}},{"type":"Feature","geometry":{"type":"Point","coordinates":[133.9923,-14.9367]},"properties":{"d":"2026-10-08","t":"0349","frp":11.3,"b":353.8,"c":1,"s":"N21","n":0}},{"type":"Feature","geometry":{"type":"Point","coordinates":[133.9976,-14.9362]},"properties":{"d":"2026-10-08","t":"0349","frp":20.4,"b":340.5,"c":1,"s":"N21","n":0}},{"type":"Feature","geometry":{"type":"Point","coordinates":[133.9889,-14.9356]},"properties":{"d":"2026-10-08","t":"0349","frp":9.6,"b":367.0,"c":2,"s":"N21","n":0}},{"type":"Feature","geometry":{"type":"Point","coordinates":[133.994,-14.935]},"properties":{"d":"2026-10-08","t":"0349","frp":9.6,"b":334.7,"c":1,"s":"N21","n":0}},{"type":"Feature","geometry":{"type":"Point","coordinates":[133.9993,-14.9345]},"properties":{"d":"2026-10-08","t":"0349","frp":20.0,"b":353.3,"c":1,"s":"N21","n":0}},{"type":"Feature","geometry":{"type":"Point","coordinates":[133.9917,-14.9303]},"properties":{"d":"2026-10-08","t":"0349","frp":11.3,"b":341.1,"c":1,"s":"N21","n":0}},{"type":"Feature","geometry":{"type":"Point","coordinates":[133.9969,-14.9298]},"properties":{"d":"2026-10-08","t":"0349","frp":20.4,"b":346.8,"c":1,"s":"N21","n":0}},{"type":"Feature","geometry":{"type":"Point","coordinates":[134.0022,-14.9292]},"properties":{"d":"2026-10-08","t":"0349","frp":20.4,"b":367.0,"c":2,"s":"N21","n":0}},{"type":"Feature","geometry":{"type":"Point","coordinates":[133.9882,-14.9291]},"properties":{"d":"2026-10-08","t":"0349","frp":9.6,"b":336.5,"c":1,"s":"N21","n":0}},{"type":"Feature","geometry":{"type":"Point","coordinates":[134.0075,-14.9287]},"properties":{"d":"2026-10-08","t":"0349","frp":28.7,"b":367.0,"c":2,"s":"N21","n":0}},{"type":"Feature","geometry":{"type":"Point","coordinates":[133.9934,-14.9286]},"properties":{"d":"2026-10-08","t":"0349","frp":9.6,"b":342.5,"c":1,"s":"N21","n":0}},{"type":"Feature","geometry":{"type":"Point","coordinates":[133.9987,-14.928]},"properties":{"d":"2026-10-08","t":"0349","frp":20.0,"b":355.0,"c":1,"s":"N21","n":0}},{"type":"Feature","geometry":{"type":"Point","coordinates":[134.0039,-14.9275]},"properties":{"d":"2026-10-08","t":"0349","frp":20.0,"b":367.0,"c":2,"s":"N21","n":0}},{"type":"Feature","geometry":{"type":"Point","coordinates":[134.0092,-14.9269]},"properties":{"d":"2026-10-08","t":"0349","frp":19.0,"b":337.3,"c":1,"s":"N21","n":0}},{"type":"Feature","geometry":{"type":"Point","coordinates":[133.9911,-14.9238]},"properties":{"d":"2026-10-08","t":"0349","frp":5.2,"b":334.8,"c":1,"s":"N21","n":0}},{"type":"Feature","geometry":{"type":"Point","coordinates":[143.8641,-14.81]},"properties":{"d":"2026-10-08","t":"0349","frp":6.3,"b":340.4,"c":0,"s":"N21","n":0}},{"type":"Feature","geometry":{"type":"Point","coordinates":[143.8631,-14.803]},"properties":{"d":"2026-10-08","t":"0349","frp":13.5,"b":349.3,"c":0,"s":"N21","n":0}},{"type":"Feature","geometry":{"type":"Point","coordinates":[144.5312,-14.8019]},"properties":{"d":"2026-10-08","t":"0349","frp":12.9,"b":341.5,"c":1,"s":"N21","n":0}},{"type":"Feature","geometry":{"type":"Point","coordinates":[143.8634,-14.801]},"properties":{"d":"2026-10-08","t":"0349","frp":11.0,"b":344.1,"c":0,"s":"N21","n":0}},{"type":"Feature","geometry":{"type":"Point","coordinates":[144.5334,-14.7911]},"properties":{"d":"2026-10-08","t":"0349","frp":8.1,"b":342.7,"c":1,"s":"N21","n":0}},{"type":"Feature","geometry":{"type":"Point","coordinates":[144.5329,-14.7877]},"properties":{"d":"2026-10-08","t":"0349","frp":8.1,"b":351.5,"c":1,"s":"N21","n":0}},{"type":"Feature","geometry":{"type":"Point","coordinates":[144.5286,-14.7849]},"properties":{"d":"2026-10-08","t":"0349","frp":4.1,"b":336.1,"c":1,"s":"N21","n":0}},{"type":"Feature","geometry":{"type":"Point","coordinates":[144.5324,-14.7843]},"properties":{"d":"2026-10-08","t":"0349","frp":4.1,"b":335.2,"c":1,"s":"N21","n":0}},{"type":"Feature","geometry":{"type":"Point","coordinates":[144.5362,-14.7838]},"properties":{"d":"2026-10-08","t":"0349","frp":9.9,"b":352.6,"c":1,"s":"N21","n":0}},{"type":"Feature","geometry":{"type":"Point","coordinates":[144.5399,-14.7832]},"properties":{"d":"2026-10-08","t":"0349","frp":9.9,"b":352.1,"c":1,"s":"N21","n":0}},{"type":"Feature","geometry":{"type":"Point","coordinates":[144.5474,-14.7821]},"properties":{"d":"2026-10-08","t":"0349","frp":16.1,"b":349.8,"c":1,"s":"N21","n":0}},{"type":"Feature","geometry":{"type":"Point","coordinates":[144.5469,-14.7788]},"properties":{"d":"2026-10-08","t":"0349","frp":16.1,"b":353.2,"c":1,"s":"N21","n":0}},{"type":"Feature","geometry":{"type":"Point","coordinates":[143.865,-14.7582]},"properties":{"d":"2026-10-08","t":"0349","frp":7.4,"b":338.9,"c":0,"s":"N21","n":0}},{"type":"Feature","geometry":{"type":"Point","coordinates":[144.7951,-14.7562]},"properties":{"d":"2026-10-08","t":"0349","frp":21.4,"b":346.0,"c":1,"s":"N21","n":0}},{"type":"Feature","geometry":{"type":"Point","coordinates":[144.7987,-14.7557]},"properties":{"d":"2026-10-08","t":"0349","frp":21.8,"b":335.4,"c":1,"s":"N21","n":0}},{"type":"Feature","geometry":{"type":"Point","coordinates":[144.8243,-14.7519]},"properties":{"d":"2026-10-08","t":"0349","frp":7.1,"b":337.5,"c":1,"s":"N21","n":0}},{"type":"Feature","geometry":{"type":"Point","coordinates":[143.864,-14.7512]},"properties":{"d":"2026-10-08","t":"0349","frp":21.1,"b":348.1,"c":0,"s":"N21","n":0}},{"type":"Feature","geometry":{"type":"Point","coordinates":[143.868,-14.7507]},"properties":{"d":"2026-10-08","t":"0349","frp":21.1,"b":337.0,"c":0,"s":"N21","n":0}},{"type":"Feature","geometry":{"type":"Point","coordinates":[144.8159,-14.7462]},"properties":{"d":"2026-10-08","t":"0349","frp":8.2,"b":345.1,"c":1,"s":"N21","n":0}},{"type":"Feature","geometry":{"type":"Point","coordinates":[143.8722,-14.7252]},"properties":{"d":"2026-10-08","t":"0349","frp":12.3,"b":348.3,"c":0,"s":"N21","n":0}},{"type":"Feature","geometry":{"type":"Point","coordinates":[143.8756,-14.7212]},"properties":{"d":"2026-10-08","t":"0349","frp":2.2,"b":332.9,"c":0,"s":"N21","n":0}},{"type":"Feature","geometry":{"type":"Point","coordinates":[144.5714,-14.7128]},"properties":{"d":"2026-10-08","t":"0349","frp":39.4,"b":350.6,"c":1,"s":"N21","n":0}},{"type":"Feature","geometry":{"type":"Point","coordinates":[144.5752,-14.7122]},"properties":{"d":"2026-10-08","t":"0349","frp":39.4,"b":342.0,"c":1,"s":"N21","n":0}},{"type":"Feature","geometry":{"type":"Point","coordinates":[143.8662,-14.7119]},"properties":{"d":"2026-10-08","t":"0349","frp":2.8,"b":330.3,"c":0,"s":"N21","n":0}},{"type":"Feature","geometry":{"type":"Point","coordinates":[143.8701,-14.7113]},"properties":{"d":"2026-10-08","t":"0349","frp":2.8,"b":334.2,"c":0,"s":"N21","n":0}},{"type":"Feature","geometry":{"type":"Point","coordinates":[144.5709,-14.7094]},"properties":{"d":"2026-10-08","t":"0349","frp":67.2,"b":348.5,"c":1,"s":"N21","n":0}},{"type":"Feature","geometry":{"type":"Point","coordinates":[144.5667,-14.7065]},"properties":{"d":"2026-10-08","t":"0349","frp":93.2,"b":333.8,"c":0,"s":"N21","n":0}},{"type":"Feature","geometry":{"type":"Point","coordinates":[144.5661,-14.7031]},"properties":{"d":"2026-10-08","t":"0349","frp":6.7,"b":335.0,"c":1,"s":"N21","n":0}},{"type":"Feature","geometry":{"type":"Point","coordinates":[144.5699,-14.7026]},"properties":{"d":"2026-10-08","t":"0349","frp":7.1,"b":348.3,"c":1,"s":"N21","n":0}},{"type":"Feature","geometry":{"type":"Point","coordinates":[144.5736,-14.702]},"properties":{"d":"2026-10-08","t":"0349","frp":7.1,"b":349.7,"c":1,"s":"N21","n":0}},{"type":"Feature","geometry":{"type":"Point","coordinates":[144.5774,-14.7015]},"properties":{"d":"2026-10-08","t":"0349","frp":6.5,"b":330.7,"c":1,"s":"N21","n":0}},{"type":"Feature","geometry":{"type":"Point","coordinates":[144.5731,-14.6987]},"properties":{"d":"2026-10-08","t":"0349","frp":7.1,"b":334.4,"c":1,"s":"N21","n":0}},{"type":"Feature","geometry":{"type":"Point","coordinates":[143.8359,-14.6984]},"properties":{"d":"2026-10-08","t":"0349","frp":3.7,"b":333.3,"c":0,"s":"N21","n":0}},{"type":"Feature","geometry":{"type":"Point","coordinates":[143.8242,-14.6983]},"properties":{"d":"2026-10-08","t":"0349","frp":3.9,"b":342.6,"c":1,"s":"N21","n":0}},{"type":"Feature","geometry":{"type":"Point","coordinates":[144.5769,-14.6981]},"properties":{"d":"2026-10-08","t":"0349","frp":6.5,"b":350.0,"c":1,"s":"N21","n":0}},{"type":"Feature","geometry":{"type":"Point","coordinates":[144.5807,-14.6976]},"properties":{"d":"2026-10-08","t":"0349","frp":6.5,"b":341.7,"c":1,"s":"N21","n":0}},{"type":"Feature","geometry":{"type":"Point","coordinates":[144.5731,-14.6975]},"properties":{"d":"2026-10-08","t":"0349","frp":2.5,"b":333.4,"c":1,"s":"N21","n":0}},{"type":"Feature","geometry":{"type":"Point","coordinates":[143.8321,-14.6972]},"properties":{"d":"2026-10-08","t":"0349","frp":3.0,"b":336.9,"c":0,"s":"N21","n":0}},{"type":"Feature","geometry":{"type":"Point","coordinates":[143.8196,-14.6971]},"properties":{"d":"2026-10-08","t":"0349","frp":4.4,"b":341.8,"c":1,"s":"N21","n":0}},{"type":"Feature","geometry":{"type":"Point","coordinates":[144.5769,-14.697]},"properties":{"d":"2026-10-08","t":"0349","frp":5.1,"b":338.3,"c":1,"s":"N21","n":0}},{"type":"Feature","geometry":{"type":"Point","coordinates":[143.836,-14.6966]},"properties":{"d":"2026-10-08","t":"0349","frp":3.0,"b":336.2,"c":1,"s":"N21","n":0}},{"type":"Feature","geometry":{"type":"Point","coordinates":[143.8236,-14.6966]},"properties":{"d":"2026-10-08","t":"0349","frp":5.8,"b":352.8,"c":1,"s":"N21","n":0}},{"type":"Feature","geometry":{"type":"Point","coordinates":[144.5807,-14.6964]},"properties":{"d":"2026-10-08","t":"0349","frp":5.1,"b":337.8,"c":1,"s":"N21","n":0}},{"type":"Feature","geometry":{"type":"Point","coordinates":[143.8275,-14.696]},"properties":{"d":"2026-10-08","t":"0349","frp":5.8,"b":337.6,"c":0,"s":"N21","n":0}},{"type":"Feature","geometry":{"type":"Point","coordinates":[143.8315,-14.6955]},"properties":{"d":"2026-10-08","t":"0349","frp":3.7,"b":335.7,"c":0,"s":"N21","n":0}},{"type":"Feature","geometry":{"type":"Point","coordinates":[143.8197,-14.6954]},"properties":{"d":"2026-10-08","t":"0349","frp":7.8,"b":351.1,"c":1,"s":"N21","n":0}},{"type":"Feature","geometry":{"type":"Point","coordinates":[143.8237,-14.6949]},"properties":{"d":"2026-10-08","t":"0349","frp":3.9,"b":343.1,"c":1,"s":"N21","n":0}},{"type":"Feature","geometry":{"type":"Point","coordinates":[143.8276,-14.6943]},"properties":{"d":"2026-10-08","t":"0349","frp":3.9,"b":333.2,"c":0,"s":"N21","n":0}},{"type":"Feature","geometry":{"type":"Point","coordinates":[143.871,-14.688]},"properties":{"d":"2026-10-08","t":"0349","frp":4.1,"b":337.0,"c":0,"s":"N21","n":0}},{"type":"Feature","geometry":{"type":"Point","coordinates":[143.8626,-14.6857]},"properties":{"d":"2026-10-08","t":"0349","frp":3.2,"b":332.5,"c":0,"s":"N21","n":0}},{"type":"Feature","geometry":{"type":"Point","coordinates":[143.8704,-14.6845]},"properties":{"d":"2026-10-08","t":"0349","frp":2.6,"b":331.6,"c":0,"s":"N21","n":0}},{"type":"Feature","geometry":{"type":"Point","coordinates":[143.8605,-14.6718]},"properties":{"d":"2026-10-08","t":"0349","frp":4.1,"b":337.0,"c":0,"s":"N21","n":0}},{"type":"Feature","geometry":{"type":"Point","coordinates":[143.8634,-14.6643]},"properties":{"d":"2026-10-08","t":"0349","frp":3.0,"b":332.4,"c":0,"s":"N21","n":0}},{"type":"Feature","geometry":{"type":"Point","coordinates":[143.8629,-14.6608]},"properties":{"d":"2026-10-08","t":"0349","frp":3.0,"b":335.8,"c":0,"s":"N21","n":0}},{"type":"Feature","geometry":{"type":"Point","coordinates":[143.8545,-14.6584]},"properties":{"d":"2026-10-08","t":"0349","frp":1.6,"b":336.7,"c":0,"s":"N21","n":0}},{"type":"Feature","geometry":{"type":"Point","coordinates":[143.8584,-14.6579]},"properties":{"d":"2026-10-08","t":"0349","frp":4.6,"b":339.2,"c":0,"s":"N21","n":0}},{"type":"Feature","geometry":{"type":"Point","coordinates":[143.854,-14.655]},"properties":{"d":"2026-10-08","t":"0349","frp":1.6,"b":331.2,"c":1,"s":"N21","n":0}},{"type":"Feature","geometry":{"type":"Point","coordinates":[134.5153,-14.6549]},"properties":{"d":"2026-10-08","t":"0349","frp":2.6,"b":332.5,"c":1,"s":"N21","n":0}},{"type":"Feature","geometry":{"type":"Point","coordinates":[143.8579,-14.6544]},"properties":{"d":"2026-10-08","t":"0349","frp":4.6,"b":337.6,"c":0,"s":"N21","n":0}},{"type":"Feature","geometry":{"type":"Point","coordinates":[134.5125,-14.6542]},"properties":{"d":"2026-10-08","t":"0349","frp":4.8,"b":332.7,"c":1,"s":"N21","n":0}},{"type":"Feature","geometry":{"type":"Point","coordinates":[143.8574,-14.6509]},"properties":{"d":"2026-10-08","t":"0349","frp":2.8,"b":332.1,"c":0,"s":"N21","n":0}},{"type":"Feature","geometry":{"type":"Point","coordinates":[143.8569,-14.6475]},"properties":{"d":"2026-10-08","t":"0349","frp":2.8,"b":333.5,"c":0,"s":"N21","n":0}},{"type":"Feature","geometry":{"type":"Point","coordinates":[143.8564,-14.644]},"properties":{"d":"2026-10-08","t":"0349","frp":5.5,"b":349.1,"c":1,"s":"N21","n":0}},{"type":"Feature","geometry":{"type":"Point","coordinates":[134.9321,-14.5786]},"properties":{"d":"2026-10-08","t":"0349","frp":4.4,"b":334.1,"c":1,"s":"N21","n":0}},{"type":"Feature","geometry":{"type":"Point","coordinates":[135.5226,-14.5611]},"properties":{"d":"2026-10-08","t":"0349","frp":6.9,"b":337.3,"c":1,"s":"N21","n":0}},{"type":"Feature","geometry":{"type":"Point","coordinates":[135.5238,-14.5609]},"properties":{"d":"2026-10-08","t":"0349","frp":6.1,"b":332.5,"c":1,"s":"N21","n":0}},{"type":"Feature","geometry":{"type":"Point","coordinates":[132.8129,-14.4704]},"properties":{"d":"2026-10-08","t":"0349","frp":19.8,"b":349.1,"c":1,"s":"N21","n":0}},{"type":"Feature","geometry":{"type":"Point","coordinates":[133.5912,-14.3386]},"properties":{"d":"2026-10-08","t":"0349","frp":10.8,"b":336.8,"c":1,"s":"N21","n":0}},{"type":"Feature","geometry":{"type":"Point","coordinates":[133.5888,-14.3385]},"properties":{"d":"2026-10-08","t":"0349","frp":5.5,"b":331.0,"c":1,"s":"N21","n":0}},{"type":"Feature","geometry":{"type":"Point","coordinates":[133.5944,-14.3379]},"properties":{"d":"2026-10-08","t":"0349","frp":5.5,"b":332.0,"c":1,"s":"N21","n":0}},{"type":"Feature","geometry":{"type":"Point","coordinates":[144.4488,-14.3104]},"properties":{"d":"2026-10-08","t":"0349","frp":9.8,"b":351.6,"c":1,"s":"N21","n":0}},{"type":"Feature","geometry":{"type":"Point","coordinates":[144.4521,-14.3064]},"properties":{"d":"2026-10-08","t":"0349","frp":9.7,"b":346.5,"c":1,"s":"N21","n":0}},{"type":"Feature","geometry":{"type":"Point","coordinates":[144.4558,-14.3059]},"properties":{"d":"2026-10-08","t":"0349","frp":5.3,"b":332.3,"c":0,"s":"N21","n":0}},{"type":"Feature","geometry":{"type":"Point","coordinates":[144.4553,-14.3025]},"properties":{"d":"2026-10-08","t":"0349","frp":5.3,"b":347.1,"c":1,"s":"N21","n":0}},{"type":"Feature","geometry":{"type":"Point","coordinates":[144.4548,-14.2991]},"properties":{"d":"2026-10-08","t":"0349","frp":5.4,"b":342.0,"c":1,"s":"N21","n":0}},{"type":"Feature","geometry":{"type":"Point","coordinates":[144.4543,-14.2957]},"properties":{"d":"2026-10-08","t":"0349","frp":5.4,"b":340.3,"c":1,"s":"N21","n":0}},{"type":"Feature","geometry":{"type":"Point","coordinates":[144.4537,-14.2923]},"properties":{"d":"2026-10-08","t":"0349","frp":8.8,"b":335.6,"c":0,"s":"N21","n":0}},{"type":"Feature","geometry":{"type":"Point","coordinates":[144.4532,-14.2889]},"properties":{"d":"2026-10-08","t":"0349","frp":8.8,"b":349.8,"c":1,"s":"N21","n":0}},{"type":"Feature","geometry":{"type":"Point","coordinates":[144.4527,-14.2855]},"properties":{"d":"2026-10-08","t":"0349","frp":6.8,"b":339.1,"c":1,"s":"N21","n":0}},{"type":"Feature","geometry":{"type":"Point","coordinates":[144.4564,-14.285]},"properties":{"d":"2026-10-08","t":"0349","frp":6.8,"b":337.2,"c":1,"s":"N21","n":0}},{"type":"Feature","geometry":{"type":"Point","coordinates":[144.4521,-14.2821]},"properties":{"d":"2026-10-08","t":"0349","frp":6.8,"b":349.7,"c":1,"s":"N21","n":0}},{"type":"Feature","geometry":{"type":"Point","coordinates":[144.4559,-14.2816]},"properties":{"d":"2026-10-08","t":"0349","frp":6.8,"b":367.0,"c":2,"s":"N21","n":0}},{"type":"Feature","geometry":{"type":"Point","coordinates":[144.4518,-14.2811]},"properties":{"d":"2026-10-08","t":"0349","frp":11.3,"b":347.6,"c":1,"s":"N21","n":0}},{"type":"Feature","geometry":{"type":"Point","coordinates":[144.4555,-14.2806]},"properties":{"d":"2026-10-08","t":"0349","frp":11.3,"b":367.0,"c":2,"s":"N21","n":0}},{"type":"Feature","geometry":{"type":"Point","coordinates":[144.4352,-14.2732]},"properties":{"d":"2026-10-08","t":"0349","frp":7.8,"b":354.1,"c":1,"s":"N21","n":0}},{"type":"Feature","geometry":{"type":"Point","coordinates":[144.439,-14.2726]},"properties":{"d":"2026-10-08","t":"0349","frp":7.8,"b":334.1,"c":0,"s":"N21","n":0}},{"type":"Feature","geometry":{"type":"Point","coordinates":[144.4427,-14.2721]},"properties":{"d":"2026-10-08","t":"0349","frp":8.2,"b":340.8,"c":1,"s":"N21","n":0}},{"type":"Feature","geometry":{"type":"Point","coordinates":[144.4347,-14.2698]},"properties":{"d":"2026-10-08","t":"0349","frp":4.9,"b":337.0,"c":1,"s":"N21","n":0}},{"type":"Feature","geometry":{"type":"Point","coordinates":[144.4385,-14.2692]},"properties":{"d":"2026-10-08","t":"0349","frp":4.9,"b":341.0,"c":1,"s":"N21","n":0}},{"type":"Feature","geometry":{"type":"Point","coordinates":[144.4304,-14.2669]},"properties":{"d":"2026-10-08","t":"0349","frp":3.8,"b":332.7,"c":0,"s":"N21","n":0}},{"type":"Feature","geometry":{"type":"Point","coordinates":[144.4342,-14.2664]},"properties":{"d":"2026-10-08","t":"0349","frp":4.9,"b":350.8,"c":1,"s":"N21","n":0}},{"type":"Feature","geometry":{"type":"Point","coordinates":[144.4379,-14.2658]},"properties":{"d":"2026-10-08","t":"0349","frp":4.9,"b":345.6,"c":1,"s":"N21","n":0}},{"type":"Feature","geometry":{"type":"Point","coordinates":[144.4337,-14.263]},"properties":{"d":"2026-10-08","t":"0349","frp":4.9,"b":337.5,"c":1,"s":"N21","n":0}},{"type":"Feature","geometry":{"type":"Point","coordinates":[136.5065,-14.2005]},"properties":{"d":"2026-10-08","t":"0349","frp":4.3,"b":331.0,"c":1,"s":"N21","n":0}},{"type":"Feature","geometry":{"type":"Point","coordinates":[136.5017,-14.1901]},"properties":{"d":"2026-10-08","t":"0349","frp":5.2,"b":331.6,"c":1,"s":"N21","n":0}},{"type":"Feature","geometry":{"type":"Point","coordinates":[136.6456,-14.0887]},"properties":{"d":"2026-10-08","t":"0349","frp":6.5,"b":341.3,"c":1,"s":"N21","n":0}},{"type":"Feature","geometry":{"type":"Point","coordinates":[136.649,-14.0883]},"properties":{"d":"2026-10-08","t":"0349","frp":5.7,"b":336.0,"c":1,"s":"N21","n":0}},{"type":"Feature","geometry":{"type":"Point","coordinates":[136.6629,-14.0866]},"properties":{"d":"2026-10-08","t":"0349","frp":8.0,"b":367.0,"c":2,"s":"N21","n":0}},{"type":"Feature","geometry":{"type":"Point","coordinates":[136.6378,-14.0841]},"properties":{"d":"2026-10-08","t":"0349","frp":8.5,"b":339.6,"c":1,"s":"N21","n":0}},{"type":"Feature","geometry":{"type":"Point","coordinates":[136.6413,-14.0837]},"properties":{"d":"2026-10-08","t":"0349","frp":8.1,"b":367.0,"c":2,"s":"N21","n":0}},{"type":"Feature","geometry":{"type":"Point","coordinates":[136.6449,-14.0833]},"properties":{"d":"2026-10-08","t":"0349","frp":8.1,"b":332.6,"c":1,"s":"N21","n":0}},{"type":"Feature","geometry":{"type":"Point","coordinates":[136.6694,-14.0804]},"properties":{"d":"2026-10-08","t":"0349","frp":4.2,"b":332.5,"c":1,"s":"N21","n":0}},{"type":"Feature","geometry":{"type":"Point","coordinates":[136.6222,-14.075]},"properties":{"d":"2026-10-08","t":"0349","frp":15.9,"b":335.5,"c":1,"s":"N21","n":0}},{"type":"Feature","geometry":{"type":"Point","coordinates":[136.6181,-14.0701]},"properties":{"d":"2026-10-08","t":"0349","frp":15.9,"b":350.2,"c":1,"s":"N21","n":0}},{"type":"Feature","geometry":{"type":"Point","coordinates":[136.6216,-14.0697]},"properties":{"d":"2026-10-08","t":"0349","frp":15.9,"b":367.0,"c":2,"s":"N21","n":0}},{"type":"Feature","geometry":{"type":"Point","coordinates":[136.6251,-14.0692]},"properties":{"d":"2026-10-08","t":"0349","frp":9.3,"b":342.7,"c":1,"s":"N21","n":0}},{"type":"Feature","geometry":{"type":"Point","coordinates":[136.6322,-14.0684]},"properties":{"d":"2026-10-08","t":"0349","frp":5.9,"b":334.8,"c":1,"s":"N21","n":0}},{"type":"Feature","geometry":{"type":"Point","coordinates":[136.6357,-14.068]},"properties":{"d":"2026-10-08","t":"0349","frp":5.9,"b":341.0,"c":1,"s":"N21","n":0}},{"type":"Feature","geometry":{"type":"Point","coordinates":[136.6393,-14.0676]},"properties":{"d":"2026-10-08","t":"0349","frp":11.9,"b":367.0,"c":2,"s":"N21","n":0}},{"type":"Feature","geometry":{"type":"Point","coordinates":[136.6533,-14.066]},"properties":{"d":"2026-10-08","t":"0349","frp":3.5,"b":332.6,"c":1,"s":"N21","n":0}},{"type":"Feature","geometry":{"type":"Point","coordinates":[136.6176,-14.0647]},"properties":{"d":"2026-10-08","t":"0349","frp":8.1,"b":336.1,"c":1,"s":"N21","n":0}},{"type":"Feature","geometry":{"type":"Point","coordinates":[136.621,-14.0643]},"properties":{"d":"2026-10-08","t":"0349","frp":8.1,"b":367.0,"c":2,"s":"N21","n":0}},{"type":"Feature","geometry":{"type":"Point","coordinates":[143.303,-14.0579]},"properties":{"d":"2026-10-08","t":"0349","frp":8.4,"b":338.3,"c":0,"s":"N21","n":0}},{"type":"Feature","geometry":{"type":"Point","coordinates":[143.3025,-14.0543]},"properties":{"d":"2026-10-08","t":"0349","frp":8.4,"b":348.8,"c":1,"s":"N21","n":0}},{"type":"Feature","geometry":{"type":"Point","coordinates":[143.302,-14.0508]},"properties":{"d":"2026-10-08","t":"0349","frp":8.6,"b":352.1,"c":1,"s":"N21","n":0}},{"type":"Feature","geometry":{"type":"Point","coordinates":[143.3061,-14.0502]},"properties":{"d":"2026-10-08","t":"0349","frp":5.4,"b":331.7,"c":0,"s":"N21","n":0}},{"type":"Feature","geometry":{"type":"Point","coordinates":[143.2974,-14.0478]},"properties":{"d":"2026-10-08","t":"0349","frp":8.6,"b":348.0,"c":1,"s":"N21","n":0}},{"type":"Feature","geometry":{"type":"Point","coordinates":[143.3015,-14.0473]},"properties":{"d":"2026-10-08","t":"0349","frp":8.6,"b":336.2,"c":0,"s":"N21","n":0}},{"type":"Feature","geometry":{"type":"Point","coordinates":[136.6407,-14.0456]},"properties":{"d":"2026-10-08","t":"0349","frp":7.5,"b":333.5,"c":1,"s":"N21","n":0}},{"type":"Feature","geometry":{"type":"Point","coordinates":[143.2928,-14.0449]},"properties":{"d":"2026-10-08","t":"0349","frp":6.5,"b":338.2,"c":0,"s":"N21","n":0}},{"type":"Feature","geometry":{"type":"Point","coordinates":[136.6476,-14.0448]},"properties":{"d":"2026-10-08","t":"0349","frp":11.2,"b":342.9,"c":1,"s":"N21","n":0}},{"type":"Feature","geometry":{"type":"Point","coordinates":[136.6507,-14.039]},"properties":{"d":"2026-10-08","t":"0349","frp":5.3,"b":347.6,"c":1,"s":"N21","n":0}},{"type":"Feature","geometry":{"type":"Point","coordinates":[136.6542,-14.0386]},"properties":{"d":"2026-10-08","t":"0349","frp":5.3,"b":338.6,"c":1,"s":"N21","n":0}},{"type":"Feature","geometry":{"type":"Point","coordinates":[136.6576,-14.0382]},"properties":{"d":"2026-10-08","t":"0349","frp":4.3,"b":338.4,"c":1,"s":"N21","n":0}},{"type":"Feature","geometry":{"type":"Point","coordinates":[136.6914,-14.0289]},"properties":{"d":"2026-10-08","t":"0349","frp":3.2,"b":339.5,"c":1,"s":"N21","n":0}},{"type":"Feature","geometry":{"type":"Point","coordinates":[136.6949,-14.0285]},"properties":{"d":"2026-10-08","t":"0349","frp":3.2,"b":331.1,"c":1,"s":"N21","n":0}},{"type":"Feature","geometry":{"type":"Point","coordinates":[136.6943,-14.0231]},"properties":{"d":"2026-10-08","t":"0349","frp":6.1,"b":344.9,"c":1,"s":"N21","n":0}},{"type":"Feature","geometry":{"type":"Point","coordinates":[136.6977,-14.0227]},"properties":{"d":"2026-10-08","t":"0349","frp":5.7,"b":339.4,"c":1,"s":"N21","n":0}},{"type":"Feature","geometry":{"type":"Point","coordinates":[136.5439,-14.0128]},"properties":{"d":"2026-10-08","t":"0349","frp":17.1,"b":367.0,"c":2,"s":"N21","n":0}},{"type":"Feature","geometry":{"type":"Point","coordinates":[136.5423,-14.0106]},"properties":{"d":"2026-10-08","t":"0349","frp":23.5,"b":353.5,"c":1,"s":"N21","n":0}},{"type":"Feature","geometry":{"type":"Point","coordinates":[136.5458,-14.0102]},"properties":{"d":"2026-10-08","t":"0349","frp":12.1,"b":344.6,"c":1,"s":"N21","n":0}},{"type":"Feature","geometry":{"type":"Point","coordinates":[136.5452,-14.0048]},"properties":{"d":"2026-10-08","t":"0349","frp":12.1,"b":367.0,"c":2,"s":"N21","n":0}},{"type":"Feature","geometry":{"type":"Point","coordinates":[136.4887,-13.984]},"properties":{"d":"2026-10-08","t":"0349","frp":2.8,"b":332.6,"c":1,"s":"N21","n":0}},{"type":"Feature","geometry":{"type":"Point","coordinates":[136.4923,-13.9835]},"properties":{"d":"2026-10-08","t":"0349","frp":3.3,"b":332.3,"c":1,"s":"N21","n":0}},{"type":"Feature","geometry":{"type":"Point","coordinates":[136.4959,-13.9831]},"properties":{"d":"2026-10-08","t":"0349","frp":3.3,"b":334.2,"c":1,"s":"N21","n":0}},{"type":"Feature","geometry":{"type":"Point","coordinates":[141.9072,-13.6599]},"properties":{"d":"2026-10-08","t":"0349","frp":5.7,"b":335.3,"c":0,"s":"N21","n":0}},{"type":"Feature","geometry":{"type":"Point","coordinates":[141.9089,-13.6596]},"properties":{"d":"2026-10-08","t":"0349","frp":8.7,"b":347.9,"c":1,"s":"N21","n":0}},{"type":"Feature","geometry":{"type":"Point","coordinates":[141.9119,-13.6592]},"properties":{"d":"2026-10-08","t":"0349","frp":10.8,"b":351.4,"c":1,"s":"N21","n":0}},{"type":"Feature","geometry":{"type":"Point","coordinates":[141.9136,-13.6589]},"properties":{"d":"2026-10-08","t":"0349","frp":11.1,"b":347.7,"c":1,"s":"N21","n":0}},{"type":"Feature","geometry":{"type":"Point","coordinates":[141.9166,-13.6586]},"properties":{"d":"2026-10-08","t":"0349","frp":10.8,"b":353.7,"c":1,"s":"N21","n":0}},{"type":"Feature","geometry":{"type":"Point","coordinates":[141.9183,-13.6583]},"properties":{"d":"2026-10-08","t":"0349","frp":11.1,"b":367.0,"c":2,"s":"N21","n":0}},{"type":"Feature","geometry":{"type":"Point","coordinates":[141.9213,-13.658]},"properties":{"d":"2026-10-08","t":"0349","frp":11.0,"b":348.0,"c":1,"s":"N21","n":0}},{"type":"Feature","geometry":{"type":"Point","coordinates":[141.923,-13.6576]},"properties":{"d":"2026-10-08","t":"0349","frp":4.5,"b":333.4,"c":1,"s":"N21","n":0}},{"type":"Feature","geometry":{"type":"Point","coordinates":[141.9225,-13.6538]},"properties":{"d":"2026-10-08","t":"0349","frp":9.0,"b":342.3,"c":1,"s":"N21","n":0}},{"type":"Feature","geometry":{"type":"Point","coordinates":[141.9267,-13.6494]},"properties":{"d":"2026-10-08","t":"0349","frp":9.0,"b":343.0,"c":0,"s":"N21","n":0}},{"type":"Feature","geometry":{"type":"Point","coordinates":[141.9163,-13.6431]},"properties":{"d":"2026-10-08","t":"0349","frp":5.3,"b":336.7,"c":0,"s":"N21","n":0}},{"type":"Feature","geometry":{"type":"Point","coordinates":[141.921,-13.6425]},"properties":{"d":"2026-10-08","t":"0349","frp":9.3,"b":339.4,"c":1,"s":"N21","n":0}},{"type":"Feature","geometry":{"type":"Point","coordinates":[143.187,-13.5939]},"properties":{"d":"2026-10-08","t":"0349","frp":12.0,"b":356.5,"c":1,"s":"N21","n":0}},{"type":"Feature","geometry":{"type":"Point","coordinates":[143.1878,-13.5936]},"properties":{"d":"2026-10-08","t":"0349","frp":13.7,"b":353.1,"c":1,"s":"N21","n":0}},{"type":"Feature","geometry":{"type":"Point","coordinates":[143.1911,-13.5933]},"properties":{"d":"2026-10-08","t":"0349","frp":4.6,"b":333.5,"c":0,"s":"N21","n":0}},{"type":"Feature","geometry":{"type":"Point","coordinates":[143.1792,-13.5913]},"properties":{"d":"2026-10-08","t":"0349","frp":22.1,"b":353.6,"c":1,"s":"N21","n":0}},{"type":"Feature","geometry":{"type":"Point","coordinates":[143.1832,-13.5907]},"properties":{"d":"2026-10-08","t":"0349","frp":12.3,"b":347.1,"c":1,"s":"N21","n":0}},{"type":"Feature","geometry":{"type":"Point","coordinates":[143.1914,-13.5895]},"properties":{"d":"2026-10-08","t":"0349","frp":4.8,"b":338.5,"c":0,"s":"N21","n":0}},{"type":"Feature","geometry":{"type":"Point","coordinates":[143.1543,-13.5623]},"properties":{"d":"2026-10-08","t":"0349","frp":15.5,"b":367.0,"c":2,"s":"N21","n":0}},{"type":"Feature","geometry":{"type":"Point","coordinates":[143.1583,-13.5617]},"properties":{"d":"2026-10-08","t":"0349","frp":15.5,"b":367.0,"c":2,"s":"N21","n":0}},{"type":"Feature","geometry":{"type":"Point","coordinates":[143.1538,-13.5588]},"properties":{"d":"2026-10-08","t":"0349","frp":7.1,"b":344.2,"c":1,"s":"N21","n":0}},{"type":"Feature","geometry":{"type":"Point","coordinates":[143.1579,-13.5582]},"properties":{"d":"2026-10-08","t":"0349","frp":7.1,"b":344.2,"c":1,"s":"N21","n":0}},{"type":"Feature","geometry":{"type":"Point","coordinates":[143.162,-13.5576]},"properties":{"d":"2026-10-08","t":"0349","frp":5.0,"b":335.1,"c":1,"s":"N21","n":0}},{"type":"Feature","geometry":{"type":"Point","coordinates":[143.1574,-13.5546]},"properties":{"d":"2026-10-08","t":"0349","frp":7.1,"b":350.2,"c":1,"s":"N21","n":0}},{"type":"Feature","geometry":{"type":"Point","coordinates":[143.1615,-13.5541]},"properties":{"d":"2026-10-08","t":"0349","frp":5.0,"b":334.5,"c":1,"s":"N21","n":0}},{"type":"Feature","geometry":{"type":"Point","coordinates":[143.1528,-13.5517]},"properties":{"d":"2026-10-08","t":"0349","frp":13.7,"b":338.9,"c":1,"s":"N21","n":0}},{"type":"Feature","geometry":{"type":"Point","coordinates":[143.1569,-13.5511]},"properties":{"d":"2026-10-08","t":"0349","frp":13.7,"b":348.7,"c":1,"s":"N21","n":0}},{"type":"Feature","geometry":{"type":"Point","coordinates":[143.1547,-13.5081]},"properties":{"d":"2026-10-08","t":"0349","frp":17.9,"b":352.6,"c":0,"s":"N21","n":0}},{"type":"Feature","geometry":{"type":"Point","coordinates":[143.1587,-13.5075]},"properties":{"d":"2026-10-08","t":"0349","frp":17.9,"b":348.8,"c":1,"s":"N21","n":0}},{"type":"Feature","geometry":{"type":"Point","coordinates":[143.1501,-13.5051]},"properties":{"d":"2026-10-08","t":"0349","frp":21.1,"b":346.1,"c":0,"s":"N21","n":0}},{"type":"Feature","geometry":{"type":"Point","coordinates":[143.1541,-13.5045]},"properties":{"d":"2026-10-08","t":"0349","frp":17.9,"b":346.5,"c":0,"s":"N21","n":0}},{"type":"Feature","geometry":{"type":"Point","coordinates":[143.1582,-13.504]},"properties":{"d":"2026-10-08","t":"0349","frp":17.9,"b":351.1,"c":1,"s":"N21","n":0}},{"type":"Feature","geometry":{"type":"Point","coordinates":[143.1622,-13.5034]},"properties":{"d":"2026-10-08","t":"0349","frp":19.1,"b":345.5,"c":1,"s":"N21","n":0}},{"type":"Feature","geometry":{"type":"Point","coordinates":[143.1617,-13.4999]},"properties":{"d":"2026-10-08","t":"0349","frp":14.6,"b":349.5,"c":1,"s":"N21","n":0}},{"type":"Feature","geometry":{"type":"Point","coordinates":[143.1658,-13.4993]},"properties":{"d":"2026-10-08","t":"0349","frp":14.6,"b":348.6,"c":1,"s":"N21","n":0}},{"type":"Feature","geometry":{"type":"Point","coordinates":[136.1334,-13.4986]},"properties":{"d":"2026-10-08","t":"0349","frp":6.1,"b":367.0,"c":2,"s":"N21","n":0}},{"type":"Feature","geometry":{"type":"Point","coordinates":[136.1372,-13.4981]},"properties":{"d":"2026-10-08","t":"0349","frp":6.1,"b":336.6,"c":1,"s":"N21","n":0}},{"type":"Feature","geometry":{"type":"Point","coordinates":[143.1652,-13.4958]},"properties":{"d":"2026-10-08","t":"0349","frp":14.6,"b":349.6,"c":1,"s":"N21","n":0}},{"type":"Feature","geometry":{"type":"Point","coordinates":[143.1693,-13.4952]},"properties":{"d":"2026-10-08","t":"0349","frp":20.2,"b":367.0,"c":2,"s":"N21","n":0}},{"type":"Feature","geometry":{"type":"Point","coordinates":[136.1291,-13.4935]},"properties":{"d":"2026-10-08","t":"0349","frp":8.6,"b":337.2,"c":1,"s":"N21","n":0}},{"type":"Feature","geometry":{"type":"Point","coordinates":[136.1329,-13.493]},"properties":{"d":"2026-10-08","t":"0349","frp":12.4,"b":367.0,"c":2,"s":"N21","n":0}},{"type":"Feature","geometry":{"type":"Point","coordinates":[136.1366,-13.4926]},"properties":{"d":"2026-10-08","t":"0349","frp":12.4,"b":367.0,"c":2,"s":"N21","n":0}},{"type":"Feature","geometry":{"type":"Point","coordinates":[136.1439,-13.4917]},"properties":{"d":"2026-10-08","t":"0349","frp":22.1,"b":367.0,"c":2,"s":"N21","n":0}},{"type":"Feature","geometry":{"type":"Point","coordinates":[143.1693,-13.4916]},"properties":{"d":"2026-10-08","t":"0349","frp":13.3,"b":340.2,"c":0,"s":"N21","n":0}},{"type":"Feature","geometry":{"type":"Point","coordinates":[143.1728,-13.4911]},"properties":{"d":"2026-10-08","t":"0349","frp":17.1,"b":342.3,"c":1,"s":"N21","n":0}},{"type":"Feature","geometry":{"type":"Point","coordinates":[143.1733,-13.491]},"properties":{"d":"2026-10-08","t":"0349","frp":13.3,"b":336.6,"c":0,"s":"N21","n":0}},{"type":"Feature","geometry":{"type":"Point","coordinates":[143.1723,-13.4876]},"properties":{"d":"2026-10-08","t":"0349","frp":17.1,"b":344.3,"c":0,"s":"N21","n":0}},{"type":"Feature","geometry":{"type":"Point","coordinates":[136.1322,-13.4875]},"properties":{"d":"2026-10-08","t":"0349","frp":12.4,"b":351.5,"c":1,"s":"N21","n":0}},{"type":"Feature","geometry":{"type":"Point","coordinates":[143.1728,-13.4875]},"properties":{"d":"2026-10-08","t":"0349","frp":13.3,"b":345.4,"c":0,"s":"N21","n":0}},{"type":"Feature","geometry":{"type":"Point","coordinates":[136.136,-13.4871]},"properties":{"d":"2026-10-08","t":"0349","frp":12.4,"b":346.3,"c":1,"s":"N21","n":0}},{"type":"Feature","geometry":{"type":"Point","coordinates":[143.1723,-13.4839]},"properties":{"d":"2026-10-08","t":"0349","frp":23.9,"b":351.1,"c":1,"s":"N21","n":0}},{"type":"Feature","geometry":{"type":"Point","coordinates":[143.1764,-13.4833]},"properties":{"d":"2026-10-08","t":"0349","frp":9.0,"b":334.5,"c":0,"s":"N21","n":0}},{"type":"Feature","geometry":{"type":"Point","coordinates":[136.1317,-13.482]},"properties":{"d":"2026-10-08","t":"0349","frp":10.2,"b":351.7,"c":1,"s":"N21","n":0}},{"type":"Feature","geometry":{"type":"Point","coordinates":[136.1611,-13.4785]},"properties":{"d":"2026-10-08","t":"0349","frp":10.2,"b":348.0,"c":1,"s":"N21","n":0}},{"type":"Feature","geometry":{"type":"Point","coordinates":[143.1712,-13.4769]},"properties":{"d":"2026-10-08","t":"0349","frp":9.9,"b":338.6,"c":0,"s":"N21","n":0}},{"type":"Feature","geometry":{"type":"Point","coordinates":[143.1707,-13.4733]},"properties":{"d":"2026-10-08","t":"0349","frp":9.9,"b":338.3,"c":0,"s":"N21","n":0}},{"type":"Feature","geometry":{"type":"Point","coordinates":[136.1605,-13.473]},"properties":{"d":"2026-10-08","t":"0349","frp":10.2,"b":367.0,"c":2,"s":"N21","n":0}},{"type":"Feature","geometry":{"type":"Point","coordinates":[143.1748,-13.4727]},"properties":{"d":"2026-10-08","t":"0349","frp":14.8,"b":334.2,"c":0,"s":"N21","n":0}},{"type":"Feature","geometry":{"type":"Point","coordinates":[136.1642,-13.4726]},"properties":{"d":"2026-10-08","t":"0349","frp":10.2,"b":349.2,"c":1,"s":"N21","n":0}},{"type":"Feature","geometry":{"type":"Point","coordinates":[136.1415,-13.4696]},"properties":{"d":"2026-10-08","t":"0349","frp":12.8,"b":367.0,"c":2,"s":"N21","n":0}},{"type":"Feature","geometry":{"type":"Point","coordinates":[136.16,-13.4675]},"properties":{"d":"2026-10-08","t":"0349","frp":4.6,"b":335.9,"c":1,"s":"N21","n":0}},{"type":"Feature","geometry":{"type":"Point","coordinates":[136.1636,-13.4671]},"properties":{"d":"2026-10-08","t":"0349","frp":4.6,"b":333.9,"c":1,"s":"N21","n":0}},{"type":"Feature","geometry":{"type":"Point","coordinates":[136.1672,-13.4666]},"properties":{"d":"2026-10-08","t":"0349","frp":7.7,"b":341.1,"c":1,"s":"N21","n":0}},{"type":"Feature","geometry":{"type":"Point","coordinates":[136.1708,-13.4662]},"properties":{"d":"2026-10-08","t":"0349","frp":7.7,"b":353.1,"c":1,"s":"N21","n":0}},{"type":"Feature","geometry":{"type":"Point","coordinates":[136.1445,-13.4637]},"properties":{"d":"2026-10-08","t":"0349","frp":6.4,"b":332.2,"c":1,"s":"N21","n":0}},{"type":"Feature","geometry":{"type":"Point","coordinates":[136.1631,-13.4615]},"properties":{"d":"2026-10-08","t":"0349","frp":4.6,"b":343.1,"c":1,"s":"N21","n":0}},{"type":"Feature","geometry":{"type":"Point","coordinates":[136.1703,-13.4607]},"properties":{"d":"2026-10-08","t":"0349","frp":7.7,"b":352.8,"c":1,"s":"N21","n":0}},{"type":"Feature","geometry":{"type":"Point","coordinates":[136.1587,-13.4564]},"properties":{"d":"2026-10-08","t":"0349","frp":2.8,"b":330.6,"c":1,"s":"N21","n":0}},{"type":"Feature","geometry":{"type":"Point","coordinates":[136.1697,-13.4552]},"properties":{"d":"2026-10-08","t":"0349","frp":26.8,"b":352.5,"c":1,"s":"N21","n":0}},{"type":"Feature","geometry":{"type":"Point","coordinates":[136.1733,-13.4548]},"properties":{"d":"2026-10-08","t":"0349","frp":17.9,"b":367.0,"c":2,"s":"N21","n":0}},{"type":"Feature","geometry":{"type":"Point","coordinates":[136.1727,-13.4492]},"properties":{"d":"2026-10-08","t":"0349","frp":17.9,"b":367.0,"c":2,"s":"N21","n":0}},{"type":"Feature","geometry":{"type":"Point","coordinates":[136.1751,-13.4378]},"properties":{"d":"2026-10-08","t":"0349","frp":12.6,"b":344.2,"c":1,"s":"N21","n":0}},{"type":"Feature","geometry":{"type":"Point","coordinates":[136.1745,-13.4323]},"properties":{"d":"2026-10-08","t":"0349","frp":8.0,"b":354.4,"c":1,"s":"N21","n":0}},{"type":"Feature","geometry":{"type":"Point","coordinates":[136.1702,-13.4272]},"properties":{"d":"2026-10-08","t":"0349","frp":8.0,"b":341.0,"c":1,"s":"N21","n":0}},{"type":"Feature","geometry":{"type":"Point","coordinates":[136.1738,-13.4268]},"properties":{"d":"2026-10-08","t":"0349","frp":8.0,"b":367.0,"c":2,"s":"N21","n":0}},{"type":"Feature","geometry":{"type":"Point","coordinates":[136.1723,-13.4263]},"properties":{"d":"2026-10-08","t":"0349","frp":13.3,"b":367.0,"c":2,"s":"N21","n":0}},{"type":"Feature","geometry":{"type":"Point","coordinates":[136.1732,-13.4213]},"properties":{"d":"2026-10-08","t":"0349","frp":13.1,"b":367.0,"c":2,"s":"N21","n":0}},{"type":"Feature","geometry":{"type":"Point","coordinates":[136.1717,-13.4208]},"properties":{"d":"2026-10-08","t":"0349","frp":13.3,"b":367.0,"c":2,"s":"N21","n":0}},{"type":"Feature","geometry":{"type":"Point","coordinates":[136.2092,-13.1919]},"properties":{"d":"2026-10-08","t":"0349","frp":6.0,"b":339.3,"c":1,"s":"N21","n":0}},{"type":"Feature","geometry":{"type":"Point","coordinates":[132.0618,-13.1686]},"properties":{"d":"2026-10-08","t":"0349","frp":8.3,"b":331.3,"c":1,"s":"N21","n":0}},{"type":"Feature","geometry":{"type":"Point","coordinates":[132.0653,-13.1635]},"properties":{"d":"2026-10-08","t":"0349","frp":10.6,"b":334.9,"c":1,"s":"N21","n":0}},{"type":"Feature","geometry":{"type":"Point","coordinates":[132.0246,-13.1509]},"properties":{"d":"2026-10-08","t":"0349","frp":22.1,"b":345.9,"c":1,"s":"N21","n":0}},{"type":"Feature","geometry":{"type":"Point","coordinates":[132.0216,-13.1468]},"properties":{"d":"2026-10-08","t":"0349","frp":9.8,"b":340.2,"c":1,"s":"N21","n":0}},{"type":"Feature","geometry":{"type":"Point","coordinates":[131.9788,-13.1442]},"properties":{"d":"2026-10-08","t":"0349","frp":15.0,"b":344.7,"c":1,"s":"N21","n":0}},{"type":"Feature","geometry":{"type":"Point","coordinates":[131.9858,-13.1434]},"properties":{"d":"2026-10-08","t":"0349","frp":18.1,"b":340.8,"c":1,"s":"N21","n":0}},{"type":"Feature","geometry":{"type":"Point","coordinates":[131.9809,-13.141]},"properties":{"d":"2026-10-08","t":"0349","frp":8.2,"b":343.5,"c":1,"s":"N21","n":0}},{"type":"Feature","geometry":{"type":"Point","coordinates":[131.988,-13.1403]},"properties":{"d":"2026-10-08","t":"0349","frp":8.2,"b":333.1,"c":1,"s":"N21","n":0}},{"type":"Feature","geometry":{"type":"Point","coordinates":[142.0016,-13.1168]},"properties":{"d":"2026-10-08","t":"0349","frp":8.3,"b":336.6,"c":0,"s":"N21","n":0}},{"type":"Feature","geometry":{"type":"Point","coordinates":[131.9807,-13.0866]},"properties":{"d":"2026-10-08","t":"0349","frp":6.2,"b":335.2,"c":1,"s":"N21","n":0}},{"type":"Feature","geometry":{"type":"Point","coordinates":[142.0364,-13.0662]},"properties":{"d":"2026-10-08","t":"0349","frp":7.5,"b":337.7,"c":0,"s":"N21","n":0}},{"type":"Feature","geometry":{"type":"Point","coordinates":[131.7963,-13.0659]},"properties":{"d":"2026-10-08","t":"0349","frp":9.0,"b":331.1,"c":1,"s":"N21","n":0}},{"type":"Feature","geometry":{"type":"Point","coordinates":[131.7918,-13.0626]},"properties":{"d":"2026-10-08","t":"0349","frp":11.9,"b":334.2,"c":1,"s":"N21","n":0}},{"type":"Feature","geometry":{"type":"Point","coordinates":[141.7226,-13.0517]},"properties":{"d":"2026-10-08","t":"0349","frp":10.0,"b":334.9,"c":0,"s":"N21","n":0}},{"type":"Feature","geometry":{"type":"Point","coordinates":[141.7273,-13.0511]},"properties":{"d":"2026-10-08","t":"0349","frp":10.0,"b":350.4,"c":1,"s":"N21","n":0}},{"type":"Feature","geometry":{"type":"Point","coordinates":[141.7321,-13.0504]},"properties":{"d":"2026-10-08","t":"0349","frp":10.2,"b":337.3,"c":0,"s":"N21","n":0}},{"type":"Feature","geometry":{"type":"Point","coordinates":[142.073,-13.0308]},"properties":{"d":"2026-10-08","t":"0349","frp":9.6,"b":341.3,"c":0,"s":"N21","n":0}},{"type":"Feature","geometry":{"type":"Point","coordinates":[142.0499,-13.0301]},"properties":{"d":"2026-10-08","t":"0349","frp":5.4,"b":342.3,"c":1,"s":"N21","n":0}},{"type":"Feature","geometry":{"type":"Point","coordinates":[142.0545,-13.0295]},"properties":{"d":"2026-10-08","t":"0349","frp":5.4,"b":338.4,"c":0,"s":"N21","n":0}},{"type":"Feature","geometry":{"type":"Point","coordinates":[142.0358,-13.0283]},"properties":{"d":"2026-10-08","t":"0349","frp":5.4,"b":346.3,"c":1,"s":"N21","n":0}},{"type":"Feature","geometry":{"type":"Point","coordinates":[142.068,-13.0277]},"properties":{"d":"2026-10-08","t":"0349","frp":9.6,"b":343.4,"c":0,"s":"N21","n":0}},{"type":"Feature","geometry":{"type":"Point","coordinates":[142.0449,-13.027]},"properties":{"d":"2026-10-08","t":"0349","frp":4.8,"b":332.4,"c":1,"s":"N21","n":0}},{"type":"Feature","geometry":{"type":"Point","coordinates":[142.0494,-13.0264]},"properties":{"d":"2026-10-08","t":"0349","frp":10.6,"b":352.1,"c":1,"s":"N21","n":0}},{"type":"Feature","geometry":{"type":"Point","coordinates":[142.0539,-13.0258]},"properties":{"d":"2026-10-08","t":"0349","frp":10.6,"b":347.7,"c":1,"s":"N21","n":0}},{"type":"Feature","geometry":{"type":"Point","coordinates":[142.0584,-13.0252]},"properties":{"d":"2026-10-08","t":"0349","frp":9.8,"b":340.9,"c":1,"s":"N21","n":0}},{"type":"Feature","geometry":{"type":"Point","coordinates":[142.0629,-13.0246]},"properties":{"d":"2026-10-08","t":"0349","frp":9.8,"b":340.4,"c":1,"s":"N21","n":0}},{"type":"Feature","geometry":{"type":"Point","coordinates":[142.0675,-13.0239]},"properties":{"d":"2026-10-08","t":"0349","frp":13.0,"b":353.1,"c":0,"s":"N21","n":0}},{"type":"Feature","geometry":{"type":"Point","coordinates":[142.0489,-13.0227]},"properties":{"d":"2026-10-08","t":"0349","frp":10.6,"b":367.0,"c":2,"s":"N21","n":0}},{"type":"Feature","geometry":{"type":"Point","coordinates":[142.0534,-13.0221]},"properties":{"d":"2026-10-08","t":"0349","frp":10.6,"b":367.0,"c":2,"s":"N21","n":0}},{"type":"Feature","geometry":{"type":"Point","coordinates":[142.0579,-13.0215]},"properties":{"d":"2026-10-08","t":"0349","frp":9.8,"b":367.0,"c":2,"s":"N21","n":0}},{"type":"Feature","geometry":{"type":"Point","coordinates":[142.0624,-13.0208]},"properties":{"d":"2026-10-08","t":"0349","frp":9.8,"b":345.3,"c":1,"s":"N21","n":0}},{"type":"Feature","geometry":{"type":"Point","coordinates":[142.0484,-13.019]},"properties":{"d":"2026-10-08","t":"0349","frp":17.1,"b":367.0,"c":2,"s":"N21","n":0}},{"type":"Feature","geometry":{"type":"Point","coordinates":[142.0529,-13.0184]},"properties":{"d":"2026-10-08","t":"0349","frp":17.1,"b":367.0,"c":2,"s":"N21","n":0}},{"type":"Feature","geometry":{"type":"Point","coordinates":[142.0574,-13.0177]},"properties":{"d":"2026-10-08","t":"0349","frp":3.3,"b":343.1,"c":1,"s":"N21","n":0}},{"type":"Feature","geometry":{"type":"Point","coordinates":[142.3781,-12.94]},"properties":{"d":"2026-10-08","t":"0349","frp":15.4,"b":341.2,"c":0,"s":"N21","n":0}},{"type":"Feature","geometry":{"type":"Point","coordinates":[142.3819,-12.9358]},"properties":{"d":"2026-10-08","t":"0349","frp":40.8,"b":355.0,"c":0,"s":"N21","n":0}},{"type":"Feature","geometry":{"type":"Point","coordinates":[142.3814,-12.9321]},"properties":{"d":"2026-10-08","t":"0349","frp":48.4,"b":350.6,"c":0,"s":"N21","n":0}},{"type":"Feature","geometry":{"type":"Point","coordinates":[142.3852,-12.9278]},"properties":{"d":"2026-10-08","t":"0349","frp":48.4,"b":341.4,"c":0,"s":"N21","n":0}},{"type":"Feature","geometry":{"type":"Point","coordinates":[136.4452,-12.8899]},"properties":{"d":"2026-10-08","t":"0349","frp":40.0,"b":345.2,"c":1,"s":"N21","n":0}},{"type":"Feature","geometry":{"type":"Point","coordinates":[136.4486,-12.8895]},"properties":{"d":"2026-10-08","t":"0349","frp":17.6,"b":367.0,"c":2,"s":"N21","n":0}},{"type":"Feature","geometry":{"type":"Point","coordinates":[136.448,-12.8841]},"properties":{"d":"2026-10-08","t":"0349","frp":17.6,"b":367.0,"c":2,"s":"N21","n":0}},{"type":"Feature","geometry":{"type":"Point","coordinates":[136.4514,-12.8837]},"properties":{"d":"2026-10-08","t":"0349","frp":17.6,"b":344.2,"c":1,"s":"N21","n":0}},{"type":"Feature","geometry":{"type":"Point","coordinates":[136.3822,-12.8591]},"properties":{"d":"2026-10-08","t":"0349","frp":10.1,"b":350.3,"c":1,"s":"N21","n":0}},{"type":"Feature","geometry":{"type":"Point","coordinates":[136.3927,-12.8579]},"properties":{"d":"2026-10-08","t":"0349","frp":10.6,"b":342.0,"c":1,"s":"N21","n":0}},{"type":"Feature","geometry":{"type":"Point","coordinates":[136.3839,-12.8562]},"properties":{"d":"2026-10-08","t":"0349","frp":8.6,"b":345.8,"c":1,"s":"N21","n":0}},{"type":"Feature","geometry":{"type":"Point","coordinates":[136.391,-12.8554]},"properties":{"d":"2026-10-08","t":"0349","frp":28.4,"b":367.0,"c":2,"s":"N21","n":0}},{"type":"Feature","geometry":{"type":"Point","coordinates":[136.3944,-12.8549]},"properties":{"d":"2026-10-08","t":"0349","frp":7.1,"b":343.4,"c":1,"s":"N21","n":0}},{"type":"Feature","geometry":{"type":"Point","coordinates":[136.3938,-12.8496]},"properties":{"d":"2026-10-08","t":"0349","frp":7.1,"b":330.7,"c":1,"s":"N21","n":0}},{"type":"Feature","geometry":{"type":"Point","coordinates":[135.4588,-12.8443]},"properties":{"d":"2026-10-08","t":"0349","frp":36.7,"b":344.1,"c":1,"s":"N21","n":0}},{"type":"Feature","geometry":{"type":"Point","coordinates":[135.4627,-12.8439]},"properties":{"d":"2026-10-08","t":"0349","frp":36.7,"b":367.0,"c":2,"s":"N21","n":0}},{"type":"Feature","geometry":{"type":"Point","coordinates":[136.392,-12.8334]},"properties":{"d":"2026-10-08","t":"0349","frp":6.4,"b":345.2,"c":1,"s":"N21","n":0}},{"type":"Feature","geometry":{"type":"Point","coordinates":[143.3339,-12.8169]},"properties":{"d":"2026-10-08","t":"0349","frp":6.9,"b":345.2,"c":1,"s":"N21","n":0}},{"type":"Feature","geometry":{"type":"Point","coordinates":[143.3333,-12.8149]},"properties":{"d":"2026-10-08","t":"0349","frp":7.2,"b":340.6,"c":1,"s":"N21","n":0}},{"type":"Feature","geometry":{"type":"Point","coordinates":[143.3713,-12.7439]},"properties":{"d":"2026-10-08","t":"0349","frp":6.6,"b":336.7,"c":0,"s":"N21","n":0}},{"type":"Feature","geometry":{"type":"Point","coordinates":[143.3736,-12.7329]},"properties":{"d":"2026-10-08","t":"0349","frp":6.1,"b":338.3,"c":0,"s":"N21","n":0}},{"type":"Feature","geometry":{"type":"Point","coordinates":[141.9007,-12.5822]},"properties":{"d":"2026-10-08","t":"0349","frp":12.8,"b":343.9,"c":0,"s":"N21","n":0}},{"type":"Feature","geometry":{"type":"Point","coordinates":[141.8991,-12.5801]},"properties":{"d":"2026-10-08","t":"0349","frp":12.7,"b":336.9,"c":0,"s":"N21","n":0}},{"type":"Feature","geometry":{"type":"Point","coordinates":[136.3058,-12.5593]},"properties":{"d":"2026-10-08","t":"0349","frp":3.7,"b":340.8,"c":1,"s":"N21","n":0}},{"type":"Feature","geometry":{"type":"Point","coordinates":[136.3072,-12.5563]},"properties":{"d":"2026-10-08","t":"0349","frp":10.7,"b":351.4,"c":1,"s":"N21","n":0}},{"type":"Feature","geometry":{"type":"Point","coordinates":[136.3016,-12.5543]},"properties":{"d":"2026-10-08","t":"0349","frp":10.8,"b":332.3,"c":1,"s":"N21","n":0}},{"type":"Feature","geometry":{"type":"Point","coordinates":[136.2925,-12.5526]},"properties":{"d":"2026-10-08","t":"0349","frp":17.8,"b":352.1,"c":1,"s":"N21","n":0}},{"type":"Feature","geometry":{"type":"Point","coordinates":[136.296,-12.5522]},"properties":{"d":"2026-10-08","t":"0349","frp":17.8,"b":367.0,"c":2,"s":"N21","n":0}},{"type":"Feature","geometry":{"type":"Point","coordinates":[136.2995,-12.5518]},"properties":{"d":"2026-10-08","t":"0349","frp":11.7,"b":367.0,"c":2,"s":"N21","n":0}},{"type":"Feature","geometry":{"type":"Point","coordinates":[136.303,-12.5513]},"properties":{"d":"2026-10-08","t":"0349","frp":11.7,"b":332.6,"c":1,"s":"N21","n":0}},{"type":"Feature","geometry":{"type":"Point","coordinates":[136.287,-12.5505]},"properties":{"d":"2026-10-08","t":"0349","frp":9.7,"b":335.6,"c":1,"s":"N21","n":0}},{"type":"Feature","geometry":{"type":"Point","coordinates":[136.2905,-12.5501]},"properties":{"d":"2026-10-08","t":"0349","frp":9.7,"b":334.1,"c":1,"s":"N21","n":0}},{"type":"Feature","geometry":{"type":"Point","coordinates":[136.294,-12.5497]},"properties":{"d":"2026-10-08","t":"0349","frp":25.6,"b":367.0,"c":2,"s":"N21","n":0}},{"type":"Feature","geometry":{"type":"Point","coordinates":[136.2975,-12.5493]},"properties":{"d":"2026-10-08","t":"0349","frp":25.6,"b":367.0,"c":2,"s":"N21","n":0}},{"type":"Feature","geometry":{"type":"Point","coordinates":[136.301,-12.5489]},"properties":{"d":"2026-10-08","t":"0349","frp":10.8,"b":367.0,"c":2,"s":"N21","n":0}},{"type":"Feature","geometry":{"type":"Point","coordinates":[136.2849,-12.5481]},"properties":{"d":"2026-10-08","t":"0349","frp":6.6,"b":344.7,"c":1,"s":"N21","n":0}},{"type":"Feature","geometry":{"type":"Point","coordinates":[136.2884,-12.5476]},"properties":{"d":"2026-10-08","t":"0349","frp":6.6,"b":342.4,"c":1,"s":"N21","n":0}},{"type":"Feature","geometry":{"type":"Point","coordinates":[136.2919,-12.5472]},"properties":{"d":"2026-10-08","t":"0349","frp":6.2,"b":330.6,"c":1,"s":"N21","n":0}},{"type":"Feature","geometry":{"type":"Point","coordinates":[136.2954,-12.5468]},"properties":{"d":"2026-10-08","t":"0349","frp":6.2,"b":352.2,"c":1,"s":"N21","n":0}},{"type":"Feature","geometry":{"type":"Point","coordinates":[136.2989,-12.5464]},"properties":{"d":"2026-10-08","t":"0349","frp":12.0,"b":344.4,"c":1,"s":"N21","n":0}},{"type":"Feature","geometry":{"type":"Point","coordinates":[136.2878,-12.5422]},"properties":{"d":"2026-10-08","t":"0349","frp":6.6,"b":342.7,"c":1,"s":"N21","n":0}},{"type":"Feature","geometry":{"type":"Point","coordinates":[136.2913,-12.5418]},"properties":{"d":"2026-10-08","t":"0349","frp":6.2,"b":330.7,"c":1,"s":"N21","n":0}},{"type":"Feature","geometry":{"type":"Point","coordinates":[136.6656,-12.5276]},"properties":{"d":"2026-10-08","t":"0349","frp":2.6,"b":336.4,"c":1,"s":"N21","n":0}},{"type":"Feature","geometry":{"type":"Point","coordinates":[136.7982,-12.4736]},"properties":{"d":"2026-10-08","t":"0349","frp":14.7,"b":344.3,"c":1,"s":"N21","n":0}},{"type":"Feature","geometry":{"type":"Point","coordinates":[136.8046,-12.4728]},"properties":{"d":"2026-10-08","t":"0349","frp":46.0,"b":367.0,"c":2,"s":"N21","n":0}},{"type":"Feature","geometry":{"type":"Point","coordinates":[136.8078,-12.4724]},"properties":{"d":"2026-10-08","t":"0349","frp":46.0,"b":335.9,"c":1,"s":"N21","n":0}},{"type":"Feature","geometry":{"type":"Point","coordinates":[136.811,-12.472]},"properties":{"d":"2026-10-08","t":"0349","frp":51.3,"b":367.0,"c":2,"s":"N21","n":0}},{"type":"Feature","geometry":{"type":"Point","coordinates":[136.8143,-12.4716]},"properties":{"d":"2026-10-08","t":"0349","frp":51.3,"b":367.0,"c":2,"s":"N21","n":0}},{"type":"Feature","geometry":{"type":"Point","coordinates":[136.8175,-12.4712]},"properties":{"d":"2026-10-08","t":"0349","frp":14.9,"b":367.0,"c":2,"s":"N21","n":0}},{"type":"Feature","geometry":{"type":"Point","coordinates":[136.8208,-12.4708]},"properties":{"d":"2026-10-08","t":"0349","frp":14.9,"b":367.0,"c":2,"s":"N21","n":0}},{"type":"Feature","geometry":{"type":"Point","coordinates":[136.7976,-12.4684]},"properties":{"d":"2026-10-08","t":"0349","frp":14.7,"b":367.0,"c":2,"s":"N21","n":0}},{"type":"Feature","geometry":{"type":"Point","coordinates":[136.8008,-12.468]},"properties":{"d":"2026-10-08","t":"0349","frp":14.7,"b":367.0,"c":2,"s":"N21","n":0}},{"type":"Feature","geometry":{"type":"Point","coordinates":[136.804,-12.4676]},"properties":{"d":"2026-10-08","t":"0349","frp":46.0,"b":344.7,"c":1,"s":"N21","n":0}},{"type":"Feature","geometry":{"type":"Point","coordinates":[136.8072,-12.4672]},"properties":{"d":"2026-10-08","t":"0349","frp":46.0,"b":309.1,"c":0,"s":"N21","n":0}},{"type":"Feature","geometry":{"type":"Point","coordinates":[136.8105,-12.4668]},"properties":{"d":"2026-10-08","t":"0349","frp":51.3,"b":353.3,"c":1,"s":"N21","n":0}},{"type":"Feature","geometry":{"type":"Point","coordinates":[136.8137,-12.4664]},"properties":{"d":"2026-10-08","t":"0349","frp":51.3,"b":347.4,"c":1,"s":"N21","n":0}},{"type":"Feature","geometry":{"type":"Point","coordinates":[136.8169,-12.466]},"properties":{"d":"2026-10-08","t":"0349","frp":14.9,"b":367.0,"c":2,"s":"N21","n":0}},{"type":"Feature","geometry":{"type":"Point","coordinates":[136.8201,-12.4656]},"properties":{"d":"2026-10-08","t":"0349","frp":14.9,"b":340.0,"c":1,"s":"N21","n":0}},{"type":"Feature","geometry":{"type":"Point","coordinates":[136.8265,-12.4648]},"properties":{"d":"2026-10-08","t":"0349","frp":11.6,"b":341.9,"c":1,"s":"N21","n":0}},{"type":"Feature","geometry":{"type":"Point","coordinates":[136.8002,-12.4628]},"properties":{"d":"2026-10-08","t":"0349","frp":45.7,"b":347.0,"c":1,"s":"N21","n":0}},{"type":"Feature","geometry":{"type":"Point","coordinates":[136.8034,-12.4624]},"properties":{"d":"2026-10-08","t":"0349","frp":19.7,"b":367.0,"c":2,"s":"N21","n":0}},{"type":"Feature","geometry":{"type":"Point","coordinates":[136.8066,-12.462]},"properties":{"d":"2026-10-08","t":"0349","frp":19.7,"b":334.3,"c":1,"s":"N21","n":0}},{"type":"Feature","geometry":{"type":"Point","coordinates":[136.8098,-12.4616]},"properties":{"d":"2026-10-08","t":"0349","frp":10.1,"b":332.8,"c":1,"s":"N21","n":0}},{"type":"Feature","geometry":{"type":"Point","coordinates":[136.8131,-12.4612]},"properties":{"d":"2026-10-08","t":"0349","frp":10.1,"b":367.0,"c":2,"s":"N21","n":0}},{"type":"Feature","geometry":{"type":"Point","coordinates":[136.8162,-12.4608]},"properties":{"d":"2026-10-08","t":"0349","frp":19.6,"b":367.0,"c":2,"s":"N21","n":0}},{"type":"Feature","geometry":{"type":"Point","coordinates":[136.8259,-12.4596]},"properties":{"d":"2026-10-08","t":"0349","frp":8.1,"b":343.6,"c":1,"s":"N21","n":0}},{"type":"Feature","geometry":{"type":"Point","coordinates":[136.4006,-12.4577]},"properties":{"d":"2026-10-08","t":"0349","frp":6.0,"b":340.4,"c":1,"s":"N21","n":0}},{"type":"Feature","geometry":{"type":"Point","coordinates":[136.4033,-12.4519]},"properties":{"d":"2026-10-08","t":"0349","frp":6.0,"b":349.8,"c":1,"s":"N21","n":0}},{"type":"Feature","geometry":{"type":"Point","coordinates":[136.4032,-12.4485]},"properties":{"d":"2026-10-08","t":"0349","frp":5.3,"b":346.9,"c":1,"s":"N21","n":0}},{"type":"Feature","geometry":{"type":"Point","coordinates":[136.4066,-12.448]},"properties":{"d":"2026-10-08","t":"0349","frp":6.1,"b":334.5,"c":1,"s":"N21","n":0}},{"type":"Feature","geometry":{"type":"Point","coordinates":[136.8374,-12.4476]},"properties":{"d":"2026-10-08","t":"0349","frp":5.2,"b":344.3,"c":1,"s":"N21","n":0}},{"type":"Feature","geometry":{"type":"Point","coordinates":[136.8406,-12.4472]},"properties":{"d":"2026-10-08","t":"0349","frp":11.8,"b":367.0,"c":2,"s":"N21","n":0}},{"type":"Feature","geometry":{"type":"Point","coordinates":[136.8438,-12.4468]},"properties":{"d":"2026-10-08","t":"0349","frp":11.8,"b":367.0,"c":2,"s":"N21","n":0}},{"type":"Feature","geometry":{"type":"Point","coordinates":[136.4026,-12.4466]},"properties":{"d":"2026-10-08","t":"0349","frp":3.5,"b":338.6,"c":1,"s":"N21","n":0}},{"type":"Feature","geometry":{"type":"Point","coordinates":[136.406,-12.4462]},"properties":{"d":"2026-10-08","t":"0349","frp":3.9,"b":336.7,"c":1,"s":"N21","n":0}},{"type":"Feature","geometry":{"type":"Point","coordinates":[136.808,-12.446]},"properties":{"d":"2026-10-08","t":"0349","frp":10.8,"b":342.9,"c":1,"s":"N21","n":0}},{"type":"Feature","geometry":{"type":"Point","coordinates":[136.4095,-12.4458]},"properties":{"d":"2026-10-08","t":"0349","frp":3.9,"b":332.3,"c":1,"s":"N21","n":0}},{"type":"Feature","geometry":{"type":"Point","coordinates":[136.8112,-12.4456]},"properties":{"d":"2026-10-08","t":"0349","frp":10.8,"b":367.0,"c":2,"s":"N21","n":0}},{"type":"Feature","geometry":{"type":"Point","coordinates":[136.8144,-12.4452]},"properties":{"d":"2026-10-08","t":"0349","frp":17.0,"b":367.0,"c":2,"s":"N21","n":0}},{"type":"Feature","geometry":{"type":"Point","coordinates":[136.8176,-12.4448]},"properties":{"d":"2026-10-08","t":"0349","frp":17.0,"b":336.5,"c":1,"s":"N21","n":0}},{"type":"Feature","geometry":{"type":"Point","coordinates":[136.4026,-12.4431]},"properties":{"d":"2026-10-08","t":"0349","frp":5.3,"b":338.5,"c":1,"s":"N21","n":0}},{"type":"Feature","geometry":{"type":"Point","coordinates":[136.4095,-12.4422]},"properties":{"d":"2026-10-08","t":"0349","frp":6.1,"b":341.1,"c":1,"s":"N21","n":0}},{"type":"Feature","geometry":{"type":"Point","coordinates":[136.8432,-12.4416]},"properties":{"d":"2026-10-08","t":"0349","frp":11.8,"b":367.0,"c":2,"s":"N21","n":0}},{"type":"Feature","geometry":{"type":"Point","coordinates":[136.402,-12.4412]},"properties":{"d":"2026-10-08","t":"0349","frp":3.5,"b":335.4,"c":1,"s":"N21","n":0}},{"type":"Feature","geometry":{"type":"Point","coordinates":[136.4089,-12.4404]},"properties":{"d":"2026-10-08","t":"0349","frp":3.9,"b":338.7,"c":1,"s":"N21","n":0}},{"type":"Feature","geometry":{"type":"Point","coordinates":[136.8138,-12.44]},"properties":{"d":"2026-10-08","t":"0349","frp":5.9,"b":334.0,"c":1,"s":"N21","n":0}},{"type":"Feature","geometry":{"type":"Point","coordinates":[136.817,-12.4396]},"properties":{"d":"2026-10-08","t":"0349","frp":5.9,"b":367.0,"c":2,"s":"N21","n":0}},{"type":"Feature","geometry":{"type":"Point","coordinates":[136.8425,-12.4365]},"properties":{"d":"2026-10-08","t":"0349","frp":16.7,"b":349.5,"c":1,"s":"N21","n":0}},{"type":"Feature","geometry":{"type":"Point","coordinates":[136.8457,-12.4361]},"properties":{"d":"2026-10-08","t":"0349","frp":26.6,"b":367.0,"c":2,"s":"N21","n":0}},{"type":"Feature","geometry":{"type":"Point","coordinates":[136.8419,-12.4313]},"properties":{"d":"2026-10-08","t":"0349","frp":16.7,"b":367.0,"c":2,"s":"N21","n":0}},{"type":"Feature","geometry":{"type":"Point","coordinates":[141.7997,-12.4194]},"properties":{"d":"2026-10-08","t":"0349","frp":144.2,"b":337.1,"c":1,"s":"N21","n":0}},{"type":"Feature","geometry":{"type":"Point","coordinates":[141.7854,-12.4175]},"properties":{"d":"2026-10-08","t":"0349","frp":88.5,"b":338.4,"c":0,"s":"N21","n":0}},{"type":"Feature","geometry":{"type":"Point","coordinates":[141.7946,-12.4163]},"properties":{"d":"2026-10-08","t":"0349","frp":144.2,"b":367.0,"c":2,"s":"N21","n":0}},{"type":"Feature","geometry":{"type":"Point","coordinates":[134.1659,-12.4025]},"properties":{"d":"2026-10-08","t":"0349","frp":22.7,"b":331.3,"c":1,"s":"N21","n":0}},{"type":"Feature","geometry":{"type":"Point","coordinates":[134.1691,-12.4025]},"properties":{"d":"2026-10-08","t":"0349","frp":38.6,"b":367.0,"c":2,"s":"N21","n":0}},{"type":"Feature","geometry":{"type":"Point","coordinates":[141.9504,-12.4023]},"properties":{"d":"2026-10-08","t":"0349","frp":9.2,"b":337.6,"c":0,"s":"N21","n":0}},{"type":"Feature","geometry":{"type":"Point","coordinates":[134.1706,-12.402]},"properties":{"d":"2026-10-08","t":"0349","frp":37.7,"b":367.0,"c":2,"s":"N21","n":0}},{"type":"Feature","geometry":{"type":"Point","coordinates":[136.3695,-12.3656]},"properties":{"d":"2026-10-08","t":"0349","frp":6.6,"b":337.3,"c":1,"s":"N21","n":0}},{"type":"Feature","geometry":{"type":"Point","coordinates":[136.3795,-12.3644]},"properties":{"d":"2026-10-08","t":"0349","frp":26.7,"b":367.0,"c":2,"s":"N21","n":0}},{"type":"Feature","geometry":{"type":"Point","coordinates":[136.3824,-12.3587]},"properties":{"d":"2026-10-08","t":"0349","frp":10.7,"b":335.3,"c":1,"s":"N21","n":0}},{"type":"Feature","geometry":{"type":"Point","coordinates":[136.3857,-12.3583]},"properties":{"d":"2026-10-08","t":"0349","frp":10.7,"b":367.0,"c":2,"s":"N21","n":0}},{"type":"Feature","geometry":{"type":"Point","coordinates":[136.3852,-12.3529]},"properties":{"d":"2026-10-08","t":"0349","frp":5.1,"b":332.3,"c":1,"s":"N21","n":0}},{"type":"Feature","geometry":{"type":"Point","coordinates":[136.3812,-12.3479]},"properties":{"d":"2026-10-08","t":"0349","frp":5.1,"b":354.2,"c":1,"s":"N21","n":0}},{"type":"Feature","geometry":{"type":"Point","coordinates":[136.3846,-12.3475]},"properties":{"d":"2026-10-08","t":"0349","frp":5.1,"b":337.0,"c":1,"s":"N21","n":0}},{"type":"Feature","geometry":{"type":"Point","coordinates":[136.3819,-12.3442]},"properties":{"d":"2026-10-08","t":"0349","frp":4.3,"b":333.2,"c":0,"s":"N21","n":0}},{"type":"Feature","geometry":{"type":"Point","coordinates":[136.3779,-12.3392]},"properties":{"d":"2026-10-08","t":"0349","frp":4.3,"b":339.6,"c":1,"s":"N21","n":0}},{"type":"Feature","geometry":{"type":"Point","coordinates":[136.3813,-12.3388]},"properties":{"d":"2026-10-08","t":"0349","frp":4.3,"b":348.7,"c":1,"s":"N21","n":0}},{"type":"Feature","geometry":{"type":"Point","coordinates":[136.3765,-12.3376]},"properties":{"d":"2026-10-08","t":"0349","frp":9.0,"b":345.5,"c":1,"s":"N21","n":0}},{"type":"Feature","geometry":{"type":"Point","coordinates":[136.3799,-12.3372]},"properties":{"d":"2026-10-08","t":"0349","frp":10.6,"b":338.5,"c":1,"s":"N21","n":0}},{"type":"Feature","geometry":{"type":"Point","coordinates":[136.3513,-12.3297]},"properties":{"d":"2026-10-08","t":"0349","frp":5.1,"b":349.0,"c":1,"s":"N21","n":0}},{"type":"Feature","geometry":{"type":"Point","coordinates":[136.37,-12.3294]},"properties":{"d":"2026-10-08","t":"0349","frp":6.9,"b":335.7,"c":1,"s":"N21","n":0}},{"type":"Feature","geometry":{"type":"Point","coordinates":[136.3486,-12.3266]},"properties":{"d":"2026-10-08","t":"0349","frp":4.2,"b":336.1,"c":1,"s":"N21","n":0}},{"type":"Feature","geometry":{"type":"Point","coordinates":[136.3521,-12.3262]},"properties":{"d":"2026-10-08","t":"0349","frp":4.2,"b":338.7,"c":1,"s":"N21","n":0}},{"type":"Feature","geometry":{"type":"Point","coordinates":[136.3624,-12.3249]},"properties":{"d":"2026-10-08","t":"0349","frp":5.5,"b":348.0,"c":1,"s":"N21","n":0}},{"type":"Feature","geometry":{"type":"Point","coordinates":[133.0228,-12.3242]},"properties":{"d":"2026-10-08","t":"0349","frp":11.1,"b":330.9,"c":1,"s":"N21","n":0}},{"type":"Feature","geometry":{"type":"Point","coordinates":[136.3445,-12.3217]},"properties":{"d":"2026-10-08","t":"0349","frp":7.4,"b":336.9,"c":1,"s":"N21","n":0}},{"type":"Feature","geometry":{"type":"Point","coordinates":[133.0182,-12.3196]},"properties":{"d":"2026-10-08","t":"0349","frp":16.6,"b":344.3,"c":1,"s":"N21","n":0}},{"type":"Feature","geometry":{"type":"Point","coordinates":[136.337,-12.3171]},"properties":{"d":"2026-10-08","t":"0349","frp":4.1,"b":334.5,"c":1,"s":"N21","n":0}},{"type":"Feature","geometry":{"type":"Point","coordinates":[136.3404,-12.3167]},"properties":{"d":"2026-10-08","t":"0349","frp":5.0,"b":333.9,"c":1,"s":"N21","n":0}},{"type":"Feature","geometry":{"type":"Point","coordinates":[136.3439,-12.3163]},"properties":{"d":"2026-10-08","t":"0349","frp":5.0,"b":346.7,"c":1,"s":"N21","n":0}},{"type":"Feature","geometry":{"type":"Point","coordinates":[132.9866,-12.2964]},"properties":{"d":"2026-10-08","t":"0349","frp":17.6,"b":344.2,"c":1,"s":"N21","n":0}},{"type":"Feature","geometry":{"type":"Point","coordinates":[132.9729,-12.296]},"properties":{"d":"2026-10-08","t":"0349","frp":19.2,"b":341.8,"c":1,"s":"N21","n":0}},{"type":"Feature","geometry":{"type":"Point","coordinates":[132.9845,-12.2948]},"properties":{"d":"2026-10-08","t":"0349","frp":23.8,"b":345.7,"c":1,"s":"N21","n":0}},{"type":"Feature","geometry":{"type":"Point","coordinates":[132.9743,-12.2911]},"properties":{"d":"2026-10-08","t":"0349","frp":29.2,"b":367.0,"c":2,"s":"N21","n":0}},{"type":"Feature","geometry":{"type":"Point","coordinates":[132.9801,-12.2904]},"properties":{"d":"2026-10-08","t":"0349","frp":29.2,"b":367.0,"c":2,"s":"N21","n":0}},{"type":"Feature","geometry":{"type":"Point","coordinates":[132.986,-12.2897]},"properties":{"d":"2026-10-08","t":"0349","frp":17.4,"b":345.2,"c":1,"s":"N21","n":0}},{"type":"Feature","geometry":{"type":"Point","coordinates":[136.7801,-12.2897]},"properties":{"d":"2026-10-08","t":"0349","frp":2.8,"b":331.4,"c":1,"s":"N21","n":0}},{"type":"Feature","geometry":{"type":"Point","coordinates":[132.9722,-12.2894]},"properties":{"d":"2026-10-08","t":"0349","frp":21.0,"b":347.8,"c":1,"s":"N21","n":0}},{"type":"Feature","geometry":{"type":"Point","coordinates":[132.978,-12.2887]},"properties":{"d":"2026-10-08","t":"0349","frp":21.0,"b":367.0,"c":2,"s":"N21","n":0}},{"type":"Feature","geometry":{"type":"Point","coordinates":[132.9839,-12.2881]},"properties":{"d":"2026-10-08","t":"0349","frp":17.8,"b":343.0,"c":1,"s":"N21","n":0}},{"type":"Feature","geometry":{"type":"Point","coordinates":[136.8245,-12.2248]},"properties":{"d":"2026-10-08","t":"0349","frp":10.3,"b":345.0,"c":1,"s":"N21","n":0}},{"type":"Feature","geometry":{"type":"Point","coordinates":[136.8277,-12.2244]},"properties":{"d":"2026-10-08","t":"0349","frp":10.3,"b":367.0,"c":2,"s":"N21","n":0}},{"type":"Feature","geometry":{"type":"Point","coordinates":[135.803,-12.2198]},"properties":{"d":"2026-10-08","t":"0349","frp":6.3,"b":330.5,"c":1,"s":"N21","n":0}},{"type":"Feature","geometry":{"type":"Point","coordinates":[135.8067,-12.2194]},"properties":{"d":"2026-10-08","t":"0349","frp":12.0,"b":348.5,"c":1,"s":"N21","n":0}},{"type":"Feature","geometry":{"type":"Point","coordinates":[136.8269,-12.2193]},"properties":{"d":"2026-10-08","t":"0349","frp":10.3,"b":332.7,"c":1,"s":"N21","n":0}},{"type":"Feature","geometry":{"type":"Point","coordinates":[135.8104,-12.2189]},"properties":{"d":"2026-10-08","t":"0349","frp":12.0,"b":367.0,"c":2,"s":"N21","n":0}},{"type":"Feature","geometry":{"type":"Point","coordinates":[135.806,-12.2138]},"properties":{"d":"2026-10-08","t":"0349","frp":12.0,"b":342.6,"c":1,"s":"N21","n":0}},{"type":"Feature","geometry":{"type":"Point","coordinates":[135.8097,-12.2134]},"properties":{"d":"2026-10-08","t":"0349","frp":12.0,"b":352.1,"c":1,"s":"N21","n":0}},{"type":"Feature","geometry":{"type":"Point","coordinates":[134.22,-12.1408]},"properties":{"d":"2026-10-08","t":"0349","frp":3.1,"b":338.3,"c":1,"s":"N21","n":0}},{"type":"Feature","geometry":{"type":"Point","coordinates":[134.2196,-12.1346]},"properties":{"d":"2026-10-08","t":"0349","frp":34.7,"b":343.6,"c":1,"s":"N21","n":0}},{"type":"Feature","geometry":{"type":"Point","coordinates":[134.2243,-12.1341]},"properties":{"d":"2026-10-08","t":"0349","frp":45.1,"b":367.0,"c":2,"s":"N21","n":0}},{"type":"Feature","geometry":{"type":"Point","coordinates":[134.2189,-12.1285]},"properties":{"d":"2026-10-08","t":"0349","frp":34.7,"b":346.4,"c":1,"s":"N21","n":0}},{"type":"Feature","geometry":{"type":"Point","coordinates":[134.2237,-12.1279]},"properties":{"d":"2026-10-08","t":"0349","frp":45.1,"b":349.9,"c":1,"s":"N21","n":0}},{"type":"Feature","geometry":{"type":"Point","coordinates":[134.2859,-12.0835]},"properties":{"d":"2026-10-08","t":"0349","frp":5.4,"b":341.7,"c":1,"s":"N21","n":0}},{"type":"Feature","geometry":{"type":"Point","coordinates":[141.8336,-12.0674]},"properties":{"d":"2026-10-08","t":"0349","frp":8.8,"b":354.6,"c":1,"s":"N21","n":0}},{"type":"Feature","geometry":{"type":"Point","coordinates":[141.8331,-12.0637]},"properties":{"d":"2026-10-08","t":"0349","frp":8.8,"b":334.0,"c":0,"s":"N21","n":0}},{"type":"Feature","geometry":{"type":"Point","coordinates":[141.8416,-12.0587]},"properties":{"d":"2026-10-08","t":"0349","frp":20.9,"b":341.1,"c":0,"s":"N21","n":0}},{"type":"Feature","geometry":{"type":"Point","coordinates":[141.8387,-12.0571]},"properties":{"d":"2026-10-08","t":"0349","frp":12.9,"b":345.6,"c":1,"s":"N21","n":0}},{"type":"Feature","geometry":{"type":"Point","coordinates":[141.8432,-12.0565]},"properties":{"d":"2026-10-08","t":"0349","frp":6.4,"b":336.3,"c":0,"s":"N21","n":0}},{"type":"Feature","geometry":{"type":"Point","coordinates":[141.8477,-12.0558]},"properties":{"d":"2026-10-08","t":"0349","frp":6.4,"b":336.2,"c":0,"s":"N21","n":0}},{"type":"Feature","geometry":{"type":"Point","coordinates":[135.7181,-11.9773]},"properties":{"d":"2026-10-08","t":"0349","frp":6.7,"b":335.6,"c":1,"s":"N21","n":0}},{"type":"Feature","geometry":{"type":"Point","coordinates":[135.7197,-11.9721]},"properties":{"d":"2026-10-08","t":"0349","frp":12.5,"b":337.5,"c":1,"s":"N21","n":0}},{"type":"Feature","geometry":{"type":"Point","coordinates":[135.7189,-11.9665]},"properties":{"d":"2026-10-08","t":"0349","frp":9.8,"b":339.0,"c":1,"s":"N21","n":0}},{"type":"Feature","geometry":{"type":"Point","coordinates":[135.7226,-11.9661]},"properties":{"d":"2026-10-08","t":"0349","frp":6.7,"b":335.1,"c":1,"s":"N21","n":0}},{"type":"Feature","geometry":{"type":"Point","coordinates":[141.9617,-11.9199]},"properties":{"d":"2026-10-08","t":"0349","frp":2.4,"b":331.7,"c":0,"s":"N21","n":0}},{"type":"Feature","geometry":{"type":"Point","coordinates":[141.9518,-11.9138]},"properties":{"d":"2026-10-08","t":"0349","frp":6.7,"b":339.0,"c":0,"s":"N21","n":0}},{"type":"Feature","geometry":{"type":"Point","coordinates":[142.6047,-11.8483]},"properties":{"d":"2026-10-08","t":"0349","frp":16.0,"b":337.0,"c":0,"s":"N21","n":0}},{"type":"Feature","geometry":{"type":"Point","coordinates":[142.6088,-11.8478]},"properties":{"d":"2026-10-08","t":"0349","frp":16.0,"b":353.4,"c":1,"s":"N21","n":0}},{"type":"Feature","geometry":{"type":"Point","coordinates":[142.613,-11.8472]},"properties":{"d":"2026-10-08","t":"0349","frp":16.4,"b":367.0,"c":2,"s":"N21","n":0}},{"type":"Feature","geometry":{"type":"Point","coordinates":[142.6171,-11.8466]},"properties":{"d":"2026-10-08","t":"0349","frp":16.4,"b":367.0,"c":2,"s":"N21","n":0}},{"type":"Feature","geometry":{"type":"Point","coordinates":[142.6213,-11.846]},"properties":{"d":"2026-10-08","t":"0349","frp":12.4,"b":367.0,"c":2,"s":"N21","n":0}},{"type":"Feature","geometry":{"type":"Point","coordinates":[142.6254,-11.8454]},"properties":{"d":"2026-10-08","t":"0349","frp":12.4,"b":367.0,"c":2,"s":"N21","n":0}},{"type":"Feature","geometry":{"type":"Point","coordinates":[142.6001,-11.8453]},"properties":{"d":"2026-10-08","t":"0349","frp":77.5,"b":347.3,"c":0,"s":"N21","n":0}},{"type":"Feature","geometry":{"type":"Point","coordinates":[142.6295,-11.8448]},"properties":{"d":"2026-10-08","t":"0349","frp":11.2,"b":367.0,"c":2,"s":"N21","n":0}},{"type":"Feature","geometry":{"type":"Point","coordinates":[142.6336,-11.8443]},"properties":{"d":"2026-10-08","t":"0349","frp":11.2,"b":355.6,"c":1,"s":"N21","n":0}},{"type":"Feature","geometry":{"type":"Point","coordinates":[142.6378,-11.8437]},"properties":{"d":"2026-10-08","t":"0349","frp":10.1,"b":345.5,"c":1,"s":"N21","n":0}},{"type":"Feature","geometry":{"type":"Point","coordinates":[142.6125,-11.8436]},"properties":{"d":"2026-10-08","t":"0349","frp":7.9,"b":336.3,"c":1,"s":"N21","n":0}},{"type":"Feature","geometry":{"type":"Point","coordinates":[142.5995,-11.8418]},"properties":{"d":"2026-10-08","t":"0349","frp":77.5,"b":367.0,"c":2,"s":"N21","n":0}},{"type":"Feature","geometry":{"type":"Point","coordinates":[142.6583,-11.8408]},"properties":{"d":"2026-10-08","t":"0349","frp":8.7,"b":341.4,"c":1,"s":"N21","n":0}},{"type":"Feature","geometry":{"type":"Point","coordinates":[142.6624,-11.8402]},"properties":{"d":"2026-10-08","t":"0349","frp":3.3,"b":331.4,"c":0,"s":"N21","n":0}},{"type":"Feature","geometry":{"type":"Point","coordinates":[142.6367,-11.8366]},"properties":{"d":"2026-10-08","t":"0349","frp":8.0,"b":348.2,"c":1,"s":"N21","n":0}},{"type":"Feature","geometry":{"type":"Point","coordinates":[142.6367,-11.8337]},"properties":{"d":"2026-10-08","t":"0349","frp":7.5,"b":346.7,"c":1,"s":"N21","n":0}},{"type":"Feature","geometry":{"type":"Point","coordinates":[142.6362,-11.833]},"properties":{"d":"2026-10-08","t":"0349","frp":13.8,"b":346.7,"c":1,"s":"N21","n":0}},{"type":"Feature","geometry":{"type":"Point","coordinates":[142.6654,-11.8325]},"properties":{"d":"2026-10-08","t":"0349","frp":8.0,"b":335.3,"c":0,"s":"N21","n":0}},{"type":"Feature","geometry":{"type":"Point","coordinates":[142.6695,-11.832]},"properties":{"d":"2026-10-08","t":"0349","frp":16.8,"b":350.6,"c":1,"s":"N21","n":0}},{"type":"Feature","geometry":{"type":"Point","coordinates":[142.5986,-11.832]},"properties":{"d":"2026-10-08","t":"0349","frp":4.8,"b":332.8,"c":0,"s":"N21","n":0}},{"type":"Feature","geometry":{"type":"Point","coordinates":[142.6238,-11.8319]},"properties":{"d":"2026-10-08","t":"0349","frp":14.0,"b":351.1,"c":0,"s":"N21","n":0}},{"type":"Feature","geometry":{"type":"Point","coordinates":[142.6279,-11.8313]},"properties":{"d":"2026-10-08","t":"0349","frp":10.4,"b":352.9,"c":0,"s":"N21","n":0}},{"type":"Feature","geometry":{"type":"Point","coordinates":[142.6233,-11.8312]},"properties":{"d":"2026-10-08","t":"0349","frp":16.4,"b":367.0,"c":2,"s":"N21","n":0}},{"type":"Feature","geometry":{"type":"Point","coordinates":[142.5815,-11.8308]},"properties":{"d":"2026-10-08","t":"0349","frp":322.6,"b":349.2,"c":0,"s":"N21","n":0}},{"type":"Feature","geometry":{"type":"Point","coordinates":[142.6068,-11.8308]},"properties":{"d":"2026-10-08","t":"0349","frp":8.8,"b":344.2,"c":0,"s":"N21","n":0}},{"type":"Feature","geometry":{"type":"Point","coordinates":[142.632,-11.8307]},"properties":{"d":"2026-10-08","t":"0349","frp":10.4,"b":353.3,"c":1,"s":"N21","n":0}},{"type":"Feature","geometry":{"type":"Point","coordinates":[142.6274,-11.8306]},"properties":{"d":"2026-10-08","t":"0349","frp":10.0,"b":351.7,"c":1,"s":"N21","n":0}},{"type":"Feature","geometry":{"type":"Point","coordinates":[142.5856,-11.8302]},"properties":{"d":"2026-10-08","t":"0349","frp":30.1,"b":349.4,"c":0,"s":"N21","n":0}},{"type":"Feature","geometry":{"type":"Point","coordinates":[142.6362,-11.8301]},"properties":{"d":"2026-10-08","t":"0349","frp":7.5,"b":335.5,"c":1,"s":"N21","n":0}},{"type":"Feature","geometry":{"type":"Point","coordinates":[142.6316,-11.83]},"properties":{"d":"2026-10-08","t":"0349","frp":10.0,"b":354.3,"c":1,"s":"N21","n":0}},{"type":"Feature","geometry":{"type":"Point","coordinates":[142.6695,-11.8289]},"properties":{"d":"2026-10-08","t":"0349","frp":5.7,"b":338.6,"c":1,"s":"N21","n":0}},{"type":"Feature","geometry":{"type":"Point","coordinates":[142.669,-11.8284]},"properties":{"d":"2026-10-08","t":"0349","frp":5.3,"b":331.9,"c":0,"s":"N21","n":0}},{"type":"Feature","geometry":{"type":"Point","coordinates":[142.6485,-11.7993]},"properties":{"d":"2026-10-08","t":"0349","frp":16.8,"b":351.7,"c":1,"s":"N21","n":0}},{"type":"Feature","geometry":{"type":"Point","coordinates":[142.6526,-11.7987]},"properties":{"d":"2026-10-08","t":"0349","frp":16.8,"b":349.6,"c":1,"s":"N21","n":0}},{"type":"Feature","geometry":{"type":"Point","coordinates":[142.3411,-11.1028]},"properties":{"d":"2026-10-08","t":"0349","frp":44.2,"b":332.1,"c":1,"s":"N21","n":0}},{"type":"Feature","geometry":{"type":"Point","coordinates":[142.3453,-11.1022]},"properties":{"d":"2026-10-08","t":"0349","frp":44.2,"b":352.1,"c":1,"s":"N21","n":0}},{"type":"Feature","geometry":{"type":"Point","coordinates":[142.3494,-11.1016]},"properties":{"d":"2026-10-08","t":"0349","frp":28.0,"b":367.0,"c":2,"s":"N21","n":0}},{"type":"Feature","geometry":{"type":"Point","coordinates":[142.3536,-11.101]},"properties":{"d":"2026-10-08","t":"0349","frp":28.0,"b":352.8,"c":1,"s":"N21","n":0}},{"type":"Feature","geometry":{"type":"Point","coordinates":[142.3406,-11.0992]},"properties":{"d":"2026-10-08","t":"0349","frp":44.2,"b":334.7,"c":1,"s":"N21","n":0}},{"type":"Feature","geometry":{"type":"Point","coordinates":[142.3447,-11.0986]},"properties":{"d":"2026-10-08","t":"0349","frp":44.2,"b":367.0,"c":2,"s":"N21","n":0}},{"type":"Feature","geometry":{"type":"Point","coordinates":[142.3489,-11.098]},"properties":{"d":"2026-10-08","t":"0349","frp":28.0,"b":348.8,"c":1,"s":"N21","n":0}},{"type":"Feature","geometry":{"type":"Point","coordinates":[142.3531,-11.0974]},"properties":{"d":"2026-10-08","t":"0349","frp":28.0,"b":346.3,"c":1,"s":"N21","n":0}},{"type":"Feature","geometry":{"type":"Point","coordinates":[142.34,-11.0957]},"properties":{"d":"2026-10-08","t":"0349","frp":41.2,"b":335.2,"c":1,"s":"N21","n":0}},{"type":"Feature","geometry":{"type":"Point","coordinates":[142.3442,-11.0951]},"properties":{"d":"2026-10-08","t":"0349","frp":41.2,"b":340.8,"c":1,"s":"N21","n":0}},{"type":"Feature","geometry":{"type":"Point","coordinates":[142.1979,-11.0572]},"properties":{"d":"2026-10-08","t":"0349","frp":6.5,"b":334.3,"c":0,"s":"N21","n":0}},{"type":"Feature","geometry":{"type":"Point","coordinates":[142.2619,-11.0262]},"properties":{"d":"2026-10-08","t":"0349","frp":8.0,"b":347.2,"c":0,"s":"N21","n":0}},{"type":"Feature","geometry":{"type":"Point","coordinates":[142.2572,-11.0232]},"properties":{"d":"2026-10-08","t":"0349","frp":13.1,"b":343.0,"c":0,"s":"N21","n":0}},{"type":"Feature","geometry":{"type":"Point","coordinates":[142.2542,-11.0218]},"properties":{"d":"2026-10-08","t":"0349","frp":7.4,"b":338.5,"c":0,"s":"N21","n":0}},{"type":"Feature","geometry":{"type":"Point","coordinates":[142.1127,-10.9943]},"properties":{"d":"2026-10-08","t":"0349","frp":11.0,"b":350.1,"c":0,"s":"N21","n":0}},{"type":"Feature","geometry":{"type":"Point","coordinates":[142.4338,-10.9192]},"properties":{"d":"2026-10-08","t":"0349","frp":7.7,"b":336.2,"c":0,"s":"N21","n":0}},{"type":"Feature","geometry":{"type":"Point","coordinates":[142.4414,-10.9145]},"properties":{"d":"2026-10-08","t":"0349","frp":4.7,"b":332.3,"c":0,"s":"N21","n":0}},{"type":"Feature","geometry":{"type":"Point","coordinates":[142.4409,-10.9109]},"properties":{"d":"2026-10-08","t":"0349","frp":4.7,"b":343.5,"c":1,"s":"N21","n":0}},{"type":"Feature","geometry":{"type":"Point","coordinates":[142.4404,-10.9073]},"properties":{"d":"2026-10-08","t":"0349","frp":6.3,"b":336.7,"c":1,"s":"N21","n":0}},{"type":"Feature","geometry":{"type":"Point","coordinates":[142.4358,-10.9043]},"properties":{"d":"2026-10-08","t":"0349","frp":15.8,"b":350.9,"c":1,"s":"N21","n":0}},{"type":"Feature","geometry":{"type":"Point","coordinates":[142.4399,-10.9038]},"properties":{"d":"2026-10-08","t":"0349","frp":6.3,"b":334.1,"c":0,"s":"N21","n":0}},{"type":"Feature","geometry":{"type":"Point","coordinates":[142.2879,-10.203]},"properties":{"d":"2026-10-08","t":"0349","frp":10.4,"b":344.5,"c":1,"s":"N21","n":0}},{"type":"Feature","geometry":{"type":"Point","coordinates":[151.0786,-10.1113]},"properties":{"d":"2026-10-08","t":"0349","frp":3.8,"b":339.4,"c":1,"s":"N21","n":0}},{"type":"Feature","geometry":{"type":"Point","coordinates":[148.0122,-10.1024]},"properties":{"d":"2026-10-08","t":"0349","frp":5.5,"b":331.2,"c":1,"s":"N21","n":0}},{"type":"Feature","geometry":{"type":"Point","coordinates":[148.0024,-10.093]},"properties":{"d":"2026-10-08","t":"0349","frp":10.0,"b":335.1,"c":1,"s":"N21","n":0}},{"type":"Feature","geometry":{"type":"Point","coordinates":[148.1877,-10.0704]},"properties":{"d":"2026-10-08","t":"0349","frp":4.1,"b":330.2,"c":1,"s":"N21","n":0}},{"type":"Feature","geometry":{"type":"Point","coordinates":[147.7986,-9.9551]},"properties":{"d":"2026-10-08","t":"0349","frp":4.1,"b":333.7,"c":1,"s":"N21","n":0}},{"type":"Feature","geometry":{"type":"Point","coordinates":[147.9725,-9.938]},"properties":{"d":"2026-10-08","t":"0349","frp":5.2,"b":332.0,"c":1,"s":"N21","n":0}},{"type":"Feature","geometry":{"type":"Point","coordinates":[147.7579,-9.857]},"properties":{"d":"2026-10-08","t":"0349","frp":4.1,"b":334.3,"c":1,"s":"N21","n":0}},{"type":"Feature","geometry":{"type":"Point","coordinates":[147.7588,-9.8561]},"properties":{"d":"2026-10-08","t":"0349","frp":4.3,"b":332.1,"c":1,"s":"N21","n":0}},{"type":"Feature","geometry":{"type":"Point","coordinates":[149.3114,-9.8516]},"properties":{"d":"2026-10-08","t":"0349","frp":15.0,"b":342.0,"c":1,"s":"N21","n":0}},{"type":"Feature","geometry":{"type":"Point","coordinates":[150.8556,-9.8496]},"properties":{"d":"2026-10-08","t":"0349","frp":5.9,"b":340.0,"c":1,"s":"N21","n":0}},{"type":"Feature","geometry":{"type":"Point","coordinates":[149.8618,-9.7589]},"properties":{"d":"2026-10-08","t":"0349","frp":2.9,"b":333.5,"c":1,"s":"N21","n":0}},{"type":"Feature","geometry":{"type":"Point","coordinates":[147.9971,-9.7491]},"properties":{"d":"2026-10-08","t":"0349","frp":4.7,"b":331.9,"c":1,"s":"N21","n":0}},{"type":"Feature","geometry":{"type":"Point","coordinates":[147.5461,-9.7452]},"properties":{"d":"2026-10-08","t":"0349","frp":4.2,"b":334.1,"c":1,"s":"N21","n":0}},{"type":"Feature","geometry":{"type":"Point","coordinates":[147.5501,-9.7446]},"properties":{"d":"2026-10-08","t":"0349","frp":6.9,"b":341.2,"c":1,"s":"N21","n":0}},{"type":"Feature","geometry":{"type":"Point","coordinates":[149.9107,-9.7384]},"properties":{"d":"2026-10-08","t":"0349","frp":8.4,"b":336.6,"c":1,"s":"N21","n":0}},{"type":"Feature","geometry":{"type":"Point","coordinates":[148.5255,-9.7003]},"properties":{"d":"2026-10-08","t":"0349","frp":9.1,"b":349.9,"c":1,"s":"N21","n":0}},{"type":"Feature","geometry":{"type":"Point","coordinates":[148.5251,-9.6967]},"properties":{"d":"2026-10-08","t":"0349","frp":9.1,"b":341.3,"c":1,"s":"N21","n":0}},{"type":"Feature","geometry":{"type":"Point","coordinates":[148.6868,-9.6629]},"properties":{"d":"2026-10-08","t":"0349","frp":5.6,"b":332.9,"c":1,"s":"N21","n":0}},{"type":"Feature","geometry":{"type":"Point","coordinates":[151.0339,-9.6491]},"properties":{"d":"2026-10-08","t":"0349","frp":2.1,"b":332.6,"c":1,"s":"N21","n":0}},{"type":"Feature","geometry":{"type":"Point","coordinates":[150.4951,-9.5972]},"properties":{"d":"2026-10-08","t":"0349","frp":11.8,"b":349.2,"c":1,"s":"N21","n":0}},{"type":"Feature","geometry":{"type":"Point","coordinates":[147.764,-9.5654]},"properties":{"d":"2026-10-08","t":"0349","frp":5.1,"b":333.0,"c":1,"s":"N21","n":0}},{"type":"Feature","geometry":{"type":"Point","coordinates":[147.2188,-9.5061]},"properties":{"d":"2026-10-08","t":"0349","frp":16.6,"b":340.0,"c":1,"s":"N21","n":0}},{"type":"Feature","geometry":{"type":"Point","coordinates":[148.3396,-9.4644]},"properties":{"d":"2026-10-08","t":"0349","frp":6.5,"b":335.9,"c":1,"s":"N21","n":0}},{"type":"Feature","geometry":{"type":"Point","coordinates":[148.3439,-9.4637]},"properties":{"d":"2026-10-08","t":"0349","frp":6.5,"b":337.9,"c":1,"s":"N21","n":0}},{"type":"Feature","geometry":{"type":"Point","coordinates":[148.3481,-9.463]},"properties":{"d":"2026-10-08","t":"0349","frp":5.9,"b":337.0,"c":1,"s":"N21","n":0}},{"type":"Feature","geometry":{"type":"Point","coordinates":[148.3522,-9.4623]},"properties":{"d":"2026-10-08","t":"0349","frp":5.9,"b":335.7,"c":1,"s":"N21","n":0}},{"type":"Feature","geometry":{"type":"Point","coordinates":[148.3431,-9.4601]},"properties":{"d":"2026-10-08","t":"0349","frp":98.7,"b":351.5,"c":1,"s":"N21","n":0}},{"type":"Feature","geometry":{"type":"Point","coordinates":[148.791,-9.4168]},"properties":{"d":"2026-10-08","t":"0349","frp":9.1,"b":337.9,"c":1,"s":"N21","n":0}},{"type":"Feature","geometry":{"type":"Point","coordinates":[147.3832,-9.409]},"properties":{"d":"2026-10-08","t":"0349","frp":7.9,"b":338.1,"c":1,"s":"N21","n":0}},{"type":"Feature","geometry":{"type":"Point","coordinates":[148.7183,-9.3944]},"properties":{"d":"2026-10-08","t":"0349","frp":17.8,"b":351.9,"c":1,"s":"N21","n":0}},{"type":"Feature","geometry":{"type":"Point","coordinates":[148.777,-9.3885]},"properties":{"d":"2026-10-08","t":"0349","frp":4.9,"b":332.5,"c":1,"s":"N21","n":0}},{"type":"Feature","geometry":{"type":"Point","coordinates":[147.4186,-9.3819]},"properties":{"d":"2026-10-08","t":"0349","frp":7.3,"b":338.2,"c":1,"s":"N21","n":0}},{"type":"Feature","geometry":{"type":"Point","coordinates":[147.4225,-9.3813]},"properties":{"d":"2026-10-08","t":"0349","frp":7.3,"b":332.4,"c":1,"s":"N21","n":0}},{"type":"Feature","geometry":{"type":"Point","coordinates":[147.4181,-9.3785]},"properties":{"d":"2026-10-08","t":"0349","frp":6.5,"b":339.4,"c":1,"s":"N21","n":0}},{"type":"Feature","geometry":{"type":"Point","coordinates":[147.422,-9.3778]},"properties":{"d":"2026-10-08","t":"0349","frp":6.5,"b":340.0,"c":1,"s":"N21","n":0}},{"type":"Feature","geometry":{"type":"Point","coordinates":[147.3303,-9.3692]},"properties":{"d":"2026-10-08","t":"0349","frp":3.7,"b":332.5,"c":1,"s":"N21","n":0}},{"type":"Feature","geometry":{"type":"Point","coordinates":[147.334,-9.3686]},"properties":{"d":"2026-10-08","t":"0349","frp":3.7,"b":331.2,"c":1,"s":"N21","n":0}},{"type":"Feature","geometry":{"type":"Point","coordinates":[147.3375,-9.3645]},"properties":{"d":"2026-10-08","t":"0349","frp":2.7,"b":333.5,"c":1,"s":"N21","n":0}},{"type":"Feature","geometry":{"type":"Point","coordinates":[147.1689,-9.2893]},"properties":{"d":"2026-10-08","t":"0349","frp":3.3,"b":335.4,"c":1,"s":"N21","n":0}},{"type":"Feature","geometry":{"type":"Point","coordinates":[142.5791,-9.2822]},"properties":{"d":"2026-10-08","t":"0349","frp":6.5,"b":335.9,"c":0,"s":"N21","n":0}},{"type":"Feature","geometry":{"type":"Point","coordinates":[142.5781,-9.2752]},"properties":{"d":"2026-10-08","t":"0349","frp":5.8,"b":336.9,"c":0,"s":"N21","n":0}},{"type":"Feature","geometry":{"type":"Point","coordinates":[148.9147,-9.2492]},"properties":{"d":"2026-10-08","t":"0349","frp":6.0,"b":332.1,"c":0,"s":"N21","n":0}},{"type":"Feature","geometry":{"type":"Point","coordinates":[147.344,-9.2297]},"properties":{"d":"2026-10-08","t":"0349","frp":6.5,"b":337.1,"c":1,"s":"N21","n":0}},{"type":"Feature","geometry":{"type":"Point","coordinates":[147.0048,-9.2133]},"properties":{"d":"2026-10-08","t":"0349","frp":6.2,"b":335.5,"c":1,"s":"N21","n":0}},{"type":"Feature","geometry":{"type":"Point","coordinates":[147.0086,-9.2127]},"properties":{"d":"2026-10-08","t":"0349","frp":5.4,"b":334.8,"c":1,"s":"N21","n":0}},{"type":"Feature","geometry":{"type":"Point","coordinates":[142.4453,-9.2111]},"properties":{"d":"2026-10-08","t":"0349","frp":4.0,"b":333.4,"c":1,"s":"N21","n":0}},{"type":"Feature","geometry":{"type":"Point","coordinates":[147.008,-9.2093]},"properties":{"d":"2026-10-08","t":"0349","frp":2.6,"b":333.7,"c":1,"s":"N21","n":0}},{"type":"Feature","geometry":{"type":"Point","coordinates":[142.4447,-9.2076]},"properties":{"d":"2026-10-08","t":"0349","frp":7.0,"b":346.6,"c":1,"s":"N21","n":0}},{"type":"Feature","geometry":{"type":"Point","coordinates":[142.4487,-9.207]},"properties":{"d":"2026-10-08","t":"0349","frp":7.0,"b":332.2,"c":1,"s":"N21","n":0}},{"type":"Feature","geometry":{"type":"Point","coordinates":[148.5812,-9.207]},"properties":{"d":"2026-10-08","t":"0349","frp":5.0,"b":340.6,"c":1,"s":"N21","n":0}},{"type":"Feature","geometry":{"type":"Point","coordinates":[142.4442,-9.2041]},"properties":{"d":"2026-10-08","t":"0349","frp":7.0,"b":340.2,"c":1,"s":"N21","n":0}},{"type":"Feature","geometry":{"type":"Point","coordinates":[142.4437,-9.2006]},"properties":{"d":"2026-10-08","t":"0349","frp":4.0,"b":331.0,"c":0,"s":"N21","n":0}},{"type":"Feature","geometry":{"type":"Point","coordinates":[142.5788,-9.1987]},"properties":{"d":"2026-10-08","t":"0349","frp":3.8,"b":337.4,"c":1,"s":"N21","n":0}},{"type":"Feature","geometry":{"type":"Point","coordinates":[142.5783,-9.1952]},"properties":{"d":"2026-10-08","t":"0349","frp":3.9,"b":335.7,"c":1,"s":"N21","n":0}},{"type":"Feature","geometry":{"type":"Point","coordinates":[142.5701,-9.1928]},"properties":{"d":"2026-10-08","t":"0349","frp":2.5,"b":332.8,"c":1,"s":"N21","n":0}},{"type":"Feature","geometry":{"type":"Point","coordinates":[142.5501,-9.1922]},"properties":{"d":"2026-10-08","t":"0349","frp":7.8,"b":340.2,"c":0,"s":"N21","n":0}},{"type":"Feature","geometry":{"type":"Point","coordinates":[142.554,-9.1916]},"properties":{"d":"2026-10-08","t":"0349","frp":5.9,"b":340.6,"c":0,"s":"N21","n":0}},{"type":"Feature","geometry":{"type":"Point","coordinates":[142.538,-9.1904]},"properties":{"d":"2026-10-08","t":"0349","frp":9.4,"b":344.9,"c":0,"s":"N21","n":0}},{"type":"Feature","geometry":{"type":"Point","coordinates":[142.5419,-9.1898]},"properties":{"d":"2026-10-08","t":"0349","frp":9.4,"b":348.2,"c":1,"s":"N21","n":0}},{"type":"Feature","geometry":{"type":"Point","coordinates":[142.5933,-9.1894]},"properties":{"d":"2026-10-08","t":"0349","frp":4.9,"b":331.6,"c":0,"s":"N21","n":0}},{"type":"Feature","geometry":{"type":"Point","coordinates":[142.5457,-9.1893]},"properties":{"d":"2026-10-08","t":"0349","frp":7.8,"b":344.3,"c":1,"s":"N21","n":0}},{"type":"Feature","geometry":{"type":"Point","coordinates":[142.5258,-9.1886]},"properties":{"d":"2026-10-08","t":"0349","frp":4.7,"b":335.2,"c":0,"s":"N21","n":0}},{"type":"Feature","geometry":{"type":"Point","coordinates":[142.5297,-9.1881]},"properties":{"d":"2026-10-08","t":"0349","frp":13.7,"b":345.7,"c":1,"s":"N21","n":0}},{"type":"Feature","geometry":{"type":"Point","coordinates":[142.5336,-9.1875]},"properties":{"d":"2026-10-08","t":"0349","frp":13.7,"b":351.6,"c":1,"s":"N21","n":0}},{"type":"Feature","geometry":{"type":"Point","coordinates":[142.5889,-9.1865]},"properties":{"d":"2026-10-08","t":"0349","frp":10.2,"b":344.0,"c":1,"s":"N21","n":0}},{"type":"Feature","geometry":{"type":"Point","coordinates":[142.5175,-9.1863]},"properties":{"d":"2026-10-08","t":"0349","frp":6.9,"b":345.3,"c":0,"s":"N21","n":0}},{"type":"Feature","geometry":{"type":"Point","coordinates":[142.5214,-9.1857]},"properties":{"d":"2026-10-08","t":"0349","frp":4.7,"b":345.3,"c":1,"s":"N21","n":0}},{"type":"Feature","geometry":{"type":"Point","coordinates":[142.6676,-9.1856]},"properties":{"d":"2026-10-08","t":"0349","frp":3.1,"b":331.2,"c":1,"s":"N21","n":0}},{"type":"Feature","geometry":{"type":"Point","coordinates":[147.2857,-9.1856]},"properties":{"d":"2026-10-08","t":"0349","frp":6.4,"b":331.4,"c":1,"s":"N21","n":0}},{"type":"Feature","geometry":{"type":"Point","coordinates":[142.5253,-9.1852]},"properties":{"d":"2026-10-08","t":"0349","frp":4.7,"b":337.7,"c":0,"s":"N21","n":0}},{"type":"Feature","geometry":{"type":"Point","coordinates":[142.5608,-9.1835]},"properties":{"d":"2026-10-08","t":"0349","frp":4.9,"b":330.1,"c":0,"s":"N21","n":0}},{"type":"Feature","geometry":{"type":"Point","coordinates":[147.3325,-9.1816]},"properties":{"d":"2026-10-08","t":"0349","frp":6.3,"b":336.8,"c":1,"s":"N21","n":0}},{"type":"Feature","geometry":{"type":"Point","coordinates":[142.5564,-9.1806]},"properties":{"d":"2026-10-08","t":"0349","frp":10.7,"b":346.3,"c":1,"s":"N21","n":0}},{"type":"Feature","geometry":{"type":"Point","coordinates":[142.5204,-9.1787]},"properties":{"d":"2026-10-08","t":"0349","frp":13.7,"b":342.9,"c":1,"s":"N21","n":0}},{"type":"Feature","geometry":{"type":"Point","coordinates":[147.19,-9.1772]},"properties":{"d":"2026-10-08","t":"0349","frp":4.0,"b":332.3,"c":1,"s":"N21","n":0}},{"type":"Feature","geometry":{"type":"Point","coordinates":[142.5559,-9.1771]},"properties":{"d":"2026-10-08","t":"0349","frp":10.7,"b":333.7,"c":0,"s":"N21","n":0}},{"type":"Feature","geometry":{"type":"Point","coordinates":[142.5598,-9.1766]},"properties":{"d":"2026-10-08","t":"0349","frp":2.7,"b":330.6,"c":0,"s":"N21","n":0}},{"type":"Feature","geometry":{"type":"Point","coordinates":[142.5199,-9.1753]},"properties":{"d":"2026-10-08","t":"0349","frp":12.2,"b":367.0,"c":2,"s":"N21","n":0}},{"type":"Feature","geometry":{"type":"Point","coordinates":[147.1386,-9.1747]},"properties":{"d":"2026-10-08","t":"0349","frp":4.2,"b":331.9,"c":1,"s":"N21","n":0}},{"type":"Feature","geometry":{"type":"Point","coordinates":[142.6265,-9.1739]},"properties":{"d":"2026-10-08","t":"0349","frp":5.0,"b":333.7,"c":1,"s":"N21","n":0}},{"type":"Feature","geometry":{"type":"Point","coordinates":[142.5554,-9.1737]},"properties":{"d":"2026-10-08","t":"0349","frp":10.7,"b":352.7,"c":1,"s":"N21","n":0}},{"type":"Feature","geometry":{"type":"Point","coordinates":[142.5316,-9.1736]},"properties":{"d":"2026-10-08","t":"0349","frp":13.2,"b":334.4,"c":0,"s":"N21","n":0}},{"type":"Feature","geometry":{"type":"Point","coordinates":[142.5354,-9.173]},"properties":{"d":"2026-10-08","t":"0349","frp":12.7,"b":330.5,"c":0,"s":"N21","n":0}},{"type":"Feature","geometry":{"type":"Point","coordinates":[142.5471,-9.1713]},"properties":{"d":"2026-10-08","t":"0349","frp":15.5,"b":350.0,"c":1,"s":"N21","n":0}},{"type":"Feature","geometry":{"type":"Point","coordinates":[142.551,-9.1707]},"properties":{"d":"2026-10-08","t":"0349","frp":13.4,"b":367.0,"c":2,"s":"N21","n":0}},{"type":"Feature","geometry":{"type":"Point","coordinates":[148.8746,-9.1701]},"properties":{"d":"2026-10-08","t":"0349","frp":4.5,"b":332.1,"c":1,"s":"N21","n":0}},{"type":"Feature","geometry":{"type":"Point","coordinates":[142.535,-9.1695]},"properties":{"d":"2026-10-08","t":"0349","frp":12.7,"b":354.1,"c":0,"s":"N21","n":0}},{"type":"Feature","geometry":{"type":"Point","coordinates":[141.5305,-9.1682]},"properties":{"d":"2026-10-08","t":"0349","frp":6.3,"b":336.7,"c":1,"s":"N21","n":0}},{"type":"Feature","geometry":{"type":"Point","coordinates":[141.5321,-9.1678]},"properties":{"d":"2026-10-08","t":"0349","frp":7.4,"b":332.3,"c":0,"s":"N21","n":0}},{"type":"Feature","geometry":{"type":"Point","coordinates":[142.5466,-9.1678]},"properties":{"d":"2026-10-08","t":"0349","frp":15.5,"b":343.6,"c":1,"s":"N21","n":0}},{"type":"Feature","geometry":{"type":"Point","coordinates":[142.5306,-9.1666]},"properties":{"d":"2026-10-08","t":"0349","frp":78.5,"b":367.0,"c":2,"s":"N21","n":0}},{"type":"Feature","geometry":{"type":"Point","coordinates":[141.5272,-9.1648]},"properties":{"d":"2026-10-08","t":"0349","frp":7.4,"b":344.7,"c":1,"s":"N21","n":0}},{"type":"Feature","geometry":{"type":"Point","coordinates":[142.7623,-9.1646]},"properties":{"d":"2026-10-08","t":"0349","frp":10.0,"b":334.6,"c":0,"s":"N21","n":0}},{"type":"Feature","geometry":{"type":"Point","coordinates":[141.5315,-9.1642]},"properties":{"d":"2026-10-08","t":"0349","frp":7.4,"b":332.5,"c":0,"s":"N21","n":0}},{"type":"Feature","geometry":{"type":"Point","coordinates":[141.7428,-9.1641]},"properties":{"d":"2026-10-08","t":"0349","frp":8.7,"b":332.4,"c":0,"s":"N21","n":0}},{"type":"Feature","geometry":{"type":"Point","coordinates":[141.747,-9.1635]},"properties":{"d":"2026-10-08","t":"0349","frp":8.7,"b":350.1,"c":1,"s":"N21","n":0}},{"type":"Feature","geometry":{"type":"Point","coordinates":[148.8688,-9.1633]},"properties":{"d":"2026-10-08","t":"0349","frp":10.8,"b":334.7,"c":1,"s":"N21","n":0}},{"type":"Feature","geometry":{"type":"Point","coordinates":[142.5339,-9.1625]},"properties":{"d":"2026-10-08","t":"0349","frp":79.1,"b":333.2,"c":0,"s":"N21","n":0}},{"type":"Feature","geometry":{"type":"Point","coordinates":[142.8625,-9.1604]},"properties":{"d":"2026-10-08","t":"0349","frp":5.4,"b":332.2,"c":1,"s":"N21","n":0}},{"type":"Feature","geometry":{"type":"Point","coordinates":[147.031,-9.1599]},"properties":{"d":"2026-10-08","t":"0349","frp":4.6,"b":333.6,"c":1,"s":"N21","n":0}},{"type":"Feature","geometry":{"type":"Point","coordinates":[148.8682,-9.1596]},"properties":{"d":"2026-10-08","t":"0349","frp":10.8,"b":337.7,"c":1,"s":"N21","n":0}},{"type":"Feature","geometry":{"type":"Point","coordinates":[148.6791,-9.1583]},"properties":{"d":"2026-10-08","t":"0349","frp":4.7,"b":334.7,"c":1,"s":"N21","n":0}},{"type":"Feature","geometry":{"type":"Point","coordinates":[142.734,-9.1582]},"properties":{"d":"2026-10-08","t":"0349","frp":2.5,"b":333.4,"c":0,"s":"N21","n":0}},{"type":"Feature","geometry":{"type":"Point","coordinates":[142.5722,-9.1534]},"properties":{"d":"2026-10-08","t":"0349","frp":6.7,"b":341.5,"c":1,"s":"N21","n":0}},{"type":"Feature","geometry":{"type":"Point","coordinates":[141.1895,-9.1533]},"properties":{"d":"2026-10-08","t":"0349","frp":6.1,"b":331.8,"c":0,"s":"N21","n":0}},{"type":"Feature","geometry":{"type":"Point","coordinates":[142.5761,-9.1529]},"properties":{"d":"2026-10-08","t":"0349","frp":6.7,"b":348.4,"c":1,"s":"N21","n":0}},{"type":"Feature","geometry":{"type":"Point","coordinates":[142.5756,-9.1494]},"properties":{"d":"2026-10-08","t":"0349","frp":6.7,"b":331.2,"c":0,"s":"N21","n":0}},{"type":"Feature","geometry":{"type":"Point","coordinates":[142.3719,-9.1491]},"properties":{"d":"2026-10-08","t":"0349","frp":2.7,"b":332.4,"c":0,"s":"N21","n":0}},{"type":"Feature","geometry":{"type":"Point","coordinates":[142.8993,-9.148]},"properties":{"d":"2026-10-08","t":"0349","frp":4.9,"b":336.0,"c":0,"s":"N21","n":0}},{"type":"Feature","geometry":{"type":"Point","coordinates":[141.8343,-9.1474]},"properties":{"d":"2026-10-08","t":"0349","frp":6.5,"b":347.1,"c":1,"s":"N21","n":0}},{"type":"Feature","geometry":{"type":"Point","coordinates":[142.9299,-9.147]},"properties":{"d":"2026-10-08","t":"0349","frp":10.1,"b":341.0,"c":1,"s":"N21","n":0}},{"type":"Feature","geometry":{"type":"Point","coordinates":[142.3714,-9.1456]},"properties":{"d":"2026-10-08","t":"0349","frp":17.5,"b":348.1,"c":1,"s":"N21","n":0}},{"type":"Feature","geometry":{"type":"Point","coordinates":[142.9294,-9.1435]},"properties":{"d":"2026-10-08","t":"0349","frp":12.8,"b":349.0,"c":1,"s":"N21","n":0}},{"type":"Feature","geometry":{"type":"Point","coordinates":[142.622,-9.1427]},"properties":{"d":"2026-10-08","t":"0349","frp":22.4,"b":350.5,"c":1,"s":"N21","n":0}},{"type":"Feature","geometry":{"type":"Point","coordinates":[142.3669,-9.1426]},"properties":{"d":"2026-10-08","t":"0349","frp":5.0,"b":333.1,"c":0,"s":"N21","n":0}},{"type":"Feature","geometry":{"type":"Point","coordinates":[148.8559,-9.1424]},"properties":{"d":"2026-10-08","t":"0349","frp":23.6,"b":340.3,"c":1,"s":"N21","n":0}},{"type":"Feature","geometry":{"type":"Point","coordinates":[142.3709,-9.1421]},"properties":{"d":"2026-10-08","t":"0349","frp":17.5,"b":355.6,"c":1,"s":"N21","n":0}},{"type":"Feature","geometry":{"type":"Point","coordinates":[141.6071,-9.142]},"properties":{"d":"2026-10-08","t":"0349","frp":3.2,"b":331.1,"c":0,"s":"N21","n":0}},{"type":"Feature","geometry":{"type":"Point","coordinates":[142.3989,-9.1415]},"properties":{"d":"2026-10-08","t":"0349","frp":11.3,"b":337.9,"c":0,"s":"N21","n":0}},{"type":"Feature","geometry":{"type":"Point","coordinates":[142.3664,-9.1391]},"properties":{"d":"2026-10-08","t":"0349","frp":7.5,"b":336.8,"c":0,"s":"N21","n":0}},{"type":"Feature","geometry":{"type":"Point","coordinates":[142.3704,-9.1386]},"properties":{"d":"2026-10-08","t":"0349","frp":17.0,"b":350.0,"c":1,"s":"N21","n":0}},{"type":"Feature","geometry":{"type":"Point","coordinates":[141.1963,-9.1371]},"properties":{"d":"2026-10-08","t":"0349","frp":17.7,"b":348.7,"c":1,"s":"N21","n":0}},{"type":"Feature","geometry":{"type":"Point","coordinates":[141.9886,-9.1363]},"properties":{"d":"2026-10-08","t":"0349","frp":6.3,"b":334.9,"c":0,"s":"N21","n":0}},{"type":"Feature","geometry":{"type":"Point","coordinates":[142.362,-9.1362]},"properties":{"d":"2026-10-08","t":"0349","frp":7.5,"b":348.2,"c":1,"s":"N21","n":0}},{"type":"Feature","geometry":{"type":"Point","coordinates":[142.3659,-9.1356]},"properties":{"d":"2026-10-08","t":"0349","frp":7.5,"b":350.4,"c":1,"s":"N21","n":0}},{"type":"Feature","geometry":{"type":"Point","coordinates":[142.3699,-9.135]},"properties":{"d":"2026-10-08","t":"0349","frp":17.0,"b":336.7,"c":1,"s":"N21","n":0}},{"type":"Feature","geometry":{"type":"Point","coordinates":[141.1958,-9.1334]},"properties":{"d":"2026-10-08","t":"0349","frp":44.7,"b":341.2,"c":1,"s":"N21","n":0}},{"type":"Feature","geometry":{"type":"Point","coordinates":[142.3614,-9.1327]},"properties":{"d":"2026-10-08","t":"0349","frp":20.1,"b":349.7,"c":1,"s":"N21","n":0}},{"type":"Feature","geometry":{"type":"Point","coordinates":[142.3654,-9.1321]},"properties":{"d":"2026-10-08","t":"0349","frp":20.1,"b":340.3,"c":1,"s":"N21","n":0}},{"type":"Feature","geometry":{"type":"Point","coordinates":[142.3693,-9.1315]},"properties":{"d":"2026-10-08","t":"0349","frp":13.0,"b":333.9,"c":0,"s":"N21","n":0}},{"type":"Feature","geometry":{"type":"Point","coordinates":[141.5794,-9.1311]},"properties":{"d":"2026-10-08","t":"0349","frp":4.3,"b":330.8,"c":0,"s":"N21","n":0}},{"type":"Feature","geometry":{"type":"Point","coordinates":[141.277,-9.1295]},"properties":{"d":"2026-10-08","t":"0349","frp":16.4,"b":343.2,"c":0,"s":"N21","n":0}},{"type":"Feature","geometry":{"type":"Point","coordinates":[142.7142,-9.1293]},"properties":{"d":"2026-10-08","t":"0349","frp":4.0,"b":336.1,"c":1,"s":"N21","n":0}},{"type":"Feature","geometry":{"type":"Point","coordinates":[142.3609,-9.1292]},"properties":{"d":"2026-10-08","t":"0349","frp":20.1,"b":367.0,"c":2,"s":"N21","n":0}},{"type":"Feature","geometry":{"type":"Point","coordinates":[142.5996,-9.126]},"properties":{"d":"2026-10-08","t":"0349","frp":5.3,"b":340.9,"c":0,"s":"N21","n":0}},{"type":"Feature","geometry":{"type":"Point","coordinates":[142.7137,-9.1258]},"properties":{"d":"2026-10-08","t":"0349","frp":7.3,"b":340.0,"c":1,"s":"N21","n":0}},{"type":"Feature","geometry":{"type":"Point","coordinates":[141.2765,-9.1258]},"properties":{"d":"2026-10-08","t":"0349","frp":16.4,"b":340.1,"c":0,"s":"N21","n":0}},{"type":"Feature","geometry":{"type":"Point","coordinates":[142.7175,-9.1253]},"properties":{"d":"2026-10-08","t":"0349","frp":4.0,"b":333.1,"c":1,"s":"N21","n":0}},{"type":"Feature","geometry":{"type":"Point","coordinates":[142.5996,-9.1246]},"properties":{"d":"2026-10-08","t":"0349","frp":4.6,"b":349.0,"c":1,"s":"N21","n":0}},{"type":"Feature","geometry":{"type":"Point","coordinates":[142.6035,-9.1241]},"properties":{"d":"2026-10-08","t":"0349","frp":4.6,"b":331.3,"c":1,"s":"N21","n":0}},{"type":"Feature","geometry":{"type":"Point","coordinates":[142.5716,-9.1231]},"properties":{"d":"2026-10-08","t":"0349","frp":5.2,"b":330.9,"c":0,"s":"N21","n":0}},{"type":"Feature","geometry":{"type":"Point","coordinates":[142.603,-9.122]},"properties":{"d":"2026-10-08","t":"0349","frp":5.3,"b":333.1,"c":0,"s":"N21","n":0}},{"type":"Feature","geometry":{"type":"Point","coordinates":[142.717,-9.1218]},"properties":{"d":"2026-10-08","t":"0349","frp":4.0,"b":334.6,"c":1,"s":"N21","n":0}},{"type":"Feature","geometry":{"type":"Point","coordinates":[142.3397,-9.1215]},"properties":{"d":"2026-10-08","t":"0349","frp":26.4,"b":342.7,"c":0,"s":"N21","n":0}},{"type":"Feature","geometry":{"type":"Point","coordinates":[142.3436,-9.121]},"properties":{"d":"2026-10-08","t":"0349","frp":2.4,"b":331.5,"c":0,"s":"N21","n":0}},{"type":"Feature","geometry":{"type":"Point","coordinates":[142.6025,-9.1185]},"properties":{"d":"2026-10-08","t":"0349","frp":5.2,"b":332.1,"c":0,"s":"N21","n":0}},{"type":"Feature","geometry":{"type":"Point","coordinates":[142.7165,-9.1184]},"properties":{"d":"2026-10-08","t":"0349","frp":7.6,"b":332.4,"c":0,"s":"N21","n":0}},{"type":"Feature","geometry":{"type":"Point","coordinates":[142.3391,-9.118]},"properties":{"d":"2026-10-08","t":"0349","frp":26.4,"b":335.8,"c":0,"s":"N21","n":0}},{"type":"Feature","geometry":{"type":"Point","coordinates":[142.7122,-9.1155]},"properties":{"d":"2026-10-08","t":"0349","frp":11.7,"b":346.9,"c":1,"s":"N21","n":0}},{"type":"Feature","geometry":{"type":"Point","coordinates":[141.8437,-9.1148]},"properties":{"d":"2026-10-08","t":"0349","frp":6.5,"b":333.5,"c":0,"s":"N21","n":0}},{"type":"Feature","geometry":{"type":"Point","coordinates":[142.7117,-9.112]},"properties":{"d":"2026-10-08","t":"0349","frp":3.6,"b":334.0,"c":0,"s":"N21","n":0}},{"type":"Feature","geometry":{"type":"Point","coordinates":[141.8515,-9.11]},"properties":{"d":"2026-10-08","t":"0349","frp":8.0,"b":343.1,"c":0,"s":"N21","n":0}},{"type":"Feature","geometry":{"type":"Point","coordinates":[141.8551,-9.1058]},"properties":{"d":"2026-10-08","t":"0349","frp":2.5,"b":331.5,"c":0,"s":"N21","n":0}},{"type":"Feature","geometry":{"type":"Point","coordinates":[142.0256,-9.0953]},"properties":{"d":"2026-10-08","t":"0349","frp":6.7,"b":337.6,"c":0,"s":"N21","n":0}},{"type":"Feature","geometry":{"type":"Point","coordinates":[141.8536,-9.095]},"properties":{"d":"2026-10-08","t":"0349","frp":5.2,"b":334.2,"c":0,"s":"N21","n":0}},{"type":"Feature","geometry":{"type":"Point","coordinates":[142.0169,-9.093]},"properties":{"d":"2026-10-08","t":"0349","frp":4.4,"b":330.3,"c":0,"s":"N21","n":0}},{"type":"Feature","geometry":{"type":"Point","coordinates":[141.5651,-9.0923]},"properties":{"d":"2026-10-08","t":"0349","frp":4.3,"b":335.6,"c":0,"s":"N21","n":0}},{"type":"Feature","geometry":{"type":"Point","coordinates":[141.8489,-9.092]},"properties":{"d":"2026-10-08","t":"0349","frp":2.8,"b":330.0,"c":0,"s":"N21","n":0}},{"type":"Feature","geometry":{"type":"Point","coordinates":[142.0251,-9.0918]},"properties":{"d":"2026-10-08","t":"0349","frp":6.7,"b":345.3,"c":1,"s":"N21","n":0}},{"type":"Feature","geometry":{"type":"Point","coordinates":[142.0123,-9.09]},"properties":{"d":"2026-10-08","t":"0349","frp":9.3,"b":346.4,"c":1,"s":"N21","n":0}},{"type":"Feature","geometry":{"type":"Point","coordinates":[148.2937,-9.0888]},"properties":{"d":"2026-10-08","t":"0349","frp":4.2,"b":331.6,"c":1,"s":"N21","n":0}},{"type":"Feature","geometry":{"type":"Point","coordinates":[142.0246,-9.0882]},"properties":{"d":"2026-10-08","t":"0349","frp":4.8,"b":333.2,"c":0,"s":"N21","n":0}},{"type":"Feature","geometry":{"type":"Point","coordinates":[142.0286,-9.0876]},"properties":{"d":"2026-10-08","t":"0349","frp":2.9,"b":331.4,"c":1,"s":"N21","n":0}},{"type":"Feature","geometry":{"type":"Point","coordinates":[141.3526,-9.0856]},"properties":{"d":"2026-10-08","t":"0349","frp":4.1,"b":333.1,"c":1,"s":"N21","n":0}},{"type":"Feature","geometry":{"type":"Point","coordinates":[141.3517,-9.085]},"properties":{"d":"2026-10-08","t":"0349","frp":3.7,"b":334.8,"c":1,"s":"N21","n":0}},{"type":"Feature","geometry":{"type":"Point","coordinates":[142.0281,-9.084]},"properties":{"d":"2026-10-08","t":"0349","frp":2.9,"b":332.7,"c":1,"s":"N21","n":0}},{"type":"Feature","geometry":{"type":"Point","coordinates":[142.7223,-9.0795]},"properties":{"d":"2026-10-08","t":"0349","frp":7.0,"b":339.4,"c":1,"s":"N21","n":0}},{"type":"Feature","geometry":{"type":"Point","coordinates":[142.7261,-9.079]},"properties":{"d":"2026-10-08","t":"0349","frp":5.7,"b":344.2,"c":1,"s":"N21","n":0}},{"type":"Feature","geometry":{"type":"Point","coordinates":[142.7256,-9.0755]},"properties":{"d":"2026-10-08","t":"0349","frp":5.7,"b":335.9,"c":1,"s":"N21","n":0}},{"type":"Feature","geometry":{"type":"Point","coordinates":[141.787,-9.0752]},"properties":{"d":"2026-10-08","t":"0349","frp":7.7,"b":333.2,"c":0,"s":"N21","n":0}},{"type":"Feature","geometry":{"type":"Point","coordinates":[141.7824,-9.0722]},"properties":{"d":"2026-10-08","t":"0349","frp":3.4,"b":331.4,"c":0,"s":"N21","n":0}},{"type":"Feature","geometry":{"type":"Point","coordinates":[142.7251,-9.0721]},"properties":{"d":"2026-10-08","t":"0349","frp":5.3,"b":336.9,"c":1,"s":"N21","n":0}},{"type":"Feature","geometry":{"type":"Point","coordinates":[141.5796,-9.0716]},"properties":{"d":"2026-10-08","t":"0349","frp":3.3,"b":331.6,"c":1,"s":"N21","n":0}},{"type":"Feature","geometry":{"type":"Point","coordinates":[141.7137,-9.071]},"properties":{"d":"2026-10-08","t":"0349","frp":7.5,"b":335.9,"c":1,"s":"N21","n":0}},{"type":"Feature","geometry":{"type":"Point","coordinates":[141.7263,-9.0692]},"properties":{"d":"2026-10-08","t":"0349","frp":2.2,"b":332.2,"c":0,"s":"N21","n":0}},{"type":"Feature","geometry":{"type":"Point","coordinates":[141.9299,-9.0692]},"properties":{"d":"2026-10-08","t":"0349","frp":3.8,"b":341.9,"c":1,"s":"N21","n":0}},{"type":"Feature","geometry":{"type":"Point","coordinates":[142.3562,-9.069]},"properties":{"d":"2026-10-08","t":"0349","frp":6.0,"b":337.7,"c":1,"s":"N21","n":0}},{"type":"Feature","geometry":{"type":"Point","coordinates":[141.3637,-9.0689]},"properties":{"d":"2026-10-08","t":"0349","frp":9.2,"b":334.9,"c":0,"s":"N21","n":0}},{"type":"Feature","geometry":{"type":"Point","coordinates":[142.3601,-9.0684]},"properties":{"d":"2026-10-08","t":"0349","frp":14.1,"b":367.0,"c":2,"s":"N21","n":0}},{"type":"Feature","geometry":{"type":"Point","coordinates":[142.7284,-9.0681]},"properties":{"d":"2026-10-08","t":"0349","frp":5.3,"b":338.3,"c":1,"s":"N21","n":0}},{"type":"Feature","geometry":{"type":"Point","coordinates":[142.364,-9.0678]},"properties":{"d":"2026-10-08","t":"0349","frp":14.1,"b":367.0,"c":2,"s":"N21","n":0}},{"type":"Feature","geometry":{"type":"Point","coordinates":[141.8157,-9.0674]},"properties":{"d":"2026-10-08","t":"0349","frp":19.8,"b":343.9,"c":1,"s":"N21","n":0}},{"type":"Feature","geometry":{"type":"Point","coordinates":[142.368,-9.0673]},"properties":{"d":"2026-10-08","t":"0349","frp":11.0,"b":367.0,"c":2,"s":"N21","n":0}},{"type":"Feature","geometry":{"type":"Point","coordinates":[141.9212,-9.0669]},"properties":{"d":"2026-10-08","t":"0349","frp":6.6,"b":351.8,"c":1,"s":"N21","n":0}},{"type":"Feature","geometry":{"type":"Point","coordinates":[141.8199,-9.0668]},"properties":{"d":"2026-10-08","t":"0349","frp":19.8,"b":332.1,"c":0,"s":"N21","n":0}},{"type":"Feature","geometry":{"type":"Point","coordinates":[142.3719,-9.0667]},"properties":{"d":"2026-10-08","t":"0349","frp":11.0,"b":367.0,"c":2,"s":"N21","n":0}},{"type":"Feature","geometry":{"type":"Point","coordinates":[142.3759,-9.0661]},"properties":{"d":"2026-10-08","t":"0349","frp":12.8,"b":355.5,"c":1,"s":"N21","n":0}},{"type":"Feature","geometry":{"type":"Point","coordinates":[142.3517,-9.066]},"properties":{"d":"2026-10-08","t":"0349","frp":6.0,"b":344.7,"c":1,"s":"N21","n":0}},{"type":"Feature","geometry":{"type":"Point","coordinates":[142.3556,-9.0655]},"properties":{"d":"2026-10-08","t":"0349","frp":6.0,"b":347.1,"c":1,"s":"N21","n":0}},{"type":"Feature","geometry":{"type":"Point","coordinates":[142.7279,-9.0646]},"properties":{"d":"2026-10-08","t":"0349","frp":21.2,"b":340.2,"c":1,"s":"N21","n":0}},{"type":"Feature","geometry":{"type":"Point","coordinates":[141.811,-9.0644]},"properties":{"d":"2026-10-08","t":"0349","frp":39.5,"b":331.2,"c":0,"s":"N21","n":0}},{"type":"Feature","geometry":{"type":"Point","coordinates":[142.3635,-9.0643]},"properties":{"d":"2026-10-08","t":"0349","frp":14.1,"b":350.6,"c":1,"s":"N21","n":0}},{"type":"Feature","geometry":{"type":"Point","coordinates":[141.9166,-9.0639]},"properties":{"d":"2026-10-08","t":"0349","frp":6.6,"b":333.7,"c":0,"s":"N21","n":0}},{"type":"Feature","geometry":{"type":"Point","coordinates":[141.8152,-9.0638]},"properties":{"d":"2026-10-08","t":"0349","frp":19.8,"b":352.4,"c":1,"s":"N21","n":0}},{"type":"Feature","geometry":{"type":"Point","coordinates":[142.3675,-9.0638]},"properties":{"d":"2026-10-08","t":"0349","frp":11.0,"b":345.0,"c":1,"s":"N21","n":0}},{"type":"Feature","geometry":{"type":"Point","coordinates":[141.7468,-9.0626]},"properties":{"d":"2026-10-08","t":"0349","frp":6.5,"b":336.8,"c":1,"s":"N21","n":0}},{"type":"Feature","geometry":{"type":"Point","coordinates":[142.3512,-9.0625]},"properties":{"d":"2026-10-08","t":"0349","frp":4.8,"b":334.2,"c":0,"s":"N21","n":0}},{"type":"Feature","geometry":{"type":"Point","coordinates":[141.3582,-9.0622]},"properties":{"d":"2026-10-08","t":"0349","frp":8.6,"b":333.3,"c":0,"s":"N21","n":0}},{"type":"Feature","geometry":{"type":"Point","coordinates":[142.3793,-9.0621]},"properties":{"d":"2026-10-08","t":"0349","frp":12.8,"b":349.8,"c":1,"s":"N21","n":0}},{"type":"Feature","geometry":{"type":"Point","coordinates":[142.3551,-9.062]},"properties":{"d":"2026-10-08","t":"0349","frp":4.8,"b":333.6,"c":0,"s":"N21","n":0}},{"type":"Feature","geometry":{"type":"Point","coordinates":[141.8063,-9.0614]},"properties":{"d":"2026-10-08","t":"0349","frp":6.1,"b":335.6,"c":1,"s":"N21","n":0}},{"type":"Feature","geometry":{"type":"Point","coordinates":[142.3591,-9.0614]},"properties":{"d":"2026-10-08","t":"0349","frp":7.0,"b":337.5,"c":0,"s":"N21","n":0}},{"type":"Feature","geometry":{"type":"Point","coordinates":[142.7274,-9.0611]},"properties":{"d":"2026-10-08","t":"0349","frp":21.2,"b":346.7,"c":1,"s":"N21","n":0}},{"type":"Feature","geometry":{"type":"Point","coordinates":[141.8105,-9.0608]},"properties":{"d":"2026-10-08","t":"0349","frp":6.1,"b":332.5,"c":1,"s":"N21","n":0}},{"type":"Feature","geometry":{"type":"Point","coordinates":[142.363,-9.0608]},"properties":{"d":"2026-10-08","t":"0349","frp":7.0,"b":352.8,"c":1,"s":"N21","n":0}},{"type":"Feature","geometry":{"type":"Point","coordinates":[142.367,-9.0603]},"properties":{"d":"2026-10-08","t":"0349","frp":9.6,"b":336.9,"c":0,"s":"N21","n":0}},{"type":"Feature","geometry":{"type":"Point","coordinates":[141.7421,-9.0596]},"properties":{"d":"2026-10-08","t":"0349","frp":8.4,"b":332.5,"c":0,"s":"N21","n":0}},{"type":"Feature","geometry":{"type":"Point","coordinates":[142.471,-9.0595]},"properties":{"d":"2026-10-08","t":"0349","frp":6.4,"b":331.9,"c":0,"s":"N21","n":0}},{"type":"Feature","geometry":{"type":"Point","coordinates":[141.7463,-9.059]},"properties":{"d":"2026-10-08","t":"0349","frp":6.5,"b":346.7,"c":1,"s":"N21","n":0}},{"type":"Feature","geometry":{"type":"Point","coordinates":[142.7426,-9.0589]},"properties":{"d":"2026-10-08","t":"0349","frp":11.5,"b":333.9,"c":0,"s":"N21","n":0}},{"type":"Feature","geometry":{"type":"Point","coordinates":[142.3827,-9.058]},"properties":{"d":"2026-10-08","t":"0349","frp":8.6,"b":340.8,"c":0,"s":"N21","n":0}},{"type":"Feature","geometry":{"type":"Point","coordinates":[141.8058,-9.0578]},"properties":{"d":"2026-10-08","t":"0349","frp":6.1,"b":334.9,"c":1,"s":"N21","n":0}},{"type":"Feature","geometry":{"type":"Point","coordinates":[142.3625,-9.0573]},"properties":{"d":"2026-10-08","t":"0349","frp":7.0,"b":345.0,"c":1,"s":"N21","n":0}},{"type":"Feature","geometry":{"type":"Point","coordinates":[142.4705,-9.0561]},"properties":{"d":"2026-10-08","t":"0349","frp":6.4,"b":348.1,"c":1,"s":"N21","n":0}},{"type":"Feature","geometry":{"type":"Point","coordinates":[142.5933,-9.056]},"properties":{"d":"2026-10-08","t":"0349","frp":15.9,"b":333.2,"c":0,"s":"N21","n":0}},{"type":"Feature","geometry":{"type":"Point","coordinates":[143.0232,-9.056]},"properties":{"d":"2026-10-08","t":"0349","frp":8.5,"b":339.2,"c":1,"s":"N21","n":0}},{"type":"Feature","geometry":{"type":"Point","coordinates":[142.4465,-9.0559]},"properties":{"d":"2026-10-08","t":"0349","frp":4.1,"b":333.7,"c":0,"s":"N21","n":0}},{"type":"Feature","geometry":{"type":"Point","coordinates":[142.4744,-9.0555]},"properties":{"d":"2026-10-08","t":"0349","frp":6.4,"b":339.5,"c":1,"s":"N21","n":0}},{"type":"Feature","geometry":{"type":"Point","coordinates":[141.9068,-9.0543]},"properties":{"d":"2026-10-08","t":"0349","frp":5.8,"b":351.8,"c":1,"s":"N21","n":0}},{"type":"Feature","geometry":{"type":"Point","coordinates":[143.0115,-9.0542]},"properties":{"d":"2026-10-08","t":"0349","frp":5.2,"b":339.6,"c":1,"s":"N21","n":0}},{"type":"Feature","geometry":{"type":"Point","coordinates":[142.6126,-9.0532]},"properties":{"d":"2026-10-08","t":"0349","frp":3.1,"b":330.1,"c":0,"s":"N21","n":0}},{"type":"Feature","geometry":{"type":"Point","coordinates":[142.5928,-9.0525]},"properties":{"d":"2026-10-08","t":"0349","frp":15.9,"b":341.8,"c":1,"s":"N21","n":0}},{"type":"Feature","geometry":{"type":"Point","coordinates":[142.7882,-9.0522]},"properties":{"d":"2026-10-08","t":"0349","frp":6.3,"b":331.3,"c":0,"s":"N21","n":0}},{"type":"Feature","geometry":{"type":"Point","coordinates":[142.4259,-9.0518]},"properties":{"d":"2026-10-08","t":"0349","frp":3.1,"b":333.9,"c":1,"s":"N21","n":0}},{"type":"Feature","geometry":{"type":"Point","coordinates":[142.3536,-9.0514]},"properties":{"d":"2026-10-08","t":"0349","frp":4.8,"b":336.3,"c":0,"s":"N21","n":0}},{"type":"Feature","geometry":{"type":"Point","coordinates":[141.9063,-9.0507]},"properties":{"d":"2026-10-08","t":"0349","frp":5.8,"b":330.9,"c":0,"s":"N21","n":0}},{"type":"Feature","geometry":{"type":"Point","coordinates":[141.8048,-9.0506]},"properties":{"d":"2026-10-08","t":"0349","frp":2.8,"b":330.6,"c":0,"s":"N21","n":0}},{"type":"Feature","geometry":{"type":"Point","coordinates":[142.5923,-9.0491]},"properties":{"d":"2026-10-08","t":"0349","frp":35.0,"b":333.8,"c":0,"s":"N21","n":0}},{"type":"Feature","geometry":{"type":"Point","coordinates":[142.7215,-9.0479]},"properties":{"d":"2026-10-08","t":"0349","frp":6.4,"b":340.5,"c":1,"s":"N21","n":0}},{"type":"Feature","geometry":{"type":"Point","coordinates":[141.8043,-9.047]},"properties":{"d":"2026-10-08","t":"0349","frp":8.5,"b":345.7,"c":1,"s":"N21","n":0}},{"type":"Feature","geometry":{"type":"Point","coordinates":[142.4889,-9.0463]},"properties":{"d":"2026-10-08","t":"0349","frp":5.8,"b":332.7,"c":0,"s":"N21","n":0}},{"type":"Feature","geometry":{"type":"Point","coordinates":[142.4845,-9.0433]},"properties":{"d":"2026-10-08","t":"0349","frp":19.1,"b":343.4,"c":0,"s":"N21","n":0}},{"type":"Feature","geometry":{"type":"Point","coordinates":[142.9524,-9.042]},"properties":{"d":"2026-10-08","t":"0349","frp":5.1,"b":331.9,"c":0,"s":"N21","n":0}},{"type":"Feature","geometry":{"type":"Point","coordinates":[142.7943,-9.0407]},"properties":{"d":"2026-10-08","t":"0349","frp":9.8,"b":343.3,"c":1,"s":"N21","n":0}},{"type":"Feature","geometry":{"type":"Point","coordinates":[141.3595,-9.0395]},"properties":{"d":"2026-10-08","t":"0349","frp":5.2,"b":345.9,"c":1,"s":"N21","n":0}},{"type":"Feature","geometry":{"type":"Point","coordinates":[142.5671,-9.0385]},"properties":{"d":"2026-10-08","t":"0349","frp":11.2,"b":330.7,"c":0,"s":"N21","n":0}},{"type":"Feature","geometry":{"type":"Point","coordinates":[142.5709,-9.038]},"properties":{"d":"2026-10-08","t":"0349","frp":14.1,"b":334.2,"c":0,"s":"N21","n":0}},{"type":"Feature","geometry":{"type":"Point","coordinates":[142.296,-9.0375]},"properties":{"d":"2026-10-08","t":"0349","frp":4.8,"b":333.0,"c":0,"s":"N21","n":0}},{"type":"Feature","geometry":{"type":"Point","coordinates":[142.7938,-9.0373]},"properties":{"d":"2026-10-08","t":"0349","frp":9.8,"b":355.7,"c":1,"s":"N21","n":0}},{"type":"Feature","geometry":{"type":"Point","coordinates":[142.5588,-9.0362]},"properties":{"d":"2026-10-08","t":"0349","frp":14.5,"b":349.3,"c":0,"s":"N21","n":0}},{"type":"Feature","geometry":{"type":"Point","coordinates":[141.3633,-9.0352]},"properties":{"d":"2026-10-08","t":"0349","frp":5.2,"b":331.4,"c":1,"s":"N21","n":0}},{"type":"Feature","geometry":{"type":"Point","coordinates":[142.5666,-9.0351]},"properties":{"d":"2026-10-08","t":"0349","frp":11.2,"b":349.2,"c":0,"s":"N21","n":0}},{"type":"Feature","geometry":{"type":"Point","coordinates":[143.0542,-9.0339]},"properties":{"d":"2026-10-08","t":"0349","frp":2.6,"b":334.9,"c":0,"s":"N21","n":0}},{"type":"Feature","geometry":{"type":"Point","coordinates":[141.9832,-9.0324]},"properties":{"d":"2026-10-08","t":"0349","frp":10.8,"b":351.3,"c":1,"s":"N21","n":0}},{"type":"Feature","geometry":{"type":"Point","coordinates":[141.9872,-9.0318]},"properties":{"d":"2026-10-08","t":"0349","frp":5.8,"b":335.7,"c":0,"s":"N21","n":0}},{"type":"Feature","geometry":{"type":"Point","coordinates":[141.3628,-9.0315]},"properties":{"d":"2026-10-08","t":"0349","frp":6.3,"b":342.5,"c":1,"s":"N21","n":0}},{"type":"Feature","geometry":{"type":"Point","coordinates":[141.9867,-9.0282]},"properties":{"d":"2026-10-08","t":"0349","frp":8.6,"b":351.4,"c":1,"s":"N21","n":0}},{"type":"Feature","geometry":{"type":"Point","coordinates":[141.3623,-9.0278]},"properties":{"d":"2026-10-08","t":"0349","frp":6.3,"b":335.2,"c":0,"s":"N21","n":0}},{"type":"Feature","geometry":{"type":"Point","coordinates":[141.3486,-9.026]},"properties":{"d":"2026-10-08","t":"0349","frp":7.1,"b":335.5,"c":1,"s":"N21","n":0}},{"type":"Feature","geometry":{"type":"Point","coordinates":[141.3305,-9.0248]},"properties":{"d":"2026-10-08","t":"0349","frp":4.3,"b":334.6,"c":0,"s":"N21","n":0}},{"type":"Feature","geometry":{"type":"Point","coordinates":[141.9862,-9.0246]},"properties":{"d":"2026-10-08","t":"0349","frp":8.6,"b":339.7,"c":0,"s":"N21","n":0}},{"type":"Feature","geometry":{"type":"Point","coordinates":[141.3618,-9.0241]},"properties":{"d":"2026-10-08","t":"0349","frp":30.7,"b":347.1,"c":0,"s":"N21","n":0}},{"type":"Feature","geometry":{"type":"Point","coordinates":[141.3437,-9.0229]},"properties":{"d":"2026-10-08","t":"0349","frp":3.5,"b":335.2,"c":1,"s":"N21","n":0}},{"type":"Feature","geometry":{"type":"Point","coordinates":[141.0568,-9.0217]},"properties":{"d":"2026-10-08","t":"0349","frp":4.2,"b":334.4,"c":0,"s":"N21","n":0}},{"type":"Feature","geometry":{"type":"Point","coordinates":[141.3569,-9.0211]},"properties":{"d":"2026-10-08","t":"0349","frp":30.7,"b":351.0,"c":0,"s":"N21","n":0}},{"type":"Feature","geometry":{"type":"Point","coordinates":[141.0532,-9.021]},"properties":{"d":"2026-10-08","t":"0349","frp":4.3,"b":334.7,"c":0,"s":"N21","n":0}},{"type":"Feature","geometry":{"type":"Point","coordinates":[141.9898,-9.0205]},"properties":{"d":"2026-10-08","t":"0349","frp":23.0,"b":333.7,"c":0,"s":"N21","n":0}},{"type":"Feature","geometry":{"type":"Point","coordinates":[141.3207,-9.0187]},"properties":{"d":"2026-10-08","t":"0349","frp":3.8,"b":334.6,"c":0,"s":"N21","n":0}},{"type":"Feature","geometry":{"type":"Point","coordinates":[143.0935,-9.0176]},"properties":{"d":"2026-10-08","t":"0349","frp":3.2,"b":331.7,"c":1,"s":"N21","n":0}},{"type":"Feature","geometry":{"type":"Point","coordinates":[141.9852,-9.0175]},"properties":{"d":"2026-10-08","t":"0349","frp":23.0,"b":348.7,"c":1,"s":"N21","n":0}},{"type":"Feature","geometry":{"type":"Point","coordinates":[143.0708,-9.0175]},"properties":{"d":"2026-10-08","t":"0349","frp":8.3,"b":334.3,"c":1,"s":"N21","n":0}},{"type":"Feature","geometry":{"type":"Point","coordinates":[142.6002,-9.0174]},"properties":{"d":"2026-10-08","t":"0349","frp":17.2,"b":336.8,"c":1,"s":"N21","n":0}},{"type":"Feature","geometry":{"type":"Point","coordinates":[147.1317,-9.0173]},"properties":{"d":"2026-10-08","t":"0349","frp":4.0,"b":335.0,"c":1,"s":"N21","n":0}},{"type":"Feature","geometry":{"type":"Point","coordinates":[142.5993,-9.0161]},"properties":{"d":"2026-10-08","t":"0349","frp":7.0,"b":336.0,"c":0,"s":"N21","n":0}},{"type":"Feature","geometry":{"type":"Point","coordinates":[142.5997,-9.014]},"properties":{"d":"2026-10-08","t":"0349","frp":17.2,"b":348.3,"c":1,"s":"N21","n":0}},{"type":"Feature","geometry":{"type":"Point","coordinates":[141.9847,-9.0139]},"properties":{"d":"2026-10-08","t":"0349","frp":23.1,"b":348.3,"c":1,"s":"N21","n":0}},{"type":"Feature","geometry":{"type":"Point","coordinates":[141.976,-9.0115]},"properties":{"d":"2026-10-08","t":"0349","frp":6.4,"b":337.7,"c":1,"s":"N21","n":0}},{"type":"Feature","geometry":{"type":"Point","coordinates":[141.9801,-9.011]},"properties":{"d":"2026-10-08","t":"0349","frp":6.4,"b":337.8,"c":0,"s":"N21","n":0}},{"type":"Feature","geometry":{"type":"Point","coordinates":[141.9841,-9.0104]},"properties":{"d":"2026-10-08","t":"0349","frp":23.1,"b":355.7,"c":1,"s":"N21","n":0}},{"type":"Feature","geometry":{"type":"Point","coordinates":[141.0749,-9.0102]},"properties":{"d":"2026-10-08","t":"0349","frp":6.2,"b":336.9,"c":0,"s":"N21","n":0}},{"type":"Feature","geometry":{"type":"Point","coordinates":[142.532,-9.0098]},"properties":{"d":"2026-10-08","t":"0349","frp":5.0,"b":338.1,"c":1,"s":"N21","n":0}},{"type":"Feature","geometry":{"type":"Point","coordinates":[141.1241,-9.0085]},"properties":{"d":"2026-10-08","t":"0349","frp":6.7,"b":335.7,"c":1,"s":"N21","n":0}},{"type":"Feature","geometry":{"type":"Point","coordinates":[141.9795,-9.0074]},"properties":{"d":"2026-10-08","t":"0349","frp":19.8,"b":351.5,"c":0,"s":"N21","n":0}},{"type":"Feature","geometry":{"type":"Point","coordinates":[142.48,-9.0068]},"properties":{"d":"2026-10-08","t":"0349","frp":9.1,"b":339.5,"c":0,"s":"N21","n":0}},{"type":"Feature","geometry":{"type":"Point","coordinates":[141.9586,-9.0067]},"properties":{"d":"2026-10-08","t":"0349","frp":7.0,"b":343.9,"c":1,"s":"N21","n":0}},{"type":"Feature","geometry":{"type":"Point","coordinates":[143.2876,-9.0061]},"properties":{"d":"2026-10-08","t":"0349","frp":3.8,"b":334.8,"c":1,"s":"N21","n":0}},{"type":"Feature","geometry":{"type":"Point","coordinates":[143.2913,-9.0055]},"properties":{"d":"2026-10-08","t":"0349","frp":3.8,"b":331.1,"c":0,"s":"N21","n":0}},{"type":"Feature","geometry":{"type":"Point","coordinates":[142.9163,-9.0053]},"properties":{"d":"2026-10-08","t":"0349","frp":13.2,"b":343.4,"c":0,"s":"N21","n":0}},{"type":"Feature","geometry":{"type":"Point","coordinates":[143.2949,-9.005]},"properties":{"d":"2026-10-08","t":"0349","frp":7.5,"b":336.3,"c":0,"s":"N21","n":0}},{"type":"Feature","geometry":{"type":"Point","coordinates":[141.9749,-9.0044]},"properties":{"d":"2026-10-08","t":"0349","frp":19.8,"b":342.3,"c":0,"s":"N21","n":0}},{"type":"Feature","geometry":{"type":"Point","coordinates":[141.9831,-9.0032]},"properties":{"d":"2026-10-08","t":"0349","frp":48.8,"b":333.8,"c":0,"s":"N21","n":0}},{"type":"Feature","geometry":{"type":"Point","coordinates":[142.5547,-9.0029]},"properties":{"d":"2026-10-08","t":"0349","frp":18.7,"b":340.0,"c":0,"s":"N21","n":0}},{"type":"Feature","geometry":{"type":"Point","coordinates":[143.1933,-9.0028]},"properties":{"d":"2026-10-08","t":"0349","frp":5.5,"b":333.6,"c":0,"s":"N21","n":0}},{"type":"Feature","geometry":{"type":"Point","coordinates":[142.4833,-9.0027]},"properties":{"d":"2026-10-08","t":"0349","frp":9.1,"b":345.8,"c":0,"s":"N21","n":0}},{"type":"Feature","geometry":{"type":"Point","coordinates":[141.9748,-9.0015]},"properties":{"d":"2026-10-08","t":"0349","frp":15.8,"b":354.2,"c":1,"s":"N21","n":0}},{"type":"Feature","geometry":{"type":"Point","coordinates":[141.9744,-9.0008]},"properties":{"d":"2026-10-08","t":"0349","frp":13.9,"b":351.2,"c":0,"s":"N21","n":0}},{"type":"Feature","geometry":{"type":"Point","coordinates":[140.9782,-9.0166]},"properties":{"d":"2026-10-08","t":"0351","frp":22.0,"b":347.5,"c":1,"s":"N21","n":0}},{"type":"Feature","geometry":{"type":"Point","coordinates":[140.9777,-9.0128]},"properties":{"d":"2026-10-08","t":"0351","frp":22.0,"b":344.3,"c":1,"s":"N21","n":0}},{"type":"Feature","geometry":{"type":"Point","coordinates":[141.0057,-9.0126]},"properties":{"d":"2026-10-08","t":"0351","frp":19.4,"b":348.1,"c":1,"s":"N21","n":0}},{"type":"Feature","geometry":{"type":"Point","coordinates":[141.0102,-9.012]},"properties":{"d":"2026-10-08","t":"0351","frp":17.4,"b":338.8,"c":0,"s":"N21","n":0}},{"type":"Feature","geometry":{"type":"Point","coordinates":[141.0006,-9.0095]},"properties":{"d":"2026-10-08","t":"0351","frp":19.4,"b":332.5,"c":0,"s":"N21","n":0}},{"type":"Feature","geometry":{"type":"Point","coordinates":[140.9112,-9.007]},"properties":{"d":"2026-10-08","t":"0351","frp":4.4,"b":333.4,"c":0,"s":"N21","n":0}},{"type":"Feature","geometry":{"type":"Point","coordinates":[141.0,-9.0058]},"properties":{"d":"2026-10-08","t":"0351","frp":17.5,"b":347.3,"c":0,"s":"N21","n":0}},{"type":"Feature","geometry":{"type":"Point","coordinates":[147.017,-41.2669]},"properties":{"d":"2026-10-08","t":"0523","frp":16.8,"b":336.4,"c":1,"s":"N21","n":0}},{"type":"Feature","geometry":{"type":"Point","coordinates":[147.0118,-41.2666]},"properties":{"d":"2026-10-08","t":"0523","frp":19.7,"b":327.1,"c":1,"s":"N21","n":0}},{"type":"Feature","geometry":{"type":"Point","coordinates":[147.0241,-41.2645]},"properties":{"d":"2026-10-08","t":"0523","frp":11.9,"b":333.1,"c":1,"s":"N21","n":0}},{"type":"Feature","geometry":{"type":"Point","coordinates":[147.026,-41.2617]},"properties":{"d":"2026-10-08","t":"0523","frp":10.4,"b":325.1,"c":1,"s":"N21","n":0}},{"type":"Feature","geometry":{"type":"Point","coordinates":[143.2871,-37.9304]},"properties":{"d":"2026-10-08","t":"0523","frp":5.2,"b":334.0,"c":1,"s":"N21","n":0}},{"type":"Feature","geometry":{"type":"Point","coordinates":[137.0219,-35.7922]},"properties":{"d":"2026-10-08","t":"0523","frp":4.3,"b":335.7,"c":1,"s":"N21","n":0}},{"type":"Feature","geometry":{"type":"Point","coordinates":[137.1017,-35.7833]},"properties":{"d":"2026-10-08","t":"0523","frp":14.2,"b":367.0,"c":2,"s":"N21","n":0}},{"type":"Feature","geometry":{"type":"Point","coordinates":[137.1053,-35.7824]},"properties":{"d":"2026-10-08","t":"0523","frp":10.3,"b":367.0,"c":2,"s":"N21","n":0}},{"type":"Feature","geometry":{"type":"Point","coordinates":[138.11,-33.1291]},"properties":{"d":"2026-10-08","t":"0523","frp":5.9,"b":341.4,"c":1,"s":"N21","n":0}},{"type":"Feature","geometry":{"type":"Point","coordinates":[141.1066,-37.6566]},"properties":{"d":"2026-10-08","t":"0525","frp":4.1,"b":332.5,"c":1,"s":"N21","n":0}},{"type":"Feature","geometry":{"type":"Point","coordinates":[141.1033,-37.6548]},"properties":{"d":"2026-10-08","t":"0525","frp":5.8,"b":344.4,"c":1,"s":"N21","n":0}},{"type":"Feature","geometry":{"type":"Point","coordinates":[143.449,-37.0092]},"properties":{"d":"2026-10-08","t":"0525","frp":3.9,"b":328.4,"c":1,"s":"N21","n":0}},{"type":"Feature","geometry":{"type":"Point","coordinates":[136.8582,-30.4453]},"properties":{"d":"2026-10-08","t":"0525","frp":4.3,"b":340.7,"c":1,"s":"N21","n":0}},{"type":"Feature","geometry":{"type":"Point","coordinates":[114.9211,-23.9385]},"properties":{"d":"2026-10-08","t":"0527","frp":10.3,"b":353.0,"c":1,"s":"N21","n":0}},{"type":"Feature","geometry":{"type":"Point","coordinates":[114.9194,-23.934]},"properties":{"d":"2026-10-08","t":"0527","frp":15.0,"b":350.0,"c":1,"s":"N21","n":0}},{"type":"Feature","geometry":{"type":"Point","coordinates":[114.9205,-23.9337]},"properties":{"d":"2026-10-08","t":"0527","frp":11.7,"b":350.1,"c":1,"s":"N21","n":0}},{"type":"Feature","geometry":{"type":"Point","coordinates":[133.7224,-23.0963]},"properties":{"d":"2026-10-08","t":"0527","frp":12.5,"b":367.0,"c":2,"s":"N21","n":0}},{"type":"Feature","geometry":{"type":"Point","coordinates":[133.7235,-23.0843]},"properties":{"d":"2026-10-08","t":"0527","frp":7.8,"b":337.0,"c":1,"s":"N21","n":0}},{"type":"Feature","geometry":{"type":"Point","coordinates":[133.718,-23.0797]},"properties":{"d":"2026-10-08","t":"0527","frp":7.8,"b":367.0,"c":2,"s":"N21","n":0}},{"type":"Feature","geometry":{"type":"Point","coordinates":[133.722,-23.0788]},"properties":{"d":"2026-10-08","t":"0527","frp":7.8,"b":350.9,"c":1,"s":"N21","n":0}},{"type":"Feature","geometry":{"type":"Point","coordinates":[133.7126,-23.0751]},"properties":{"d":"2026-10-08","t":"0527","frp":6.0,"b":343.3,"c":1,"s":"N21","n":0}},{"type":"Feature","geometry":{"type":"Point","coordinates":[133.7165,-23.0742]},"properties":{"d":"2026-10-08","t":"0527","frp":7.6,"b":354.2,"c":1,"s":"N21","n":0}},{"type":"Feature","geometry":{"type":"Point","coordinates":[133.7205,-23.0733]},"properties":{"d":"2026-10-08","t":"0527","frp":7.6,"b":353.1,"c":1,"s":"N21","n":0}},{"type":"Feature","geometry":{"type":"Point","coordinates":[133.7071,-23.0705]},"properties":{"d":"2026-10-08","t":"0527","frp":6.0,"b":335.7,"c":1,"s":"N21","n":0}},{"type":"Feature","geometry":{"type":"Point","coordinates":[133.7191,-23.0678]},"properties":{"d":"2026-10-08","t":"0527","frp":7.6,"b":339.6,"c":1,"s":"N21","n":0}},{"type":"Feature","geometry":{"type":"Point","coordinates":[133.6977,-23.0668]},"properties":{"d":"2026-10-08","t":"0527","frp":4.0,"b":340.3,"c":1,"s":"N21","n":0}},{"type":"Feature","geometry":{"type":"Point","coordinates":[133.6883,-23.0631]},"properties":{"d":"2026-10-08","t":"0527","frp":3.1,"b":337.8,"c":1,"s":"N21","n":0}},{"type":"Feature","geometry":{"type":"Point","coordinates":[133.7089,-23.06]},"properties":{"d":"2026-10-08","t":"0527","frp":6.6,"b":333.7,"c":1,"s":"N21","n":0}},{"type":"Feature","geometry":{"type":"Point","coordinates":[133.6835,-23.0598]},"properties":{"d":"2026-10-08","t":"0527","frp":7.7,"b":337.4,"c":1,"s":"N21","n":0}},{"type":"Feature","geometry":{"type":"Point","coordinates":[133.7129,-23.0591]},"properties":{"d":"2026-10-08","t":"0527","frp":6.7,"b":331.7,"c":1,"s":"N21","n":0}},{"type":"Feature","geometry":{"type":"Point","coordinates":[133.6875,-23.0589]},"properties":{"d":"2026-10-08","t":"0527","frp":10.6,"b":342.5,"c":1,"s":"N21","n":0}},{"type":"Feature","geometry":{"type":"Point","coordinates":[133.7082,-23.0586]},"properties":{"d":"2026-10-08","t":"0527","frp":6.5,"b":331.5,"c":0,"s":"N21","n":0}},{"type":"Feature","geometry":{"type":"Point","coordinates":[133.6829,-23.0585]},"properties":{"d":"2026-10-08","t":"0527","frp":5.8,"b":335.8,"c":1,"s":"N21","n":0}},{"type":"Feature","geometry":{"type":"Point","coordinates":[133.7169,-23.0582]},"properties":{"d":"2026-10-08","t":"0527","frp":6.7,"b":334.0,"c":1,"s":"N21","n":0}},{"type":"Feature","geometry":{"type":"Point","coordinates":[133.7122,-23.0576]},"properties":{"d":"2026-10-08","t":"0527","frp":5.1,"b":333.1,"c":1,"s":"N21","n":0}},{"type":"Feature","geometry":{"type":"Point","coordinates":[133.6869,-23.0576]},"properties":{"d":"2026-10-08","t":"0527","frp":4.2,"b":337.9,"c":1,"s":"N21","n":0}},{"type":"Feature","geometry":{"type":"Point","coordinates":[133.6701,-23.057]},"properties":{"d":"2026-10-08","t":"0527","frp":11.8,"b":351.4,"c":1,"s":"N21","n":0}},{"type":"Feature","geometry":{"type":"Point","coordinates":[133.7162,-23.0567]},"properties":{"d":"2026-10-08","t":"0527","frp":5.1,"b":336.0,"c":1,"s":"N21","n":0}},{"type":"Feature","geometry":{"type":"Point","coordinates":[133.6695,-23.0558]},"properties":{"d":"2026-10-08","t":"0527","frp":5.8,"b":367.0,"c":2,"s":"N21","n":0}},{"type":"Feature","geometry":{"type":"Point","coordinates":[133.6735,-23.0549]},"properties":{"d":"2026-10-08","t":"0527","frp":5.8,"b":333.7,"c":1,"s":"N21","n":0}},{"type":"Feature","geometry":{"type":"Point","coordinates":[133.7074,-23.0545]},"properties":{"d":"2026-10-08","t":"0527","frp":6.6,"b":332.8,"c":1,"s":"N21","n":0}},{"type":"Feature","geometry":{"type":"Point","coordinates":[133.7068,-23.053]},"properties":{"d":"2026-10-08","t":"0527","frp":3.8,"b":333.8,"c":1,"s":"N21","n":0}},{"type":"Feature","geometry":{"type":"Point","coordinates":[133.7107,-23.0521]},"properties":{"d":"2026-10-08","t":"0527","frp":8.1,"b":330.6,"c":1,"s":"N21","n":0}},{"type":"Feature","geometry":{"type":"Point","coordinates":[133.6686,-23.0515]},"properties":{"d":"2026-10-08","t":"0527","frp":11.8,"b":347.7,"c":1,"s":"N21","n":0}},{"type":"Feature","geometry":{"type":"Point","coordinates":[133.6681,-23.0503]},"properties":{"d":"2026-10-08","t":"0527","frp":6.6,"b":336.0,"c":1,"s":"N21","n":0}},{"type":"Feature","geometry":{"type":"Point","coordinates":[133.702,-23.0498]},"properties":{"d":"2026-10-08","t":"0527","frp":4.5,"b":330.9,"c":1,"s":"N21","n":0}},{"type":"Feature","geometry":{"type":"Point","coordinates":[133.706,-23.049]},"properties":{"d":"2026-10-08","t":"0527","frp":4.5,"b":334.0,"c":1,"s":"N21","n":0}},{"type":"Feature","geometry":{"type":"Point","coordinates":[133.7013,-23.0484]},"properties":{"d":"2026-10-08","t":"0527","frp":3.8,"b":330.4,"c":1,"s":"N21","n":0}},{"type":"Feature","geometry":{"type":"Point","coordinates":[133.7053,-23.0475]},"properties":{"d":"2026-10-08","t":"0527","frp":3.8,"b":331.8,"c":1,"s":"N21","n":0}},{"type":"Feature","geometry":{"type":"Point","coordinates":[133.7005,-23.0443]},"properties":{"d":"2026-10-08","t":"0527","frp":4.5,"b":330.3,"c":1,"s":"N21","n":0}},{"type":"Feature","geometry":{"type":"Point","coordinates":[133.7039,-23.042]},"properties":{"d":"2026-10-08","t":"0527","frp":5.0,"b":330.0,"c":1,"s":"N21","n":0}},{"type":"Feature","geometry":{"type":"Point","coordinates":[133.4372,-23.0225]},"properties":{"d":"2026-10-08","t":"0527","frp":14.4,"b":354.8,"c":1,"s":"N21","n":0}},{"type":"Feature","geometry":{"type":"Point","coordinates":[133.441,-23.0216]},"properties":{"d":"2026-10-08","t":"0527","frp":14.4,"b":367.0,"c":2,"s":"N21","n":0}},{"type":"Feature","geometry":{"type":"Point","coordinates":[132.6966,-22.8878]},"properties":{"d":"2026-10-08","t":"0527","frp":11.7,"b":367.0,"c":2,"s":"N21","n":0}},{"type":"Feature","geometry":{"type":"Point","coordinates":[132.6813,-22.8857]},"properties":{"d":"2026-10-08","t":"0527","frp":9.3,"b":352.3,"c":1,"s":"N21","n":0}},{"type":"Feature","geometry":{"type":"Point","coordinates":[132.6917,-22.8834]},"properties":{"d":"2026-10-08","t":"0527","frp":14.7,"b":348.1,"c":1,"s":"N21","n":0}},{"type":"Feature","geometry":{"type":"Point","coordinates":[132.6952,-22.8826]},"properties":{"d":"2026-10-08","t":"0527","frp":11.7,"b":354.9,"c":1,"s":"N21","n":0}},{"type":"Feature","geometry":{"type":"Point","coordinates":[132.6764,-22.8812]},"properties":{"d":"2026-10-08","t":"0527","frp":22.4,"b":350.1,"c":1,"s":"N21","n":0}},{"type":"Feature","geometry":{"type":"Point","coordinates":[132.6834,-22.8797]},"properties":{"d":"2026-10-08","t":"0527","frp":21.2,"b":367.0,"c":2,"s":"N21","n":0}},{"type":"Feature","geometry":{"type":"Point","coordinates":[132.6682,-22.8775]},"properties":{"d":"2026-10-08","t":"0527","frp":11.6,"b":355.7,"c":1,"s":"N21","n":0}},{"type":"Feature","geometry":{"type":"Point","coordinates":[132.7337,-22.8741]},"properties":{"d":"2026-10-08","t":"0527","frp":4.8,"b":334.1,"c":1,"s":"N21","n":0}},{"type":"Feature","geometry":{"type":"Point","coordinates":[132.7323,-22.8689]},"properties":{"d":"2026-10-08","t":"0527","frp":9.0,"b":340.1,"c":1,"s":"N21","n":0}},{"type":"Feature","geometry":{"type":"Point","coordinates":[132.7358,-22.8681]},"properties":{"d":"2026-10-08","t":"0527","frp":11.5,"b":335.9,"c":1,"s":"N21","n":0}},{"type":"Feature","geometry":{"type":"Point","coordinates":[132.7016,-22.8647]},"properties":{"d":"2026-10-08","t":"0527","frp":16.8,"b":344.2,"c":1,"s":"N21","n":0}},{"type":"Feature","geometry":{"type":"Point","coordinates":[132.731,-22.8637]},"properties":{"d":"2026-10-08","t":"0527","frp":9.0,"b":344.8,"c":1,"s":"N21","n":0}},{"type":"Feature","geometry":{"type":"Point","coordinates":[132.7345,-22.8629]},"properties":{"d":"2026-10-08","t":"0527","frp":11.5,"b":367.0,"c":2,"s":"N21","n":0}},{"type":"Feature","geometry":{"type":"Point","coordinates":[132.738,-22.8621]},"properties":{"d":"2026-10-08","t":"0527","frp":11.5,"b":367.0,"c":2,"s":"N21","n":0}},{"type":"Feature","geometry":{"type":"Point","coordinates":[132.6933,-22.861]},"properties":{"d":"2026-10-08","t":"0527","frp":13.0,"b":345.1,"c":1,"s":"N21","n":0}},{"type":"Feature","geometry":{"type":"Point","coordinates":[132.7226,-22.86]},"properties":{"d":"2026-10-08","t":"0527","frp":12.6,"b":354.6,"c":1,"s":"N21","n":0}},{"type":"Feature","geometry":{"type":"Point","coordinates":[132.7261,-22.8592]},"properties":{"d":"2026-10-08","t":"0527","frp":11.1,"b":367.0,"c":2,"s":"N21","n":0}},{"type":"Feature","geometry":{"type":"Point","coordinates":[132.7296,-22.8584]},"properties":{"d":"2026-10-08","t":"0527","frp":11.1,"b":350.6,"c":1,"s":"N21","n":0}},{"type":"Feature","geometry":{"type":"Point","coordinates":[132.7142,-22.8563]},"properties":{"d":"2026-10-08","t":"0527","frp":26.0,"b":367.0,"c":2,"s":"N21","n":0}},{"type":"Feature","geometry":{"type":"Point","coordinates":[132.7177,-22.8556]},"properties":{"d":"2026-10-08","t":"0527","frp":12.6,"b":367.0,"c":2,"s":"N21","n":0}},{"type":"Feature","geometry":{"type":"Point","coordinates":[132.6954,-22.855]},"properties":{"d":"2026-10-08","t":"0527","frp":18.1,"b":352.3,"c":1,"s":"N21","n":0}},{"type":"Feature","geometry":{"type":"Point","coordinates":[132.7212,-22.8548]},"properties":{"d":"2026-10-08","t":"0527","frp":12.6,"b":344.3,"c":1,"s":"N21","n":0}},{"type":"Feature","geometry":{"type":"Point","coordinates":[132.6989,-22.8542]},"properties":{"d":"2026-10-08","t":"0527","frp":18.1,"b":345.9,"c":1,"s":"N21","n":0}},{"type":"Feature","geometry":{"type":"Point","coordinates":[132.7024,-22.8534]},"properties":{"d":"2026-10-08","t":"0527","frp":11.8,"b":353.8,"c":1,"s":"N21","n":0}},{"type":"Feature","geometry":{"type":"Point","coordinates":[132.7059,-22.8527]},"properties":{"d":"2026-10-08","t":"0527","frp":11.8,"b":367.0,"c":2,"s":"N21","n":0}},{"type":"Feature","geometry":{"type":"Point","coordinates":[132.6906,-22.8505]},"properties":{"d":"2026-10-08","t":"0527","frp":34.4,"b":367.0,"c":2,"s":"N21","n":0}},{"type":"Feature","geometry":{"type":"Point","coordinates":[132.6941,-22.8498]},"properties":{"d":"2026-10-08","t":"0527","frp":18.1,"b":367.0,"c":2,"s":"N21","n":0}},{"type":"Feature","geometry":{"type":"Point","coordinates":[132.674,-22.8494]},"properties":{"d":"2026-10-08","t":"0527","frp":13.2,"b":337.7,"c":0,"s":"N21","n":0}},{"type":"Feature","geometry":{"type":"Point","coordinates":[132.6975,-22.849]},"properties":{"d":"2026-10-08","t":"0527","frp":18.1,"b":367.0,"c":2,"s":"N21","n":0}},{"type":"Feature","geometry":{"type":"Point","coordinates":[132.6775,-22.8486]},"properties":{"d":"2026-10-08","t":"0527","frp":2.8,"b":342.5,"c":1,"s":"N21","n":0}},{"type":"Feature","geometry":{"type":"Point","coordinates":[132.681,-22.8479]},"properties":{"d":"2026-10-08","t":"0527","frp":2.8,"b":330.9,"c":1,"s":"N21","n":0}},{"type":"Feature","geometry":{"type":"Point","coordinates":[132.688,-22.8464]},"properties":{"d":"2026-10-08","t":"0527","frp":2.9,"b":338.4,"c":1,"s":"N21","n":0}},{"type":"Feature","geometry":{"type":"Point","coordinates":[132.6915,-22.8456]},"properties":{"d":"2026-10-08","t":"0527","frp":4.6,"b":355.5,"c":1,"s":"N21","n":0}},{"type":"Feature","geometry":{"type":"Point","coordinates":[132.6892,-22.8453]},"properties":{"d":"2026-10-08","t":"0527","frp":9.5,"b":350.1,"c":1,"s":"N21","n":0}},{"type":"Feature","geometry":{"type":"Point","coordinates":[132.695,-22.8449]},"properties":{"d":"2026-10-08","t":"0527","frp":4.6,"b":331.0,"c":1,"s":"N21","n":0}},{"type":"Feature","geometry":{"type":"Point","coordinates":[132.6927,-22.8446]},"properties":{"d":"2026-10-08","t":"0527","frp":8.2,"b":351.4,"c":1,"s":"N21","n":0}},{"type":"Feature","geometry":{"type":"Point","coordinates":[132.6761,-22.8434]},"properties":{"d":"2026-10-08","t":"0527","frp":2.8,"b":331.6,"c":1,"s":"N21","n":0}},{"type":"Feature","geometry":{"type":"Point","coordinates":[132.6713,-22.839]},"properties":{"d":"2026-10-08","t":"0527","frp":10.4,"b":367.0,"c":2,"s":"N21","n":0}},{"type":"Feature","geometry":{"type":"Point","coordinates":[132.6748,-22.8382]},"properties":{"d":"2026-10-08","t":"0527","frp":19.4,"b":367.0,"c":2,"s":"N21","n":0}},{"type":"Feature","geometry":{"type":"Point","coordinates":[132.6726,-22.838]},"properties":{"d":"2026-10-08","t":"0527","frp":24.9,"b":367.0,"c":2,"s":"N21","n":0}},{"type":"Feature","geometry":{"type":"Point","coordinates":[132.6761,-22.8372]},"properties":{"d":"2026-10-08","t":"0527","frp":13.6,"b":354.7,"c":1,"s":"N21","n":0}},{"type":"Feature","geometry":{"type":"Point","coordinates":[132.6664,-22.8345]},"properties":{"d":"2026-10-08","t":"0527","frp":10.4,"b":341.9,"c":1,"s":"N21","n":0}},{"type":"Feature","geometry":{"type":"Point","coordinates":[134.3445,-22.1508]},"properties":{"d":"2026-10-08","t":"0527","frp":10.1,"b":332.2,"c":1,"s":"N21","n":0}},{"type":"Feature","geometry":{"type":"Point","coordinates":[134.3491,-22.1497]},"properties":{"d":"2026-10-08","t":"0527","frp":15.3,"b":338.7,"c":1,"s":"N21","n":0}},{"type":"Feature","geometry":{"type":"Point","coordinates":[134.344,-22.1468]},"properties":{"d":"2026-10-08","t":"0527","frp":15.2,"b":337.9,"c":1,"s":"N21","n":0}},{"type":"Feature","geometry":{"type":"Point","coordinates":[134.3487,-22.1458]},"properties":{"d":"2026-10-08","t":"0527","frp":21.1,"b":367.0,"c":2,"s":"N21","n":0}},{"type":"Feature","geometry":{"type":"Point","coordinates":[134.3428,-22.145]},"properties":{"d":"2026-10-08","t":"0527","frp":10.1,"b":342.5,"c":1,"s":"N21","n":0}},{"type":"Feature","geometry":{"type":"Point","coordinates":[134.3475,-22.1439]},"properties":{"d":"2026-10-08","t":"0527","frp":15.3,"b":367.0,"c":2,"s":"N21","n":0}},{"type":"Feature","geometry":{"type":"Point","coordinates":[134.3277,-22.1423]},"properties":{"d":"2026-10-08","t":"0527","frp":11.6,"b":355.1,"c":1,"s":"N21","n":0}},{"type":"Feature","geometry":{"type":"Point","coordinates":[134.3322,-22.1413]},"properties":{"d":"2026-10-08","t":"0527","frp":11.6,"b":353.4,"c":1,"s":"N21","n":0}},{"type":"Feature","geometry":{"type":"Point","coordinates":[134.3425,-22.141]},"properties":{"d":"2026-10-08","t":"0527","frp":10.9,"b":367.0,"c":2,"s":"N21","n":0}},{"type":"Feature","geometry":{"type":"Point","coordinates":[134.3367,-22.1402]},"properties":{"d":"2026-10-08","t":"0527","frp":8.6,"b":367.0,"c":2,"s":"N21","n":0}},{"type":"Feature","geometry":{"type":"Point","coordinates":[134.3414,-22.1391]},"properties":{"d":"2026-10-08","t":"0527","frp":8.6,"b":336.2,"c":1,"s":"N21","n":0}},{"type":"Feature","geometry":{"type":"Point","coordinates":[134.3273,-22.1383]},"properties":{"d":"2026-10-08","t":"0527","frp":12.8,"b":367.0,"c":2,"s":"N21","n":0}},{"type":"Feature","geometry":{"type":"Point","coordinates":[134.3318,-22.1373]},"properties":{"d":"2026-10-08","t":"0527","frp":12.8,"b":354.4,"c":1,"s":"N21","n":0}},{"type":"Feature","geometry":{"type":"Point","coordinates":[134.3363,-22.1362]},"properties":{"d":"2026-10-08","t":"0527","frp":10.9,"b":341.7,"c":1,"s":"N21","n":0}},{"type":"Feature","geometry":{"type":"Point","coordinates":[132.6073,-21.9452]},"properties":{"d":"2026-10-08","t":"0527","frp":21.1,"b":341.9,"c":1,"s":"N21","n":0}},{"type":"Feature","geometry":{"type":"Point","coordinates":[132.6111,-21.9444]},"properties":{"d":"2026-10-08","t":"0527","frp":21.1,"b":352.5,"c":1,"s":"N21","n":0}},{"type":"Feature","geometry":{"type":"Point","coordinates":[132.6147,-21.9436]},"properties":{"d":"2026-10-08","t":"0527","frp":20.4,"b":367.0,"c":2,"s":"N21","n":0}},{"type":"Feature","geometry":{"type":"Point","coordinates":[132.6184,-21.9428]},"properties":{"d":"2026-10-08","t":"0527","frp":20.4,"b":367.0,"c":2,"s":"N21","n":0}},{"type":"Feature","geometry":{"type":"Point","coordinates":[132.6221,-21.942]},"properties":{"d":"2026-10-08","t":"0527","frp":19.8,"b":367.0,"c":2,"s":"N21","n":0}},{"type":"Feature","geometry":{"type":"Point","coordinates":[132.5989,-21.9414]},"properties":{"d":"2026-10-08","t":"0527","frp":13.4,"b":343.4,"c":1,"s":"N21","n":0}},{"type":"Feature","geometry":{"type":"Point","coordinates":[132.6257,-21.9412]},"properties":{"d":"2026-10-08","t":"0527","frp":19.8,"b":367.0,"c":2,"s":"N21","n":0}},{"type":"Feature","geometry":{"type":"Point","coordinates":[132.6063,-21.9398]},"properties":{"d":"2026-10-08","t":"0527","frp":21.1,"b":347.6,"c":1,"s":"N21","n":0}},{"type":"Feature","geometry":{"type":"Point","coordinates":[132.6099,-21.939]},"properties":{"d":"2026-10-08","t":"0527","frp":21.1,"b":367.0,"c":2,"s":"N21","n":0}},{"type":"Feature","geometry":{"type":"Point","coordinates":[132.6136,-21.9382]},"properties":{"d":"2026-10-08","t":"0527","frp":20.4,"b":350.9,"c":1,"s":"N21","n":0}},{"type":"Feature","geometry":{"type":"Point","coordinates":[132.5906,-21.9377]},"properties":{"d":"2026-10-08","t":"0527","frp":9.4,"b":344.6,"c":1,"s":"N21","n":0}},{"type":"Feature","geometry":{"type":"Point","coordinates":[132.6172,-21.9374]},"properties":{"d":"2026-10-08","t":"0527","frp":20.4,"b":367.0,"c":2,"s":"N21","n":0}},{"type":"Feature","geometry":{"type":"Point","coordinates":[132.5942,-21.9369]},"properties":{"d":"2026-10-08","t":"0527","frp":9.4,"b":367.0,"c":2,"s":"N21","n":0}},{"type":"Feature","geometry":{"type":"Point","coordinates":[132.6208,-21.9367]},"properties":{"d":"2026-10-08","t":"0527","frp":19.8,"b":367.0,"c":2,"s":"N21","n":0}},{"type":"Feature","geometry":{"type":"Point","coordinates":[132.5979,-21.9361]},"properties":{"d":"2026-10-08","t":"0527","frp":7.3,"b":330.5,"c":1,"s":"N21","n":0}},{"type":"Feature","geometry":{"type":"Point","coordinates":[132.6244,-21.9359]},"properties":{"d":"2026-10-08","t":"0527","frp":19.8,"b":339.7,"c":1,"s":"N21","n":0}},{"type":"Feature","geometry":{"type":"Point","coordinates":[132.6015,-21.9353]},"properties":{"d":"2026-10-08","t":"0527","frp":7.3,"b":334.9,"c":1,"s":"N21","n":0}},{"type":"Feature","geometry":{"type":"Point","coordinates":[132.6051,-21.9345]},"properties":{"d":"2026-10-08","t":"0527","frp":11.7,"b":367.0,"c":2,"s":"N21","n":0}},{"type":"Feature","geometry":{"type":"Point","coordinates":[132.6123,-21.9329]},"properties":{"d":"2026-10-08","t":"0527","frp":8.7,"b":345.6,"c":1,"s":"N21","n":0}},{"type":"Feature","geometry":{"type":"Point","coordinates":[132.6159,-21.9321]},"properties":{"d":"2026-10-08","t":"0527","frp":8.7,"b":367.0,"c":2,"s":"N21","n":0}},{"type":"Feature","geometry":{"type":"Point","coordinates":[132.6195,-21.9313]},"properties":{"d":"2026-10-08","t":"0527","frp":26.4,"b":367.0,"c":2,"s":"N21","n":0}},{"type":"Feature","geometry":{"type":"Point","coordinates":[132.6074,-21.9284]},"properties":{"d":"2026-10-08","t":"0527","frp":11.7,"b":350.8,"c":1,"s":"N21","n":0}},{"type":"Feature","geometry":{"type":"Point","coordinates":[132.611,-21.9276]},"properties":{"d":"2026-10-08","t":"0527","frp":8.7,"b":339.2,"c":1,"s":"N21","n":0}},{"type":"Feature","geometry":{"type":"Point","coordinates":[132.6146,-21.9268]},"properties":{"d":"2026-10-08","t":"0527","frp":8.7,"b":352.6,"c":1,"s":"N21","n":0}},{"type":"Feature","geometry":{"type":"Point","coordinates":[132.5917,-21.9263]},"properties":{"d":"2026-10-08","t":"0527","frp":3.0,"b":343.3,"c":1,"s":"N21","n":0}},{"type":"Feature","geometry":{"type":"Point","coordinates":[132.6097,-21.9223]},"properties":{"d":"2026-10-08","t":"0527","frp":3.4,"b":334.5,"c":1,"s":"N21","n":0}},{"type":"Feature","geometry":{"type":"Point","coordinates":[132.6022,-21.9072]},"properties":{"d":"2026-10-08","t":"0527","frp":3.2,"b":340.4,"c":1,"s":"N21","n":0}},{"type":"Feature","geometry":{"type":"Point","coordinates":[132.6104,-21.8408]},"properties":{"d":"2026-10-08","t":"0527","frp":6.1,"b":340.4,"c":1,"s":"N21","n":0}},{"type":"Feature","geometry":{"type":"Point","coordinates":[132.5282,-21.7807]},"properties":{"d":"2026-10-08","t":"0527","frp":8.9,"b":337.8,"c":1,"s":"N21","n":0}},{"type":"Feature","geometry":{"type":"Point","coordinates":[132.5284,-21.7772]},"properties":{"d":"2026-10-08","t":"0527","frp":11.3,"b":367.0,"c":2,"s":"N21","n":0}},{"type":"Feature","geometry":{"type":"Point","coordinates":[114.992,-21.6988]},"properties":{"d":"2026-10-08","t":"0527","frp":9.2,"b":341.6,"c":1,"s":"N21","n":0}},{"type":"Feature","geometry":{"type":"Point","coordinates":[114.9971,-21.6982]},"properties":{"d":"2026-10-08","t":"0527","frp":9.9,"b":343.5,"c":1,"s":"N21","n":0}},{"type":"Feature","geometry":{"type":"Point","coordinates":[115.0012,-21.6884]},"properties":{"d":"2026-10-08","t":"0527","frp":21.9,"b":343.9,"c":1,"s":"N21","n":0}},{"type":"Feature","geometry":{"type":"Point","coordinates":[135.2825,-21.2242]},"properties":{"d":"2026-10-08","t":"0527","frp":16.1,"b":334.6,"c":1,"s":"N21","n":0}},{"type":"Feature","geometry":{"type":"Point","coordinates":[135.2885,-21.2228]},"properties":{"d":"2026-10-08","t":"0527","frp":37.8,"b":352.1,"c":1,"s":"N21","n":0}},{"type":"Feature","geometry":{"type":"Point","coordinates":[135.2946,-21.2214]},"properties":{"d":"2026-10-08","t":"0527","frp":37.8,"b":367.0,"c":2,"s":"N21","n":0}},{"type":"Feature","geometry":{"type":"Point","coordinates":[135.2754,-21.2192]},"properties":{"d":"2026-10-08","t":"0527","frp":25.6,"b":337.3,"c":1,"s":"N21","n":0}},{"type":"Feature","geometry":{"type":"Point","coordinates":[135.2532,-21.2178]},"properties":{"d":"2026-10-08","t":"0527","frp":11.9,"b":334.4,"c":1,"s":"N21","n":0}},{"type":"Feature","geometry":{"type":"Point","coordinates":[135.2813,-21.2178]},"properties":{"d":"2026-10-08","t":"0527","frp":25.6,"b":367.0,"c":2,"s":"N21","n":0}},{"type":"Feature","geometry":{"type":"Point","coordinates":[135.2582,-21.2167]},"properties":{"d":"2026-10-08","t":"0527","frp":11.9,"b":367.0,"c":2,"s":"N21","n":0}},{"type":"Feature","geometry":{"type":"Point","coordinates":[135.2873,-21.2164]},"properties":{"d":"2026-10-08","t":"0527","frp":44.0,"b":367.0,"c":2,"s":"N21","n":0}},{"type":"Feature","geometry":{"type":"Point","coordinates":[135.2631,-21.2155]},"properties":{"d":"2026-10-08","t":"0527","frp":15.5,"b":344.3,"c":1,"s":"N21","n":0}},{"type":"Feature","geometry":{"type":"Point","coordinates":[135.293,-21.2151]},"properties":{"d":"2026-10-08","t":"0527","frp":44.0,"b":355.4,"c":1,"s":"N21","n":0}},{"type":"Feature","geometry":{"type":"Point","coordinates":[135.2515,-21.2116]},"properties":{"d":"2026-10-08","t":"0527","frp":25.6,"b":367.0,"c":2,"s":"N21","n":0}},{"type":"Feature","geometry":{"type":"Point","coordinates":[135.2566,-21.2104]},"properties":{"d":"2026-10-08","t":"0527","frp":25.6,"b":331.1,"c":1,"s":"N21","n":0}},{"type":"Feature","geometry":{"type":"Point","coordinates":[135.2859,-21.2101]},"properties":{"d":"2026-10-08","t":"0527","frp":44.0,"b":342.8,"c":1,"s":"N21","n":0}},{"type":"Feature","geometry":{"type":"Point","coordinates":[135.2915,-21.2088]},"properties":{"d":"2026-10-08","t":"0527","frp":44.0,"b":349.4,"c":1,"s":"N21","n":0}},{"type":"Feature","geometry":{"type":"Point","coordinates":[135.297,-21.2075]},"properties":{"d":"2026-10-08","t":"0527","frp":65.1,"b":332.7,"c":1,"s":"N21","n":0}},{"type":"Feature","geometry":{"type":"Point","coordinates":[135.2448,-21.2065]},"properties":{"d":"2026-10-08","t":"0527","frp":27.9,"b":341.7,"c":1,"s":"N21","n":0}},{"type":"Feature","geometry":{"type":"Point","coordinates":[135.2499,-21.2053]},"properties":{"d":"2026-10-08","t":"0527","frp":25.6,"b":367.0,"c":2,"s":"N21","n":0}},{"type":"Feature","geometry":{"type":"Point","coordinates":[135.2843,-21.2038]},"properties":{"d":"2026-10-08","t":"0527","frp":19.9,"b":367.0,"c":2,"s":"N21","n":0}},{"type":"Feature","geometry":{"type":"Point","coordinates":[135.2898,-21.2025]},"properties":{"d":"2026-10-08","t":"0527","frp":19.9,"b":367.0,"c":2,"s":"N21","n":0}},{"type":"Feature","geometry":{"type":"Point","coordinates":[135.2772,-21.1989]},"properties":{"d":"2026-10-08","t":"0527","frp":32.5,"b":344.2,"c":1,"s":"N21","n":0}},{"type":"Feature","geometry":{"type":"Point","coordinates":[135.2827,-21.1975]},"properties":{"d":"2026-10-08","t":"0527","frp":19.9,"b":367.0,"c":2,"s":"N21","n":0}},{"type":"Feature","geometry":{"type":"Point","coordinates":[135.2756,-21.1926]},"properties":{"d":"2026-10-08","t":"0527","frp":24.0,"b":367.0,"c":2,"s":"N21","n":0}},{"type":"Feature","geometry":{"type":"Point","coordinates":[135.2811,-21.1913]},"properties":{"d":"2026-10-08","t":"0527","frp":17.6,"b":354.9,"c":1,"s":"N21","n":0}},{"type":"Feature","geometry":{"type":"Point","coordinates":[135.274,-21.1863]},"properties":{"d":"2026-10-08","t":"0527","frp":24.0,"b":367.0,"c":2,"s":"N21","n":0}},{"type":"Feature","geometry":{"type":"Point","coordinates":[135.2794,-21.185]},"properties":{"d":"2026-10-08","t":"0527","frp":17.6,"b":342.2,"c":1,"s":"N21","n":0}},{"type":"Feature","geometry":{"type":"Point","coordinates":[135.2551,-21.1841]},"properties":{"d":"2026-10-08","t":"0527","frp":9.3,"b":334.3,"c":0,"s":"N21","n":0}},{"type":"Feature","geometry":{"type":"Point","coordinates":[135.2723,-21.1801]},"properties":{"d":"2026-10-08","t":"0527","frp":15.7,"b":349.4,"c":1,"s":"N21","n":0}},{"type":"Feature","geometry":{"type":"Point","coordinates":[135.2716,-21.1776]},"properties":{"d":"2026-10-08","t":"0527","frp":9.6,"b":346.5,"c":1,"s":"N21","n":0}},{"type":"Feature","geometry":{"type":"Point","coordinates":[135.2524,-21.1715]},"properties":{"d":"2026-10-08","t":"0527","frp":6.0,"b":335.2,"c":0,"s":"N21","n":0}},{"type":"Feature","geometry":{"type":"Point","coordinates":[135.258,-21.1702]},"properties":{"d":"2026-10-08","t":"0527","frp":6.0,"b":330.4,"c":0,"s":"N21","n":0}},{"type":"Feature","geometry":{"type":"Point","coordinates":[135.2516,-21.169]},"properties":{"d":"2026-10-08","t":"0527","frp":7.4,"b":335.6,"c":0,"s":"N21","n":0}},{"type":"Feature","geometry":{"type":"Point","coordinates":[132.7855,-21.1477]},"properties":{"d":"2026-10-08","t":"0527","frp":5.2,"b":335.1,"c":0,"s":"N21","n":0}},{"type":"Feature","geometry":{"type":"Point","coordinates":[132.7914,-21.1235]},"properties":{"d":"2026-10-08","t":"0527","frp":5.7,"b":337.5,"c":0,"s":"N21","n":0}},{"type":"Feature","geometry":{"type":"Point","coordinates":[132.7952,-21.1227]},"properties":{"d":"2026-10-08","t":"0527","frp":5.7,"b":336.1,"c":0,"s":"N21","n":0}},{"type":"Feature","geometry":{"type":"Point","coordinates":[132.8028,-21.121]},"properties":{"d":"2026-10-08","t":"0527","frp":13.0,"b":348.9,"c":1,"s":"N21","n":0}},{"type":"Feature","geometry":{"type":"Point","coordinates":[132.8066,-21.1201]},"properties":{"d":"2026-10-08","t":"0527","frp":7.4,"b":344.4,"c":1,"s":"N21","n":0}},{"type":"Feature","geometry":{"type":"Point","coordinates":[132.7977,-21.1164]},"properties":{"d":"2026-10-08","t":"0527","frp":6.4,"b":351.2,"c":1,"s":"N21","n":0}},{"type":"Feature","geometry":{"type":"Point","coordinates":[132.8014,-21.1155]},"properties":{"d":"2026-10-08","t":"0527","frp":6.4,"b":348.0,"c":1,"s":"N21","n":0}},{"type":"Feature","geometry":{"type":"Point","coordinates":[132.8053,-21.1147]},"properties":{"d":"2026-10-08","t":"0527","frp":6.9,"b":335.0,"c":0,"s":"N21","n":0}},{"type":"Feature","geometry":{"type":"Point","coordinates":[132.7646,-21.1122]},"properties":{"d":"2026-10-08","t":"0527","frp":7.7,"b":336.9,"c":0,"s":"N21","n":0}},{"type":"Feature","geometry":{"type":"Point","coordinates":[132.7963,-21.1109]},"properties":{"d":"2026-10-08","t":"0527","frp":6.4,"b":344.1,"c":1,"s":"N21","n":0}},{"type":"Feature","geometry":{"type":"Point","coordinates":[132.8001,-21.1101]},"properties":{"d":"2026-10-08","t":"0527","frp":6.4,"b":349.1,"c":1,"s":"N21","n":0}},{"type":"Feature","geometry":{"type":"Point","coordinates":[132.7949,-21.1055]},"properties":{"d":"2026-10-08","t":"0527","frp":7.7,"b":341.6,"c":1,"s":"N21","n":0}},{"type":"Feature","geometry":{"type":"Point","coordinates":[132.7987,-21.1046]},"properties":{"d":"2026-10-08","t":"0527","frp":7.7,"b":353.3,"c":1,"s":"N21","n":0}},{"type":"Feature","geometry":{"type":"Point","coordinates":[132.7922,-21.0946]},"properties":{"d":"2026-10-08","t":"0527","frp":8.9,"b":340.3,"c":1,"s":"N21","n":0}},{"type":"Feature","geometry":{"type":"Point","coordinates":[132.787,-21.09]},"properties":{"d":"2026-10-08","t":"0527","frp":20.4,"b":367.0,"c":2,"s":"N21","n":0}},{"type":"Feature","geometry":{"type":"Point","coordinates":[132.7909,-21.0892]},"properties":{"d":"2026-10-08","t":"0527","frp":8.9,"b":367.0,"c":2,"s":"N21","n":0}},{"type":"Feature","geometry":{"type":"Point","coordinates":[132.7857,-21.0846]},"properties":{"d":"2026-10-08","t":"0527","frp":8.3,"b":367.0,"c":2,"s":"N21","n":0}},{"type":"Feature","geometry":{"type":"Point","coordinates":[132.7806,-21.08]},"properties":{"d":"2026-10-08","t":"0527","frp":8.3,"b":339.6,"c":1,"s":"N21","n":0}},{"type":"Feature","geometry":{"type":"Point","coordinates":[132.7823,-21.0794]},"properties":{"d":"2026-10-08","t":"0527","frp":3.5,"b":336.8,"c":1,"s":"N21","n":0}},{"type":"Feature","geometry":{"type":"Point","coordinates":[130.0622,-20.7567]},"properties":{"d":"2026-10-08","t":"0527","frp":10.0,"b":343.0,"c":1,"s":"N21","n":0}},{"type":"Feature","geometry":{"type":"Point","coordinates":[130.0661,-20.7268]},"properties":{"d":"2026-10-08","t":"0527","frp":9.3,"b":336.4,"c":1,"s":"N21","n":0}},{"type":"Feature","geometry":{"type":"Point","coordinates":[130.065,-20.7222]},"properties":{"d":"2026-10-08","t":"0527","frp":9.3,"b":343.6,"c":1,"s":"N21","n":0}},{"type":"Feature","geometry":{"type":"Point","coordinates":[130.0691,-20.7165]},"properties":{"d":"2026-10-08","t":"0527","frp":26.0,"b":341.4,"c":1,"s":"N21","n":0}},{"type":"Feature","geometry":{"type":"Point","coordinates":[130.068,-20.7119]},"properties":{"d":"2026-10-08","t":"0527","frp":26.0,"b":341.2,"c":1,"s":"N21","n":0}},{"type":"Feature","geometry":{"type":"Point","coordinates":[130.0669,-20.7072]},"properties":{"d":"2026-10-08","t":"0527","frp":14.1,"b":343.1,"c":1,"s":"N21","n":0}},{"type":"Feature","geometry":{"type":"Point","coordinates":[130.0658,-20.7026]},"properties":{"d":"2026-10-08","t":"0527","frp":14.1,"b":343.3,"c":1,"s":"N21","n":0}},{"type":"Feature","geometry":{"type":"Point","coordinates":[130.0648,-20.6979]},"properties":{"d":"2026-10-08","t":"0527","frp":13.0,"b":341.7,"c":1,"s":"N21","n":0}},{"type":"Feature","geometry":{"type":"Point","coordinates":[130.0585,-20.6944]},"properties":{"d":"2026-10-08","t":"0527","frp":13.0,"b":353.3,"c":1,"s":"N21","n":0}},{"type":"Feature","geometry":{"type":"Point","coordinates":[130.0574,-20.6897]},"properties":{"d":"2026-10-08","t":"0527","frp":14.0,"b":341.9,"c":1,"s":"N21","n":0}},{"type":"Feature","geometry":{"type":"Point","coordinates":[130.0512,-20.6861]},"properties":{"d":"2026-10-08","t":"0527","frp":17.0,"b":339.0,"c":0,"s":"N21","n":0}},{"type":"Feature","geometry":{"type":"Point","coordinates":[130.0564,-20.6851]},"properties":{"d":"2026-10-08","t":"0527","frp":14.0,"b":343.7,"c":1,"s":"N21","n":0}},{"type":"Feature","geometry":{"type":"Point","coordinates":[130.0553,-20.6804]},"properties":{"d":"2026-10-08","t":"0527","frp":23.4,"b":355.4,"c":1,"s":"N21","n":0}},{"type":"Feature","geometry":{"type":"Point","coordinates":[130.0334,-20.68]},"properties":{"d":"2026-10-08","t":"0527","frp":23.4,"b":345.6,"c":1,"s":"N21","n":0}},{"type":"Feature","geometry":{"type":"Point","coordinates":[130.0542,-20.6758]},"properties":{"d":"2026-10-08","t":"0527","frp":23.4,"b":348.5,"c":1,"s":"N21","n":0}},{"type":"Feature","geometry":{"type":"Point","coordinates":[130.0323,-20.6754]},"properties":{"d":"2026-10-08","t":"0527","frp":17.4,"b":343.2,"c":1,"s":"N21","n":0}},{"type":"Feature","geometry":{"type":"Point","coordinates":[130.0375,-20.6743]},"properties":{"d":"2026-10-08","t":"0527","frp":17.4,"b":343.0,"c":1,"s":"N21","n":0}},{"type":"Feature","geometry":{"type":"Point","coordinates":[130.0359,-20.6722]},"properties":{"d":"2026-10-08","t":"0527","frp":25.5,"b":352.7,"c":1,"s":"N21","n":0}},{"type":"Feature","geometry":{"type":"Point","coordinates":[130.0532,-20.6712]},"properties":{"d":"2026-10-08","t":"0527","frp":20.4,"b":342.4,"c":1,"s":"N21","n":0}},{"type":"Feature","geometry":{"type":"Point","coordinates":[130.0584,-20.6701]},"properties":{"d":"2026-10-08","t":"0527","frp":20.4,"b":341.9,"c":1,"s":"N21","n":0}},{"type":"Feature","geometry":{"type":"Point","coordinates":[130.0365,-20.6697]},"properties":{"d":"2026-10-08","t":"0527","frp":17.4,"b":342.5,"c":1,"s":"N21","n":0}},{"type":"Feature","geometry":{"type":"Point","coordinates":[130.0569,-20.6681]},"properties":{"d":"2026-10-08","t":"0527","frp":29.2,"b":342.4,"c":1,"s":"N21","n":0}},{"type":"Feature","geometry":{"type":"Point","coordinates":[130.0349,-20.6676]},"properties":{"d":"2026-10-08","t":"0527","frp":25.5,"b":352.0,"c":1,"s":"N21","n":0}},{"type":"Feature","geometry":{"type":"Point","coordinates":[130.0573,-20.6654]},"properties":{"d":"2026-10-08","t":"0527","frp":20.4,"b":342.4,"c":1,"s":"N21","n":0}},{"type":"Feature","geometry":{"type":"Point","coordinates":[130.0354,-20.6651]},"properties":{"d":"2026-10-08","t":"0527","frp":16.1,"b":352.2,"c":1,"s":"N21","n":0}},{"type":"Feature","geometry":{"type":"Point","coordinates":[130.0558,-20.6635]},"properties":{"d":"2026-10-08","t":"0527","frp":29.2,"b":351.5,"c":1,"s":"N21","n":0}},{"type":"Feature","geometry":{"type":"Point","coordinates":[130.0338,-20.663]},"properties":{"d":"2026-10-08","t":"0527","frp":14.6,"b":338.0,"c":1,"s":"N21","n":0}},{"type":"Feature","geometry":{"type":"Point","coordinates":[130.039,-20.6619]},"properties":{"d":"2026-10-08","t":"0527","frp":14.6,"b":343.6,"c":1,"s":"N21","n":0}},{"type":"Feature","geometry":{"type":"Point","coordinates":[130.0563,-20.6608]},"properties":{"d":"2026-10-08","t":"0527","frp":25.3,"b":352.5,"c":1,"s":"N21","n":0}},{"type":"Feature","geometry":{"type":"Point","coordinates":[130.0344,-20.6604]},"properties":{"d":"2026-10-08","t":"0527","frp":16.1,"b":341.9,"c":1,"s":"N21","n":0}},{"type":"Feature","geometry":{"type":"Point","coordinates":[130.0395,-20.6594]},"properties":{"d":"2026-10-08","t":"0527","frp":17.8,"b":340.7,"c":1,"s":"N21","n":0}},{"type":"Feature","geometry":{"type":"Point","coordinates":[130.0547,-20.6589]},"properties":{"d":"2026-10-08","t":"0527","frp":36.9,"b":346.1,"c":1,"s":"N21","n":0}},{"type":"Feature","geometry":{"type":"Point","coordinates":[130.038,-20.6573]},"properties":{"d":"2026-10-08","t":"0527","frp":14.6,"b":343.4,"c":1,"s":"N21","n":0}},{"type":"Feature","geometry":{"type":"Point","coordinates":[130.0552,-20.6562]},"properties":{"d":"2026-10-08","t":"0527","frp":25.3,"b":345.1,"c":1,"s":"N21","n":0}},{"type":"Feature","geometry":{"type":"Point","coordinates":[130.0385,-20.6547]},"properties":{"d":"2026-10-08","t":"0527","frp":10.8,"b":336.4,"c":1,"s":"N21","n":0}},{"type":"Feature","geometry":{"type":"Point","coordinates":[130.0537,-20.6542]},"properties":{"d":"2026-10-08","t":"0527","frp":36.9,"b":302.9,"c":0,"s":"N21","n":0}},{"type":"Feature","geometry":{"type":"Point","coordinates":[130.0318,-20.6537]},"properties":{"d":"2026-10-08","t":"0527","frp":8.1,"b":338.5,"c":1,"s":"N21","n":0}},{"type":"Feature","geometry":{"type":"Point","coordinates":[130.0589,-20.6532]},"properties":{"d":"2026-10-08","t":"0527","frp":36.9,"b":342.0,"c":1,"s":"N21","n":0}},{"type":"Feature","geometry":{"type":"Point","coordinates":[130.0542,-20.6515]},"properties":{"d":"2026-10-08","t":"0527","frp":49.6,"b":339.6,"c":1,"s":"N21","n":0}},{"type":"Feature","geometry":{"type":"Point","coordinates":[130.0323,-20.6511]},"properties":{"d":"2026-10-08","t":"0527","frp":12.0,"b":344.9,"c":1,"s":"N21","n":0}},{"type":"Feature","geometry":{"type":"Point","coordinates":[130.0307,-20.649]},"properties":{"d":"2026-10-08","t":"0527","frp":8.1,"b":338.4,"c":1,"s":"N21","n":0}},{"type":"Feature","geometry":{"type":"Point","coordinates":[130.0427,-20.649]},"properties":{"d":"2026-10-08","t":"0527","frp":10.8,"b":343.6,"c":1,"s":"N21","n":0}},{"type":"Feature","geometry":{"type":"Point","coordinates":[130.0579,-20.6485]},"properties":{"d":"2026-10-08","t":"0527","frp":10.0,"b":343.4,"c":1,"s":"N21","n":0}},{"type":"Feature","geometry":{"type":"Point","coordinates":[130.0411,-20.647]},"properties":{"d":"2026-10-08","t":"0527","frp":18.6,"b":346.8,"c":1,"s":"N21","n":0}},{"type":"Feature","geometry":{"type":"Point","coordinates":[130.0584,-20.6458]},"properties":{"d":"2026-10-08","t":"0527","frp":30.8,"b":342.4,"c":1,"s":"N21","n":0}},{"type":"Feature","geometry":{"type":"Point","coordinates":[130.0568,-20.6439]},"properties":{"d":"2026-10-08","t":"0527","frp":10.0,"b":350.5,"c":1,"s":"N21","n":0}},{"type":"Feature","geometry":{"type":"Point","coordinates":[130.0401,-20.6423]},"properties":{"d":"2026-10-08","t":"0527","frp":6.9,"b":342.3,"c":1,"s":"N21","n":0}},{"type":"Feature","geometry":{"type":"Point","coordinates":[130.0453,-20.6413]},"properties":{"d":"2026-10-08","t":"0527","frp":6.9,"b":338.1,"c":0,"s":"N21","n":0}},{"type":"Feature","geometry":{"type":"Point","coordinates":[130.0558,-20.6392]},"properties":{"d":"2026-10-08","t":"0527","frp":6.8,"b":343.9,"c":1,"s":"N21","n":0}},{"type":"Feature","geometry":{"type":"Point","coordinates":[130.0547,-20.6346]},"properties":{"d":"2026-10-08","t":"0527","frp":6.8,"b":335.5,"c":0,"s":"N21","n":0}},{"type":"Feature","geometry":{"type":"Point","coordinates":[130.0527,-20.6253]},"properties":{"d":"2026-10-08","t":"0527","frp":11.5,"b":341.6,"c":1,"s":"N21","n":0}},{"type":"Feature","geometry":{"type":"Point","coordinates":[128.9493,-18.4168]},"properties":{"d":"2026-10-08","t":"0529","frp":4.4,"b":341.6,"c":1,"s":"N21","n":0}},{"type":"Feature","geometry":{"type":"Point","coordinates":[135.1143,-17.0782]},"properties":{"d":"2026-10-08","t":"0529","frp":9.2,"b":343.2,"c":1,"s":"N21","n":0}},{"type":"Feature","geometry":{"type":"Point","coordinates":[135.1151,-17.0728]},"properties":{"d":"2026-10-08","t":"0529","frp":24.1,"b":347.9,"c":1,"s":"N21","n":0}},{"type":"Feature","geometry":{"type":"Point","coordinates":[135.1127,-17.0714]},"properties":{"d":"2026-10-08","t":"0529","frp":9.2,"b":337.4,"c":1,"s":"N21","n":0}},{"type":"Feature","geometry":{"type":"Point","coordinates":[135.1175,-17.0633]},"properties":{"d":"2026-10-08","t":"0529","frp":8.3,"b":330.8,"c":1,"s":"N21","n":0}},{"type":"Feature","geometry":{"type":"Point","coordinates":[135.1157,-17.0566]},"properties":{"d":"2026-10-08","t":"0529","frp":8.3,"b":331.6,"c":1,"s":"N21","n":0}},{"type":"Feature","geometry":{"type":"Point","coordinates":[135.1236,-17.0051]},"properties":{"d":"2026-10-08","t":"0529","frp":21.6,"b":346.7,"c":1,"s":"N21","n":0}},{"type":"Feature","geometry":{"type":"Point","coordinates":[135.1301,-17.0037]},"properties":{"d":"2026-10-08","t":"0529","frp":17.1,"b":332.1,"c":1,"s":"N21","n":0}},{"type":"Feature","geometry":{"type":"Point","coordinates":[135.4271,-16.8854]},"properties":{"d":"2026-10-08","t":"0529","frp":15.7,"b":344.9,"c":1,"s":"N21","n":0}},{"type":"Feature","geometry":{"type":"Point","coordinates":[135.4339,-16.8839]},"properties":{"d":"2026-10-08","t":"0529","frp":15.7,"b":352.0,"c":1,"s":"N21","n":0}},{"type":"Feature","geometry":{"type":"Point","coordinates":[135.4327,-16.8837]},"properties":{"d":"2026-10-08","t":"0529","frp":29.6,"b":367.0,"c":2,"s":"N21","n":0}},{"type":"Feature","geometry":{"type":"Point","coordinates":[135.4253,-16.8786]},"properties":{"d":"2026-10-08","t":"0529","frp":15.7,"b":339.1,"c":1,"s":"N21","n":0}},{"type":"Feature","geometry":{"type":"Point","coordinates":[135.4321,-16.8771]},"properties":{"d":"2026-10-08","t":"0529","frp":15.7,"b":350.4,"c":1,"s":"N21","n":0}},{"type":"Feature","geometry":{"type":"Point","coordinates":[135.4309,-16.8769]},"properties":{"d":"2026-10-08","t":"0529","frp":26.8,"b":367.0,"c":2,"s":"N21","n":0}},{"type":"Feature","geometry":{"type":"Point","coordinates":[135.4235,-16.8718]},"properties":{"d":"2026-10-08","t":"0529","frp":14.2,"b":337.9,"c":1,"s":"N21","n":0}},{"type":"Feature","geometry":{"type":"Point","coordinates":[135.4225,-16.8716]},"properties":{"d":"2026-10-08","t":"0529","frp":19.3,"b":332.1,"c":1,"s":"N21","n":0}},{"type":"Feature","geometry":{"type":"Point","coordinates":[135.4084,-16.868]},"properties":{"d":"2026-10-08","t":"0529","frp":23.4,"b":367.0,"c":2,"s":"N21","n":0}},{"type":"Feature","geometry":{"type":"Point","coordinates":[135.4074,-16.8679]},"properties":{"d":"2026-10-08","t":"0529","frp":15.1,"b":367.0,"c":2,"s":"N21","n":0}},{"type":"Feature","geometry":{"type":"Point","coordinates":[129.7801,-16.7592]},"properties":{"d":"2026-10-08","t":"0529","frp":14.8,"b":348.1,"c":1,"s":"N21","n":0}},{"type":"Feature","geometry":{"type":"Point","coordinates":[129.7828,-16.7433]},"properties":{"d":"2026-10-08","t":"0529","frp":14.8,"b":338.5,"c":0,"s":"N21","n":0}},{"type":"Feature","geometry":{"type":"Point","coordinates":[129.7752,-16.7345]},"properties":{"d":"2026-10-08","t":"0529","frp":19.9,"b":346.0,"c":1,"s":"N21","n":0}},{"type":"Feature","geometry":{"type":"Point","coordinates":[130.3792,-16.6628]},"properties":{"d":"2026-10-08","t":"0529","frp":6.6,"b":342.5,"c":1,"s":"N21","n":0}},{"type":"Feature","geometry":{"type":"Point","coordinates":[130.3769,-16.6599]},"properties":{"d":"2026-10-08","t":"0529","frp":12.3,"b":367.0,"c":2,"s":"N21","n":0}},{"type":"Feature","geometry":{"type":"Point","coordinates":[130.3802,-16.6592]},"properties":{"d":"2026-10-08","t":"0529","frp":7.3,"b":341.4,"c":1,"s":"N21","n":0}},{"type":"Feature","geometry":{"type":"Point","coordinates":[130.3748,-16.6584]},"properties":{"d":"2026-10-08","t":"0529","frp":7.1,"b":356.0,"c":0,"s":"N21","n":0}},{"type":"Feature","geometry":{"type":"Point","coordinates":[130.378,-16.6577]},"properties":{"d":"2026-10-08","t":"0529","frp":6.6,"b":338.1,"c":1,"s":"N21","n":0}},{"type":"Feature","geometry":{"type":"Point","coordinates":[130.3362,-16.6073]},"properties":{"d":"2026-10-08","t":"0529","frp":21.9,"b":352.2,"c":1,"s":"N21","n":0}},{"type":"Feature","geometry":{"type":"Point","coordinates":[130.3254,-16.6042]},"properties":{"d":"2026-10-08","t":"0529","frp":8.8,"b":346.4,"c":1,"s":"N21","n":0}},{"type":"Feature","geometry":{"type":"Point","coordinates":[130.315,-16.6009]},"properties":{"d":"2026-10-08","t":"0529","frp":5.0,"b":340.3,"c":1,"s":"N21","n":0}},{"type":"Feature","geometry":{"type":"Point","coordinates":[130.5175,-16.5052]},"properties":{"d":"2026-10-08","t":"0529","frp":11.0,"b":367.0,"c":2,"s":"N21","n":0}},{"type":"Feature","geometry":{"type":"Point","coordinates":[130.513,-16.5007]},"properties":{"d":"2026-10-08","t":"0529","frp":11.0,"b":349.0,"c":1,"s":"N21","n":0}},{"type":"Feature","geometry":{"type":"Point","coordinates":[130.5119,-16.4955]},"properties":{"d":"2026-10-08","t":"0529","frp":42.2,"b":367.0,"c":2,"s":"N21","n":0}},{"type":"Feature","geometry":{"type":"Point","coordinates":[130.5072,-16.4911]},"properties":{"d":"2026-10-08","t":"0529","frp":44.8,"b":349.0,"c":1,"s":"N21","n":0}},{"type":"Feature","geometry":{"type":"Point","coordinates":[130.5043,-16.4754]},"properties":{"d":"2026-10-08","t":"0529","frp":4.7,"b":367.0,"c":2,"s":"N21","n":0}},{"type":"Feature","geometry":{"type":"Point","coordinates":[133.8144,-16.2569]},"properties":{"d":"2026-10-08","t":"0529","frp":34.4,"b":349.1,"c":1,"s":"N21","n":0}},{"type":"Feature","geometry":{"type":"Point","coordinates":[133.8198,-16.2557]},"properties":{"d":"2026-10-08","t":"0529","frp":34.4,"b":367.0,"c":2,"s":"N21","n":0}},{"type":"Feature","geometry":{"type":"Point","coordinates":[133.8156,-16.255]},"properties":{"d":"2026-10-08","t":"0529","frp":44.3,"b":338.1,"c":1,"s":"N21","n":0}},{"type":"Feature","geometry":{"type":"Point","coordinates":[133.7967,-16.2542]},"properties":{"d":"2026-10-08","t":"0529","frp":19.4,"b":346.1,"c":1,"s":"N21","n":0}},{"type":"Feature","geometry":{"type":"Point","coordinates":[133.821,-16.2538]},"properties":{"d":"2026-10-08","t":"0529","frp":44.3,"b":367.0,"c":2,"s":"N21","n":0}},{"type":"Feature","geometry":{"type":"Point","coordinates":[133.8021,-16.253]},"properties":{"d":"2026-10-08","t":"0529","frp":38.6,"b":351.9,"c":1,"s":"N21","n":0}},{"type":"Feature","geometry":{"type":"Point","coordinates":[133.7978,-16.2521]},"properties":{"d":"2026-10-08","t":"0529","frp":59.8,"b":367.0,"c":2,"s":"N21","n":0}},{"type":"Feature","geometry":{"type":"Point","coordinates":[133.8075,-16.2518]},"properties":{"d":"2026-10-08","t":"0529","frp":38.6,"b":367.0,"c":2,"s":"N21","n":0}},{"type":"Feature","geometry":{"type":"Point","coordinates":[133.8032,-16.251]},"properties":{"d":"2026-10-08","t":"0529","frp":53.2,"b":367.0,"c":2,"s":"N21","n":0}},{"type":"Feature","geometry":{"type":"Point","coordinates":[133.8129,-16.2506]},"properties":{"d":"2026-10-08","t":"0529","frp":34.4,"b":355.8,"c":1,"s":"N21","n":0}},{"type":"Feature","geometry":{"type":"Point","coordinates":[133.8086,-16.2498]},"properties":{"d":"2026-10-08","t":"0529","frp":53.2,"b":367.0,"c":2,"s":"N21","n":0}},{"type":"Feature","geometry":{"type":"Point","coordinates":[133.8183,-16.2494]},"properties":{"d":"2026-10-08","t":"0529","frp":34.4,"b":367.0,"c":2,"s":"N21","n":0}},{"type":"Feature","geometry":{"type":"Point","coordinates":[133.814,-16.2486]},"properties":{"d":"2026-10-08","t":"0529","frp":44.3,"b":339.5,"c":1,"s":"N21","n":0}},{"type":"Feature","geometry":{"type":"Point","coordinates":[133.7855,-16.2482]},"properties":{"d":"2026-10-08","t":"0529","frp":40.3,"b":354.0,"c":1,"s":"N21","n":0}},{"type":"Feature","geometry":{"type":"Point","coordinates":[133.7909,-16.247]},"properties":{"d":"2026-10-08","t":"0529","frp":29.7,"b":367.0,"c":2,"s":"N21","n":0}},{"type":"Feature","geometry":{"type":"Point","coordinates":[133.8249,-16.2463]},"properties":{"d":"2026-10-08","t":"0529","frp":16.0,"b":332.5,"c":1,"s":"N21","n":0}},{"type":"Feature","geometry":{"type":"Point","coordinates":[133.7963,-16.2458]},"properties":{"d":"2026-10-08","t":"0529","frp":29.7,"b":334.8,"c":1,"s":"N21","n":0}},{"type":"Feature","geometry":{"type":"Point","coordinates":[133.8017,-16.2447]},"properties":{"d":"2026-10-08","t":"0529","frp":8.5,"b":334.9,"c":1,"s":"N21","n":0}},{"type":"Feature","geometry":{"type":"Point","coordinates":[133.8071,-16.2435]},"properties":{"d":"2026-10-08","t":"0529","frp":8.5,"b":333.3,"c":1,"s":"N21","n":0}},{"type":"Feature","geometry":{"type":"Point","coordinates":[133.7839,-16.2418]},"properties":{"d":"2026-10-08","t":"0529","frp":40.3,"b":350.6,"c":1,"s":"N21","n":0}},{"type":"Feature","geometry":{"type":"Point","coordinates":[133.7893,-16.2407]},"properties":{"d":"2026-10-08","t":"0529","frp":29.7,"b":367.0,"c":2,"s":"N21","n":0}},{"type":"Feature","geometry":{"type":"Point","coordinates":[134.1912,-16.2407]},"properties":{"d":"2026-10-08","t":"0529","frp":11.3,"b":331.1,"c":1,"s":"N21","n":0}},{"type":"Feature","geometry":{"type":"Point","coordinates":[133.7877,-16.2343]},"properties":{"d":"2026-10-08","t":"0529","frp":19.4,"b":367.0,"c":2,"s":"N21","n":0}},{"type":"Feature","geometry":{"type":"Point","coordinates":[134.2748,-16.1482]},"properties":{"d":"2026-10-08","t":"0529","frp":9.4,"b":342.6,"c":1,"s":"N21","n":0}},{"type":"Feature","geometry":{"type":"Point","coordinates":[134.2723,-16.1473]},"properties":{"d":"2026-10-08","t":"0529","frp":5.6,"b":337.6,"c":1,"s":"N21","n":0}},{"type":"Feature","geometry":{"type":"Point","coordinates":[134.2782,-16.1459]},"properties":{"d":"2026-10-08","t":"0529","frp":5.6,"b":330.8,"c":1,"s":"N21","n":0}},{"type":"Feature","geometry":{"type":"Point","coordinates":[134.3767,-16.1327]},"properties":{"d":"2026-10-08","t":"0529","frp":36.6,"b":367.0,"c":2,"s":"N21","n":0}},{"type":"Feature","geometry":{"type":"Point","coordinates":[134.3798,-16.1298]},"properties":{"d":"2026-10-08","t":"0529","frp":54.4,"b":367.0,"c":2,"s":"N21","n":0}},{"type":"Feature","geometry":{"type":"Point","coordinates":[134.3751,-16.1262]},"properties":{"d":"2026-10-08","t":"0529","frp":36.6,"b":367.0,"c":2,"s":"N21","n":0}},{"type":"Feature","geometry":{"type":"Point","coordinates":[134.3722,-16.1246]},"properties":{"d":"2026-10-08","t":"0529","frp":73.2,"b":367.0,"c":2,"s":"N21","n":0}},{"type":"Feature","geometry":{"type":"Point","coordinates":[134.1235,-16.1208]},"properties":{"d":"2026-10-08","t":"0529","frp":6.8,"b":332.4,"c":1,"s":"N21","n":0}},{"type":"Feature","geometry":{"type":"Point","coordinates":[134.122,-16.1204]},"properties":{"d":"2026-10-08","t":"0529","frp":7.5,"b":337.4,"c":1,"s":"N21","n":0}},{"type":"Feature","geometry":{"type":"Point","coordinates":[134.3735,-16.1196]},"properties":{"d":"2026-10-08","t":"0529","frp":48.1,"b":367.0,"c":2,"s":"N21","n":0}},{"type":"Feature","geometry":{"type":"Point","coordinates":[134.3718,-16.1131]},"properties":{"d":"2026-10-08","t":"0529","frp":48.1,"b":367.0,"c":2,"s":"N21","n":0}},{"type":"Feature","geometry":{"type":"Point","coordinates":[134.0906,-16.0866]},"properties":{"d":"2026-10-08","t":"0529","frp":7.9,"b":340.3,"c":1,"s":"N21","n":0}},{"type":"Feature","geometry":{"type":"Point","coordinates":[134.125,-16.0729]},"properties":{"d":"2026-10-08","t":"0529","frp":6.0,"b":330.1,"c":1,"s":"N21","n":0}},{"type":"Feature","geometry":{"type":"Point","coordinates":[134.1346,-16.0367]},"properties":{"d":"2026-10-08","t":"0529","frp":15.5,"b":367.0,"c":2,"s":"N21","n":0}},{"type":"Feature","geometry":{"type":"Point","coordinates":[134.1402,-16.0355]},"properties":{"d":"2026-10-08","t":"0529","frp":15.5,"b":347.9,"c":1,"s":"N21","n":0}},{"type":"Feature","geometry":{"type":"Point","coordinates":[134.1444,-16.0277]},"properties":{"d":"2026-10-08","t":"0529","frp":14.5,"b":336.9,"c":1,"s":"N21","n":0}},{"type":"Feature","geometry":{"type":"Point","coordinates":[134.2301,-16.0019]},"properties":{"d":"2026-10-08","t":"0529","frp":13.3,"b":339.4,"c":1,"s":"N21","n":0}},{"type":"Feature","geometry":{"type":"Point","coordinates":[133.9688,-15.9784]},"properties":{"d":"2026-10-08","t":"0529","frp":14.1,"b":340.5,"c":1,"s":"N21","n":0}},{"type":"Feature","geometry":{"type":"Point","coordinates":[134.4919,-15.9228]},"properties":{"d":"2026-10-08","t":"0529","frp":5.7,"b":330.1,"c":1,"s":"N21","n":0}},{"type":"Feature","geometry":{"type":"Point","coordinates":[134.495,-15.9081]},"properties":{"d":"2026-10-08","t":"0529","frp":59.9,"b":367.0,"c":2,"s":"N21","n":0}},{"type":"Feature","geometry":{"type":"Point","coordinates":[134.4912,-15.9055]},"properties":{"d":"2026-10-08","t":"0529","frp":52.2,"b":353.0,"c":1,"s":"N21","n":0}},{"type":"Feature","geometry":{"type":"Point","coordinates":[134.4974,-15.9041]},"properties":{"d":"2026-10-08","t":"0529","frp":52.2,"b":367.0,"c":2,"s":"N21","n":0}},{"type":"Feature","geometry":{"type":"Point","coordinates":[134.4935,-15.9015]},"properties":{"d":"2026-10-08","t":"0529","frp":27.5,"b":354.0,"c":1,"s":"N21","n":0}},{"type":"Feature","geometry":{"type":"Point","coordinates":[134.4997,-15.9001]},"properties":{"d":"2026-10-08","t":"0529","frp":27.8,"b":367.0,"c":2,"s":"N21","n":0}},{"type":"Feature","geometry":{"type":"Point","coordinates":[134.502,-15.8961]},"properties":{"d":"2026-10-08","t":"0529","frp":52.5,"b":367.0,"c":2,"s":"N21","n":0}},{"type":"Feature","geometry":{"type":"Point","coordinates":[134.4822,-15.8935]},"properties":{"d":"2026-10-08","t":"0529","frp":39.7,"b":345.9,"c":1,"s":"N21","n":0}},{"type":"Feature","geometry":{"type":"Point","coordinates":[134.4982,-15.8935]},"properties":{"d":"2026-10-08","t":"0529","frp":27.8,"b":336.1,"c":1,"s":"N21","n":0}},{"type":"Feature","geometry":{"type":"Point","coordinates":[134.4883,-15.8922]},"properties":{"d":"2026-10-08","t":"0529","frp":38.4,"b":367.0,"c":2,"s":"N21","n":0}},{"type":"Feature","geometry":{"type":"Point","coordinates":[134.5043,-15.8921]},"properties":{"d":"2026-10-08","t":"0529","frp":27.8,"b":367.0,"c":2,"s":"N21","n":0}},{"type":"Feature","geometry":{"type":"Point","coordinates":[134.4845,-15.8896]},"properties":{"d":"2026-10-08","t":"0529","frp":38.9,"b":349.9,"c":1,"s":"N21","n":0}},{"type":"Feature","geometry":{"type":"Point","coordinates":[134.5006,-15.8895]},"properties":{"d":"2026-10-08","t":"0529","frp":40.0,"b":367.0,"c":2,"s":"N21","n":0}},{"type":"Feature","geometry":{"type":"Point","coordinates":[134.4906,-15.8882]},"properties":{"d":"2026-10-08","t":"0529","frp":38.9,"b":345.0,"c":1,"s":"N21","n":0}},{"type":"Feature","geometry":{"type":"Point","coordinates":[134.4867,-15.8855]},"properties":{"d":"2026-10-08","t":"0529","frp":38.4,"b":367.0,"c":2,"s":"N21","n":0}},{"type":"Feature","geometry":{"type":"Point","coordinates":[134.5028,-15.8854]},"properties":{"d":"2026-10-08","t":"0529","frp":11.1,"b":338.7,"c":1,"s":"N21","n":0}},{"type":"Feature","geometry":{"type":"Point","coordinates":[134.4907,-15.7939]},"properties":{"d":"2026-10-08","t":"0529","frp":8.3,"b":332.0,"c":1,"s":"N21","n":0}},{"type":"Feature","geometry":{"type":"Point","coordinates":[134.4859,-15.7847]},"properties":{"d":"2026-10-08","t":"0529","frp":9.4,"b":333.7,"c":1,"s":"N21","n":0}},{"type":"Feature","geometry":{"type":"Point","coordinates":[134.6212,-15.6987]},"properties":{"d":"2026-10-08","t":"0529","frp":10.2,"b":332.5,"c":1,"s":"N21","n":0}},{"type":"Feature","geometry":{"type":"Point","coordinates":[134.7141,-15.6053]},"properties":{"d":"2026-10-08","t":"0529","frp":10.1,"b":348.9,"c":1,"s":"N21","n":0}},{"type":"Feature","geometry":{"type":"Point","coordinates":[134.7061,-15.6]},"properties":{"d":"2026-10-08","t":"0529","frp":24.1,"b":350.9,"c":1,"s":"N21","n":0}},{"type":"Feature","geometry":{"type":"Point","coordinates":[134.7124,-15.5986]},"properties":{"d":"2026-10-08","t":"0529","frp":24.1,"b":352.7,"c":1,"s":"N21","n":0}},{"type":"Feature","geometry":{"type":"Point","coordinates":[134.692,-15.596]},"properties":{"d":"2026-10-08","t":"0529","frp":26.6,"b":351.1,"c":1,"s":"N21","n":0}},{"type":"Feature","geometry":{"type":"Point","coordinates":[134.6905,-15.5893]},"properties":{"d":"2026-10-08","t":"0529","frp":18.3,"b":342.4,"c":1,"s":"N21","n":0}},{"type":"Feature","geometry":{"type":"Point","coordinates":[134.7237,-15.589]},"properties":{"d":"2026-10-08","t":"0529","frp":14.2,"b":335.0,"c":1,"s":"N21","n":0}},{"type":"Feature","geometry":{"type":"Point","coordinates":[134.722,-15.5823]},"properties":{"d":"2026-10-08","t":"0529","frp":19.5,"b":367.0,"c":2,"s":"N21","n":0}},{"type":"Feature","geometry":{"type":"Point","coordinates":[134.7149,-15.5328]},"properties":{"d":"2026-10-08","t":"0529","frp":13.8,"b":334.1,"c":1,"s":"N21","n":0}},{"type":"Feature","geometry":{"type":"Point","coordinates":[134.7093,-15.5282]},"properties":{"d":"2026-10-08","t":"0529","frp":10.9,"b":336.1,"c":1,"s":"N21","n":0}},{"type":"Feature","geometry":{"type":"Point","coordinates":[134.7155,-15.5268]},"properties":{"d":"2026-10-08","t":"0529","frp":21.0,"b":344.9,"c":1,"s":"N21","n":0}},{"type":"Feature","geometry":{"type":"Point","coordinates":[134.7132,-15.5261]},"properties":{"d":"2026-10-08","t":"0529","frp":13.8,"b":348.9,"c":1,"s":"N21","n":0}},{"type":"Feature","geometry":{"type":"Point","coordinates":[134.7218,-15.5254]},"properties":{"d":"2026-10-08","t":"0529","frp":21.0,"b":349.1,"c":1,"s":"N21","n":0}},{"type":"Feature","geometry":{"type":"Point","coordinates":[134.7195,-15.5247]},"properties":{"d":"2026-10-08","t":"0529","frp":24.1,"b":367.0,"c":2,"s":"N21","n":0}},{"type":"Feature","geometry":{"type":"Point","coordinates":[134.7075,-15.5215]},"properties":{"d":"2026-10-08","t":"0529","frp":10.9,"b":339.9,"c":1,"s":"N21","n":0}},{"type":"Feature","geometry":{"type":"Point","coordinates":[134.7051,-15.5207]},"properties":{"d":"2026-10-08","t":"0529","frp":10.6,"b":331.7,"c":1,"s":"N21","n":0}},{"type":"Feature","geometry":{"type":"Point","coordinates":[134.725,-15.5105]},"properties":{"d":"2026-10-08","t":"0529","frp":23.4,"b":367.0,"c":2,"s":"N21","n":0}},{"type":"Feature","geometry":{"type":"Point","coordinates":[134.7227,-15.5098]},"properties":{"d":"2026-10-08","t":"0529","frp":21.1,"b":355.7,"c":0,"s":"N21","n":0}},{"type":"Feature","geometry":{"type":"Point","coordinates":[134.7236,-15.5037]},"properties":{"d":"2026-10-08","t":"0529","frp":23.4,"b":367.0,"c":2,"s":"N21","n":0}},{"type":"Feature","geometry":{"type":"Point","coordinates":[134.7213,-15.503]},"properties":{"d":"2026-10-08","t":"0529","frp":23.7,"b":351.0,"c":1,"s":"N21","n":0}},{"type":"Feature","geometry":{"type":"Point","coordinates":[134.7275,-15.5016]},"properties":{"d":"2026-10-08","t":"0529","frp":13.1,"b":335.6,"c":1,"s":"N21","n":0}},{"type":"Feature","geometry":{"type":"Point","coordinates":[134.726,-15.4948]},"properties":{"d":"2026-10-08","t":"0529","frp":13.1,"b":338.5,"c":1,"s":"N21","n":0}},{"type":"Feature","geometry":{"type":"Point","coordinates":[134.7168,-15.4826]},"properties":{"d":"2026-10-08","t":"0529","frp":14.6,"b":342.6,"c":1,"s":"N21","n":0}},{"type":"Feature","geometry":{"type":"Point","coordinates":[134.7152,-15.4758]},"properties":{"d":"2026-10-08","t":"0529","frp":8.5,"b":336.1,"c":1,"s":"N21","n":0}},{"type":"Feature","geometry":{"type":"Point","coordinates":[134.7137,-15.4691]},"properties":{"d":"2026-10-08","t":"0529","frp":8.5,"b":339.6,"c":1,"s":"N21","n":0}},{"type":"Feature","geometry":{"type":"Point","coordinates":[134.7121,-15.4623]},"properties":{"d":"2026-10-08","t":"0529","frp":12.8,"b":335.8,"c":1,"s":"N21","n":0}},{"type":"Feature","geometry":{"type":"Point","coordinates":[134.7789,-15.3823]},"properties":{"d":"2026-10-08","t":"0529","frp":63.1,"b":352.5,"c":1,"s":"N21","n":0}},{"type":"Feature","geometry":{"type":"Point","coordinates":[134.7824,-15.3822]},"properties":{"d":"2026-10-08","t":"0529","frp":40.7,"b":352.1,"c":1,"s":"N21","n":0}},{"type":"Feature","geometry":{"type":"Point","coordinates":[134.7853,-15.3809]},"properties":{"d":"2026-10-08","t":"0529","frp":65.0,"b":367.0,"c":2,"s":"N21","n":0}},{"type":"Feature","geometry":{"type":"Point","coordinates":[134.7889,-15.3808]},"properties":{"d":"2026-10-08","t":"0529","frp":40.7,"b":332.9,"c":1,"s":"N21","n":0}},{"type":"Feature","geometry":{"type":"Point","coordinates":[134.792,-15.3794]},"properties":{"d":"2026-10-08","t":"0529","frp":65.0,"b":333.7,"c":1,"s":"N21","n":0}},{"type":"Feature","geometry":{"type":"Point","coordinates":[134.7838,-15.3741]},"properties":{"d":"2026-10-08","t":"0529","frp":65.0,"b":340.6,"c":1,"s":"N21","n":0}},{"type":"Feature","geometry":{"type":"Point","coordinates":[134.7905,-15.3726]},"properties":{"d":"2026-10-08","t":"0529","frp":65.0,"b":367.0,"c":2,"s":"N21","n":0}},{"type":"Feature","geometry":{"type":"Point","coordinates":[134.761,-15.3648]},"properties":{"d":"2026-10-08","t":"0529","frp":28.5,"b":367.0,"c":2,"s":"N21","n":0}},{"type":"Feature","geometry":{"type":"Point","coordinates":[134.7596,-15.358]},"properties":{"d":"2026-10-08","t":"0529","frp":37.9,"b":367.0,"c":2,"s":"N21","n":0}},{"type":"Feature","geometry":{"type":"Point","coordinates":[134.7382,-15.3556]},"properties":{"d":"2026-10-08","t":"0529","frp":28.1,"b":367.0,"c":2,"s":"N21","n":0}},{"type":"Feature","geometry":{"type":"Point","coordinates":[134.7364,-15.3488]},"properties":{"d":"2026-10-08","t":"0529","frp":11.8,"b":331.5,"c":1,"s":"N21","n":0}},{"type":"Feature","geometry":{"type":"Point","coordinates":[134.743,-15.3474]},"properties":{"d":"2026-10-08","t":"0529","frp":11.8,"b":351.7,"c":1,"s":"N21","n":0}},{"type":"Feature","geometry":{"type":"Point","coordinates":[134.7349,-15.342]},"properties":{"d":"2026-10-08","t":"0529","frp":11.8,"b":345.3,"c":1,"s":"N21","n":0}},{"type":"Feature","geometry":{"type":"Point","coordinates":[133.8831,-15.2673]},"properties":{"d":"2026-10-08","t":"0529","frp":8.8,"b":336.3,"c":1,"s":"N21","n":0}},{"type":"Feature","geometry":{"type":"Point","coordinates":[133.8802,-15.2671]},"properties":{"d":"2026-10-08","t":"0529","frp":4.6,"b":338.4,"c":1,"s":"N21","n":0}},{"type":"Feature","geometry":{"type":"Point","coordinates":[135.4616,-15.2341]},"properties":{"d":"2026-10-08","t":"0529","frp":18.9,"b":342.2,"c":1,"s":"N21","n":0}},{"type":"Feature","geometry":{"type":"Point","coordinates":[135.4579,-15.2314]},"properties":{"d":"2026-10-08","t":"0529","frp":18.5,"b":348.9,"c":1,"s":"N21","n":0}},{"type":"Feature","geometry":{"type":"Point","coordinates":[135.4651,-15.2297]},"properties":{"d":"2026-10-08","t":"0529","frp":18.5,"b":332.9,"c":1,"s":"N21","n":0}},{"type":"Feature","geometry":{"type":"Point","coordinates":[135.4599,-15.2271]},"properties":{"d":"2026-10-08","t":"0529","frp":18.9,"b":367.0,"c":2,"s":"N21","n":0}},{"type":"Feature","geometry":{"type":"Point","coordinates":[133.8252,-15.2254]},"properties":{"d":"2026-10-08","t":"0529","frp":12.3,"b":330.6,"c":1,"s":"N21","n":0}},{"type":"Feature","geometry":{"type":"Point","coordinates":[135.4671,-15.2254]},"properties":{"d":"2026-10-08","t":"0529","frp":29.8,"b":352.1,"c":1,"s":"N21","n":0}},{"type":"Feature","geometry":{"type":"Point","coordinates":[133.8309,-15.2242]},"properties":{"d":"2026-10-08","t":"0529","frp":11.5,"b":330.8,"c":1,"s":"N21","n":0}},{"type":"Feature","geometry":{"type":"Point","coordinates":[135.4633,-15.2227]},"properties":{"d":"2026-10-08","t":"0529","frp":18.5,"b":367.0,"c":2,"s":"N21","n":0}},{"type":"Feature","geometry":{"type":"Point","coordinates":[133.8224,-15.2125]},"properties":{"d":"2026-10-08","t":"0529","frp":11.0,"b":330.4,"c":1,"s":"N21","n":0}},{"type":"Feature","geometry":{"type":"Point","coordinates":[134.4177,-15.166]},"properties":{"d":"2026-10-08","t":"0529","frp":9.8,"b":349.2,"c":1,"s":"N21","n":0}},{"type":"Feature","geometry":{"type":"Point","coordinates":[134.4125,-15.1625]},"properties":{"d":"2026-10-08","t":"0529","frp":13.1,"b":337.5,"c":1,"s":"N21","n":0}},{"type":"Feature","geometry":{"type":"Point","coordinates":[134.419,-15.1611]},"properties":{"d":"2026-10-08","t":"0529","frp":13.1,"b":344.5,"c":1,"s":"N21","n":0}},{"type":"Feature","geometry":{"type":"Point","coordinates":[134.416,-15.1593]},"properties":{"d":"2026-10-08","t":"0529","frp":9.8,"b":338.3,"c":1,"s":"N21","n":0}},{"type":"Feature","geometry":{"type":"Point","coordinates":[134.4097,-15.1491]},"properties":{"d":"2026-10-08","t":"0529","frp":26.9,"b":354.1,"c":1,"s":"N21","n":0}},{"type":"Feature","geometry":{"type":"Point","coordinates":[134.4067,-15.1472]},"properties":{"d":"2026-10-08","t":"0529","frp":27.5,"b":367.0,"c":2,"s":"N21","n":0}},{"type":"Feature","geometry":{"type":"Point","coordinates":[134.6219,-15.0943]},"properties":{"d":"2026-10-08","t":"0529","frp":57.4,"b":354.2,"c":1,"s":"N21","n":0}},{"type":"Feature","geometry":{"type":"Point","coordinates":[134.6259,-15.0923]},"properties":{"d":"2026-10-08","t":"0529","frp":27.3,"b":367.0,"c":2,"s":"N21","n":0}},{"type":"Feature","geometry":{"type":"Point","coordinates":[133.9961,-14.9513]},"properties":{"d":"2026-10-08","t":"0529","frp":7.0,"b":339.4,"c":1,"s":"N21","n":0}},{"type":"Feature","geometry":{"type":"Point","coordinates":[133.9983,-14.9461]},"properties":{"d":"2026-10-08","t":"0529","frp":11.1,"b":330.4,"c":1,"s":"N21","n":0}},{"type":"Feature","geometry":{"type":"Point","coordinates":[133.9892,-14.9343]},"properties":{"d":"2026-10-08","t":"0529","frp":10.5,"b":332.4,"c":1,"s":"N21","n":0}},{"type":"Feature","geometry":{"type":"Point","coordinates":[134.9126,-14.6039]},"properties":{"d":"2026-10-08","t":"0529","frp":14.2,"b":343.8,"c":1,"s":"N21","n":0}},{"type":"Feature","geometry":{"type":"Point","coordinates":[134.9071,-14.5997]},"properties":{"d":"2026-10-08","t":"0529","frp":11.1,"b":337.0,"c":1,"s":"N21","n":0}},{"type":"Feature","geometry":{"type":"Point","coordinates":[134.9139,-14.5982]},"properties":{"d":"2026-10-08","t":"0529","frp":17.6,"b":350.9,"c":1,"s":"N21","n":0}},{"type":"Feature","geometry":{"type":"Point","coordinates":[134.911,-14.597]},"properties":{"d":"2026-10-08","t":"0529","frp":14.2,"b":338.3,"c":1,"s":"N21","n":0}},{"type":"Feature","geometry":{"type":"Point","coordinates":[134.9244,-14.5813]},"properties":{"d":"2026-10-08","t":"0529","frp":21.8,"b":351.7,"c":1,"s":"N21","n":0}},{"type":"Feature","geometry":{"type":"Point","coordinates":[129.6039,-14.4782]},"properties":{"d":"2026-10-08","t":"0529","frp":13.3,"b":367.0,"c":2,"s":"N21","n":0}},{"type":"Feature","geometry":{"type":"Point","coordinates":[129.607,-14.4776]},"properties":{"d":"2026-10-08","t":"0529","frp":11.8,"b":367.0,"c":2,"s":"N21","n":0}},{"type":"Feature","geometry":{"type":"Point","coordinates":[129.6101,-14.477]},"properties":{"d":"2026-10-08","t":"0529","frp":11.8,"b":367.0,"c":2,"s":"N21","n":0}},{"type":"Feature","geometry":{"type":"Point","coordinates":[129.5305,-14.4469]},"properties":{"d":"2026-10-08","t":"0529","frp":2.8,"b":333.1,"c":1,"s":"N21","n":0}},{"type":"Feature","geometry":{"type":"Point","coordinates":[129.5335,-14.4463]},"properties":{"d":"2026-10-08","t":"0529","frp":2.8,"b":330.1,"c":1,"s":"N21","n":0}},{"type":"Feature","geometry":{"type":"Point","coordinates":[129.5329,-14.4447]},"properties":{"d":"2026-10-08","t":"0529","frp":6.3,"b":342.2,"c":1,"s":"N21","n":0}},{"type":"Feature","geometry":{"type":"Point","coordinates":[130.5682,-13.7755]},"properties":{"d":"2026-10-08","t":"0529","frp":5.1,"b":341.3,"c":1,"s":"N21","n":0}},{"type":"Feature","geometry":{"type":"Point","coordinates":[130.5744,-13.7686]},"properties":{"d":"2026-10-08","t":"0529","frp":5.0,"b":350.7,"c":1,"s":"N21","n":0}},{"type":"Feature","geometry":{"type":"Point","coordinates":[130.5695,-13.7638]},"properties":{"d":"2026-10-08","t":"0529","frp":5.0,"b":331.1,"c":1,"s":"N21","n":0}},{"type":"Feature","geometry":{"type":"Point","coordinates":[130.5732,-13.7631]},"properties":{"d":"2026-10-08","t":"0529","frp":5.0,"b":342.5,"c":1,"s":"N21","n":0}},{"type":"Feature","geometry":{"type":"Point","coordinates":[132.0107,-13.1523]},"properties":{"d":"2026-10-08","t":"0529","frp":33.4,"b":350.4,"c":1,"s":"N21","n":0}},{"type":"Feature","geometry":{"type":"Point","coordinates":[132.0154,-13.1514]},"properties":{"d":"2026-10-08","t":"0529","frp":32.9,"b":367.0,"c":2,"s":"N21","n":0}},{"type":"Feature","geometry":{"type":"Point","coordinates":[132.0141,-13.1453]},"properties":{"d":"2026-10-08","t":"0529","frp":16.0,"b":341.4,"c":1,"s":"N21","n":0}},{"type":"Feature","geometry":{"type":"Point","coordinates":[132.0188,-13.1444]},"properties":{"d":"2026-10-08","t":"0529","frp":16.0,"b":367.0,"c":2,"s":"N21","n":0}},{"type":"Feature","geometry":{"type":"Point","coordinates":[131.979,-13.1398]},"properties":{"d":"2026-10-08","t":"0529","frp":4.7,"b":339.6,"c":1,"s":"N21","n":0}},{"type":"Feature","geometry":{"type":"Point","coordinates":[131.9837,-13.1389]},"properties":{"d":"2026-10-08","t":"0529","frp":3.7,"b":340.2,"c":1,"s":"N21","n":0}},{"type":"Feature","geometry":{"type":"Point","coordinates":[131.9718,-13.1287]},"properties":{"d":"2026-10-08","t":"0529","frp":5.0,"b":331.5,"c":1,"s":"N21","n":0}},{"type":"Feature","geometry":{"type":"Point","coordinates":[131.9813,-13.0827]},"properties":{"d":"2026-10-08","t":"0529","frp":12.4,"b":355.5,"c":1,"s":"N21","n":0}},{"type":"Feature","geometry":{"type":"Point","coordinates":[131.9777,-13.0824]},"properties":{"d":"2026-10-08","t":"0529","frp":11.9,"b":346.4,"c":1,"s":"N21","n":0}},{"type":"Feature","geometry":{"type":"Point","coordinates":[131.9825,-13.0815]},"properties":{"d":"2026-10-08","t":"0529","frp":11.3,"b":342.7,"c":1,"s":"N21","n":0}},{"type":"Feature","geometry":{"type":"Point","coordinates":[131.9575,-13.0802]},"properties":{"d":"2026-10-08","t":"0529","frp":14.6,"b":367.0,"c":2,"s":"N21","n":0}},{"type":"Feature","geometry":{"type":"Point","coordinates":[131.7898,-13.0576]},"properties":{"d":"2026-10-08","t":"0529","frp":9.8,"b":350.1,"c":1,"s":"N21","n":0}},{"type":"Feature","geometry":{"type":"Point","coordinates":[130.9166,-12.5222]},"properties":{"d":"2026-10-08","t":"0529","frp":6.4,"b":337.2,"c":1,"s":"N21","n":0}},{"type":"Feature","geometry":{"type":"Point","coordinates":[133.0173,-12.3209]},"properties":{"d":"2026-10-08","t":"0529","frp":8.0,"b":346.1,"c":1,"s":"N21","n":0}},{"type":"Feature","geometry":{"type":"Point","coordinates":[133.023,-12.3198]},"properties":{"d":"2026-10-08","t":"0529","frp":8.0,"b":335.6,"c":1,"s":"N21","n":0}},{"type":"Feature","geometry":{"type":"Point","coordinates":[133.0206,-12.3195]},"properties":{"d":"2026-10-08","t":"0529","frp":16.1,"b":349.4,"c":1,"s":"N21","n":0}},{"type":"Feature","geometry":{"type":"Point","coordinates":[132.9878,-12.293]},"properties":{"d":"2026-10-08","t":"0529","frp":12.6,"b":351.1,"c":1,"s":"N21","n":0}},{"type":"Feature","geometry":{"type":"Point","coordinates":[132.9751,-12.2889]},"properties":{"d":"2026-10-08","t":"0529","frp":11.7,"b":350.0,"c":1,"s":"N21","n":0}},{"type":"Feature","geometry":{"type":"Point","coordinates":[132.9807,-12.2877]},"properties":{"d":"2026-10-08","t":"0529","frp":11.7,"b":344.7,"c":1,"s":"N21","n":0}},{"type":"Feature","geometry":{"type":"Point","coordinates":[134.2207,-12.1374]},"properties":{"d":"2026-10-08","t":"0529","frp":42.0,"b":351.9,"c":1,"s":"N21","n":0}},{"type":"Feature","geometry":{"type":"Point","coordinates":[134.2275,-12.136]},"properties":{"d":"2026-10-08","t":"0529","frp":42.0,"b":353.6,"c":1,"s":"N21","n":0}},{"type":"Feature","geometry":{"type":"Point","coordinates":[134.235,-12.1052]},"properties":{"d":"2026-10-08","t":"0529","frp":12.6,"b":336.5,"c":1,"s":"N21","n":0}},{"type":"Feature","geometry":{"type":"Point","coordinates":[134.2384,-12.0994]},"properties":{"d":"2026-10-08","t":"0529","frp":11.9,"b":336.1,"c":1,"s":"N21","n":0}},{"type":"Feature","geometry":{"type":"Point","coordinates":[130.5377,-11.6712]},"properties":{"d":"2026-10-08","t":"0531","frp":11.7,"b":367.0,"c":2,"s":"N21","n":0}},{"type":"Feature","geometry":{"type":"Point","coordinates":[130.5366,-11.6656]},"properties":{"d":"2026-10-08","t":"0531","frp":11.7,"b":344.5,"c":1,"s":"N21","n":0}},{"type":"Feature","geometry":{"type":"Point","coordinates":[130.4913,-11.5169]},"properties":{"d":"2026-10-08","t":"0531","frp":2.7,"b":332.1,"c":1,"s":"N21","n":0}},{"type":"Feature","geometry":{"type":"Point","coordinates":[130.7299,-11.5077]},"properties":{"d":"2026-10-08","t":"0531","frp":4.9,"b":332.0,"c":1,"s":"N21","n":0}},{"type":"Feature","geometry":{"type":"Point","coordinates":[130.7296,-11.5072]},"properties":{"d":"2026-10-08","t":"0531","frp":6.1,"b":333.2,"c":1,"s":"N21","n":0}},{"type":"Feature","geometry":{"type":"Point","coordinates":[130.6488,-11.4034]},"properties":{"d":"2026-10-08","t":"0531","frp":5.1,"b":331.9,"c":1,"s":"N21","n":0}},{"type":"Feature","geometry":{"type":"Point","coordinates":[130.9685,-11.3951]},"properties":{"d":"2026-10-08","t":"0531","frp":29.4,"b":343.9,"c":1,"s":"N21","n":0}},{"type":"Feature","geometry":{"type":"Point","coordinates":[130.963,-11.39]},"properties":{"d":"2026-10-08","t":"0531","frp":24.7,"b":331.9,"c":1,"s":"N21","n":0}},{"type":"Feature","geometry":{"type":"Point","coordinates":[130.9674,-11.3892]},"properties":{"d":"2026-10-08","t":"0531","frp":29.4,"b":355.2,"c":1,"s":"N21","n":0}},{"type":"Feature","geometry":{"type":"Point","coordinates":[130.9662,-11.3833]},"properties":{"d":"2026-10-08","t":"0531","frp":8.0,"b":341.4,"c":1,"s":"N21","n":0}},{"type":"Feature","geometry":{"type":"Point","coordinates":[130.9706,-11.3825]},"properties":{"d":"2026-10-08","t":"0531","frp":8.0,"b":338.3,"c":1,"s":"N21","n":0}},{"type":"Feature","geometry":{"type":"Point","coordinates":[121.8881,-10.5871]},"properties":{"d":"2026-10-08","t":"0531","frp":4.5,"b":341.1,"c":1,"s":"N21","n":0}},{"type":"Feature","geometry":{"type":"Point","coordinates":[123.8335,-10.3276]},"properties":{"d":"2026-10-08","t":"0531","frp":7.8,"b":333.0,"c":1,"s":"N21","n":0}},{"type":"Feature","geometry":{"type":"Point","coordinates":[123.7911,-10.3036]},"properties":{"d":"2026-10-08","t":"0531","frp":5.0,"b":332.1,"c":1,"s":"N21","n":0}},{"type":"Feature","geometry":{"type":"Point","coordinates":[123.7956,-10.3029]},"properties":{"d":"2026-10-08","t":"0531","frp":5.0,"b":337.4,"c":1,"s":"N21","n":0}},{"type":"Feature","geometry":{"type":"Point","coordinates":[123.9632,-10.2055]},"properties":{"d":"2026-10-08","t":"0531","frp":45.9,"b":333.3,"c":1,"s":"N21","n":0}},{"type":"Feature","geometry":{"type":"Point","coordinates":[124.2634,-10.1643]},"properties":{"d":"2026-10-08","t":"0531","frp":5.3,"b":346.7,"c":1,"s":"N21","n":0}},{"type":"Feature","geometry":{"type":"Point","coordinates":[120.4968,-10.1494]},"properties":{"d":"2026-10-08","t":"0531","frp":7.3,"b":335.3,"c":1,"s":"N21","n":0}},{"type":"Feature","geometry":{"type":"Point","coordinates":[123.9727,-10.1492]},"properties":{"d":"2026-10-08","t":"0531","frp":12.0,"b":337.1,"c":1,"s":"N21","n":0}},{"type":"Feature","geometry":{"type":"Point","coordinates":[124.3395,-10.1487]},"properties":{"d":"2026-10-08","t":"0531","frp":7.1,"b":345.0,"c":1,"s":"N21","n":0}},{"type":"Feature","geometry":{"type":"Point","coordinates":[124.3622,-10.1481]},"properties":{"d":"2026-10-08","t":"0531","frp":9.5,"b":336.2,"c":1,"s":"N21","n":0}},{"type":"Feature","geometry":{"type":"Point","coordinates":[124.3416,-10.1475]},"properties":{"d":"2026-10-08","t":"0531","frp":7.9,"b":338.8,"c":1,"s":"N21","n":0}},{"type":"Feature","geometry":{"type":"Point","coordinates":[124.3593,-10.1453]},"properties":{"d":"2026-10-08","t":"0531","frp":4.7,"b":337.0,"c":1,"s":"N21","n":0}},{"type":"Feature","geometry":{"type":"Point","coordinates":[124.3438,-10.1439]},"properties":{"d":"2026-10-08","t":"0531","frp":7.8,"b":335.5,"c":0,"s":"N21","n":0}},{"type":"Feature","geometry":{"type":"Point","coordinates":[124.0228,-10.1291]},"properties":{"d":"2026-10-08","t":"0531","frp":12.2,"b":339.7,"c":1,"s":"N21","n":0}},{"type":"Feature","geometry":{"type":"Point","coordinates":[124.1699,-10.0965]},"properties":{"d":"2026-10-08","t":"0531","frp":3.7,"b":334.2,"c":1,"s":"N21","n":0}},{"type":"Feature","geometry":{"type":"Point","coordinates":[124.3672,-10.0952]},"properties":{"d":"2026-10-08","t":"0531","frp":9.5,"b":335.4,"c":1,"s":"N21","n":0}},{"type":"Feature","geometry":{"type":"Point","coordinates":[124.1301,-10.0852]},"properties":{"d":"2026-10-08","t":"0531","frp":5.6,"b":332.2,"c":1,"s":"N21","n":0}},{"type":"Feature","geometry":{"type":"Point","coordinates":[124.1271,-10.084]},"properties":{"d":"2026-10-08","t":"0531","frp":4.7,"b":335.6,"c":1,"s":"N21","n":0}},{"type":"Feature","geometry":{"type":"Point","coordinates":[124.0055,-10.078]},"properties":{"d":"2026-10-08","t":"0531","frp":7.9,"b":340.5,"c":1,"s":"N21","n":0}},{"type":"Feature","geometry":{"type":"Point","coordinates":[124.4381,-10.0673]},"properties":{"d":"2026-10-08","t":"0531","frp":7.4,"b":331.5,"c":1,"s":"N21","n":0}},{"type":"Feature","geometry":{"type":"Point","coordinates":[124.4697,-10.0619]},"properties":{"d":"2026-10-08","t":"0531","frp":7.5,"b":335.6,"c":1,"s":"N21","n":0}},{"type":"Feature","geometry":{"type":"Point","coordinates":[124.3319,-10.0412]},"properties":{"d":"2026-10-08","t":"0531","frp":2.0,"b":334.1,"c":1,"s":"N21","n":0}},{"type":"Feature","geometry":{"type":"Point","coordinates":[124.5289,-10.0201]},"properties":{"d":"2026-10-08","t":"0531","frp":17.5,"b":342.3,"c":1,"s":"N21","n":0}},{"type":"Feature","geometry":{"type":"Point","coordinates":[124.5305,-10.0193]},"properties":{"d":"2026-10-08","t":"0531","frp":9.3,"b":331.4,"c":1,"s":"N21","n":0}},{"type":"Feature","geometry":{"type":"Point","coordinates":[120.058,-10.013]},"properties":{"d":"2026-10-08","t":"0531","frp":3.5,"b":332.4,"c":1,"s":"N21","n":0}},{"type":"Feature","geometry":{"type":"Point","coordinates":[123.747,-10.0039]},"properties":{"d":"2026-10-08","t":"0531","frp":12.7,"b":347.3,"c":1,"s":"N21","n":0}},{"type":"Feature","geometry":{"type":"Point","coordinates":[124.4915,-9.9979]},"properties":{"d":"2026-10-08","t":"0531","frp":3.3,"b":332.4,"c":1,"s":"N21","n":0}},{"type":"Feature","geometry":{"type":"Point","coordinates":[124.5641,-9.9818]},"properties":{"d":"2026-10-08","t":"0531","frp":5.0,"b":332.3,"c":1,"s":"N21","n":0}},{"type":"Feature","geometry":{"type":"Point","coordinates":[124.1822,-9.9641]},"properties":{"d":"2026-10-08","t":"0531","frp":4.2,"b":335.7,"c":1,"s":"N21","n":0}},{"type":"Feature","geometry":{"type":"Point","coordinates":[124.1797,-9.9621]},"properties":{"d":"2026-10-08","t":"0531","frp":15.1,"b":334.6,"c":1,"s":"N21","n":0}},{"type":"Feature","geometry":{"type":"Point","coordinates":[123.6079,-9.9614]},"properties":{"d":"2026-10-08","t":"0531","frp":2.8,"b":335.1,"c":1,"s":"N21","n":0}},{"type":"Feature","geometry":{"type":"Point","coordinates":[124.1845,-9.9613]},"properties":{"d":"2026-10-08","t":"0531","frp":18.3,"b":339.0,"c":1,"s":"N21","n":0}},{"type":"Feature","geometry":{"type":"Point","coordinates":[124.1815,-9.9602]},"properties":{"d":"2026-10-08","t":"0531","frp":26.4,"b":352.5,"c":1,"s":"N21","n":0}},{"type":"Feature","geometry":{"type":"Point","coordinates":[124.0355,-9.9447]},"properties":{"d":"2026-10-08","t":"0531","frp":3.9,"b":337.8,"c":1,"s":"N21","n":0}},{"type":"Feature","geometry":{"type":"Point","coordinates":[124.6434,-9.8992]},"properties":{"d":"2026-10-08","t":"0531","frp":3.1,"b":335.0,"c":1,"s":"N21","n":0}},{"type":"Feature","geometry":{"type":"Point","coordinates":[123.766,-9.8687]},"properties":{"d":"2026-10-08","t":"0531","frp":5.5,"b":336.4,"c":1,"s":"N21","n":0}},{"type":"Feature","geometry":{"type":"Point","coordinates":[119.9051,-9.8662]},"properties":{"d":"2026-10-08","t":"0531","frp":8.0,"b":338.9,"c":1,"s":"N21","n":0}},{"type":"Feature","geometry":{"type":"Point","coordinates":[120.3678,-9.843]},"properties":{"d":"2026-10-08","t":"0531","frp":3.6,"b":334.2,"c":0,"s":"N21","n":0}},{"type":"Feature","geometry":{"type":"Point","coordinates":[124.0518,-9.8332]},"properties":{"d":"2026-10-08","t":"0531","frp":3.1,"b":331.1,"c":1,"s":"N21","n":0}},{"type":"Feature","geometry":{"type":"Point","coordinates":[124.7122,-9.828]},"properties":{"d":"2026-10-08","t":"0531","frp":5.5,"b":345.3,"c":1,"s":"N21","n":0}},{"type":"Feature","geometry":{"type":"Point","coordinates":[124.6854,-9.8079]},"properties":{"d":"2026-10-08","t":"0531","frp":3.0,"b":330.9,"c":1,"s":"N21","n":0}},{"type":"Feature","geometry":{"type":"Point","coordinates":[119.3945,-9.7946]},"properties":{"d":"2026-10-08","t":"0531","frp":4.0,"b":332.1,"c":1,"s":"N21","n":0}},{"type":"Feature","geometry":{"type":"Point","coordinates":[124.4143,-9.7932]},"properties":{"d":"2026-10-08","t":"0531","frp":11.5,"b":343.8,"c":1,"s":"N21","n":0}},{"type":"Feature","geometry":{"type":"Point","coordinates":[124.6732,-9.7731]},"properties":{"d":"2026-10-08","t":"0531","frp":6.4,"b":341.2,"c":1,"s":"N21","n":0}},{"type":"Feature","geometry":{"type":"Point","coordinates":[120.4532,-9.772]},"properties":{"d":"2026-10-08","t":"0531","frp":6.8,"b":344.7,"c":1,"s":"N21","n":0}},{"type":"Feature","geometry":{"type":"Point","coordinates":[124.8229,-9.7639]},"properties":{"d":"2026-10-08","t":"0531","frp":4.6,"b":334.6,"c":1,"s":"N21","n":0}},{"type":"Feature","geometry":{"type":"Point","coordinates":[119.8581,-9.7478]},"properties":{"d":"2026-10-08","t":"0531","frp":5.0,"b":335.8,"c":1,"s":"N21","n":0}},{"type":"Feature","geometry":{"type":"Point","coordinates":[124.4501,-9.7267]},"properties":{"d":"2026-10-08","t":"0531","frp":7.0,"b":336.8,"c":1,"s":"N21","n":0}},{"type":"Feature","geometry":{"type":"Point","coordinates":[124.1037,-9.7199]},"properties":{"d":"2026-10-08","t":"0531","frp":7.3,"b":338.1,"c":1,"s":"N21","n":0}},{"type":"Feature","geometry":{"type":"Point","coordinates":[120.3504,-9.7131]},"properties":{"d":"2026-10-08","t":"0531","frp":8.0,"b":340.1,"c":0,"s":"N21","n":0}},{"type":"Feature","geometry":{"type":"Point","coordinates":[120.3539,-9.7125]},"properties":{"d":"2026-10-08","t":"0531","frp":6.9,"b":336.1,"c":0,"s":"N21","n":0}},{"type":"Feature","geometry":{"type":"Point","coordinates":[120.1201,-9.7111]},"properties":{"d":"2026-10-08","t":"0531","frp":6.6,"b":335.1,"c":0,"s":"N21","n":0}},{"type":"Feature","geometry":{"type":"Point","coordinates":[120.1237,-9.7105]},"properties":{"d":"2026-10-08","t":"0531","frp":8.0,"b":346.2,"c":1,"s":"N21","n":0}},{"type":"Feature","geometry":{"type":"Point","coordinates":[119.4805,-9.71]},"properties":{"d":"2026-10-08","t":"0531","frp":2.4,"b":332.1,"c":1,"s":"N21","n":0}},{"type":"Feature","geometry":{"type":"Point","coordinates":[120.3534,-9.7092]},"properties":{"d":"2026-10-08","t":"0531","frp":6.6,"b":337.2,"c":0,"s":"N21","n":0}},{"type":"Feature","geometry":{"type":"Point","coordinates":[124.1154,-9.6981]},"properties":{"d":"2026-10-08","t":"0531","frp":10.5,"b":347.3,"c":1,"s":"N21","n":0}},{"type":"Feature","geometry":{"type":"Point","coordinates":[123.9821,-9.6613]},"properties":{"d":"2026-10-08","t":"0531","frp":25.4,"b":337.1,"c":1,"s":"N21","n":0}},{"type":"Feature","geometry":{"type":"Point","coordinates":[123.9787,-9.6592]},"properties":{"d":"2026-10-08","t":"0531","frp":28.1,"b":344.7,"c":1,"s":"N21","n":0}},{"type":"Feature","geometry":{"type":"Point","coordinates":[124.7492,-9.6511]},"properties":{"d":"2026-10-08","t":"0531","frp":5.2,"b":333.1,"c":1,"s":"N21","n":0}},{"type":"Feature","geometry":{"type":"Point","coordinates":[123.9285,-9.64]},"properties":{"d":"2026-10-08","t":"0531","frp":4.2,"b":334.3,"c":1,"s":"N21","n":0}},{"type":"Feature","geometry":{"type":"Point","coordinates":[124.3523,-9.6304]},"properties":{"d":"2026-10-08","t":"0531","frp":11.0,"b":334.6,"c":1,"s":"N21","n":0}},{"type":"Feature","geometry":{"type":"Point","coordinates":[119.7458,-9.517]},"properties":{"d":"2026-10-08","t":"0531","frp":1.6,"b":334.1,"c":0,"s":"N21","n":0}},{"type":"Feature","geometry":{"type":"Point","coordinates":[124.6746,-9.4958]},"properties":{"d":"2026-10-08","t":"0531","frp":2.4,"b":335.3,"c":1,"s":"N21","n":0}},{"type":"Feature","geometry":{"type":"Point","coordinates":[123.9767,-9.4957]},"properties":{"d":"2026-10-08","t":"0531","frp":9.7,"b":342.3,"c":1,"s":"N21","n":0}},{"type":"Feature","geometry":{"type":"Point","coordinates":[123.9814,-9.4949]},"properties":{"d":"2026-10-08","t":"0531","frp":9.7,"b":335.6,"c":1,"s":"N21","n":0}},{"type":"Feature","geometry":{"type":"Point","coordinates":[123.9808,-9.4911]},"properties":{"d":"2026-10-08","t":"0531","frp":9.7,"b":349.1,"c":1,"s":"N21","n":0}},{"type":"Feature","geometry":{"type":"Point","coordinates":[123.9803,-9.4872]},"properties":{"d":"2026-10-08","t":"0531","frp":19.2,"b":341.5,"c":1,"s":"N21","n":0}},{"type":"Feature","geometry":{"type":"Point","coordinates":[124.4354,-9.4872]},"properties":{"d":"2026-10-08","t":"0531","frp":4.0,"b":331.6,"c":1,"s":"N21","n":0}},{"type":"Feature","geometry":{"type":"Point","coordinates":[123.9848,-9.4865]},"properties":{"d":"2026-10-08","t":"0531","frp":4.2,"b":334.0,"c":1,"s":"N21","n":0}},{"type":"Feature","geometry":{"type":"Point","coordinates":[124.1289,-9.4863]},"properties":{"d":"2026-10-08","t":"0531","frp":11.7,"b":337.3,"c":1,"s":"N21","n":0}},{"type":"Feature","geometry":{"type":"Point","coordinates":[124.4188,-9.4819]},"properties":{"d":"2026-10-08","t":"0531","frp":8.3,"b":335.6,"c":1,"s":"N21","n":0}},{"type":"Feature","geometry":{"type":"Point","coordinates":[124.3307,-9.4809]},"properties":{"d":"2026-10-08","t":"0531","frp":7.0,"b":334.7,"c":1,"s":"N21","n":0}},{"type":"Feature","geometry":{"type":"Point","coordinates":[119.9483,-9.4657]},"properties":{"d":"2026-10-08","t":"0531","frp":6.5,"b":336.6,"c":0,"s":"N21","n":0}},{"type":"Feature","geometry":{"type":"Point","coordinates":[124.3291,-9.4651]},"properties":{"d":"2026-10-08","t":"0531","frp":6.8,"b":334.6,"c":1,"s":"N21","n":0}},{"type":"Feature","geometry":{"type":"Point","coordinates":[124.1289,-9.4584]},"properties":{"d":"2026-10-08","t":"0531","frp":5.6,"b":336.6,"c":1,"s":"N21","n":0}},{"type":"Feature","geometry":{"type":"Point","coordinates":[124.1193,-9.456]},"properties":{"d":"2026-10-08","t":"0531","frp":5.0,"b":331.3,"c":1,"s":"N21","n":0}},{"type":"Feature","geometry":{"type":"Point","coordinates":[119.7661,-9.4186]},"properties":{"d":"2026-10-08","t":"0531","frp":4.5,"b":338.6,"c":0,"s":"N21","n":0}},{"type":"Feature","geometry":{"type":"Point","coordinates":[125.0204,-9.3836]},"properties":{"d":"2026-10-08","t":"0531","frp":9.2,"b":343.8,"c":1,"s":"N21","n":0}},{"type":"Feature","geometry":{"type":"Point","coordinates":[119.1931,-9.3834]},"properties":{"d":"2026-10-08","t":"0531","frp":2.3,"b":333.7,"c":0,"s":"N21","n":0}},{"type":"Feature","geometry":{"type":"Point","coordinates":[125.0205,-9.3825]},"properties":{"d":"2026-10-08","t":"0531","frp":10.9,"b":345.8,"c":1,"s":"N21","n":0}},{"type":"Feature","geometry":{"type":"Point","coordinates":[119.3531,-9.3795]},"properties":{"d":"2026-10-08","t":"0531","frp":5.0,"b":337.1,"c":1,"s":"N21","n":0}},{"type":"Feature","geometry":{"type":"Point","coordinates":[124.3537,-9.3604]},"properties":{"d":"2026-10-08","t":"0531","frp":2.4,"b":337.1,"c":1,"s":"N21","n":0}},{"type":"Feature","geometry":{"type":"Point","coordinates":[124.9214,-9.3539]},"properties":{"d":"2026-10-08","t":"0531","frp":8.2,"b":339.4,"c":1,"s":"N21","n":0}},{"type":"Feature","geometry":{"type":"Point","coordinates":[124.511,-9.3507]},"properties":{"d":"2026-10-08","t":"0531","frp":2.7,"b":336.0,"c":1,"s":"N21","n":0}},{"type":"Feature","geometry":{"type":"Point","coordinates":[124.9947,-9.3289]},"properties":{"d":"2026-10-08","t":"0531","frp":5.4,"b":335.1,"c":1,"s":"N21","n":0}},{"type":"Feature","geometry":{"type":"Point","coordinates":[124.9981,-9.3283]},"properties":{"d":"2026-10-08","t":"0531","frp":5.4,"b":340.7,"c":1,"s":"N21","n":0}},{"type":"Feature","geometry":{"type":"Point","coordinates":[124.7806,-9.248]},"properties":{"d":"2026-10-08","t":"0531","frp":4.3,"b":340.5,"c":1,"s":"N21","n":0}},{"type":"Feature","geometry":{"type":"Point","coordinates":[125.3311,-9.2192]},"properties":{"d":"2026-10-08","t":"0531","frp":4.6,"b":339.3,"c":1,"s":"N21","n":0}},{"type":"Feature","geometry":{"type":"Point","coordinates":[124.7278,-9.2064]},"properties":{"d":"2026-10-08","t":"0531","frp":15.5,"b":367.0,"c":2,"s":"N21","n":0}},{"type":"Feature","geometry":{"type":"Point","coordinates":[125.1404,-9.1869]},"properties":{"d":"2026-10-08","t":"0531","frp":3.2,"b":332.1,"c":1,"s":"N21","n":0}},{"type":"Feature","geometry":{"type":"Point","coordinates":[125.8548,-9.1137]},"properties":{"d":"2026-10-08","t":"0531","frp":7.0,"b":345.0,"c":1,"s":"N21","n":0}},{"type":"Feature","geometry":{"type":"Point","coordinates":[125.3366,-9.0751]},"properties":{"d":"2026-10-08","t":"0531","frp":3.9,"b":333.5,"c":1,"s":"N21","n":0}},{"type":"Feature","geometry":{"type":"Point","coordinates":[125.5222,-9.0744]},"properties":{"d":"2026-10-08","t":"0531","frp":2.7,"b":330.1,"c":1,"s":"N21","n":0}},{"type":"Feature","geometry":{"type":"Point","coordinates":[125.5682,-9.0711]},"properties":{"d":"2026-10-08","t":"0531","frp":31.2,"b":355.2,"c":1,"s":"N21","n":0}},{"type":"Feature","geometry":{"type":"Point","coordinates":[125.5674,-9.0698]},"properties":{"d":"2026-10-08","t":"0531","frp":16.2,"b":367.0,"c":2,"s":"N21","n":0}},{"type":"Feature","geometry":{"type":"Point","coordinates":[125.5714,-9.0691]},"properties":{"d":"2026-10-08","t":"0531","frp":16.2,"b":340.3,"c":1,"s":"N21","n":0}},{"type":"Feature","geometry":{"type":"Point","coordinates":[125.8471,-9.0522]},"properties":{"d":"2026-10-08","t":"0531","frp":3.7,"b":339.8,"c":1,"s":"N21","n":0}},{"type":"Feature","geometry":{"type":"Point","coordinates":[125.6683,-9.0411]},"properties":{"d":"2026-10-08","t":"0531","frp":3.0,"b":330.1,"c":1,"s":"N21","n":0}},{"type":"Feature","geometry":{"type":"Point","coordinates":[150.849,-33.7669]},"properties":{"d":"2026-10-08","t":"0300","frp":2.3,"b":327.4,"c":0,"s":"N20","n":0}},{"type":"Feature","geometry":{"type":"Point","coordinates":[151.5321,-31.3843]},"properties":{"d":"2026-10-08","t":"0300","frp":3.4,"b":332.3,"c":1,"s":"N20","n":0}},{"type":"Feature","geometry":{"type":"Point","coordinates":[151.6173,-31.1555]},"properties":{"d":"2026-10-08","t":"0300","frp":3.8,"b":328.1,"c":1,"s":"N20","n":0}},{"type":"Feature","geometry":{"type":"Point","coordinates":[148.1872,-30.9292]},"properties":{"d":"2026-10-08","t":"0300","frp":9.3,"b":331.7,"c":0,"s":"N20","n":0}},{"type":"Feature","geometry":{"type":"Point","coordinates":[148.1943,-30.929]},"properties":{"d":"2026-10-08","t":"0300","frp":5.5,"b":333.9,"c":0,"s":"N20","n":0}},{"type":"Feature","geometry":{"type":"Point","coordinates":[148.1818,-30.9288]},"properties":{"d":"2026-10-08","t":"0300","frp":6.8,"b":332.2,"c":0,"s":"N20","n":0}},{"type":"Feature","geometry":{"type":"Point","coordinates":[148.189,-30.9285]},"properties":{"d":"2026-10-08","t":"0300","frp":8.7,"b":334.7,"c":0,"s":"N20","n":0}},{"type":"Feature","geometry":{"type":"Point","coordinates":[147.7209,-30.6706]},"properties":{"d":"2026-10-08","t":"0300","frp":12.1,"b":342.1,"c":1,"s":"N20","n":0}},{"type":"Feature","geometry":{"type":"Point","coordinates":[147.7285,-30.6703]},"properties":{"d":"2026-10-08","t":"0300","frp":12.1,"b":367.0,"c":2,"s":"N20","n":0}},{"type":"Feature","geometry":{"type":"Point","coordinates":[147.7247,-30.6655]},"properties":{"d":"2026-10-08","t":"0300","frp":21.6,"b":367.0,"c":2,"s":"N20","n":0}},{"type":"Feature","geometry":{"type":"Point","coordinates":[147.7206,-30.6636]},"properties":{"d":"2026-10-08","t":"0300","frp":12.1,"b":334.1,"c":1,"s":"N20","n":0}},{"type":"Feature","geometry":{"type":"Point","coordinates":[147.7281,-30.6633]},"properties":{"d":"2026-10-08","t":"0300","frp":12.1,"b":341.6,"c":1,"s":"N20","n":0}},{"type":"Feature","geometry":{"type":"Point","coordinates":[152.1608,-30.4079]},"properties":{"d":"2026-10-08","t":"0300","frp":6.2,"b":336.0,"c":1,"s":"N20","n":0}},{"type":"Feature","geometry":{"type":"Point","coordinates":[152.1651,-30.4076]},"properties":{"d":"2026-10-08","t":"0300","frp":6.7,"b":346.5,"c":1,"s":"N20","n":0}},{"type":"Feature","geometry":{"type":"Point","coordinates":[152.6792,-29.4574]},"properties":{"d":"2026-10-08","t":"0300","frp":1.8,"b":332.7,"c":1,"s":"N20","n":0}},{"type":"Feature","geometry":{"type":"Point","coordinates":[152.6679,-29.4477]},"properties":{"d":"2026-10-08","t":"0300","frp":3.4,"b":343.6,"c":1,"s":"N20","n":0}},{"type":"Feature","geometry":{"type":"Point","coordinates":[149.9409,-28.6746]},"properties":{"d":"2026-10-08","t":"0302","frp":6.0,"b":332.2,"c":0,"s":"N20","n":0}},{"type":"Feature","geometry":{"type":"Point","coordinates":[148.7881,-27.8021]},"properties":{"d":"2026-10-08","t":"0302","frp":4.3,"b":334.6,"c":1,"s":"N20","n":0}},{"type":"Feature","geometry":{"type":"Point","coordinates":[148.7881,-27.8018]},"properties":{"d":"2026-10-08","t":"0302","frp":3.9,"b":336.8,"c":1,"s":"N20","n":0}},{"type":"Feature","geometry":{"type":"Point","coordinates":[148.7877,-27.7956]},"properties":{"d":"2026-10-08","t":"0302","frp":4.3,"b":342.4,"c":1,"s":"N20","n":0}},{"type":"Feature","geometry":{"type":"Point","coordinates":[148.7878,-27.7953]},"properties":{"d":"2026-10-08","t":"0302","frp":3.9,"b":341.6,"c":1,"s":"N20","n":0}},{"type":"Feature","geometry":{"type":"Point","coordinates":[148.6597,-27.001]},"properties":{"d":"2026-10-08","t":"0302","frp":33.2,"b":367.0,"c":2,"s":"N20","n":0}},{"type":"Feature","geometry":{"type":"Point","coordinates":[146.8823,-24.8866]},"properties":{"d":"2026-10-08","t":"0302","frp":42.0,"b":347.9,"c":1,"s":"N20","n":0}},{"type":"Feature","geometry":{"type":"Point","coordinates":[146.8896,-24.8861]},"properties":{"d":"2026-10-08","t":"0302","frp":44.7,"b":367.0,"c":2,"s":"N20","n":0}},{"type":"Feature","geometry":{"type":"Point","coordinates":[146.8819,-24.8844]},"properties":{"d":"2026-10-08","t":"0302","frp":32.0,"b":350.2,"c":1,"s":"N20","n":0}},{"type":"Feature","geometry":{"type":"Point","coordinates":[146.8892,-24.884]},"properties":{"d":"2026-10-08","t":"0302","frp":32.0,"b":367.0,"c":2,"s":"N20","n":0}},{"type":"Feature","geometry":{"type":"Point","coordinates":[146.9551,-24.2989]},"properties":{"d":"2026-10-08","t":"0302","frp":5.6,"b":341.7,"c":1,"s":"N20","n":0}},{"type":"Feature","geometry":{"type":"Point","coordinates":[146.9619,-24.2984]},"properties":{"d":"2026-10-08","t":"0302","frp":5.6,"b":335.5,"c":1,"s":"N20","n":0}},{"type":"Feature","geometry":{"type":"Point","coordinates":[146.9479,-24.2923]},"properties":{"d":"2026-10-08","t":"0302","frp":25.7,"b":352.3,"c":1,"s":"N20","n":0}},{"type":"Feature","geometry":{"type":"Point","coordinates":[146.9546,-24.2919]},"properties":{"d":"2026-10-08","t":"0302","frp":12.1,"b":335.0,"c":1,"s":"N20","n":0}},{"type":"Feature","geometry":{"type":"Point","coordinates":[146.9613,-24.2915]},"properties":{"d":"2026-10-08","t":"0302","frp":12.1,"b":367.0,"c":2,"s":"N20","n":0}},{"type":"Feature","geometry":{"type":"Point","coordinates":[146.9543,-24.2849]},"properties":{"d":"2026-10-08","t":"0302","frp":12.1,"b":332.5,"c":1,"s":"N20","n":0}},{"type":"Feature","geometry":{"type":"Point","coordinates":[146.9609,-24.2845]},"properties":{"d":"2026-10-08","t":"0302","frp":12.1,"b":351.9,"c":1,"s":"N20","n":0}},{"type":"Feature","geometry":{"type":"Point","coordinates":[146.9677,-24.2841]},"properties":{"d":"2026-10-08","t":"0302","frp":19.6,"b":340.3,"c":1,"s":"N20","n":0}},{"type":"Feature","geometry":{"type":"Point","coordinates":[149.0263,-21.3931]},"properties":{"d":"2026-10-08","t":"0304","frp":8.9,"b":352.8,"c":1,"s":"N20","n":0}},{"type":"Feature","geometry":{"type":"Point","coordinates":[149.0259,-21.3871]},"properties":{"d":"2026-10-08","t":"0304","frp":8.9,"b":345.1,"c":1,"s":"N20","n":0}},{"type":"Feature","geometry":{"type":"Point","coordinates":[145.3829,-17.7981]},"properties":{"d":"2026-10-08","t":"0304","frp":6.0,"b":333.9,"c":1,"s":"N20","n":0}},{"type":"Feature","geometry":{"type":"Point","coordinates":[145.3902,-17.7975]},"properties":{"d":"2026-10-08","t":"0304","frp":6.0,"b":329.2,"c":1,"s":"N20","n":0}},{"type":"Feature","geometry":{"type":"Point","coordinates":[145.3845,-17.7947]},"properties":{"d":"2026-10-08","t":"0304","frp":9.7,"b":341.1,"c":1,"s":"N20","n":0}},{"type":"Feature","geometry":{"type":"Point","coordinates":[145.5076,-17.1553]},"properties":{"d":"2026-10-08","t":"0304","frp":5.1,"b":331.3,"c":1,"s":"N20","n":0}},{"type":"Feature","geometry":{"type":"Point","coordinates":[145.5087,-17.1506]},"properties":{"d":"2026-10-08","t":"0304","frp":10.1,"b":343.7,"c":1,"s":"N20","n":0}},{"type":"Feature","geometry":{"type":"Point","coordinates":[145.5065,-17.1483]},"properties":{"d":"2026-10-08","t":"0304","frp":5.1,"b":332.1,"c":1,"s":"N20","n":0}},{"type":"Feature","geometry":{"type":"Point","coordinates":[145.5156,-16.7799]},"properties":{"d":"2026-10-08","t":"0304","frp":6.7,"b":330.2,"c":1,"s":"N20","n":0}},{"type":"Feature","geometry":{"type":"Point","coordinates":[145.522,-16.7794]},"properties":{"d":"2026-10-08","t":"0304","frp":6.7,"b":335.2,"c":1,"s":"N20","n":0}},{"type":"Feature","geometry":{"type":"Point","coordinates":[145.5104,-16.7753]},"properties":{"d":"2026-10-08","t":"0304","frp":9.0,"b":327.0,"c":1,"s":"N20","n":0}},{"type":"Feature","geometry":{"type":"Point","coordinates":[145.5165,-16.7747]},"properties":{"d":"2026-10-08","t":"0304","frp":9.0,"b":343.1,"c":1,"s":"N20","n":0}},{"type":"Feature","geometry":{"type":"Point","coordinates":[145.5095,-16.7733]},"properties":{"d":"2026-10-08","t":"0304","frp":8.9,"b":326.9,"c":1,"s":"N20","n":0}},{"type":"Feature","geometry":{"type":"Point","coordinates":[145.5154,-16.7728]},"properties":{"d":"2026-10-08","t":"0304","frp":6.7,"b":335.5,"c":1,"s":"N20","n":0}},{"type":"Feature","geometry":{"type":"Point","coordinates":[145.4876,-16.7418]},"properties":{"d":"2026-10-08","t":"0304","frp":5.7,"b":329.8,"c":1,"s":"N20","n":0}},{"type":"Feature","geometry":{"type":"Point","coordinates":[145.4921,-16.7393]},"properties":{"d":"2026-10-08","t":"0304","frp":19.9,"b":339.5,"c":1,"s":"N20","n":0}},{"type":"Feature","geometry":{"type":"Point","coordinates":[145.4862,-16.7348]},"properties":{"d":"2026-10-08","t":"0304","frp":7.2,"b":330.4,"c":1,"s":"N20","n":0}},{"type":"Feature","geometry":{"type":"Point","coordinates":[145.4924,-16.7343]},"properties":{"d":"2026-10-08","t":"0304","frp":9.2,"b":330.8,"c":1,"s":"N20","n":0}},{"type":"Feature","geometry":{"type":"Point","coordinates":[145.0408,-16.4938]},"properties":{"d":"2026-10-08","t":"0304","frp":6.8,"b":331.8,"c":1,"s":"N20","n":0}},{"type":"Feature","geometry":{"type":"Point","coordinates":[145.048,-16.4932]},"properties":{"d":"2026-10-08","t":"0304","frp":5.4,"b":328.2,"c":1,"s":"N20","n":0}},{"type":"Feature","geometry":{"type":"Point","coordinates":[145.0446,-16.4914]},"properties":{"d":"2026-10-08","t":"0304","frp":9.7,"b":344.9,"c":1,"s":"N20","n":0}},{"type":"Feature","geometry":{"type":"Point","coordinates":[145.0665,-16.4893]},"properties":{"d":"2026-10-08","t":"0304","frp":6.6,"b":327.0,"c":1,"s":"N20","n":0}},{"type":"Feature","geometry":{"type":"Point","coordinates":[145.0479,-16.4859]},"properties":{"d":"2026-10-08","t":"0304","frp":5.4,"b":332.7,"c":1,"s":"N20","n":0}},{"type":"Feature","geometry":{"type":"Point","coordinates":[144.9751,-15.2843]},"properties":{"d":"2026-10-08","t":"0304","frp":16.2,"b":367.0,"c":2,"s":"N20","n":0}},{"type":"Feature","geometry":{"type":"Point","coordinates":[144.8148,-14.7486]},"properties":{"d":"2026-10-08","t":"0304","frp":9.2,"b":326.5,"c":1,"s":"N20","n":0}},{"type":"Feature","geometry":{"type":"Point","coordinates":[144.8217,-14.748]},"properties":{"d":"2026-10-08","t":"0304","frp":10.1,"b":336.4,"c":1,"s":"N20","n":0}},{"type":"Feature","geometry":{"type":"Point","coordinates":[144.8159,-14.7454]},"properties":{"d":"2026-10-08","t":"0304","frp":14.4,"b":331.6,"c":1,"s":"N20","n":0}},{"type":"Feature","geometry":{"type":"Point","coordinates":[150.3782,-10.4123]},"properties":{"d":"2026-10-08","t":"0306","frp":6.0,"b":330.2,"c":1,"s":"N20","n":0}},{"type":"Feature","geometry":{"type":"Point","coordinates":[148.1092,-10.0991]},"properties":{"d":"2026-10-08","t":"0306","frp":8.3,"b":367.0,"c":2,"s":"N20","n":0}},{"type":"Feature","geometry":{"type":"Point","coordinates":[149.8122,-9.9954]},"properties":{"d":"2026-10-08","t":"0306","frp":5.4,"b":331.2,"c":1,"s":"N20","n":0}},{"type":"Feature","geometry":{"type":"Point","coordinates":[149.6225,-9.9695]},"properties":{"d":"2026-10-08","t":"0306","frp":6.1,"b":337.0,"c":1,"s":"N20","n":0}},{"type":"Feature","geometry":{"type":"Point","coordinates":[149.6251,-9.9692]},"properties":{"d":"2026-10-08","t":"0306","frp":5.0,"b":335.6,"c":1,"s":"N20","n":0}},{"type":"Feature","geometry":{"type":"Point","coordinates":[149.3125,-9.8525]},"properties":{"d":"2026-10-08","t":"0306","frp":8.4,"b":353.6,"c":1,"s":"N20","n":0}},{"type":"Feature","geometry":{"type":"Point","coordinates":[149.3154,-9.8521]},"properties":{"d":"2026-10-08","t":"0306","frp":8.4,"b":367.0,"c":2,"s":"N20","n":0}},{"type":"Feature","geometry":{"type":"Point","coordinates":[149.4804,-9.8498]},"properties":{"d":"2026-10-08","t":"0306","frp":4.6,"b":331.8,"c":1,"s":"N20","n":0}},{"type":"Feature","geometry":{"type":"Point","coordinates":[149.3112,-9.806]},"properties":{"d":"2026-10-08","t":"0306","frp":9.5,"b":354.7,"c":1,"s":"N20","n":0}},{"type":"Feature","geometry":{"type":"Point","coordinates":[149.3138,-9.8056]},"properties":{"d":"2026-10-08","t":"0306","frp":9.5,"b":367.0,"c":2,"s":"N20","n":0}},{"type":"Feature","geometry":{"type":"Point","coordinates":[147.9697,-9.7917]},"properties":{"d":"2026-10-08","t":"0306","frp":3.5,"b":333.8,"c":1,"s":"N20","n":0}},{"type":"Feature","geometry":{"type":"Point","coordinates":[149.9372,-9.7395]},"properties":{"d":"2026-10-08","t":"0306","frp":4.5,"b":330.9,"c":1,"s":"N20","n":0}},{"type":"Feature","geometry":{"type":"Point","coordinates":[147.6038,-9.7142]},"properties":{"d":"2026-10-08","t":"0306","frp":6.5,"b":332.8,"c":1,"s":"N20","n":0}},{"type":"Feature","geometry":{"type":"Point","coordinates":[148.5259,-9.7039]},"properties":{"d":"2026-10-08","t":"0306","frp":3.1,"b":332.0,"c":1,"s":"N20","n":0}},{"type":"Feature","geometry":{"type":"Point","coordinates":[148.5244,-9.6986]},"properties":{"d":"2026-10-08","t":"0306","frp":3.1,"b":341.1,"c":1,"s":"N20","n":0}},{"type":"Feature","geometry":{"type":"Point","coordinates":[148.6915,-9.6664]},"properties":{"d":"2026-10-08","t":"0306","frp":2.0,"b":330.0,"c":1,"s":"N20","n":0}},{"type":"Feature","geometry":{"type":"Point","coordinates":[148.724,-9.6515]},"properties":{"d":"2026-10-08","t":"0306","frp":7.6,"b":329.4,"c":0,"s":"N20","n":0}},{"type":"Feature","geometry":{"type":"Point","coordinates":[148.6227,-9.552]},"properties":{"d":"2026-10-08","t":"0306","frp":3.0,"b":336.0,"c":1,"s":"N20","n":0}},{"type":"Feature","geometry":{"type":"Point","coordinates":[148.3458,-9.4639]},"properties":{"d":"2026-10-08","t":"0306","frp":9.5,"b":356.6,"c":0,"s":"N20","n":0}},{"type":"Feature","geometry":{"type":"Point","coordinates":[148.3426,-9.4622]},"properties":{"d":"2026-10-08","t":"0306","frp":6.4,"b":333.8,"c":1,"s":"N20","n":0}},{"type":"Feature","geometry":{"type":"Point","coordinates":[148.3462,-9.4617]},"properties":{"d":"2026-10-08","t":"0306","frp":6.4,"b":367.0,"c":2,"s":"N20","n":0}},{"type":"Feature","geometry":{"type":"Point","coordinates":[148.342,-9.4588]},"properties":{"d":"2026-10-08","t":"0306","frp":3.4,"b":329.4,"c":1,"s":"N20","n":0}},{"type":"Feature","geometry":{"type":"Point","coordinates":[147.3852,-9.411]},"properties":{"d":"2026-10-08","t":"0306","frp":2.4,"b":331.7,"c":1,"s":"N20","n":0}},{"type":"Feature","geometry":{"type":"Point","coordinates":[148.7188,-9.3961]},"properties":{"d":"2026-10-08","t":"0306","frp":6.2,"b":336.8,"c":1,"s":"N20","n":0}},{"type":"Feature","geometry":{"type":"Point","coordinates":[147.4226,-9.3829]},"properties":{"d":"2026-10-08","t":"0306","frp":5.8,"b":347.1,"c":1,"s":"N20","n":0}},{"type":"Feature","geometry":{"type":"Point","coordinates":[147.42,-9.3819]},"properties":{"d":"2026-10-08","t":"0306","frp":7.3,"b":354.9,"c":1,"s":"N20","n":0}},{"type":"Feature","geometry":{"type":"Point","coordinates":[147.424,-9.3814]},"properties":{"d":"2026-10-08","t":"0306","frp":7.3,"b":331.5,"c":1,"s":"N20","n":0}},{"type":"Feature","geometry":{"type":"Point","coordinates":[147.4215,-9.3772]},"properties":{"d":"2026-10-08","t":"0306","frp":5.8,"b":332.9,"c":1,"s":"N20","n":0}},{"type":"Feature","geometry":{"type":"Point","coordinates":[147.2721,-9.3127]},"properties":{"d":"2026-10-08","t":"0306","frp":2.1,"b":326.9,"c":1,"s":"N20","n":0}},{"type":"Feature","geometry":{"type":"Point","coordinates":[152.8766,-9.2476]},"properties":{"d":"2026-10-08","t":"0306","frp":2.1,"b":331.5,"c":1,"s":"N20","n":0}},{"type":"Feature","geometry":{"type":"Point","coordinates":[148.6847,-9.2347]},"properties":{"d":"2026-10-08","t":"0306","frp":3.0,"b":329.7,"c":1,"s":"N20","n":0}},{"type":"Feature","geometry":{"type":"Point","coordinates":[148.5841,-9.2097]},"properties":{"d":"2026-10-08","t":"0306","frp":7.8,"b":367.0,"c":2,"s":"N20","n":0}},{"type":"Feature","geometry":{"type":"Point","coordinates":[147.2079,-9.2087]},"properties":{"d":"2026-10-08","t":"0306","frp":4.3,"b":326.9,"c":1,"s":"N20","n":0}},{"type":"Feature","geometry":{"type":"Point","coordinates":[148.5836,-9.2056]},"properties":{"d":"2026-10-08","t":"0306","frp":4.9,"b":347.6,"c":1,"s":"N20","n":0}},{"type":"Feature","geometry":{"type":"Point","coordinates":[147.5666,-9.2042]},"properties":{"d":"2026-10-08","t":"0306","frp":4.3,"b":328.8,"c":1,"s":"N20","n":0}},{"type":"Feature","geometry":{"type":"Point","coordinates":[148.8737,-9.1732]},"properties":{"d":"2026-10-08","t":"0306","frp":3.0,"b":338.6,"c":1,"s":"N20","n":0}},{"type":"Feature","geometry":{"type":"Point","coordinates":[148.8733,-9.1722]},"properties":{"d":"2026-10-08","t":"0306","frp":3.0,"b":339.2,"c":1,"s":"N20","n":0}},{"type":"Feature","geometry":{"type":"Point","coordinates":[148.8688,-9.1622]},"properties":{"d":"2026-10-08","t":"0306","frp":3.7,"b":333.6,"c":1,"s":"N20","n":0}},{"type":"Feature","geometry":{"type":"Point","coordinates":[147.0326,-9.1601]},"properties":{"d":"2026-10-08","t":"0306","frp":3.6,"b":329.8,"c":1,"s":"N20","n":0}},{"type":"Feature","geometry":{"type":"Point","coordinates":[149.15,-9.0333]},"properties":{"d":"2026-10-08","t":"0306","frp":2.7,"b":334.4,"c":1,"s":"N20","n":0}},{"type":"Feature","geometry":{"type":"Point","coordinates":[149.1509,-9.031]},"properties":{"d":"2026-10-08","t":"0306","frp":3.1,"b":334.9,"c":1,"s":"N20","n":0}},{"type":"Feature","geometry":{"type":"Point","coordinates":[146.7686,-42.2428]},"properties":{"d":"2026-10-08","t":"0438","frp":3.0,"b":332.6,"c":1,"s":"N20","n":0}},{"type":"Feature","geometry":{"type":"Point","coordinates":[147.6792,-41.9947]},"properties":{"d":"2026-10-08","t":"0438","frp":13.9,"b":339.4,"c":1,"s":"N20","n":0}},{"type":"Feature","geometry":{"type":"Point","coordinates":[147.5108,-41.6515]},"properties":{"d":"2026-10-08","t":"0438","frp":9.9,"b":338.9,"c":1,"s":"N20","n":0}},{"type":"Feature","geometry":{"type":"Point","coordinates":[147.0143,-41.2735]},"properties":{"d":"2026-10-08","t":"0438","frp":11.0,"b":331.9,"c":1,"s":"N20","n":0}},{"type":"Feature","geometry":{"type":"Point","coordinates":[147.0128,-41.2697]},"properties":{"d":"2026-10-08","t":"0438","frp":11.0,"b":353.4,"c":1,"s":"N20","n":0}},{"type":"Feature","geometry":{"type":"Point","coordinates":[147.0189,-41.2685]},"properties":{"d":"2026-10-08","t":"0438","frp":17.2,"b":353.2,"c":1,"s":"N20","n":0}},{"type":"Feature","geometry":{"type":"Point","coordinates":[147.025,-41.2672]},"properties":{"d":"2026-10-08","t":"0438","frp":17.2,"b":352.1,"c":1,"s":"N20","n":0}},{"type":"Feature","geometry":{"type":"Point","coordinates":[147.0175,-41.2646]},"properties":{"d":"2026-10-08","t":"0438","frp":8.5,"b":339.4,"c":1,"s":"N20","n":0}},{"type":"Feature","geometry":{"type":"Point","coordinates":[147.0237,-41.2633]},"properties":{"d":"2026-10-08","t":"0438","frp":8.5,"b":345.9,"c":1,"s":"N20","n":0}},{"type":"Feature","geometry":{"type":"Point","coordinates":[147.0299,-41.262]},"properties":{"d":"2026-10-08","t":"0438","frp":5.2,"b":328.8,"c":1,"s":"N20","n":0}},{"type":"Feature","geometry":{"type":"Point","coordinates":[146.3784,-41.2344]},"properties":{"d":"2026-10-08","t":"0438","frp":5.1,"b":335.2,"c":1,"s":"N20","n":0}},{"type":"Feature","geometry":{"type":"Point","coordinates":[147.6192,-40.9567]},"properties":{"d":"2026-10-08","t":"0438","frp":3.0,"b":335.9,"c":1,"s":"N20","n":0}},{"type":"Feature","geometry":{"type":"Point","coordinates":[147.6316,-40.937]},"properties":{"d":"2026-10-08","t":"0438","frp":2.2,"b":337.5,"c":1,"s":"N20","n":0}},{"type":"Feature","geometry":{"type":"Point","coordinates":[147.7102,-40.92]},"properties":{"d":"2026-10-08","t":"0438","frp":4.0,"b":339.7,"c":1,"s":"N20","n":0}},{"type":"Feature","geometry":{"type":"Point","coordinates":[142.5058,-37.9362]},"properties":{"d":"2026-10-08","t":"0440","frp":3.8,"b":332.8,"c":1,"s":"N20","n":0}},{"type":"Feature","geometry":{"type":"Point","coordinates":[143.3047,-37.9301]},"properties":{"d":"2026-10-08","t":"0440","frp":11.8,"b":342.9,"c":1,"s":"N20","n":0}},{"type":"Feature","geometry":{"type":"Point","coordinates":[143.2886,-37.9293]},"properties":{"d":"2026-10-08","t":"0440","frp":13.9,"b":342.6,"c":1,"s":"N20","n":0}},{"type":"Feature","geometry":{"type":"Point","coordinates":[144.7914,-37.8338]},"properties":{"d":"2026-10-08","t":"0440","frp":4.6,"b":338.0,"c":1,"s":"N20","n":0}},{"type":"Feature","geometry":{"type":"Point","coordinates":[141.1067,-37.6582]},"properties":{"d":"2026-10-08","t":"0440","frp":1.8,"b":328.5,"c":0,"s":"N20","n":0}},{"type":"Feature","geometry":{"type":"Point","coordinates":[149.1827,-36.9518]},"properties":{"d":"2026-10-08","t":"0440","frp":10.1,"b":337.5,"c":1,"s":"N20","n":0}},{"type":"Feature","geometry":{"type":"Point","coordinates":[149.1851,-36.9504]},"properties":{"d":"2026-10-08","t":"0440","frp":28.6,"b":354.8,"c":1,"s":"N20","n":0}},{"type":"Feature","geometry":{"type":"Point","coordinates":[149.1891,-36.9502]},"properties":{"d":"2026-10-08","t":"0440","frp":8.2,"b":337.5,"c":1,"s":"N20","n":0}},{"type":"Feature","geometry":{"type":"Point","coordinates":[149.1874,-36.9456]},"properties":{"d":"2026-10-08","t":"0440","frp":9.4,"b":345.1,"c":1,"s":"N20","n":0}},{"type":"Feature","geometry":{"type":"Point","coordinates":[146.9872,-36.7655]},"properties":{"d":"2026-10-08","t":"0440","frp":5.1,"b":341.6,"c":1,"s":"N20","n":0}},{"type":"Feature","geometry":{"type":"Point","coordinates":[141.3104,-36.4792]},"properties":{"d":"2026-10-08","t":"0440","frp":8.0,"b":337.5,"c":0,"s":"N20","n":0}},{"type":"Feature","geometry":{"type":"Point","coordinates":[145.4532,-36.4213]},"properties":{"d":"2026-10-08","t":"0440","frp":14.3,"b":354.3,"c":1,"s":"N20","n":0}},{"type":"Feature","geometry":{"type":"Point","coordinates":[145.452,-36.4174]},"properties":{"d":"2026-10-08","t":"0440","frp":14.3,"b":354.6,"c":1,"s":"N20","n":0}},{"type":"Feature","geometry":{"type":"Point","coordinates":[142.7019,-36.093]},"properties":{"d":"2026-10-08","t":"0440","frp":1.7,"b":327.3,"c":1,"s":"N20","n":0}},{"type":"Feature","geometry":{"type":"Point","coordinates":[137.0226,-35.7924]},"properties":{"d":"2026-10-08","t":"0440","frp":3.9,"b":337.4,"c":1,"s":"N20","n":0}},{"type":"Feature","geometry":{"type":"Point","coordinates":[146.735,-35.7895]},"properties":{"d":"2026-10-08","t":"0440","frp":3.1,"b":334.9,"c":1,"s":"N20","n":0}},{"type":"Feature","geometry":{"type":"Point","coordinates":[137.022,-35.789]},"properties":{"d":"2026-10-08","t":"0440","frp":3.9,"b":339.4,"c":1,"s":"N20","n":0}},{"type":"Feature","geometry":{"type":"Point","coordinates":[137.1,-35.7853]},"properties":{"d":"2026-10-08","t":"0440","frp":8.0,"b":348.2,"c":1,"s":"N20","n":0}},{"type":"Feature","geometry":{"type":"Point","coordinates":[137.1044,-35.7847]},"properties":{"d":"2026-10-08","t":"0440","frp":8.0,"b":351.0,"c":1,"s":"N20","n":0}},{"type":"Feature","geometry":{"type":"Point","coordinates":[137.0992,-35.7819]},"properties":{"d":"2026-10-08","t":"0440","frp":8.2,"b":332.0,"c":1,"s":"N20","n":0}},{"type":"Feature","geometry":{"type":"Point","coordinates":[137.1037,-35.7813]},"properties":{"d":"2026-10-08","t":"0440","frp":8.2,"b":354.5,"c":1,"s":"N20","n":0}},{"type":"Feature","geometry":{"type":"Point","coordinates":[146.9682,-35.7099]},"properties":{"d":"2026-10-08","t":"0440","frp":8.8,"b":341.7,"c":1,"s":"N20","n":0}},{"type":"Feature","geometry":{"type":"Point","coordinates":[146.9515,-35.709]},"properties":{"d":"2026-10-08","t":"0440","frp":7.9,"b":339.5,"c":1,"s":"N20","n":0}},{"type":"Feature","geometry":{"type":"Point","coordinates":[146.9835,-35.7064]},"properties":{"d":"2026-10-08","t":"0440","frp":4.5,"b":325.7,"c":0,"s":"N20","n":0}},{"type":"Feature","geometry":{"type":"Point","coordinates":[146.9501,-35.7047]},"properties":{"d":"2026-10-08","t":"0440","frp":4.6,"b":335.7,"c":1,"s":"N20","n":0}},{"type":"Feature","geometry":{"type":"Point","coordinates":[146.9806,-35.6978]},"properties":{"d":"2026-10-08","t":"0440","frp":4.7,"b":337.8,"c":1,"s":"N20","n":0}},{"type":"Feature","geometry":{"type":"Point","coordinates":[146.969,-35.6958]},"properties":{"d":"2026-10-08","t":"0440","frp":5.6,"b":341.9,"c":1,"s":"N20","n":0}},{"type":"Feature","geometry":{"type":"Point","coordinates":[146.9741,-35.6946]},"properties":{"d":"2026-10-08","t":"0440","frp":5.6,"b":342.2,"c":1,"s":"N20","n":0}},{"type":"Feature","geometry":{"type":"Point","coordinates":[146.9792,-35.6935]},"properties":{"d":"2026-10-08","t":"0440","frp":4.7,"b":325.5,"c":0,"s":"N20","n":0}},{"type":"Feature","geometry":{"type":"Point","coordinates":[146.9654,-35.6922]},"properties":{"d":"2026-10-08","t":"0440","frp":12.1,"b":345.7,"c":1,"s":"N20","n":0}},{"type":"Feature","geometry":{"type":"Point","coordinates":[146.9676,-35.6915]},"properties":{"d":"2026-10-08","t":"0440","frp":3.3,"b":336.9,"c":1,"s":"N20","n":0}},{"type":"Feature","geometry":{"type":"Point","coordinates":[146.9706,-35.6911]},"properties":{"d":"2026-10-08","t":"0440","frp":5.1,"b":347.3,"c":1,"s":"N20","n":0}},{"type":"Feature","geometry":{"type":"Point","coordinates":[146.9727,-35.6903]},"properties":{"d":"2026-10-08","t":"0440","frp":3.3,"b":340.8,"c":1,"s":"N20","n":0}},{"type":"Feature","geometry":{"type":"Point","coordinates":[146.9757,-35.69]},"properties":{"d":"2026-10-08","t":"0440","frp":5.1,"b":348.9,"c":1,"s":"N20","n":0}},{"type":"Feature","geometry":{"type":"Point","coordinates":[146.9778,-35.6892]},"properties":{"d":"2026-10-08","t":"0440","frp":5.6,"b":337.9,"c":1,"s":"N20","n":0}},{"type":"Feature","geometry":{"type":"Point","coordinates":[146.9808,-35.6889]},"properties":{"d":"2026-10-08","t":"0440","frp":5.2,"b":347.2,"c":1,"s":"N20","n":0}},{"type":"Feature","geometry":{"type":"Point","coordinates":[146.9662,-35.6872]},"properties":{"d":"2026-10-08","t":"0440","frp":3.3,"b":344.8,"c":1,"s":"N20","n":0}},{"type":"Feature","geometry":{"type":"Point","coordinates":[146.9691,-35.6868]},"properties":{"d":"2026-10-08","t":"0440","frp":5.1,"b":348.1,"c":1,"s":"N20","n":0}},{"type":"Feature","geometry":{"type":"Point","coordinates":[146.9713,-35.686]},"properties":{"d":"2026-10-08","t":"0440","frp":3.3,"b":328.3,"c":1,"s":"N20","n":0}},{"type":"Feature","geometry":{"type":"Point","coordinates":[140.1561,-35.5277]},"properties":{"d":"2026-10-08","t":"0440","frp":4.6,"b":334.0,"c":0,"s":"N20","n":0}},{"type":"Feature","geometry":{"type":"Point","coordinates":[138.8845,-34.9565]},"properties":{"d":"2026-10-08","t":"0440","frp":1.3,"b":333.4,"c":1,"s":"N20","n":0}},{"type":"Feature","geometry":{"type":"Point","coordinates":[146.5912,-34.9278]},"properties":{"d":"2026-10-08","t":"0440","frp":5.1,"b":340.5,"c":1,"s":"N20","n":0}},{"type":"Feature","geometry":{"type":"Point","coordinates":[146.5962,-34.9267]},"properties":{"d":"2026-10-08","t":"0440","frp":10.4,"b":349.8,"c":1,"s":"N20","n":0}},{"type":"Feature","geometry":{"type":"Point","coordinates":[146.6063,-34.9245]},"properties":{"d":"2026-10-08","t":"0440","frp":4.7,"b":348.1,"c":1,"s":"N20","n":0}},{"type":"Feature","geometry":{"type":"Point","coordinates":[146.5898,-34.9235]},"properties":{"d":"2026-10-08","t":"0440","frp":5.1,"b":355.9,"c":0,"s":"N20","n":0}},{"type":"Feature","geometry":{"type":"Point","coordinates":[146.5999,-34.9213]},"properties":{"d":"2026-10-08","t":"0440","frp":10.4,"b":356.1,"c":0,"s":"N20","n":0}},{"type":"Feature","geometry":{"type":"Point","coordinates":[146.6049,-34.9201]},"properties":{"d":"2026-10-08","t":"0440","frp":4.7,"b":356.1,"c":0,"s":"N20","n":0}},{"type":"Feature","geometry":{"type":"Point","coordinates":[146.5884,-34.9192]},"properties":{"d":"2026-10-08","t":"0440","frp":8.6,"b":347.0,"c":1,"s":"N20","n":0}},{"type":"Feature","geometry":{"type":"Point","coordinates":[146.6099,-34.919]},"properties":{"d":"2026-10-08","t":"0440","frp":4.7,"b":349.5,"c":1,"s":"N20","n":0}},{"type":"Feature","geometry":{"type":"Point","coordinates":[146.5934,-34.9181]},"properties":{"d":"2026-10-08","t":"0440","frp":7.5,"b":356.4,"c":0,"s":"N20","n":0}},{"type":"Feature","geometry":{"type":"Point","coordinates":[146.577,-34.9172]},"properties":{"d":"2026-10-08","t":"0440","frp":3.1,"b":343.1,"c":1,"s":"N20","n":0}},{"type":"Feature","geometry":{"type":"Point","coordinates":[146.5985,-34.917]},"properties":{"d":"2026-10-08","t":"0440","frp":7.5,"b":356.4,"c":0,"s":"N20","n":0}},{"type":"Feature","geometry":{"type":"Point","coordinates":[146.6035,-34.9158]},"properties":{"d":"2026-10-08","t":"0440","frp":3.9,"b":346.6,"c":1,"s":"N20","n":0}},{"type":"Feature","geometry":{"type":"Point","coordinates":[146.587,-34.9149]},"properties":{"d":"2026-10-08","t":"0440","frp":8.6,"b":356.5,"c":0,"s":"N20","n":0}},{"type":"Feature","geometry":{"type":"Point","coordinates":[146.5921,-34.9138]},"properties":{"d":"2026-10-08","t":"0440","frp":7.5,"b":356.5,"c":0,"s":"N20","n":0}},{"type":"Feature","geometry":{"type":"Point","coordinates":[146.5857,-34.9106]},"properties":{"d":"2026-10-08","t":"0440","frp":7.6,"b":356.5,"c":0,"s":"N20","n":0}},{"type":"Feature","geometry":{"type":"Point","coordinates":[146.5793,-34.9074]},"properties":{"d":"2026-10-08","t":"0440","frp":7.6,"b":338.6,"c":1,"s":"N20","n":0}},{"type":"Feature","geometry":{"type":"Point","coordinates":[146.5843,-34.9063]},"properties":{"d":"2026-10-08","t":"0440","frp":7.6,"b":356.4,"c":0,"s":"N20","n":0}},{"type":"Feature","geometry":{"type":"Point","coordinates":[146.5893,-34.9052]},"properties":{"d":"2026-10-08","t":"0440","frp":17.0,"b":356.4,"c":0,"s":"N20","n":0}},{"type":"Feature","geometry":{"type":"Point","coordinates":[146.5829,-34.902]},"properties":{"d":"2026-10-08","t":"0440","frp":3.2,"b":344.9,"c":1,"s":"N20","n":0}},{"type":"Feature","geometry":{"type":"Point","coordinates":[146.5879,-34.9009]},"properties":{"d":"2026-10-08","t":"0440","frp":1.3,"b":334.0,"c":1,"s":"N20","n":0}},{"type":"Feature","geometry":{"type":"Point","coordinates":[150.8861,-34.4634]},"properties":{"d":"2026-10-08","t":"0440","frp":3.8,"b":337.8,"c":1,"s":"N20","n":0}},{"type":"Feature","geometry":{"type":"Point","coordinates":[150.8798,-34.4591]},"properties":{"d":"2026-10-08","t":"0440","frp":3.8,"b":328.4,"c":1,"s":"N20","n":0}},{"type":"Feature","geometry":{"type":"Point","coordinates":[147.2258,-33.9485]},"properties":{"d":"2026-10-08","t":"0440","frp":3.8,"b":341.9,"c":1,"s":"N20","n":0}},{"type":"Feature","geometry":{"type":"Point","coordinates":[138.6761,-33.8743]},"properties":{"d":"2026-10-08","t":"0440","frp":6.7,"b":344.9,"c":1,"s":"N20","n":0}},{"type":"Feature","geometry":{"type":"Point","coordinates":[150.7999,-33.8246]},"properties":{"d":"2026-10-08","t":"0440","frp":1.3,"b":326.5,"c":0,"s":"N20","n":0}},{"type":"Feature","geometry":{"type":"Point","coordinates":[135.4307,-33.5918]},"properties":{"d":"2026-10-08","t":"0440","frp":5.4,"b":347.5,"c":1,"s":"N20","n":0}},{"type":"Feature","geometry":{"type":"Point","coordinates":[135.43,-33.5882]},"properties":{"d":"2026-10-08","t":"0440","frp":5.4,"b":336.5,"c":1,"s":"N20","n":0}},{"type":"Feature","geometry":{"type":"Point","coordinates":[138.1089,-33.1297]},"properties":{"d":"2026-10-08","t":"0440","frp":4.9,"b":344.0,"c":0,"s":"N20","n":0}},{"type":"Feature","geometry":{"type":"Point","coordinates":[151.4093,-32.3641]},"properties":{"d":"2026-10-08","t":"0440","frp":3.8,"b":334.1,"c":1,"s":"N20","n":0}},{"type":"Feature","geometry":{"type":"Point","coordinates":[146.6356,-32.3625]},"properties":{"d":"2026-10-08","t":"0440","frp":8.8,"b":342.7,"c":1,"s":"N20","n":0}},{"type":"Feature","geometry":{"type":"Point","coordinates":[146.6231,-32.3605]},"properties":{"d":"2026-10-08","t":"0440","frp":8.7,"b":347.5,"c":1,"s":"N20","n":0}},{"type":"Feature","geometry":{"type":"Point","coordinates":[146.6287,-32.3593]},"properties":{"d":"2026-10-08","t":"0440","frp":10.4,"b":342.3,"c":1,"s":"N20","n":0}},{"type":"Feature","geometry":{"type":"Point","coordinates":[146.6342,-32.358]},"properties":{"d":"2026-10-08","t":"0440","frp":10.4,"b":356.3,"c":1,"s":"N20","n":0}},{"type":"Feature","geometry":{"type":"Point","coordinates":[146.5876,-32.3119]},"properties":{"d":"2026-10-08","t":"0440","frp":9.8,"b":345.8,"c":1,"s":"N20","n":0}},{"type":"Feature","geometry":{"type":"Point","coordinates":[145.6043,-32.3032]},"properties":{"d":"2026-10-08","t":"0440","frp":7.7,"b":343.2,"c":0,"s":"N20","n":0}},{"type":"Feature","geometry":{"type":"Point","coordinates":[151.88,-32.1111]},"properties":{"d":"2026-10-08","t":"0440","frp":2.7,"b":326.6,"c":1,"s":"N20","n":0}},{"type":"Feature","geometry":{"type":"Point","coordinates":[151.8829,-32.1088]},"properties":{"d":"2026-10-08","t":"0440","frp":3.2,"b":333.7,"c":1,"s":"N20","n":0}},{"type":"Feature","geometry":{"type":"Point","coordinates":[147.0001,-31.6366]},"properties":{"d":"2026-10-08","t":"0440","frp":7.5,"b":341.1,"c":1,"s":"N20","n":0}},{"type":"Feature","geometry":{"type":"Point","coordinates":[147.0061,-31.6352]},"properties":{"d":"2026-10-08","t":"0440","frp":7.5,"b":341.3,"c":1,"s":"N20","n":0}},{"type":"Feature","geometry":{"type":"Point","coordinates":[145.025,-31.4745]},"properties":{"d":"2026-10-08","t":"0440","frp":2.1,"b":336.7,"c":0,"s":"N20","n":0}},{"type":"Feature","geometry":{"type":"Point","coordinates":[145.0266,-31.4725]},"properties":{"d":"2026-10-08","t":"0440","frp":3.6,"b":348.7,"c":1,"s":"N20","n":0}},{"type":"Feature","geometry":{"type":"Point","coordinates":[146.4462,-31.3909]},"properties":{"d":"2026-10-08","t":"0440","frp":21.7,"b":342.5,"c":1,"s":"N20","n":0}},{"type":"Feature","geometry":{"type":"Point","coordinates":[146.4472,-31.3877]},"properties":{"d":"2026-10-08","t":"0440","frp":22.1,"b":343.7,"c":1,"s":"N20","n":0}},{"type":"Feature","geometry":{"type":"Point","coordinates":[146.4448,-31.3863]},"properties":{"d":"2026-10-08","t":"0440","frp":39.5,"b":343.6,"c":1,"s":"N20","n":0}},{"type":"Feature","geometry":{"type":"Point","coordinates":[151.5029,-31.2221]},"properties":{"d":"2026-10-08","t":"0440","frp":7.6,"b":346.6,"c":1,"s":"N20","n":0}},{"type":"Feature","geometry":{"type":"Point","coordinates":[151.5042,-31.2204]},"properties":{"d":"2026-10-08","t":"0440","frp":4.8,"b":332.9,"c":1,"s":"N20","n":0}},{"type":"Feature","geometry":{"type":"Point","coordinates":[146.0036,-31.167]},"properties":{"d":"2026-10-08","t":"0440","frp":6.5,"b":343.5,"c":1,"s":"N20","n":0}},{"type":"Feature","geometry":{"type":"Point","coordinates":[146.0089,-31.1658]},"properties":{"d":"2026-10-08","t":"0440","frp":6.5,"b":348.7,"c":1,"s":"N20","n":0}},{"type":"Feature","geometry":{"type":"Point","coordinates":[146.0143,-31.1646]},"properties":{"d":"2026-10-08","t":"0440","frp":12.0,"b":355.2,"c":1,"s":"N20","n":0}},{"type":"Feature","geometry":{"type":"Point","coordinates":[146.0197,-31.1634]},"properties":{"d":"2026-10-08","t":"0440","frp":12.0,"b":367.0,"c":2,"s":"N20","n":0}},{"type":"Feature","geometry":{"type":"Point","coordinates":[146.025,-31.1622]},"properties":{"d":"2026-10-08","t":"0440","frp":11.1,"b":356.3,"c":1,"s":"N20","n":0}},{"type":"Feature","geometry":{"type":"Point","coordinates":[148.1925,-30.9352]},"properties":{"d":"2026-10-08","t":"0440","frp":3.6,"b":347.4,"c":1,"s":"N20","n":0}},{"type":"Feature","geometry":{"type":"Point","coordinates":[148.1961,-30.9343]},"properties":{"d":"2026-10-08","t":"0440","frp":3.6,"b":343.5,"c":1,"s":"N20","n":0}},{"type":"Feature","geometry":{"type":"Point","coordinates":[147.7261,-30.6724]},"properties":{"d":"2026-10-08","t":"0440","frp":8.4,"b":355.4,"c":1,"s":"N20","n":0}},{"type":"Feature","geometry":{"type":"Point","coordinates":[147.7295,-30.6716]},"properties":{"d":"2026-10-08","t":"0440","frp":8.4,"b":367.0,"c":2,"s":"N20","n":0}},{"type":"Feature","geometry":{"type":"Point","coordinates":[147.7211,-30.6682]},"properties":{"d":"2026-10-08","t":"0440","frp":9.7,"b":340.2,"c":1,"s":"N20","n":0}},{"type":"Feature","geometry":{"type":"Point","coordinates":[147.7245,-30.6674]},"properties":{"d":"2026-10-08","t":"0440","frp":10.0,"b":367.0,"c":2,"s":"N20","n":0}},{"type":"Feature","geometry":{"type":"Point","coordinates":[147.7279,-30.6666]},"properties":{"d":"2026-10-08","t":"0440","frp":10.0,"b":337.9,"c":1,"s":"N20","n":0}},{"type":"Feature","geometry":{"type":"Point","coordinates":[151.0779,-30.5678]},"properties":{"d":"2026-10-08","t":"0440","frp":5.2,"b":339.7,"c":1,"s":"N20","n":0}},{"type":"Feature","geometry":{"type":"Point","coordinates":[151.0814,-30.566]},"properties":{"d":"2026-10-08","t":"0440","frp":7.2,"b":339.3,"c":1,"s":"N20","n":0}},{"type":"Feature","geometry":{"type":"Point","coordinates":[147.8885,-30.3185]},"properties":{"d":"2026-10-08","t":"0440","frp":2.9,"b":349.6,"c":1,"s":"N20","n":0}},{"type":"Feature","geometry":{"type":"Point","coordinates":[148.9908,-30.2927]},"properties":{"d":"2026-10-08","t":"0440","frp":7.2,"b":355.6,"c":1,"s":"N20","n":0}},{"type":"Feature","geometry":{"type":"Point","coordinates":[148.9949,-30.2917]},"properties":{"d":"2026-10-08","t":"0440","frp":7.2,"b":332.0,"c":1,"s":"N20","n":0}},{"type":"Feature","geometry":{"type":"Point","coordinates":[149.5424,-29.6328]},"properties":{"d":"2026-10-08","t":"0442","frp":6.2,"b":334.2,"c":0,"s":"N20","n":0}},{"type":"Feature","geometry":{"type":"Point","coordinates":[149.1815,-29.056]},"properties":{"d":"2026-10-08","t":"0442","frp":3.6,"b":340.3,"c":1,"s":"N20","n":0}},{"type":"Feature","geometry":{"type":"Point","coordinates":[149.9435,-28.6765]},"properties":{"d":"2026-10-08","t":"0442","frp":5.7,"b":332.5,"c":1,"s":"N20","n":0}},{"type":"Feature","geometry":{"type":"Point","coordinates":[148.7304,-27.865]},"properties":{"d":"2026-10-08","t":"0442","frp":3.6,"b":339.2,"c":1,"s":"N20","n":0}},{"type":"Feature","geometry":{"type":"Point","coordinates":[148.7349,-27.8643]},"properties":{"d":"2026-10-08","t":"0442","frp":2.7,"b":333.2,"c":1,"s":"N20","n":0}},{"type":"Feature","geometry":{"type":"Point","coordinates":[148.3509,-27.8292]},"properties":{"d":"2026-10-08","t":"0442","frp":8.4,"b":344.5,"c":1,"s":"N20","n":0}},{"type":"Feature","geometry":{"type":"Point","coordinates":[148.3552,-27.8282]},"properties":{"d":"2026-10-08","t":"0442","frp":8.4,"b":346.3,"c":1,"s":"N20","n":0}},{"type":"Feature","geometry":{"type":"Point","coordinates":[148.7881,-27.8021]},"properties":{"d":"2026-10-08","t":"0442","frp":6.0,"b":353.2,"c":1,"s":"N20","n":0}},{"type":"Feature","geometry":{"type":"Point","coordinates":[148.7926,-27.8009]},"properties":{"d":"2026-10-08","t":"0442","frp":6.0,"b":341.0,"c":1,"s":"N20","n":0}},{"type":"Feature","geometry":{"type":"Point","coordinates":[146.0909,-26.6983]},"properties":{"d":"2026-10-08","t":"0442","frp":6.1,"b":341.1,"c":1,"s":"N20","n":0}},{"type":"Feature","geometry":{"type":"Point","coordinates":[146.0942,-26.6975]},"properties":{"d":"2026-10-08","t":"0442","frp":6.1,"b":338.1,"c":1,"s":"N20","n":0}},{"type":"Feature","geometry":{"type":"Point","coordinates":[148.0227,-26.6942]},"properties":{"d":"2026-10-08","t":"0442","frp":8.9,"b":367.0,"c":2,"s":"N20","n":0}},{"type":"Feature","geometry":{"type":"Point","coordinates":[146.0928,-26.6925]},"properties":{"d":"2026-10-08","t":"0442","frp":6.1,"b":356.0,"c":1,"s":"N20","n":0}},{"type":"Feature","geometry":{"type":"Point","coordinates":[146.0961,-26.6918]},"properties":{"d":"2026-10-08","t":"0442","frp":9.1,"b":367.0,"c":2,"s":"N20","n":0}},{"type":"Feature","geometry":{"type":"Point","coordinates":[146.0994,-26.6911]},"properties":{"d":"2026-10-08","t":"0442","frp":9.1,"b":341.6,"c":1,"s":"N20","n":0}},{"type":"Feature","geometry":{"type":"Point","coordinates":[146.0915,-26.6875]},"properties":{"d":"2026-10-08","t":"0442","frp":10.3,"b":354.5,"c":1,"s":"N20","n":0}},{"type":"Feature","geometry":{"type":"Point","coordinates":[146.0947,-26.6868]},"properties":{"d":"2026-10-08","t":"0442","frp":17.3,"b":354.8,"c":1,"s":"N20","n":0}},{"type":"Feature","geometry":{"type":"Point","coordinates":[146.098,-26.6861]},"properties":{"d":"2026-10-08","t":"0442","frp":17.3,"b":367.0,"c":2,"s":"N20","n":0}},{"type":"Feature","geometry":{"type":"Point","coordinates":[146.1013,-26.6853]},"properties":{"d":"2026-10-08","t":"0442","frp":6.2,"b":336.2,"c":1,"s":"N20","n":0}},{"type":"Feature","geometry":{"type":"Point","coordinates":[146.0901,-26.6825]},"properties":{"d":"2026-10-08","t":"0442","frp":10.3,"b":336.1,"c":1,"s":"N20","n":0}},{"type":"Feature","geometry":{"type":"Point","coordinates":[148.1453,-26.6587]},"properties":{"d":"2026-10-08","t":"0442","frp":12.9,"b":353.8,"c":1,"s":"N20","n":0}},{"type":"Feature","geometry":{"type":"Point","coordinates":[148.1496,-26.6577]},"properties":{"d":"2026-10-08","t":"0442","frp":12.9,"b":367.0,"c":2,"s":"N20","n":0}},{"type":"Feature","geometry":{"type":"Point","coordinates":[146.4188,-26.2512]},"properties":{"d":"2026-10-08","t":"0442","frp":19.9,"b":353.2,"c":1,"s":"N20","n":0}},{"type":"Feature","geometry":{"type":"Point","coordinates":[146.4223,-26.2504]},"properties":{"d":"2026-10-08","t":"0442","frp":14.0,"b":367.0,"c":2,"s":"N20","n":0}},{"type":"Feature","geometry":{"type":"Point","coordinates":[146.4258,-26.2496]},"properties":{"d":"2026-10-08","t":"0442","frp":14.0,"b":340.2,"c":1,"s":"N20","n":0}},{"type":"Feature","geometry":{"type":"Point","coordinates":[146.4264,-26.2385]},"properties":{"d":"2026-10-08","t":"0442","frp":5.9,"b":345.9,"c":1,"s":"N20","n":0}},{"type":"Feature","geometry":{"type":"Point","coordinates":[146.4298,-26.2377]},"properties":{"d":"2026-10-08","t":"0442","frp":5.9,"b":367.0,"c":2,"s":"N20","n":0}},{"type":"Feature","geometry":{"type":"Point","coordinates":[147.2378,-25.0431]},"properties":{"d":"2026-10-08","t":"0442","frp":4.1,"b":347.9,"c":1,"s":"N20","n":0}},{"type":"Feature","geometry":{"type":"Point","coordinates":[147.2377,-25.0396]},"properties":{"d":"2026-10-08","t":"0442","frp":5.5,"b":347.4,"c":1,"s":"N20","n":0}},{"type":"Feature","geometry":{"type":"Point","coordinates":[146.8907,-24.9064]},"properties":{"d":"2026-10-08","t":"0442","frp":5.5,"b":335.3,"c":1,"s":"N20","n":0}},{"type":"Feature","geometry":{"type":"Point","coordinates":[146.894,-24.9052]},"properties":{"d":"2026-10-08","t":"0442","frp":3.9,"b":336.9,"c":1,"s":"N20","n":0}},{"type":"Feature","geometry":{"type":"Point","coordinates":[146.8807,-24.8856]},"properties":{"d":"2026-10-08","t":"0442","frp":9.2,"b":348.7,"c":1,"s":"N20","n":0}},{"type":"Feature","geometry":{"type":"Point","coordinates":[146.8845,-24.8847]},"properties":{"d":"2026-10-08","t":"0442","frp":9.2,"b":367.0,"c":2,"s":"N20","n":0}},{"type":"Feature","geometry":{"type":"Point","coordinates":[146.8885,-24.8838]},"properties":{"d":"2026-10-08","t":"0442","frp":9.6,"b":352.4,"c":1,"s":"N20","n":0}},{"type":"Feature","geometry":{"type":"Point","coordinates":[146.9589,-24.2969]},"properties":{"d":"2026-10-08","t":"0442","frp":5.1,"b":336.8,"c":1,"s":"N20","n":0}},{"type":"Feature","geometry":{"type":"Point","coordinates":[146.9631,-24.296]},"properties":{"d":"2026-10-08","t":"0442","frp":5.1,"b":331.8,"c":1,"s":"N20","n":0}},{"type":"Feature","geometry":{"type":"Point","coordinates":[146.9406,-24.2953]},"properties":{"d":"2026-10-08","t":"0442","frp":7.8,"b":347.8,"c":1,"s":"N20","n":0}},{"type":"Feature","geometry":{"type":"Point","coordinates":[146.9448,-24.2943]},"properties":{"d":"2026-10-08","t":"0442","frp":7.8,"b":353.6,"c":1,"s":"N20","n":0}},{"type":"Feature","geometry":{"type":"Point","coordinates":[146.9489,-24.2934]},"properties":{"d":"2026-10-08","t":"0442","frp":10.1,"b":335.8,"c":1,"s":"N20","n":0}},{"type":"Feature","geometry":{"type":"Point","coordinates":[146.9615,-24.2904]},"properties":{"d":"2026-10-08","t":"0442","frp":5.1,"b":354.2,"c":1,"s":"N20","n":0}},{"type":"Feature","geometry":{"type":"Point","coordinates":[146.9431,-24.2888]},"properties":{"d":"2026-10-08","t":"0442","frp":16.4,"b":367.0,"c":2,"s":"N20","n":0}},{"type":"Feature","geometry":{"type":"Point","coordinates":[146.9472,-24.2879]},"properties":{"d":"2026-10-08","t":"0442","frp":11.2,"b":331.4,"c":1,"s":"N20","n":0}},{"type":"Feature","geometry":{"type":"Point","coordinates":[146.9599,-24.2849]},"properties":{"d":"2026-10-08","t":"0442","frp":9.7,"b":335.6,"c":1,"s":"N20","n":0}},{"type":"Feature","geometry":{"type":"Point","coordinates":[146.9642,-24.2839]},"properties":{"d":"2026-10-08","t":"0442","frp":10.1,"b":336.1,"c":1,"s":"N20","n":0}},{"type":"Feature","geometry":{"type":"Point","coordinates":[133.722,-23.082]},"properties":{"d":"2026-10-08","t":"0444","frp":2.8,"b":336.1,"c":0,"s":"N20","n":0}},{"type":"Feature","geometry":{"type":"Point","coordinates":[133.7222,-23.0818]},"properties":{"d":"2026-10-08","t":"0444","frp":2.2,"b":335.9,"c":0,"s":"N20","n":0}},{"type":"Feature","geometry":{"type":"Point","coordinates":[133.7215,-23.0786]},"properties":{"d":"2026-10-08","t":"0444","frp":2.8,"b":336.9,"c":0,"s":"N20","n":0}},{"type":"Feature","geometry":{"type":"Point","coordinates":[133.7209,-23.0752]},"properties":{"d":"2026-10-08","t":"0444","frp":29.3,"b":354.2,"c":1,"s":"N20","n":0}},{"type":"Feature","geometry":{"type":"Point","coordinates":[133.7163,-23.0724]},"properties":{"d":"2026-10-08","t":"0444","frp":29.3,"b":367.0,"c":2,"s":"N20","n":0}},{"type":"Feature","geometry":{"type":"Point","coordinates":[133.7203,-23.0718]},"properties":{"d":"2026-10-08","t":"0444","frp":29.3,"b":354.3,"c":1,"s":"N20","n":0}},{"type":"Feature","geometry":{"type":"Point","coordinates":[133.7038,-23.0707]},"properties":{"d":"2026-10-08","t":"0444","frp":4.9,"b":338.0,"c":0,"s":"N20","n":0}},{"type":"Feature","geometry":{"type":"Point","coordinates":[133.7198,-23.0684]},"properties":{"d":"2026-10-08","t":"0444","frp":10.4,"b":351.1,"c":1,"s":"N20","n":0}},{"type":"Feature","geometry":{"type":"Point","coordinates":[133.7192,-23.065]},"properties":{"d":"2026-10-08","t":"0444","frp":10.4,"b":351.4,"c":1,"s":"N20","n":0}},{"type":"Feature","geometry":{"type":"Point","coordinates":[133.6861,-23.0627]},"properties":{"d":"2026-10-08","t":"0444","frp":6.6,"b":343.2,"c":1,"s":"N20","n":0}},{"type":"Feature","geometry":{"type":"Point","coordinates":[133.7147,-23.0621]},"properties":{"d":"2026-10-08","t":"0444","frp":5.7,"b":346.7,"c":1,"s":"N20","n":0}},{"type":"Feature","geometry":{"type":"Point","coordinates":[133.6901,-23.0621]},"properties":{"d":"2026-10-08","t":"0444","frp":9.3,"b":351.2,"c":1,"s":"N20","n":0}},{"type":"Feature","geometry":{"type":"Point","coordinates":[133.7186,-23.0616]},"properties":{"d":"2026-10-08","t":"0444","frp":5.7,"b":341.7,"c":1,"s":"N20","n":0}},{"type":"Feature","geometry":{"type":"Point","coordinates":[133.6856,-23.0593]},"properties":{"d":"2026-10-08","t":"0444","frp":4.9,"b":348.2,"c":1,"s":"N20","n":0}},{"type":"Feature","geometry":{"type":"Point","coordinates":[133.6896,-23.0587]},"properties":{"d":"2026-10-08","t":"0444","frp":10.2,"b":346.4,"c":1,"s":"N20","n":0}},{"type":"Feature","geometry":{"type":"Point","coordinates":[133.7181,-23.0582]},"properties":{"d":"2026-10-08","t":"0444","frp":5.7,"b":353.6,"c":1,"s":"N20","n":0}},{"type":"Feature","geometry":{"type":"Point","coordinates":[133.7175,-23.0547]},"properties":{"d":"2026-10-08","t":"0444","frp":7.5,"b":340.9,"c":1,"s":"N20","n":0}},{"type":"Feature","geometry":{"type":"Point","coordinates":[133.7215,-23.0542]},"properties":{"d":"2026-10-08","t":"0444","frp":6.7,"b":346.6,"c":1,"s":"N20","n":0}},{"type":"Feature","geometry":{"type":"Point","coordinates":[133.7169,-23.0513]},"properties":{"d":"2026-10-08","t":"0444","frp":7.5,"b":342.8,"c":1,"s":"N20","n":0}},{"type":"Feature","geometry":{"type":"Point","coordinates":[133.6588,-23.0455]},"properties":{"d":"2026-10-08","t":"0444","frp":10.6,"b":354.9,"c":1,"s":"N20","n":0}},{"type":"Feature","geometry":{"type":"Point","coordinates":[133.6542,-23.0427]},"properties":{"d":"2026-10-08","t":"0444","frp":11.8,"b":356.0,"c":1,"s":"N20","n":0}},{"type":"Feature","geometry":{"type":"Point","coordinates":[133.6582,-23.0421]},"properties":{"d":"2026-10-08","t":"0444","frp":11.8,"b":355.9,"c":1,"s":"N20","n":0}},{"type":"Feature","geometry":{"type":"Point","coordinates":[133.6622,-23.0416]},"properties":{"d":"2026-10-08","t":"0444","frp":7.9,"b":346.1,"c":1,"s":"N20","n":0}},{"type":"Feature","geometry":{"type":"Point","coordinates":[133.6908,-23.041]},"properties":{"d":"2026-10-08","t":"0444","frp":14.8,"b":367.0,"c":2,"s":"N20","n":0}},{"type":"Feature","geometry":{"type":"Point","coordinates":[133.6947,-23.0405]},"properties":{"d":"2026-10-08","t":"0444","frp":14.3,"b":367.0,"c":2,"s":"N20","n":0}},{"type":"Feature","geometry":{"type":"Point","coordinates":[133.6576,-23.0387]},"properties":{"d":"2026-10-08","t":"0444","frp":11.8,"b":367.0,"c":2,"s":"N20","n":0}},{"type":"Feature","geometry":{"type":"Point","coordinates":[133.6616,-23.0382]},"properties":{"d":"2026-10-08","t":"0444","frp":7.9,"b":349.0,"c":1,"s":"N20","n":0}},{"type":"Feature","geometry":{"type":"Point","coordinates":[133.6902,-23.0376]},"properties":{"d":"2026-10-08","t":"0444","frp":19.5,"b":367.0,"c":2,"s":"N20","n":0}},{"type":"Feature","geometry":{"type":"Point","coordinates":[133.6942,-23.0371]},"properties":{"d":"2026-10-08","t":"0444","frp":13.3,"b":367.0,"c":2,"s":"N20","n":0}},{"type":"Feature","geometry":{"type":"Point","coordinates":[133.6896,-23.0342]},"properties":{"d":"2026-10-08","t":"0444","frp":19.5,"b":367.0,"c":2,"s":"N20","n":0}},{"type":"Feature","geometry":{"type":"Point","coordinates":[133.6936,-23.0337]},"properties":{"d":"2026-10-08","t":"0444","frp":13.3,"b":367.0,"c":2,"s":"N20","n":0}},{"type":"Feature","geometry":{"type":"Point","coordinates":[133.6445,-23.0336]},"properties":{"d":"2026-10-08","t":"0444","frp":107.1,"b":367.0,"c":2,"s":"N20","n":0}},{"type":"Feature","geometry":{"type":"Point","coordinates":[133.5953,-23.0334]},"properties":{"d":"2026-10-08","t":"0444","frp":74.5,"b":355.9,"c":1,"s":"N20","n":0}},{"type":"Feature","geometry":{"type":"Point","coordinates":[133.6976,-23.0331]},"properties":{"d":"2026-10-08","t":"0444","frp":13.3,"b":356.2,"c":1,"s":"N20","n":0}},{"type":"Feature","geometry":{"type":"Point","coordinates":[133.6485,-23.033]},"properties":{"d":"2026-10-08","t":"0444","frp":107.1,"b":350.0,"c":1,"s":"N20","n":0}},{"type":"Feature","geometry":{"type":"Point","coordinates":[133.6851,-23.0314]},"properties":{"d":"2026-10-08","t":"0444","frp":6.7,"b":355.5,"c":1,"s":"N20","n":0}},{"type":"Feature","geometry":{"type":"Point","coordinates":[133.4876,-23.0309]},"properties":{"d":"2026-10-08","t":"0444","frp":20.4,"b":337.5,"c":0,"s":"N20","n":0}},{"type":"Feature","geometry":{"type":"Point","coordinates":[133.6891,-23.0308]},"properties":{"d":"2026-10-08","t":"0444","frp":6.7,"b":367.0,"c":2,"s":"N20","n":0}},{"type":"Feature","geometry":{"type":"Point","coordinates":[133.6399,-23.0307]},"properties":{"d":"2026-10-08","t":"0444","frp":95.1,"b":367.0,"c":2,"s":"N20","n":0}},{"type":"Feature","geometry":{"type":"Point","coordinates":[133.7175,-23.0303]},"properties":{"d":"2026-10-08","t":"0444","frp":9.7,"b":345.1,"c":1,"s":"N20","n":0}},{"type":"Feature","geometry":{"type":"Point","coordinates":[133.693,-23.0302]},"properties":{"d":"2026-10-08","t":"0444","frp":12.7,"b":367.0,"c":2,"s":"N20","n":0}},{"type":"Feature","geometry":{"type":"Point","coordinates":[133.644,-23.0301]},"properties":{"d":"2026-10-08","t":"0444","frp":92.5,"b":367.0,"c":2,"s":"N20","n":0}},{"type":"Feature","geometry":{"type":"Point","coordinates":[133.697,-23.0297]},"properties":{"d":"2026-10-08","t":"0444","frp":12.7,"b":354.9,"c":1,"s":"N20","n":0}},{"type":"Feature","geometry":{"type":"Point","coordinates":[133.648,-23.0296]},"properties":{"d":"2026-10-08","t":"0444","frp":92.5,"b":345.1,"c":1,"s":"N20","n":0}},{"type":"Feature","geometry":{"type":"Point","coordinates":[133.701,-23.0291]},"properties":{"d":"2026-10-08","t":"0444","frp":14.2,"b":367.0,"c":2,"s":"N20","n":0}},{"type":"Feature","geometry":{"type":"Point","coordinates":[133.6805,-23.0285]},"properties":{"d":"2026-10-08","t":"0444","frp":15.2,"b":350.7,"c":1,"s":"N20","n":0}},{"type":"Feature","geometry":{"type":"Point","coordinates":[133.483,-23.028]},"properties":{"d":"2026-10-08","t":"0444","frp":3.3,"b":340.1,"c":0,"s":"N20","n":0}},{"type":"Feature","geometry":{"type":"Point","coordinates":[133.6845,-23.028]},"properties":{"d":"2026-10-08","t":"0444","frp":6.7,"b":353.9,"c":1,"s":"N20","n":0}},{"type":"Feature","geometry":{"type":"Point","coordinates":[133.6354,-23.0278]},"properties":{"d":"2026-10-08","t":"0444","frp":95.1,"b":367.0,"c":2,"s":"N20","n":0}},{"type":"Feature","geometry":{"type":"Point","coordinates":[133.4871,-23.0274]},"properties":{"d":"2026-10-08","t":"0444","frp":20.4,"b":352.7,"c":1,"s":"N20","n":0}},{"type":"Feature","geometry":{"type":"Point","coordinates":[133.6885,-23.0274]},"properties":{"d":"2026-10-08","t":"0444","frp":6.7,"b":350.4,"c":1,"s":"N20","n":0}},{"type":"Feature","geometry":{"type":"Point","coordinates":[133.6394,-23.0273]},"properties":{"d":"2026-10-08","t":"0444","frp":95.1,"b":367.0,"c":2,"s":"N20","n":0}},{"type":"Feature","geometry":{"type":"Point","coordinates":[133.4911,-23.0269]},"properties":{"d":"2026-10-08","t":"0444","frp":20.4,"b":349.3,"c":1,"s":"N20","n":0}},{"type":"Feature","geometry":{"type":"Point","coordinates":[133.717,-23.0269]},"properties":{"d":"2026-10-08","t":"0444","frp":3.6,"b":346.3,"c":1,"s":"N20","n":0}},{"type":"Feature","geometry":{"type":"Point","coordinates":[133.6925,-23.0268]},"properties":{"d":"2026-10-08","t":"0444","frp":12.7,"b":367.0,"c":2,"s":"N20","n":0}},{"type":"Feature","geometry":{"type":"Point","coordinates":[133.6434,-23.0267]},"properties":{"d":"2026-10-08","t":"0444","frp":92.5,"b":367.0,"c":2,"s":"N20","n":0}},{"type":"Feature","geometry":{"type":"Point","coordinates":[133.6474,-23.0262]},"properties":{"d":"2026-10-08","t":"0444","frp":92.5,"b":350.9,"c":1,"s":"N20","n":0}},{"type":"Feature","geometry":{"type":"Point","coordinates":[133.7004,-23.0257]},"properties":{"d":"2026-10-08","t":"0444","frp":14.2,"b":367.0,"c":2,"s":"N20","n":0}},{"type":"Feature","geometry":{"type":"Point","coordinates":[133.7045,-23.0251]},"properties":{"d":"2026-10-08","t":"0444","frp":14.2,"b":354.7,"c":1,"s":"N20","n":0}},{"type":"Feature","geometry":{"type":"Point","coordinates":[133.6308,-23.025]},"properties":{"d":"2026-10-08","t":"0444","frp":13.1,"b":349.1,"c":1,"s":"N20","n":0}},{"type":"Feature","geometry":{"type":"Point","coordinates":[133.5815,-23.0249]},"properties":{"d":"2026-10-08","t":"0444","frp":39.2,"b":354.3,"c":1,"s":"N20","n":0}},{"type":"Feature","geometry":{"type":"Point","coordinates":[133.7084,-23.0246]},"properties":{"d":"2026-10-08","t":"0444","frp":11.4,"b":352.5,"c":1,"s":"N20","n":0}},{"type":"Feature","geometry":{"type":"Point","coordinates":[133.4824,-23.0246]},"properties":{"d":"2026-10-08","t":"0444","frp":10.5,"b":342.2,"c":0,"s":"N20","n":0}},{"type":"Feature","geometry":{"type":"Point","coordinates":[133.6348,-23.0244]},"properties":{"d":"2026-10-08","t":"0444","frp":54.6,"b":351.1,"c":0,"s":"N20","n":0}},{"type":"Feature","geometry":{"type":"Point","coordinates":[133.5361,-23.0241]},"properties":{"d":"2026-10-08","t":"0444","frp":8.9,"b":348.2,"c":1,"s":"N20","n":0}},{"type":"Feature","geometry":{"type":"Point","coordinates":[133.7124,-23.024]},"properties":{"d":"2026-10-08","t":"0444","frp":11.4,"b":367.0,"c":2,"s":"N20","n":0}},{"type":"Feature","geometry":{"type":"Point","coordinates":[133.6879,-23.024]},"properties":{"d":"2026-10-08","t":"0444","frp":8.3,"b":350.9,"c":1,"s":"N20","n":0}},{"type":"Feature","geometry":{"type":"Point","coordinates":[133.6388,-23.0239]},"properties":{"d":"2026-10-08","t":"0444","frp":54.6,"b":367.0,"c":2,"s":"N20","n":0}},{"type":"Feature","geometry":{"type":"Point","coordinates":[133.7164,-23.0235]},"properties":{"d":"2026-10-08","t":"0444","frp":3.6,"b":341.8,"c":1,"s":"N20","n":0}},{"type":"Feature","geometry":{"type":"Point","coordinates":[133.4905,-23.0234]},"properties":{"d":"2026-10-08","t":"0444","frp":5.3,"b":340.9,"c":0,"s":"N20","n":0}},{"type":"Feature","geometry":{"type":"Point","coordinates":[133.6919,-23.0234]},"properties":{"d":"2026-10-08","t":"0444","frp":6.0,"b":356.3,"c":1,"s":"N20","n":0}},{"type":"Feature","geometry":{"type":"Point","coordinates":[133.6428,-23.0233]},"properties":{"d":"2026-10-08","t":"0444","frp":42.6,"b":367.0,"c":2,"s":"N20","n":0}},{"type":"Feature","geometry":{"type":"Point","coordinates":[133.7204,-23.0229]},"properties":{"d":"2026-10-08","t":"0444","frp":3.6,"b":339.1,"c":0,"s":"N20","n":0}},{"type":"Feature","geometry":{"type":"Point","coordinates":[133.6959,-23.0228]},"properties":{"d":"2026-10-08","t":"0444","frp":6.0,"b":346.0,"c":1,"s":"N20","n":0}},{"type":"Feature","geometry":{"type":"Point","coordinates":[133.6468,-23.0227]},"properties":{"d":"2026-10-08","t":"0444","frp":42.6,"b":349.7,"c":1,"s":"N20","n":0}},{"type":"Feature","geometry":{"type":"Point","coordinates":[133.4199,-23.0226]},"properties":{"d":"2026-10-08","t":"0444","frp":20.7,"b":345.0,"c":0,"s":"N20","n":0}},{"type":"Feature","geometry":{"type":"Point","coordinates":[133.5729,-23.0225]},"properties":{"d":"2026-10-08","t":"0444","frp":10.1,"b":343.8,"c":0,"s":"N20","n":0}},{"type":"Feature","geometry":{"type":"Point","coordinates":[133.5234,-23.0224]},"properties":{"d":"2026-10-08","t":"0444","frp":3.8,"b":336.2,"c":0,"s":"N20","n":0}},{"type":"Feature","geometry":{"type":"Point","coordinates":[133.6999,-23.0223]},"properties":{"d":"2026-10-08","t":"0444","frp":7.2,"b":355.8,"c":1,"s":"N20","n":0}},{"type":"Feature","geometry":{"type":"Point","coordinates":[133.6262,-23.0221]},"properties":{"d":"2026-10-08","t":"0444","frp":13.1,"b":350.2,"c":1,"s":"N20","n":0}},{"type":"Feature","geometry":{"type":"Point","coordinates":[133.424,-23.0221]},"properties":{"d":"2026-10-08","t":"0444","frp":20.7,"b":367.0,"c":0,"s":"N20","n":0}},{"type":"Feature","geometry":{"type":"Point","coordinates":[133.5769,-23.022]},"properties":{"d":"2026-10-08","t":"0444","frp":39.2,"b":351.2,"c":0,"s":"N20","n":0}},{"type":"Feature","geometry":{"type":"Point","coordinates":[133.5522,-23.0219]},"properties":{"d":"2026-10-08","t":"0444","frp":5.2,"b":348.3,"c":1,"s":"N20","n":0}},{"type":"Feature","geometry":{"type":"Point","coordinates":[133.4778,-23.0217]},"properties":{"d":"2026-10-08","t":"0444","frp":10.5,"b":352.2,"c":1,"s":"N20","n":0}},{"type":"Feature","geometry":{"type":"Point","coordinates":[133.6303,-23.0216]},"properties":{"d":"2026-10-08","t":"0444","frp":13.1,"b":367.0,"c":2,"s":"N20","n":0}},{"type":"Feature","geometry":{"type":"Point","coordinates":[133.428,-23.0215]},"properties":{"d":"2026-10-08","t":"0444","frp":27.5,"b":339.3,"c":0,"s":"N20","n":0}},{"type":"Feature","geometry":{"type":"Point","coordinates":[133.6056,-23.0215]},"properties":{"d":"2026-10-08","t":"0444","frp":6.7,"b":348.4,"c":1,"s":"N20","n":0}},{"type":"Feature","geometry":{"type":"Point","coordinates":[133.581,-23.0214]},"properties":{"d":"2026-10-08","t":"0444","frp":39.2,"b":354.5,"c":1,"s":"N20","n":0}},{"type":"Feature","geometry":{"type":"Point","coordinates":[133.5562,-23.0214]},"properties":{"d":"2026-10-08","t":"0444","frp":5.2,"b":338.8,"c":0,"s":"N20","n":0}},{"type":"Feature","geometry":{"type":"Point","coordinates":[133.7323,-23.0212]},"properties":{"d":"2026-10-08","t":"0444","frp":4.0,"b":345.6,"c":1,"s":"N20","n":0}},{"type":"Feature","geometry":{"type":"Point","coordinates":[133.4819,-23.0211]},"properties":{"d":"2026-10-08","t":"0444","frp":10.5,"b":345.3,"c":0,"s":"N20","n":0}},{"type":"Feature","geometry":{"type":"Point","coordinates":[133.6834,-23.0211]},"properties":{"d":"2026-10-08","t":"0444","frp":8.3,"b":344.1,"c":0,"s":"N20","n":0}},{"type":"Feature","geometry":{"type":"Point","coordinates":[133.6343,-23.021]},"properties":{"d":"2026-10-08","t":"0444","frp":54.6,"b":355.4,"c":1,"s":"N20","n":0}},{"type":"Feature","geometry":{"type":"Point","coordinates":[133.6096,-23.0209]},"properties":{"d":"2026-10-08","t":"0444","frp":5.9,"b":345.3,"c":1,"s":"N20","n":0}},{"type":"Feature","geometry":{"type":"Point","coordinates":[133.5603,-23.0208]},"properties":{"d":"2026-10-08","t":"0444","frp":3.9,"b":335.2,"c":0,"s":"N20","n":0}},{"type":"Feature","geometry":{"type":"Point","coordinates":[133.5355,-23.0207]},"properties":{"d":"2026-10-08","t":"0444","frp":8.9,"b":346.9,"c":1,"s":"N20","n":0}},{"type":"Feature","geometry":{"type":"Point","coordinates":[133.7118,-23.0206]},"properties":{"d":"2026-10-08","t":"0444","frp":2.8,"b":350.6,"c":1,"s":"N20","n":0}},{"type":"Feature","geometry":{"type":"Point","coordinates":[133.4859,-23.0206]},"properties":{"d":"2026-10-08","t":"0444","frp":5.3,"b":350.3,"c":1,"s":"N20","n":0}},{"type":"Feature","geometry":{"type":"Point","coordinates":[133.6383,-23.0204]},"properties":{"d":"2026-10-08","t":"0444","frp":54.6,"b":367.0,"c":2,"s":"N20","n":0}},{"type":"Feature","geometry":{"type":"Point","coordinates":[133.4361,-23.0204]},"properties":{"d":"2026-10-08","t":"0444","frp":6.9,"b":341.3,"c":0,"s":"N20","n":0}},{"type":"Feature","geometry":{"type":"Point","coordinates":[133.6137,-23.0204]},"properties":{"d":"2026-10-08","t":"0444","frp":5.9,"b":338.6,"c":0,"s":"N20","n":0}},{"type":"Feature","geometry":{"type":"Point","coordinates":[133.5643,-23.0202]},"properties":{"d":"2026-10-08","t":"0444","frp":3.9,"b":345.1,"c":1,"s":"N20","n":0}},{"type":"Feature","geometry":{"type":"Point","coordinates":[133.6423,-23.0199]},"properties":{"d":"2026-10-08","t":"0444","frp":42.6,"b":342.6,"c":1,"s":"N20","n":0}},{"type":"Feature","geometry":{"type":"Point","coordinates":[133.593,-23.0197]},"properties":{"d":"2026-10-08","t":"0444","frp":4.8,"b":349.0,"c":1,"s":"N20","n":0}},{"type":"Feature","geometry":{"type":"Point","coordinates":[133.5436,-23.0196]},"properties":{"d":"2026-10-08","t":"0444","frp":5.8,"b":338.1,"c":0,"s":"N20","n":0}},{"type":"Feature","geometry":{"type":"Point","coordinates":[133.5188,-23.0195]},"properties":{"d":"2026-10-08","t":"0444","frp":5.5,"b":345.8,"c":1,"s":"N20","n":0}},{"type":"Feature","geometry":{"type":"Point","coordinates":[133.6954,-23.0194]},"properties":{"d":"2026-10-08","t":"0444","frp":6.0,"b":341.9,"c":0,"s":"N20","n":0}},{"type":"Feature","geometry":{"type":"Point","coordinates":[133.6708,-23.0194]},"properties":{"d":"2026-10-08","t":"0444","frp":9.6,"b":353.0,"c":1,"s":"N20","n":0}},{"type":"Feature","geometry":{"type":"Point","coordinates":[133.597,-23.0192]},"properties":{"d":"2026-10-08","t":"0444","frp":4.8,"b":338.5,"c":0,"s":"N20","n":0}},{"type":"Feature","geometry":{"type":"Point","coordinates":[133.4193,-23.0192]},"properties":{"d":"2026-10-08","t":"0444","frp":5.8,"b":345.2,"c":1,"s":"N20","n":0}},{"type":"Feature","geometry":{"type":"Point","coordinates":[133.6993,-23.0189]},"properties":{"d":"2026-10-08","t":"0444","frp":7.2,"b":346.2,"c":1,"s":"N20","n":0}},{"type":"Feature","geometry":{"type":"Point","coordinates":[133.6502,-23.0188]},"properties":{"d":"2026-10-08","t":"0444","frp":7.6,"b":345.0,"c":0,"s":"N20","n":0}},{"type":"Feature","geometry":{"type":"Point","coordinates":[133.6257,-23.0187]},"properties":{"d":"2026-10-08","t":"0444","frp":4.6,"b":342.3,"c":1,"s":"N20","n":0}},{"type":"Feature","geometry":{"type":"Point","coordinates":[133.4234,-23.0186]},"properties":{"d":"2026-10-08","t":"0444","frp":5.8,"b":342.6,"c":0,"s":"N20","n":0}},{"type":"Feature","geometry":{"type":"Point","coordinates":[133.4773,-23.0182]},"properties":{"d":"2026-10-08","t":"0444","frp":10.8,"b":344.8,"c":1,"s":"N20","n":0}},{"type":"Feature","geometry":{"type":"Point","coordinates":[133.5804,-23.018]},"properties":{"d":"2026-10-08","t":"0444","frp":5.9,"b":339.0,"c":0,"s":"N20","n":0}},{"type":"Feature","geometry":{"type":"Point","coordinates":[134.3508,-22.1503]},"properties":{"d":"2026-10-08","t":"0444","frp":14.8,"b":348.8,"c":1,"s":"N20","n":0}},{"type":"Feature","geometry":{"type":"Point","coordinates":[134.3464,-22.1475]},"properties":{"d":"2026-10-08","t":"0444","frp":23.4,"b":347.7,"c":0,"s":"N20","n":0}},{"type":"Feature","geometry":{"type":"Point","coordinates":[134.3502,-22.1469]},"properties":{"d":"2026-10-08","t":"0444","frp":14.8,"b":347.7,"c":1,"s":"N20","n":0}},{"type":"Feature","geometry":{"type":"Point","coordinates":[134.3459,-22.1441]},"properties":{"d":"2026-10-08","t":"0444","frp":9.9,"b":356.3,"c":1,"s":"N20","n":0}},{"type":"Feature","geometry":{"type":"Point","coordinates":[134.3415,-22.1413]},"properties":{"d":"2026-10-08","t":"0444","frp":9.9,"b":347.7,"c":1,"s":"N20","n":0}},{"type":"Feature","geometry":{"type":"Point","coordinates":[134.3296,-22.1397]},"properties":{"d":"2026-10-08","t":"0444","frp":12.8,"b":356.2,"c":1,"s":"N20","n":0}},{"type":"Feature","geometry":{"type":"Point","coordinates":[134.3334,-22.1391]},"properties":{"d":"2026-10-08","t":"0444","frp":7.9,"b":367.0,"c":2,"s":"N20","n":0}},{"type":"Feature","geometry":{"type":"Point","coordinates":[134.3371,-22.1386]},"properties":{"d":"2026-10-08","t":"0444","frp":7.9,"b":347.3,"c":1,"s":"N20","n":0}},{"type":"Feature","geometry":{"type":"Point","coordinates":[133.1092,-22.1382]},"properties":{"d":"2026-10-08","t":"0444","frp":5.8,"b":349.8,"c":1,"s":"N20","n":0}},{"type":"Feature","geometry":{"type":"Point","coordinates":[133.1086,-22.1348]},"properties":{"d":"2026-10-08","t":"0444","frp":5.8,"b":342.2,"c":0,"s":"N20","n":0}},{"type":"Feature","geometry":{"type":"Point","coordinates":[132.5973,-21.9421]},"properties":{"d":"2026-10-08","t":"0444","frp":5.7,"b":341.1,"c":1,"s":"N20","n":0}},{"type":"Feature","geometry":{"type":"Point","coordinates":[132.5982,-21.9419]},"properties":{"d":"2026-10-08","t":"0444","frp":5.8,"b":344.3,"c":1,"s":"N20","n":0}},{"type":"Feature","geometry":{"type":"Point","coordinates":[132.6098,-21.9404]},"properties":{"d":"2026-10-08","t":"0444","frp":22.1,"b":344.7,"c":1,"s":"N20","n":0}},{"type":"Feature","geometry":{"type":"Point","coordinates":[132.6107,-21.9401]},"properties":{"d":"2026-10-08","t":"0444","frp":54.7,"b":344.7,"c":1,"s":"N20","n":0}},{"type":"Feature","geometry":{"type":"Point","coordinates":[132.614,-21.9398]},"properties":{"d":"2026-10-08","t":"0444","frp":64.8,"b":339.6,"c":1,"s":"N20","n":0}},{"type":"Feature","geometry":{"type":"Point","coordinates":[132.6149,-21.9395]},"properties":{"d":"2026-10-08","t":"0444","frp":98.0,"b":335.8,"c":0,"s":"N20","n":0}},{"type":"Feature","geometry":{"type":"Point","coordinates":[132.5966,-21.9386]},"properties":{"d":"2026-10-08","t":"0444","frp":5.7,"b":355.0,"c":1,"s":"N20","n":0}},{"type":"Feature","geometry":{"type":"Point","coordinates":[132.5976,-21.9383]},"properties":{"d":"2026-10-08","t":"0444","frp":5.8,"b":346.1,"c":1,"s":"N20","n":0}},{"type":"Feature","geometry":{"type":"Point","coordinates":[132.6009,-21.938]},"properties":{"d":"2026-10-08","t":"0444","frp":5.7,"b":337.8,"c":1,"s":"N20","n":0}},{"type":"Feature","geometry":{"type":"Point","coordinates":[132.6018,-21.9378]},"properties":{"d":"2026-10-08","t":"0444","frp":5.8,"b":342.0,"c":1,"s":"N20","n":0}},{"type":"Feature","geometry":{"type":"Point","coordinates":[132.605,-21.9374]},"properties":{"d":"2026-10-08","t":"0444","frp":22.1,"b":335.0,"c":1,"s":"N20","n":0}},{"type":"Feature","geometry":{"type":"Point","coordinates":[132.6093,-21.9369]},"properties":{"d":"2026-10-08","t":"0444","frp":22.1,"b":348.4,"c":1,"s":"N20","n":0}},{"type":"Feature","geometry":{"type":"Point","coordinates":[132.6102,-21.9366]},"properties":{"d":"2026-10-08","t":"0444","frp":54.7,"b":348.2,"c":1,"s":"N20","n":0}},{"type":"Feature","geometry":{"type":"Point","coordinates":[132.6135,-21.9363]},"properties":{"d":"2026-10-08","t":"0444","frp":64.8,"b":367.0,"c":2,"s":"N20","n":0}},{"type":"Feature","geometry":{"type":"Point","coordinates":[132.6054,-21.9337]},"properties":{"d":"2026-10-08","t":"0444","frp":20.5,"b":337.8,"c":1,"s":"N20","n":0}},{"type":"Feature","geometry":{"type":"Point","coordinates":[132.6096,-21.9331]},"properties":{"d":"2026-10-08","t":"0444","frp":20.5,"b":347.1,"c":1,"s":"N20","n":0}},{"type":"Feature","geometry":{"type":"Point","coordinates":[132.6138,-21.9325]},"properties":{"d":"2026-10-08","t":"0444","frp":120.1,"b":367.0,"c":2,"s":"N20","n":0}},{"type":"Feature","geometry":{"type":"Point","coordinates":[132.609,-21.9296]},"properties":{"d":"2026-10-08","t":"0444","frp":20.5,"b":353.6,"c":1,"s":"N20","n":0}},{"type":"Feature","geometry":{"type":"Point","coordinates":[132.6043,-21.9266]},"properties":{"d":"2026-10-08","t":"0444","frp":5.2,"b":338.8,"c":1,"s":"N20","n":0}},{"type":"Feature","geometry":{"type":"Point","coordinates":[132.6085,-21.9261]},"properties":{"d":"2026-10-08","t":"0444","frp":5.2,"b":348.1,"c":1,"s":"N20","n":0}},{"type":"Feature","geometry":{"type":"Point","coordinates":[132.6037,-21.9231]},"properties":{"d":"2026-10-08","t":"0444","frp":5.2,"b":342.2,"c":1,"s":"N20","n":0}},{"type":"Feature","geometry":{"type":"Point","coordinates":[132.6079,-21.9225]},"properties":{"d":"2026-10-08","t":"0444","frp":5.2,"b":350.4,"c":1,"s":"N20","n":0}},{"type":"Feature","geometry":{"type":"Point","coordinates":[132.5989,-21.9202]},"properties":{"d":"2026-10-08","t":"0444","frp":5.6,"b":338.1,"c":0,"s":"N20","n":0}},{"type":"Feature","geometry":{"type":"Point","coordinates":[132.6032,-21.9196]},"properties":{"d":"2026-10-08","t":"0444","frp":6.0,"b":344.6,"c":0,"s":"N20","n":0}},{"type":"Feature","geometry":{"type":"Point","coordinates":[132.6074,-21.919]},"properties":{"d":"2026-10-08","t":"0444","frp":6.0,"b":346.0,"c":1,"s":"N20","n":0}},{"type":"Feature","geometry":{"type":"Point","coordinates":[132.5942,-21.9172]},"properties":{"d":"2026-10-08","t":"0444","frp":5.6,"b":339.8,"c":0,"s":"N20","n":0}},{"type":"Feature","geometry":{"type":"Point","coordinates":[132.6026,-21.9161]},"properties":{"d":"2026-10-08","t":"0444","frp":6.0,"b":343.4,"c":0,"s":"N20","n":0}},{"type":"Feature","geometry":{"type":"Point","coordinates":[132.6068,-21.9155]},"properties":{"d":"2026-10-08","t":"0444","frp":6.0,"b":354.9,"c":1,"s":"N20","n":0}},{"type":"Feature","geometry":{"type":"Point","coordinates":[132.602,-21.9126]},"properties":{"d":"2026-10-08","t":"0444","frp":10.2,"b":346.0,"c":1,"s":"N20","n":0}},{"type":"Feature","geometry":{"type":"Point","coordinates":[132.6062,-21.912]},"properties":{"d":"2026-10-08","t":"0444","frp":10.2,"b":345.0,"c":1,"s":"N20","n":0}},{"type":"Feature","geometry":{"type":"Point","coordinates":[132.6015,-21.9091]},"properties":{"d":"2026-10-08","t":"0444","frp":10.2,"b":353.9,"c":1,"s":"N20","n":0}},{"type":"Feature","geometry":{"type":"Point","coordinates":[132.8047,-21.5423]},"properties":{"d":"2026-10-08","t":"0444","frp":12.2,"b":345.0,"c":0,"s":"N20","n":0}},{"type":"Feature","geometry":{"type":"Point","coordinates":[132.803,-21.5318]},"properties":{"d":"2026-10-08","t":"0444","frp":46.7,"b":344.7,"c":0,"s":"N20","n":0}},{"type":"Feature","geometry":{"type":"Point","coordinates":[132.7984,-21.5289]},"properties":{"d":"2026-10-08","t":"0444","frp":46.7,"b":367.0,"c":0,"s":"N20","n":0}},{"type":"Feature","geometry":{"type":"Point","coordinates":[149.0245,-21.3881]},"properties":{"d":"2026-10-08","t":"0444","frp":17.6,"b":367.0,"c":2,"s":"N20","n":0}},{"type":"Feature","geometry":{"type":"Point","coordinates":[135.4101,-21.3135]},"properties":{"d":"2026-10-08","t":"0444","frp":10.6,"b":339.9,"c":0,"s":"N20","n":0}},{"type":"Feature","geometry":{"type":"Point","coordinates":[135.2642,-21.2205]},"properties":{"d":"2026-10-08","t":"0444","frp":70.0,"b":367.0,"c":2,"s":"N20","n":0}},{"type":"Feature","geometry":{"type":"Point","coordinates":[135.2679,-21.2199]},"properties":{"d":"2026-10-08","t":"0444","frp":26.5,"b":351.6,"c":1,"s":"N20","n":0}},{"type":"Feature","geometry":{"type":"Point","coordinates":[135.279,-21.2182]},"properties":{"d":"2026-10-08","t":"0444","frp":12.5,"b":347.5,"c":1,"s":"N20","n":0}},{"type":"Feature","geometry":{"type":"Point","coordinates":[135.2826,-21.2176]},"properties":{"d":"2026-10-08","t":"0444","frp":36.9,"b":356.3,"c":1,"s":"N20","n":0}},{"type":"Feature","geometry":{"type":"Point","coordinates":[135.2636,-21.2172]},"properties":{"d":"2026-10-08","t":"0444","frp":70.0,"b":367.0,"c":0,"s":"N20","n":0}},{"type":"Feature","geometry":{"type":"Point","coordinates":[135.2863,-21.2171]},"properties":{"d":"2026-10-08","t":"0444","frp":36.9,"b":367.0,"c":0,"s":"N20","n":0}},{"type":"Feature","geometry":{"type":"Point","coordinates":[135.2673,-21.2166]},"properties":{"d":"2026-10-08","t":"0444","frp":26.5,"b":350.1,"c":1,"s":"N20","n":0}},{"type":"Feature","geometry":{"type":"Point","coordinates":[135.2747,-21.2155]},"properties":{"d":"2026-10-08","t":"0444","frp":12.5,"b":347.8,"c":1,"s":"N20","n":0}},{"type":"Feature","geometry":{"type":"Point","coordinates":[135.2784,-21.2149]},"properties":{"d":"2026-10-08","t":"0444","frp":12.5,"b":354.8,"c":1,"s":"N20","n":0}},{"type":"Feature","geometry":{"type":"Point","coordinates":[135.2594,-21.2144]},"properties":{"d":"2026-10-08","t":"0444","frp":24.0,"b":349.1,"c":1,"s":"N20","n":0}},{"type":"Feature","geometry":{"type":"Point","coordinates":[135.2821,-21.2143]},"properties":{"d":"2026-10-08","t":"0444","frp":36.9,"b":353.4,"c":0,"s":"N20","n":0}},{"type":"Feature","geometry":{"type":"Point","coordinates":[135.2858,-21.2138]},"properties":{"d":"2026-10-08","t":"0444","frp":36.9,"b":367.0,"c":0,"s":"N20","n":0}},{"type":"Feature","geometry":{"type":"Point","coordinates":[135.2704,-21.2127]},"properties":{"d":"2026-10-08","t":"0444","frp":8.1,"b":350.1,"c":0,"s":"N20","n":0}},{"type":"Feature","geometry":{"type":"Point","coordinates":[135.2741,-21.2121]},"properties":{"d":"2026-10-08","t":"0444","frp":10.5,"b":356.1,"c":1,"s":"N20","n":0}},{"type":"Feature","geometry":{"type":"Point","coordinates":[135.2551,-21.2117]},"properties":{"d":"2026-10-08","t":"0444","frp":37.1,"b":351.4,"c":1,"s":"N20","n":0}},{"type":"Feature","geometry":{"type":"Point","coordinates":[135.2852,-21.2104]},"properties":{"d":"2026-10-08","t":"0444","frp":15.3,"b":355.1,"c":1,"s":"N20","n":0}},{"type":"Feature","geometry":{"type":"Point","coordinates":[135.2698,-21.2094]},"properties":{"d":"2026-10-08","t":"0444","frp":8.1,"b":347.4,"c":0,"s":"N20","n":0}},{"type":"Feature","geometry":{"type":"Point","coordinates":[135.2735,-21.2088]},"properties":{"d":"2026-10-08","t":"0444","frp":10.5,"b":347.3,"c":0,"s":"N20","n":0}},{"type":"Feature","geometry":{"type":"Point","coordinates":[135.2546,-21.2083]},"properties":{"d":"2026-10-08","t":"0444","frp":54.9,"b":343.7,"c":0,"s":"N20","n":0}},{"type":"Feature","geometry":{"type":"Point","coordinates":[135.2846,-21.2071]},"properties":{"d":"2026-10-08","t":"0444","frp":15.3,"b":351.6,"c":1,"s":"N20","n":0}},{"type":"Feature","geometry":{"type":"Point","coordinates":[135.2503,-21.2056]},"properties":{"d":"2026-10-08","t":"0444","frp":54.9,"b":367.0,"c":0,"s":"N20","n":0}},{"type":"Feature","geometry":{"type":"Point","coordinates":[135.2803,-21.2044]},"properties":{"d":"2026-10-08","t":"0444","frp":45.8,"b":346.3,"c":0,"s":"N20","n":0}},{"type":"Feature","geometry":{"type":"Point","coordinates":[135.246,-21.2029]},"properties":{"d":"2026-10-08","t":"0444","frp":5.0,"b":344.9,"c":0,"s":"N20","n":0}},{"type":"Feature","geometry":{"type":"Point","coordinates":[135.2602,-21.1973]},"properties":{"d":"2026-10-08","t":"0444","frp":7.0,"b":342.6,"c":0,"s":"N20","n":0}},{"type":"Feature","geometry":{"type":"Point","coordinates":[135.2743,-21.1917]},"properties":{"d":"2026-10-08","t":"0444","frp":18.5,"b":350.0,"c":0,"s":"N20","n":0}},{"type":"Feature","geometry":{"type":"Point","coordinates":[135.2738,-21.1884]},"properties":{"d":"2026-10-08","t":"0444","frp":18.5,"b":352.8,"c":1,"s":"N20","n":0}},{"type":"Feature","geometry":{"type":"Point","coordinates":[135.2505,-21.1852]},"properties":{"d":"2026-10-08","t":"0444","frp":22.9,"b":347.4,"c":1,"s":"N20","n":0}},{"type":"Feature","geometry":{"type":"Point","coordinates":[135.2732,-21.1851]},"properties":{"d":"2026-10-08","t":"0444","frp":8.3,"b":352.7,"c":1,"s":"N20","n":0}},{"type":"Feature","geometry":{"type":"Point","coordinates":[135.2726,-21.1818]},"properties":{"d":"2026-10-08","t":"0444","frp":8.3,"b":342.8,"c":0,"s":"N20","n":0}},{"type":"Feature","geometry":{"type":"Point","coordinates":[135.272,-21.1785]},"properties":{"d":"2026-10-08","t":"0444","frp":7.6,"b":350.5,"c":1,"s":"N20","n":0}},{"type":"Feature","geometry":{"type":"Point","coordinates":[135.2556,-21.1708]},"properties":{"d":"2026-10-08","t":"0444","frp":11.4,"b":351.4,"c":1,"s":"N20","n":0}},{"type":"Feature","geometry":{"type":"Point","coordinates":[135.255,-21.1675]},"properties":{"d":"2026-10-08","t":"0444","frp":8.7,"b":354.6,"c":1,"s":"N20","n":0}},{"type":"Feature","geometry":{"type":"Point","coordinates":[132.787,-21.1512]},"properties":{"d":"2026-10-08","t":"0444","frp":5.8,"b":342.8,"c":0,"s":"N20","n":0}},{"type":"Feature","geometry":{"type":"Point","coordinates":[132.7911,-21.1506]},"properties":{"d":"2026-10-08","t":"0444","frp":4.2,"b":339.0,"c":0,"s":"N20","n":0}},{"type":"Feature","geometry":{"type":"Point","coordinates":[132.7865,-21.1477]},"properties":{"d":"2026-10-08","t":"0444","frp":5.8,"b":346.3,"c":1,"s":"N20","n":0}},{"type":"Feature","geometry":{"type":"Point","coordinates":[132.7797,-21.1309]},"properties":{"d":"2026-10-08","t":"0444","frp":12.1,"b":342.4,"c":0,"s":"N20","n":0}},{"type":"Feature","geometry":{"type":"Point","coordinates":[132.7919,-21.1292]},"properties":{"d":"2026-10-08","t":"0444","frp":7.8,"b":353.9,"c":1,"s":"N20","n":0}},{"type":"Feature","geometry":{"type":"Point","coordinates":[132.7913,-21.1258]},"properties":{"d":"2026-10-08","t":"0444","frp":7.8,"b":351.2,"c":1,"s":"N20","n":0}},{"type":"Feature","geometry":{"type":"Point","coordinates":[132.7954,-21.1252]},"properties":{"d":"2026-10-08","t":"0444","frp":13.2,"b":353.6,"c":1,"s":"N20","n":0}},{"type":"Feature","geometry":{"type":"Point","coordinates":[132.7994,-21.1246]},"properties":{"d":"2026-10-08","t":"0444","frp":13.2,"b":342.0,"c":0,"s":"N20","n":0}},{"type":"Feature","geometry":{"type":"Point","coordinates":[132.7948,-21.1217]},"properties":{"d":"2026-10-08","t":"0444","frp":8.3,"b":347.9,"c":0,"s":"N20","n":0}},{"type":"Feature","geometry":{"type":"Point","coordinates":[132.7989,-21.1212]},"properties":{"d":"2026-10-08","t":"0444","frp":8.3,"b":347.2,"c":0,"s":"N20","n":0}},{"type":"Feature","geometry":{"type":"Point","coordinates":[132.7983,-21.1177]},"properties":{"d":"2026-10-08","t":"0444","frp":8.3,"b":346.4,"c":0,"s":"N20","n":0}},{"type":"Feature","geometry":{"type":"Point","coordinates":[132.7915,-21.1009]},"properties":{"d":"2026-10-08","t":"0444","frp":13.8,"b":343.6,"c":0,"s":"N20","n":0}},{"type":"Feature","geometry":{"type":"Point","coordinates":[132.791,-21.0975]},"properties":{"d":"2026-10-08","t":"0444","frp":13.8,"b":346.9,"c":0,"s":"N20","n":0}},{"type":"Feature","geometry":{"type":"Point","coordinates":[132.7904,-21.094]},"properties":{"d":"2026-10-08","t":"0444","frp":45.1,"b":342.8,"c":1,"s":"N20","n":0}},{"type":"Feature","geometry":{"type":"Point","coordinates":[132.7858,-21.0911]},"properties":{"d":"2026-10-08","t":"0444","frp":57.2,"b":367.0,"c":2,"s":"N20","n":0}},{"type":"Feature","geometry":{"type":"Point","coordinates":[132.7899,-21.0905]},"properties":{"d":"2026-10-08","t":"0444","frp":45.1,"b":367.0,"c":0,"s":"N20","n":0}},{"type":"Feature","geometry":{"type":"Point","coordinates":[132.7853,-21.0876]},"properties":{"d":"2026-10-08","t":"0444","frp":102.3,"b":367.0,"c":2,"s":"N20","n":0}},{"type":"Feature","geometry":{"type":"Point","coordinates":[132.7801,-21.0813]},"properties":{"d":"2026-10-08","t":"0444","frp":6.5,"b":343.5,"c":0,"s":"N20","n":0}},{"type":"Feature","geometry":{"type":"Point","coordinates":[130.0173,-20.9058]},"properties":{"d":"2026-10-08","t":"0444","frp":12.6,"b":340.3,"c":1,"s":"N20","n":0}},{"type":"Feature","geometry":{"type":"Point","coordinates":[130.0972,-20.8569]},"properties":{"d":"2026-10-08","t":"0444","frp":9.2,"b":344.8,"c":1,"s":"N20","n":0}},{"type":"Feature","geometry":{"type":"Point","coordinates":[130.0902,-20.8456]},"properties":{"d":"2026-10-08","t":"0444","frp":34.9,"b":348.4,"c":1,"s":"N20","n":0}},{"type":"Feature","geometry":{"type":"Point","coordinates":[141.9507,-20.7129]},"properties":{"d":"2026-10-08","t":"0444","frp":6.3,"b":338.4,"c":0,"s":"N20","n":0}},{"type":"Feature","geometry":{"type":"Point","coordinates":[138.4849,-18.6958]},"properties":{"d":"2026-10-08","t":"0444","frp":51.0,"b":340.7,"c":0,"s":"N20","n":0}},{"type":"Feature","geometry":{"type":"Point","coordinates":[138.5009,-18.6226]},"properties":{"d":"2026-10-08","t":"0444","frp":7.1,"b":348.2,"c":1,"s":"N20","n":0}},{"type":"Feature","geometry":{"type":"Point","coordinates":[138.5032,-18.5838]},"properties":{"d":"2026-10-08","t":"0444","frp":19.6,"b":350.7,"c":1,"s":"N20","n":0}},{"type":"Feature","geometry":{"type":"Point","coordinates":[138.5025,-18.58]},"properties":{"d":"2026-10-08","t":"0444","frp":18.6,"b":346.2,"c":1,"s":"N20","n":0}},{"type":"Feature","geometry":{"type":"Point","coordinates":[138.4971,-18.5771]},"properties":{"d":"2026-10-08","t":"0444","frp":18.6,"b":351.1,"c":1,"s":"N20","n":0}},{"type":"Feature","geometry":{"type":"Point","coordinates":[138.4964,-18.5734]},"properties":{"d":"2026-10-08","t":"0444","frp":25.9,"b":350.3,"c":1,"s":"N20","n":0}},{"type":"Feature","geometry":{"type":"Point","coordinates":[138.4327,-18.5731]},"properties":{"d":"2026-10-08","t":"0444","frp":5.6,"b":351.8,"c":1,"s":"N20","n":0}},{"type":"Feature","geometry":{"type":"Point","coordinates":[138.4373,-18.5723]},"properties":{"d":"2026-10-08","t":"0444","frp":35.7,"b":350.9,"c":1,"s":"N20","n":0}},{"type":"Feature","geometry":{"type":"Point","coordinates":[138.4957,-18.5697]},"properties":{"d":"2026-10-08","t":"0444","frp":25.9,"b":354.1,"c":1,"s":"N20","n":0}},{"type":"Feature","geometry":{"type":"Point","coordinates":[138.4659,-18.5672]},"properties":{"d":"2026-10-08","t":"0444","frp":25.3,"b":345.4,"c":0,"s":"N20","n":0}},{"type":"Feature","geometry":{"type":"Point","coordinates":[138.4647,-18.5597]},"properties":{"d":"2026-10-08","t":"0444","frp":40.9,"b":345.6,"c":1,"s":"N20","n":0}},{"type":"Feature","geometry":{"type":"Point","coordinates":[138.464,-18.556]},"properties":{"d":"2026-10-08","t":"0444","frp":50.8,"b":350.9,"c":1,"s":"N20","n":0}},{"type":"Feature","geometry":{"type":"Point","coordinates":[138.4734,-18.5544]},"properties":{"d":"2026-10-08","t":"0444","frp":19.1,"b":351.7,"c":1,"s":"N20","n":0}},{"type":"Feature","geometry":{"type":"Point","coordinates":[138.4781,-18.5535]},"properties":{"d":"2026-10-08","t":"0444","frp":19.1,"b":367.0,"c":2,"s":"N20","n":0}},{"type":"Feature","geometry":{"type":"Point","coordinates":[138.4828,-18.5527]},"properties":{"d":"2026-10-08","t":"0444","frp":30.7,"b":356.2,"c":1,"s":"N20","n":0}},{"type":"Feature","geometry":{"type":"Point","coordinates":[138.4634,-18.5523]},"properties":{"d":"2026-10-08","t":"0444","frp":50.8,"b":367.0,"c":2,"s":"N20","n":0}},{"type":"Feature","geometry":{"type":"Point","coordinates":[138.4681,-18.5515]},"properties":{"d":"2026-10-08","t":"0444","frp":50.8,"b":349.3,"c":1,"s":"N20","n":0}},{"type":"Feature","geometry":{"type":"Point","coordinates":[138.4627,-18.5486]},"properties":{"d":"2026-10-08","t":"0444","frp":35.8,"b":352.0,"c":1,"s":"N20","n":0}},{"type":"Feature","geometry":{"type":"Point","coordinates":[138.4674,-18.5477]},"properties":{"d":"2026-10-08","t":"0444","frp":35.8,"b":349.3,"c":1,"s":"N20","n":0}},{"type":"Feature","geometry":{"type":"Point","coordinates":[138.472,-18.5469]},"properties":{"d":"2026-10-08","t":"0444","frp":14.7,"b":350.9,"c":1,"s":"N20","n":0}},{"type":"Feature","geometry":{"type":"Point","coordinates":[138.4666,-18.544]},"properties":{"d":"2026-10-08","t":"0444","frp":35.8,"b":344.9,"c":1,"s":"N20","n":0}},{"type":"Feature","geometry":{"type":"Point","coordinates":[138.4713,-18.5432]},"properties":{"d":"2026-10-08","t":"0444","frp":14.7,"b":356.2,"c":1,"s":"N20","n":0}},{"type":"Feature","geometry":{"type":"Point","coordinates":[138.466,-18.5403]},"properties":{"d":"2026-10-08","t":"0444","frp":187.6,"b":367.0,"c":2,"s":"N20","n":0}},{"type":"Feature","geometry":{"type":"Point","coordinates":[138.4706,-18.5395]},"properties":{"d":"2026-10-08","t":"0444","frp":112.3,"b":367.0,"c":0,"s":"N20","n":0}},{"type":"Feature","geometry":{"type":"Point","coordinates":[139.0539,-17.9179]},"properties":{"d":"2026-10-08","t":"0444","frp":13.2,"b":353.3,"c":1,"s":"N20","n":0}},{"type":"Feature","geometry":{"type":"Point","coordinates":[139.059,-17.917]},"properties":{"d":"2026-10-08","t":"0444","frp":7.8,"b":345.5,"c":1,"s":"N20","n":0}},{"type":"Feature","geometry":{"type":"Point","coordinates":[139.0641,-17.9161]},"properties":{"d":"2026-10-08","t":"0444","frp":7.8,"b":343.0,"c":1,"s":"N20","n":0}},{"type":"Feature","geometry":{"type":"Point","coordinates":[139.0531,-17.914]},"properties":{"d":"2026-10-08","t":"0444","frp":22.0,"b":355.6,"c":1,"s":"N20","n":0}},{"type":"Feature","geometry":{"type":"Point","coordinates":[139.0582,-17.9131]},"properties":{"d":"2026-10-08","t":"0444","frp":12.6,"b":345.7,"c":1,"s":"N20","n":0}},{"type":"Feature","geometry":{"type":"Point","coordinates":[145.7049,-17.5389]},"properties":{"d":"2026-10-08","t":"0444","frp":4.0,"b":330.0,"c":1,"s":"N20","n":0}},{"type":"Feature","geometry":{"type":"Point","coordinates":[145.5027,-17.1546]},"properties":{"d":"2026-10-08","t":"0444","frp":11.8,"b":352.4,"c":1,"s":"N20","n":0}},{"type":"Feature","geometry":{"type":"Point","coordinates":[145.5007,-17.1526]},"properties":{"d":"2026-10-08","t":"0444","frp":7.5,"b":350.5,"c":1,"s":"N20","n":0}},{"type":"Feature","geometry":{"type":"Point","coordinates":[145.5169,-16.7708]},"properties":{"d":"2026-10-08","t":"0444","frp":9.2,"b":333.3,"c":1,"s":"N20","n":0}},{"type":"Feature","geometry":{"type":"Point","coordinates":[128.8277,-18.4432]},"properties":{"d":"2026-10-08","t":"0446","frp":6.1,"b":341.1,"c":1,"s":"N20","n":0}},{"type":"Feature","geometry":{"type":"Point","coordinates":[128.8274,-18.4412]},"properties":{"d":"2026-10-08","t":"0446","frp":3.6,"b":333.8,"c":0,"s":"N20","n":0}},{"type":"Feature","geometry":{"type":"Point","coordinates":[128.9467,-18.4175]},"properties":{"d":"2026-10-08","t":"0446","frp":4.9,"b":338.8,"c":1,"s":"N20","n":0}},{"type":"Feature","geometry":{"type":"Point","coordinates":[128.9506,-18.417]},"properties":{"d":"2026-10-08","t":"0446","frp":7.6,"b":341.7,"c":1,"s":"N20","n":0}},{"type":"Feature","geometry":{"type":"Point","coordinates":[138.119,-17.2504]},"properties":{"d":"2026-10-08","t":"0446","frp":5.3,"b":336.4,"c":1,"s":"N20","n":0}},{"type":"Feature","geometry":{"type":"Point","coordinates":[138.1136,-17.2474]},"properties":{"d":"2026-10-08","t":"0446","frp":3.9,"b":335.3,"c":1,"s":"N20","n":0}},{"type":"Feature","geometry":{"type":"Point","coordinates":[138.113,-17.2437]},"properties":{"d":"2026-10-08","t":"0446","frp":3.9,"b":343.1,"c":1,"s":"N20","n":0}},{"type":"Feature","geometry":{"type":"Point","coordinates":[138.1176,-17.2429]},"properties":{"d":"2026-10-08","t":"0446","frp":3.9,"b":330.2,"c":0,"s":"N20","n":0}},{"type":"Feature","geometry":{"type":"Point","coordinates":[138.1169,-17.2392]},"properties":{"d":"2026-10-08","t":"0446","frp":7.1,"b":345.4,"c":1,"s":"N20","n":0}},{"type":"Feature","geometry":{"type":"Point","coordinates":[135.1229,-17.1012]},"properties":{"d":"2026-10-08","t":"0446","frp":9.0,"b":347.9,"c":1,"s":"N20","n":0}},{"type":"Feature","geometry":{"type":"Point","coordinates":[135.1198,-17.0606]},"properties":{"d":"2026-10-08","t":"0446","frp":10.9,"b":348.1,"c":1,"s":"N20","n":0}},{"type":"Feature","geometry":{"type":"Point","coordinates":[135.3948,-16.8375]},"properties":{"d":"2026-10-08","t":"0446","frp":14.8,"b":343.7,"c":1,"s":"N20","n":0}},{"type":"Feature","geometry":{"type":"Point","coordinates":[129.7867,-16.7564]},"properties":{"d":"2026-10-08","t":"0446","frp":8.9,"b":346.3,"c":1,"s":"N20","n":0}},{"type":"Feature","geometry":{"type":"Point","coordinates":[129.7794,-16.7417]},"properties":{"d":"2026-10-08","t":"0446","frp":11.0,"b":349.9,"c":1,"s":"N20","n":0}},{"type":"Feature","geometry":{"type":"Point","coordinates":[129.7843,-16.7411]},"properties":{"d":"2026-10-08","t":"0446","frp":11.0,"b":345.6,"c":1,"s":"N20","n":0}},{"type":"Feature","geometry":{"type":"Point","coordinates":[129.7788,-16.7379]},"properties":{"d":"2026-10-08","t":"0446","frp":11.0,"b":349.6,"c":1,"s":"N20","n":0}},{"type":"Feature","geometry":{"type":"Point","coordinates":[130.2909,-16.6776]},"properties":{"d":"2026-10-08","t":"0446","frp":14.4,"b":342.9,"c":0,"s":"N20","n":0}},{"type":"Feature","geometry":{"type":"Point","coordinates":[130.2904,-16.6739]},"properties":{"d":"2026-10-08","t":"0446","frp":20.3,"b":342.1,"c":0,"s":"N20","n":0}},{"type":"Feature","geometry":{"type":"Point","coordinates":[130.2899,-16.6702]},"properties":{"d":"2026-10-08","t":"0446","frp":20.3,"b":342.2,"c":0,"s":"N20","n":0}},{"type":"Feature","geometry":{"type":"Point","coordinates":[145.0412,-16.4931]},"properties":{"d":"2026-10-08","t":"0446","frp":4.7,"b":340.4,"c":1,"s":"N20","n":0}},{"type":"Feature","geometry":{"type":"Point","coordinates":[145.041,-16.4923]},"properties":{"d":"2026-10-08","t":"0446","frp":5.4,"b":337.7,"c":1,"s":"N20","n":0}},{"type":"Feature","geometry":{"type":"Point","coordinates":[145.0456,-16.4921]},"properties":{"d":"2026-10-08","t":"0446","frp":3.0,"b":341.7,"c":1,"s":"N20","n":0}},{"type":"Feature","geometry":{"type":"Point","coordinates":[145.0455,-16.4913]},"properties":{"d":"2026-10-08","t":"0446","frp":7.8,"b":343.2,"c":1,"s":"N20","n":0}},{"type":"Feature","geometry":{"type":"Point","coordinates":[145.05,-16.4912]},"properties":{"d":"2026-10-08","t":"0446","frp":3.0,"b":332.6,"c":1,"s":"N20","n":0}},{"type":"Feature","geometry":{"type":"Point","coordinates":[145.0542,-16.4894]},"properties":{"d":"2026-10-08","t":"0446","frp":3.5,"b":330.1,"c":0,"s":"N20","n":0}},{"type":"Feature","geometry":{"type":"Point","coordinates":[145.067,-16.4867]},"properties":{"d":"2026-10-08","t":"0446","frp":4.1,"b":331.6,"c":0,"s":"N20","n":0}},{"type":"Feature","geometry":{"type":"Point","coordinates":[145.0824,-16.4358]},"properties":{"d":"2026-10-08","t":"0446","frp":7.0,"b":339.7,"c":1,"s":"N20","n":0}},{"type":"Feature","geometry":{"type":"Point","coordinates":[145.0667,-16.4331]},"properties":{"d":"2026-10-08","t":"0446","frp":4.6,"b":332.5,"c":1,"s":"N20","n":0}},{"type":"Feature","geometry":{"type":"Point","coordinates":[145.0702,-16.4262]},"properties":{"d":"2026-10-08","t":"0446","frp":12.8,"b":356.1,"c":1,"s":"N20","n":0}},{"type":"Feature","geometry":{"type":"Point","coordinates":[145.0751,-16.4252]},"properties":{"d":"2026-10-08","t":"0446","frp":12.6,"b":355.3,"c":1,"s":"N20","n":0}},{"type":"Feature","geometry":{"type":"Point","coordinates":[134.299,-16.3739]},"properties":{"d":"2026-10-08","t":"0446","frp":19.9,"b":354.9,"c":1,"s":"N20","n":0}},{"type":"Feature","geometry":{"type":"Point","coordinates":[134.3205,-16.3706]},"properties":{"d":"2026-10-08","t":"0446","frp":4.2,"b":334.6,"c":1,"s":"N20","n":0}},{"type":"Feature","geometry":{"type":"Point","coordinates":[134.32,-16.3673]},"properties":{"d":"2026-10-08","t":"0446","frp":4.2,"b":337.5,"c":1,"s":"N20","n":0}},{"type":"Feature","geometry":{"type":"Point","coordinates":[134.2573,-16.3667]},"properties":{"d":"2026-10-08","t":"0446","frp":16.8,"b":343.4,"c":1,"s":"N20","n":0}},{"type":"Feature","geometry":{"type":"Point","coordinates":[134.3015,-16.3667]},"properties":{"d":"2026-10-08","t":"0446","frp":8.9,"b":345.6,"c":1,"s":"N20","n":0}},{"type":"Feature","geometry":{"type":"Point","coordinates":[134.3236,-16.3667]},"properties":{"d":"2026-10-08","t":"0446","frp":5.8,"b":341.9,"c":1,"s":"N20","n":0}},{"type":"Feature","geometry":{"type":"Point","coordinates":[134.2609,-16.3662]},"properties":{"d":"2026-10-08","t":"0446","frp":16.8,"b":335.4,"c":1,"s":"N20","n":0}},{"type":"Feature","geometry":{"type":"Point","coordinates":[134.2531,-16.364]},"properties":{"d":"2026-10-08","t":"0446","frp":24.6,"b":341.7,"c":1,"s":"N20","n":0}},{"type":"Feature","geometry":{"type":"Point","coordinates":[134.2567,-16.3634]},"properties":{"d":"2026-10-08","t":"0446","frp":16.8,"b":353.3,"c":1,"s":"N20","n":0}},{"type":"Feature","geometry":{"type":"Point","coordinates":[134.3009,-16.3634]},"properties":{"d":"2026-10-08","t":"0446","frp":8.9,"b":344.2,"c":1,"s":"N20","n":0}},{"type":"Feature","geometry":{"type":"Point","coordinates":[134.2603,-16.3629]},"properties":{"d":"2026-10-08","t":"0446","frp":16.8,"b":351.0,"c":1,"s":"N20","n":0}},{"type":"Feature","geometry":{"type":"Point","coordinates":[134.249,-16.3612]},"properties":{"d":"2026-10-08","t":"0446","frp":4.5,"b":348.2,"c":1,"s":"N20","n":0}},{"type":"Feature","geometry":{"type":"Point","coordinates":[134.2526,-16.3607]},"properties":{"d":"2026-10-08","t":"0446","frp":4.5,"b":336.3,"c":1,"s":"N20","n":0}},{"type":"Feature","geometry":{"type":"Point","coordinates":[134.3004,-16.3601]},"properties":{"d":"2026-10-08","t":"0446","frp":12.9,"b":347.0,"c":1,"s":"N20","n":0}},{"type":"Feature","geometry":{"type":"Point","coordinates":[134.2449,-16.3585]},"properties":{"d":"2026-10-08","t":"0446","frp":7.8,"b":345.8,"c":1,"s":"N20","n":0}},{"type":"Feature","geometry":{"type":"Point","coordinates":[134.2485,-16.3579]},"properties":{"d":"2026-10-08","t":"0446","frp":4.5,"b":332.0,"c":0,"s":"N20","n":0}},{"type":"Feature","geometry":{"type":"Point","coordinates":[134.2407,-16.3557]},"properties":{"d":"2026-10-08","t":"0446","frp":7.3,"b":333.6,"c":1,"s":"N20","n":0}},{"type":"Feature","geometry":{"type":"Point","coordinates":[134.2628,-16.3557]},"properties":{"d":"2026-10-08","t":"0446","frp":41.0,"b":338.6,"c":1,"s":"N20","n":0}},{"type":"Feature","geometry":{"type":"Point","coordinates":[134.2443,-16.3552]},"properties":{"d":"2026-10-08","t":"0446","frp":7.3,"b":339.4,"c":1,"s":"N20","n":0}},{"type":"Feature","geometry":{"type":"Point","coordinates":[134.2623,-16.3524]},"properties":{"d":"2026-10-08","t":"0446","frp":10.4,"b":346.4,"c":1,"s":"N20","n":0}},{"type":"Feature","geometry":{"type":"Point","coordinates":[134.3065,-16.3524]},"properties":{"d":"2026-10-08","t":"0446","frp":3.8,"b":335.9,"c":1,"s":"N20","n":0}},{"type":"Feature","geometry":{"type":"Point","coordinates":[134.2438,-16.3518]},"properties":{"d":"2026-10-08","t":"0446","frp":7.3,"b":346.9,"c":1,"s":"N20","n":0}},{"type":"Feature","geometry":{"type":"Point","coordinates":[134.2802,-16.3496]},"properties":{"d":"2026-10-08","t":"0446","frp":7.3,"b":342.0,"c":1,"s":"N20","n":0}},{"type":"Feature","geometry":{"type":"Point","coordinates":[134.2176,-16.3491]},"properties":{"d":"2026-10-08","t":"0446","frp":3.3,"b":332.8,"c":1,"s":"N20","n":0}},{"type":"Feature","geometry":{"type":"Point","coordinates":[134.2617,-16.3491]},"properties":{"d":"2026-10-08","t":"0446","frp":10.4,"b":351.9,"c":1,"s":"N20","n":0}},{"type":"Feature","geometry":{"type":"Point","coordinates":[134.2432,-16.3485]},"properties":{"d":"2026-10-08","t":"0446","frp":5.4,"b":343.6,"c":1,"s":"N20","n":0}},{"type":"Feature","geometry":{"type":"Point","coordinates":[134.2248,-16.348]},"properties":{"d":"2026-10-08","t":"0446","frp":44.9,"b":344.4,"c":1,"s":"N20","n":0}},{"type":"Feature","geometry":{"type":"Point","coordinates":[134.2797,-16.3463]},"properties":{"d":"2026-10-08","t":"0446","frp":7.3,"b":355.3,"c":1,"s":"N20","n":0}},{"type":"Feature","geometry":{"type":"Point","coordinates":[134.217,-16.3458]},"properties":{"d":"2026-10-08","t":"0446","frp":9.6,"b":349.4,"c":1,"s":"N20","n":0}},{"type":"Feature","geometry":{"type":"Point","coordinates":[134.2612,-16.3458]},"properties":{"d":"2026-10-08","t":"0446","frp":12.5,"b":340.3,"c":1,"s":"N20","n":0}},{"type":"Feature","geometry":{"type":"Point","coordinates":[134.2206,-16.3452]},"properties":{"d":"2026-10-08","t":"0446","frp":9.6,"b":348.0,"c":1,"s":"N20","n":0}},{"type":"Feature","geometry":{"type":"Point","coordinates":[134.2427,-16.3452]},"properties":{"d":"2026-10-08","t":"0446","frp":5.4,"b":346.3,"c":1,"s":"N20","n":0}},{"type":"Feature","geometry":{"type":"Point","coordinates":[134.2242,-16.3447]},"properties":{"d":"2026-10-08","t":"0446","frp":38.7,"b":352.4,"c":1,"s":"N20","n":0}},{"type":"Feature","geometry":{"type":"Point","coordinates":[134.2904,-16.3447]},"properties":{"d":"2026-10-08","t":"0446","frp":6.6,"b":345.3,"c":1,"s":"N20","n":0}},{"type":"Feature","geometry":{"type":"Point","coordinates":[134.272,-16.3441]},"properties":{"d":"2026-10-08","t":"0446","frp":4.4,"b":343.3,"c":1,"s":"N20","n":0}},{"type":"Feature","geometry":{"type":"Point","coordinates":[134.3197,-16.3435]},"properties":{"d":"2026-10-08","t":"0446","frp":7.2,"b":341.4,"c":1,"s":"N20","n":0}},{"type":"Feature","geometry":{"type":"Point","coordinates":[134.2129,-16.343]},"properties":{"d":"2026-10-08","t":"0446","frp":3.8,"b":335.2,"c":1,"s":"N20","n":0}},{"type":"Feature","geometry":{"type":"Point","coordinates":[134.2165,-16.3425]},"properties":{"d":"2026-10-08","t":"0446","frp":9.6,"b":348.2,"c":1,"s":"N20","n":0}},{"type":"Feature","geometry":{"type":"Point","coordinates":[134.2606,-16.3425]},"properties":{"d":"2026-10-08","t":"0446","frp":12.5,"b":345.7,"c":1,"s":"N20","n":0}},{"type":"Feature","geometry":{"type":"Point","coordinates":[134.2201,-16.3419]},"properties":{"d":"2026-10-08","t":"0446","frp":9.6,"b":336.7,"c":1,"s":"N20","n":0}},{"type":"Feature","geometry":{"type":"Point","coordinates":[134.2642,-16.3419]},"properties":{"d":"2026-10-08","t":"0446","frp":12.5,"b":343.6,"c":1,"s":"N20","n":0}},{"type":"Feature","geometry":{"type":"Point","coordinates":[134.2236,-16.3414]},"properties":{"d":"2026-10-08","t":"0446","frp":38.7,"b":349.2,"c":1,"s":"N20","n":0}},{"type":"Feature","geometry":{"type":"Point","coordinates":[134.2457,-16.3414]},"properties":{"d":"2026-10-08","t":"0446","frp":5.3,"b":337.8,"c":1,"s":"N20","n":0}},{"type":"Feature","geometry":{"type":"Point","coordinates":[134.2272,-16.3408]},"properties":{"d":"2026-10-08","t":"0446","frp":38.7,"b":338.0,"c":0,"s":"N20","n":0}},{"type":"Feature","geometry":{"type":"Point","coordinates":[134.2714,-16.3408]},"properties":{"d":"2026-10-08","t":"0446","frp":4.4,"b":346.1,"c":1,"s":"N20","n":0}},{"type":"Feature","geometry":{"type":"Point","coordinates":[134.3192,-16.3402]},"properties":{"d":"2026-10-08","t":"0446","frp":7.2,"b":342.9,"c":1,"s":"N20","n":0}},{"type":"Feature","geometry":{"type":"Point","coordinates":[134.2123,-16.3397]},"properties":{"d":"2026-10-08","t":"0446","frp":2.1,"b":331.9,"c":1,"s":"N20","n":0}},{"type":"Feature","geometry":{"type":"Point","coordinates":[134.2159,-16.3392]},"properties":{"d":"2026-10-08","t":"0446","frp":4.6,"b":337.5,"c":1,"s":"N20","n":0}},{"type":"Feature","geometry":{"type":"Point","coordinates":[134.2601,-16.3392]},"properties":{"d":"2026-10-08","t":"0446","frp":9.9,"b":342.7,"c":1,"s":"N20","n":0}},{"type":"Feature","geometry":{"type":"Point","coordinates":[134.2195,-16.3386]},"properties":{"d":"2026-10-08","t":"0446","frp":4.6,"b":337.1,"c":1,"s":"N20","n":0}},{"type":"Feature","geometry":{"type":"Point","coordinates":[134.2637,-16.3386]},"properties":{"d":"2026-10-08","t":"0446","frp":9.9,"b":345.3,"c":1,"s":"N20","n":0}},{"type":"Feature","geometry":{"type":"Point","coordinates":[134.2231,-16.338]},"properties":{"d":"2026-10-08","t":"0446","frp":10.5,"b":351.5,"c":1,"s":"N20","n":0}},{"type":"Feature","geometry":{"type":"Point","coordinates":[134.2452,-16.338]},"properties":{"d":"2026-10-08","t":"0446","frp":5.3,"b":342.1,"c":1,"s":"N20","n":0}},{"type":"Feature","geometry":{"type":"Point","coordinates":[134.2267,-16.3375]},"properties":{"d":"2026-10-08","t":"0446","frp":10.5,"b":354.5,"c":1,"s":"N20","n":0}},{"type":"Feature","geometry":{"type":"Point","coordinates":[134.2154,-16.3358]},"properties":{"d":"2026-10-08","t":"0446","frp":4.6,"b":347.2,"c":1,"s":"N20","n":0}},{"type":"Feature","geometry":{"type":"Point","coordinates":[134.2595,-16.3358]},"properties":{"d":"2026-10-08","t":"0446","frp":9.9,"b":342.9,"c":1,"s":"N20","n":0}},{"type":"Feature","geometry":{"type":"Point","coordinates":[134.2631,-16.3353]},"properties":{"d":"2026-10-08","t":"0446","frp":9.9,"b":346.9,"c":1,"s":"N20","n":0}},{"type":"Feature","geometry":{"type":"Point","coordinates":[134.2226,-16.3347]},"properties":{"d":"2026-10-08","t":"0446","frp":10.5,"b":339.8,"c":1,"s":"N20","n":0}},{"type":"Feature","geometry":{"type":"Point","coordinates":[134.2446,-16.3347]},"properties":{"d":"2026-10-08","t":"0446","frp":19.3,"b":345.8,"c":1,"s":"N20","n":0}},{"type":"Feature","geometry":{"type":"Point","coordinates":[134.2261,-16.3342]},"properties":{"d":"2026-10-08","t":"0446","frp":10.5,"b":352.9,"c":1,"s":"N20","n":0}},{"type":"Feature","geometry":{"type":"Point","coordinates":[134.2297,-16.3336]},"properties":{"d":"2026-10-08","t":"0446","frp":61.8,"b":346.3,"c":1,"s":"N20","n":0}},{"type":"Feature","geometry":{"type":"Point","coordinates":[134.1416,-16.3336]},"properties":{"d":"2026-10-08","t":"0446","frp":21.1,"b":330.4,"c":1,"s":"N20","n":0}},{"type":"Feature","geometry":{"type":"Point","coordinates":[134.1451,-16.3331]},"properties":{"d":"2026-10-08","t":"0446","frp":21.1,"b":348.4,"c":1,"s":"N20","n":0}},{"type":"Feature","geometry":{"type":"Point","coordinates":[134.2148,-16.3325]},"properties":{"d":"2026-10-08","t":"0446","frp":4.5,"b":352.9,"c":1,"s":"N20","n":0}},{"type":"Feature","geometry":{"type":"Point","coordinates":[134.259,-16.3325]},"properties":{"d":"2026-10-08","t":"0446","frp":10.9,"b":342.0,"c":1,"s":"N20","n":0}},{"type":"Feature","geometry":{"type":"Point","coordinates":[134.1487,-16.3325]},"properties":{"d":"2026-10-08","t":"0446","frp":11.3,"b":334.8,"c":1,"s":"N20","n":0}},{"type":"Feature","geometry":{"type":"Point","coordinates":[134.2184,-16.332]},"properties":{"d":"2026-10-08","t":"0446","frp":4.5,"b":344.8,"c":1,"s":"N20","n":0}},{"type":"Feature","geometry":{"type":"Point","coordinates":[134.2626,-16.332]},"properties":{"d":"2026-10-08","t":"0446","frp":10.9,"b":343.2,"c":1,"s":"N20","n":0}},{"type":"Feature","geometry":{"type":"Point","coordinates":[134.2256,-16.3309]},"properties":{"d":"2026-10-08","t":"0446","frp":7.2,"b":345.3,"c":1,"s":"N20","n":0}},{"type":"Feature","geometry":{"type":"Point","coordinates":[134.2292,-16.3303]},"properties":{"d":"2026-10-08","t":"0446","frp":80.4,"b":367.0,"c":0,"s":"N20","n":0}},{"type":"Feature","geometry":{"type":"Point","coordinates":[134.2733,-16.3303]},"properties":{"d":"2026-10-08","t":"0446","frp":5.6,"b":342.5,"c":1,"s":"N20","n":0}},{"type":"Feature","geometry":{"type":"Point","coordinates":[134.141,-16.3303]},"properties":{"d":"2026-10-08","t":"0446","frp":7.3,"b":331.5,"c":1,"s":"N20","n":0}},{"type":"Feature","geometry":{"type":"Point","coordinates":[134.2107,-16.3298]},"properties":{"d":"2026-10-08","t":"0446","frp":3.5,"b":332.8,"c":1,"s":"N20","n":0}},{"type":"Feature","geometry":{"type":"Point","coordinates":[134.1446,-16.3297]},"properties":{"d":"2026-10-08","t":"0446","frp":7.3,"b":346.0,"c":1,"s":"N20","n":0}},{"type":"Feature","geometry":{"type":"Point","coordinates":[134.2143,-16.3292]},"properties":{"d":"2026-10-08","t":"0446","frp":4.5,"b":352.4,"c":1,"s":"N20","n":0}},{"type":"Feature","geometry":{"type":"Point","coordinates":[134.2584,-16.3292]},"properties":{"d":"2026-10-08","t":"0446","frp":10.9,"b":342.0,"c":1,"s":"N20","n":0}},{"type":"Feature","geometry":{"type":"Point","coordinates":[134.1482,-16.3292]},"properties":{"d":"2026-10-08","t":"0446","frp":42.8,"b":341.9,"c":1,"s":"N20","n":0}},{"type":"Feature","geometry":{"type":"Point","coordinates":[134.2179,-16.3287]},"properties":{"d":"2026-10-08","t":"0446","frp":4.5,"b":336.4,"c":1,"s":"N20","n":0}},{"type":"Feature","geometry":{"type":"Point","coordinates":[134.262,-16.3287]},"properties":{"d":"2026-10-08","t":"0446","frp":10.9,"b":367.0,"c":2,"s":"N20","n":0}},{"type":"Feature","geometry":{"type":"Point","coordinates":[134.2656,-16.3281]},"properties":{"d":"2026-10-08","t":"0446","frp":5.8,"b":341.4,"c":1,"s":"N20","n":0}},{"type":"Feature","geometry":{"type":"Point","coordinates":[134.2251,-16.3276]},"properties":{"d":"2026-10-08","t":"0446","frp":7.2,"b":339.3,"c":1,"s":"N20","n":0}},{"type":"Feature","geometry":{"type":"Point","coordinates":[134.2471,-16.3276]},"properties":{"d":"2026-10-08","t":"0446","frp":7.6,"b":350.1,"c":1,"s":"N20","n":0}},{"type":"Feature","geometry":{"type":"Point","coordinates":[134.2286,-16.327]},"properties":{"d":"2026-10-08","t":"0446","frp":80.4,"b":367.0,"c":0,"s":"N20","n":0}},{"type":"Feature","geometry":{"type":"Point","coordinates":[134.1405,-16.327]},"properties":{"d":"2026-10-08","t":"0446","frp":7.3,"b":337.9,"c":1,"s":"N20","n":0}},{"type":"Feature","geometry":{"type":"Point","coordinates":[134.1441,-16.3264]},"properties":{"d":"2026-10-08","t":"0446","frp":7.3,"b":331.4,"c":0,"s":"N20","n":0}},{"type":"Feature","geometry":{"type":"Point","coordinates":[133.8568,-16.3264]},"properties":{"d":"2026-10-08","t":"0446","frp":4.8,"b":333.6,"c":0,"s":"N20","n":0}},{"type":"Feature","geometry":{"type":"Point","coordinates":[134.2138,-16.3259]},"properties":{"d":"2026-10-08","t":"0446","frp":5.0,"b":345.5,"c":1,"s":"N20","n":0}},{"type":"Feature","geometry":{"type":"Point","coordinates":[134.2579,-16.3259]},"properties":{"d":"2026-10-08","t":"0446","frp":6.2,"b":339.3,"c":1,"s":"N20","n":0}},{"type":"Feature","geometry":{"type":"Point","coordinates":[134.2615,-16.3253]},"properties":{"d":"2026-10-08","t":"0446","frp":6.2,"b":354.5,"c":1,"s":"N20","n":0}},{"type":"Feature","geometry":{"type":"Point","coordinates":[134.2651,-16.3248]},"properties":{"d":"2026-10-08","t":"0446","frp":6.5,"b":355.6,"c":1,"s":"N20","n":0}},{"type":"Feature","geometry":{"type":"Point","coordinates":[134.1327,-16.3248]},"properties":{"d":"2026-10-08","t":"0446","frp":5.3,"b":335.9,"c":1,"s":"N20","n":0}},{"type":"Feature","geometry":{"type":"Point","coordinates":[134.2245,-16.3242]},"properties":{"d":"2026-10-08","t":"0446","frp":8.4,"b":339.9,"c":1,"s":"N20","n":0}},{"type":"Feature","geometry":{"type":"Point","coordinates":[134.2687,-16.3242]},"properties":{"d":"2026-10-08","t":"0446","frp":6.5,"b":343.9,"c":1,"s":"N20","n":0}},{"type":"Feature","geometry":{"type":"Point","coordinates":[134.1363,-16.3242]},"properties":{"d":"2026-10-08","t":"0446","frp":5.3,"b":336.6,"c":1,"s":"N20","n":0}},{"type":"Feature","geometry":{"type":"Point","coordinates":[134.2281,-16.3237]},"properties":{"d":"2026-10-08","t":"0446","frp":30.3,"b":342.4,"c":0,"s":"N20","n":0}},{"type":"Feature","geometry":{"type":"Point","coordinates":[134.1399,-16.3237]},"properties":{"d":"2026-10-08","t":"0446","frp":8.2,"b":342.6,"c":1,"s":"N20","n":0}},{"type":"Feature","geometry":{"type":"Point","coordinates":[134.2096,-16.3231]},"properties":{"d":"2026-10-08","t":"0446","frp":4.6,"b":344.3,"c":1,"s":"N20","n":0}},{"type":"Feature","geometry":{"type":"Point","coordinates":[134.2132,-16.3226]},"properties":{"d":"2026-10-08","t":"0446","frp":5.0,"b":338.6,"c":1,"s":"N20","n":0}},{"type":"Feature","geometry":{"type":"Point","coordinates":[134.1471,-16.3226]},"properties":{"d":"2026-10-08","t":"0446","frp":12.4,"b":344.4,"c":1,"s":"N20","n":0}},{"type":"Feature","geometry":{"type":"Point","coordinates":[134.3236,-16.3225]},"properties":{"d":"2026-10-08","t":"0446","frp":3.1,"b":346.2,"c":1,"s":"N20","n":0}},{"type":"Feature","geometry":{"type":"Point","coordinates":[134.2645,-16.3215]},"properties":{"d":"2026-10-08","t":"0446","frp":6.5,"b":340.5,"c":1,"s":"N20","n":0}},{"type":"Feature","geometry":{"type":"Point","coordinates":[134.1322,-16.3215]},"properties":{"d":"2026-10-08","t":"0446","frp":5.3,"b":333.1,"c":1,"s":"N20","n":0}},{"type":"Feature","geometry":{"type":"Point","coordinates":[134.1358,-16.3209]},"properties":{"d":"2026-10-08","t":"0446","frp":5.3,"b":355.4,"c":1,"s":"N20","n":0}},{"type":"Feature","geometry":{"type":"Point","coordinates":[134.2276,-16.3204]},"properties":{"d":"2026-10-08","t":"0446","frp":30.3,"b":346.2,"c":1,"s":"N20","n":0}},{"type":"Feature","geometry":{"type":"Point","coordinates":[134.2496,-16.3204]},"properties":{"d":"2026-10-08","t":"0446","frp":12.7,"b":348.3,"c":1,"s":"N20","n":0}},{"type":"Feature","geometry":{"type":"Point","coordinates":[133.8558,-16.3197]},"properties":{"d":"2026-10-08","t":"0446","frp":3.7,"b":338.6,"c":1,"s":"N20","n":0}},{"type":"Feature","geometry":{"type":"Point","coordinates":[134.2127,-16.3193]},"properties":{"d":"2026-10-08","t":"0446","frp":5.7,"b":336.6,"c":1,"s":"N20","n":0}},{"type":"Feature","geometry":{"type":"Point","coordinates":[134.3231,-16.3192]},"properties":{"d":"2026-10-08","t":"0446","frp":3.1,"b":333.1,"c":0,"s":"N20","n":0}},{"type":"Feature","geometry":{"type":"Point","coordinates":[133.8373,-16.3192]},"properties":{"d":"2026-10-08","t":"0446","frp":7.9,"b":348.4,"c":1,"s":"N20","n":0}},{"type":"Feature","geometry":{"type":"Point","coordinates":[134.1352,-16.3176]},"properties":{"d":"2026-10-08","t":"0446","frp":3.1,"b":340.8,"c":1,"s":"N20","n":0}},{"type":"Feature","geometry":{"type":"Point","coordinates":[134.1168,-16.317]},"properties":{"d":"2026-10-08","t":"0446","frp":8.4,"b":356.4,"c":1,"s":"N20","n":0}},{"type":"Feature","geometry":{"type":"Point","coordinates":[133.8332,-16.3164]},"properties":{"d":"2026-10-08","t":"0446","frp":2.9,"b":335.6,"c":1,"s":"N20","n":0}},{"type":"Feature","geometry":{"type":"Point","coordinates":[134.2121,-16.316]},"properties":{"d":"2026-10-08","t":"0446","frp":5.7,"b":351.5,"c":1,"s":"N20","n":0}},{"type":"Feature","geometry":{"type":"Point","coordinates":[134.3225,-16.3159]},"properties":{"d":"2026-10-08","t":"0446","frp":2.1,"b":331.5,"c":0,"s":"N20","n":0}},{"type":"Feature","geometry":{"type":"Point","coordinates":[133.8367,-16.3159]},"properties":{"d":"2026-10-08","t":"0446","frp":2.1,"b":332.4,"c":0,"s":"N20","n":0}},{"type":"Feature","geometry":{"type":"Point","coordinates":[134.2378,-16.3154]},"properties":{"d":"2026-10-08","t":"0446","frp":4.3,"b":339.9,"c":1,"s":"N20","n":0}},{"type":"Feature","geometry":{"type":"Point","coordinates":[134.1054,-16.3154]},"properties":{"d":"2026-10-08","t":"0446","frp":3.2,"b":337.6,"c":1,"s":"N20","n":0}},{"type":"Feature","geometry":{"type":"Point","coordinates":[134.109,-16.3148]},"properties":{"d":"2026-10-08","t":"0446","frp":4.8,"b":352.4,"c":1,"s":"N20","n":0}},{"type":"Feature","geometry":{"type":"Point","coordinates":[134.1347,-16.3143]},"properties":{"d":"2026-10-08","t":"0446","frp":3.1,"b":332.0,"c":0,"s":"N20","n":0}},{"type":"Feature","geometry":{"type":"Point","coordinates":[134.1126,-16.3143]},"properties":{"d":"2026-10-08","t":"0446","frp":4.8,"b":342.1,"c":1,"s":"N20","n":0}},{"type":"Feature","geometry":{"type":"Point","coordinates":[134.1162,-16.3137]},"properties":{"d":"2026-10-08","t":"0446","frp":5.2,"b":349.6,"c":1,"s":"N20","n":0}},{"type":"Feature","geometry":{"type":"Point","coordinates":[133.7849,-16.3135]},"properties":{"d":"2026-10-08","t":"0446","frp":3.6,"b":338.8,"c":1,"s":"N20","n":0}},{"type":"Feature","geometry":{"type":"Point","coordinates":[134.1198,-16.3132]},"properties":{"d":"2026-10-08","t":"0446","frp":5.2,"b":352.0,"c":1,"s":"N20","n":0}},{"type":"Feature","geometry":{"type":"Point","coordinates":[134.0977,-16.3132]},"properties":{"d":"2026-10-08","t":"0446","frp":8.8,"b":348.7,"c":1,"s":"N20","n":0}},{"type":"Feature","geometry":{"type":"Point","coordinates":[134.0757,-16.3132]},"properties":{"d":"2026-10-08","t":"0446","frp":12.3,"b":356.2,"c":1,"s":"N20","n":0}},{"type":"Feature","geometry":{"type":"Point","coordinates":[134.2116,-16.3127]},"properties":{"d":"2026-10-08","t":"0446","frp":8.5,"b":345.2,"c":1,"s":"N20","n":0}},{"type":"Feature","geometry":{"type":"Point","coordinates":[134.1234,-16.3126]},"properties":{"d":"2026-10-08","t":"0446","frp":4.0,"b":344.8,"c":1,"s":"N20","n":0}},{"type":"Feature","geometry":{"type":"Point","coordinates":[134.1455,-16.3126]},"properties":{"d":"2026-10-08","t":"0446","frp":3.3,"b":332.3,"c":1,"s":"N20","n":0}},{"type":"Feature","geometry":{"type":"Point","coordinates":[134.1013,-16.3126]},"properties":{"d":"2026-10-08","t":"0446","frp":3.2,"b":350.2,"c":1,"s":"N20","n":0}},{"type":"Feature","geometry":{"type":"Point","coordinates":[134.0793,-16.3126]},"properties":{"d":"2026-10-08","t":"0446","frp":6.7,"b":335.9,"c":1,"s":"N20","n":0}},{"type":"Feature","geometry":{"type":"Point","coordinates":[134.2372,-16.3121]},"properties":{"d":"2026-10-08","t":"0446","frp":4.3,"b":340.9,"c":1,"s":"N20","n":0}},{"type":"Feature","geometry":{"type":"Point","coordinates":[134.2814,-16.3121]},"properties":{"d":"2026-10-08","t":"0446","frp":5.8,"b":347.9,"c":1,"s":"N20","n":0}},{"type":"Feature","geometry":{"type":"Point","coordinates":[134.127,-16.3121]},"properties":{"d":"2026-10-08","t":"0446","frp":4.0,"b":339.1,"c":1,"s":"N20","n":0}},{"type":"Feature","geometry":{"type":"Point","coordinates":[134.149,-16.3121]},"properties":{"d":"2026-10-08","t":"0446","frp":3.3,"b":340.3,"c":1,"s":"N20","n":0}},{"type":"Feature","geometry":{"type":"Point","coordinates":[134.1049,-16.3121]},"properties":{"d":"2026-10-08","t":"0446","frp":3.2,"b":330.7,"c":0,"s":"N20","n":0}},{"type":"Feature","geometry":{"type":"Point","coordinates":[134.1085,-16.3115]},"properties":{"d":"2026-10-08","t":"0446","frp":4.8,"b":336.6,"c":1,"s":"N20","n":0}},{"type":"Feature","geometry":{"type":"Point","coordinates":[133.8469,-16.3109]},"properties":{"d":"2026-10-08","t":"0446","frp":2.9,"b":331.9,"c":0,"s":"N20","n":0}},{"type":"Feature","geometry":{"type":"Point","coordinates":[134.0936,-16.3104]},"properties":{"d":"2026-10-08","t":"0446","frp":14.6,"b":332.8,"c":1,"s":"N20","n":0}},{"type":"Feature","geometry":{"type":"Point","coordinates":[134.1192,-16.3099]},"properties":{"d":"2026-10-08","t":"0446","frp":5.2,"b":336.4,"c":1,"s":"N20","n":0}},{"type":"Feature","geometry":{"type":"Point","coordinates":[134.0972,-16.3099]},"properties":{"d":"2026-10-08","t":"0446","frp":14.6,"b":349.0,"c":1,"s":"N20","n":0}},{"type":"Feature","geometry":{"type":"Point","coordinates":[134.2331,-16.3093]},"properties":{"d":"2026-10-08","t":"0446","frp":3.8,"b":340.0,"c":1,"s":"N20","n":0}},{"type":"Feature","geometry":{"type":"Point","coordinates":[134.1228,-16.3093]},"properties":{"d":"2026-10-08","t":"0446","frp":4.0,"b":335.4,"c":1,"s":"N20","n":0}},{"type":"Feature","geometry":{"type":"Point","coordinates":[134.1008,-16.3093]},"properties":{"d":"2026-10-08","t":"0446","frp":4.0,"b":330.6,"c":0,"s":"N20","n":0}},{"type":"Feature","geometry":{"type":"Point","coordinates":[134.2808,-16.3088]},"properties":{"d":"2026-10-08","t":"0446","frp":4.6,"b":341.8,"c":1,"s":"N20","n":0}},{"type":"Feature","geometry":{"type":"Point","coordinates":[134.1044,-16.3087]},"properties":{"d":"2026-10-08","t":"0446","frp":4.0,"b":333.3,"c":0,"s":"N20","n":0}},{"type":"Feature","geometry":{"type":"Point","coordinates":[134.2403,-16.3082]},"properties":{"d":"2026-10-08","t":"0446","frp":3.6,"b":343.0,"c":1,"s":"N20","n":0}},{"type":"Feature","geometry":{"type":"Point","coordinates":[133.8428,-16.3081]},"properties":{"d":"2026-10-08","t":"0446","frp":2.4,"b":330.6,"c":0,"s":"N20","n":0}},{"type":"Feature","geometry":{"type":"Point","coordinates":[133.8464,-16.3076]},"properties":{"d":"2026-10-08","t":"0446","frp":2.4,"b":338.6,"c":1,"s":"N20","n":0}},{"type":"Feature","geometry":{"type":"Point","coordinates":[134.0705,-16.3073]},"properties":{"d":"2026-10-08","t":"0446","frp":5.0,"b":338.3,"c":1,"s":"N20","n":0}},{"type":"Feature","geometry":{"type":"Point","coordinates":[134.0931,-16.3071]},"properties":{"d":"2026-10-08","t":"0446","frp":14.6,"b":348.8,"c":1,"s":"N20","n":0}},{"type":"Feature","geometry":{"type":"Point","coordinates":[134.1187,-16.3065]},"properties":{"d":"2026-10-08","t":"0446","frp":5.9,"b":340.1,"c":1,"s":"N20","n":0}},{"type":"Feature","geometry":{"type":"Point","coordinates":[134.0967,-16.3065]},"properties":{"d":"2026-10-08","t":"0446","frp":14.6,"b":355.9,"c":1,"s":"N20","n":0}},{"type":"Feature","geometry":{"type":"Point","coordinates":[134.2325,-16.306]},"properties":{"d":"2026-10-08","t":"0446","frp":3.8,"b":341.5,"c":1,"s":"N20","n":0}},{"type":"Feature","geometry":{"type":"Point","coordinates":[134.2361,-16.3055]},"properties":{"d":"2026-10-08","t":"0446","frp":3.8,"b":345.9,"c":1,"s":"N20","n":0}},{"type":"Feature","geometry":{"type":"Point","coordinates":[134.2803,-16.3055]},"properties":{"d":"2026-10-08","t":"0446","frp":4.6,"b":343.5,"c":1,"s":"N20","n":0}},{"type":"Feature","geometry":{"type":"Point","coordinates":[134.148,-16.3055]},"properties":{"d":"2026-10-08","t":"0446","frp":8.2,"b":351.8,"c":1,"s":"N20","n":0}},{"type":"Feature","geometry":{"type":"Point","coordinates":[133.8387,-16.3054]},"properties":{"d":"2026-10-08","t":"0446","frp":2.4,"b":331.9,"c":0,"s":"N20","n":0}},{"type":"Feature","geometry":{"type":"Point","coordinates":[134.2397,-16.3049]},"properties":{"d":"2026-10-08","t":"0446","frp":3.6,"b":344.9,"c":1,"s":"N20","n":0}},{"type":"Feature","geometry":{"type":"Point","coordinates":[133.8423,-16.3048]},"properties":{"d":"2026-10-08","t":"0446","frp":2.4,"b":339.3,"c":1,"s":"N20","n":0}},{"type":"Feature","geometry":{"type":"Point","coordinates":[134.0921,-16.304]},"properties":{"d":"2026-10-08","t":"0446","frp":5.5,"b":345.7,"c":1,"s":"N20","n":0}},{"type":"Feature","geometry":{"type":"Point","coordinates":[134.07,-16.304]},"properties":{"d":"2026-10-08","t":"0446","frp":5.0,"b":343.4,"c":1,"s":"N20","n":0}},{"type":"Feature","geometry":{"type":"Point","coordinates":[134.0956,-16.3035]},"properties":{"d":"2026-10-08","t":"0446","frp":5.5,"b":348.0,"c":1,"s":"N20","n":0}},{"type":"Feature","geometry":{"type":"Point","coordinates":[134.1658,-16.3027]},"properties":{"d":"2026-10-08","t":"0446","frp":14.9,"b":339.2,"c":1,"s":"N20","n":0}},{"type":"Feature","geometry":{"type":"Point","coordinates":[134.232,-16.3027]},"properties":{"d":"2026-10-08","t":"0446","frp":2.6,"b":338.6,"c":1,"s":"N20","n":0}},{"type":"Feature","geometry":{"type":"Point","coordinates":[134.1473,-16.3022]},"properties":{"d":"2026-10-08","t":"0446","frp":12.0,"b":348.1,"c":1,"s":"N20","n":0}},{"type":"Feature","geometry":{"type":"Point","coordinates":[134.1694,-16.3022]},"properties":{"d":"2026-10-08","t":"0446","frp":14.9,"b":336.9,"c":1,"s":"N20","n":0}},{"type":"Feature","geometry":{"type":"Point","coordinates":[134.2356,-16.3022]},"properties":{"d":"2026-10-08","t":"0446","frp":2.6,"b":337.7,"c":1,"s":"N20","n":0}},{"type":"Feature","geometry":{"type":"Point","coordinates":[133.8382,-16.3021]},"properties":{"d":"2026-10-08","t":"0446","frp":3.8,"b":353.0,"c":1,"s":"N20","n":0}},{"type":"Feature","geometry":{"type":"Point","coordinates":[134.2392,-16.3016]},"properties":{"d":"2026-10-08","t":"0446","frp":3.8,"b":338.1,"c":1,"s":"N20","n":0}},{"type":"Feature","geometry":{"type":"Point","coordinates":[134.0915,-16.3007]},"properties":{"d":"2026-10-08","t":"0446","frp":5.5,"b":337.4,"c":1,"s":"N20","n":0}},{"type":"Feature","geometry":{"type":"Point","coordinates":[134.073,-16.3001]},"properties":{"d":"2026-10-08","t":"0446","frp":3.3,"b":331.0,"c":1,"s":"N20","n":0}},{"type":"Feature","geometry":{"type":"Point","coordinates":[134.1653,-16.2994]},"properties":{"d":"2026-10-08","t":"0446","frp":35.1,"b":348.6,"c":1,"s":"N20","n":0}},{"type":"Feature","geometry":{"type":"Point","coordinates":[133.834,-16.2993]},"properties":{"d":"2026-10-08","t":"0446","frp":3.8,"b":336.0,"c":1,"s":"N20","n":0}},{"type":"Feature","geometry":{"type":"Point","coordinates":[134.1688,-16.2989]},"properties":{"d":"2026-10-08","t":"0446","frp":35.1,"b":354.0,"c":1,"s":"N20","n":0}},{"type":"Feature","geometry":{"type":"Point","coordinates":[134.235,-16.2989]},"properties":{"d":"2026-10-08","t":"0446","frp":2.6,"b":339.0,"c":1,"s":"N20","n":0}},{"type":"Feature","geometry":{"type":"Point","coordinates":[134.2422,-16.2977]},"properties":{"d":"2026-10-08","t":"0446","frp":3.8,"b":343.6,"c":1,"s":"N20","n":0}},{"type":"Feature","geometry":{"type":"Point","coordinates":[134.0945,-16.2968]},"properties":{"d":"2026-10-08","t":"0446","frp":4.5,"b":336.8,"c":1,"s":"N20","n":0}},{"type":"Feature","geometry":{"type":"Point","coordinates":[134.1647,-16.2961]},"properties":{"d":"2026-10-08","t":"0446","frp":35.1,"b":367.0,"c":0,"s":"N20","n":0}},{"type":"Feature","geometry":{"type":"Point","coordinates":[134.1683,-16.2955]},"properties":{"d":"2026-10-08","t":"0446","frp":35.1,"b":352.1,"c":1,"s":"N20","n":0}},{"type":"Feature","geometry":{"type":"Point","coordinates":[134.1719,-16.295]},"properties":{"d":"2026-10-08","t":"0446","frp":6.0,"b":339.3,"c":1,"s":"N20","n":0}},{"type":"Feature","geometry":{"type":"Point","coordinates":[134.1755,-16.2945]},"properties":{"d":"2026-10-08","t":"0446","frp":6.0,"b":348.8,"c":1,"s":"N20","n":0}},{"type":"Feature","geometry":{"type":"Point","coordinates":[134.1565,-16.2941]},"properties":{"d":"2026-10-08","t":"0446","frp":7.0,"b":346.3,"c":1,"s":"N20","n":0}},{"type":"Feature","geometry":{"type":"Point","coordinates":[134.2047,-16.2933]},"properties":{"d":"2026-10-08","t":"0446","frp":37.9,"b":340.7,"c":1,"s":"N20","n":0}},{"type":"Feature","geometry":{"type":"Point","coordinates":[134.1637,-16.293]},"properties":{"d":"2026-10-08","t":"0446","frp":16.6,"b":342.6,"c":1,"s":"N20","n":0}},{"type":"Feature","geometry":{"type":"Point","coordinates":[133.8109,-16.2926]},"properties":{"d":"2026-10-08","t":"0446","frp":4.3,"b":334.9,"c":0,"s":"N20","n":0}},{"type":"Feature","geometry":{"type":"Point","coordinates":[134.1673,-16.2925]},"properties":{"d":"2026-10-08","t":"0446","frp":16.6,"b":350.1,"c":1,"s":"N20","n":0}},{"type":"Feature","geometry":{"type":"Point","coordinates":[134.156,-16.2908]},"properties":{"d":"2026-10-08","t":"0446","frp":7.0,"b":348.0,"c":1,"s":"N20","n":0}},{"type":"Feature","geometry":{"type":"Point","coordinates":[134.1739,-16.288]},"properties":{"d":"2026-10-08","t":"0446","frp":30.4,"b":342.9,"c":1,"s":"N20","n":0}},{"type":"Feature","geometry":{"type":"Point","coordinates":[133.8211,-16.2877]},"properties":{"d":"2026-10-08","t":"0446","frp":4.4,"b":341.0,"c":1,"s":"N20","n":0}},{"type":"Feature","geometry":{"type":"Point","coordinates":[134.1554,-16.2875]},"properties":{"d":"2026-10-08","t":"0446","frp":6.2,"b":338.6,"c":1,"s":"N20","n":0}},{"type":"Feature","geometry":{"type":"Point","coordinates":[133.7949,-16.2849]},"properties":{"d":"2026-10-08","t":"0446","frp":3.9,"b":344.0,"c":1,"s":"N20","n":0}},{"type":"Feature","geometry":{"type":"Point","coordinates":[134.1954,-16.2847]},"properties":{"d":"2026-10-08","t":"0446","frp":24.9,"b":348.7,"c":1,"s":"N20","n":0}},{"type":"Feature","geometry":{"type":"Point","coordinates":[134.1734,-16.2847]},"properties":{"d":"2026-10-08","t":"0446","frp":9.2,"b":347.4,"c":1,"s":"N20","n":0}},{"type":"Feature","geometry":{"type":"Point","coordinates":[133.8206,-16.2844]},"properties":{"d":"2026-10-08","t":"0446","frp":3.9,"b":333.5,"c":0,"s":"N20","n":0}},{"type":"Feature","geometry":{"type":"Point","coordinates":[133.7985,-16.2843]},"properties":{"d":"2026-10-08","t":"0446","frp":3.9,"b":342.0,"c":1,"s":"N20","n":0}},{"type":"Feature","geometry":{"type":"Point","coordinates":[133.8021,-16.2838]},"properties":{"d":"2026-10-08","t":"0446","frp":3.1,"b":335.7,"c":0,"s":"N20","n":0}},{"type":"Feature","geometry":{"type":"Point","coordinates":[134.1585,-16.2836]},"properties":{"d":"2026-10-08","t":"0446","frp":6.2,"b":350.6,"c":1,"s":"N20","n":0}},{"type":"Feature","geometry":{"type":"Point","coordinates":[133.8057,-16.2832]},"properties":{"d":"2026-10-08","t":"0446","frp":3.1,"b":335.2,"c":0,"s":"N20","n":0}},{"type":"Feature","geometry":{"type":"Point","coordinates":[134.1949,-16.2814]},"properties":{"d":"2026-10-08","t":"0446","frp":44.3,"b":352.5,"c":1,"s":"N20","n":0}},{"type":"Feature","geometry":{"type":"Point","coordinates":[134.1764,-16.2809]},"properties":{"d":"2026-10-08","t":"0446","frp":4.0,"b":340.2,"c":1,"s":"N20","n":0}},{"type":"Feature","geometry":{"type":"Point","coordinates":[134.2057,-16.2798]},"properties":{"d":"2026-10-08","t":"0446","frp":3.6,"b":337.9,"c":1,"s":"N20","n":0}},{"type":"Feature","geometry":{"type":"Point","coordinates":[134.1908,-16.2787]},"properties":{"d":"2026-10-08","t":"0446","frp":44.3,"b":341.2,"c":1,"s":"N20","n":0}},{"type":"Feature","geometry":{"type":"Point","coordinates":[134.1502,-16.2781]},"properties":{"d":"2026-10-08","t":"0446","frp":6.9,"b":344.7,"c":1,"s":"N20","n":0}},{"type":"Feature","geometry":{"type":"Point","coordinates":[134.1759,-16.2776]},"properties":{"d":"2026-10-08","t":"0446","frp":5.4,"b":345.4,"c":1,"s":"N20","n":0}},{"type":"Feature","geometry":{"type":"Point","coordinates":[134.1426,-16.2759]},"properties":{"d":"2026-10-08","t":"0446","frp":12.8,"b":346.9,"c":1,"s":"N20","n":0}},{"type":"Feature","geometry":{"type":"Point","coordinates":[134.1938,-16.2748]},"properties":{"d":"2026-10-08","t":"0446","frp":69.0,"b":350.9,"c":1,"s":"N20","n":0}},{"type":"Feature","geometry":{"type":"Point","coordinates":[134.1497,-16.2748]},"properties":{"d":"2026-10-08","t":"0446","frp":4.5,"b":338.2,"c":1,"s":"N20","n":0}},{"type":"Feature","geometry":{"type":"Point","coordinates":[134.0395,-16.2747]},"properties":{"d":"2026-10-08","t":"0446","frp":11.6,"b":344.7,"c":1,"s":"N20","n":0}},{"type":"Feature","geometry":{"type":"Point","coordinates":[134.1379,-16.2698]},"properties":{"d":"2026-10-08","t":"0446","frp":2.1,"b":338.5,"c":1,"s":"N20","n":0}},{"type":"Feature","geometry":{"type":"Point","coordinates":[134.2183,-16.2676]},"properties":{"d":"2026-10-08","t":"0446","frp":1.6,"b":336.0,"c":1,"s":"N20","n":0}},{"type":"Feature","geometry":{"type":"Point","coordinates":[134.1522,-16.2676]},"properties":{"d":"2026-10-08","t":"0446","frp":8.8,"b":347.7,"c":1,"s":"N20","n":0}},{"type":"Feature","geometry":{"type":"Point","coordinates":[134.1921,-16.2649]},"properties":{"d":"2026-10-08","t":"0446","frp":7.4,"b":338.1,"c":1,"s":"N20","n":0}},{"type":"Feature","geometry":{"type":"Point","coordinates":[134.3133,-16.2632]},"properties":{"d":"2026-10-08","t":"0446","frp":7.1,"b":343.3,"c":1,"s":"N20","n":0}},{"type":"Feature","geometry":{"type":"Point","coordinates":[134.1916,-16.2616]},"properties":{"d":"2026-10-08","t":"0446","frp":3.6,"b":348.0,"c":1,"s":"N20","n":0}},{"type":"Feature","geometry":{"type":"Point","coordinates":[134.1911,-16.2583]},"properties":{"d":"2026-10-08","t":"0446","frp":3.6,"b":339.9,"c":1,"s":"N20","n":0}},{"type":"Feature","geometry":{"type":"Point","coordinates":[134.2424,-16.2571]},"properties":{"d":"2026-10-08","t":"0446","frp":1.7,"b":336.6,"c":0,"s":"N20","n":0}},{"type":"Feature","geometry":{"type":"Point","coordinates":[134.0326,-16.2554]},"properties":{"d":"2026-10-08","t":"0446","frp":26.0,"b":344.5,"c":1,"s":"N20","n":0}},{"type":"Feature","geometry":{"type":"Point","coordinates":[134.0178,-16.2543]},"properties":{"d":"2026-10-08","t":"0446","frp":7.5,"b":344.0,"c":1,"s":"N20","n":0}},{"type":"Feature","geometry":{"type":"Point","coordinates":[136.737,-16.2541]},"properties":{"d":"2026-10-08","t":"0446","frp":6.5,"b":343.9,"c":0,"s":"N20","n":0}},{"type":"Feature","geometry":{"type":"Point","coordinates":[134.0285,-16.2526]},"properties":{"d":"2026-10-08","t":"0446","frp":3.0,"b":340.3,"c":1,"s":"N20","n":0}},{"type":"Feature","geometry":{"type":"Point","coordinates":[134.0172,-16.251]},"properties":{"d":"2026-10-08","t":"0446","frp":7.5,"b":337.4,"c":1,"s":"N20","n":0}},{"type":"Feature","geometry":{"type":"Point","coordinates":[136.7364,-16.2506]},"properties":{"d":"2026-10-08","t":"0446","frp":6.5,"b":346.9,"c":1,"s":"N20","n":0}},{"type":"Feature","geometry":{"type":"Point","coordinates":[136.7405,-16.2499]},"properties":{"d":"2026-10-08","t":"0446","frp":6.4,"b":338.2,"c":0,"s":"N20","n":0}},{"type":"Feature","geometry":{"type":"Point","coordinates":[134.028,-16.2493]},"properties":{"d":"2026-10-08","t":"0446","frp":3.0,"b":334.5,"c":1,"s":"N20","n":0}},{"type":"Feature","geometry":{"type":"Point","coordinates":[134.193,-16.2478]},"properties":{"d":"2026-10-08","t":"0446","frp":2.1,"b":335.5,"c":0,"s":"N20","n":0}},{"type":"Feature","geometry":{"type":"Point","coordinates":[134.0167,-16.2477]},"properties":{"d":"2026-10-08","t":"0446","frp":2.4,"b":331.2,"c":0,"s":"N20","n":0}},{"type":"Feature","geometry":{"type":"Point","coordinates":[134.0203,-16.2471]},"properties":{"d":"2026-10-08","t":"0446","frp":2.4,"b":341.5,"c":1,"s":"N20","n":0}},{"type":"Feature","geometry":{"type":"Point","coordinates":[136.7399,-16.2464]},"properties":{"d":"2026-10-08","t":"0446","frp":3.2,"b":339.1,"c":0,"s":"N20","n":0}},{"type":"Feature","geometry":{"type":"Point","coordinates":[133.8069,-16.2457]},"properties":{"d":"2026-10-08","t":"0446","frp":42.6,"b":314.9,"c":0,"s":"N20","n":0}},{"type":"Feature","geometry":{"type":"Point","coordinates":[133.8105,-16.2451]},"properties":{"d":"2026-10-08","t":"0446","frp":47.4,"b":342.6,"c":1,"s":"N20","n":0}},{"type":"Feature","geometry":{"type":"Point","coordinates":[134.1889,-16.245]},"properties":{"d":"2026-10-08","t":"0446","frp":16.7,"b":348.6,"c":1,"s":"N20","n":0}},{"type":"Feature","geometry":{"type":"Point","coordinates":[134.1925,-16.2445]},"properties":{"d":"2026-10-08","t":"0446","frp":2.1,"b":333.8,"c":0,"s":"N20","n":0}},{"type":"Feature","geometry":{"type":"Point","coordinates":[134.2145,-16.2445]},"properties":{"d":"2026-10-08","t":"0446","frp":2.4,"b":334.2,"c":0,"s":"N20","n":0}},{"type":"Feature","geometry":{"type":"Point","coordinates":[134.0161,-16.2443]},"properties":{"d":"2026-10-08","t":"0446","frp":2.4,"b":335.0,"c":1,"s":"N20","n":0}},{"type":"Feature","geometry":{"type":"Point","coordinates":[134.2181,-16.2439]},"properties":{"d":"2026-10-08","t":"0446","frp":2.4,"b":342.8,"c":1,"s":"N20","n":0}},{"type":"Feature","geometry":{"type":"Point","coordinates":[134.0197,-16.2438]},"properties":{"d":"2026-10-08","t":"0446","frp":2.4,"b":335.0,"c":0,"s":"N20","n":0}},{"type":"Feature","geometry":{"type":"Point","coordinates":[133.8213,-16.2435]},"properties":{"d":"2026-10-08","t":"0446","frp":35.1,"b":353.1,"c":1,"s":"N20","n":0}},{"type":"Feature","geometry":{"type":"Point","coordinates":[133.8249,-16.243]},"properties":{"d":"2026-10-08","t":"0446","frp":39.9,"b":345.2,"c":1,"s":"N20","n":0}},{"type":"Feature","geometry":{"type":"Point","coordinates":[136.7393,-16.2429]},"properties":{"d":"2026-10-08","t":"0446","frp":3.2,"b":339.3,"c":0,"s":"N20","n":0}},{"type":"Feature","geometry":{"type":"Point","coordinates":[133.8285,-16.2424]},"properties":{"d":"2026-10-08","t":"0446","frp":39.9,"b":367.0,"c":0,"s":"N20","n":0}},{"type":"Feature","geometry":{"type":"Point","coordinates":[133.8064,-16.2424]},"properties":{"d":"2026-10-08","t":"0446","frp":42.6,"b":351.5,"c":1,"s":"N20","n":0}},{"type":"Feature","geometry":{"type":"Point","coordinates":[133.832,-16.2419]},"properties":{"d":"2026-10-08","t":"0446","frp":8.7,"b":337.2,"c":1,"s":"N20","n":0}},{"type":"Feature","geometry":{"type":"Point","coordinates":[134.1883,-16.2417]},"properties":{"d":"2026-10-08","t":"0446","frp":6.2,"b":347.3,"c":1,"s":"N20","n":0}},{"type":"Feature","geometry":{"type":"Point","coordinates":[133.8136,-16.2413]},"properties":{"d":"2026-10-08","t":"0446","frp":47.4,"b":354.9,"c":1,"s":"N20","n":0}},{"type":"Feature","geometry":{"type":"Point","coordinates":[134.1955,-16.2406]},"properties":{"d":"2026-10-08","t":"0446","frp":10.5,"b":346.0,"c":1,"s":"N20","n":0}},{"type":"Feature","geometry":{"type":"Point","coordinates":[134.0192,-16.2405]},"properties":{"d":"2026-10-08","t":"0446","frp":6.4,"b":349.6,"c":1,"s":"N20","n":0}},{"type":"Feature","geometry":{"type":"Point","coordinates":[133.8207,-16.2402]},"properties":{"d":"2026-10-08","t":"0446","frp":35.1,"b":341.5,"c":1,"s":"N20","n":0}},{"type":"Feature","geometry":{"type":"Point","coordinates":[133.8243,-16.2397]},"properties":{"d":"2026-10-08","t":"0446","frp":39.9,"b":348.7,"c":1,"s":"N20","n":0}},{"type":"Feature","geometry":{"type":"Point","coordinates":[134.1842,-16.2389]},"properties":{"d":"2026-10-08","t":"0446","frp":6.2,"b":336.2,"c":0,"s":"N20","n":0}},{"type":"Feature","geometry":{"type":"Point","coordinates":[133.8315,-16.2386]},"properties":{"d":"2026-10-08","t":"0446","frp":8.7,"b":338.1,"c":1,"s":"N20","n":0}},{"type":"Feature","geometry":{"type":"Point","coordinates":[133.8093,-16.2385]},"properties":{"d":"2026-10-08","t":"0446","frp":6.2,"b":346.0,"c":1,"s":"N20","n":0}},{"type":"Feature","geometry":{"type":"Point","coordinates":[133.9012,-16.2381]},"properties":{"d":"2026-10-08","t":"0446","frp":110.0,"b":367.0,"c":0,"s":"N20","n":0}},{"type":"Feature","geometry":{"type":"Point","coordinates":[133.9048,-16.2376]},"properties":{"d":"2026-10-08","t":"0446","frp":208.2,"b":367.0,"c":2,"s":"N20","n":0}},{"type":"Feature","geometry":{"type":"Point","coordinates":[133.8165,-16.2374]},"properties":{"d":"2026-10-08","t":"0446","frp":14.8,"b":351.8,"c":1,"s":"N20","n":0}},{"type":"Feature","geometry":{"type":"Point","coordinates":[134.1986,-16.2367]},"properties":{"d":"2026-10-08","t":"0446","frp":5.3,"b":334.1,"c":0,"s":"N20","n":0}},{"type":"Feature","geometry":{"type":"Point","coordinates":[134.0663,-16.2367]},"properties":{"d":"2026-10-08","t":"0446","frp":2.8,"b":337.2,"c":1,"s":"N20","n":0}},{"type":"Feature","geometry":{"type":"Point","coordinates":[134.0699,-16.2361]},"properties":{"d":"2026-10-08","t":"0446","frp":2.8,"b":336.1,"c":1,"s":"N20","n":0}},{"type":"Feature","geometry":{"type":"Point","coordinates":[133.8272,-16.2358]},"properties":{"d":"2026-10-08","t":"0446","frp":10.8,"b":348.8,"c":1,"s":"N20","n":0}},{"type":"Feature","geometry":{"type":"Point","coordinates":[134.1837,-16.2356]},"properties":{"d":"2026-10-08","t":"0446","frp":2.8,"b":339.8,"c":1,"s":"N20","n":0}},{"type":"Feature","geometry":{"type":"Point","coordinates":[133.8971,-16.2354]},"properties":{"d":"2026-10-08","t":"0446","frp":110.0,"b":348.6,"c":1,"s":"N20","n":0}},{"type":"Feature","geometry":{"type":"Point","coordinates":[133.8088,-16.2352]},"properties":{"d":"2026-10-08","t":"0446","frp":6.2,"b":337.5,"c":1,"s":"N20","n":0}},{"type":"Feature","geometry":{"type":"Point","coordinates":[133.9007,-16.2348]},"properties":{"d":"2026-10-08","t":"0446","frp":110.0,"b":352.1,"c":1,"s":"N20","n":0}},{"type":"Feature","geometry":{"type":"Point","coordinates":[133.8159,-16.2341]},"properties":{"d":"2026-10-08","t":"0446","frp":14.8,"b":342.1,"c":1,"s":"N20","n":0}},{"type":"Feature","geometry":{"type":"Point","coordinates":[134.198,-16.2334]},"properties":{"d":"2026-10-08","t":"0446","frp":3.6,"b":333.0,"c":0,"s":"N20","n":0}},{"type":"Feature","geometry":{"type":"Point","coordinates":[134.0216,-16.2333]},"properties":{"d":"2026-10-08","t":"0446","frp":3.9,"b":332.8,"c":0,"s":"N20","n":0}},{"type":"Feature","geometry":{"type":"Point","coordinates":[133.8231,-16.233]},"properties":{"d":"2026-10-08","t":"0446","frp":10.8,"b":341.6,"c":1,"s":"N20","n":0}},{"type":"Feature","geometry":{"type":"Point","coordinates":[136.7333,-16.233]},"properties":{"d":"2026-10-08","t":"0446","frp":5.9,"b":342.9,"c":0,"s":"N20","n":0}},{"type":"Feature","geometry":{"type":"Point","coordinates":[134.0252,-16.2328]},"properties":{"d":"2026-10-08","t":"0446","frp":3.9,"b":339.6,"c":1,"s":"N20","n":0}},{"type":"Feature","geometry":{"type":"Point","coordinates":[133.893,-16.2326]},"properties":{"d":"2026-10-08","t":"0446","frp":30.6,"b":344.6,"c":1,"s":"N20","n":0}},{"type":"Feature","geometry":{"type":"Point","coordinates":[133.8267,-16.2325]},"properties":{"d":"2026-10-08","t":"0446","frp":10.8,"b":345.7,"c":1,"s":"N20","n":0}},{"type":"Feature","geometry":{"type":"Point","coordinates":[134.1831,-16.2323]},"properties":{"d":"2026-10-08","t":"0446","frp":2.8,"b":334.2,"c":0,"s":"N20","n":0}},{"type":"Feature","geometry":{"type":"Point","coordinates":[133.8965,-16.2321]},"properties":{"d":"2026-10-08","t":"0446","frp":18.6,"b":352.3,"c":1,"s":"N20","n":0}},{"type":"Feature","geometry":{"type":"Point","coordinates":[134.2308,-16.2318]},"properties":{"d":"2026-10-08","t":"0446","frp":4.9,"b":349.5,"c":1,"s":"N20","n":0}},{"type":"Feature","geometry":{"type":"Point","coordinates":[133.9001,-16.2315]},"properties":{"d":"2026-10-08","t":"0446","frp":18.6,"b":346.5,"c":1,"s":"N20","n":0}},{"type":"Feature","geometry":{"type":"Point","coordinates":[133.9037,-16.231]},"properties":{"d":"2026-10-08","t":"0446","frp":12.0,"b":353.6,"c":1,"s":"N20","n":0}},{"type":"Feature","geometry":{"type":"Point","coordinates":[133.9073,-16.2304]},"properties":{"d":"2026-10-08","t":"0446","frp":12.0,"b":354.0,"c":1,"s":"N20","n":0}},{"type":"Feature","geometry":{"type":"Point","coordinates":[134.179,-16.2295]},"properties":{"d":"2026-10-08","t":"0446","frp":2.3,"b":338.4,"c":1,"s":"N20","n":0}},{"type":"Feature","geometry":{"type":"Point","coordinates":[136.7327,-16.2294]},"properties":{"d":"2026-10-08","t":"0446","frp":5.9,"b":348.7,"c":1,"s":"N20","n":0}},{"type":"Feature","geometry":{"type":"Point","coordinates":[133.8924,-16.2293]},"properties":{"d":"2026-10-08","t":"0446","frp":30.6,"b":343.3,"c":0,"s":"N20","n":0}},{"type":"Feature","geometry":{"type":"Point","coordinates":[133.896,-16.2287]},"properties":{"d":"2026-10-08","t":"0446","frp":18.6,"b":349.6,"c":1,"s":"N20","n":0}},{"type":"Feature","geometry":{"type":"Point","coordinates":[133.9032,-16.2277]},"properties":{"d":"2026-10-08","t":"0446","frp":12.0,"b":341.8,"c":1,"s":"N20","n":0}},{"type":"Feature","geometry":{"type":"Point","coordinates":[133.9067,-16.2271]},"properties":{"d":"2026-10-08","t":"0446","frp":12.0,"b":348.8,"c":1,"s":"N20","n":0}},{"type":"Feature","geometry":{"type":"Point","coordinates":[134.1749,-16.2268]},"properties":{"d":"2026-10-08","t":"0446","frp":2.3,"b":345.7,"c":1,"s":"N20","n":0}},{"type":"Feature","geometry":{"type":"Point","coordinates":[134.219,-16.2268]},"properties":{"d":"2026-10-08","t":"0446","frp":4.2,"b":337.1,"c":0,"s":"N20","n":0}},{"type":"Feature","geometry":{"type":"Point","coordinates":[134.0241,-16.2261]},"properties":{"d":"2026-10-08","t":"0446","frp":4.7,"b":343.9,"c":1,"s":"N20","n":0}},{"type":"Feature","geometry":{"type":"Point","coordinates":[133.8917,-16.226]},"properties":{"d":"2026-10-08","t":"0446","frp":24.9,"b":354.5,"c":1,"s":"N20","n":0}},{"type":"Feature","geometry":{"type":"Point","coordinates":[133.8953,-16.2254]},"properties":{"d":"2026-10-08","t":"0446","frp":5.3,"b":341.2,"c":1,"s":"N20","n":0}},{"type":"Feature","geometry":{"type":"Point","coordinates":[133.8769,-16.2248]},"properties":{"d":"2026-10-08","t":"0446","frp":1.4,"b":330.4,"c":1,"s":"N20","n":0}},{"type":"Feature","geometry":{"type":"Point","coordinates":[133.8143,-16.2242]},"properties":{"d":"2026-10-08","t":"0446","frp":7.7,"b":342.5,"c":1,"s":"N20","n":0}},{"type":"Feature","geometry":{"type":"Point","coordinates":[133.8179,-16.2236]},"properties":{"d":"2026-10-08","t":"0446","frp":7.7,"b":344.0,"c":1,"s":"N20","n":0}},{"type":"Feature","geometry":{"type":"Point","coordinates":[133.9096,-16.2232]},"properties":{"d":"2026-10-08","t":"0446","frp":3.5,"b":334.4,"c":1,"s":"N20","n":0}},{"type":"Feature","geometry":{"type":"Point","coordinates":[133.9132,-16.2227]},"properties":{"d":"2026-10-08","t":"0446","frp":3.5,"b":346.3,"c":1,"s":"N20","n":0}},{"type":"Feature","geometry":{"type":"Point","coordinates":[133.8912,-16.2227]},"properties":{"d":"2026-10-08","t":"0446","frp":24.9,"b":348.6,"c":1,"s":"N20","n":0}},{"type":"Feature","geometry":{"type":"Point","coordinates":[134.0272,-16.2223]},"properties":{"d":"2026-10-08","t":"0446","frp":7.8,"b":349.4,"c":1,"s":"N20","n":0}},{"type":"Feature","geometry":{"type":"Point","coordinates":[133.8948,-16.2221]},"properties":{"d":"2026-10-08","t":"0446","frp":5.3,"b":339.8,"c":1,"s":"N20","n":0}},{"type":"Feature","geometry":{"type":"Point","coordinates":[133.9127,-16.2194]},"properties":{"d":"2026-10-08","t":"0446","frp":3.5,"b":339.0,"c":1,"s":"N20","n":0}},{"type":"Feature","geometry":{"type":"Point","coordinates":[133.8907,-16.2193]},"properties":{"d":"2026-10-08","t":"0446","frp":93.7,"b":351.5,"c":1,"s":"N20","n":0}},{"type":"Feature","geometry":{"type":"Point","coordinates":[133.806,-16.2187]},"properties":{"d":"2026-10-08","t":"0446","frp":4.8,"b":340.8,"c":1,"s":"N20","n":0}},{"type":"Feature","geometry":{"type":"Point","coordinates":[134.0302,-16.2184]},"properties":{"d":"2026-10-08","t":"0446","frp":16.0,"b":347.4,"c":1,"s":"N20","n":0}},{"type":"Feature","geometry":{"type":"Point","coordinates":[133.8758,-16.2182]},"properties":{"d":"2026-10-08","t":"0446","frp":4.3,"b":333.0,"c":1,"s":"N20","n":0}},{"type":"Feature","geometry":{"type":"Point","coordinates":[133.8901,-16.216]},"properties":{"d":"2026-10-08","t":"0446","frp":93.7,"b":351.9,"c":1,"s":"N20","n":0}},{"type":"Feature","geometry":{"type":"Point","coordinates":[133.8937,-16.2155]},"properties":{"d":"2026-10-08","t":"0446","frp":21.8,"b":349.5,"c":1,"s":"N20","n":0}},{"type":"Feature","geometry":{"type":"Point","coordinates":[134.184,-16.2152]},"properties":{"d":"2026-10-08","t":"0446","frp":4.2,"b":341.1,"c":1,"s":"N20","n":0}},{"type":"Feature","geometry":{"type":"Point","coordinates":[133.8752,-16.2149]},"properties":{"d":"2026-10-08","t":"0446","frp":60.4,"b":339.4,"c":1,"s":"N20","n":0}},{"type":"Feature","geometry":{"type":"Point","coordinates":[133.8788,-16.2144]},"properties":{"d":"2026-10-08","t":"0446","frp":74.3,"b":367.0,"c":2,"s":"N20","n":0}},{"type":"Feature","geometry":{"type":"Point","coordinates":[133.8824,-16.2138]},"properties":{"d":"2026-10-08","t":"0446","frp":74.3,"b":367.0,"c":2,"s":"N20","n":0}},{"type":"Feature","geometry":{"type":"Point","coordinates":[133.886,-16.2133]},"properties":{"d":"2026-10-08","t":"0446","frp":8.3,"b":339.9,"c":1,"s":"N20","n":0}},{"type":"Feature","geometry":{"type":"Point","coordinates":[133.8818,-16.2105]},"properties":{"d":"2026-10-08","t":"0446","frp":74.3,"b":342.9,"c":1,"s":"N20","n":0}},{"type":"Feature","geometry":{"type":"Point","coordinates":[133.8741,-16.2083]},"properties":{"d":"2026-10-08","t":"0446","frp":109.6,"b":367.0,"c":2,"s":"N20","n":0}},{"type":"Feature","geometry":{"type":"Point","coordinates":[133.9034,-16.2072]},"properties":{"d":"2026-10-08","t":"0446","frp":6.2,"b":330.4,"c":1,"s":"N20","n":0}},{"type":"Feature","geometry":{"type":"Point","coordinates":[133.8772,-16.2044]},"properties":{"d":"2026-10-08","t":"0446","frp":70.3,"b":355.9,"c":1,"s":"N20","n":0}},{"type":"Feature","geometry":{"type":"Point","coordinates":[136.8512,-16.2022]},"properties":{"d":"2026-10-08","t":"0446","frp":2.0,"b":340.6,"c":1,"s":"N20","n":0}},{"type":"Feature","geometry":{"type":"Point","coordinates":[133.8987,-16.2011]},"properties":{"d":"2026-10-08","t":"0446","frp":5.5,"b":334.0,"c":1,"s":"N20","n":0}},{"type":"Feature","geometry":{"type":"Point","coordinates":[133.8767,-16.2011]},"properties":{"d":"2026-10-08","t":"0446","frp":5.7,"b":334.8,"c":1,"s":"N20","n":0}},{"type":"Feature","geometry":{"type":"Point","coordinates":[136.8506,-16.1986]},"properties":{"d":"2026-10-08","t":"0446","frp":8.1,"b":351.4,"c":1,"s":"N20","n":0}},{"type":"Feature","geometry":{"type":"Point","coordinates":[133.9017,-16.1973]},"properties":{"d":"2026-10-08","t":"0446","frp":6.1,"b":330.9,"c":1,"s":"N20","n":0}},{"type":"Feature","geometry":{"type":"Point","coordinates":[136.7989,-16.1713]},"properties":{"d":"2026-10-08","t":"0446","frp":4.3,"b":337.7,"c":0,"s":"N20","n":0}},{"type":"Feature","geometry":{"type":"Point","coordinates":[136.4632,-16.1692]},"properties":{"d":"2026-10-08","t":"0446","frp":21.0,"b":333.3,"c":0,"s":"N20","n":0}},{"type":"Feature","geometry":{"type":"Point","coordinates":[136.7942,-16.1684]},"properties":{"d":"2026-10-08","t":"0446","frp":4.3,"b":341.8,"c":0,"s":"N20","n":0}},{"type":"Feature","geometry":{"type":"Point","coordinates":[136.7175,-16.1666]},"properties":{"d":"2026-10-08","t":"0446","frp":12.3,"b":348.2,"c":1,"s":"N20","n":0}},{"type":"Feature","geometry":{"type":"Point","coordinates":[136.764,-16.1662]},"properties":{"d":"2026-10-08","t":"0446","frp":19.6,"b":347.5,"c":1,"s":"N20","n":0}},{"type":"Feature","geometry":{"type":"Point","coordinates":[136.7005,-16.1658]},"properties":{"d":"2026-10-08","t":"0446","frp":6.7,"b":348.8,"c":1,"s":"N20","n":0}},{"type":"Feature","geometry":{"type":"Point","coordinates":[136.7681,-16.1655]},"properties":{"d":"2026-10-08","t":"0446","frp":7.4,"b":344.6,"c":0,"s":"N20","n":0}},{"type":"Feature","geometry":{"type":"Point","coordinates":[136.7046,-16.1651]},"properties":{"d":"2026-10-08","t":"0446","frp":6.7,"b":348.4,"c":1,"s":"N20","n":0}},{"type":"Feature","geometry":{"type":"Point","coordinates":[136.7936,-16.1649]},"properties":{"d":"2026-10-08","t":"0446","frp":4.1,"b":343.1,"c":0,"s":"N20","n":0}},{"type":"Feature","geometry":{"type":"Point","coordinates":[136.7675,-16.1619]},"properties":{"d":"2026-10-08","t":"0446","frp":7.5,"b":345.6,"c":1,"s":"N20","n":0}},{"type":"Feature","geometry":{"type":"Point","coordinates":[133.8553,-16.1602]},"properties":{"d":"2026-10-08","t":"0446","frp":18.7,"b":347.9,"c":1,"s":"N20","n":0}},{"type":"Feature","geometry":{"type":"Point","coordinates":[136.771,-16.1577]},"properties":{"d":"2026-10-08","t":"0446","frp":7.5,"b":347.7,"c":1,"s":"N20","n":0}},{"type":"Feature","geometry":{"type":"Point","coordinates":[136.7964,-16.1571]},"properties":{"d":"2026-10-08","t":"0446","frp":3.7,"b":339.4,"c":0,"s":"N20","n":0}},{"type":"Feature","geometry":{"type":"Point","coordinates":[133.8547,-16.1569]},"properties":{"d":"2026-10-08","t":"0446","frp":50.0,"b":346.2,"c":1,"s":"N20","n":0}},{"type":"Feature","geometry":{"type":"Point","coordinates":[136.7704,-16.1542]},"properties":{"d":"2026-10-08","t":"0446","frp":11.6,"b":345.3,"c":1,"s":"N20","n":0}},{"type":"Feature","geometry":{"type":"Point","coordinates":[136.7958,-16.1536]},"properties":{"d":"2026-10-08","t":"0446","frp":3.7,"b":341.6,"c":0,"s":"N20","n":0}},{"type":"Feature","geometry":{"type":"Point","coordinates":[136.7745,-16.1535]},"properties":{"d":"2026-10-08","t":"0446","frp":6.8,"b":344.3,"c":0,"s":"N20","n":0}},{"type":"Feature","geometry":{"type":"Point","coordinates":[134.276,-16.1501]},"properties":{"d":"2026-10-08","t":"0446","frp":3.9,"b":339.8,"c":1,"s":"N20","n":0}},{"type":"Feature","geometry":{"type":"Point","coordinates":[136.7739,-16.15]},"properties":{"d":"2026-10-08","t":"0446","frp":6.8,"b":350.4,"c":1,"s":"N20","n":0}},{"type":"Feature","geometry":{"type":"Point","coordinates":[134.2796,-16.1495]},"properties":{"d":"2026-10-08","t":"0446","frp":6.8,"b":354.9,"c":1,"s":"N20","n":0}},{"type":"Feature","geometry":{"type":"Point","coordinates":[134.2719,-16.1473]},"properties":{"d":"2026-10-08","t":"0446","frp":3.5,"b":347.0,"c":1,"s":"N20","n":0}},{"type":"Feature","geometry":{"type":"Point","coordinates":[134.2755,-16.1468]},"properties":{"d":"2026-10-08","t":"0446","frp":3.5,"b":336.7,"c":1,"s":"N20","n":0}},{"type":"Feature","geometry":{"type":"Point","coordinates":[136.7733,-16.1464]},"properties":{"d":"2026-10-08","t":"0446","frp":9.2,"b":343.4,"c":1,"s":"N20","n":0}},{"type":"Feature","geometry":{"type":"Point","coordinates":[134.2678,-16.1445]},"properties":{"d":"2026-10-08","t":"0446","frp":4.9,"b":338.2,"c":1,"s":"N20","n":0}},{"type":"Feature","geometry":{"type":"Point","coordinates":[136.7768,-16.1422]},"properties":{"d":"2026-10-08","t":"0446","frp":9.2,"b":342.7,"c":0,"s":"N20","n":0}},{"type":"Feature","geometry":{"type":"Point","coordinates":[134.0575,-16.1395]},"properties":{"d":"2026-10-08","t":"0446","frp":5.6,"b":342.0,"c":1,"s":"N20","n":0}},{"type":"Feature","geometry":{"type":"Point","coordinates":[136.7762,-16.1387]},"properties":{"d":"2026-10-08","t":"0446","frp":6.0,"b":350.2,"c":1,"s":"N20","n":0}},{"type":"Feature","geometry":{"type":"Point","coordinates":[136.4658,-16.1355]},"properties":{"d":"2026-10-08","t":"0446","frp":12.6,"b":345.4,"c":1,"s":"N20","n":0}},{"type":"Feature","geometry":{"type":"Point","coordinates":[136.7755,-16.1351]},"properties":{"d":"2026-10-08","t":"0446","frp":6.0,"b":341.6,"c":0,"s":"N20","n":0}},{"type":"Feature","geometry":{"type":"Point","coordinates":[134.0636,-16.1318]},"properties":{"d":"2026-10-08","t":"0446","frp":4.2,"b":335.7,"c":0,"s":"N20","n":0}},{"type":"Feature","geometry":{"type":"Point","coordinates":[136.8859,-16.1313]},"properties":{"d":"2026-10-08","t":"0446","frp":7.5,"b":342.9,"c":0,"s":"N20","n":0}},{"type":"Feature","geometry":{"type":"Point","coordinates":[134.3832,-16.1301]},"properties":{"d":"2026-10-08","t":"0446","frp":13.7,"b":337.5,"c":0,"s":"N20","n":0}},{"type":"Feature","geometry":{"type":"Point","coordinates":[134.0631,-16.1285]},"properties":{"d":"2026-10-08","t":"0446","frp":4.2,"b":349.8,"c":1,"s":"N20","n":0}},{"type":"Feature","geometry":{"type":"Point","coordinates":[136.8853,-16.1277]},"properties":{"d":"2026-10-08","t":"0446","frp":8.0,"b":350.0,"c":1,"s":"N20","n":0}},{"type":"Feature","geometry":{"type":"Point","coordinates":[134.3827,-16.1268]},"properties":{"d":"2026-10-08","t":"0446","frp":13.7,"b":346.7,"c":1,"s":"N20","n":0}},{"type":"Feature","geometry":{"type":"Point","coordinates":[134.0661,-16.1246]},"properties":{"d":"2026-10-08","t":"0446","frp":7.3,"b":343.1,"c":1,"s":"N20","n":0}},{"type":"Feature","geometry":{"type":"Point","coordinates":[134.415,-16.1218]},"properties":{"d":"2026-10-08","t":"0446","frp":3.2,"b":331.7,"c":1,"s":"N20","n":0}},{"type":"Feature","geometry":{"type":"Point","coordinates":[134.0691,-16.1208]},"properties":{"d":"2026-10-08","t":"0446","frp":3.6,"b":338.9,"c":1,"s":"N20","n":0}},{"type":"Feature","geometry":{"type":"Point","coordinates":[134.1239,-16.1192]},"properties":{"d":"2026-10-08","t":"0446","frp":3.1,"b":335.9,"c":0,"s":"N20","n":0}},{"type":"Feature","geometry":{"type":"Point","coordinates":[134.4145,-16.1185]},"properties":{"d":"2026-10-08","t":"0446","frp":2.7,"b":336.0,"c":1,"s":"N20","n":0}},{"type":"Feature","geometry":{"type":"Point","coordinates":[134.0722,-16.1169]},"properties":{"d":"2026-10-08","t":"0446","frp":2.7,"b":340.2,"c":1,"s":"N20","n":0}},{"type":"Feature","geometry":{"type":"Point","coordinates":[134.4139,-16.1152]},"properties":{"d":"2026-10-08","t":"0446","frp":2.7,"b":340.4,"c":1,"s":"N20","n":0}},{"type":"Feature","geometry":{"type":"Point","coordinates":[134.0716,-16.1136]},"properties":{"d":"2026-10-08","t":"0446","frp":2.7,"b":336.0,"c":0,"s":"N20","n":0}},{"type":"Feature","geometry":{"type":"Point","coordinates":[134.0747,-16.1097]},"properties":{"d":"2026-10-08","t":"0446","frp":4.6,"b":349.6,"c":1,"s":"N20","n":0}},{"type":"Feature","geometry":{"type":"Point","coordinates":[134.4128,-16.1085]},"properties":{"d":"2026-10-08","t":"0446","frp":5.1,"b":338.8,"c":1,"s":"N20","n":0}},{"type":"Feature","geometry":{"type":"Point","coordinates":[134.0777,-16.1059]},"properties":{"d":"2026-10-08","t":"0446","frp":4.6,"b":349.1,"c":1,"s":"N20","n":0}},{"type":"Feature","geometry":{"type":"Point","coordinates":[136.8642,-16.1056]},"properties":{"d":"2026-10-08","t":"0446","frp":11.2,"b":348.2,"c":1,"s":"N20","n":0}},{"type":"Feature","geometry":{"type":"Point","coordinates":[134.0807,-16.102]},"properties":{"d":"2026-10-08","t":"0446","frp":4.8,"b":340.4,"c":1,"s":"N20","n":0}},{"type":"Feature","geometry":{"type":"Point","coordinates":[134.0802,-16.0987]},"properties":{"d":"2026-10-08","t":"0446","frp":4.8,"b":340.5,"c":1,"s":"N20","n":0}},{"type":"Feature","geometry":{"type":"Point","coordinates":[134.3777,-16.0969]},"properties":{"d":"2026-10-08","t":"0446","frp":42.5,"b":344.6,"c":1,"s":"N20","n":0}},{"type":"Feature","geometry":{"type":"Point","coordinates":[134.0868,-16.0943]},"properties":{"d":"2026-10-08","t":"0446","frp":6.4,"b":346.6,"c":1,"s":"N20","n":0}},{"type":"Feature","geometry":{"type":"Point","coordinates":[134.0989,-16.0858]},"properties":{"d":"2026-10-08","t":"0446","frp":2.5,"b":339.6,"c":1,"s":"N20","n":0}},{"type":"Feature","geometry":{"type":"Point","coordinates":[134.1025,-16.0852]},"properties":{"d":"2026-10-08","t":"0446","frp":2.5,"b":342.3,"c":1,"s":"N20","n":0}},{"type":"Feature","geometry":{"type":"Point","coordinates":[134.1056,-16.0814]},"properties":{"d":"2026-10-08","t":"0446","frp":2.8,"b":342.4,"c":1,"s":"N20","n":0}},{"type":"Feature","geometry":{"type":"Point","coordinates":[134.1091,-16.0808]},"properties":{"d":"2026-10-08","t":"0446","frp":2.8,"b":339.4,"c":1,"s":"N20","n":0}},{"type":"Feature","geometry":{"type":"Point","coordinates":[134.1307,-16.0775]},"properties":{"d":"2026-10-08","t":"0446","frp":5.6,"b":338.3,"c":0,"s":"N20","n":0}},{"type":"Feature","geometry":{"type":"Point","coordinates":[134.1193,-16.0759]},"properties":{"d":"2026-10-08","t":"0446","frp":2.5,"b":334.6,"c":0,"s":"N20","n":0}},{"type":"Feature","geometry":{"type":"Point","coordinates":[134.1229,-16.0753]},"properties":{"d":"2026-10-08","t":"0446","frp":2.5,"b":340.2,"c":1,"s":"N20","n":0}},{"type":"Feature","geometry":{"type":"Point","coordinates":[134.1265,-16.0748]},"properties":{"d":"2026-10-08","t":"0446","frp":5.0,"b":352.5,"c":1,"s":"N20","n":0}},{"type":"Feature","geometry":{"type":"Point","coordinates":[134.1301,-16.0742]},"properties":{"d":"2026-10-08","t":"0446","frp":5.0,"b":341.7,"c":1,"s":"N20","n":0}},{"type":"Feature","geometry":{"type":"Point","coordinates":[136.8062,-16.0651]},"properties":{"d":"2026-10-08","t":"0446","frp":15.4,"b":367.0,"c":2,"s":"N20","n":0}},{"type":"Feature","geometry":{"type":"Point","coordinates":[134.1243,-16.0615]},"properties":{"d":"2026-10-08","t":"0446","frp":2.8,"b":335.0,"c":0,"s":"N20","n":0}},{"type":"Feature","geometry":{"type":"Point","coordinates":[134.438,-16.0604]},"properties":{"d":"2026-10-08","t":"0446","frp":2.9,"b":335.9,"c":1,"s":"N20","n":0}},{"type":"Feature","geometry":{"type":"Point","coordinates":[134.1274,-16.0576]},"properties":{"d":"2026-10-08","t":"0446","frp":2.8,"b":336.1,"c":1,"s":"N20","n":0}},{"type":"Feature","geometry":{"type":"Point","coordinates":[134.4375,-16.0571]},"properties":{"d":"2026-10-08","t":"0446","frp":2.9,"b":341.6,"c":1,"s":"N20","n":0}},{"type":"Feature","geometry":{"type":"Point","coordinates":[133.9322,-16.0536]},"properties":{"d":"2026-10-08","t":"0446","frp":2.5,"b":335.2,"c":1,"s":"N20","n":0}},{"type":"Feature","geometry":{"type":"Point","coordinates":[134.4394,-16.0465]},"properties":{"d":"2026-10-08","t":"0446","frp":3.3,"b":342.2,"c":1,"s":"N20","n":0}},{"type":"Feature","geometry":{"type":"Point","coordinates":[134.4389,-16.0432]},"properties":{"d":"2026-10-08","t":"0446","frp":3.3,"b":345.6,"c":1,"s":"N20","n":0}},{"type":"Feature","geometry":{"type":"Point","coordinates":[134.4383,-16.0399]},"properties":{"d":"2026-10-08","t":"0446","frp":3.6,"b":352.5,"c":1,"s":"N20","n":0}},{"type":"Feature","geometry":{"type":"Point","coordinates":[134.1354,-16.0394]},"properties":{"d":"2026-10-08","t":"0446","frp":5.0,"b":342.7,"c":1,"s":"N20","n":0}},{"type":"Feature","geometry":{"type":"Point","coordinates":[134.4378,-16.0366]},"properties":{"d":"2026-10-08","t":"0446","frp":3.6,"b":340.7,"c":1,"s":"N20","n":0}},{"type":"Feature","geometry":{"type":"Point","coordinates":[134.4362,-16.0338]},"properties":{"d":"2026-10-08","t":"0446","frp":3.5,"b":339.5,"c":1,"s":"N20","n":0}},{"type":"Feature","geometry":{"type":"Point","coordinates":[134.4357,-16.0305]},"properties":{"d":"2026-10-08","t":"0446","frp":3.5,"b":339.7,"c":1,"s":"N20","n":0}},{"type":"Feature","geometry":{"type":"Point","coordinates":[134.4351,-16.0272]},"properties":{"d":"2026-10-08","t":"0446","frp":3.8,"b":340.7,"c":1,"s":"N20","n":0}},{"type":"Feature","geometry":{"type":"Point","coordinates":[134.4345,-16.0238]},"properties":{"d":"2026-10-08","t":"0446","frp":3.8,"b":346.2,"c":1,"s":"N20","n":0}},{"type":"Feature","geometry":{"type":"Point","coordinates":[134.434,-16.0205]},"properties":{"d":"2026-10-08","t":"0446","frp":5.7,"b":340.4,"c":1,"s":"N20","n":0}},{"type":"Feature","geometry":{"type":"Point","coordinates":[134.4298,-16.0178]},"properties":{"d":"2026-10-08","t":"0446","frp":5.4,"b":341.7,"c":1,"s":"N20","n":0}},{"type":"Feature","geometry":{"type":"Point","coordinates":[134.4293,-16.0145]},"properties":{"d":"2026-10-08","t":"0446","frp":4.0,"b":339.5,"c":1,"s":"N20","n":0}},{"type":"Feature","geometry":{"type":"Point","coordinates":[134.4288,-16.0111]},"properties":{"d":"2026-10-08","t":"0446","frp":4.0,"b":337.2,"c":1,"s":"N20","n":0}},{"type":"Feature","geometry":{"type":"Point","coordinates":[134.4246,-16.0084]},"properties":{"d":"2026-10-08","t":"0446","frp":4.6,"b":340.9,"c":1,"s":"N20","n":0}},{"type":"Feature","geometry":{"type":"Point","coordinates":[134.4241,-16.0051]},"properties":{"d":"2026-10-08","t":"0446","frp":4.6,"b":341.0,"c":1,"s":"N20","n":0}},{"type":"Feature","geometry":{"type":"Point","coordinates":[134.2068,-16.0047]},"properties":{"d":"2026-10-08","t":"0446","frp":4.4,"b":343.6,"c":1,"s":"N20","n":0}},{"type":"Feature","geometry":{"type":"Point","coordinates":[134.2104,-16.0041]},"properties":{"d":"2026-10-08","t":"0446","frp":3.8,"b":342.0,"c":1,"s":"N20","n":0}},{"type":"Feature","geometry":{"type":"Point","coordinates":[134.214,-16.0036]},"properties":{"d":"2026-10-08","t":"0446","frp":3.8,"b":342.1,"c":1,"s":"N20","n":0}},{"type":"Feature","geometry":{"type":"Point","coordinates":[134.2176,-16.003]},"properties":{"d":"2026-10-08","t":"0446","frp":6.8,"b":343.9,"c":1,"s":"N20","n":0}},{"type":"Feature","geometry":{"type":"Point","coordinates":[134.2027,-16.0019]},"properties":{"d":"2026-10-08","t":"0446","frp":4.4,"b":340.9,"c":1,"s":"N20","n":0}},{"type":"Feature","geometry":{"type":"Point","coordinates":[134.4235,-16.0017]},"properties":{"d":"2026-10-08","t":"0446","frp":4.1,"b":335.5,"c":0,"s":"N20","n":0}},{"type":"Feature","geometry":{"type":"Point","coordinates":[134.4194,-15.999]},"properties":{"d":"2026-10-08","t":"0446","frp":5.1,"b":339.5,"c":0,"s":"N20","n":0}},{"type":"Feature","geometry":{"type":"Point","coordinates":[134.4188,-15.9957]},"properties":{"d":"2026-10-08","t":"0446","frp":3.9,"b":346.7,"c":1,"s":"N20","n":0}},{"type":"Feature","geometry":{"type":"Point","coordinates":[134.4147,-15.9929]},"properties":{"d":"2026-10-08","t":"0446","frp":3.9,"b":339.9,"c":1,"s":"N20","n":0}},{"type":"Feature","geometry":{"type":"Point","coordinates":[134.4105,-15.9901]},"properties":{"d":"2026-10-08","t":"0446","frp":4.2,"b":345.5,"c":1,"s":"N20","n":0}},{"type":"Feature","geometry":{"type":"Point","coordinates":[134.4064,-15.9874]},"properties":{"d":"2026-10-08","t":"0446","frp":4.2,"b":350.1,"c":1,"s":"N20","n":0}},{"type":"Feature","geometry":{"type":"Point","coordinates":[134.4022,-15.9846]},"properties":{"d":"2026-10-08","t":"0446","frp":10.1,"b":350.1,"c":1,"s":"N20","n":0}},{"type":"Feature","geometry":{"type":"Point","coordinates":[134.4058,-15.9841]},"properties":{"d":"2026-10-08","t":"0446","frp":2.5,"b":334.6,"c":0,"s":"N20","n":0}},{"type":"Feature","geometry":{"type":"Point","coordinates":[134.3945,-15.9824]},"properties":{"d":"2026-10-08","t":"0446","frp":4.6,"b":342.0,"c":1,"s":"N20","n":0}},{"type":"Feature","geometry":{"type":"Point","coordinates":[134.3981,-15.9819]},"properties":{"d":"2026-10-08","t":"0446","frp":10.1,"b":354.8,"c":1,"s":"N20","n":0}},{"type":"Feature","geometry":{"type":"Point","coordinates":[133.9677,-15.9803]},"properties":{"d":"2026-10-08","t":"0446","frp":6.2,"b":350.0,"c":1,"s":"N20","n":0}},{"type":"Feature","geometry":{"type":"Point","coordinates":[134.3867,-15.9802]},"properties":{"d":"2026-10-08","t":"0446","frp":7.8,"b":349.1,"c":1,"s":"N20","n":0}},{"type":"Feature","geometry":{"type":"Point","coordinates":[133.9713,-15.9797]},"properties":{"d":"2026-10-08","t":"0446","frp":3.2,"b":336.8,"c":0,"s":"N20","n":0}},{"type":"Feature","geometry":{"type":"Point","coordinates":[134.3903,-15.9797]},"properties":{"d":"2026-10-08","t":"0446","frp":4.7,"b":355.4,"c":1,"s":"N20","n":0}},{"type":"Feature","geometry":{"type":"Point","coordinates":[134.3939,-15.9791]},"properties":{"d":"2026-10-08","t":"0446","frp":4.7,"b":338.9,"c":1,"s":"N20","n":0}},{"type":"Feature","geometry":{"type":"Point","coordinates":[133.9636,-15.9775]},"properties":{"d":"2026-10-08","t":"0446","frp":3.5,"b":344.8,"c":1,"s":"N20","n":0}},{"type":"Feature","geometry":{"type":"Point","coordinates":[133.9672,-15.9769]},"properties":{"d":"2026-10-08","t":"0446","frp":3.5,"b":345.8,"c":1,"s":"N20","n":0}},{"type":"Feature","geometry":{"type":"Point","coordinates":[133.9452,-15.9769]},"properties":{"d":"2026-10-08","t":"0446","frp":5.2,"b":336.2,"c":0,"s":"N20","n":0}},{"type":"Feature","geometry":{"type":"Point","coordinates":[133.9488,-15.9764]},"properties":{"d":"2026-10-08","t":"0446","frp":4.5,"b":339.4,"c":0,"s":"N20","n":0}},{"type":"Feature","geometry":{"type":"Point","coordinates":[133.9667,-15.9736]},"properties":{"d":"2026-10-08","t":"0446","frp":3.5,"b":338.6,"c":1,"s":"N20","n":0}},{"type":"Feature","geometry":{"type":"Point","coordinates":[133.9625,-15.9709]},"properties":{"d":"2026-10-08","t":"0446","frp":3.4,"b":332.5,"c":0,"s":"N20","n":0}},{"type":"Feature","geometry":{"type":"Point","coordinates":[133.9538,-15.962]},"properties":{"d":"2026-10-08","t":"0446","frp":6.1,"b":335.6,"c":0,"s":"N20","n":0}},{"type":"Feature","geometry":{"type":"Point","coordinates":[134.4955,-15.9463]},"properties":{"d":"2026-10-08","t":"0446","frp":5.8,"b":341.6,"c":1,"s":"N20","n":0}},{"type":"Feature","geometry":{"type":"Point","coordinates":[133.9748,-15.9113]},"properties":{"d":"2026-10-08","t":"0446","frp":5.3,"b":342.2,"c":1,"s":"N20","n":0}},{"type":"Feature","geometry":{"type":"Point","coordinates":[133.9743,-15.908]},"properties":{"d":"2026-10-08","t":"0446","frp":6.3,"b":343.9,"c":1,"s":"N20","n":0}},{"type":"Feature","geometry":{"type":"Point","coordinates":[133.9737,-15.9047]},"properties":{"d":"2026-10-08","t":"0446","frp":6.3,"b":345.4,"c":1,"s":"N20","n":0}},{"type":"Feature","geometry":{"type":"Point","coordinates":[133.966,-15.9024]},"properties":{"d":"2026-10-08","t":"0446","frp":5.5,"b":340.0,"c":0,"s":"N20","n":0}},{"type":"Feature","geometry":{"type":"Point","coordinates":[133.9732,-15.9013]},"properties":{"d":"2026-10-08","t":"0446","frp":8.6,"b":343.4,"c":1,"s":"N20","n":0}},{"type":"Feature","geometry":{"type":"Point","coordinates":[133.9726,-15.898]},"properties":{"d":"2026-10-08","t":"0446","frp":8.6,"b":340.5,"c":0,"s":"N20","n":0}},{"type":"Feature","geometry":{"type":"Point","coordinates":[133.9716,-15.8914]},"properties":{"d":"2026-10-08","t":"0446","frp":34.5,"b":343.5,"c":0,"s":"N20","n":0}},{"type":"Feature","geometry":{"type":"Point","coordinates":[133.9706,-15.8883]},"properties":{"d":"2026-10-08","t":"0446","frp":9.7,"b":345.0,"c":1,"s":"N20","n":0}},{"type":"Feature","geometry":{"type":"Point","coordinates":[133.97,-15.885]},"properties":{"d":"2026-10-08","t":"0446","frp":9.7,"b":352.6,"c":1,"s":"N20","n":0}},{"type":"Feature","geometry":{"type":"Point","coordinates":[133.972,-15.8745]},"properties":{"d":"2026-10-08","t":"0446","frp":10.6,"b":351.0,"c":1,"s":"N20","n":0}},{"type":"Feature","geometry":{"type":"Point","coordinates":[134.4918,-15.7943]},"properties":{"d":"2026-10-08","t":"0446","frp":7.8,"b":349.7,"c":1,"s":"N20","n":0}},{"type":"Feature","geometry":{"type":"Point","coordinates":[134.4877,-15.7916]},"properties":{"d":"2026-10-08","t":"0446","frp":12.5,"b":344.8,"c":1,"s":"N20","n":0}},{"type":"Feature","geometry":{"type":"Point","coordinates":[144.2141,-15.7552]},"properties":{"d":"2026-10-08","t":"0446","frp":3.0,"b":335.0,"c":1,"s":"N20","n":0}},{"type":"Feature","geometry":{"type":"Point","coordinates":[134.4182,-15.7513]},"properties":{"d":"2026-10-08","t":"0446","frp":8.6,"b":337.0,"c":0,"s":"N20","n":0}},{"type":"Feature","geometry":{"type":"Point","coordinates":[143.7395,-15.715]},"properties":{"d":"2026-10-08","t":"0446","frp":11.5,"b":356.2,"c":1,"s":"N20","n":0}},{"type":"Feature","geometry":{"type":"Point","coordinates":[143.7384,-15.7096]},"properties":{"d":"2026-10-08","t":"0446","frp":11.5,"b":333.5,"c":1,"s":"N20","n":0}},{"type":"Feature","geometry":{"type":"Point","coordinates":[134.6209,-15.7026]},"properties":{"d":"2026-10-08","t":"0446","frp":6.0,"b":336.5,"c":1,"s":"N20","n":0}},{"type":"Feature","geometry":{"type":"Point","coordinates":[134.6204,-15.6992]},"properties":{"d":"2026-10-08","t":"0446","frp":16.7,"b":344.0,"c":1,"s":"N20","n":0}},{"type":"Feature","geometry":{"type":"Point","coordinates":[134.6162,-15.6965]},"properties":{"d":"2026-10-08","t":"0446","frp":16.7,"b":335.2,"c":0,"s":"N20","n":0}},{"type":"Feature","geometry":{"type":"Point","coordinates":[134.6198,-15.6959]},"properties":{"d":"2026-10-08","t":"0446","frp":16.7,"b":341.1,"c":1,"s":"N20","n":0}},{"type":"Feature","geometry":{"type":"Point","coordinates":[132.1368,-15.6701]},"properties":{"d":"2026-10-08","t":"0446","frp":17.3,"b":352.8,"c":1,"s":"N20","n":0}},{"type":"Feature","geometry":{"type":"Point","coordinates":[144.4341,-15.6507]},"properties":{"d":"2026-10-08","t":"0446","frp":4.9,"b":331.1,"c":1,"s":"N20","n":0}},{"type":"Feature","geometry":{"type":"Point","coordinates":[144.4423,-15.6489]},"properties":{"d":"2026-10-08","t":"0446","frp":6.2,"b":346.7,"c":1,"s":"N20","n":0}},{"type":"Feature","geometry":{"type":"Point","coordinates":[144.4465,-15.648]},"properties":{"d":"2026-10-08","t":"0446","frp":7.2,"b":353.6,"c":1,"s":"N20","n":0}},{"type":"Feature","geometry":{"type":"Point","coordinates":[144.4507,-15.6472]},"properties":{"d":"2026-10-08","t":"0446","frp":7.2,"b":367.0,"c":2,"s":"N20","n":0}},{"type":"Feature","geometry":{"type":"Point","coordinates":[144.4426,-15.6471]},"properties":{"d":"2026-10-08","t":"0446","frp":13.1,"b":355.6,"c":1,"s":"N20","n":0}},{"type":"Feature","geometry":{"type":"Point","coordinates":[144.4469,-15.6462]},"properties":{"d":"2026-10-08","t":"0446","frp":12.9,"b":355.3,"c":1,"s":"N20","n":0}},{"type":"Feature","geometry":{"type":"Point","coordinates":[144.4511,-15.6454]},"properties":{"d":"2026-10-08","t":"0446","frp":12.9,"b":351.4,"c":1,"s":"N20","n":0}},{"type":"Feature","geometry":{"type":"Point","coordinates":[144.6421,-15.6429]},"properties":{"d":"2026-10-08","t":"0446","frp":4.1,"b":340.6,"c":1,"s":"N20","n":0}},{"type":"Feature","geometry":{"type":"Point","coordinates":[144.4454,-15.6424]},"properties":{"d":"2026-10-08","t":"0446","frp":6.2,"b":349.9,"c":1,"s":"N20","n":0}},{"type":"Feature","geometry":{"type":"Point","coordinates":[144.4495,-15.6415]},"properties":{"d":"2026-10-08","t":"0446","frp":6.2,"b":336.2,"c":1,"s":"N20","n":0}},{"type":"Feature","geometry":{"type":"Point","coordinates":[144.4537,-15.6406]},"properties":{"d":"2026-10-08","t":"0446","frp":5.5,"b":334.9,"c":1,"s":"N20","n":0}},{"type":"Feature","geometry":{"type":"Point","coordinates":[144.4541,-15.6388]},"properties":{"d":"2026-10-08","t":"0446","frp":3.0,"b":330.6,"c":1,"s":"N20","n":0}},{"type":"Feature","geometry":{"type":"Point","coordinates":[144.637,-15.638]},"properties":{"d":"2026-10-08","t":"0446","frp":7.5,"b":349.6,"c":1,"s":"N20","n":0}},{"type":"Feature","geometry":{"type":"Point","coordinates":[144.6411,-15.6371]},"properties":{"d":"2026-10-08","t":"0446","frp":6.9,"b":340.2,"c":1,"s":"N20","n":0}},{"type":"Feature","geometry":{"type":"Point","coordinates":[144.6453,-15.6362]},"properties":{"d":"2026-10-08","t":"0446","frp":6.9,"b":343.8,"c":1,"s":"N20","n":0}},{"type":"Feature","geometry":{"type":"Point","coordinates":[144.4566,-15.6341]},"properties":{"d":"2026-10-08","t":"0446","frp":5.5,"b":342.8,"c":1,"s":"N20","n":0}},{"type":"Feature","geometry":{"type":"Point","coordinates":[144.4529,-15.6332]},"properties":{"d":"2026-10-08","t":"0446","frp":3.0,"b":334.3,"c":1,"s":"N20","n":0}},{"type":"Feature","geometry":{"type":"Point","coordinates":[144.4569,-15.6323]},"properties":{"d":"2026-10-08","t":"0446","frp":3.0,"b":332.6,"c":1,"s":"N20","n":0}},{"type":"Feature","geometry":{"type":"Point","coordinates":[144.6479,-15.6297]},"properties":{"d":"2026-10-08","t":"0446","frp":7.6,"b":352.3,"c":1,"s":"N20","n":0}},{"type":"Feature","geometry":{"type":"Point","coordinates":[144.4554,-15.6284]},"properties":{"d":"2026-10-08","t":"0446","frp":6.7,"b":333.0,"c":1,"s":"N20","n":0}},{"type":"Feature","geometry":{"type":"Point","coordinates":[144.4557,-15.6266]},"properties":{"d":"2026-10-08","t":"0446","frp":8.8,"b":338.6,"c":1,"s":"N20","n":0}},{"type":"Feature","geometry":{"type":"Point","coordinates":[144.4543,-15.6227]},"properties":{"d":"2026-10-08","t":"0446","frp":6.7,"b":367.0,"c":2,"s":"N20","n":0}},{"type":"Feature","geometry":{"type":"Point","coordinates":[144.6544,-15.6223]},"properties":{"d":"2026-10-08","t":"0446","frp":5.5,"b":332.6,"c":1,"s":"N20","n":0}},{"type":"Feature","geometry":{"type":"Point","coordinates":[144.4546,-15.6209]},"properties":{"d":"2026-10-08","t":"0446","frp":8.8,"b":367.0,"c":2,"s":"N20","n":0}},{"type":"Feature","geometry":{"type":"Point","coordinates":[144.6491,-15.6174]},"properties":{"d":"2026-10-08","t":"0446","frp":5.5,"b":330.1,"c":1,"s":"N20","n":0}},{"type":"Feature","geometry":{"type":"Point","coordinates":[144.6575,-15.6156]},"properties":{"d":"2026-10-08","t":"0446","frp":5.5,"b":339.0,"c":1,"s":"N20","n":0}},{"type":"Feature","geometry":{"type":"Point","coordinates":[144.6618,-15.6147]},"properties":{"d":"2026-10-08","t":"0446","frp":5.2,"b":333.2,"c":1,"s":"N20","n":0}},{"type":"Feature","geometry":{"type":"Point","coordinates":[144.6603,-15.609]},"properties":{"d":"2026-10-08","t":"0446","frp":8.3,"b":367.0,"c":2,"s":"N20","n":0}},{"type":"Feature","geometry":{"type":"Point","coordinates":[144.6613,-15.6086]},"properties":{"d":"2026-10-08","t":"0446","frp":17.3,"b":367.0,"c":2,"s":"N20","n":0}},{"type":"Feature","geometry":{"type":"Point","coordinates":[144.6644,-15.6081]},"properties":{"d":"2026-10-08","t":"0446","frp":8.3,"b":343.5,"c":1,"s":"N20","n":0}},{"type":"Feature","geometry":{"type":"Point","coordinates":[128.7026,-15.6017]},"properties":{"d":"2026-10-08","t":"0446","frp":13.1,"b":345.2,"c":1,"s":"N20","n":0}},{"type":"Feature","geometry":{"type":"Point","coordinates":[144.6679,-15.6013]},"properties":{"d":"2026-10-08","t":"0446","frp":5.3,"b":337.3,"c":1,"s":"N20","n":0}},{"type":"Feature","geometry":{"type":"Point","coordinates":[134.6965,-15.599]},"properties":{"d":"2026-10-08","t":"0446","frp":20.4,"b":349.4,"c":1,"s":"N20","n":0}},{"type":"Feature","geometry":{"type":"Point","coordinates":[134.7001,-15.5985]},"properties":{"d":"2026-10-08","t":"0446","frp":20.4,"b":349.2,"c":1,"s":"N20","n":0}},{"type":"Feature","geometry":{"type":"Point","coordinates":[128.7021,-15.5977]},"properties":{"d":"2026-10-08","t":"0446","frp":9.6,"b":351.5,"c":1,"s":"N20","n":0}},{"type":"Feature","geometry":{"type":"Point","coordinates":[128.7057,-15.5972]},"properties":{"d":"2026-10-08","t":"0446","frp":6.6,"b":342.7,"c":1,"s":"N20","n":0}},{"type":"Feature","geometry":{"type":"Point","coordinates":[134.6959,-15.5957]},"properties":{"d":"2026-10-08","t":"0446","frp":20.4,"b":345.1,"c":1,"s":"N20","n":0}},{"type":"Feature","geometry":{"type":"Point","coordinates":[144.6663,-15.5956]},"properties":{"d":"2026-10-08","t":"0446","frp":6.1,"b":340.3,"c":1,"s":"N20","n":0}},{"type":"Feature","geometry":{"type":"Point","coordinates":[134.6995,-15.5951]},"properties":{"d":"2026-10-08","t":"0446","frp":20.4,"b":354.7,"c":1,"s":"N20","n":0}},{"type":"Feature","geometry":{"type":"Point","coordinates":[144.6693,-15.5951]},"properties":{"d":"2026-10-08","t":"0446","frp":6.7,"b":334.4,"c":1,"s":"N20","n":0}},{"type":"Feature","geometry":{"type":"Point","coordinates":[134.6953,-15.5924]},"properties":{"d":"2026-10-08","t":"0446","frp":9.5,"b":367.0,"c":2,"s":"N20","n":0}},{"type":"Feature","geometry":{"type":"Point","coordinates":[134.699,-15.5918]},"properties":{"d":"2026-10-08","t":"0446","frp":9.5,"b":348.0,"c":1,"s":"N20","n":0}},{"type":"Feature","geometry":{"type":"Point","coordinates":[134.6948,-15.589]},"properties":{"d":"2026-10-08","t":"0446","frp":9.5,"b":351.2,"c":1,"s":"N20","n":0}},{"type":"Feature","geometry":{"type":"Point","coordinates":[134.6942,-15.5857]},"properties":{"d":"2026-10-08","t":"0446","frp":6.0,"b":352.3,"c":1,"s":"N20","n":0}},{"type":"Feature","geometry":{"type":"Point","coordinates":[134.6979,-15.5851]},"properties":{"d":"2026-10-08","t":"0446","frp":6.0,"b":339.4,"c":1,"s":"N20","n":0}},{"type":"Feature","geometry":{"type":"Point","coordinates":[144.6599,-15.5848]},"properties":{"d":"2026-10-08","t":"0446","frp":5.6,"b":334.2,"c":1,"s":"N20","n":0}},{"type":"Feature","geometry":{"type":"Point","coordinates":[134.7238,-15.5845]},"properties":{"d":"2026-10-08","t":"0446","frp":15.6,"b":341.1,"c":1,"s":"N20","n":0}},{"type":"Feature","geometry":{"type":"Point","coordinates":[134.7124,-15.5829]},"properties":{"d":"2026-10-08","t":"0446","frp":2.3,"b":341.3,"c":1,"s":"N20","n":0}},{"type":"Feature","geometry":{"type":"Point","coordinates":[134.6937,-15.5824]},"properties":{"d":"2026-10-08","t":"0446","frp":6.0,"b":345.6,"c":1,"s":"N20","n":0}},{"type":"Feature","geometry":{"type":"Point","coordinates":[134.6973,-15.5818]},"properties":{"d":"2026-10-08","t":"0446","frp":6.0,"b":348.8,"c":1,"s":"N20","n":0}},{"type":"Feature","geometry":{"type":"Point","coordinates":[134.7232,-15.5811]},"properties":{"d":"2026-10-08","t":"0446","frp":38.9,"b":348.4,"c":1,"s":"N20","n":0}},{"type":"Feature","geometry":{"type":"Point","coordinates":[144.6581,-15.5794]},"properties":{"d":"2026-10-08","t":"0446","frp":9.3,"b":367.0,"c":2,"s":"N20","n":0}},{"type":"Feature","geometry":{"type":"Point","coordinates":[144.659,-15.579]},"properties":{"d":"2026-10-08","t":"0446","frp":5.6,"b":353.6,"c":1,"s":"N20","n":0}},{"type":"Feature","geometry":{"type":"Point","coordinates":[134.6968,-15.5785]},"properties":{"d":"2026-10-08","t":"0446","frp":9.0,"b":351.9,"c":1,"s":"N20","n":0}},{"type":"Feature","geometry":{"type":"Point","coordinates":[134.7227,-15.5778]},"properties":{"d":"2026-10-08","t":"0446","frp":38.9,"b":352.9,"c":1,"s":"N20","n":0}},{"type":"Feature","geometry":{"type":"Point","coordinates":[134.689,-15.5763]},"properties":{"d":"2026-10-08","t":"0446","frp":4.4,"b":341.0,"c":1,"s":"N20","n":0}},{"type":"Feature","geometry":{"type":"Point","coordinates":[134.6926,-15.5757]},"properties":{"d":"2026-10-08","t":"0446","frp":9.0,"b":348.0,"c":1,"s":"N20","n":0}},{"type":"Feature","geometry":{"type":"Point","coordinates":[134.7185,-15.575]},"properties":{"d":"2026-10-08","t":"0446","frp":8.7,"b":338.4,"c":0,"s":"N20","n":0}},{"type":"Feature","geometry":{"type":"Point","coordinates":[134.6998,-15.5746]},"properties":{"d":"2026-10-08","t":"0446","frp":3.5,"b":339.8,"c":1,"s":"N20","n":0}},{"type":"Feature","geometry":{"type":"Point","coordinates":[134.7221,-15.5745]},"properties":{"d":"2026-10-08","t":"0446","frp":17.0,"b":354.4,"c":1,"s":"N20","n":0}},{"type":"Feature","geometry":{"type":"Point","coordinates":[134.7258,-15.5739]},"properties":{"d":"2026-10-08","t":"0446","frp":17.0,"b":339.4,"c":0,"s":"N20","n":0}},{"type":"Feature","geometry":{"type":"Point","coordinates":[134.6884,-15.5729]},"properties":{"d":"2026-10-08","t":"0446","frp":2.5,"b":337.1,"c":0,"s":"N20","n":0}},{"type":"Feature","geometry":{"type":"Point","coordinates":[134.6957,-15.5718]},"properties":{"d":"2026-10-08","t":"0446","frp":4.5,"b":338.4,"c":1,"s":"N20","n":0}},{"type":"Feature","geometry":{"type":"Point","coordinates":[134.7179,-15.5717]},"properties":{"d":"2026-10-08","t":"0446","frp":8.7,"b":342.0,"c":1,"s":"N20","n":0}},{"type":"Feature","geometry":{"type":"Point","coordinates":[134.7216,-15.5711]},"properties":{"d":"2026-10-08","t":"0446","frp":17.0,"b":353.7,"c":1,"s":"N20","n":0}},{"type":"Feature","geometry":{"type":"Point","coordinates":[134.7252,-15.5706]},"properties":{"d":"2026-10-08","t":"0446","frp":17.0,"b":343.9,"c":1,"s":"N20","n":0}},{"type":"Feature","geometry":{"type":"Point","coordinates":[134.6879,-15.5696]},"properties":{"d":"2026-10-08","t":"0446","frp":2.5,"b":335.9,"c":0,"s":"N20","n":0}},{"type":"Feature","geometry":{"type":"Point","coordinates":[134.6915,-15.569]},"properties":{"d":"2026-10-08","t":"0446","frp":4.5,"b":339.3,"c":1,"s":"N20","n":0}},{"type":"Feature","geometry":{"type":"Point","coordinates":[144.6568,-15.5674]},"properties":{"d":"2026-10-08","t":"0446","frp":9.0,"b":350.2,"c":1,"s":"N20","n":0}},{"type":"Feature","geometry":{"type":"Point","coordinates":[134.7247,-15.5672]},"properties":{"d":"2026-10-08","t":"0446","frp":12.6,"b":344.9,"c":1,"s":"N20","n":0}},{"type":"Feature","geometry":{"type":"Point","coordinates":[134.6909,-15.5657]},"properties":{"d":"2026-10-08","t":"0446","frp":3.3,"b":336.8,"c":0,"s":"N20","n":0}},{"type":"Feature","geometry":{"type":"Point","coordinates":[134.7205,-15.5645]},"properties":{"d":"2026-10-08","t":"0446","frp":12.6,"b":336.7,"c":0,"s":"N20","n":0}},{"type":"Feature","geometry":{"type":"Point","coordinates":[134.7241,-15.5639]},"properties":{"d":"2026-10-08","t":"0446","frp":12.6,"b":352.5,"c":1,"s":"N20","n":0}},{"type":"Feature","geometry":{"type":"Point","coordinates":[134.6904,-15.5624]},"properties":{"d":"2026-10-08","t":"0446","frp":3.3,"b":346.2,"c":1,"s":"N20","n":0}},{"type":"Feature","geometry":{"type":"Point","coordinates":[134.7235,-15.5605]},"properties":{"d":"2026-10-08","t":"0446","frp":12.2,"b":345.1,"c":1,"s":"N20","n":0}},{"type":"Feature","geometry":{"type":"Point","coordinates":[134.6931,-15.5594]},"properties":{"d":"2026-10-08","t":"0446","frp":6.8,"b":338.5,"c":1,"s":"N20","n":0}},{"type":"Feature","geometry":{"type":"Point","coordinates":[134.723,-15.5572]},"properties":{"d":"2026-10-08","t":"0446","frp":12.2,"b":341.7,"c":0,"s":"N20","n":0}},{"type":"Feature","geometry":{"type":"Point","coordinates":[134.6926,-15.5561]},"properties":{"d":"2026-10-08","t":"0446","frp":6.8,"b":340.3,"c":1,"s":"N20","n":0}},{"type":"Feature","geometry":{"type":"Point","coordinates":[134.7221,-15.5549]},"properties":{"d":"2026-10-08","t":"0446","frp":9.8,"b":340.7,"c":0,"s":"N20","n":0}},{"type":"Feature","geometry":{"type":"Point","coordinates":[134.7257,-15.5543]},"properties":{"d":"2026-10-08","t":"0446","frp":14.7,"b":344.7,"c":1,"s":"N20","n":0}},{"type":"Feature","geometry":{"type":"Point","coordinates":[134.692,-15.5527]},"properties":{"d":"2026-10-08","t":"0446","frp":2.5,"b":333.7,"c":0,"s":"N20","n":0}},{"type":"Feature","geometry":{"type":"Point","coordinates":[144.6409,-15.5527]},"properties":{"d":"2026-10-08","t":"0446","frp":4.4,"b":338.3,"c":1,"s":"N20","n":0}},{"type":"Feature","geometry":{"type":"Point","coordinates":[144.6447,-15.5519]},"properties":{"d":"2026-10-08","t":"0446","frp":4.4,"b":335.5,"c":1,"s":"N20","n":0}},{"type":"Feature","geometry":{"type":"Point","coordinates":[134.7215,-15.5515]},"properties":{"d":"2026-10-08","t":"0446","frp":9.8,"b":341.2,"c":0,"s":"N20","n":0}},{"type":"Feature","geometry":{"type":"Point","coordinates":[134.7252,-15.551]},"properties":{"d":"2026-10-08","t":"0446","frp":14.7,"b":341.4,"c":0,"s":"N20","n":0}},{"type":"Feature","geometry":{"type":"Point","coordinates":[144.6492,-15.551]},"properties":{"d":"2026-10-08","t":"0446","frp":6.1,"b":344.5,"c":1,"s":"N20","n":0}},{"type":"Feature","geometry":{"type":"Point","coordinates":[134.6951,-15.5488]},"properties":{"d":"2026-10-08","t":"0446","frp":7.9,"b":355.7,"c":1,"s":"N20","n":0}},{"type":"Feature","geometry":{"type":"Point","coordinates":[134.7246,-15.5476]},"properties":{"d":"2026-10-08","t":"0446","frp":7.1,"b":338.0,"c":0,"s":"N20","n":0}},{"type":"Feature","geometry":{"type":"Point","coordinates":[134.7204,-15.5449]},"properties":{"d":"2026-10-08","t":"0446","frp":8.5,"b":339.5,"c":0,"s":"N20","n":0}},{"type":"Feature","geometry":{"type":"Point","coordinates":[134.6976,-15.5416]},"properties":{"d":"2026-10-08","t":"0446","frp":4.9,"b":343.9,"c":1,"s":"N20","n":0}},{"type":"Feature","geometry":{"type":"Point","coordinates":[134.7199,-15.5415]},"properties":{"d":"2026-10-08","t":"0446","frp":5.2,"b":349.1,"c":1,"s":"N20","n":0}},{"type":"Feature","geometry":{"type":"Point","coordinates":[134.7012,-15.541]},"properties":{"d":"2026-10-08","t":"0446","frp":5.3,"b":341.4,"c":1,"s":"N20","n":0}},{"type":"Feature","geometry":{"type":"Point","coordinates":[134.7157,-15.5388]},"properties":{"d":"2026-10-08","t":"0446","frp":5.2,"b":338.9,"c":1,"s":"N20","n":0}},{"type":"Feature","geometry":{"type":"Point","coordinates":[134.7151,-15.5354]},"properties":{"d":"2026-10-08","t":"0446","frp":9.9,"b":341.8,"c":1,"s":"N20","n":0}},{"type":"Feature","geometry":{"type":"Point","coordinates":[134.7146,-15.5321]},"properties":{"d":"2026-10-08","t":"0446","frp":9.9,"b":346.1,"c":1,"s":"N20","n":0}},{"type":"Feature","geometry":{"type":"Point","coordinates":[134.7104,-15.5293]},"properties":{"d":"2026-10-08","t":"0446","frp":5.5,"b":338.3,"c":0,"s":"N20","n":0}},{"type":"Feature","geometry":{"type":"Point","coordinates":[134.714,-15.5288]},"properties":{"d":"2026-10-08","t":"0446","frp":2.4,"b":335.4,"c":1,"s":"N20","n":0}},{"type":"Feature","geometry":{"type":"Point","coordinates":[134.7098,-15.526]},"properties":{"d":"2026-10-08","t":"0446","frp":5.5,"b":348.8,"c":1,"s":"N20","n":0}},{"type":"Feature","geometry":{"type":"Point","coordinates":[134.702,-15.5238]},"properties":{"d":"2026-10-08","t":"0446","frp":1.7,"b":333.0,"c":0,"s":"N20","n":0}},{"type":"Feature","geometry":{"type":"Point","coordinates":[134.7093,-15.5227]},"properties":{"d":"2026-10-08","t":"0446","frp":5.7,"b":336.3,"c":1,"s":"N20","n":0}},{"type":"Feature","geometry":{"type":"Point","coordinates":[134.7051,-15.5199]},"properties":{"d":"2026-10-08","t":"0446","frp":5.7,"b":337.5,"c":1,"s":"N20","n":0}},{"type":"Feature","geometry":{"type":"Point","coordinates":[134.7087,-15.5193]},"properties":{"d":"2026-10-08","t":"0446","frp":5.7,"b":351.4,"c":1,"s":"N20","n":0}},{"type":"Feature","geometry":{"type":"Point","coordinates":[134.7124,-15.5188]},"properties":{"d":"2026-10-08","t":"0446","frp":14.5,"b":345.1,"c":1,"s":"N20","n":0}},{"type":"Feature","geometry":{"type":"Point","coordinates":[134.716,-15.5182]},"properties":{"d":"2026-10-08","t":"0446","frp":14.5,"b":347.8,"c":1,"s":"N20","n":0}},{"type":"Feature","geometry":{"type":"Point","coordinates":[134.7082,-15.516]},"properties":{"d":"2026-10-08","t":"0446","frp":1.7,"b":331.7,"c":0,"s":"N20","n":0}},{"type":"Feature","geometry":{"type":"Point","coordinates":[134.7118,-15.5154]},"properties":{"d":"2026-10-08","t":"0446","frp":3.3,"b":340.4,"c":1,"s":"N20","n":0}},{"type":"Feature","geometry":{"type":"Point","coordinates":[134.7154,-15.5148]},"properties":{"d":"2026-10-08","t":"0446","frp":3.3,"b":342.0,"c":1,"s":"N20","n":0}},{"type":"Feature","geometry":{"type":"Point","coordinates":[134.7185,-15.5109]},"properties":{"d":"2026-10-08","t":"0446","frp":2.2,"b":337.7,"c":1,"s":"N20","n":0}},{"type":"Feature","geometry":{"type":"Point","coordinates":[134.7252,-15.5065]},"properties":{"d":"2026-10-08","t":"0446","frp":13.6,"b":335.2,"c":0,"s":"N20","n":0}},{"type":"Feature","geometry":{"type":"Point","coordinates":[134.721,-15.5037]},"properties":{"d":"2026-10-08","t":"0446","frp":3.9,"b":333.3,"c":0,"s":"N20","n":0}},{"type":"Feature","geometry":{"type":"Point","coordinates":[134.7283,-15.5026]},"properties":{"d":"2026-10-08","t":"0446","frp":13.6,"b":336.4,"c":1,"s":"N20","n":0}},{"type":"Feature","geometry":{"type":"Point","coordinates":[134.7205,-15.5004]},"properties":{"d":"2026-10-08","t":"0446","frp":4.0,"b":336.3,"c":0,"s":"N20","n":0}},{"type":"Feature","geometry":{"type":"Point","coordinates":[134.7241,-15.4998]},"properties":{"d":"2026-10-08","t":"0446","frp":13.7,"b":341.2,"c":0,"s":"N20","n":0}},{"type":"Feature","geometry":{"type":"Point","coordinates":[134.7277,-15.4992]},"properties":{"d":"2026-10-08","t":"0446","frp":13.7,"b":336.2,"c":0,"s":"N20","n":0}},{"type":"Feature","geometry":{"type":"Point","coordinates":[134.7235,-15.4965]},"properties":{"d":"2026-10-08","t":"0446","frp":13.7,"b":348.6,"c":1,"s":"N20","n":0}},{"type":"Feature","geometry":{"type":"Point","coordinates":[134.723,-15.4931]},"properties":{"d":"2026-10-08","t":"0446","frp":7.9,"b":349.3,"c":1,"s":"N20","n":0}},{"type":"Feature","geometry":{"type":"Point","coordinates":[134.7224,-15.4898]},"properties":{"d":"2026-10-08","t":"0446","frp":7.9,"b":344.1,"c":1,"s":"N20","n":0}},{"type":"Feature","geometry":{"type":"Point","coordinates":[134.7219,-15.4865]},"properties":{"d":"2026-10-08","t":"0446","frp":1.8,"b":336.8,"c":1,"s":"N20","n":0}},{"type":"Feature","geometry":{"type":"Point","coordinates":[134.7213,-15.4831]},"properties":{"d":"2026-10-08","t":"0446","frp":1.8,"b":338.3,"c":1,"s":"N20","n":0}},{"type":"Feature","geometry":{"type":"Point","coordinates":[134.7172,-15.4804]},"properties":{"d":"2026-10-08","t":"0446","frp":4.9,"b":346.7,"c":1,"s":"N20","n":0}},{"type":"Feature","geometry":{"type":"Point","coordinates":[134.7166,-15.477]},"properties":{"d":"2026-10-08","t":"0446","frp":4.9,"b":341.5,"c":1,"s":"N20","n":0}},{"type":"Feature","geometry":{"type":"Point","coordinates":[134.716,-15.4737]},"properties":{"d":"2026-10-08","t":"0446","frp":3.1,"b":336.7,"c":1,"s":"N20","n":0}},{"type":"Feature","geometry":{"type":"Point","coordinates":[134.7155,-15.4703]},"properties":{"d":"2026-10-08","t":"0446","frp":3.1,"b":341.8,"c":1,"s":"N20","n":0}},{"type":"Feature","geometry":{"type":"Point","coordinates":[134.7102,-15.4609]},"properties":{"d":"2026-10-08","t":"0446","frp":6.9,"b":335.0,"c":1,"s":"N20","n":0}},{"type":"Feature","geometry":{"type":"Point","coordinates":[134.696,-15.4468]},"properties":{"d":"2026-10-08","t":"0446","frp":4.2,"b":342.0,"c":1,"s":"N20","n":0}},{"type":"Feature","geometry":{"type":"Point","coordinates":[134.6954,-15.4435]},"properties":{"d":"2026-10-08","t":"0446","frp":3.4,"b":331.4,"c":1,"s":"N20","n":0}},{"type":"Feature","geometry":{"type":"Point","coordinates":[134.7815,-15.3786]},"properties":{"d":"2026-10-08","t":"0446","frp":5.5,"b":342.3,"c":1,"s":"N20","n":0}},{"type":"Feature","geometry":{"type":"Point","coordinates":[134.7852,-15.378]},"properties":{"d":"2026-10-08","t":"0446","frp":3.4,"b":336.6,"c":1,"s":"N20","n":0}},{"type":"Feature","geometry":{"type":"Point","coordinates":[134.7737,-15.3764]},"properties":{"d":"2026-10-08","t":"0446","frp":11.5,"b":345.9,"c":1,"s":"N20","n":0}},{"type":"Feature","geometry":{"type":"Point","coordinates":[134.7883,-15.3741]},"properties":{"d":"2026-10-08","t":"0446","frp":6.2,"b":347.4,"c":1,"s":"N20","n":0}},{"type":"Feature","geometry":{"type":"Point","coordinates":[134.7695,-15.3736]},"properties":{"d":"2026-10-08","t":"0446","frp":11.5,"b":350.7,"c":1,"s":"N20","n":0}},{"type":"Feature","geometry":{"type":"Point","coordinates":[134.7919,-15.3735]},"properties":{"d":"2026-10-08","t":"0446","frp":6.1,"b":352.8,"c":1,"s":"N20","n":0}},{"type":"Feature","geometry":{"type":"Point","coordinates":[134.7731,-15.373]},"properties":{"d":"2026-10-08","t":"0446","frp":11.5,"b":351.6,"c":1,"s":"N20","n":0}},{"type":"Feature","geometry":{"type":"Point","coordinates":[134.7689,-15.3703]},"properties":{"d":"2026-10-08","t":"0446","frp":26.4,"b":346.0,"c":1,"s":"N20","n":0}},{"type":"Feature","geometry":{"type":"Point","coordinates":[134.795,-15.3696]},"properties":{"d":"2026-10-08","t":"0446","frp":6.1,"b":349.6,"c":1,"s":"N20","n":0}},{"type":"Feature","geometry":{"type":"Point","coordinates":[134.7987,-15.369]},"properties":{"d":"2026-10-08","t":"0446","frp":3.1,"b":334.4,"c":1,"s":"N20","n":0}},{"type":"Feature","geometry":{"type":"Point","coordinates":[134.7981,-15.3657]},"properties":{"d":"2026-10-08","t":"0446","frp":7.4,"b":348.4,"c":1,"s":"N20","n":0}},{"type":"Feature","geometry":{"type":"Point","coordinates":[134.7642,-15.3642]},"properties":{"d":"2026-10-08","t":"0446","frp":28.8,"b":338.7,"c":1,"s":"N20","n":0}},{"type":"Feature","geometry":{"type":"Point","coordinates":[134.7704,-15.3563]},"properties":{"d":"2026-10-08","t":"0446","frp":21.9,"b":353.0,"c":1,"s":"N20","n":0}},{"type":"Feature","geometry":{"type":"Point","coordinates":[134.774,-15.3558]},"properties":{"d":"2026-10-08","t":"0446","frp":9.2,"b":344.4,"c":1,"s":"N20","n":0}},{"type":"Feature","geometry":{"type":"Point","coordinates":[134.7734,-15.3524]},"properties":{"d":"2026-10-08","t":"0446","frp":9.2,"b":341.8,"c":1,"s":"N20","n":0}},{"type":"Feature","geometry":{"type":"Point","coordinates":[134.788,-15.3501]},"properties":{"d":"2026-10-08","t":"0446","frp":16.7,"b":349.7,"c":1,"s":"N20","n":0}},{"type":"Feature","geometry":{"type":"Point","coordinates":[134.7693,-15.3497]},"properties":{"d":"2026-10-08","t":"0446","frp":3.7,"b":343.6,"c":1,"s":"N20","n":0}},{"type":"Feature","geometry":{"type":"Point","coordinates":[134.7729,-15.3491]},"properties":{"d":"2026-10-08","t":"0446","frp":5.0,"b":338.4,"c":1,"s":"N20","n":0}},{"type":"Feature","geometry":{"type":"Point","coordinates":[134.7838,-15.3474]},"properties":{"d":"2026-10-08","t":"0446","frp":14.7,"b":346.8,"c":1,"s":"N20","n":0}},{"type":"Feature","geometry":{"type":"Point","coordinates":[134.7723,-15.3457]},"properties":{"d":"2026-10-08","t":"0446","frp":5.0,"b":346.9,"c":1,"s":"N20","n":0}},{"type":"Feature","geometry":{"type":"Point","coordinates":[134.776,-15.3452]},"properties":{"d":"2026-10-08","t":"0446","frp":5.0,"b":352.7,"c":1,"s":"N20","n":0}},{"type":"Feature","geometry":{"type":"Point","coordinates":[134.8035,-15.3111]},"properties":{"d":"2026-10-08","t":"0446","frp":13.4,"b":344.9,"c":1,"s":"N20","n":0}},{"type":"Feature","geometry":{"type":"Point","coordinates":[134.8029,-15.3078]},"properties":{"d":"2026-10-08","t":"0446","frp":13.4,"b":354.2,"c":1,"s":"N20","n":0}},{"type":"Feature","geometry":{"type":"Point","coordinates":[134.8024,-15.3044]},"properties":{"d":"2026-10-08","t":"0446","frp":5.0,"b":339.6,"c":0,"s":"N20","n":0}},{"type":"Feature","geometry":{"type":"Point","coordinates":[134.7982,-15.3017]},"properties":{"d":"2026-10-08","t":"0446","frp":14.0,"b":346.8,"c":1,"s":"N20","n":0}},{"type":"Feature","geometry":{"type":"Point","coordinates":[134.8018,-15.3011]},"properties":{"d":"2026-10-08","t":"0446","frp":5.0,"b":337.8,"c":0,"s":"N20","n":0}},{"type":"Feature","geometry":{"type":"Point","coordinates":[134.7976,-15.2983]},"properties":{"d":"2026-10-08","t":"0446","frp":8.6,"b":349.9,"c":1,"s":"N20","n":0}},{"type":"Feature","geometry":{"type":"Point","coordinates":[134.7934,-15.2956]},"properties":{"d":"2026-10-08","t":"0446","frp":8.6,"b":349.0,"c":1,"s":"N20","n":0}},{"type":"Feature","geometry":{"type":"Point","coordinates":[134.7892,-15.2928]},"properties":{"d":"2026-10-08","t":"0446","frp":11.0,"b":344.3,"c":1,"s":"N20","n":0}},{"type":"Feature","geometry":{"type":"Point","coordinates":[134.7929,-15.2922]},"properties":{"d":"2026-10-08","t":"0446","frp":6.5,"b":344.7,"c":1,"s":"N20","n":0}},{"type":"Feature","geometry":{"type":"Point","coordinates":[134.7887,-15.2895]},"properties":{"d":"2026-10-08","t":"0446","frp":11.0,"b":344.9,"c":1,"s":"N20","n":0}},{"type":"Feature","geometry":{"type":"Point","coordinates":[134.7844,-15.2867]},"properties":{"d":"2026-10-08","t":"0446","frp":24.4,"b":342.5,"c":0,"s":"N20","n":0}},{"type":"Feature","geometry":{"type":"Point","coordinates":[134.7881,-15.2861]},"properties":{"d":"2026-10-08","t":"0446","frp":24.4,"b":348.1,"c":1,"s":"N20","n":0}},{"type":"Feature","geometry":{"type":"Point","coordinates":[144.9729,-15.2855]},"properties":{"d":"2026-10-08","t":"0446","frp":4.8,"b":336.6,"c":1,"s":"N20","n":0}},{"type":"Feature","geometry":{"type":"Point","coordinates":[133.8511,-15.2822]},"properties":{"d":"2026-10-08","t":"0446","frp":1.9,"b":334.6,"c":1,"s":"N20","n":0}},{"type":"Feature","geometry":{"type":"Point","coordinates":[144.9712,-15.2797]},"properties":{"d":"2026-10-08","t":"0446","frp":4.3,"b":339.2,"c":1,"s":"N20","n":0}},{"type":"Feature","geometry":{"type":"Point","coordinates":[133.8506,-15.2789]},"properties":{"d":"2026-10-08","t":"0446","frp":1.9,"b":338.4,"c":1,"s":"N20","n":0}},{"type":"Feature","geometry":{"type":"Point","coordinates":[133.8822,-15.2706]},"properties":{"d":"2026-10-08","t":"0446","frp":11.0,"b":350.4,"c":1,"s":"N20","n":0}},{"type":"Feature","geometry":{"type":"Point","coordinates":[133.8893,-15.2695]},"properties":{"d":"2026-10-08","t":"0446","frp":3.7,"b":347.5,"c":1,"s":"N20","n":0}},{"type":"Feature","geometry":{"type":"Point","coordinates":[134.7726,-15.2611]},"properties":{"d":"2026-10-08","t":"0446","frp":5.6,"b":343.3,"c":1,"s":"N20","n":0}},{"type":"Feature","geometry":{"type":"Point","coordinates":[144.432,-15.259]},"properties":{"d":"2026-10-08","t":"0446","frp":3.3,"b":332.2,"c":1,"s":"N20","n":0}},{"type":"Feature","geometry":{"type":"Point","coordinates":[134.7721,-15.2578]},"properties":{"d":"2026-10-08","t":"0446","frp":5.6,"b":341.8,"c":0,"s":"N20","n":0}},{"type":"Feature","geometry":{"type":"Point","coordinates":[134.731,-15.2574]},"properties":{"d":"2026-10-08","t":"0446","frp":8.8,"b":342.6,"c":1,"s":"N20","n":0}},{"type":"Feature","geometry":{"type":"Point","coordinates":[134.771,-15.2511]},"properties":{"d":"2026-10-08","t":"0446","frp":11.3,"b":341.5,"c":0,"s":"N20","n":0}},{"type":"Feature","geometry":{"type":"Point","coordinates":[133.8601,-15.2504]},"properties":{"d":"2026-10-08","t":"0446","frp":5.4,"b":338.7,"c":1,"s":"N20","n":0}},{"type":"Feature","geometry":{"type":"Point","coordinates":[134.7699,-15.2444]},"properties":{"d":"2026-10-08","t":"0446","frp":11.4,"b":356.4,"c":1,"s":"N20","n":0}},{"type":"Feature","geometry":{"type":"Point","coordinates":[134.7657,-15.2416]},"properties":{"d":"2026-10-08","t":"0446","frp":11.8,"b":342.4,"c":1,"s":"N20","n":0}},{"type":"Feature","geometry":{"type":"Point","coordinates":[135.4494,-15.2408]},"properties":{"d":"2026-10-08","t":"0446","frp":3.2,"b":336.6,"c":0,"s":"N20","n":0}},{"type":"Feature","geometry":{"type":"Point","coordinates":[135.4532,-15.2402]},"properties":{"d":"2026-10-08","t":"0446","frp":4.2,"b":345.4,"c":1,"s":"N20","n":0}},{"type":"Feature","geometry":{"type":"Point","coordinates":[135.4877,-15.2381]},"properties":{"d":"2026-10-08","t":"0446","frp":21.5,"b":340.6,"c":0,"s":"N20","n":0}},{"type":"Feature","geometry":{"type":"Point","coordinates":[135.4526,-15.2368]},"properties":{"d":"2026-10-08","t":"0446","frp":4.2,"b":342.4,"c":1,"s":"N20","n":0}},{"type":"Feature","geometry":{"type":"Point","coordinates":[135.4564,-15.2362]},"properties":{"d":"2026-10-08","t":"0446","frp":4.2,"b":340.0,"c":0,"s":"N20","n":0}},{"type":"Feature","geometry":{"type":"Point","coordinates":[135.4834,-15.2353]},"properties":{"d":"2026-10-08","t":"0446","frp":16.5,"b":341.4,"c":0,"s":"N20","n":0}},{"type":"Feature","geometry":{"type":"Point","coordinates":[134.7646,-15.2349]},"properties":{"d":"2026-10-08","t":"0446","frp":9.5,"b":346.9,"c":1,"s":"N20","n":0}},{"type":"Feature","geometry":{"type":"Point","coordinates":[133.7406,-15.2347]},"properties":{"d":"2026-10-08","t":"0446","frp":9.5,"b":344.6,"c":1,"s":"N20","n":0}},{"type":"Feature","geometry":{"type":"Point","coordinates":[135.4871,-15.2347]},"properties":{"d":"2026-10-08","t":"0446","frp":16.5,"b":347.9,"c":0,"s":"N20","n":0}},{"type":"Feature","geometry":{"type":"Point","coordinates":[135.4909,-15.2341]},"properties":{"d":"2026-10-08","t":"0446","frp":7.7,"b":340.0,"c":0,"s":"N20","n":0}},{"type":"Feature","geometry":{"type":"Point","coordinates":[134.7604,-15.2322]},"properties":{"d":"2026-10-08","t":"0446","frp":9.5,"b":354.3,"c":1,"s":"N20","n":0}},{"type":"Feature","geometry":{"type":"Point","coordinates":[135.4633,-15.2316]},"properties":{"d":"2026-10-08","t":"0446","frp":6.9,"b":343.8,"c":1,"s":"N20","n":0}},{"type":"Feature","geometry":{"type":"Point","coordinates":[135.4866,-15.2313]},"properties":{"d":"2026-10-08","t":"0446","frp":16.5,"b":339.1,"c":0,"s":"N20","n":0}},{"type":"Feature","geometry":{"type":"Point","coordinates":[134.7562,-15.2294]},"properties":{"d":"2026-10-08","t":"0446","frp":7.6,"b":345.6,"c":1,"s":"N20","n":0}},{"type":"Feature","geometry":{"type":"Point","coordinates":[135.4627,-15.2282]},"properties":{"d":"2026-10-08","t":"0446","frp":6.9,"b":344.9,"c":1,"s":"N20","n":0}},{"type":"Feature","geometry":{"type":"Point","coordinates":[135.4665,-15.2276]},"properties":{"d":"2026-10-08","t":"0446","frp":8.2,"b":341.0,"c":0,"s":"N20","n":0}},{"type":"Feature","geometry":{"type":"Point","coordinates":[134.752,-15.2266]},"properties":{"d":"2026-10-08","t":"0446","frp":7.6,"b":340.8,"c":0,"s":"N20","n":0}},{"type":"Feature","geometry":{"type":"Point","coordinates":[134.7557,-15.2261]},"properties":{"d":"2026-10-08","t":"0446","frp":7.6,"b":347.9,"c":1,"s":"N20","n":0}},{"type":"Feature","geometry":{"type":"Point","coordinates":[133.8267,-15.2249]},"properties":{"d":"2026-10-08","t":"0446","frp":10.8,"b":347.2,"c":1,"s":"N20","n":0}},{"type":"Feature","geometry":{"type":"Point","coordinates":[133.8303,-15.2244]},"properties":{"d":"2026-10-08","t":"0446","frp":5.1,"b":342.4,"c":1,"s":"N20","n":0}},{"type":"Feature","geometry":{"type":"Point","coordinates":[134.7516,-15.2243]},"properties":{"d":"2026-10-08","t":"0446","frp":12.9,"b":355.9,"c":1,"s":"N20","n":0}},{"type":"Feature","geometry":{"type":"Point","coordinates":[135.466,-15.2242]},"properties":{"d":"2026-10-08","t":"0446","frp":15.7,"b":353.0,"c":1,"s":"N20","n":0}},{"type":"Feature","geometry":{"type":"Point","coordinates":[133.8338,-15.2239]},"properties":{"d":"2026-10-08","t":"0446","frp":5.1,"b":340.9,"c":1,"s":"N20","n":0}},{"type":"Feature","geometry":{"type":"Point","coordinates":[134.7474,-15.2215]},"properties":{"d":"2026-10-08","t":"0446","frp":10.0,"b":348.1,"c":1,"s":"N20","n":0}},{"type":"Feature","geometry":{"type":"Point","coordinates":[135.4691,-15.2201]},"properties":{"d":"2026-10-08","t":"0446","frp":15.7,"b":352.6,"c":1,"s":"N20","n":0}},{"type":"Feature","geometry":{"type":"Point","coordinates":[135.4689,-15.2198]},"properties":{"d":"2026-10-08","t":"0446","frp":3.8,"b":347.9,"c":1,"s":"N20","n":0}},{"type":"Feature","geometry":{"type":"Point","coordinates":[135.4729,-15.2195]},"properties":{"d":"2026-10-08","t":"0446","frp":6.2,"b":344.5,"c":1,"s":"N20","n":0}},{"type":"Feature","geometry":{"type":"Point","coordinates":[135.4727,-15.2192]},"properties":{"d":"2026-10-08","t":"0446","frp":3.2,"b":342.0,"c":1,"s":"N20","n":0}},{"type":"Feature","geometry":{"type":"Point","coordinates":[134.739,-15.2159]},"properties":{"d":"2026-10-08","t":"0446","frp":8.0,"b":343.0,"c":1,"s":"N20","n":0}},{"type":"Feature","geometry":{"type":"Point","coordinates":[135.5032,-15.2146]},"properties":{"d":"2026-10-08","t":"0446","frp":5.1,"b":337.9,"c":0,"s":"N20","n":0}},{"type":"Feature","geometry":{"type":"Point","coordinates":[135.5029,-15.2144]},"properties":{"d":"2026-10-08","t":"0446","frp":4.6,"b":338.5,"c":0,"s":"N20","n":0}},{"type":"Feature","geometry":{"type":"Point","coordinates":[134.7384,-15.2126]},"properties":{"d":"2026-10-08","t":"0446","frp":11.1,"b":349.1,"c":1,"s":"N20","n":0}},{"type":"Feature","geometry":{"type":"Point","coordinates":[134.7342,-15.2098]},"properties":{"d":"2026-10-08","t":"0446","frp":11.1,"b":342.0,"c":1,"s":"N20","n":0}},{"type":"Feature","geometry":{"type":"Point","coordinates":[134.7379,-15.2093]},"properties":{"d":"2026-10-08","t":"0446","frp":11.1,"b":339.1,"c":1,"s":"N20","n":0}},{"type":"Feature","geometry":{"type":"Point","coordinates":[134.73,-15.2071]},"properties":{"d":"2026-10-08","t":"0446","frp":7.0,"b":355.0,"c":1,"s":"N20","n":0}},{"type":"Feature","geometry":{"type":"Point","coordinates":[134.7337,-15.2065]},"properties":{"d":"2026-10-08","t":"0446","frp":7.5,"b":367.0,"c":2,"s":"N20","n":0}},{"type":"Feature","geometry":{"type":"Point","coordinates":[134.7149,-15.206]},"properties":{"d":"2026-10-08","t":"0446","frp":14.5,"b":349.4,"c":1,"s":"N20","n":0}},{"type":"Feature","geometry":{"type":"Point","coordinates":[134.7186,-15.2054]},"properties":{"d":"2026-10-08","t":"0446","frp":7.4,"b":355.6,"c":1,"s":"N20","n":0}},{"type":"Feature","geometry":{"type":"Point","coordinates":[134.7222,-15.2049]},"properties":{"d":"2026-10-08","t":"0446","frp":7.4,"b":345.8,"c":1,"s":"N20","n":0}},{"type":"Feature","geometry":{"type":"Point","coordinates":[134.7259,-15.2043]},"properties":{"d":"2026-10-08","t":"0446","frp":7.0,"b":346.3,"c":1,"s":"N20","n":0}},{"type":"Feature","geometry":{"type":"Point","coordinates":[134.7107,-15.2032]},"properties":{"d":"2026-10-08","t":"0446","frp":6.2,"b":340.4,"c":1,"s":"N20","n":0}},{"type":"Feature","geometry":{"type":"Point","coordinates":[134.7144,-15.2027]},"properties":{"d":"2026-10-08","t":"0446","frp":6.2,"b":342.4,"c":1,"s":"N20","n":0}},{"type":"Feature","geometry":{"type":"Point","coordinates":[134.6993,-15.2016]},"properties":{"d":"2026-10-08","t":"0446","frp":6.9,"b":349.1,"c":1,"s":"N20","n":0}},{"type":"Feature","geometry":{"type":"Point","coordinates":[134.7029,-15.201]},"properties":{"d":"2026-10-08","t":"0446","frp":8.0,"b":342.2,"c":1,"s":"N20","n":0}},{"type":"Feature","geometry":{"type":"Point","coordinates":[134.6915,-15.1994]},"properties":{"d":"2026-10-08","t":"0446","frp":4.4,"b":347.0,"c":1,"s":"N20","n":0}},{"type":"Feature","geometry":{"type":"Point","coordinates":[134.6951,-15.1988]},"properties":{"d":"2026-10-08","t":"0446","frp":3.9,"b":344.2,"c":1,"s":"N20","n":0}},{"type":"Feature","geometry":{"type":"Point","coordinates":[134.68,-15.1978]},"properties":{"d":"2026-10-08","t":"0446","frp":4.6,"b":347.4,"c":1,"s":"N20","n":0}},{"type":"Feature","geometry":{"type":"Point","coordinates":[134.6795,-15.1944]},"properties":{"d":"2026-10-08","t":"0446","frp":9.9,"b":354.2,"c":1,"s":"N20","n":0}},{"type":"Feature","geometry":{"type":"Point","coordinates":[134.4147,-15.1648]},"properties":{"d":"2026-10-08","t":"0446","frp":4.2,"b":347.7,"c":1,"s":"N20","n":0}},{"type":"Feature","geometry":{"type":"Point","coordinates":[134.4183,-15.1642]},"properties":{"d":"2026-10-08","t":"0446","frp":4.2,"b":344.4,"c":1,"s":"N20","n":0}},{"type":"Feature","geometry":{"type":"Point","coordinates":[134.4141,-15.1615]},"properties":{"d":"2026-10-08","t":"0446","frp":14.0,"b":335.1,"c":1,"s":"N20","n":0}},{"type":"Feature","geometry":{"type":"Point","coordinates":[134.4177,-15.1609]},"properties":{"d":"2026-10-08","t":"0446","frp":14.0,"b":344.7,"c":1,"s":"N20","n":0}},{"type":"Feature","geometry":{"type":"Point","coordinates":[134.4135,-15.1582]},"properties":{"d":"2026-10-08","t":"0446","frp":14.0,"b":337.8,"c":1,"s":"N20","n":0}},{"type":"Feature","geometry":{"type":"Point","coordinates":[134.4172,-15.1576]},"properties":{"d":"2026-10-08","t":"0446","frp":14.0,"b":350.1,"c":1,"s":"N20","n":0}},{"type":"Feature","geometry":{"type":"Point","coordinates":[134.4166,-15.1543]},"properties":{"d":"2026-10-08","t":"0446","frp":6.0,"b":343.2,"c":1,"s":"N20","n":0}},{"type":"Feature","geometry":{"type":"Point","coordinates":[134.4161,-15.1509]},"properties":{"d":"2026-10-08","t":"0446","frp":6.0,"b":352.2,"c":1,"s":"N20","n":0}},{"type":"Feature","geometry":{"type":"Point","coordinates":[134.1769,-15.1506]},"properties":{"d":"2026-10-08","t":"0446","frp":3.8,"b":337.6,"c":0,"s":"N20","n":0}},{"type":"Feature","geometry":{"type":"Point","coordinates":[134.1805,-15.1501]},"properties":{"d":"2026-10-08","t":"0446","frp":3.8,"b":342.4,"c":1,"s":"N20","n":0}},{"type":"Feature","geometry":{"type":"Point","coordinates":[134.4047,-15.1493]},"properties":{"d":"2026-10-08","t":"0446","frp":2.5,"b":335.1,"c":0,"s":"N20","n":0}},{"type":"Feature","geometry":{"type":"Point","coordinates":[134.4119,-15.1482]},"properties":{"d":"2026-10-08","t":"0446","frp":2.6,"b":339.5,"c":1,"s":"N20","n":0}},{"type":"Feature","geometry":{"type":"Point","coordinates":[134.2019,-15.1468]},"properties":{"d":"2026-10-08","t":"0446","frp":4.1,"b":341.8,"c":1,"s":"N20","n":0}},{"type":"Feature","geometry":{"type":"Point","coordinates":[134.2014,-15.1434]},"properties":{"d":"2026-10-08","t":"0446","frp":4.1,"b":339.7,"c":0,"s":"N20","n":0}},{"type":"Feature","geometry":{"type":"Point","coordinates":[134.4,-15.1432]},"properties":{"d":"2026-10-08","t":"0446","frp":3.1,"b":333.1,"c":0,"s":"N20","n":0}},{"type":"Feature","geometry":{"type":"Point","coordinates":[134.205,-15.1429]},"properties":{"d":"2026-10-08","t":"0446","frp":6.4,"b":351.8,"c":1,"s":"N20","n":0}},{"type":"Feature","geometry":{"type":"Point","coordinates":[134.3887,-15.1416]},"properties":{"d":"2026-10-08","t":"0446","frp":4.8,"b":347.0,"c":1,"s":"N20","n":0}},{"type":"Feature","geometry":{"type":"Point","coordinates":[134.3923,-15.141]},"properties":{"d":"2026-10-08","t":"0446","frp":4.8,"b":346.9,"c":1,"s":"N20","n":0}},{"type":"Feature","geometry":{"type":"Point","coordinates":[134.3959,-15.1405]},"properties":{"d":"2026-10-08","t":"0446","frp":3.1,"b":338.6,"c":1,"s":"N20","n":0}},{"type":"Feature","geometry":{"type":"Point","coordinates":[134.2044,-15.1395]},"properties":{"d":"2026-10-08","t":"0446","frp":13.7,"b":340.2,"c":0,"s":"N20","n":0}},{"type":"Feature","geometry":{"type":"Point","coordinates":[134.208,-15.139]},"properties":{"d":"2026-10-08","t":"0446","frp":13.7,"b":339.4,"c":1,"s":"N20","n":0}},{"type":"Feature","geometry":{"type":"Point","coordinates":[133.9109,-15.1373]},"properties":{"d":"2026-10-08","t":"0446","frp":8.4,"b":341.9,"c":1,"s":"N20","n":0}},{"type":"Feature","geometry":{"type":"Point","coordinates":[134.2003,-15.1368]},"properties":{"d":"2026-10-08","t":"0446","frp":8.5,"b":342.0,"c":0,"s":"N20","n":0}},{"type":"Feature","geometry":{"type":"Point","coordinates":[134.2039,-15.1362]},"properties":{"d":"2026-10-08","t":"0446","frp":13.7,"b":353.9,"c":1,"s":"N20","n":0}},{"type":"Feature","geometry":{"type":"Point","coordinates":[133.9068,-15.1346]},"properties":{"d":"2026-10-08","t":"0446","frp":6.7,"b":335.9,"c":0,"s":"N20","n":0}},{"type":"Feature","geometry":{"type":"Point","coordinates":[133.9027,-15.1318]},"properties":{"d":"2026-10-08","t":"0446","frp":5.8,"b":354.7,"c":1,"s":"N20","n":0}},{"type":"Feature","geometry":{"type":"Point","coordinates":[133.9062,-15.1312]},"properties":{"d":"2026-10-08","t":"0446","frp":5.8,"b":335.2,"c":0,"s":"N20","n":0}},{"type":"Feature","geometry":{"type":"Point","coordinates":[134.5867,-15.1312]},"properties":{"d":"2026-10-08","t":"0446","frp":17.7,"b":341.4,"c":1,"s":"N20","n":0}},{"type":"Feature","geometry":{"type":"Point","coordinates":[133.898,-15.1257]},"properties":{"d":"2026-10-08","t":"0446","frp":10.1,"b":343.9,"c":1,"s":"N20","n":0}},{"type":"Feature","geometry":{"type":"Point","coordinates":[133.9016,-15.1252]},"properties":{"d":"2026-10-08","t":"0446","frp":13.1,"b":353.6,"c":1,"s":"N20","n":0}},{"type":"Feature","geometry":{"type":"Point","coordinates":[133.8759,-15.1019]},"properties":{"d":"2026-10-08","t":"0446","frp":16.0,"b":340.6,"c":1,"s":"N20","n":0}},{"type":"Feature","geometry":{"type":"Point","coordinates":[133.883,-15.1008]},"properties":{"d":"2026-10-08","t":"0446","frp":7.9,"b":347.4,"c":1,"s":"N20","n":0}},{"type":"Feature","geometry":{"type":"Point","coordinates":[133.8754,-15.0986]},"properties":{"d":"2026-10-08","t":"0446","frp":16.0,"b":342.4,"c":1,"s":"N20","n":0}},{"type":"Feature","geometry":{"type":"Point","coordinates":[133.8789,-15.0981]},"properties":{"d":"2026-10-08","t":"0446","frp":16.0,"b":348.7,"c":1,"s":"N20","n":0}},{"type":"Feature","geometry":{"type":"Point","coordinates":[133.8825,-15.0975]},"properties":{"d":"2026-10-08","t":"0446","frp":7.9,"b":342.9,"c":1,"s":"N20","n":0}},{"type":"Feature","geometry":{"type":"Point","coordinates":[134.6251,-15.0944]},"properties":{"d":"2026-10-08","t":"0446","frp":4.1,"b":340.6,"c":1,"s":"N20","n":0}},{"type":"Feature","geometry":{"type":"Point","coordinates":[133.8778,-15.0915]},"properties":{"d":"2026-10-08","t":"0446","frp":8.8,"b":349.2,"c":1,"s":"N20","n":0}},{"type":"Feature","geometry":{"type":"Point","coordinates":[134.3316,-15.0857]},"properties":{"d":"2026-10-08","t":"0446","frp":2.4,"b":330.1,"c":1,"s":"N20","n":0}},{"type":"Feature","geometry":{"type":"Point","coordinates":[133.891,-15.0826]},"properties":{"d":"2026-10-08","t":"0446","frp":13.1,"b":349.0,"c":1,"s":"N20","n":0}},{"type":"Feature","geometry":{"type":"Point","coordinates":[133.9604,-15.0822]},"properties":{"d":"2026-10-08","t":"0446","frp":6.0,"b":345.3,"c":1,"s":"N20","n":0}},{"type":"Feature","geometry":{"type":"Point","coordinates":[133.8834,-15.0804]},"properties":{"d":"2026-10-08","t":"0446","frp":7.6,"b":348.1,"c":1,"s":"N20","n":0}},{"type":"Feature","geometry":{"type":"Point","coordinates":[133.8869,-15.0799]},"properties":{"d":"2026-10-08","t":"0446","frp":4.0,"b":348.0,"c":1,"s":"N20","n":0}},{"type":"Feature","geometry":{"type":"Point","coordinates":[133.9048,-15.0771]},"properties":{"d":"2026-10-08","t":"0446","frp":6.8,"b":367.0,"c":2,"s":"N20","n":0}},{"type":"Feature","geometry":{"type":"Point","coordinates":[133.9741,-15.0767]},"properties":{"d":"2026-10-08","t":"0446","frp":10.2,"b":347.7,"c":1,"s":"N20","n":0}},{"type":"Feature","geometry":{"type":"Point","coordinates":[133.9083,-15.0766]},"properties":{"d":"2026-10-08","t":"0446","frp":7.0,"b":356.3,"c":1,"s":"N20","n":0}},{"type":"Feature","geometry":{"type":"Point","coordinates":[133.9777,-15.0761]},"properties":{"d":"2026-10-08","t":"0446","frp":10.2,"b":346.2,"c":1,"s":"N20","n":0}},{"type":"Feature","geometry":{"type":"Point","coordinates":[133.9119,-15.076]},"properties":{"d":"2026-10-08","t":"0446","frp":7.0,"b":352.2,"c":1,"s":"N20","n":0}},{"type":"Feature","geometry":{"type":"Point","coordinates":[133.9848,-15.075]},"properties":{"d":"2026-10-08","t":"0446","frp":19.1,"b":355.6,"c":1,"s":"N20","n":0}},{"type":"Feature","geometry":{"type":"Point","coordinates":[133.9042,-15.0738]},"properties":{"d":"2026-10-08","t":"0446","frp":6.8,"b":340.5,"c":1,"s":"N20","n":0}},{"type":"Feature","geometry":{"type":"Point","coordinates":[133.9771,-15.0728]},"properties":{"d":"2026-10-08","t":"0446","frp":8.8,"b":341.0,"c":1,"s":"N20","n":0}},{"type":"Feature","geometry":{"type":"Point","coordinates":[133.9807,-15.0722]},"properties":{"d":"2026-10-08","t":"0446","frp":7.3,"b":355.5,"c":1,"s":"N20","n":0}},{"type":"Feature","geometry":{"type":"Point","coordinates":[133.9843,-15.0717]},"properties":{"d":"2026-10-08","t":"0446","frp":7.3,"b":340.0,"c":0,"s":"N20","n":0}},{"type":"Feature","geometry":{"type":"Point","coordinates":[133.8862,-15.0528]},"properties":{"d":"2026-10-08","t":"0446","frp":14.7,"b":367.0,"c":2,"s":"N20","n":0}},{"type":"Feature","geometry":{"type":"Point","coordinates":[133.8898,-15.0523]},"properties":{"d":"2026-10-08","t":"0446","frp":6.2,"b":346.3,"c":1,"s":"N20","n":0}},{"type":"Feature","geometry":{"type":"Point","coordinates":[133.8933,-15.0517]},"properties":{"d":"2026-10-08","t":"0446","frp":6.2,"b":351.2,"c":1,"s":"N20","n":0}},{"type":"Feature","geometry":{"type":"Point","coordinates":[133.8969,-15.0512]},"properties":{"d":"2026-10-08","t":"0446","frp":8.1,"b":350.0,"c":1,"s":"N20","n":0}},{"type":"Feature","geometry":{"type":"Point","coordinates":[133.999,-15.0119]},"properties":{"d":"2026-10-08","t":"0446","frp":7.1,"b":348.1,"c":1,"s":"N20","n":0}},{"type":"Feature","geometry":{"type":"Point","coordinates":[133.9913,-15.0097]},"properties":{"d":"2026-10-08","t":"0446","frp":3.9,"b":343.0,"c":0,"s":"N20","n":0}},{"type":"Feature","geometry":{"type":"Point","coordinates":[133.9949,-15.0091]},"properties":{"d":"2026-10-08","t":"0446","frp":3.9,"b":352.8,"c":1,"s":"N20","n":0}},{"type":"Feature","geometry":{"type":"Point","coordinates":[133.9897,-14.9997]},"properties":{"d":"2026-10-08","t":"0446","frp":5.0,"b":337.9,"c":0,"s":"N20","n":0}},{"type":"Feature","geometry":{"type":"Point","coordinates":[133.9891,-14.9964]},"properties":{"d":"2026-10-08","t":"0446","frp":2.7,"b":336.8,"c":0,"s":"N20","n":0}},{"type":"Feature","geometry":{"type":"Point","coordinates":[133.9906,-14.9384]},"properties":{"d":"2026-10-08","t":"0446","frp":14.7,"b":352.6,"c":1,"s":"N20","n":0}},{"type":"Feature","geometry":{"type":"Point","coordinates":[133.9978,-14.9373]},"properties":{"d":"2026-10-08","t":"0446","frp":11.7,"b":344.4,"c":1,"s":"N20","n":0}},{"type":"Feature","geometry":{"type":"Point","coordinates":[133.9901,-14.9351]},"properties":{"d":"2026-10-08","t":"0446","frp":26.0,"b":351.4,"c":1,"s":"N20","n":0}},{"type":"Feature","geometry":{"type":"Point","coordinates":[134.0008,-14.9335]},"properties":{"d":"2026-10-08","t":"0446","frp":21.9,"b":353.5,"c":1,"s":"N20","n":0}},{"type":"Feature","geometry":{"type":"Point","coordinates":[134.0079,-14.9323]},"properties":{"d":"2026-10-08","t":"0446","frp":16.5,"b":353.1,"c":1,"s":"N20","n":0}},{"type":"Feature","geometry":{"type":"Point","coordinates":[133.9931,-14.9312]},"properties":{"d":"2026-10-08","t":"0446","frp":14.5,"b":347.4,"c":1,"s":"N20","n":0}},{"type":"Feature","geometry":{"type":"Point","coordinates":[133.9967,-14.9307]},"properties":{"d":"2026-10-08","t":"0446","frp":14.5,"b":351.9,"c":1,"s":"N20","n":0}},{"type":"Feature","geometry":{"type":"Point","coordinates":[134.0003,-14.9301]},"properties":{"d":"2026-10-08","t":"0446","frp":21.9,"b":351.7,"c":1,"s":"N20","n":0}},{"type":"Feature","geometry":{"type":"Point","coordinates":[134.0038,-14.9296]},"properties":{"d":"2026-10-08","t":"0446","frp":21.9,"b":367.0,"c":2,"s":"N20","n":0}},{"type":"Feature","geometry":{"type":"Point","coordinates":[134.0074,-14.929]},"properties":{"d":"2026-10-08","t":"0446","frp":16.5,"b":351.2,"c":1,"s":"N20","n":0}},{"type":"Feature","geometry":{"type":"Point","coordinates":[133.9926,-14.9279]},"properties":{"d":"2026-10-08","t":"0446","frp":12.0,"b":345.0,"c":0,"s":"N20","n":0}},{"type":"Feature","geometry":{"type":"Point","coordinates":[144.534,-14.8047]},"properties":{"d":"2026-10-08","t":"0446","frp":7.4,"b":338.6,"c":1,"s":"N20","n":0}},{"type":"Feature","geometry":{"type":"Point","coordinates":[143.8669,-14.8037]},"properties":{"d":"2026-10-08","t":"0446","frp":2.8,"b":332.3,"c":1,"s":"N20","n":0}},{"type":"Feature","geometry":{"type":"Point","coordinates":[144.537,-14.798]},"properties":{"d":"2026-10-08","t":"0446","frp":8.3,"b":334.7,"c":1,"s":"N20","n":0}},{"type":"Feature","geometry":{"type":"Point","coordinates":[143.8641,-14.7947]},"properties":{"d":"2026-10-08","t":"0446","frp":14.0,"b":343.8,"c":1,"s":"N20","n":0}},{"type":"Feature","geometry":{"type":"Point","coordinates":[143.868,-14.794]},"properties":{"d":"2026-10-08","t":"0446","frp":8.4,"b":367.0,"c":2,"s":"N20","n":0}},{"type":"Feature","geometry":{"type":"Point","coordinates":[143.8646,-14.7926]},"properties":{"d":"2026-10-08","t":"0446","frp":14.3,"b":350.2,"c":1,"s":"N20","n":0}},{"type":"Feature","geometry":{"type":"Point","coordinates":[144.5358,-14.7922]},"properties":{"d":"2026-10-08","t":"0446","frp":239.8,"b":336.0,"c":1,"s":"N20","n":0}},{"type":"Feature","geometry":{"type":"Point","coordinates":[143.8684,-14.7918]},"properties":{"d":"2026-10-08","t":"0446","frp":18.9,"b":367.0,"c":2,"s":"N20","n":0}},{"type":"Feature","geometry":{"type":"Point","coordinates":[143.8668,-14.7884]},"properties":{"d":"2026-10-08","t":"0446","frp":8.4,"b":350.4,"c":1,"s":"N20","n":0}},{"type":"Feature","geometry":{"type":"Point","coordinates":[143.8707,-14.7876]},"properties":{"d":"2026-10-08","t":"0446","frp":8.4,"b":332.8,"c":1,"s":"N20","n":0}},{"type":"Feature","geometry":{"type":"Point","coordinates":[144.5473,-14.7837]},"properties":{"d":"2026-10-08","t":"0446","frp":240.7,"b":345.4,"c":1,"s":"N20","n":0}},{"type":"Feature","geometry":{"type":"Point","coordinates":[144.5515,-14.7828]},"properties":{"d":"2026-10-08","t":"0446","frp":48.7,"b":367.0,"c":2,"s":"N20","n":0}},{"type":"Feature","geometry":{"type":"Point","coordinates":[144.5545,-14.7761]},"properties":{"d":"2026-10-08","t":"0446","frp":7.5,"b":330.2,"c":1,"s":"N20","n":0}},{"type":"Feature","geometry":{"type":"Point","coordinates":[144.7996,-14.762]},"properties":{"d":"2026-10-08","t":"0446","frp":3.9,"b":338.4,"c":1,"s":"N20","n":0}},{"type":"Feature","geometry":{"type":"Point","coordinates":[144.7977,-14.7562]},"properties":{"d":"2026-10-08","t":"0446","frp":3.9,"b":332.7,"c":1,"s":"N20","n":0}},{"type":"Feature","geometry":{"type":"Point","coordinates":[144.8326,-14.7551]},"properties":{"d":"2026-10-08","t":"0446","frp":2.6,"b":332.6,"c":1,"s":"N20","n":0}},{"type":"Feature","geometry":{"type":"Point","coordinates":[143.8747,-14.7287]},"properties":{"d":"2026-10-08","t":"0446","frp":4.4,"b":346.9,"c":1,"s":"N20","n":0}},{"type":"Feature","geometry":{"type":"Point","coordinates":[144.5665,-14.7138]},"properties":{"d":"2026-10-08","t":"0446","frp":9.2,"b":335.5,"c":1,"s":"N20","n":0}},{"type":"Feature","geometry":{"type":"Point","coordinates":[144.5708,-14.713]},"properties":{"d":"2026-10-08","t":"0446","frp":10.5,"b":367.0,"c":2,"s":"N20","n":0}},{"type":"Feature","geometry":{"type":"Point","coordinates":[144.575,-14.7121]},"properties":{"d":"2026-10-08","t":"0446","frp":10.5,"b":340.1,"c":1,"s":"N20","n":0}},{"type":"Feature","geometry":{"type":"Point","coordinates":[144.5793,-14.7112]},"properties":{"d":"2026-10-08","t":"0446","frp":7.4,"b":339.2,"c":1,"s":"N20","n":0}},{"type":"Feature","geometry":{"type":"Point","coordinates":[144.5652,-14.708]},"properties":{"d":"2026-10-08","t":"0446","frp":9.2,"b":345.6,"c":1,"s":"N20","n":0}},{"type":"Feature","geometry":{"type":"Point","coordinates":[144.5694,-14.7072]},"properties":{"d":"2026-10-08","t":"0446","frp":10.5,"b":354.8,"c":1,"s":"N20","n":0}},{"type":"Feature","geometry":{"type":"Point","coordinates":[144.5764,-14.6997]},"properties":{"d":"2026-10-08","t":"0446","frp":7.4,"b":341.4,"c":1,"s":"N20","n":0}},{"type":"Feature","geometry":{"type":"Point","coordinates":[143.8238,-14.6944]},"properties":{"d":"2026-10-08","t":"0446","frp":4.4,"b":332.9,"c":1,"s":"N20","n":0}},{"type":"Feature","geometry":{"type":"Point","coordinates":[134.5137,-14.6567]},"properties":{"d":"2026-10-08","t":"0446","frp":7.0,"b":347.3,"c":1,"s":"N20","n":0}},{"type":"Feature","geometry":{"type":"Point","coordinates":[134.9668,-14.5885]},"properties":{"d":"2026-10-08","t":"0446","frp":5.8,"b":339.6,"c":0,"s":"N20","n":0}},{"type":"Feature","geometry":{"type":"Point","coordinates":[134.9588,-14.5863]},"properties":{"d":"2026-10-08","t":"0446","frp":8.6,"b":342.7,"c":1,"s":"N20","n":0}},{"type":"Feature","geometry":{"type":"Point","coordinates":[134.9625,-14.5858]},"properties":{"d":"2026-10-08","t":"0446","frp":8.6,"b":352.5,"c":1,"s":"N20","n":0}},{"type":"Feature","geometry":{"type":"Point","coordinates":[134.9314,-14.5804]},"properties":{"d":"2026-10-08","t":"0446","frp":8.5,"b":344.0,"c":0,"s":"N20","n":0}},{"type":"Feature","geometry":{"type":"Point","coordinates":[135.5148,-14.5741]},"properties":{"d":"2026-10-08","t":"0446","frp":3.3,"b":337.1,"c":0,"s":"N20","n":0}},{"type":"Feature","geometry":{"type":"Point","coordinates":[135.5212,-14.5661]},"properties":{"d":"2026-10-08","t":"0446","frp":4.0,"b":339.5,"c":1,"s":"N20","n":0}},{"type":"Feature","geometry":{"type":"Point","coordinates":[135.5245,-14.562]},"properties":{"d":"2026-10-08","t":"0446","frp":4.9,"b":337.7,"c":1,"s":"N20","n":0}},{"type":"Feature","geometry":{"type":"Point","coordinates":[135.5283,-14.5614]},"properties":{"d":"2026-10-08","t":"0446","frp":4.9,"b":348.3,"c":1,"s":"N20","n":0}},{"type":"Feature","geometry":{"type":"Point","coordinates":[144.4499,-14.311]},"properties":{"d":"2026-10-08","t":"0446","frp":4.0,"b":330.1,"c":1,"s":"N20","n":0}},{"type":"Feature","geometry":{"type":"Point","coordinates":[144.4566,-14.3035]},"properties":{"d":"2026-10-08","t":"0446","frp":4.2,"b":331.9,"c":1,"s":"N20","n":0}},{"type":"Feature","geometry":{"type":"Point","coordinates":[144.4534,-14.2859]},"properties":{"d":"2026-10-08","t":"0446","frp":5.6,"b":330.3,"c":1,"s":"N20","n":0}},{"type":"Feature","geometry":{"type":"Point","coordinates":[144.4575,-14.2851]},"properties":{"d":"2026-10-08","t":"0446","frp":5.6,"b":341.0,"c":1,"s":"N20","n":0}},{"type":"Feature","geometry":{"type":"Point","coordinates":[144.4362,-14.2652]},"properties":{"d":"2026-10-08","t":"0446","frp":8.1,"b":334.5,"c":1,"s":"N20","n":0}},{"type":"Feature","geometry":{"type":"Point","coordinates":[136.503,-14.2039]},"properties":{"d":"2026-10-08","t":"0446","frp":3.5,"b":332.0,"c":1,"s":"N20","n":0}},{"type":"Feature","geometry":{"type":"Point","coordinates":[136.5071,-14.2032]},"properties":{"d":"2026-10-08","t":"0446","frp":3.5,"b":334.6,"c":1,"s":"N20","n":0}},{"type":"Feature","geometry":{"type":"Point","coordinates":[136.5065,-14.1997]},"properties":{"d":"2026-10-08","t":"0446","frp":3.5,"b":343.1,"c":1,"s":"N20","n":0}},{"type":"Feature","geometry":{"type":"Point","coordinates":[136.5059,-14.1961]},"properties":{"d":"2026-10-08","t":"0446","frp":7.5,"b":331.9,"c":1,"s":"N20","n":0}},{"type":"Feature","geometry":{"type":"Point","coordinates":[136.4969,-14.1939]},"properties":{"d":"2026-10-08","t":"0446","frp":3.3,"b":333.5,"c":1,"s":"N20","n":0}},{"type":"Feature","geometry":{"type":"Point","coordinates":[136.5005,-14.1897]},"properties":{"d":"2026-10-08","t":"0446","frp":43.1,"b":353.7,"c":1,"s":"N20","n":0}},{"type":"Feature","geometry":{"type":"Point","coordinates":[136.4999,-14.1861]},"properties":{"d":"2026-10-08","t":"0446","frp":43.1,"b":341.8,"c":1,"s":"N20","n":0}},{"type":"Feature","geometry":{"type":"Point","coordinates":[136.6437,-14.0901]},"properties":{"d":"2026-10-08","t":"0446","frp":5.5,"b":334.7,"c":1,"s":"N20","n":0}},{"type":"Feature","geometry":{"type":"Point","coordinates":[136.6479,-14.0894]},"properties":{"d":"2026-10-08","t":"0446","frp":9.3,"b":353.6,"c":1,"s":"N20","n":0}},{"type":"Feature","geometry":{"type":"Point","coordinates":[136.6522,-14.0886]},"properties":{"d":"2026-10-08","t":"0446","frp":9.3,"b":334.6,"c":1,"s":"N20","n":0}},{"type":"Feature","geometry":{"type":"Point","coordinates":[136.6607,-14.0872]},"properties":{"d":"2026-10-08","t":"0446","frp":2.8,"b":335.5,"c":1,"s":"N20","n":0}},{"type":"Feature","geometry":{"type":"Point","coordinates":[136.6649,-14.0865]},"properties":{"d":"2026-10-08","t":"0446","frp":4.1,"b":341.4,"c":1,"s":"N20","n":0}},{"type":"Feature","geometry":{"type":"Point","coordinates":[136.643,-14.0865]},"properties":{"d":"2026-10-08","t":"0446","frp":8.2,"b":355.5,"c":1,"s":"N20","n":0}},{"type":"Feature","geometry":{"type":"Point","coordinates":[136.6473,-14.0858]},"properties":{"d":"2026-10-08","t":"0446","frp":6.9,"b":342.1,"c":1,"s":"N20","n":0}},{"type":"Feature","geometry":{"type":"Point","coordinates":[136.6558,-14.0843]},"properties":{"d":"2026-10-08","t":"0446","frp":4.1,"b":342.9,"c":1,"s":"N20","n":0}},{"type":"Feature","geometry":{"type":"Point","coordinates":[136.6601,-14.0836]},"properties":{"d":"2026-10-08","t":"0446","frp":4.1,"b":330.3,"c":0,"s":"N20","n":0}},{"type":"Feature","geometry":{"type":"Point","coordinates":[136.6382,-14.0836]},"properties":{"d":"2026-10-08","t":"0446","frp":8.2,"b":335.6,"c":1,"s":"N20","n":0}},{"type":"Feature","geometry":{"type":"Point","coordinates":[136.6643,-14.0829]},"properties":{"d":"2026-10-08","t":"0446","frp":2.5,"b":331.8,"c":0,"s":"N20","n":0}},{"type":"Feature","geometry":{"type":"Point","coordinates":[136.6425,-14.0829]},"properties":{"d":"2026-10-08","t":"0446","frp":8.2,"b":348.6,"c":1,"s":"N20","n":0}},{"type":"Feature","geometry":{"type":"Point","coordinates":[136.6685,-14.0822]},"properties":{"d":"2026-10-08","t":"0446","frp":2.5,"b":331.7,"c":0,"s":"N20","n":0}},{"type":"Feature","geometry":{"type":"Point","coordinates":[136.6721,-14.0779]},"properties":{"d":"2026-10-08","t":"0446","frp":2.2,"b":335.1,"c":1,"s":"N20","n":0}},{"type":"Feature","geometry":{"type":"Point","coordinates":[136.6195,-14.0756]},"properties":{"d":"2026-10-08","t":"0446","frp":15.1,"b":347.0,"c":1,"s":"N20","n":0}},{"type":"Feature","geometry":{"type":"Point","coordinates":[136.6238,-14.0749]},"properties":{"d":"2026-10-08","t":"0446","frp":15.1,"b":345.6,"c":1,"s":"N20","n":0}},{"type":"Feature","geometry":{"type":"Point","coordinates":[136.654,-14.0735]},"properties":{"d":"2026-10-08","t":"0446","frp":3.4,"b":337.2,"c":1,"s":"N20","n":0}},{"type":"Feature","geometry":{"type":"Point","coordinates":[136.6364,-14.0728]},"properties":{"d":"2026-10-08","t":"0446","frp":19.6,"b":342.7,"c":1,"s":"N20","n":0}},{"type":"Feature","geometry":{"type":"Point","coordinates":[136.6189,-14.072]},"properties":{"d":"2026-10-08","t":"0446","frp":15.1,"b":339.1,"c":1,"s":"N20","n":0}},{"type":"Feature","geometry":{"type":"Point","coordinates":[136.6449,-14.0714]},"properties":{"d":"2026-10-08","t":"0446","frp":4.5,"b":334.9,"c":1,"s":"N20","n":0}},{"type":"Feature","geometry":{"type":"Point","coordinates":[136.6231,-14.0713]},"properties":{"d":"2026-10-08","t":"0446","frp":15.1,"b":340.2,"c":1,"s":"N20","n":0}},{"type":"Feature","geometry":{"type":"Point","coordinates":[136.6708,-14.0707]},"properties":{"d":"2026-10-08","t":"0446","frp":1.5,"b":332.5,"c":0,"s":"N20","n":0}},{"type":"Feature","geometry":{"type":"Point","coordinates":[136.6491,-14.0706]},"properties":{"d":"2026-10-08","t":"0446","frp":4.5,"b":347.5,"c":1,"s":"N20","n":0}},{"type":"Feature","geometry":{"type":"Point","coordinates":[136.6274,-14.0706]},"properties":{"d":"2026-10-08","t":"0446","frp":4.3,"b":344.0,"c":1,"s":"N20","n":0}},{"type":"Feature","geometry":{"type":"Point","coordinates":[136.6534,-14.0699]},"properties":{"d":"2026-10-08","t":"0446","frp":4.1,"b":344.0,"c":1,"s":"N20","n":0}},{"type":"Feature","geometry":{"type":"Point","coordinates":[136.6316,-14.0699]},"properties":{"d":"2026-10-08","t":"0446","frp":4.3,"b":341.1,"c":1,"s":"N20","n":0}},{"type":"Feature","geometry":{"type":"Point","coordinates":[136.6358,-14.0692]},"properties":{"d":"2026-10-08","t":"0446","frp":19.6,"b":352.8,"c":1,"s":"N20","n":0}},{"type":"Feature","geometry":{"type":"Point","coordinates":[136.6401,-14.0685]},"properties":{"d":"2026-10-08","t":"0446","frp":19.6,"b":350.0,"c":1,"s":"N20","n":0}},{"type":"Feature","geometry":{"type":"Point","coordinates":[136.6183,-14.0684]},"properties":{"d":"2026-10-08","t":"0446","frp":7.6,"b":347.2,"c":1,"s":"N20","n":0}},{"type":"Feature","geometry":{"type":"Point","coordinates":[136.6225,-14.0677]},"properties":{"d":"2026-10-08","t":"0446","frp":7.6,"b":349.0,"c":1,"s":"N20","n":0}},{"type":"Feature","geometry":{"type":"Point","coordinates":[136.6702,-14.0671]},"properties":{"d":"2026-10-08","t":"0446","frp":3.6,"b":341.4,"c":1,"s":"N20","n":0}},{"type":"Feature","geometry":{"type":"Point","coordinates":[136.6267,-14.067]},"properties":{"d":"2026-10-08","t":"0446","frp":7.4,"b":338.0,"c":1,"s":"N20","n":0}},{"type":"Feature","geometry":{"type":"Point","coordinates":[136.6527,-14.0663]},"properties":{"d":"2026-10-08","t":"0446","frp":4.1,"b":343.1,"c":1,"s":"N20","n":0}},{"type":"Feature","geometry":{"type":"Point","coordinates":[136.631,-14.0663]},"properties":{"d":"2026-10-08","t":"0446","frp":7.4,"b":346.6,"c":1,"s":"N20","n":0}},{"type":"Feature","geometry":{"type":"Point","coordinates":[136.6352,-14.0656]},"properties":{"d":"2026-10-08","t":"0446","frp":5.5,"b":336.2,"c":1,"s":"N20","n":0}},{"type":"Feature","geometry":{"type":"Point","coordinates":[136.6176,-14.0648]},"properties":{"d":"2026-10-08","t":"0446","frp":7.6,"b":342.7,"c":1,"s":"N20","n":0}},{"type":"Feature","geometry":{"type":"Point","coordinates":[136.6219,-14.0641]},"properties":{"d":"2026-10-08","t":"0446","frp":7.6,"b":339.0,"c":1,"s":"N20","n":0}},{"type":"Feature","geometry":{"type":"Point","coordinates":[136.617,-14.0613]},"properties":{"d":"2026-10-08","t":"0446","frp":1.7,"b":330.1,"c":0,"s":"N20","n":0}},{"type":"Feature","geometry":{"type":"Point","coordinates":[143.3045,-14.0561]},"properties":{"d":"2026-10-08","t":"0446","frp":6.3,"b":349.1,"c":1,"s":"N20","n":0}},{"type":"Feature","geometry":{"type":"Point","coordinates":[136.6249,-14.0547]},"properties":{"d":"2026-10-08","t":"0446","frp":4.1,"b":332.5,"c":1,"s":"N20","n":0}},{"type":"Feature","geometry":{"type":"Point","coordinates":[136.6284,-14.0519]},"properties":{"d":"2026-10-08","t":"0446","frp":3.3,"b":330.2,"c":0,"s":"N20","n":0}},{"type":"Feature","geometry":{"type":"Point","coordinates":[143.3033,-14.0507]},"properties":{"d":"2026-10-08","t":"0446","frp":6.3,"b":347.5,"c":1,"s":"N20","n":0}},{"type":"Feature","geometry":{"type":"Point","coordinates":[136.6369,-14.0505]},"properties":{"d":"2026-10-08","t":"0446","frp":5.2,"b":340.2,"c":1,"s":"N20","n":0}},{"type":"Feature","geometry":{"type":"Point","coordinates":[136.6411,-14.0498]},"properties":{"d":"2026-10-08","t":"0446","frp":7.7,"b":348.8,"c":1,"s":"N20","n":0}},{"type":"Feature","geometry":{"type":"Point","coordinates":[136.6327,-14.0497]},"properties":{"d":"2026-10-08","t":"0446","frp":5.9,"b":331.8,"c":0,"s":"N20","n":0}},{"type":"Feature","geometry":{"type":"Point","coordinates":[136.6671,-14.0491]},"properties":{"d":"2026-10-08","t":"0446","frp":3.4,"b":333.6,"c":0,"s":"N20","n":0}},{"type":"Feature","geometry":{"type":"Point","coordinates":[136.6454,-14.049]},"properties":{"d":"2026-10-08","t":"0446","frp":7.7,"b":350.2,"c":1,"s":"N20","n":0}},{"type":"Feature","geometry":{"type":"Point","coordinates":[136.6369,-14.049]},"properties":{"d":"2026-10-08","t":"0446","frp":5.9,"b":355.8,"c":1,"s":"N20","n":0}},{"type":"Feature","geometry":{"type":"Point","coordinates":[136.6714,-14.0483]},"properties":{"d":"2026-10-08","t":"0446","frp":3.4,"b":336.7,"c":1,"s":"N20","n":0}},{"type":"Feature","geometry":{"type":"Point","coordinates":[136.6412,-14.0483]},"properties":{"d":"2026-10-08","t":"0446","frp":11.8,"b":354.1,"c":1,"s":"N20","n":0}},{"type":"Feature","geometry":{"type":"Point","coordinates":[136.6673,-14.0477]},"properties":{"d":"2026-10-08","t":"0446","frp":5.9,"b":336.7,"c":1,"s":"N20","n":0}},{"type":"Feature","geometry":{"type":"Point","coordinates":[136.6455,-14.0476]},"properties":{"d":"2026-10-08","t":"0446","frp":11.8,"b":367.0,"c":2,"s":"N20","n":0}},{"type":"Feature","geometry":{"type":"Point","coordinates":[136.6497,-14.0469]},"properties":{"d":"2026-10-08","t":"0446","frp":8.8,"b":345.3,"c":1,"s":"N20","n":0}},{"type":"Feature","geometry":{"type":"Point","coordinates":[136.6362,-14.0469]},"properties":{"d":"2026-10-08","t":"0446","frp":5.2,"b":348.8,"c":1,"s":"N20","n":0}},{"type":"Feature","geometry":{"type":"Point","coordinates":[136.6447,-14.0455]},"properties":{"d":"2026-10-08","t":"0446","frp":7.7,"b":339.7,"c":1,"s":"N20","n":0}},{"type":"Feature","geometry":{"type":"Point","coordinates":[136.6489,-14.0447]},"properties":{"d":"2026-10-08","t":"0446","frp":6.7,"b":348.8,"c":1,"s":"N20","n":0}},{"type":"Feature","geometry":{"type":"Point","coordinates":[136.6531,-14.044]},"properties":{"d":"2026-10-08","t":"0446","frp":6.7,"b":332.5,"c":0,"s":"N20","n":0}},{"type":"Feature","geometry":{"type":"Point","coordinates":[136.649,-14.0433]},"properties":{"d":"2026-10-08","t":"0446","frp":8.1,"b":352.1,"c":1,"s":"N20","n":0}},{"type":"Feature","geometry":{"type":"Point","coordinates":[136.6532,-14.0426]},"properties":{"d":"2026-10-08","t":"0446","frp":8.1,"b":343.7,"c":1,"s":"N20","n":0}},{"type":"Feature","geometry":{"type":"Point","coordinates":[136.6616,-14.0426]},"properties":{"d":"2026-10-08","t":"0446","frp":5.4,"b":335.7,"c":1,"s":"N20","n":0}},{"type":"Feature","geometry":{"type":"Point","coordinates":[136.6575,-14.0419]},"properties":{"d":"2026-10-08","t":"0446","frp":3.6,"b":348.7,"c":1,"s":"N20","n":0}},{"type":"Feature","geometry":{"type":"Point","coordinates":[136.6618,-14.0412]},"properties":{"d":"2026-10-08","t":"0446","frp":3.6,"b":331.1,"c":0,"s":"N20","n":0}},{"type":"Feature","geometry":{"type":"Point","coordinates":[136.6526,-14.039]},"properties":{"d":"2026-10-08","t":"0446","frp":8.1,"b":348.4,"c":1,"s":"N20","n":0}},{"type":"Feature","geometry":{"type":"Point","coordinates":[136.6947,-14.0284]},"properties":{"d":"2026-10-08","t":"0446","frp":7.6,"b":347.3,"c":1,"s":"N20","n":0}},{"type":"Feature","geometry":{"type":"Point","coordinates":[136.699,-14.0277]},"properties":{"d":"2026-10-08","t":"0446","frp":5.7,"b":335.4,"c":1,"s":"N20","n":0}},{"type":"Feature","geometry":{"type":"Point","coordinates":[136.6941,-14.0248]},"properties":{"d":"2026-10-08","t":"0446","frp":7.6,"b":352.4,"c":1,"s":"N20","n":0}},{"type":"Feature","geometry":{"type":"Point","coordinates":[136.6984,-14.0241]},"properties":{"d":"2026-10-08","t":"0446","frp":5.7,"b":352.4,"c":1,"s":"N20","n":0}},{"type":"Feature","geometry":{"type":"Point","coordinates":[136.5438,-14.0127]},"properties":{"d":"2026-10-08","t":"0446","frp":4.6,"b":351.9,"c":1,"s":"N20","n":0}},{"type":"Feature","geometry":{"type":"Point","coordinates":[136.5432,-14.0091]},"properties":{"d":"2026-10-08","t":"0446","frp":10.5,"b":349.0,"c":1,"s":"N20","n":0}},{"type":"Feature","geometry":{"type":"Point","coordinates":[136.5474,-14.0084]},"properties":{"d":"2026-10-08","t":"0446","frp":5.0,"b":336.9,"c":1,"s":"N20","n":0}},{"type":"Feature","geometry":{"type":"Point","coordinates":[136.5468,-14.0048]},"properties":{"d":"2026-10-08","t":"0446","frp":5.0,"b":344.3,"c":1,"s":"N20","n":0}},{"type":"Feature","geometry":{"type":"Point","coordinates":[136.6574,-13.99]},"properties":{"d":"2026-10-08","t":"0446","frp":5.8,"b":344.8,"c":1,"s":"N20","n":0}},{"type":"Feature","geometry":{"type":"Point","coordinates":[136.6617,-13.9893]},"properties":{"d":"2026-10-08","t":"0446","frp":5.8,"b":347.6,"c":1,"s":"N20","n":0}},{"type":"Feature","geometry":{"type":"Point","coordinates":[136.4921,-13.9881]},"properties":{"d":"2026-10-08","t":"0446","frp":4.5,"b":343.2,"c":1,"s":"N20","n":0}},{"type":"Feature","geometry":{"type":"Point","coordinates":[136.4915,-13.9846]},"properties":{"d":"2026-10-08","t":"0446","frp":4.5,"b":341.1,"c":1,"s":"N20","n":0}},{"type":"Feature","geometry":{"type":"Point","coordinates":[136.4957,-13.9839]},"properties":{"d":"2026-10-08","t":"0446","frp":4.5,"b":333.0,"c":0,"s":"N20","n":0}},{"type":"Feature","geometry":{"type":"Point","coordinates":[136.4951,-13.9803]},"properties":{"d":"2026-10-08","t":"0446","frp":2.1,"b":339.9,"c":1,"s":"N20","n":0}},{"type":"Feature","geometry":{"type":"Point","coordinates":[136.488,-13.9611]},"properties":{"d":"2026-10-08","t":"0446","frp":2.0,"b":332.0,"c":1,"s":"N20","n":0}},{"type":"Feature","geometry":{"type":"Point","coordinates":[130.1485,-13.9526]},"properties":{"d":"2026-10-08","t":"0446","frp":10.2,"b":338.9,"c":1,"s":"N20","n":0}},{"type":"Feature","geometry":{"type":"Point","coordinates":[130.1499,-13.9514]},"properties":{"d":"2026-10-08","t":"0446","frp":10.3,"b":341.8,"c":1,"s":"N20","n":0}},{"type":"Feature","geometry":{"type":"Point","coordinates":[130.1572,-13.9514]},"properties":{"d":"2026-10-08","t":"0446","frp":17.4,"b":344.3,"c":1,"s":"N20","n":0}},{"type":"Feature","geometry":{"type":"Point","coordinates":[130.1614,-13.9509]},"properties":{"d":"2026-10-08","t":"0446","frp":16.4,"b":338.7,"c":1,"s":"N20","n":0}},{"type":"Feature","geometry":{"type":"Point","coordinates":[130.1542,-13.9508]},"properties":{"d":"2026-10-08","t":"0446","frp":13.4,"b":341.8,"c":1,"s":"N20","n":0}},{"type":"Feature","geometry":{"type":"Point","coordinates":[130.1585,-13.9502]},"properties":{"d":"2026-10-08","t":"0446","frp":13.4,"b":350.5,"c":1,"s":"N20","n":0}},{"type":"Feature","geometry":{"type":"Point","coordinates":[130.1536,-13.9472]},"properties":{"d":"2026-10-08","t":"0446","frp":13.4,"b":333.7,"c":0,"s":"N20","n":0}},{"type":"Feature","geometry":{"type":"Point","coordinates":[130.1579,-13.9466]},"properties":{"d":"2026-10-08","t":"0446","frp":13.4,"b":346.3,"c":1,"s":"N20","n":0}},{"type":"Feature","geometry":{"type":"Point","coordinates":[130.5716,-13.7649]},"properties":{"d":"2026-10-08","t":"0446","frp":14.2,"b":344.6,"c":0,"s":"N20","n":0}},{"type":"Feature","geometry":{"type":"Point","coordinates":[142.0223,-13.6579]},"properties":{"d":"2026-10-08","t":"0446","frp":3.3,"b":335.8,"c":1,"s":"N20","n":0}},{"type":"Feature","geometry":{"type":"Point","coordinates":[141.9221,-13.6564]},"properties":{"d":"2026-10-08","t":"0446","frp":6.4,"b":340.6,"c":1,"s":"N20","n":0}},{"type":"Feature","geometry":{"type":"Point","coordinates":[141.9251,-13.6559]},"properties":{"d":"2026-10-08","t":"0446","frp":3.6,"b":330.5,"c":1,"s":"N20","n":0}},{"type":"Feature","geometry":{"type":"Point","coordinates":[141.9265,-13.6515]},"properties":{"d":"2026-10-08","t":"0446","frp":5.3,"b":339.8,"c":1,"s":"N20","n":0}},{"type":"Feature","geometry":{"type":"Point","coordinates":[141.9271,-13.6503]},"properties":{"d":"2026-10-08","t":"0446","frp":3.6,"b":339.8,"c":1,"s":"N20","n":0}},{"type":"Feature","geometry":{"type":"Point","coordinates":[142.0232,-13.6473]},"properties":{"d":"2026-10-08","t":"0446","frp":5.7,"b":342.6,"c":1,"s":"N20","n":0}},{"type":"Feature","geometry":{"type":"Point","coordinates":[141.9315,-13.6454]},"properties":{"d":"2026-10-08","t":"0446","frp":3.9,"b":336.4,"c":1,"s":"N20","n":0}},{"type":"Feature","geometry":{"type":"Point","coordinates":[141.9321,-13.6441]},"properties":{"d":"2026-10-08","t":"0446","frp":3.3,"b":331.6,"c":1,"s":"N20","n":0}},{"type":"Feature","geometry":{"type":"Point","coordinates":[142.0223,-13.6422]},"properties":{"d":"2026-10-08","t":"0446","frp":5.7,"b":367.0,"c":2,"s":"N20","n":0}},{"type":"Feature","geometry":{"type":"Point","coordinates":[143.1802,-13.5959]},"properties":{"d":"2026-10-08","t":"0446","frp":5.3,"b":333.7,"c":1,"s":"N20","n":0}},{"type":"Feature","geometry":{"type":"Point","coordinates":[143.1838,-13.5952]},"properties":{"d":"2026-10-08","t":"0446","frp":5.8,"b":356.2,"c":1,"s":"N20","n":0}},{"type":"Feature","geometry":{"type":"Point","coordinates":[143.1874,-13.5945]},"properties":{"d":"2026-10-08","t":"0446","frp":5.8,"b":339.4,"c":1,"s":"N20","n":0}},{"type":"Feature","geometry":{"type":"Point","coordinates":[143.1911,-13.5938]},"properties":{"d":"2026-10-08","t":"0446","frp":3.5,"b":334.9,"c":1,"s":"N20","n":0}},{"type":"Feature","geometry":{"type":"Point","coordinates":[143.179,-13.5905]},"properties":{"d":"2026-10-08","t":"0446","frp":5.3,"b":350.4,"c":1,"s":"N20","n":0}},{"type":"Feature","geometry":{"type":"Point","coordinates":[143.1827,-13.5897]},"properties":{"d":"2026-10-08","t":"0446","frp":5.8,"b":331.4,"c":1,"s":"N20","n":0}},{"type":"Feature","geometry":{"type":"Point","coordinates":[143.1899,-13.5883]},"properties":{"d":"2026-10-08","t":"0446","frp":3.5,"b":332.4,"c":1,"s":"N20","n":0}},{"type":"Feature","geometry":{"type":"Point","coordinates":[143.1587,-13.5661]},"properties":{"d":"2026-10-08","t":"0446","frp":5.4,"b":336.8,"c":1,"s":"N20","n":0}},{"type":"Feature","geometry":{"type":"Point","coordinates":[143.1538,-13.5614]},"properties":{"d":"2026-10-08","t":"0446","frp":5.4,"b":345.0,"c":1,"s":"N20","n":0}},{"type":"Feature","geometry":{"type":"Point","coordinates":[143.1549,-13.5499]},"properties":{"d":"2026-10-08","t":"0446","frp":4.0,"b":332.3,"c":1,"s":"N20","n":0}},{"type":"Feature","geometry":{"type":"Point","coordinates":[143.1511,-13.511]},"properties":{"d":"2026-10-08","t":"0446","frp":4.7,"b":330.9,"c":1,"s":"N20","n":0}},{"type":"Feature","geometry":{"type":"Point","coordinates":[143.1506,-13.5103]},"properties":{"d":"2026-10-08","t":"0446","frp":4.0,"b":333.6,"c":1,"s":"N20","n":0}},{"type":"Feature","geometry":{"type":"Point","coordinates":[143.155,-13.5102]},"properties":{"d":"2026-10-08","t":"0446","frp":4.7,"b":344.4,"c":1,"s":"N20","n":0}},{"type":"Feature","geometry":{"type":"Point","coordinates":[143.1546,-13.5095]},"properties":{"d":"2026-10-08","t":"0446","frp":4.0,"b":347.7,"c":1,"s":"N20","n":0}},{"type":"Feature","geometry":{"type":"Point","coordinates":[143.1587,-13.5094]},"properties":{"d":"2026-10-08","t":"0446","frp":7.1,"b":346.6,"c":1,"s":"N20","n":0}},{"type":"Feature","geometry":{"type":"Point","coordinates":[143.1583,-13.5088]},"properties":{"d":"2026-10-08","t":"0446","frp":6.2,"b":347.6,"c":1,"s":"N20","n":0}},{"type":"Feature","geometry":{"type":"Point","coordinates":[143.1625,-13.5087]},"properties":{"d":"2026-10-08","t":"0446","frp":7.1,"b":350.5,"c":1,"s":"N20","n":0}},{"type":"Feature","geometry":{"type":"Point","coordinates":[143.1621,-13.5081]},"properties":{"d":"2026-10-08","t":"0446","frp":6.2,"b":367.0,"c":2,"s":"N20","n":0}},{"type":"Feature","geometry":{"type":"Point","coordinates":[143.1501,-13.5055]},"properties":{"d":"2026-10-08","t":"0446","frp":4.7,"b":335.9,"c":1,"s":"N20","n":0}},{"type":"Feature","geometry":{"type":"Point","coordinates":[143.1497,-13.5048]},"properties":{"d":"2026-10-08","t":"0446","frp":5.2,"b":333.3,"c":1,"s":"N20","n":0}},{"type":"Feature","geometry":{"type":"Point","coordinates":[143.1614,-13.5032]},"properties":{"d":"2026-10-08","t":"0446","frp":7.1,"b":351.1,"c":1,"s":"N20","n":0}},{"type":"Feature","geometry":{"type":"Point","coordinates":[143.1611,-13.5026]},"properties":{"d":"2026-10-08","t":"0446","frp":7.8,"b":339.8,"c":1,"s":"N20","n":0}},{"type":"Feature","geometry":{"type":"Point","coordinates":[143.1651,-13.5024]},"properties":{"d":"2026-10-08","t":"0446","frp":9.7,"b":349.3,"c":1,"s":"N20","n":0}},{"type":"Feature","geometry":{"type":"Point","coordinates":[143.1647,-13.5019]},"properties":{"d":"2026-10-08","t":"0446","frp":5.5,"b":350.2,"c":1,"s":"N20","n":0}},{"type":"Feature","geometry":{"type":"Point","coordinates":[143.1685,-13.5012]},"properties":{"d":"2026-10-08","t":"0446","frp":5.5,"b":333.6,"c":1,"s":"N20","n":0}},{"type":"Feature","geometry":{"type":"Point","coordinates":[136.1338,-13.4968]},"properties":{"d":"2026-10-08","t":"0446","frp":30.6,"b":345.5,"c":1,"s":"N20","n":0}},{"type":"Feature","geometry":{"type":"Point","coordinates":[136.1378,-13.4961]},"properties":{"d":"2026-10-08","t":"0446","frp":15.3,"b":350.0,"c":1,"s":"N20","n":0}},{"type":"Feature","geometry":{"type":"Point","coordinates":[143.1675,-13.4957]},"properties":{"d":"2026-10-08","t":"0446","frp":5.5,"b":343.6,"c":1,"s":"N20","n":0}},{"type":"Feature","geometry":{"type":"Point","coordinates":[136.1419,-13.4954]},"properties":{"d":"2026-10-08","t":"0446","frp":15.3,"b":344.9,"c":1,"s":"N20","n":0}},{"type":"Feature","geometry":{"type":"Point","coordinates":[143.1711,-13.495]},"properties":{"d":"2026-10-08","t":"0446","frp":6.2,"b":355.4,"c":1,"s":"N20","n":0}},{"type":"Feature","geometry":{"type":"Point","coordinates":[136.146,-13.4947]},"properties":{"d":"2026-10-08","t":"0446","frp":27.4,"b":346.6,"c":1,"s":"N20","n":0}},{"type":"Feature","geometry":{"type":"Point","coordinates":[143.1748,-13.4943]},"properties":{"d":"2026-10-08","t":"0446","frp":6.2,"b":336.6,"c":1,"s":"N20","n":0}},{"type":"Feature","geometry":{"type":"Point","coordinates":[136.1332,-13.4932]},"properties":{"d":"2026-10-08","t":"0446","frp":30.6,"b":354.2,"c":1,"s":"N20","n":0}},{"type":"Feature","geometry":{"type":"Point","coordinates":[136.1372,-13.4926]},"properties":{"d":"2026-10-08","t":"0446","frp":15.3,"b":344.0,"c":1,"s":"N20","n":0}},{"type":"Feature","geometry":{"type":"Point","coordinates":[136.1366,-13.489]},"properties":{"d":"2026-10-08","t":"0446","frp":15.8,"b":346.2,"c":1,"s":"N20","n":0}},{"type":"Feature","geometry":{"type":"Point","coordinates":[143.1738,-13.4888]},"properties":{"d":"2026-10-08","t":"0446","frp":14.4,"b":367.0,"c":2,"s":"N20","n":0}},{"type":"Feature","geometry":{"type":"Point","coordinates":[136.1407,-13.4884]},"properties":{"d":"2026-10-08","t":"0446","frp":15.8,"b":348.9,"c":1,"s":"N20","n":0}},{"type":"Feature","geometry":{"type":"Point","coordinates":[136.132,-13.4862]},"properties":{"d":"2026-10-08","t":"0446","frp":10.9,"b":346.2,"c":1,"s":"N20","n":0}},{"type":"Feature","geometry":{"type":"Point","coordinates":[136.1442,-13.4841]},"properties":{"d":"2026-10-08","t":"0446","frp":8.3,"b":331.5,"c":1,"s":"N20","n":0}},{"type":"Feature","geometry":{"type":"Point","coordinates":[143.1764,-13.4826]},"properties":{"d":"2026-10-08","t":"0446","frp":7.4,"b":340.2,"c":1,"s":"N20","n":0}},{"type":"Feature","geometry":{"type":"Point","coordinates":[136.1403,-13.4815]},"properties":{"d":"2026-10-08","t":"0446","frp":6.4,"b":341.2,"c":1,"s":"N20","n":0}},{"type":"Feature","geometry":{"type":"Point","coordinates":[136.1608,-13.4782]},"properties":{"d":"2026-10-08","t":"0446","frp":17.5,"b":345.8,"c":1,"s":"N20","n":0}},{"type":"Feature","geometry":{"type":"Point","coordinates":[136.16,-13.4779]},"properties":{"d":"2026-10-08","t":"0446","frp":16.2,"b":345.5,"c":1,"s":"N20","n":0}},{"type":"Feature","geometry":{"type":"Point","coordinates":[143.1753,-13.4771]},"properties":{"d":"2026-10-08","t":"0446","frp":2.0,"b":332.0,"c":1,"s":"N20","n":0}},{"type":"Feature","geometry":{"type":"Point","coordinates":[136.1553,-13.475]},"properties":{"d":"2026-10-08","t":"0446","frp":6.1,"b":340.4,"c":1,"s":"N20","n":0}},{"type":"Feature","geometry":{"type":"Point","coordinates":[136.1602,-13.4746]},"properties":{"d":"2026-10-08","t":"0446","frp":17.5,"b":346.3,"c":1,"s":"N20","n":0}},{"type":"Feature","geometry":{"type":"Point","coordinates":[136.1594,-13.4743]},"properties":{"d":"2026-10-08","t":"0446","frp":16.2,"b":339.7,"c":1,"s":"N20","n":0}},{"type":"Feature","geometry":{"type":"Point","coordinates":[136.1643,-13.474]},"properties":{"d":"2026-10-08","t":"0446","frp":17.5,"b":345.4,"c":1,"s":"N20","n":0}},{"type":"Feature","geometry":{"type":"Point","coordinates":[136.1635,-13.4736]},"properties":{"d":"2026-10-08","t":"0446","frp":16.2,"b":354.6,"c":1,"s":"N20","n":0}},{"type":"Feature","geometry":{"type":"Point","coordinates":[143.1743,-13.4717]},"properties":{"d":"2026-10-08","t":"0446","frp":2.0,"b":332.7,"c":1,"s":"N20","n":0}},{"type":"Feature","geometry":{"type":"Point","coordinates":[136.1637,-13.4704]},"properties":{"d":"2026-10-08","t":"0446","frp":11.6,"b":352.2,"c":1,"s":"N20","n":0}},{"type":"Feature","geometry":{"type":"Point","coordinates":[136.1678,-13.4697]},"properties":{"d":"2026-10-08","t":"0446","frp":18.0,"b":350.2,"c":1,"s":"N20","n":0}},{"type":"Feature","geometry":{"type":"Point","coordinates":[136.1461,-13.466]},"properties":{"d":"2026-10-08","t":"0446","frp":6.5,"b":342.4,"c":1,"s":"N20","n":0}},{"type":"Feature","geometry":{"type":"Point","coordinates":[136.1713,-13.4655]},"properties":{"d":"2026-10-08","t":"0446","frp":18.0,"b":345.4,"c":1,"s":"N20","n":0}},{"type":"Feature","geometry":{"type":"Point","coordinates":[136.1625,-13.4633]},"properties":{"d":"2026-10-08","t":"0446","frp":6.4,"b":338.4,"c":1,"s":"N20","n":0}},{"type":"Feature","geometry":{"type":"Point","coordinates":[136.1707,-13.462]},"properties":{"d":"2026-10-08","t":"0446","frp":39.1,"b":347.0,"c":1,"s":"N20","n":0}},{"type":"Feature","geometry":{"type":"Point","coordinates":[136.1695,-13.4549]},"properties":{"d":"2026-10-08","t":"0446","frp":12.7,"b":338.6,"c":0,"s":"N20","n":0}},{"type":"Feature","geometry":{"type":"Point","coordinates":[136.1736,-13.4542]},"properties":{"d":"2026-10-08","t":"0446","frp":21.9,"b":338.4,"c":1,"s":"N20","n":0}},{"type":"Feature","geometry":{"type":"Point","coordinates":[136.173,-13.4507]},"properties":{"d":"2026-10-08","t":"0446","frp":21.9,"b":350.5,"c":1,"s":"N20","n":0}},{"type":"Feature","geometry":{"type":"Point","coordinates":[136.1724,-13.4471]},"properties":{"d":"2026-10-08","t":"0446","frp":8.4,"b":341.4,"c":1,"s":"N20","n":0}},{"type":"Feature","geometry":{"type":"Point","coordinates":[136.1759,-13.4429]},"properties":{"d":"2026-10-08","t":"0446","frp":8.4,"b":343.4,"c":1,"s":"N20","n":0}},{"type":"Feature","geometry":{"type":"Point","coordinates":[136.1753,-13.4394]},"properties":{"d":"2026-10-08","t":"0446","frp":8.2,"b":346.1,"c":1,"s":"N20","n":0}},{"type":"Feature","geometry":{"type":"Point","coordinates":[136.1735,-13.4287]},"properties":{"d":"2026-10-08","t":"0446","frp":10.9,"b":340.7,"c":1,"s":"N20","n":0}},{"type":"Feature","geometry":{"type":"Point","coordinates":[136.1729,-13.4252]},"properties":{"d":"2026-10-08","t":"0446","frp":42.7,"b":350.9,"c":1,"s":"N20","n":0}},{"type":"Feature","geometry":{"type":"Point","coordinates":[136.211,-13.1941]},"properties":{"d":"2026-10-08","t":"0446","frp":6.6,"b":337.5,"c":1,"s":"N20","n":0}},{"type":"Feature","geometry":{"type":"Point","coordinates":[136.2062,-13.1912]},"properties":{"d":"2026-10-08","t":"0446","frp":6.6,"b":342.2,"c":1,"s":"N20","n":0}},{"type":"Feature","geometry":{"type":"Point","coordinates":[136.2015,-13.1883]},"properties":{"d":"2026-10-08","t":"0446","frp":5.7,"b":337.0,"c":0,"s":"N20","n":0}},{"type":"Feature","geometry":{"type":"Point","coordinates":[132.0633,-13.1672]},"properties":{"d":"2026-10-08","t":"0446","frp":17.5,"b":354.6,"c":1,"s":"N20","n":0}},{"type":"Feature","geometry":{"type":"Point","coordinates":[132.0592,-13.1644]},"properties":{"d":"2026-10-08","t":"0446","frp":19.3,"b":346.3,"c":1,"s":"N20","n":0}},{"type":"Feature","geometry":{"type":"Point","coordinates":[132.0628,-13.1639]},"properties":{"d":"2026-10-08","t":"0446","frp":19.3,"b":354.7,"c":1,"s":"N20","n":0}},{"type":"Feature","geometry":{"type":"Point","coordinates":[132.0664,-13.1633]},"properties":{"d":"2026-10-08","t":"0446","frp":4.8,"b":339.1,"c":1,"s":"N20","n":0}},{"type":"Feature","geometry":{"type":"Point","coordinates":[132.07,-13.1628]},"properties":{"d":"2026-10-08","t":"0446","frp":4.8,"b":346.3,"c":1,"s":"N20","n":0}},{"type":"Feature","geometry":{"type":"Point","coordinates":[132.0477,-13.1627]},"properties":{"d":"2026-10-08","t":"0446","frp":12.9,"b":350.2,"c":1,"s":"N20","n":0}},{"type":"Feature","geometry":{"type":"Point","coordinates":[132.0736,-13.1623]},"properties":{"d":"2026-10-08","t":"0446","frp":21.6,"b":344.6,"c":1,"s":"N20","n":0}},{"type":"Feature","geometry":{"type":"Point","coordinates":[132.0695,-13.1595]},"properties":{"d":"2026-10-08","t":"0446","frp":4.8,"b":348.8,"c":1,"s":"N20","n":0}},{"type":"Feature","geometry":{"type":"Point","coordinates":[132.0472,-13.1593]},"properties":{"d":"2026-10-08","t":"0446","frp":10.0,"b":346.6,"c":1,"s":"N20","n":0}},{"type":"Feature","geometry":{"type":"Point","coordinates":[131.9015,-13.1584]},"properties":{"d":"2026-10-08","t":"0446","frp":34.4,"b":345.1,"c":1,"s":"N20","n":0}},{"type":"Feature","geometry":{"type":"Point","coordinates":[132.0545,-13.1583]},"properties":{"d":"2026-10-08","t":"0446","frp":12.2,"b":343.2,"c":1,"s":"N20","n":0}},{"type":"Feature","geometry":{"type":"Point","coordinates":[132.0581,-13.1577]},"properties":{"d":"2026-10-08","t":"0446","frp":8.3,"b":341.9,"c":1,"s":"N20","n":0}},{"type":"Feature","geometry":{"type":"Point","coordinates":[132.0358,-13.1576]},"properties":{"d":"2026-10-08","t":"0446","frp":4.6,"b":341.4,"c":1,"s":"N20","n":0}},{"type":"Feature","geometry":{"type":"Point","coordinates":[132.0394,-13.157]},"properties":{"d":"2026-10-08","t":"0446","frp":4.6,"b":348.7,"c":1,"s":"N20","n":0}},{"type":"Feature","geometry":{"type":"Point","coordinates":[132.0208,-13.1563]},"properties":{"d":"2026-10-08","t":"0446","frp":11.3,"b":342.0,"c":1,"s":"N20","n":0}},{"type":"Feature","geometry":{"type":"Point","coordinates":[132.0353,-13.1542]},"properties":{"d":"2026-10-08","t":"0446","frp":8.2,"b":344.8,"c":1,"s":"N20","n":0}},{"type":"Feature","geometry":{"type":"Point","coordinates":[132.0389,-13.1537]},"properties":{"d":"2026-10-08","t":"0446","frp":8.2,"b":342.1,"c":1,"s":"N20","n":0}},{"type":"Feature","geometry":{"type":"Point","coordinates":[132.0166,-13.1535]},"properties":{"d":"2026-10-08","t":"0446","frp":26.9,"b":341.2,"c":0,"s":"N20","n":0}},{"type":"Feature","geometry":{"type":"Point","coordinates":[132.0202,-13.153]},"properties":{"d":"2026-10-08","t":"0446","frp":11.3,"b":352.5,"c":1,"s":"N20","n":0}},{"type":"Feature","geometry":{"type":"Point","coordinates":[131.878,-13.1516]},"properties":{"d":"2026-10-08","t":"0446","frp":6.3,"b":340.2,"c":1,"s":"N20","n":0}},{"type":"Feature","geometry":{"type":"Point","coordinates":[132.0571,-13.151]},"properties":{"d":"2026-10-08","t":"0446","frp":8.4,"b":343.9,"c":1,"s":"N20","n":0}},{"type":"Feature","geometry":{"type":"Point","coordinates":[132.0161,-13.1502]},"properties":{"d":"2026-10-08","t":"0446","frp":15.0,"b":339.1,"c":1,"s":"N20","n":0}},{"type":"Feature","geometry":{"type":"Point","coordinates":[132.0197,-13.1496]},"properties":{"d":"2026-10-08","t":"0446","frp":12.5,"b":355.5,"c":1,"s":"N20","n":0}},{"type":"Feature","geometry":{"type":"Point","coordinates":[132.0233,-13.1491]},"properties":{"d":"2026-10-08","t":"0446","frp":12.5,"b":345.4,"c":1,"s":"N20","n":0}},{"type":"Feature","geometry":{"type":"Point","coordinates":[132.0192,-13.1463]},"properties":{"d":"2026-10-08","t":"0446","frp":12.5,"b":352.9,"c":1,"s":"N20","n":0}},{"type":"Feature","geometry":{"type":"Point","coordinates":[132.0228,-13.1457]},"properties":{"d":"2026-10-08","t":"0446","frp":12.5,"b":367.0,"c":2,"s":"N20","n":0}},{"type":"Feature","geometry":{"type":"Point","coordinates":[132.0265,-13.1452]},"properties":{"d":"2026-10-08","t":"0446","frp":9.6,"b":342.6,"c":1,"s":"N20","n":0}},{"type":"Feature","geometry":{"type":"Point","coordinates":[132.0222,-13.1439]},"properties":{"d":"2026-10-08","t":"0446","frp":14.9,"b":367.0,"c":2,"s":"N20","n":0}},{"type":"Feature","geometry":{"type":"Point","coordinates":[131.9775,-13.1437]},"properties":{"d":"2026-10-08","t":"0446","frp":8.4,"b":338.0,"c":1,"s":"N20","n":0}},{"type":"Feature","geometry":{"type":"Point","coordinates":[132.0258,-13.1433]},"properties":{"d":"2026-10-08","t":"0446","frp":11.9,"b":351.1,"c":1,"s":"N20","n":0}},{"type":"Feature","geometry":{"type":"Point","coordinates":[131.9812,-13.1431]},"properties":{"d":"2026-10-08","t":"0446","frp":12.0,"b":367.0,"c":2,"s":"N20","n":0}},{"type":"Feature","geometry":{"type":"Point","coordinates":[131.9848,-13.1426]},"properties":{"d":"2026-10-08","t":"0446","frp":12.0,"b":367.0,"c":2,"s":"N20","n":0}},{"type":"Feature","geometry":{"type":"Point","coordinates":[131.9885,-13.142]},"properties":{"d":"2026-10-08","t":"0446","frp":6.6,"b":348.0,"c":1,"s":"N20","n":0}},{"type":"Feature","geometry":{"type":"Point","coordinates":[131.977,-13.1403]},"properties":{"d":"2026-10-08","t":"0446","frp":8.4,"b":343.3,"c":1,"s":"N20","n":0}},{"type":"Feature","geometry":{"type":"Point","coordinates":[131.9656,-13.1386]},"properties":{"d":"2026-10-08","t":"0446","frp":5.6,"b":338.6,"c":0,"s":"N20","n":0}},{"type":"Feature","geometry":{"type":"Point","coordinates":[132.0399,-13.1378]},"properties":{"d":"2026-10-08","t":"0446","frp":3.0,"b":336.8,"c":0,"s":"N20","n":0}},{"type":"Feature","geometry":{"type":"Point","coordinates":[131.9723,-13.1341]},"properties":{"d":"2026-10-08","t":"0446","frp":4.0,"b":339.4,"c":1,"s":"N20","n":0}},{"type":"Feature","geometry":{"type":"Point","coordinates":[131.9833,-13.1325]},"properties":{"d":"2026-10-08","t":"0446","frp":2.4,"b":340.9,"c":1,"s":"N20","n":0}},{"type":"Feature","geometry":{"type":"Point","coordinates":[131.9827,-13.1292]},"properties":{"d":"2026-10-08","t":"0446","frp":10.0,"b":346.4,"c":1,"s":"N20","n":0}},{"type":"Feature","geometry":{"type":"Point","coordinates":[131.9604,-13.129]},"properties":{"d":"2026-10-08","t":"0446","frp":9.1,"b":345.4,"c":1,"s":"N20","n":0}},{"type":"Feature","geometry":{"type":"Point","coordinates":[131.9822,-13.1258]},"properties":{"d":"2026-10-08","t":"0446","frp":10.0,"b":342.0,"c":1,"s":"N20","n":0}},{"type":"Feature","geometry":{"type":"Point","coordinates":[131.9838,-13.0878]},"properties":{"d":"2026-10-08","t":"0446","frp":5.5,"b":346.7,"c":1,"s":"N20","n":0}},{"type":"Feature","geometry":{"type":"Point","coordinates":[131.9796,-13.085]},"properties":{"d":"2026-10-08","t":"0446","frp":5.5,"b":339.1,"c":1,"s":"N20","n":0}},{"type":"Feature","geometry":{"type":"Point","coordinates":[131.9833,-13.0844]},"properties":{"d":"2026-10-08","t":"0446","frp":5.5,"b":348.6,"c":1,"s":"N20","n":0}},{"type":"Feature","geometry":{"type":"Point","coordinates":[131.9755,-13.0822]},"properties":{"d":"2026-10-08","t":"0446","frp":6.0,"b":347.6,"c":1,"s":"N20","n":0}},{"type":"Feature","geometry":{"type":"Point","coordinates":[131.9791,-13.0816]},"properties":{"d":"2026-10-08","t":"0446","frp":10.4,"b":367.0,"c":2,"s":"N20","n":0}},{"type":"Feature","geometry":{"type":"Point","coordinates":[131.9636,-13.077]},"properties":{"d":"2026-10-08","t":"0446","frp":22.3,"b":340.0,"c":1,"s":"N20","n":0}},{"type":"Feature","geometry":{"type":"Point","coordinates":[131.7895,-13.0631]},"properties":{"d":"2026-10-08","t":"0446","frp":17.9,"b":348.4,"c":1,"s":"N20","n":0}},{"type":"Feature","geometry":{"type":"Point","coordinates":[141.7255,-13.0536]},"properties":{"d":"2026-10-08","t":"0446","frp":9.1,"b":367.0,"c":2,"s":"N20","n":0}},{"type":"Feature","geometry":{"type":"Point","coordinates":[141.7285,-13.053]},"properties":{"d":"2026-10-08","t":"0446","frp":9.1,"b":353.0,"c":1,"s":"N20","n":0}},{"type":"Feature","geometry":{"type":"Point","coordinates":[141.7314,-13.0524]},"properties":{"d":"2026-10-08","t":"0446","frp":12.7,"b":367.0,"c":2,"s":"N20","n":0}},{"type":"Feature","geometry":{"type":"Point","coordinates":[142.0759,-13.0339]},"properties":{"d":"2026-10-08","t":"0446","frp":4.6,"b":332.1,"c":1,"s":"N20","n":0}},{"type":"Feature","geometry":{"type":"Point","coordinates":[142.036,-13.0309]},"properties":{"d":"2026-10-08","t":"0446","frp":4.2,"b":340.3,"c":1,"s":"N20","n":0}},{"type":"Feature","geometry":{"type":"Point","coordinates":[142.0391,-13.0303]},"properties":{"d":"2026-10-08","t":"0446","frp":4.2,"b":332.2,"c":1,"s":"N20","n":0}},{"type":"Feature","geometry":{"type":"Point","coordinates":[142.0485,-13.0285]},"properties":{"d":"2026-10-08","t":"0446","frp":4.0,"b":338.9,"c":1,"s":"N20","n":0}},{"type":"Feature","geometry":{"type":"Point","coordinates":[142.0517,-13.0279]},"properties":{"d":"2026-10-08","t":"0446","frp":4.0,"b":333.0,"c":1,"s":"N20","n":0}},{"type":"Feature","geometry":{"type":"Point","coordinates":[142.0549,-13.0273]},"properties":{"d":"2026-10-08","t":"0446","frp":6.0,"b":333.5,"c":1,"s":"N20","n":0}},{"type":"Feature","geometry":{"type":"Point","coordinates":[142.0675,-13.0249]},"properties":{"d":"2026-10-08","t":"0446","frp":7.5,"b":344.8,"c":1,"s":"N20","n":0}},{"type":"Feature","geometry":{"type":"Point","coordinates":[142.0707,-13.0243]},"properties":{"d":"2026-10-08","t":"0446","frp":7.5,"b":356.3,"c":0,"s":"N20","n":0}},{"type":"Feature","geometry":{"type":"Point","coordinates":[142.0474,-13.0234]},"properties":{"d":"2026-10-08","t":"0446","frp":2.6,"b":336.7,"c":1,"s":"N20","n":0}},{"type":"Feature","geometry":{"type":"Point","coordinates":[142.0506,-13.0228]},"properties":{"d":"2026-10-08","t":"0446","frp":2.6,"b":336.2,"c":1,"s":"N20","n":0}},{"type":"Feature","geometry":{"type":"Point","coordinates":[142.0464,-13.0183]},"properties":{"d":"2026-10-08","t":"0446","frp":2.6,"b":337.2,"c":1,"s":"N20","n":0}},{"type":"Feature","geometry":{"type":"Point","coordinates":[142.3811,-12.943]},"properties":{"d":"2026-10-08","t":"0446","frp":1.2,"b":344.5,"c":1,"s":"N20","n":0}},{"type":"Feature","geometry":{"type":"Point","coordinates":[136.0286,-12.9381]},"properties":{"d":"2026-10-08","t":"0446","frp":52.4,"b":352.1,"c":1,"s":"N20","n":0}},{"type":"Feature","geometry":{"type":"Point","coordinates":[142.3801,-12.9377]},"properties":{"d":"2026-10-08","t":"0446","frp":10.1,"b":348.1,"c":1,"s":"N20","n":0}},{"type":"Feature","geometry":{"type":"Point","coordinates":[136.0327,-12.9374]},"properties":{"d":"2026-10-08","t":"0446","frp":52.4,"b":344.8,"c":0,"s":"N20","n":0}},{"type":"Feature","geometry":{"type":"Point","coordinates":[142.3834,-12.9371]},"properties":{"d":"2026-10-08","t":"0446","frp":6.6,"b":367.0,"c":2,"s":"N20","n":0}},{"type":"Feature","geometry":{"type":"Point","coordinates":[142.3867,-12.9365]},"properties":{"d":"2026-10-08","t":"0446","frp":6.6,"b":333.8,"c":1,"s":"N20","n":0}},{"type":"Feature","geometry":{"type":"Point","coordinates":[142.3899,-12.9358]},"properties":{"d":"2026-10-08","t":"0446","frp":6.2,"b":342.4,"c":1,"s":"N20","n":0}},{"type":"Feature","geometry":{"type":"Point","coordinates":[142.3824,-12.9319]},"properties":{"d":"2026-10-08","t":"0446","frp":6.6,"b":367.0,"c":2,"s":"N20","n":0}},{"type":"Feature","geometry":{"type":"Point","coordinates":[142.3856,-12.9312]},"properties":{"d":"2026-10-08","t":"0446","frp":6.6,"b":367.0,"c":2,"s":"N20","n":0}},{"type":"Feature","geometry":{"type":"Point","coordinates":[131.2242,-12.9298]},"properties":{"d":"2026-10-08","t":"0446","frp":78.2,"b":342.6,"c":0,"s":"N20","n":0}},{"type":"Feature","geometry":{"type":"Point","coordinates":[131.2281,-12.9292]},"properties":{"d":"2026-10-08","t":"0446","frp":147.1,"b":341.0,"c":1,"s":"N20","n":0}},{"type":"Feature","geometry":{"type":"Point","coordinates":[131.2237,-12.9263]},"properties":{"d":"2026-10-08","t":"0446","frp":78.2,"b":367.0,"c":2,"s":"N20","n":0}},{"type":"Feature","geometry":{"type":"Point","coordinates":[131.2156,-12.924]},"properties":{"d":"2026-10-08","t":"0446","frp":7.3,"b":340.1,"c":0,"s":"N20","n":0}},{"type":"Feature","geometry":{"type":"Point","coordinates":[131.2194,-12.9235]},"properties":{"d":"2026-10-08","t":"0446","frp":37.9,"b":348.8,"c":1,"s":"N20","n":0}},{"type":"Feature","geometry":{"type":"Point","coordinates":[131.227,-12.9223]},"properties":{"d":"2026-10-08","t":"0446","frp":15.6,"b":341.3,"c":1,"s":"N20","n":0}},{"type":"Feature","geometry":{"type":"Point","coordinates":[131.2151,-12.9206]},"properties":{"d":"2026-10-08","t":"0446","frp":7.3,"b":343.5,"c":0,"s":"N20","n":0}},{"type":"Feature","geometry":{"type":"Point","coordinates":[131.2227,-12.9195]},"properties":{"d":"2026-10-08","t":"0446","frp":37.9,"b":349.1,"c":0,"s":"N20","n":0}},{"type":"Feature","geometry":{"type":"Point","coordinates":[131.2265,-12.9189]},"properties":{"d":"2026-10-08","t":"0446","frp":15.6,"b":345.8,"c":0,"s":"N20","n":0}},{"type":"Feature","geometry":{"type":"Point","coordinates":[131.226,-12.9155]},"properties":{"d":"2026-10-08","t":"0446","frp":7.9,"b":346.8,"c":0,"s":"N20","n":0}},{"type":"Feature","geometry":{"type":"Point","coordinates":[131.2098,-12.9108]},"properties":{"d":"2026-10-08","t":"0446","frp":11.5,"b":347.6,"c":0,"s":"N20","n":0}},{"type":"Feature","geometry":{"type":"Point","coordinates":[136.4414,-12.8938]},"properties":{"d":"2026-10-08","t":"0446","frp":14.5,"b":347.2,"c":1,"s":"N20","n":0}},{"type":"Feature","geometry":{"type":"Point","coordinates":[136.4457,-12.8931]},"properties":{"d":"2026-10-08","t":"0446","frp":14.5,"b":337.1,"c":1,"s":"N20","n":0}},{"type":"Feature","geometry":{"type":"Point","coordinates":[136.4408,-12.8902]},"properties":{"d":"2026-10-08","t":"0446","frp":14.5,"b":354.9,"c":1,"s":"N20","n":0}},{"type":"Feature","geometry":{"type":"Point","coordinates":[136.437,-12.89]},"properties":{"d":"2026-10-08","t":"0446","frp":5.7,"b":335.5,"c":1,"s":"N20","n":0}},{"type":"Feature","geometry":{"type":"Point","coordinates":[136.4451,-12.8895]},"properties":{"d":"2026-10-08","t":"0446","frp":14.5,"b":354.9,"c":1,"s":"N20","n":0}},{"type":"Feature","geometry":{"type":"Point","coordinates":[136.4413,-12.8893]},"properties":{"d":"2026-10-08","t":"0446","frp":12.7,"b":355.9,"c":1,"s":"N20","n":0}},{"type":"Feature","geometry":{"type":"Point","coordinates":[136.4494,-12.8887]},"properties":{"d":"2026-10-08","t":"0446","frp":7.9,"b":367.0,"c":2,"s":"N20","n":0}},{"type":"Feature","geometry":{"type":"Point","coordinates":[136.4456,-12.8886]},"properties":{"d":"2026-10-08","t":"0446","frp":12.7,"b":352.5,"c":1,"s":"N20","n":0}},{"type":"Feature","geometry":{"type":"Point","coordinates":[136.4499,-12.8879]},"properties":{"d":"2026-10-08","t":"0446","frp":16.1,"b":367.0,"c":2,"s":"N20","n":0}},{"type":"Feature","geometry":{"type":"Point","coordinates":[136.4402,-12.8866]},"properties":{"d":"2026-10-08","t":"0446","frp":13.9,"b":367.0,"c":2,"s":"N20","n":0}},{"type":"Feature","geometry":{"type":"Point","coordinates":[136.4445,-12.8858]},"properties":{"d":"2026-10-08","t":"0446","frp":13.9,"b":356.8,"c":1,"s":"N20","n":0}},{"type":"Feature","geometry":{"type":"Point","coordinates":[136.4407,-12.8857]},"properties":{"d":"2026-10-08","t":"0446","frp":12.7,"b":351.7,"c":1,"s":"N20","n":0}},{"type":"Feature","geometry":{"type":"Point","coordinates":[136.4488,-12.8851]},"properties":{"d":"2026-10-08","t":"0446","frp":11.2,"b":356.1,"c":1,"s":"N20","n":0}},{"type":"Feature","geometry":{"type":"Point","coordinates":[136.445,-12.8849]},"properties":{"d":"2026-10-08","t":"0446","frp":12.7,"b":367.0,"c":2,"s":"N20","n":0}},{"type":"Feature","geometry":{"type":"Point","coordinates":[136.453,-12.8844]},"properties":{"d":"2026-10-08","t":"0446","frp":11.2,"b":335.2,"c":1,"s":"N20","n":0}},{"type":"Feature","geometry":{"type":"Point","coordinates":[136.4493,-12.8842]},"properties":{"d":"2026-10-08","t":"0446","frp":16.1,"b":356.1,"c":1,"s":"N20","n":0}},{"type":"Feature","geometry":{"type":"Point","coordinates":[136.3683,-12.8715]},"properties":{"d":"2026-10-08","t":"0446","frp":4.4,"b":336.7,"c":0,"s":"N20","n":0}},{"type":"Feature","geometry":{"type":"Point","coordinates":[136.3834,-12.8579]},"properties":{"d":"2026-10-08","t":"0446","frp":12.0,"b":354.0,"c":1,"s":"N20","n":0}},{"type":"Feature","geometry":{"type":"Point","coordinates":[136.3876,-12.8572]},"properties":{"d":"2026-10-08","t":"0446","frp":12.0,"b":332.8,"c":1,"s":"N20","n":0}},{"type":"Feature","geometry":{"type":"Point","coordinates":[136.3919,-12.8565]},"properties":{"d":"2026-10-08","t":"0446","frp":8.9,"b":367.0,"c":2,"s":"N20","n":0}},{"type":"Feature","geometry":{"type":"Point","coordinates":[136.3701,-12.8564]},"properties":{"d":"2026-10-08","t":"0446","frp":2.4,"b":341.2,"c":1,"s":"N20","n":0}},{"type":"Feature","geometry":{"type":"Point","coordinates":[136.3961,-12.8558]},"properties":{"d":"2026-10-08","t":"0446","frp":8.9,"b":347.5,"c":1,"s":"N20","n":0}},{"type":"Feature","geometry":{"type":"Point","coordinates":[136.3912,-12.8529]},"properties":{"d":"2026-10-08","t":"0446","frp":3.5,"b":337.1,"c":1,"s":"N20","n":0}},{"type":"Feature","geometry":{"type":"Point","coordinates":[136.3955,-12.8522]},"properties":{"d":"2026-10-08","t":"0446","frp":3.5,"b":335.4,"c":1,"s":"N20","n":0}},{"type":"Feature","geometry":{"type":"Point","coordinates":[136.3948,-12.8486]},"properties":{"d":"2026-10-08","t":"0446","frp":3.5,"b":336.9,"c":1,"s":"N20","n":0}},{"type":"Feature","geometry":{"type":"Point","coordinates":[136.3924,-12.8342]},"properties":{"d":"2026-10-08","t":"0446","frp":7.9,"b":351.9,"c":1,"s":"N20","n":0}},{"type":"Feature","geometry":{"type":"Point","coordinates":[136.3918,-12.8306]},"properties":{"d":"2026-10-08","t":"0446","frp":2.0,"b":330.7,"c":0,"s":"N20","n":0}},{"type":"Feature","geometry":{"type":"Point","coordinates":[132.191,-12.6471]},"properties":{"d":"2026-10-08","t":"0446","frp":6.9,"b":344.0,"c":1,"s":"N20","n":0}},{"type":"Feature","geometry":{"type":"Point","coordinates":[132.1905,-12.6438]},"properties":{"d":"2026-10-08","t":"0446","frp":5.1,"b":346.4,"c":1,"s":"N20","n":0}},{"type":"Feature","geometry":{"type":"Point","coordinates":[132.2707,-12.642]},"properties":{"d":"2026-10-08","t":"0446","frp":11.0,"b":348.7,"c":1,"s":"N20","n":0}},{"type":"Feature","geometry":{"type":"Point","coordinates":[132.2524,-12.6413]},"properties":{"d":"2026-10-08","t":"0446","frp":11.7,"b":348.1,"c":1,"s":"N20","n":0}},{"type":"Feature","geometry":{"type":"Point","coordinates":[132.256,-12.6408]},"properties":{"d":"2026-10-08","t":"0446","frp":5.3,"b":338.4,"c":0,"s":"N20","n":0}},{"type":"Feature","geometry":{"type":"Point","coordinates":[132.2702,-12.6387]},"properties":{"d":"2026-10-08","t":"0446","frp":3.9,"b":346.9,"c":1,"s":"N20","n":0}},{"type":"Feature","geometry":{"type":"Point","coordinates":[132.2626,-12.6364]},"properties":{"d":"2026-10-08","t":"0446","frp":4.1,"b":343.5,"c":1,"s":"N20","n":0}},{"type":"Feature","geometry":{"type":"Point","coordinates":[132.2661,-12.6358]},"properties":{"d":"2026-10-08","t":"0446","frp":4.1,"b":348.3,"c":1,"s":"N20","n":0}},{"type":"Feature","geometry":{"type":"Point","coordinates":[132.2513,-12.6347]},"properties":{"d":"2026-10-08","t":"0446","frp":3.5,"b":339.0,"c":1,"s":"N20","n":0}},{"type":"Feature","geometry":{"type":"Point","coordinates":[132.2549,-12.6341]},"properties":{"d":"2026-10-08","t":"0446","frp":3.6,"b":341.7,"c":1,"s":"N20","n":0}},{"type":"Feature","geometry":{"type":"Point","coordinates":[132.2585,-12.6336]},"properties":{"d":"2026-10-08","t":"0446","frp":3.6,"b":343.1,"c":1,"s":"N20","n":0}},{"type":"Feature","geometry":{"type":"Point","coordinates":[136.3089,-12.5625]},"properties":{"d":"2026-10-08","t":"0446","frp":9.2,"b":339.4,"c":1,"s":"N20","n":0}},{"type":"Feature","geometry":{"type":"Point","coordinates":[136.3083,-12.5589]},"properties":{"d":"2026-10-08","t":"0446","frp":9.2,"b":341.4,"c":1,"s":"N20","n":0}},{"type":"Feature","geometry":{"type":"Point","coordinates":[136.295,-12.5574]},"properties":{"d":"2026-10-08","t":"0446","frp":30.0,"b":339.4,"c":1,"s":"N20","n":0}},{"type":"Feature","geometry":{"type":"Point","coordinates":[136.2992,-12.5567]},"properties":{"d":"2026-10-08","t":"0446","frp":15.8,"b":335.6,"c":1,"s":"N20","n":0}},{"type":"Feature","geometry":{"type":"Point","coordinates":[136.3035,-12.556]},"properties":{"d":"2026-10-08","t":"0446","frp":15.8,"b":340.1,"c":1,"s":"N20","n":0}},{"type":"Feature","geometry":{"type":"Point","coordinates":[136.2944,-12.5538]},"properties":{"d":"2026-10-08","t":"0446","frp":30.0,"b":350.4,"c":1,"s":"N20","n":0}},{"type":"Feature","geometry":{"type":"Point","coordinates":[136.2986,-12.5531]},"properties":{"d":"2026-10-08","t":"0446","frp":15.8,"b":353.3,"c":1,"s":"N20","n":0}},{"type":"Feature","geometry":{"type":"Point","coordinates":[136.3029,-12.5524]},"properties":{"d":"2026-10-08","t":"0446","frp":15.8,"b":346.4,"c":1,"s":"N20","n":0}},{"type":"Feature","geometry":{"type":"Point","coordinates":[136.2895,-12.5509]},"properties":{"d":"2026-10-08","t":"0446","frp":9.9,"b":348.9,"c":1,"s":"N20","n":0}},{"type":"Feature","geometry":{"type":"Point","coordinates":[136.2938,-12.5502]},"properties":{"d":"2026-10-08","t":"0446","frp":9.9,"b":347.7,"c":1,"s":"N20","n":0}},{"type":"Feature","geometry":{"type":"Point","coordinates":[136.298,-12.5495]},"properties":{"d":"2026-10-08","t":"0446","frp":7.1,"b":346.6,"c":1,"s":"N20","n":0}},{"type":"Feature","geometry":{"type":"Point","coordinates":[136.3023,-12.5488]},"properties":{"d":"2026-10-08","t":"0446","frp":7.1,"b":340.0,"c":1,"s":"N20","n":0}},{"type":"Feature","geometry":{"type":"Point","coordinates":[136.3065,-12.5481]},"properties":{"d":"2026-10-08","t":"0446","frp":4.7,"b":331.4,"c":0,"s":"N20","n":0}},{"type":"Feature","geometry":{"type":"Point","coordinates":[136.2847,-12.548]},"properties":{"d":"2026-10-08","t":"0446","frp":12.4,"b":351.0,"c":1,"s":"N20","n":0}},{"type":"Feature","geometry":{"type":"Point","coordinates":[136.2889,-12.5473]},"properties":{"d":"2026-10-08","t":"0446","frp":9.9,"b":349.2,"c":1,"s":"N20","n":0}},{"type":"Feature","geometry":{"type":"Point","coordinates":[136.2841,-12.5444]},"properties":{"d":"2026-10-08","t":"0446","frp":4.5,"b":331.1,"c":0,"s":"N20","n":0}},{"type":"Feature","geometry":{"type":"Point","coordinates":[136.2883,-12.5437]},"properties":{"d":"2026-10-08","t":"0446","frp":5.9,"b":349.2,"c":1,"s":"N20","n":0}},{"type":"Feature","geometry":{"type":"Point","coordinates":[136.2877,-12.5401]},"properties":{"d":"2026-10-08","t":"0446","frp":5.9,"b":346.3,"c":1,"s":"N20","n":0}},{"type":"Feature","geometry":{"type":"Point","coordinates":[136.292,-12.5394]},"properties":{"d":"2026-10-08","t":"0446","frp":5.9,"b":335.4,"c":1,"s":"N20","n":0}},{"type":"Feature","geometry":{"type":"Point","coordinates":[136.2962,-12.5387]},"properties":{"d":"2026-10-08","t":"0446","frp":5.7,"b":342.7,"c":1,"s":"N20","n":0}},{"type":"Feature","geometry":{"type":"Point","coordinates":[136.3004,-12.538]},"properties":{"d":"2026-10-08","t":"0446","frp":5.7,"b":342.4,"c":1,"s":"N20","n":0}},{"type":"Feature","geometry":{"type":"Point","coordinates":[136.6674,-12.5293]},"properties":{"d":"2026-10-08","t":"0446","frp":10.3,"b":349.0,"c":1,"s":"N20","n":0}},{"type":"Feature","geometry":{"type":"Point","coordinates":[136.6675,-12.5263]},"properties":{"d":"2026-10-08","t":"0446","frp":6.0,"b":334.9,"c":0,"s":"N20","n":0}},{"type":"Feature","geometry":{"type":"Point","coordinates":[136.6656,-12.5152]},"properties":{"d":"2026-10-08","t":"0446","frp":3.4,"b":332.8,"c":0,"s":"N20","n":0}},{"type":"Feature","geometry":{"type":"Point","coordinates":[136.67,-12.5145]},"properties":{"d":"2026-10-08","t":"0446","frp":3.4,"b":330.2,"c":0,"s":"N20","n":0}},{"type":"Feature","geometry":{"type":"Point","coordinates":[136.8058,-12.4769]},"properties":{"d":"2026-10-08","t":"0446","frp":24.5,"b":355.4,"c":1,"s":"N20","n":0}},{"type":"Feature","geometry":{"type":"Point","coordinates":[136.8052,-12.4732]},"properties":{"d":"2026-10-08","t":"0446","frp":24.9,"b":342.0,"c":1,"s":"N20","n":0}},{"type":"Feature","geometry":{"type":"Point","coordinates":[136.8097,-12.4725]},"properties":{"d":"2026-10-08","t":"0446","frp":24.9,"b":353.3,"c":1,"s":"N20","n":0}},{"type":"Feature","geometry":{"type":"Point","coordinates":[136.8142,-12.4717]},"properties":{"d":"2026-10-08","t":"0446","frp":44.1,"b":352.8,"c":1,"s":"N20","n":0}},{"type":"Feature","geometry":{"type":"Point","coordinates":[136.8001,-12.4703]},"properties":{"d":"2026-10-08","t":"0446","frp":27.6,"b":354.2,"c":1,"s":"N20","n":0}},{"type":"Feature","geometry":{"type":"Point","coordinates":[136.8231,-12.4702]},"properties":{"d":"2026-10-08","t":"0446","frp":18.4,"b":341.3,"c":1,"s":"N20","n":0}},{"type":"Feature","geometry":{"type":"Point","coordinates":[136.8091,-12.4688]},"properties":{"d":"2026-10-08","t":"0446","frp":24.9,"b":353.8,"c":1,"s":"N20","n":0}},{"type":"Feature","geometry":{"type":"Point","coordinates":[136.8135,-12.468]},"properties":{"d":"2026-10-08","t":"0446","frp":44.1,"b":351.8,"c":1,"s":"N20","n":0}},{"type":"Feature","geometry":{"type":"Point","coordinates":[136.818,-12.4673]},"properties":{"d":"2026-10-08","t":"0446","frp":44.1,"b":344.1,"c":1,"s":"N20","n":0}},{"type":"Feature","geometry":{"type":"Point","coordinates":[136.7994,-12.4665]},"properties":{"d":"2026-10-08","t":"0446","frp":12.2,"b":349.0,"c":1,"s":"N20","n":0}},{"type":"Feature","geometry":{"type":"Point","coordinates":[136.8039,-12.4658]},"properties":{"d":"2026-10-08","t":"0446","frp":14.7,"b":343.3,"c":1,"s":"N20","n":0}},{"type":"Feature","geometry":{"type":"Point","coordinates":[136.827,-12.4658]},"properties":{"d":"2026-10-08","t":"0446","frp":18.4,"b":344.1,"c":1,"s":"N20","n":0}},{"type":"Feature","geometry":{"type":"Point","coordinates":[136.8084,-12.4651]},"properties":{"d":"2026-10-08","t":"0446","frp":14.7,"b":351.2,"c":1,"s":"N20","n":0}},{"type":"Feature","geometry":{"type":"Point","coordinates":[136.8129,-12.4643]},"properties":{"d":"2026-10-08","t":"0446","frp":34.8,"b":352.6,"c":1,"s":"N20","n":0}},{"type":"Feature","geometry":{"type":"Point","coordinates":[136.8174,-12.4636]},"properties":{"d":"2026-10-08","t":"0446","frp":34.8,"b":350.3,"c":1,"s":"N20","n":0}},{"type":"Feature","geometry":{"type":"Point","coordinates":[136.7988,-12.4628]},"properties":{"d":"2026-10-08","t":"0446","frp":12.2,"b":335.5,"c":1,"s":"N20","n":0}},{"type":"Feature","geometry":{"type":"Point","coordinates":[136.8033,-12.4621]},"properties":{"d":"2026-10-08","t":"0446","frp":14.7,"b":347.8,"c":1,"s":"N20","n":0}},{"type":"Feature","geometry":{"type":"Point","coordinates":[136.8263,-12.4621]},"properties":{"d":"2026-10-08","t":"0446","frp":12.5,"b":338.4,"c":1,"s":"N20","n":0}},{"type":"Feature","geometry":{"type":"Point","coordinates":[136.3978,-12.4618]},"properties":{"d":"2026-10-08","t":"0446","frp":5.0,"b":330.2,"c":0,"s":"N20","n":0}},{"type":"Feature","geometry":{"type":"Point","coordinates":[136.8309,-12.4613]},"properties":{"d":"2026-10-08","t":"0446","frp":19.2,"b":346.0,"c":1,"s":"N20","n":0}},{"type":"Feature","geometry":{"type":"Point","coordinates":[136.4021,-12.4611]},"properties":{"d":"2026-10-08","t":"0446","frp":5.0,"b":334.4,"c":1,"s":"N20","n":0}},{"type":"Feature","geometry":{"type":"Point","coordinates":[136.8027,-12.4584]},"properties":{"d":"2026-10-08","t":"0446","frp":3.5,"b":336.5,"c":1,"s":"N20","n":0}},{"type":"Feature","geometry":{"type":"Point","coordinates":[136.4008,-12.458]},"properties":{"d":"2026-10-08","t":"0446","frp":9.4,"b":351.7,"c":1,"s":"N20","n":0}},{"type":"Feature","geometry":{"type":"Point","coordinates":[132.4953,-12.4486]},"properties":{"d":"2026-10-08","t":"0446","frp":8.3,"b":352.8,"c":1,"s":"N20","n":0}},{"type":"Feature","geometry":{"type":"Point","coordinates":[136.8425,-12.4479]},"properties":{"d":"2026-10-08","t":"0446","frp":24.9,"b":354.1,"c":1,"s":"N20","n":0}},{"type":"Feature","geometry":{"type":"Point","coordinates":[136.8097,-12.4458]},"properties":{"d":"2026-10-08","t":"0446","frp":32.7,"b":348.5,"c":1,"s":"N20","n":0}},{"type":"Feature","geometry":{"type":"Point","coordinates":[136.4082,-12.4451]},"properties":{"d":"2026-10-08","t":"0446","frp":5.5,"b":346.8,"c":1,"s":"N20","n":0}},{"type":"Feature","geometry":{"type":"Point","coordinates":[136.8142,-12.445]},"properties":{"d":"2026-10-08","t":"0446","frp":32.7,"b":353.0,"c":1,"s":"N20","n":0}},{"type":"Feature","geometry":{"type":"Point","coordinates":[136.8187,-12.4443]},"properties":{"d":"2026-10-08","t":"0446","frp":8.6,"b":346.9,"c":1,"s":"N20","n":0}},{"type":"Feature","geometry":{"type":"Point","coordinates":[136.8419,-12.4442]},"properties":{"d":"2026-10-08","t":"0446","frp":12.7,"b":344.0,"c":1,"s":"N20","n":0}},{"type":"Feature","geometry":{"type":"Point","coordinates":[136.8464,-12.4435]},"properties":{"d":"2026-10-08","t":"0446","frp":12.6,"b":336.4,"c":1,"s":"N20","n":0}},{"type":"Feature","geometry":{"type":"Point","coordinates":[136.4076,-12.4415]},"properties":{"d":"2026-10-08","t":"0446","frp":5.5,"b":340.6,"c":1,"s":"N20","n":0}},{"type":"Feature","geometry":{"type":"Point","coordinates":[136.8136,-12.4413]},"properties":{"d":"2026-10-08","t":"0446","frp":6.8,"b":338.6,"c":1,"s":"N20","n":0}},{"type":"Feature","geometry":{"type":"Point","coordinates":[136.818,-12.4406]},"properties":{"d":"2026-10-08","t":"0446","frp":23.2,"b":347.9,"c":1,"s":"N20","n":0}},{"type":"Feature","geometry":{"type":"Point","coordinates":[136.8458,-12.4397]},"properties":{"d":"2026-10-08","t":"0446","frp":12.6,"b":345.6,"c":1,"s":"N20","n":0}},{"type":"Feature","geometry":{"type":"Point","coordinates":[136.4063,-12.4343]},"properties":{"d":"2026-10-08","t":"0446","frp":9.8,"b":340.8,"c":0,"s":"N20","n":0}},{"type":"Feature","geometry":{"type":"Point","coordinates":[136.4106,-12.4336]},"properties":{"d":"2026-10-08","t":"0446","frp":3.6,"b":337.5,"c":0,"s":"N20","n":0}},{"type":"Feature","geometry":{"type":"Point","coordinates":[136.8445,-12.4323]},"properties":{"d":"2026-10-08","t":"0446","frp":88.9,"b":345.3,"c":1,"s":"N20","n":0}},{"type":"Feature","geometry":{"type":"Point","coordinates":[141.7892,-12.4222]},"properties":{"d":"2026-10-08","t":"0446","frp":5.1,"b":346.8,"c":1,"s":"N20","n":0}},{"type":"Feature","geometry":{"type":"Point","coordinates":[141.7923,-12.4216]},"properties":{"d":"2026-10-08","t":"0446","frp":5.8,"b":346.4,"c":1,"s":"N20","n":0}},{"type":"Feature","geometry":{"type":"Point","coordinates":[141.7954,-12.421]},"properties":{"d":"2026-10-08","t":"0446","frp":5.8,"b":367.0,"c":2,"s":"N20","n":0}},{"type":"Feature","geometry":{"type":"Point","coordinates":[141.7985,-12.4204]},"properties":{"d":"2026-10-08","t":"0446","frp":10.5,"b":367.0,"c":2,"s":"N20","n":0}},{"type":"Feature","geometry":{"type":"Point","coordinates":[141.8015,-12.4198]},"properties":{"d":"2026-10-08","t":"0446","frp":10.5,"b":367.0,"c":2,"s":"N20","n":0}},{"type":"Feature","geometry":{"type":"Point","coordinates":[141.7852,-12.4176]},"properties":{"d":"2026-10-08","t":"0446","frp":5.1,"b":340.1,"c":1,"s":"N20","n":0}},{"type":"Feature","geometry":{"type":"Point","coordinates":[141.7883,-12.4171]},"properties":{"d":"2026-10-08","t":"0446","frp":5.1,"b":348.4,"c":1,"s":"N20","n":0}},{"type":"Feature","geometry":{"type":"Point","coordinates":[141.7913,-12.4165]},"properties":{"d":"2026-10-08","t":"0446","frp":5.8,"b":350.0,"c":1,"s":"N20","n":0}},{"type":"Feature","geometry":{"type":"Point","coordinates":[141.7944,-12.4159]},"properties":{"d":"2026-10-08","t":"0446","frp":5.8,"b":333.1,"c":1,"s":"N20","n":0}},{"type":"Feature","geometry":{"type":"Point","coordinates":[141.8006,-12.4147]},"properties":{"d":"2026-10-08","t":"0446","frp":10.5,"b":338.6,"c":1,"s":"N20","n":0}},{"type":"Feature","geometry":{"type":"Point","coordinates":[141.9346,-12.4106]},"properties":{"d":"2026-10-08","t":"0446","frp":11.3,"b":367.0,"c":2,"s":"N20","n":0}},{"type":"Feature","geometry":{"type":"Point","coordinates":[141.9377,-12.41]},"properties":{"d":"2026-10-08","t":"0446","frp":6.5,"b":340.2,"c":1,"s":"N20","n":0}},{"type":"Feature","geometry":{"type":"Point","coordinates":[141.7925,-12.4057]},"properties":{"d":"2026-10-08","t":"0446","frp":2.3,"b":331.4,"c":1,"s":"N20","n":0}},{"type":"Feature","geometry":{"type":"Point","coordinates":[141.9337,-12.4054]},"properties":{"d":"2026-10-08","t":"0446","frp":4.7,"b":337.0,"c":1,"s":"N20","n":0}},{"type":"Feature","geometry":{"type":"Point","coordinates":[134.1733,-12.4042]},"properties":{"d":"2026-10-08","t":"0446","frp":5.6,"b":336.6,"c":0,"s":"N20","n":0}},{"type":"Feature","geometry":{"type":"Point","coordinates":[134.1727,-12.4009]},"properties":{"d":"2026-10-08","t":"0446","frp":5.8,"b":345.3,"c":1,"s":"N20","n":0}},{"type":"Feature","geometry":{"type":"Point","coordinates":[136.3732,-12.3689]},"properties":{"d":"2026-10-08","t":"0446","frp":10.1,"b":347.4,"c":1,"s":"N20","n":0}},{"type":"Feature","geometry":{"type":"Point","coordinates":[136.3775,-12.3682]},"properties":{"d":"2026-10-08","t":"0446","frp":10.1,"b":335.9,"c":1,"s":"N20","n":0}},{"type":"Feature","geometry":{"type":"Point","coordinates":[136.3725,-12.3653]},"properties":{"d":"2026-10-08","t":"0446","frp":10.1,"b":348.3,"c":1,"s":"N20","n":0}},{"type":"Feature","geometry":{"type":"Point","coordinates":[136.3768,-12.3645]},"properties":{"d":"2026-10-08","t":"0446","frp":10.1,"b":335.3,"c":1,"s":"N20","n":0}},{"type":"Feature","geometry":{"type":"Point","coordinates":[136.3812,-12.3638]},"properties":{"d":"2026-10-08","t":"0446","frp":46.7,"b":350.6,"c":1,"s":"N20","n":0}},{"type":"Feature","geometry":{"type":"Point","coordinates":[136.3855,-12.3631]},"properties":{"d":"2026-10-08","t":"0446","frp":46.7,"b":347.3,"c":1,"s":"N20","n":0}},{"type":"Feature","geometry":{"type":"Point","coordinates":[136.3848,-12.3595]},"properties":{"d":"2026-10-08","t":"0446","frp":4.5,"b":333.4,"c":0,"s":"N20","n":0}},{"type":"Feature","geometry":{"type":"Point","coordinates":[136.3836,-12.3522]},"properties":{"d":"2026-10-08","t":"0446","frp":5.9,"b":336.3,"c":1,"s":"N20","n":0}},{"type":"Feature","geometry":{"type":"Point","coordinates":[136.3879,-12.3515]},"properties":{"d":"2026-10-08","t":"0446","frp":5.8,"b":347.0,"c":1,"s":"N20","n":0}},{"type":"Feature","geometry":{"type":"Point","coordinates":[136.3846,-12.3514]},"properties":{"d":"2026-10-08","t":"0446","frp":8.8,"b":348.2,"c":1,"s":"N20","n":0}},{"type":"Feature","geometry":{"type":"Point","coordinates":[136.3889,-12.3507]},"properties":{"d":"2026-10-08","t":"0446","frp":2.9,"b":333.3,"c":0,"s":"N20","n":0}},{"type":"Feature","geometry":{"type":"Point","coordinates":[136.3786,-12.3493]},"properties":{"d":"2026-10-08","t":"0446","frp":5.9,"b":336.0,"c":1,"s":"N20","n":0}},{"type":"Feature","geometry":{"type":"Point","coordinates":[136.3829,-12.3486]},"properties":{"d":"2026-10-08","t":"0446","frp":5.9,"b":354.5,"c":1,"s":"N20","n":0}},{"type":"Feature","geometry":{"type":"Point","coordinates":[136.3796,-12.3485]},"properties":{"d":"2026-10-08","t":"0446","frp":8.6,"b":342.8,"c":1,"s":"N20","n":0}},{"type":"Feature","geometry":{"type":"Point","coordinates":[136.384,-12.3478]},"properties":{"d":"2026-10-08","t":"0446","frp":8.6,"b":353.2,"c":1,"s":"N20","n":0}},{"type":"Feature","geometry":{"type":"Point","coordinates":[136.3827,-12.3406]},"properties":{"d":"2026-10-08","t":"0446","frp":13.0,"b":345.2,"c":1,"s":"N20","n":0}},{"type":"Feature","geometry":{"type":"Point","coordinates":[136.3778,-12.3376]},"properties":{"d":"2026-10-08","t":"0446","frp":13.0,"b":352.0,"c":1,"s":"N20","n":0}},{"type":"Feature","geometry":{"type":"Point","coordinates":[136.3722,-12.3311]},"properties":{"d":"2026-10-08","t":"0446","frp":10.9,"b":351.4,"c":1,"s":"N20","n":0}},{"type":"Feature","geometry":{"type":"Point","coordinates":[136.3673,-12.3282]},"properties":{"d":"2026-10-08","t":"0446","frp":6.2,"b":339.6,"c":1,"s":"N20","n":0}},{"type":"Feature","geometry":{"type":"Point","coordinates":[136.3496,-12.3273]},"properties":{"d":"2026-10-08","t":"0446","frp":8.8,"b":348.1,"c":1,"s":"N20","n":0}},{"type":"Feature","geometry":{"type":"Point","coordinates":[136.3538,-12.3267]},"properties":{"d":"2026-10-08","t":"0446","frp":8.8,"b":334.6,"c":1,"s":"N20","n":0}},{"type":"Feature","geometry":{"type":"Point","coordinates":[136.3624,-12.3252]},"properties":{"d":"2026-10-08","t":"0446","frp":9.3,"b":348.5,"c":1,"s":"N20","n":0}},{"type":"Feature","geometry":{"type":"Point","coordinates":[136.3667,-12.3245]},"properties":{"d":"2026-10-08","t":"0446","frp":6.2,"b":334.7,"c":1,"s":"N20","n":0}},{"type":"Feature","geometry":{"type":"Point","coordinates":[133.0202,-12.3217]},"properties":{"d":"2026-10-08","t":"0446","frp":18.6,"b":356.1,"c":1,"s":"N20","n":0}},{"type":"Feature","geometry":{"type":"Point","coordinates":[136.3398,-12.3215]},"properties":{"d":"2026-10-08","t":"0446","frp":29.3,"b":355.6,"c":1,"s":"N20","n":0}},{"type":"Feature","geometry":{"type":"Point","coordinates":[136.3441,-12.3208]},"properties":{"d":"2026-10-08","t":"0446","frp":29.3,"b":347.2,"c":1,"s":"N20","n":0}},{"type":"Feature","geometry":{"type":"Point","coordinates":[136.3484,-12.3201]},"properties":{"d":"2026-10-08","t":"0446","frp":9.7,"b":336.3,"c":1,"s":"N20","n":0}},{"type":"Feature","geometry":{"type":"Point","coordinates":[136.3392,-12.3179]},"properties":{"d":"2026-10-08","t":"0446","frp":3.0,"b":336.3,"c":1,"s":"N20","n":0}},{"type":"Feature","geometry":{"type":"Point","coordinates":[136.3435,-12.3172]},"properties":{"d":"2026-10-08","t":"0446","frp":3.0,"b":333.7,"c":1,"s":"N20","n":0}},{"type":"Feature","geometry":{"type":"Point","coordinates":[136.8877,-12.2972]},"properties":{"d":"2026-10-08","t":"0446","frp":6.8,"b":340.5,"c":1,"s":"N20","n":0}},{"type":"Feature","geometry":{"type":"Point","coordinates":[132.9868,-12.2929]},"properties":{"d":"2026-10-08","t":"0446","frp":21.5,"b":352.7,"c":1,"s":"N20","n":0}},{"type":"Feature","geometry":{"type":"Point","coordinates":[136.7798,-12.2926]},"properties":{"d":"2026-10-08","t":"0446","frp":6.2,"b":345.2,"c":1,"s":"N20","n":0}},{"type":"Feature","geometry":{"type":"Point","coordinates":[132.9722,-12.2917]},"properties":{"d":"2026-10-08","t":"0446","frp":8.9,"b":349.5,"c":1,"s":"N20","n":0}},{"type":"Feature","geometry":{"type":"Point","coordinates":[132.9757,-12.2912]},"properties":{"d":"2026-10-08","t":"0446","frp":13.1,"b":367.0,"c":2,"s":"N20","n":0}},{"type":"Feature","geometry":{"type":"Point","coordinates":[132.9793,-12.2906]},"properties":{"d":"2026-10-08","t":"0446","frp":13.1,"b":367.0,"c":2,"s":"N20","n":0}},{"type":"Feature","geometry":{"type":"Point","coordinates":[132.9828,-12.2901]},"properties":{"d":"2026-10-08","t":"0446","frp":21.5,"b":367.0,"c":2,"s":"N20","n":0}},{"type":"Feature","geometry":{"type":"Point","coordinates":[136.891,-12.289]},"properties":{"d":"2026-10-08","t":"0446","frp":5.7,"b":341.8,"c":1,"s":"N20","n":0}},{"type":"Feature","geometry":{"type":"Point","coordinates":[134.0693,-12.2718]},"properties":{"d":"2026-10-08","t":"0446","frp":3.0,"b":338.9,"c":0,"s":"N20","n":0}},{"type":"Feature","geometry":{"type":"Point","coordinates":[136.8263,-12.2294]},"properties":{"d":"2026-10-08","t":"0446","frp":9.8,"b":343.5,"c":1,"s":"N20","n":0}},{"type":"Feature","geometry":{"type":"Point","coordinates":[136.8307,-12.2286]},"properties":{"d":"2026-10-08","t":"0446","frp":5.2,"b":334.4,"c":1,"s":"N20","n":0}},{"type":"Feature","geometry":{"type":"Point","coordinates":[136.8353,-12.2279]},"properties":{"d":"2026-10-08","t":"0446","frp":5.2,"b":349.2,"c":1,"s":"N20","n":0}},{"type":"Feature","geometry":{"type":"Point","coordinates":[136.8257,-12.2257]},"properties":{"d":"2026-10-08","t":"0446","frp":9.8,"b":349.1,"c":1,"s":"N20","n":0}},{"type":"Feature","geometry":{"type":"Point","coordinates":[136.8302,-12.2249]},"properties":{"d":"2026-10-08","t":"0446","frp":5.2,"b":341.8,"c":1,"s":"N20","n":0}},{"type":"Feature","geometry":{"type":"Point","coordinates":[136.8251,-12.2219]},"properties":{"d":"2026-10-08","t":"0446","frp":5.9,"b":337.0,"c":1,"s":"N20","n":0}},{"type":"Feature","geometry":{"type":"Point","coordinates":[135.8022,-12.2212]},"properties":{"d":"2026-10-08","t":"0446","frp":37.2,"b":345.9,"c":1,"s":"N20","n":0}},{"type":"Feature","geometry":{"type":"Point","coordinates":[136.8296,-12.2212]},"properties":{"d":"2026-10-08","t":"0446","frp":6.4,"b":333.9,"c":0,"s":"N20","n":0}},{"type":"Feature","geometry":{"type":"Point","coordinates":[135.8103,-12.2199]},"properties":{"d":"2026-10-08","t":"0446","frp":26.7,"b":346.2,"c":1,"s":"N20","n":0}},{"type":"Feature","geometry":{"type":"Point","coordinates":[135.8057,-12.217]},"properties":{"d":"2026-10-08","t":"0446","frp":4.0,"b":334.4,"c":0,"s":"N20","n":0}},{"type":"Feature","geometry":{"type":"Point","coordinates":[135.8098,-12.2163]},"properties":{"d":"2026-10-08","t":"0446","frp":10.1,"b":343.9,"c":1,"s":"N20","n":0}},{"type":"Feature","geometry":{"type":"Point","coordinates":[135.8011,-12.2141]},"properties":{"d":"2026-10-08","t":"0446","frp":4.0,"b":337.8,"c":1,"s":"N20","n":0}},{"type":"Feature","geometry":{"type":"Point","coordinates":[134.2217,-12.1428]},"properties":{"d":"2026-10-08","t":"0446","frp":33.6,"b":339.7,"c":1,"s":"N20","n":0}},{"type":"Feature","geometry":{"type":"Point","coordinates":[134.2212,-12.1395]},"properties":{"d":"2026-10-08","t":"0446","frp":33.6,"b":307.3,"c":0,"s":"N20","n":0}},{"type":"Feature","geometry":{"type":"Point","coordinates":[134.2206,-12.1361]},"properties":{"d":"2026-10-08","t":"0446","frp":9.7,"b":341.3,"c":0,"s":"N20","n":0}},{"type":"Feature","geometry":{"type":"Point","coordinates":[134.2201,-12.1328]},"properties":{"d":"2026-10-08","t":"0446","frp":9.7,"b":344.3,"c":1,"s":"N20","n":0}},{"type":"Feature","geometry":{"type":"Point","coordinates":[134.2237,-12.1322]},"properties":{"d":"2026-10-08","t":"0446","frp":32.8,"b":339.9,"c":0,"s":"N20","n":0}},{"type":"Feature","geometry":{"type":"Point","coordinates":[134.2273,-12.1316]},"properties":{"d":"2026-10-08","t":"0446","frp":32.8,"b":336.5,"c":0,"s":"N20","n":0}},{"type":"Feature","geometry":{"type":"Point","coordinates":[134.2231,-12.1288]},"properties":{"d":"2026-10-08","t":"0446","frp":3.8,"b":341.2,"c":1,"s":"N20","n":0}},{"type":"Feature","geometry":{"type":"Point","coordinates":[134.2268,-12.1283]},"properties":{"d":"2026-10-08","t":"0446","frp":3.8,"b":340.1,"c":1,"s":"N20","n":0}},{"type":"Feature","geometry":{"type":"Point","coordinates":[134.2007,-12.1049]},"properties":{"d":"2026-10-08","t":"0446","frp":7.2,"b":342.9,"c":1,"s":"N20","n":0}},{"type":"Feature","geometry":{"type":"Point","coordinates":[134.2043,-12.1043]},"properties":{"d":"2026-10-08","t":"0446","frp":7.1,"b":347.8,"c":1,"s":"N20","n":0}},{"type":"Feature","geometry":{"type":"Point","coordinates":[134.2152,-12.1026]},"properties":{"d":"2026-10-08","t":"0446","frp":4.5,"b":344.6,"c":1,"s":"N20","n":0}},{"type":"Feature","geometry":{"type":"Point","coordinates":[134.2374,-12.1025]},"properties":{"d":"2026-10-08","t":"0446","frp":28.9,"b":342.1,"c":0,"s":"N20","n":0}},{"type":"Feature","geometry":{"type":"Point","coordinates":[134.2002,-12.1015]},"properties":{"d":"2026-10-08","t":"0446","frp":7.2,"b":347.1,"c":1,"s":"N20","n":0}},{"type":"Feature","geometry":{"type":"Point","coordinates":[134.2224,-12.1014]},"properties":{"d":"2026-10-08","t":"0446","frp":5.0,"b":347.1,"c":1,"s":"N20","n":0}},{"type":"Feature","geometry":{"type":"Point","coordinates":[134.226,-12.1009]},"properties":{"d":"2026-10-08","t":"0446","frp":2.8,"b":337.8,"c":0,"s":"N20","n":0}},{"type":"Feature","geometry":{"type":"Point","coordinates":[134.2074,-12.1004]},"properties":{"d":"2026-10-08","t":"0446","frp":7.1,"b":355.1,"c":1,"s":"N20","n":0}},{"type":"Feature","geometry":{"type":"Point","coordinates":[134.211,-12.0998]},"properties":{"d":"2026-10-08","t":"0446","frp":4.5,"b":353.7,"c":1,"s":"N20","n":0}},{"type":"Feature","geometry":{"type":"Point","coordinates":[134.2147,-12.0992]},"properties":{"d":"2026-10-08","t":"0446","frp":4.5,"b":341.1,"c":1,"s":"N20","n":0}},{"type":"Feature","geometry":{"type":"Point","coordinates":[134.2369,-12.0992]},"properties":{"d":"2026-10-08","t":"0446","frp":8.5,"b":343.4,"c":1,"s":"N20","n":0}},{"type":"Feature","geometry":{"type":"Point","coordinates":[134.2291,-12.0969]},"properties":{"d":"2026-10-08","t":"0446","frp":2.8,"b":334.1,"c":0,"s":"N20","n":0}},{"type":"Feature","geometry":{"type":"Point","coordinates":[134.2866,-12.0844]},"properties":{"d":"2026-10-08","t":"0446","frp":7.2,"b":347.1,"c":1,"s":"N20","n":0}},{"type":"Feature","geometry":{"type":"Point","coordinates":[134.2861,-12.0811]},"properties":{"d":"2026-10-08","t":"0446","frp":7.2,"b":340.2,"c":0,"s":"N20","n":0}},{"type":"Feature","geometry":{"type":"Point","coordinates":[134.2855,-12.0777]},"properties":{"d":"2026-10-08","t":"0446","frp":3.5,"b":336.2,"c":0,"s":"N20","n":0}},{"type":"Feature","geometry":{"type":"Point","coordinates":[133.5553,-11.9917]},"properties":{"d":"2026-10-08","t":"0446","frp":3.7,"b":336.3,"c":0,"s":"N20","n":0}},{"type":"Feature","geometry":{"type":"Point","coordinates":[133.5589,-11.9911]},"properties":{"d":"2026-10-08","t":"0446","frp":3.7,"b":346.0,"c":1,"s":"N20","n":0}},{"type":"Feature","geometry":{"type":"Point","coordinates":[135.734,-11.9858]},"properties":{"d":"2026-10-08","t":"0446","frp":7.9,"b":348.8,"c":1,"s":"N20","n":0}},{"type":"Feature","geometry":{"type":"Point","coordinates":[135.7334,-11.9823]},"properties":{"d":"2026-10-08","t":"0446","frp":3.9,"b":335.1,"c":1,"s":"N20","n":0}},{"type":"Feature","geometry":{"type":"Point","coordinates":[135.7125,-11.982]},"properties":{"d":"2026-10-08","t":"0446","frp":7.0,"b":331.5,"c":1,"s":"N20","n":0}},{"type":"Feature","geometry":{"type":"Point","coordinates":[135.7165,-11.9814]},"properties":{"d":"2026-10-08","t":"0446","frp":7.0,"b":367.0,"c":2,"s":"N20","n":0}},{"type":"Feature","geometry":{"type":"Point","coordinates":[135.7206,-11.9807]},"properties":{"d":"2026-10-08","t":"0446","frp":5.3,"b":334.3,"c":1,"s":"N20","n":0}},{"type":"Feature","geometry":{"type":"Point","coordinates":[135.72,-11.9772]},"properties":{"d":"2026-10-08","t":"0446","frp":22.0,"b":348.2,"c":1,"s":"N20","n":0}},{"type":"Feature","geometry":{"type":"Point","coordinates":[135.7194,-11.9737]},"properties":{"d":"2026-10-08","t":"0446","frp":22.0,"b":344.3,"c":1,"s":"N20","n":0}},{"type":"Feature","geometry":{"type":"Point","coordinates":[135.7188,-11.9701]},"properties":{"d":"2026-10-08","t":"0446","frp":5.2,"b":340.9,"c":1,"s":"N20","n":0}},{"type":"Feature","geometry":{"type":"Point","coordinates":[135.7229,-11.9695]},"properties":{"d":"2026-10-08","t":"0446","frp":5.2,"b":341.8,"c":1,"s":"N20","n":0}},{"type":"Feature","geometry":{"type":"Point","coordinates":[135.7478,-11.969]},"properties":{"d":"2026-10-08","t":"0446","frp":5.1,"b":337.8,"c":1,"s":"N20","n":0}},{"type":"Feature","geometry":{"type":"Point","coordinates":[135.7223,-11.9659]},"properties":{"d":"2026-10-08","t":"0446","frp":5.2,"b":337.7,"c":1,"s":"N20","n":0}},{"type":"Feature","geometry":{"type":"Point","coordinates":[135.7472,-11.9655]},"properties":{"d":"2026-10-08","t":"0446","frp":7.1,"b":335.3,"c":0,"s":"N20","n":0}},{"type":"Feature","geometry":{"type":"Point","coordinates":[141.9546,-11.9144]},"properties":{"d":"2026-10-08","t":"0446","frp":5.0,"b":341.7,"c":1,"s":"N20","n":0}},{"type":"Feature","geometry":{"type":"Point","coordinates":[141.9557,-11.9137]},"properties":{"d":"2026-10-08","t":"0446","frp":6.0,"b":340.4,"c":1,"s":"N20","n":0}},{"type":"Feature","geometry":{"type":"Point","coordinates":[141.9504,-11.9098]},"properties":{"d":"2026-10-08","t":"0446","frp":5.8,"b":331.3,"c":1,"s":"N20","n":0}},{"type":"Feature","geometry":{"type":"Point","coordinates":[141.9536,-11.9092]},"properties":{"d":"2026-10-08","t":"0446","frp":5.0,"b":348.8,"c":1,"s":"N20","n":0}},{"type":"Feature","geometry":{"type":"Point","coordinates":[141.9515,-11.9091]},"properties":{"d":"2026-10-08","t":"0446","frp":6.0,"b":349.8,"c":1,"s":"N20","n":0}},{"type":"Feature","geometry":{"type":"Point","coordinates":[142.5997,-11.8514]},"properties":{"d":"2026-10-08","t":"0446","frp":4.7,"b":334.0,"c":1,"s":"N20","n":0}},{"type":"Feature","geometry":{"type":"Point","coordinates":[142.6032,-11.8507]},"properties":{"d":"2026-10-08","t":"0446","frp":4.7,"b":351.4,"c":1,"s":"N20","n":0}},{"type":"Feature","geometry":{"type":"Point","coordinates":[142.6067,-11.8501]},"properties":{"d":"2026-10-08","t":"0446","frp":4.1,"b":341.0,"c":1,"s":"N20","n":0}},{"type":"Feature","geometry":{"type":"Point","coordinates":[142.6102,-11.8494]},"properties":{"d":"2026-10-08","t":"0446","frp":4.1,"b":334.9,"c":1,"s":"N20","n":0}},{"type":"Feature","geometry":{"type":"Point","coordinates":[142.6138,-11.8487]},"properties":{"d":"2026-10-08","t":"0446","frp":6.3,"b":332.4,"c":1,"s":"N20","n":0}},{"type":"Feature","geometry":{"type":"Point","coordinates":[142.6207,-11.8474]},"properties":{"d":"2026-10-08","t":"0446","frp":6.7,"b":333.5,"c":1,"s":"N20","n":0}},{"type":"Feature","geometry":{"type":"Point","coordinates":[142.5916,-11.8474]},"properties":{"d":"2026-10-08","t":"0446","frp":33.9,"b":345.7,"c":1,"s":"N20","n":0}},{"type":"Feature","geometry":{"type":"Point","coordinates":[142.5951,-11.8467]},"properties":{"d":"2026-10-08","t":"0446","frp":33.9,"b":367.0,"c":2,"s":"N20","n":0}},{"type":"Feature","geometry":{"type":"Point","coordinates":[142.6278,-11.8461]},"properties":{"d":"2026-10-08","t":"0446","frp":2.9,"b":331.0,"c":1,"s":"N20","n":0}},{"type":"Feature","geometry":{"type":"Point","coordinates":[142.5987,-11.846]},"properties":{"d":"2026-10-08","t":"0446","frp":21.9,"b":349.4,"c":1,"s":"N20","n":0}},{"type":"Feature","geometry":{"type":"Point","coordinates":[142.6022,-11.8453]},"properties":{"d":"2026-10-08","t":"0446","frp":21.9,"b":367.0,"c":2,"s":"N20","n":0}},{"type":"Feature","geometry":{"type":"Point","coordinates":[142.6057,-11.8447]},"properties":{"d":"2026-10-08","t":"0446","frp":12.8,"b":342.4,"c":1,"s":"N20","n":0}},{"type":"Feature","geometry":{"type":"Point","coordinates":[142.5835,-11.8433]},"properties":{"d":"2026-10-08","t":"0446","frp":59.9,"b":352.2,"c":1,"s":"N20","n":0}},{"type":"Feature","geometry":{"type":"Point","coordinates":[142.587,-11.8426]},"properties":{"d":"2026-10-08","t":"0446","frp":59.9,"b":342.5,"c":1,"s":"N20","n":0}},{"type":"Feature","geometry":{"type":"Point","coordinates":[142.5906,-11.8419]},"properties":{"d":"2026-10-08","t":"0446","frp":33.9,"b":337.9,"c":1,"s":"N20","n":0}},{"type":"Feature","geometry":{"type":"Point","coordinates":[142.5941,-11.8413]},"properties":{"d":"2026-10-08","t":"0446","frp":33.9,"b":367.0,"c":2,"s":"N20","n":0}},{"type":"Feature","geometry":{"type":"Point","coordinates":[142.5976,-11.8406]},"properties":{"d":"2026-10-08","t":"0446","frp":21.9,"b":352.9,"c":1,"s":"N20","n":0}},{"type":"Feature","geometry":{"type":"Point","coordinates":[142.5683,-11.8406]},"properties":{"d":"2026-10-08","t":"0446","frp":52.6,"b":331.6,"c":1,"s":"N20","n":0}},{"type":"Feature","geometry":{"type":"Point","coordinates":[142.6011,-11.8399]},"properties":{"d":"2026-10-08","t":"0446","frp":21.9,"b":354.6,"c":1,"s":"N20","n":0}},{"type":"Feature","geometry":{"type":"Point","coordinates":[142.5719,-11.8399]},"properties":{"d":"2026-10-08","t":"0446","frp":52.6,"b":334.0,"c":1,"s":"N20","n":0}},{"type":"Feature","geometry":{"type":"Point","coordinates":[142.6046,-11.8392]},"properties":{"d":"2026-10-08","t":"0446","frp":12.8,"b":367.0,"c":2,"s":"N20","n":0}},{"type":"Feature","geometry":{"type":"Point","coordinates":[142.5754,-11.8392]},"properties":{"d":"2026-10-08","t":"0446","frp":30.6,"b":367.0,"c":2,"s":"N20","n":0}},{"type":"Feature","geometry":{"type":"Point","coordinates":[142.5789,-11.8385]},"properties":{"d":"2026-10-08","t":"0446","frp":30.6,"b":345.9,"c":1,"s":"N20","n":0}},{"type":"Feature","geometry":{"type":"Point","coordinates":[142.5825,-11.8378]},"properties":{"d":"2026-10-08","t":"0446","frp":10.4,"b":367.0,"c":2,"s":"N20","n":0}},{"type":"Feature","geometry":{"type":"Point","coordinates":[142.586,-11.8372]},"properties":{"d":"2026-10-08","t":"0446","frp":10.4,"b":367.0,"c":2,"s":"N20","n":0}},{"type":"Feature","geometry":{"type":"Point","coordinates":[142.5895,-11.8365]},"properties":{"d":"2026-10-08","t":"0446","frp":4.8,"b":342.3,"c":1,"s":"N20","n":0}},{"type":"Feature","geometry":{"type":"Point","coordinates":[142.593,-11.8358]},"properties":{"d":"2026-10-08","t":"0446","frp":4.8,"b":340.7,"c":1,"s":"N20","n":0}},{"type":"Feature","geometry":{"type":"Point","coordinates":[142.5965,-11.8352]},"properties":{"d":"2026-10-08","t":"0446","frp":3.6,"b":349.6,"c":1,"s":"N20","n":0}},{"type":"Feature","geometry":{"type":"Point","coordinates":[142.5673,-11.8351]},"properties":{"d":"2026-10-08","t":"0446","frp":52.6,"b":295.7,"c":0,"s":"N20","n":0}},{"type":"Feature","geometry":{"type":"Point","coordinates":[142.6,-11.8345]},"properties":{"d":"2026-10-08","t":"0446","frp":3.6,"b":344.1,"c":1,"s":"N20","n":0}},{"type":"Feature","geometry":{"type":"Point","coordinates":[142.5708,-11.8345]},"properties":{"d":"2026-10-08","t":"0446","frp":52.6,"b":367.0,"c":2,"s":"N20","n":0}},{"type":"Feature","geometry":{"type":"Point","coordinates":[142.5743,-11.8338]},"properties":{"d":"2026-10-08","t":"0446","frp":30.6,"b":356.1,"c":0,"s":"N20","n":0}},{"type":"Feature","geometry":{"type":"Point","coordinates":[142.607,-11.8331]},"properties":{"d":"2026-10-08","t":"0446","frp":8.1,"b":343.1,"c":1,"s":"N20","n":0}},{"type":"Feature","geometry":{"type":"Point","coordinates":[142.6106,-11.8325]},"properties":{"d":"2026-10-08","t":"0446","frp":4.0,"b":340.4,"c":1,"s":"N20","n":0}},{"type":"Feature","geometry":{"type":"Point","coordinates":[142.6141,-11.8318]},"properties":{"d":"2026-10-08","t":"0446","frp":4.0,"b":335.9,"c":1,"s":"N20","n":0}},{"type":"Feature","geometry":{"type":"Point","coordinates":[142.5849,-11.8318]},"properties":{"d":"2026-10-08","t":"0446","frp":10.4,"b":341.1,"c":1,"s":"N20","n":0}},{"type":"Feature","geometry":{"type":"Point","coordinates":[142.6735,-11.8317]},"properties":{"d":"2026-10-08","t":"0446","frp":3.8,"b":336.6,"c":1,"s":"N20","n":0}},{"type":"Feature","geometry":{"type":"Point","coordinates":[142.5884,-11.8311]},"properties":{"d":"2026-10-08","t":"0446","frp":4.8,"b":335.4,"c":1,"s":"N20","n":0}},{"type":"Feature","geometry":{"type":"Point","coordinates":[142.5919,-11.8304]},"properties":{"d":"2026-10-08","t":"0446","frp":4.8,"b":335.2,"c":1,"s":"N20","n":0}},{"type":"Feature","geometry":{"type":"Point","coordinates":[142.6213,-11.8304]},"properties":{"d":"2026-10-08","t":"0446","frp":6.3,"b":337.2,"c":1,"s":"N20","n":0}},{"type":"Feature","geometry":{"type":"Point","coordinates":[142.5955,-11.8297]},"properties":{"d":"2026-10-08","t":"0446","frp":3.6,"b":331.1,"c":1,"s":"N20","n":0}},{"type":"Feature","geometry":{"type":"Point","coordinates":[142.6248,-11.8297]},"properties":{"d":"2026-10-08","t":"0446","frp":5.3,"b":340.8,"c":1,"s":"N20","n":0}},{"type":"Feature","geometry":{"type":"Point","coordinates":[142.599,-11.8291]},"properties":{"d":"2026-10-08","t":"0446","frp":3.6,"b":333.1,"c":1,"s":"N20","n":0}},{"type":"Feature","geometry":{"type":"Point","coordinates":[142.6284,-11.829]},"properties":{"d":"2026-10-08","t":"0446","frp":5.3,"b":354.3,"c":1,"s":"N20","n":0}},{"type":"Feature","geometry":{"type":"Point","coordinates":[142.6634,-11.7997]},"properties":{"d":"2026-10-08","t":"0446","frp":4.3,"b":349.6,"c":1,"s":"N20","n":0}},{"type":"Feature","geometry":{"type":"Point","coordinates":[130.4125,-11.7995]},"properties":{"d":"2026-10-08","t":"0446","frp":20.2,"b":347.2,"c":1,"s":"N20","n":0}},{"type":"Feature","geometry":{"type":"Point","coordinates":[142.6374,-11.7991]},"properties":{"d":"2026-10-08","t":"0446","frp":6.8,"b":336.0,"c":1,"s":"N20","n":0}},{"type":"Feature","geometry":{"type":"Point","coordinates":[142.667,-11.799]},"properties":{"d":"2026-10-08","t":"0446","frp":4.3,"b":342.2,"c":1,"s":"N20","n":0}},{"type":"Feature","geometry":{"type":"Point","coordinates":[142.641,-11.7984]},"properties":{"d":"2026-10-08","t":"0446","frp":12.0,"b":355.2,"c":1,"s":"N20","n":0}},{"type":"Feature","geometry":{"type":"Point","coordinates":[142.6445,-11.7977]},"properties":{"d":"2026-10-08","t":"0446","frp":12.0,"b":349.7,"c":1,"s":"N20","n":0}},{"type":"Feature","geometry":{"type":"Point","coordinates":[142.6481,-11.797]},"properties":{"d":"2026-10-08","t":"0446","frp":5.2,"b":335.8,"c":1,"s":"N20","n":0}},{"type":"Feature","geometry":{"type":"Point","coordinates":[130.4081,-11.7966]},"properties":{"d":"2026-10-08","t":"0446","frp":11.9,"b":340.3,"c":1,"s":"N20","n":0}},{"type":"Feature","geometry":{"type":"Point","coordinates":[130.412,-11.796]},"properties":{"d":"2026-10-08","t":"0446","frp":20.2,"b":350.8,"c":1,"s":"N20","n":0}},{"type":"Feature","geometry":{"type":"Point","coordinates":[130.2425,-11.7771]},"properties":{"d":"2026-10-08","t":"0446","frp":6.6,"b":344.8,"c":1,"s":"N20","n":0}},{"type":"Feature","geometry":{"type":"Point","coordinates":[130.2433,-11.7766]},"properties":{"d":"2026-10-08","t":"0446","frp":8.0,"b":347.4,"c":1,"s":"N20","n":0}},{"type":"Feature","geometry":{"type":"Point","coordinates":[135.8891,-11.7761]},"properties":{"d":"2026-10-08","t":"0446","frp":2.5,"b":332.6,"c":1,"s":"N20","n":0}},{"type":"Feature","geometry":{"type":"Point","coordinates":[130.5347,-11.6736]},"properties":{"d":"2026-10-08","t":"0446","frp":9.1,"b":332.6,"c":0,"s":"N20","n":0}},{"type":"Feature","geometry":{"type":"Point","coordinates":[130.5386,-11.673]},"properties":{"d":"2026-10-08","t":"0446","frp":21.7,"b":351.4,"c":1,"s":"N20","n":0}},{"type":"Feature","geometry":{"type":"Point","coordinates":[130.5381,-11.6695]},"properties":{"d":"2026-10-08","t":"0446","frp":21.7,"b":348.3,"c":1,"s":"N20","n":0}},{"type":"Feature","geometry":{"type":"Point","coordinates":[130.6981,-11.5241]},"properties":{"d":"2026-10-08","t":"0446","frp":15.7,"b":341.1,"c":0,"s":"N20","n":0}},{"type":"Feature","geometry":{"type":"Point","coordinates":[130.6976,-11.5206]},"properties":{"d":"2026-10-08","t":"0446","frp":5.8,"b":346.6,"c":0,"s":"N20","n":0}},{"type":"Feature","geometry":{"type":"Point","coordinates":[130.6971,-11.5172]},"properties":{"d":"2026-10-08","t":"0446","frp":5.8,"b":340.9,"c":0,"s":"N20","n":0}},{"type":"Feature","geometry":{"type":"Point","coordinates":[130.4884,-11.5169]},"properties":{"d":"2026-10-08","t":"0446","frp":8.3,"b":340.5,"c":0,"s":"N20","n":0}},{"type":"Feature","geometry":{"type":"Point","coordinates":[130.7009,-11.5166]},"properties":{"d":"2026-10-08","t":"0446","frp":5.8,"b":345.7,"c":0,"s":"N20","n":0}},{"type":"Feature","geometry":{"type":"Point","coordinates":[130.4923,-11.5163]},"properties":{"d":"2026-10-08","t":"0446","frp":8.3,"b":349.5,"c":1,"s":"N20","n":0}},{"type":"Feature","geometry":{"type":"Point","coordinates":[130.4918,-11.5129]},"properties":{"d":"2026-10-08","t":"0446","frp":8.9,"b":338.1,"c":0,"s":"N20","n":0}},{"type":"Feature","geometry":{"type":"Point","coordinates":[130.4957,-11.5123]},"properties":{"d":"2026-10-08","t":"0446","frp":8.9,"b":343.9,"c":1,"s":"N20","n":0}},{"type":"Feature","geometry":{"type":"Point","coordinates":[130.7305,-11.5053]},"properties":{"d":"2026-10-08","t":"0446","frp":11.3,"b":347.2,"c":1,"s":"N20","n":0}},{"type":"Feature","geometry":{"type":"Point","coordinates":[130.969,-11.3903]},"properties":{"d":"2026-10-08","t":"0446","frp":59.2,"b":341.8,"c":0,"s":"N20","n":0}},{"type":"Feature","geometry":{"type":"Point","coordinates":[130.9647,-11.3874]},"properties":{"d":"2026-10-08","t":"0446","frp":14.0,"b":343.1,"c":0,"s":"N20","n":0}},{"type":"Feature","geometry":{"type":"Point","coordinates":[130.9685,-11.3869]},"properties":{"d":"2026-10-08","t":"0446","frp":14.0,"b":354.8,"c":1,"s":"N20","n":0}},{"type":"Feature","geometry":{"type":"Point","coordinates":[142.3437,-11.104]},"properties":{"d":"2026-10-08","t":"0446","frp":16.0,"b":367.0,"c":2,"s":"N20","n":0}},{"type":"Feature","geometry":{"type":"Point","coordinates":[142.3472,-11.1033]},"properties":{"d":"2026-10-08","t":"0446","frp":11.3,"b":351.6,"c":1,"s":"N20","n":0}},{"type":"Feature","geometry":{"type":"Point","coordinates":[142.3507,-11.1027]},"properties":{"d":"2026-10-08","t":"0446","frp":11.3,"b":345.4,"c":1,"s":"N20","n":0}},{"type":"Feature","geometry":{"type":"Point","coordinates":[142.3542,-11.102]},"properties":{"d":"2026-10-08","t":"0446","frp":8.0,"b":367.0,"c":2,"s":"N20","n":0}},{"type":"Feature","geometry":{"type":"Point","coordinates":[142.3577,-11.1013]},"properties":{"d":"2026-10-08","t":"0446","frp":8.0,"b":331.3,"c":1,"s":"N20","n":0}},{"type":"Feature","geometry":{"type":"Point","coordinates":[142.3463,-11.0979]},"properties":{"d":"2026-10-08","t":"0446","frp":11.3,"b":356.2,"c":1,"s":"N20","n":0}},{"type":"Feature","geometry":{"type":"Point","coordinates":[142.3498,-11.0972]},"properties":{"d":"2026-10-08","t":"0446","frp":11.3,"b":367.0,"c":2,"s":"N20","n":0}},{"type":"Feature","geometry":{"type":"Point","coordinates":[142.3532,-11.0966]},"properties":{"d":"2026-10-08","t":"0446","frp":8.0,"b":352.2,"c":1,"s":"N20","n":0}},{"type":"Feature","geometry":{"type":"Point","coordinates":[142.2011,-11.0562]},"properties":{"d":"2026-10-08","t":"0446","frp":4.7,"b":335.5,"c":0,"s":"N20","n":0}},{"type":"Feature","geometry":{"type":"Point","coordinates":[142.2605,-11.0283]},"properties":{"d":"2026-10-08","t":"0446","frp":2.9,"b":333.9,"c":0,"s":"N20","n":0}},{"type":"Feature","geometry":{"type":"Point","coordinates":[142.264,-11.0276]},"properties":{"d":"2026-10-08","t":"0446","frp":2.9,"b":336.5,"c":1,"s":"N20","n":0}},{"type":"Feature","geometry":{"type":"Point","coordinates":[142.2526,-11.0243]},"properties":{"d":"2026-10-08","t":"0446","frp":3.2,"b":333.2,"c":0,"s":"N20","n":0}},{"type":"Feature","geometry":{"type":"Point","coordinates":[142.2561,-11.0236]},"properties":{"d":"2026-10-08","t":"0446","frp":3.2,"b":345.2,"c":1,"s":"N20","n":0}},{"type":"Feature","geometry":{"type":"Point","coordinates":[142.2595,-11.0229]},"properties":{"d":"2026-10-08","t":"0446","frp":3.6,"b":331.7,"c":0,"s":"N20","n":0}},{"type":"Feature","geometry":{"type":"Point","coordinates":[142.4346,-10.9212]},"properties":{"d":"2026-10-08","t":"0446","frp":1.8,"b":331.9,"c":1,"s":"N20","n":0}},{"type":"Feature","geometry":{"type":"Point","coordinates":[142.4352,-10.9041]},"properties":{"d":"2026-10-08","t":"0446","frp":6.5,"b":345.7,"c":1,"s":"N20","n":0}},{"type":"Feature","geometry":{"type":"Point","coordinates":[142.4388,-10.9035]},"properties":{"d":"2026-10-08","t":"0446","frp":5.7,"b":341.4,"c":1,"s":"N20","n":0}},{"type":"Feature","geometry":{"type":"Point","coordinates":[142.2875,-10.2038]},"properties":{"d":"2026-10-08","t":"0446","frp":2.6,"b":330.7,"c":1,"s":"N20","n":0}},{"type":"Feature","geometry":{"type":"Point","coordinates":[130.6462,-11.409]},"properties":{"d":"2026-10-08","t":"0449","frp":6.3,"b":338.5,"c":0,"s":"N20","n":0}},{"type":"Feature","geometry":{"type":"Point","coordinates":[130.6495,-11.405]},"properties":{"d":"2026-10-08","t":"0449","frp":3.8,"b":339.1,"c":0,"s":"N20","n":0}},{"type":"Feature","geometry":{"type":"Point","coordinates":[130.6533,-11.4045]},"properties":{"d":"2026-10-08","t":"0449","frp":3.8,"b":330.9,"c":0,"s":"N20","n":0}},{"type":"Feature","geometry":{"type":"Point","coordinates":[130.968,-11.3835]},"properties":{"d":"2026-10-08","t":"0449","frp":14.0,"b":342.8,"c":1,"s":"N20","n":0}},{"type":"Feature","geometry":{"type":"Point","coordinates":[123.8332,-10.3289]},"properties":{"d":"2026-10-08","t":"0449","frp":7.4,"b":354.3,"c":1,"s":"N20","n":0}},{"type":"Feature","geometry":{"type":"Point","coordinates":[123.836,-10.3285]},"properties":{"d":"2026-10-08","t":"0449","frp":7.4,"b":339.3,"c":1,"s":"N20","n":0}},{"type":"Feature","geometry":{"type":"Point","coordinates":[123.7961,-10.3019]},"properties":{"d":"2026-10-08","t":"0449","frp":2.7,"b":339.9,"c":1,"s":"N20","n":0}},{"type":"Feature","geometry":{"type":"Point","coordinates":[123.8928,-10.2741]},"properties":{"d":"2026-10-08","t":"0449","frp":1.4,"b":331.8,"c":1,"s":"N20","n":0}},{"type":"Feature","geometry":{"type":"Point","coordinates":[123.8922,-10.2719]},"properties":{"d":"2026-10-08","t":"0449","frp":4.1,"b":345.8,"c":1,"s":"N20","n":0}},{"type":"Feature","geometry":{"type":"Point","coordinates":[123.3715,-10.2698]},"properties":{"d":"2026-10-08","t":"0449","frp":3.0,"b":343.1,"c":1,"s":"N20","n":0}},{"type":"Feature","geometry":{"type":"Point","coordinates":[123.9798,-10.2239]},"properties":{"d":"2026-10-08","t":"0449","frp":3.4,"b":343.5,"c":1,"s":"N20","n":0}},{"type":"Feature","geometry":{"type":"Point","coordinates":[124.0029,-10.1689]},"properties":{"d":"2026-10-08","t":"0449","frp":6.2,"b":367.0,"c":2,"s":"N20","n":0}},{"type":"Feature","geometry":{"type":"Point","coordinates":[124.2673,-10.1659]},"properties":{"d":"2026-10-08","t":"0449","frp":2.5,"b":338.1,"c":1,"s":"N20","n":0}},{"type":"Feature","geometry":{"type":"Point","coordinates":[124.0818,-10.1537]},"properties":{"d":"2026-10-08","t":"0449","frp":1.9,"b":337.1,"c":1,"s":"N20","n":0}},{"type":"Feature","geometry":{"type":"Point","coordinates":[123.9818,-10.1532]},"properties":{"d":"2026-10-08","t":"0449","frp":10.5,"b":367.0,"c":2,"s":"N20","n":0}},{"type":"Feature","geometry":{"type":"Point","coordinates":[123.9798,-10.151]},"properties":{"d":"2026-10-08","t":"0449","frp":5.3,"b":331.4,"c":1,"s":"N20","n":0}},{"type":"Feature","geometry":{"type":"Point","coordinates":[123.9828,-10.1506]},"properties":{"d":"2026-10-08","t":"0449","frp":5.3,"b":367.0,"c":2,"s":"N20","n":0}},{"type":"Feature","geometry":{"type":"Point","coordinates":[124.3635,-10.1484]},"properties":{"d":"2026-10-08","t":"0449","frp":6.5,"b":340.8,"c":1,"s":"N20","n":0}},{"type":"Feature","geometry":{"type":"Point","coordinates":[124.3457,-10.1456]},"properties":{"d":"2026-10-08","t":"0449","frp":6.8,"b":330.3,"c":0,"s":"N20","n":0}},{"type":"Feature","geometry":{"type":"Point","coordinates":[124.1706,-10.0972]},"properties":{"d":"2026-10-08","t":"0449","frp":6.1,"b":352.3,"c":1,"s":"N20","n":0}},{"type":"Feature","geometry":{"type":"Point","coordinates":[124.1735,-10.0968]},"properties":{"d":"2026-10-08","t":"0449","frp":4.1,"b":332.1,"c":1,"s":"N20","n":0}},{"type":"Feature","geometry":{"type":"Point","coordinates":[124.1291,-10.0872]},"properties":{"d":"2026-10-08","t":"0449","frp":2.1,"b":340.3,"c":1,"s":"N20","n":0}},{"type":"Feature","geometry":{"type":"Point","coordinates":[124.4742,-10.0622]},"properties":{"d":"2026-10-08","t":"0449","frp":3.7,"b":330.4,"c":1,"s":"N20","n":0}},{"type":"Feature","geometry":{"type":"Point","coordinates":[124.4684,-10.0329]},"properties":{"d":"2026-10-08","t":"0449","frp":4.7,"b":330.3,"c":1,"s":"N20","n":0}},{"type":"Feature","geometry":{"type":"Point","coordinates":[123.7476,-10.0033]},"properties":{"d":"2026-10-08","t":"0449","frp":9.1,"b":367.0,"c":2,"s":"N20","n":0}},{"type":"Feature","geometry":{"type":"Point","coordinates":[124.094,-10.0001]},"properties":{"d":"2026-10-08","t":"0449","frp":2.4,"b":336.0,"c":1,"s":"N20","n":0}},{"type":"Feature","geometry":{"type":"Point","coordinates":[124.5321,-9.9872]},"properties":{"d":"2026-10-08","t":"0449","frp":6.8,"b":339.2,"c":1,"s":"N20","n":0}},{"type":"Feature","geometry":{"type":"Point","coordinates":[124.5338,-9.9843]},"properties":{"d":"2026-10-08","t":"0449","frp":9.5,"b":345.6,"c":1,"s":"N20","n":0}},{"type":"Feature","geometry":{"type":"Point","coordinates":[124.5516,-9.9796]},"properties":{"d":"2026-10-08","t":"0449","frp":8.0,"b":332.6,"c":1,"s":"N20","n":0}},{"type":"Feature","geometry":{"type":"Point","coordinates":[124.5569,-9.9789]},"properties":{"d":"2026-10-08","t":"0449","frp":3.2,"b":331.0,"c":1,"s":"N20","n":0}},{"type":"Feature","geometry":{"type":"Point","coordinates":[124.5541,-9.9767]},"properties":{"d":"2026-10-08","t":"0449","frp":8.2,"b":338.0,"c":1,"s":"N20","n":0}},{"type":"Feature","geometry":{"type":"Point","coordinates":[124.1809,-9.9631]},"properties":{"d":"2026-10-08","t":"0449","frp":10.3,"b":354.5,"c":1,"s":"N20","n":0}},{"type":"Feature","geometry":{"type":"Point","coordinates":[124.1838,-9.9627]},"properties":{"d":"2026-10-08","t":"0449","frp":8.7,"b":349.9,"c":1,"s":"N20","n":0}},{"type":"Feature","geometry":{"type":"Point","coordinates":[124.5712,-9.962]},"properties":{"d":"2026-10-08","t":"0449","frp":4.8,"b":330.1,"c":1,"s":"N20","n":0}},{"type":"Feature","geometry":{"type":"Point","coordinates":[124.627,-9.9545]},"properties":{"d":"2026-10-08","t":"0449","frp":7.0,"b":333.6,"c":1,"s":"N20","n":0}},{"type":"Feature","geometry":{"type":"Point","coordinates":[124.6242,-9.9529]},"properties":{"d":"2026-10-08","t":"0449","frp":13.3,"b":351.6,"c":1,"s":"N20","n":0}},{"type":"Feature","geometry":{"type":"Point","coordinates":[124.6224,-9.9501]},"properties":{"d":"2026-10-08","t":"0449","frp":7.0,"b":330.4,"c":1,"s":"N20","n":0}},{"type":"Feature","geometry":{"type":"Point","coordinates":[124.0382,-9.9454]},"properties":{"d":"2026-10-08","t":"0449","frp":1.7,"b":331.9,"c":1,"s":"N20","n":0}},{"type":"Feature","geometry":{"type":"Point","coordinates":[124.3094,-9.9312]},"properties":{"d":"2026-10-08","t":"0449","frp":3.1,"b":333.1,"c":1,"s":"N20","n":0}},{"type":"Feature","geometry":{"type":"Point","coordinates":[124.2255,-9.881]},"properties":{"d":"2026-10-08","t":"0449","frp":3.4,"b":339.1,"c":1,"s":"N20","n":0}},{"type":"Feature","geometry":{"type":"Point","coordinates":[120.3694,-9.8481]},"properties":{"d":"2026-10-08","t":"0449","frp":7.4,"b":336.6,"c":1,"s":"N20","n":0}},{"type":"Feature","geometry":{"type":"Point","coordinates":[120.3695,-9.8429]},"properties":{"d":"2026-10-08","t":"0449","frp":7.3,"b":350.4,"c":1,"s":"N20","n":0}},{"type":"Feature","geometry":{"type":"Point","coordinates":[124.8197,-9.7626]},"properties":{"d":"2026-10-08","t":"0449","frp":8.0,"b":334.1,"c":1,"s":"N20","n":0}},{"type":"Feature","geometry":{"type":"Point","coordinates":[124.8249,-9.7619]},"properties":{"d":"2026-10-08","t":"0449","frp":7.3,"b":339.3,"c":1,"s":"N20","n":0}},{"type":"Feature","geometry":{"type":"Point","coordinates":[123.9495,-9.7584]},"properties":{"d":"2026-10-08","t":"0449","frp":2.6,"b":332.9,"c":1,"s":"N20","n":0}},{"type":"Feature","geometry":{"type":"Point","coordinates":[124.1046,-9.7333]},"properties":{"d":"2026-10-08","t":"0449","frp":2.7,"b":335.1,"c":1,"s":"N20","n":0}},{"type":"Feature","geometry":{"type":"Point","coordinates":[124.1014,-9.7183]},"properties":{"d":"2026-10-08","t":"0449","frp":9.2,"b":356.5,"c":1,"s":"N20","n":0}},{"type":"Feature","geometry":{"type":"Point","coordinates":[124.1049,-9.7179]},"properties":{"d":"2026-10-08","t":"0449","frp":5.7,"b":333.2,"c":1,"s":"N20","n":0}},{"type":"Feature","geometry":{"type":"Point","coordinates":[124.116,-9.7018]},"properties":{"d":"2026-10-08","t":"0449","frp":10.6,"b":353.8,"c":1,"s":"N20","n":0}},{"type":"Feature","geometry":{"type":"Point","coordinates":[124.1191,-9.7014]},"properties":{"d":"2026-10-08","t":"0449","frp":12.6,"b":333.3,"c":1,"s":"N20","n":0}},{"type":"Feature","geometry":{"type":"Point","coordinates":[124.1143,-9.7013]},"properties":{"d":"2026-10-08","t":"0449","frp":9.0,"b":337.5,"c":1,"s":"N20","n":0}},{"type":"Feature","geometry":{"type":"Point","coordinates":[124.1175,-9.7009]},"properties":{"d":"2026-10-08","t":"0449","frp":9.0,"b":367.0,"c":2,"s":"N20","n":0}},{"type":"Feature","geometry":{"type":"Point","coordinates":[124.1146,-9.6969]},"properties":{"d":"2026-10-08","t":"0449","frp":10.6,"b":367.0,"c":2,"s":"N20","n":0}},{"type":"Feature","geometry":{"type":"Point","coordinates":[124.0975,-9.6735]},"properties":{"d":"2026-10-08","t":"0449","frp":7.7,"b":367.0,"c":2,"s":"N20","n":0}},{"type":"Feature","geometry":{"type":"Point","coordinates":[124.7506,-9.6644]},"properties":{"d":"2026-10-08","t":"0449","frp":4.3,"b":339.6,"c":1,"s":"N20","n":0}},{"type":"Feature","geometry":{"type":"Point","coordinates":[124.1504,-9.5746]},"properties":{"d":"2026-10-08","t":"0449","frp":5.3,"b":356.2,"c":1,"s":"N20","n":0}},{"type":"Feature","geometry":{"type":"Point","coordinates":[124.3554,-9.5639]},"properties":{"d":"2026-10-08","t":"0449","frp":2.6,"b":334.3,"c":1,"s":"N20","n":0}},{"type":"Feature","geometry":{"type":"Point","coordinates":[124.7879,-9.5475]},"properties":{"d":"2026-10-08","t":"0449","frp":5.3,"b":337.0,"c":1,"s":"N20","n":0}},{"type":"Feature","geometry":{"type":"Point","coordinates":[124.8043,-9.4574]},"properties":{"d":"2026-10-08","t":"0449","frp":3.6,"b":331.9,"c":1,"s":"N20","n":0}},{"type":"Feature","geometry":{"type":"Point","coordinates":[124.1229,-9.456]},"properties":{"d":"2026-10-08","t":"0449","frp":3.0,"b":334.4,"c":1,"s":"N20","n":0}},{"type":"Feature","geometry":{"type":"Point","coordinates":[124.868,-9.4489]},"properties":{"d":"2026-10-08","t":"0449","frp":3.0,"b":332.1,"c":1,"s":"N20","n":0}},{"type":"Feature","geometry":{"type":"Point","coordinates":[125.0239,-9.3832]},"properties":{"d":"2026-10-08","t":"0449","frp":9.0,"b":340.4,"c":1,"s":"N20","n":0}},{"type":"Feature","geometry":{"type":"Point","coordinates":[125.022,-9.3804]},"properties":{"d":"2026-10-08","t":"0449","frp":7.3,"b":339.1,"c":1,"s":"N20","n":0}},{"type":"Feature","geometry":{"type":"Point","coordinates":[124.5136,-9.3791]},"properties":{"d":"2026-10-08","t":"0449","frp":73.3,"b":339.1,"c":1,"s":"N20","n":0}},{"type":"Feature","geometry":{"type":"Point","coordinates":[124.2868,-9.3369]},"properties":{"d":"2026-10-08","t":"0449","frp":4.6,"b":338.4,"c":1,"s":"N20","n":0}},{"type":"Feature","geometry":{"type":"Point","coordinates":[124.2916,-9.3363]},"properties":{"d":"2026-10-08","t":"0449","frp":5.3,"b":332.9,"c":1,"s":"N20","n":0}},{"type":"Feature","geometry":{"type":"Point","coordinates":[124.551,-9.2767]},"properties":{"d":"2026-10-08","t":"0449","frp":5.7,"b":332.9,"c":1,"s":"N20","n":0}},{"type":"Feature","geometry":{"type":"Point","coordinates":[142.4482,-9.2093]},"properties":{"d":"2026-10-08","t":"0449","frp":5.8,"b":339.1,"c":1,"s":"N20","n":0}},{"type":"Feature","geometry":{"type":"Point","coordinates":[142.5414,-9.1922]},"properties":{"d":"2026-10-08","t":"0449","frp":6.3,"b":335.1,"c":1,"s":"N20","n":0}},{"type":"Feature","geometry":{"type":"Point","coordinates":[142.5416,-9.1886]},"properties":{"d":"2026-10-08","t":"0449","frp":6.2,"b":333.0,"c":1,"s":"N20","n":0}},{"type":"Feature","geometry":{"type":"Point","coordinates":[142.5226,-9.1781]},"properties":{"d":"2026-10-08","t":"0449","frp":5.8,"b":337.4,"c":1,"s":"N20","n":0}},{"type":"Feature","geometry":{"type":"Point","coordinates":[142.5539,-9.1724]},"properties":{"d":"2026-10-08","t":"0449","frp":8.9,"b":348.8,"c":1,"s":"N20","n":0}},{"type":"Feature","geometry":{"type":"Point","coordinates":[142.5332,-9.1703]},"properties":{"d":"2026-10-08","t":"0449","frp":6.6,"b":349.4,"c":1,"s":"N20","n":0}},{"type":"Feature","geometry":{"type":"Point","coordinates":[142.5372,-9.1696]},"properties":{"d":"2026-10-08","t":"0449","frp":6.6,"b":337.1,"c":1,"s":"N20","n":0}},{"type":"Feature","geometry":{"type":"Point","coordinates":[142.5243,-9.1661]},"properties":{"d":"2026-10-08","t":"0449","frp":20.6,"b":352.6,"c":1,"s":"N20","n":0}},{"type":"Feature","geometry":{"type":"Point","coordinates":[142.5283,-9.1654]},"properties":{"d":"2026-10-08","t":"0449","frp":20.6,"b":367.0,"c":2,"s":"N20","n":0}},{"type":"Feature","geometry":{"type":"Point","coordinates":[141.5306,-9.1653]},"properties":{"d":"2026-10-08","t":"0449","frp":3.2,"b":331.1,"c":1,"s":"N20","n":0}},{"type":"Feature","geometry":{"type":"Point","coordinates":[142.5322,-9.1647]},"properties":{"d":"2026-10-08","t":"0449","frp":6.6,"b":351.6,"c":1,"s":"N20","n":0}},{"type":"Feature","geometry":{"type":"Point","coordinates":[142.5361,-9.1639]},"properties":{"d":"2026-10-08","t":"0449","frp":6.6,"b":332.6,"c":1,"s":"N20","n":0}},{"type":"Feature","geometry":{"type":"Point","coordinates":[142.3735,-9.1476]},"properties":{"d":"2026-10-08","t":"0449","frp":3.9,"b":331.2,"c":1,"s":"N20","n":0}},{"type":"Feature","geometry":{"type":"Point","coordinates":[142.3725,-9.142]},"properties":{"d":"2026-10-08","t":"0449","frp":7.5,"b":367.0,"c":2,"s":"N20","n":0}},{"type":"Feature","geometry":{"type":"Point","coordinates":[142.3763,-9.1413]},"properties":{"d":"2026-10-08","t":"0449","frp":9.9,"b":331.2,"c":1,"s":"N20","n":0}},{"type":"Feature","geometry":{"type":"Point","coordinates":[142.3721,-9.1385]},"properties":{"d":"2026-10-08","t":"0449","frp":7.1,"b":367.0,"c":2,"s":"N20","n":0}},{"type":"Feature","geometry":{"type":"Point","coordinates":[142.3676,-9.1371]},"properties":{"d":"2026-10-08","t":"0449","frp":7.5,"b":330.2,"c":1,"s":"N20","n":0}},{"type":"Feature","geometry":{"type":"Point","coordinates":[142.3715,-9.1364]},"properties":{"d":"2026-10-08","t":"0449","frp":7.5,"b":350.2,"c":1,"s":"N20","n":0}},{"type":"Feature","geometry":{"type":"Point","coordinates":[141.1954,-9.134]},"properties":{"d":"2026-10-08","t":"0449","frp":6.5,"b":341.0,"c":1,"s":"N20","n":0}},{"type":"Feature","geometry":{"type":"Point","coordinates":[142.3673,-9.1336]},"properties":{"d":"2026-10-08","t":"0449","frp":7.1,"b":338.6,"c":1,"s":"N20","n":0}},{"type":"Feature","geometry":{"type":"Point","coordinates":[142.3711,-9.1329]},"properties":{"d":"2026-10-08","t":"0449","frp":7.1,"b":330.9,"c":1,"s":"N20","n":0}},{"type":"Feature","geometry":{"type":"Point","coordinates":[142.3666,-9.1315]},"properties":{"d":"2026-10-08","t":"0449","frp":7.0,"b":348.2,"c":1,"s":"N20","n":0}},{"type":"Feature","geometry":{"type":"Point","coordinates":[141.2772,-9.1297]},"properties":{"d":"2026-10-08","t":"0449","frp":3.1,"b":341.3,"c":1,"s":"N20","n":0}},{"type":"Feature","geometry":{"type":"Point","coordinates":[142.3586,-9.1293]},"properties":{"d":"2026-10-08","t":"0449","frp":6.6,"b":348.5,"c":1,"s":"N20","n":0}},{"type":"Feature","geometry":{"type":"Point","coordinates":[125.1354,-9.129]},"properties":{"d":"2026-10-08","t":"0449","frp":9.3,"b":340.6,"c":1,"s":"N20","n":0}},{"type":"Feature","geometry":{"type":"Point","coordinates":[142.3624,-9.1287]},"properties":{"d":"2026-10-08","t":"0449","frp":6.6,"b":343.8,"c":1,"s":"N20","n":0}},{"type":"Feature","geometry":{"type":"Point","coordinates":[142.6029,-9.128]},"properties":{"d":"2026-10-08","t":"0449","frp":2.9,"b":329.6,"c":1,"s":"N20","n":0}},{"type":"Feature","geometry":{"type":"Point","coordinates":[142.3663,-9.128]},"properties":{"d":"2026-10-08","t":"0449","frp":9.6,"b":347.2,"c":1,"s":"N20","n":0}},{"type":"Feature","geometry":{"type":"Point","coordinates":[142.358,-9.1273]},"properties":{"d":"2026-10-08","t":"0449","frp":11.2,"b":355.1,"c":1,"s":"N20","n":0}},{"type":"Feature","geometry":{"type":"Point","coordinates":[142.3618,-9.1266]},"properties":{"d":"2026-10-08","t":"0449","frp":11.2,"b":353.1,"c":1,"s":"N20","n":0}},{"type":"Feature","geometry":{"type":"Point","coordinates":[142.3656,-9.1259]},"properties":{"d":"2026-10-08","t":"0449","frp":7.0,"b":333.8,"c":1,"s":"N20","n":0}},{"type":"Feature","geometry":{"type":"Point","coordinates":[141.2763,-9.1245]},"properties":{"d":"2026-10-08","t":"0449","frp":3.1,"b":333.3,"c":1,"s":"N20","n":0}},{"type":"Feature","geometry":{"type":"Point","coordinates":[142.7178,-9.1243]},"properties":{"d":"2026-10-08","t":"0449","frp":4.9,"b":334.8,"c":1,"s":"N20","n":0}},{"type":"Feature","geometry":{"type":"Point","coordinates":[142.594,-9.1238]},"properties":{"d":"2026-10-08","t":"0449","frp":3.7,"b":342.7,"c":1,"s":"N20","n":0}},{"type":"Feature","geometry":{"type":"Point","coordinates":[142.3576,-9.1237]},"properties":{"d":"2026-10-08","t":"0449","frp":6.6,"b":346.0,"c":1,"s":"N20","n":0}},{"type":"Feature","geometry":{"type":"Point","coordinates":[142.3614,-9.123]},"properties":{"d":"2026-10-08","t":"0449","frp":6.6,"b":352.9,"c":1,"s":"N20","n":0}},{"type":"Feature","geometry":{"type":"Point","coordinates":[142.3608,-9.121]},"properties":{"d":"2026-10-08","t":"0449","frp":3.9,"b":342.9,"c":1,"s":"N20","n":0}},{"type":"Feature","geometry":{"type":"Point","coordinates":[142.3413,-9.1209]},"properties":{"d":"2026-10-08","t":"0449","frp":4.9,"b":349.7,"c":1,"s":"N20","n":0}},{"type":"Feature","geometry":{"type":"Point","coordinates":[141.123,-9.1192]},"properties":{"d":"2026-10-08","t":"0449","frp":2.8,"b":337.4,"c":1,"s":"N20","n":0}},{"type":"Feature","geometry":{"type":"Point","coordinates":[142.3408,-9.119]},"properties":{"d":"2026-10-08","t":"0449","frp":8.0,"b":354.2,"c":1,"s":"N20","n":0}},{"type":"Feature","geometry":{"type":"Point","coordinates":[142.3403,-9.1153]},"properties":{"d":"2026-10-08","t":"0449","frp":4.9,"b":342.8,"c":1,"s":"N20","n":0}},{"type":"Feature","geometry":{"type":"Point","coordinates":[125.8544,-9.1143]},"properties":{"d":"2026-10-08","t":"0449","frp":1.6,"b":331.1,"c":1,"s":"N20","n":0}},{"type":"Feature","geometry":{"type":"Point","coordinates":[142.7261,-9.0743]},"properties":{"d":"2026-10-08","t":"0449","frp":4.5,"b":330.4,"c":1,"s":"N20","n":0}},{"type":"Feature","geometry":{"type":"Point","coordinates":[141.1116,-9.0732]},"properties":{"d":"2026-10-08","t":"0449","frp":8.9,"b":367.0,"c":2,"s":"N20","n":0}},{"type":"Feature","geometry":{"type":"Point","coordinates":[142.3599,-9.0711]},"properties":{"d":"2026-10-08","t":"0449","frp":5.4,"b":335.7,"c":1,"s":"N20","n":0}},{"type":"Feature","geometry":{"type":"Point","coordinates":[141.3627,-9.071]},"properties":{"d":"2026-10-08","t":"0449","frp":4.3,"b":338.2,"c":1,"s":"N20","n":0}},{"type":"Feature","geometry":{"type":"Point","coordinates":[142.3637,-9.0704]},"properties":{"d":"2026-10-08","t":"0449","frp":8.9,"b":349.1,"c":1,"s":"N20","n":0}},{"type":"Feature","geometry":{"type":"Point","coordinates":[142.3676,-9.0697]},"properties":{"d":"2026-10-08","t":"0449","frp":8.9,"b":349.1,"c":1,"s":"N20","n":0}},{"type":"Feature","geometry":{"type":"Point","coordinates":[142.3714,-9.069]},"properties":{"d":"2026-10-08","t":"0449","frp":6.6,"b":341.7,"c":1,"s":"N20","n":0}},{"type":"Feature","geometry":{"type":"Point","coordinates":[141.821,-9.0684]},"properties":{"d":"2026-10-08","t":"0449","frp":3.8,"b":331.6,"c":1,"s":"N20","n":0}},{"type":"Feature","geometry":{"type":"Point","coordinates":[142.3752,-9.0683]},"properties":{"d":"2026-10-08","t":"0449","frp":6.6,"b":340.7,"c":1,"s":"N20","n":0}},{"type":"Feature","geometry":{"type":"Point","coordinates":[142.7292,-9.0678]},"properties":{"d":"2026-10-08","t":"0449","frp":4.6,"b":330.8,"c":1,"s":"N20","n":0}},{"type":"Feature","geometry":{"type":"Point","coordinates":[142.379,-9.0676]},"properties":{"d":"2026-10-08","t":"0449","frp":4.4,"b":334.0,"c":1,"s":"N20","n":0}},{"type":"Feature","geometry":{"type":"Point","coordinates":[141.9196,-9.0672]},"properties":{"d":"2026-10-08","t":"0449","frp":3.9,"b":331.6,"c":1,"s":"N20","n":0}},{"type":"Feature","geometry":{"type":"Point","coordinates":[142.3551,-9.0662]},"properties":{"d":"2026-10-08","t":"0449","frp":5.4,"b":338.5,"c":1,"s":"N20","n":0}},{"type":"Feature","geometry":{"type":"Point","coordinates":[141.3617,-9.0657]},"properties":{"d":"2026-10-08","t":"0449","frp":4.3,"b":367.0,"c":2,"s":"N20","n":0}},{"type":"Feature","geometry":{"type":"Point","coordinates":[141.813,-9.0642]},"properties":{"d":"2026-10-08","t":"0449","frp":26.6,"b":345.7,"c":1,"s":"N20","n":0}},{"type":"Feature","geometry":{"type":"Point","coordinates":[141.8165,-9.0636]},"properties":{"d":"2026-10-08","t":"0449","frp":17.6,"b":348.2,"c":1,"s":"N20","n":0}},{"type":"Feature","geometry":{"type":"Point","coordinates":[142.3819,-9.0613]},"properties":{"d":"2026-10-08","t":"0449","frp":4.4,"b":335.3,"c":1,"s":"N20","n":0}},{"type":"Feature","geometry":{"type":"Point","coordinates":[141.3608,-9.0604]},"properties":{"d":"2026-10-08","t":"0449","frp":1.7,"b":331.6,"c":1,"s":"N20","n":0}},{"type":"Feature","geometry":{"type":"Point","coordinates":[141.8085,-9.0595]},"properties":{"d":"2026-10-08","t":"0449","frp":26.6,"b":344.7,"c":1,"s":"N20","n":0}},{"type":"Feature","geometry":{"type":"Point","coordinates":[141.812,-9.0588]},"properties":{"d":"2026-10-08","t":"0449","frp":26.6,"b":367.0,"c":2,"s":"N20","n":0}},{"type":"Feature","geometry":{"type":"Point","coordinates":[142.5896,-9.052]},"properties":{"d":"2026-10-08","t":"0449","frp":1.3,"b":333.4,"c":1,"s":"N20","n":0}},{"type":"Feature","geometry":{"type":"Point","coordinates":[142.4862,-9.0419]},"properties":{"d":"2026-10-08","t":"0449","frp":11.7,"b":348.8,"c":1,"s":"N20","n":0}},{"type":"Feature","geometry":{"type":"Point","coordinates":[141.7582,-9.0408]},"properties":{"d":"2026-10-08","t":"0449","frp":8.6,"b":367.0,"c":2,"s":"N20","n":0}},{"type":"Feature","geometry":{"type":"Point","coordinates":[125.6713,-9.0366]},"properties":{"d":"2026-10-08","t":"0449","frp":4.6,"b":331.2,"c":1,"s":"N20","n":0}},{"type":"Feature","geometry":{"type":"Point","coordinates":[141.9838,-9.0328]},"properties":{"d":"2026-10-08","t":"0449","frp":5.2,"b":334.2,"c":1,"s":"N20","n":0}},{"type":"Feature","geometry":{"type":"Point","coordinates":[141.9874,-9.0322]},"properties":{"d":"2026-10-08","t":"0449","frp":9.4,"b":349.7,"c":1,"s":"N20","n":0}},{"type":"Feature","geometry":{"type":"Point","coordinates":[141.3649,-9.0271]},"properties":{"d":"2026-10-08","t":"0449","frp":6.0,"b":332.6,"c":1,"s":"N20","n":0}},{"type":"Feature","geometry":{"type":"Point","coordinates":[141.9891,-9.0205]},"properties":{"d":"2026-10-08","t":"0449","frp":6.6,"b":347.7,"c":1,"s":"N20","n":0}},{"type":"Feature","geometry":{"type":"Point","coordinates":[141.3231,-9.0185]},"properties":{"d":"2026-10-08","t":"0449","frp":3.8,"b":343.7,"c":1,"s":"N20","n":0}},{"type":"Feature","geometry":{"type":"Point","coordinates":[141.3565,-9.0178]},"properties":{"d":"2026-10-08","t":"0449","frp":11.4,"b":367.0,"c":2,"s":"N20","n":0}},{"type":"Feature","geometry":{"type":"Point","coordinates":[141.3598,-9.0172]},"properties":{"d":"2026-10-08","t":"0449","frp":11.7,"b":367.0,"c":2,"s":"N20","n":0}},{"type":"Feature","geometry":{"type":"Point","coordinates":[141.0076,-9.016]},"properties":{"d":"2026-10-08","t":"0449","frp":6.0,"b":333.5,"c":0,"s":"N20","n":0}},{"type":"Feature","geometry":{"type":"Point","coordinates":[140.9788,-9.0158]},"properties":{"d":"2026-10-08","t":"0449","frp":33.1,"b":354.1,"c":1,"s":"N20","n":0}},{"type":"Feature","geometry":{"type":"Point","coordinates":[141.9881,-9.015]},"properties":{"d":"2026-10-08","t":"0449","frp":6.6,"b":367.0,"c":2,"s":"N20","n":0}},{"type":"Feature","geometry":{"type":"Point","coordinates":[140.9779,-9.0107]},"properties":{"d":"2026-10-08","t":"0449","frp":7.9,"b":367.0,"c":2,"s":"N20","n":0}},{"type":"Feature","geometry":{"type":"Point","coordinates":[141.9835,-9.0102]},"properties":{"d":"2026-10-08","t":"0449","frp":5.5,"b":336.0,"c":1,"s":"N20","n":0}},{"type":"Feature","geometry":{"type":"Point","coordinates":[141.9871,-9.0096]},"properties":{"d":"2026-10-08","t":"0449","frp":5.5,"b":342.4,"c":1,"s":"N20","n":0}},{"type":"Feature","geometry":{"type":"Point","coordinates":[140.9965,-9.0074]},"properties":{"d":"2026-10-08","t":"0449","frp":8.8,"b":367.0,"c":2,"s":"N20","n":0}},{"type":"Feature","geometry":{"type":"Point","coordinates":[140.9995,-9.0068]},"properties":{"d":"2026-10-08","t":"0449","frp":4.8,"b":333.0,"c":1,"s":"N20","n":0}},{"type":"Feature","geometry":{"type":"Point","coordinates":[141.9789,-9.0054]},"properties":{"d":"2026-10-08","t":"0449","frp":6.7,"b":330.9,"c":1,"s":"N20","n":0}},{"type":"Feature","geometry":{"type":"Point","coordinates":[142.4828,-9.005]},"properties":{"d":"2026-10-08","t":"0449","frp":5.6,"b":331.8,"c":1,"s":"N20","n":0}},{"type":"Feature","geometry":{"type":"Point","coordinates":[141.9825,-9.0047]},"properties":{"d":"2026-10-08","t":"0449","frp":5.5,"b":367.0,"c":2,"s":"N20","n":0}},{"type":"Feature","geometry":{"type":"Point","coordinates":[141.9862,-9.0041]},"properties":{"d":"2026-10-08","t":"0449","frp":5.5,"b":338.3,"c":1,"s":"N20","n":0}},{"type":"Feature","geometry":{"type":"Point","coordinates":[115.0008,-21.6984]},"properties":{"d":"2026-10-08","t":"0625","frp":76.5,"b":338.9,"c":0,"s":"N20","n":0}},{"type":"Feature","geometry":{"type":"Point","coordinates":[115.0037,-21.6856]},"properties":{"d":"2026-10-08","t":"0625","frp":12.3,"b":336.9,"c":0,"s":"N20","n":0}},{"type":"Feature","geometry":{"type":"Point","coordinates":[114.9991,-21.6976]},"properties":{"d":"2026-10-08","t":"0054","frp":42.1,"b":339.6,"c":1,"s":"MODIS","n":0}},{"type":"Feature","geometry":{"type":"Point","coordinates":[115.0005,-21.6883]},"properties":{"d":"2026-10-08","t":"0054","frp":15.7,"b":322.4,"c":1,"s":"MODIS","n":0}},{"type":"Feature","geometry":{"type":"Point","coordinates":[118.5663,-20.4357]},"properties":{"d":"2026-10-08","t":"0054","frp":39.1,"b":328.2,"c":1,"s":"MODIS","n":0}},{"type":"Feature","geometry":{"type":"Point","coordinates":[149.4423,-23.7269]},"properties":{"d":"2026-10-08","t":"0521","frp":29.1,"b":308.8,"c":1,"s":"MODIS","n":0}},{"type":"Feature","geometry":{"type":"Point","coordinates":[147.9923,-22.6582]},"properties":{"d":"2026-10-08","t":"0521","frp":43.0,"b":310.2,"c":0,"s":"MODIS","n":0}},{"type":"Feature","geometry":{"type":"Point","coordinates":[149.0144,-21.3934]},"properties":{"d":"2026-10-08","t":"0521","frp":65.0,"b":314.4,"c":1,"s":"MODIS","n":0}},{"type":"Feature","geometry":{"type":"Point","coordinates":[137.0184,-35.7937]},"properties":{"d":"2026-10-08","t":"0657","frp":6.9,"b":307.8,"c":1,"s":"MODIS","n":0}},{"type":"Feature","geometry":{"type":"Point","coordinates":[137.1055,-35.7813]},"properties":{"d":"2026-10-08","t":"0657","frp":4.7,"b":304.1,"c":1,"s":"MODIS","n":0}},{"type":"Feature","geometry":{"type":"Point","coordinates":[135.4119,-33.6376]},"properties":{"d":"2026-10-08","t":"0657","frp":189.7,"b":386.5,"c":2,"s":"MODIS","n":0}},{"type":"Feature","geometry":{"type":"Point","coordinates":[135.4231,-33.6361]},"properties":{"d":"2026-10-08","t":"0657","frp":354.6,"b":412.2,"c":2,"s":"MODIS","n":0}},{"type":"Feature","geometry":{"type":"Point","coordinates":[135.4102,-33.6286]},"properties":{"d":"2026-10-08","t":"0657","frp":229.2,"b":394.0,"c":2,"s":"MODIS","n":0}},{"type":"Feature","geometry":{"type":"Point","coordinates":[135.4214,-33.6271]},"properties":{"d":"2026-10-08","t":"0657","frp":564.7,"b":434.3,"c":2,"s":"MODIS","n":0}},{"type":"Feature","geometry":{"type":"Point","coordinates":[135.4085,-33.6195]},"properties":{"d":"2026-10-08","t":"0657","frp":28.3,"b":334.0,"c":2,"s":"MODIS","n":0}},{"type":"Feature","geometry":{"type":"Point","coordinates":[135.4196,-33.618]},"properties":{"d":"2026-10-08","t":"0657","frp":203.3,"b":389.4,"c":2,"s":"MODIS","n":0}},{"type":"Feature","geometry":{"type":"Point","coordinates":[135.4308,-33.6165]},"properties":{"d":"2026-10-08","t":"0657","frp":17.1,"b":325.8,"c":1,"s":"MODIS","n":0}},{"type":"Feature","geometry":{"type":"Point","coordinates":[135.4179,-33.609]},"properties":{"d":"2026-10-08","t":"0657","frp":58.4,"b":349.5,"c":2,"s":"MODIS","n":0}},{"type":"Feature","geometry":{"type":"Point","coordinates":[135.429,-33.6075]},"properties":{"d":"2026-10-08","t":"0657","frp":8.2,"b":317.2,"c":1,"s":"MODIS","n":0}},{"type":"Feature","geometry":{"type":"Point","coordinates":[146.403,-26.2483]},"properties":{"d":"2026-10-08","t":"0659","frp":75.7,"b":317.6,"c":1,"s":"MODIS","n":0}},{"type":"Feature","geometry":{"type":"Point","coordinates":[133.708,-23.0759]},"properties":{"d":"2026-10-08","t":"0659","frp":24.3,"b":334.7,"c":1,"s":"MODIS","n":0}},{"type":"Feature","geometry":{"type":"Point","coordinates":[133.6075,-23.0631]},"properties":{"d":"2026-10-08","t":"0659","frp":27.8,"b":336.3,"c":2,"s":"MODIS","n":0}},{"type":"Feature","geometry":{"type":"Point","coordinates":[133.6171,-23.0617]},"properties":{"d":"2026-10-08","t":"0659","frp":10.1,"b":322.5,"c":1,"s":"MODIS","n":0}},{"type":"Feature","geometry":{"type":"Point","coordinates":[133.606,-23.0543]},"properties":{"d":"2026-10-08","t":"0659","frp":52.0,"b":350.3,"c":2,"s":"MODIS","n":0}},{"type":"Feature","geometry":{"type":"Point","coordinates":[133.4775,-23.0341]},"properties":{"d":"2026-10-08","t":"0659","frp":31.0,"b":338.2,"c":2,"s":"MODIS","n":0}},{"type":"Feature","geometry":{"type":"Point","coordinates":[133.5755,-23.0292]},"properties":{"d":"2026-10-08","t":"0659","frp":33.9,"b":340.5,"c":2,"s":"MODIS","n":0}},{"type":"Feature","geometry":{"type":"Point","coordinates":[133.3373,-23.0267]},"properties":{"d":"2026-10-08","t":"0659","frp":11.2,"b":323.3,"c":1,"s":"MODIS","n":0}},{"type":"Feature","geometry":{"type":"Point","coordinates":[135.3984,-21.3257]},"properties":{"d":"2026-10-08","t":"0701","frp":13.1,"b":326.9,"c":1,"s":"MODIS","n":0}},{"type":"Feature","geometry":{"type":"Point","coordinates":[135.4083,-21.3241]},"properties":{"d":"2026-10-08","t":"0701","frp":330.3,"b":410.0,"c":2,"s":"MODIS","n":0}},{"type":"Feature","geometry":{"type":"Point","coordinates":[135.4182,-21.3226]},"properties":{"d":"2026-10-08","t":"0701","frp":32.9,"b":340.2,"c":2,"s":"MODIS","n":0}},{"type":"Feature","geometry":{"type":"Point","coordinates":[135.3969,-21.3167]},"properties":{"d":"2026-10-08","t":"0701","frp":9.1,"b":323.8,"c":1,"s":"MODIS","n":0}},{"type":"Feature","geometry":{"type":"Point","coordinates":[135.4067,-21.3152]},"properties":{"d":"2026-10-08","t":"0701","frp":90.7,"b":363.8,"c":2,"s":"MODIS","n":0}},{"type":"Feature","geometry":{"type":"Point","coordinates":[135.4166,-21.3136]},"properties":{"d":"2026-10-08","t":"0701","frp":21.4,"b":333.4,"c":2,"s":"MODIS","n":0}},{"type":"Feature","geometry":{"type":"Point","coordinates":[135.2938,-21.2305]},"properties":{"d":"2026-10-08","t":"0701","frp":111.3,"b":370.3,"c":2,"s":"MODIS","n":0}},{"type":"Feature","geometry":{"type":"Point","coordinates":[135.3037,-21.229]},"properties":{"d":"2026-10-08","t":"0701","frp":75.2,"b":359.0,"c":2,"s":"MODIS","n":0}},{"type":"Feature","geometry":{"type":"Point","coordinates":[135.2964,-21.2211]},"properties":{"d":"2026-10-08","t":"0701","frp":81.0,"b":361.3,"c":2,"s":"MODIS","n":0}},{"type":"Feature","geometry":{"type":"Point","coordinates":[135.3063,-21.2195]},"properties":{"d":"2026-10-08","t":"0701","frp":33.8,"b":341.2,"c":2,"s":"MODIS","n":0}},{"type":"Feature","geometry":{"type":"Point","coordinates":[135.2557,-21.2182]},"properties":{"d":"2026-10-08","t":"0701","frp":23.2,"b":335.2,"c":1,"s":"MODIS","n":0}},{"type":"Feature","geometry":{"type":"Point","coordinates":[135.2949,-21.2121]},"properties":{"d":"2026-10-08","t":"0701","frp":127.1,"b":375.0,"c":2,"s":"MODIS","n":0}},{"type":"Feature","geometry":{"type":"Point","coordinates":[135.2443,-21.2107]},"properties":{"d":"2026-10-08","t":"0701","frp":10.8,"b":326.1,"c":1,"s":"MODIS","n":0}},{"type":"Feature","geometry":{"type":"Point","coordinates":[135.3047,-21.2106]},"properties":{"d":"2026-10-08","t":"0701","frp":183.1,"b":387.2,"c":2,"s":"MODIS","n":0}},{"type":"Feature","geometry":{"type":"Point","coordinates":[135.2932,-21.2031]},"properties":{"d":"2026-10-08","t":"0701","frp":349.4,"b":413.3,"c":2,"s":"MODIS","n":0}},{"type":"Feature","geometry":{"type":"Point","coordinates":[135.3031,-21.2016]},"properties":{"d":"2026-10-08","t":"0701","frp":156.2,"b":381.8,"c":2,"s":"MODIS","n":0}},{"type":"Feature","geometry":{"type":"Point","coordinates":[135.2818,-21.1957]},"properties":{"d":"2026-10-08","t":"0701","frp":10.0,"b":328.0,"c":1,"s":"MODIS","n":0}},{"type":"Feature","geometry":{"type":"Point","coordinates":[135.2802,-21.1867]},"properties":{"d":"2026-10-08","t":"0701","frp":88.8,"b":364.6,"c":2,"s":"MODIS","n":0}},{"type":"Feature","geometry":{"type":"Point","coordinates":[135.29,-21.1852]},"properties":{"d":"2026-10-08","t":"0701","frp":28.0,"b":339.1,"c":2,"s":"MODIS","n":0}},{"type":"Feature","geometry":{"type":"Point","coordinates":[135.2786,-21.1778]},"properties":{"d":"2026-10-08","t":"0701","frp":20.6,"b":334.0,"c":1,"s":"MODIS","n":0}},{"type":"Feature","geometry":{"type":"Point","coordinates":[132.7844,-21.1686]},"properties":{"d":"2026-10-08","t":"0701","frp":11.8,"b":326.4,"c":1,"s":"MODIS","n":0}},{"type":"Feature","geometry":{"type":"Point","coordinates":[132.7941,-21.1673]},"properties":{"d":"2026-10-08","t":"0701","frp":104.2,"b":368.9,"c":2,"s":"MODIS","n":0}},{"type":"Feature","geometry":{"type":"Point","coordinates":[132.7926,-21.1584]},"properties":{"d":"2026-10-08","t":"0701","frp":29.1,"b":338.8,"c":2,"s":"MODIS","n":0}},{"type":"Feature","geometry":{"type":"Point","coordinates":[132.8105,-21.1268]},"properties":{"d":"2026-10-08","t":"0701","frp":331.4,"b":412.1,"c":2,"s":"MODIS","n":0}},{"type":"Feature","geometry":{"type":"Point","coordinates":[132.8201,-21.1255]},"properties":{"d":"2026-10-08","t":"0701","frp":165.3,"b":384.7,"c":2,"s":"MODIS","n":0}},{"type":"Feature","geometry":{"type":"Point","coordinates":[132.8091,-21.1179]},"properties":{"d":"2026-10-08","t":"0701","frp":140.8,"b":379.2,"c":2,"s":"MODIS","n":0}},{"type":"Feature","geometry":{"type":"Point","coordinates":[132.8076,-21.109]},"properties":{"d":"2026-10-08","t":"0701","frp":61.7,"b":355.8,"c":2,"s":"MODIS","n":0}},{"type":"Feature","geometry":{"type":"Point","coordinates":[132.7854,-21.094]},"properties":{"d":"2026-10-08","t":"0701","frp":11.4,"b":328.8,"c":1,"s":"MODIS","n":0}},{"type":"Feature","geometry":{"type":"Point","coordinates":[132.7951,-21.0926]},"properties":{"d":"2026-10-08","t":"0701","frp":17.8,"b":333.1,"c":1,"s":"MODIS","n":0}},{"type":"Feature","geometry":{"type":"Point","coordinates":[132.784,-21.085]},"properties":{"d":"2026-10-08","t":"0701","frp":12.8,"b":328.7,"c":1,"s":"MODIS","n":0}},{"type":"Feature","geometry":{"type":"Point","coordinates":[130.0991,-20.7077]},"properties":{"d":"2026-10-08","t":"0701","frp":0.0,"b":399.6,"c":2,"s":"MODIS","n":0}},{"type":"Feature","geometry":{"type":"Point","coordinates":[129.3976,-19.7978]},"properties":{"d":"2026-10-08","t":"0701","frp":16.3,"b":318.3,"c":0,"s":"MODIS","n":0}},{"type":"Feature","geometry":{"type":"Point","coordinates":[138.4799,-18.5364]},"properties":{"d":"2026-10-08","t":"0701","frp":44.3,"b":331.8,"c":1,"s":"MODIS","n":0}},{"type":"Feature","geometry":{"type":"Point","coordinates":[138.4619,-18.5279]},"properties":{"d":"2026-10-08","t":"0701","frp":120.3,"b":351.5,"c":2,"s":"MODIS","n":0}},{"type":"Feature","geometry":{"type":"Point","coordinates":[138.4777,-18.5251]},"properties":{"d":"2026-10-08","t":"0701","frp":85.8,"b":344.5,"c":1,"s":"MODIS","n":0}},{"type":"Feature","geometry":{"type":"Point","coordinates":[138.4596,-18.5167]},"properties":{"d":"2026-10-08","t":"0701","frp":74.9,"b":340.4,"c":2,"s":"MODIS","n":0}},{"type":"Feature","geometry":{"type":"Point","coordinates":[138.4755,-18.5139]},"properties":{"d":"2026-10-08","t":"0701","frp":124.7,"b":352.2,"c":1,"s":"MODIS","n":0}},{"type":"Feature","geometry":{"type":"Point","coordinates":[138.0781,-17.2518]},"properties":{"d":"2026-10-08","t":"0701","frp":13.8,"b":317.5,"c":1,"s":"MODIS","n":0}},{"type":"Feature","geometry":{"type":"Point","coordinates":[138.1094,-17.2462]},"properties":{"d":"2026-10-08","t":"0701","frp":15.6,"b":318.9,"c":1,"s":"MODIS","n":0}},{"type":"Feature","geometry":{"type":"Point","coordinates":[135.0232,-16.9995]},"properties":{"d":"2026-10-08","t":"0701","frp":24.3,"b":333.0,"c":2,"s":"MODIS","n":0}},{"type":"Feature","geometry":{"type":"Point","coordinates":[135.0334,-16.9979]},"properties":{"d":"2026-10-08","t":"0701","frp":78.9,"b":357.4,"c":2,"s":"MODIS","n":0}},{"type":"Feature","geometry":{"type":"Point","coordinates":[135.0216,-16.9903]},"properties":{"d":"2026-10-08","t":"0701","frp":75.8,"b":356.3,"c":2,"s":"MODIS","n":0}},{"type":"Feature","geometry":{"type":"Point","coordinates":[135.0318,-16.9887]},"properties":{"d":"2026-10-08","t":"0701","frp":186.1,"b":384.0,"c":2,"s":"MODIS","n":0}},{"type":"Feature","geometry":{"type":"Point","coordinates":[135.042,-16.9871]},"properties":{"d":"2026-10-08","t":"0701","frp":34.9,"b":339.4,"c":2,"s":"MODIS","n":0}},{"type":"Feature","geometry":{"type":"Point","coordinates":[135.0404,-16.9779]},"properties":{"d":"2026-10-08","t":"0701","frp":5.7,"b":319.6,"c":1,"s":"MODIS","n":0}},{"type":"Feature","geometry":{"type":"Point","coordinates":[134.9832,-16.949]},"properties":{"d":"2026-10-08","t":"0701","frp":17.9,"b":331.2,"c":1,"s":"MODIS","n":0}},{"type":"Feature","geometry":{"type":"Point","coordinates":[134.9599,-16.9338]},"properties":{"d":"2026-10-08","t":"0701","frp":23.5,"b":331.4,"c":2,"s":"MODIS","n":0}},{"type":"Feature","geometry":{"type":"Point","coordinates":[134.106,-16.3174]},"properties":{"d":"2026-10-08","t":"0701","frp":16.2,"b":328.1,"c":0,"s":"MODIS","n":0}},{"type":"Feature","geometry":{"type":"Point","coordinates":[134.1155,-16.3159]},"properties":{"d":"2026-10-08","t":"0701","frp":19.2,"b":329.7,"c":1,"s":"MODIS","n":0}},{"type":"Feature","geometry":{"type":"Point","coordinates":[133.8441,-16.3116]},"properties":{"d":"2026-10-08","t":"0701","frp":7.7,"b":319.5,"c":1,"s":"MODIS","n":0}},{"type":"Feature","geometry":{"type":"Point","coordinates":[134.0855,-16.3113]},"properties":{"d":"2026-10-08","t":"0701","frp":9.6,"b":322.0,"c":1,"s":"MODIS","n":0}},{"type":"Feature","geometry":{"type":"Point","coordinates":[134.0525,-16.2889]},"properties":{"d":"2026-10-08","t":"0701","frp":16.2,"b":327.9,"c":1,"s":"MODIS","n":0}},{"type":"Feature","geometry":{"type":"Point","coordinates":[133.9067,-16.2838]},"properties":{"d":"2026-10-08","t":"0701","frp":29.2,"b":335.3,"c":1,"s":"MODIS","n":0}},{"type":"Feature","geometry":{"type":"Point","coordinates":[133.9161,-16.2824]},"properties":{"d":"2026-10-08","t":"0701","frp":15.8,"b":325.1,"c":1,"s":"MODIS","n":0}},{"type":"Feature","geometry":{"type":"Point","coordinates":[133.9052,-16.2749]},"properties":{"d":"2026-10-08","t":"0701","frp":52.1,"b":348.6,"c":1,"s":"MODIS","n":0}},{"type":"Feature","geometry":{"type":"Point","coordinates":[133.9146,-16.2735]},"properties":{"d":"2026-10-08","t":"0701","frp":70.0,"b":355.6,"c":2,"s":"MODIS","n":0}},{"type":"Feature","geometry":{"type":"Point","coordinates":[134.0197,-16.2664]},"properties":{"d":"2026-10-08","t":"0701","frp":54.2,"b":349.0,"c":2,"s":"MODIS","n":0}},{"type":"Feature","geometry":{"type":"Point","coordinates":[134.0292,-16.265]},"properties":{"d":"2026-10-08","t":"0701","frp":10.4,"b":322.6,"c":1,"s":"MODIS","n":0}},{"type":"Feature","geometry":{"type":"Point","coordinates":[133.9131,-16.2645]},"properties":{"d":"2026-10-08","t":"0701","frp":98.4,"b":365.6,"c":2,"s":"MODIS","n":0}},{"type":"Feature","geometry":{"type":"Point","coordinates":[133.9225,-16.2631]},"properties":{"d":"2026-10-08","t":"0701","frp":28.2,"b":334.7,"c":2,"s":"MODIS","n":0}},{"type":"Feature","geometry":{"type":"Point","coordinates":[133.8014,-16.2627]},"properties":{"d":"2026-10-08","t":"0701","frp":26.3,"b":336.9,"c":1,"s":"MODIS","n":0}},{"type":"Feature","geometry":{"type":"Point","coordinates":[133.8107,-16.2613]},"properties":{"d":"2026-10-08","t":"0701","frp":23.9,"b":335.2,"c":1,"s":"MODIS","n":0}},{"type":"Feature","geometry":{"type":"Point","coordinates":[133.9058,-16.2559]},"properties":{"d":"2026-10-08","t":"0701","frp":19.4,"b":329.3,"c":1,"s":"MODIS","n":0}},{"type":"Feature","geometry":{"type":"Point","coordinates":[133.7905,-16.2552]},"properties":{"d":"2026-10-08","t":"0701","frp":18.3,"b":330.7,"c":1,"s":"MODIS","n":0}},{"type":"Feature","geometry":{"type":"Point","coordinates":[133.9152,-16.2545]},"properties":{"d":"2026-10-08","t":"0701","frp":124.7,"b":373.2,"c":2,"s":"MODIS","n":0}},{"type":"Feature","geometry":{"type":"Point","coordinates":[133.8279,-16.2495]},"properties":{"d":"2026-10-08","t":"0701","frp":36.9,"b":342.1,"c":2,"s":"MODIS","n":0}},{"type":"Feature","geometry":{"type":"Point","coordinates":[133.9044,-16.2471]},"properties":{"d":"2026-10-08","t":"0701","frp":23.9,"b":333.8,"c":1,"s":"MODIS","n":0}},{"type":"Feature","geometry":{"type":"Point","coordinates":[133.9137,-16.2456]},"properties":{"d":"2026-10-08","t":"0701","frp":28.8,"b":336.2,"c":1,"s":"MODIS","n":0}},{"type":"Feature","geometry":{"type":"Point","coordinates":[133.9563,-16.2117]},"properties":{"d":"2026-10-08","t":"0701","frp":26.5,"b":335.0,"c":1,"s":"MODIS","n":0}},{"type":"Feature","geometry":{"type":"Point","coordinates":[133.9752,-16.2089]},"properties":{"d":"2026-10-08","t":"0701","frp":67.6,"b":355.8,"c":2,"s":"MODIS","n":0}},{"type":"Feature","geometry":{"type":"Point","coordinates":[133.9846,-16.2074]},"properties":{"d":"2026-10-08","t":"0701","frp":190.5,"b":388.3,"c":2,"s":"MODIS","n":0}},{"type":"Feature","geometry":{"type":"Point","coordinates":[133.994,-16.206]},"properties":{"d":"2026-10-08","t":"0701","frp":17.3,"b":327.2,"c":1,"s":"MODIS","n":0}},{"type":"Feature","geometry":{"type":"Point","coordinates":[133.9925,-16.197]},"properties":{"d":"2026-10-08","t":"0701","frp":20.7,"b":330.8,"c":2,"s":"MODIS","n":0}},{"type":"Feature","geometry":{"type":"Point","coordinates":[136.4498,-16.1961]},"properties":{"d":"2026-10-08","t":"0701","frp":103.5,"b":356.5,"c":2,"s":"MODIS","n":0}},{"type":"Feature","geometry":{"type":"Point","coordinates":[133.9533,-16.1939]},"properties":{"d":"2026-10-08","t":"0701","frp":118.2,"b":372.3,"c":2,"s":"MODIS","n":0}},{"type":"Feature","geometry":{"type":"Point","coordinates":[133.991,-16.1881]},"properties":{"d":"2026-10-08","t":"0701","frp":33.8,"b":339.2,"c":2,"s":"MODIS","n":0}},{"type":"Feature","geometry":{"type":"Point","coordinates":[133.9424,-16.1864]},"properties":{"d":"2026-10-08","t":"0701","frp":39.4,"b":344.1,"c":1,"s":"MODIS","n":0}},{"type":"Feature","geometry":{"type":"Point","coordinates":[136.4479,-16.1859]},"properties":{"d":"2026-10-08","t":"0701","frp":30.5,"b":332.8,"c":1,"s":"MODIS","n":0}},{"type":"Feature","geometry":{"type":"Point","coordinates":[133.9518,-16.185]},"properties":{"d":"2026-10-08","t":"0701","frp":160.7,"b":383.0,"c":2,"s":"MODIS","n":0}},{"type":"Feature","geometry":{"type":"Point","coordinates":[136.4584,-16.1738]},"properties":{"d":"2026-10-08","t":"0701","frp":20.3,"b":327.9,"c":1,"s":"MODIS","n":0}},{"type":"Feature","geometry":{"type":"Point","coordinates":[136.4709,-16.1717]},"properties":{"d":"2026-10-08","t":"0701","frp":24.8,"b":330.4,"c":1,"s":"MODIS","n":0}},{"type":"Feature","geometry":{"type":"Point","coordinates":[136.5824,-16.1426]},"properties":{"d":"2026-10-08","t":"0701","frp":15.6,"b":322.2,"c":1,"s":"MODIS","n":0}},{"type":"Feature","geometry":{"type":"Point","coordinates":[136.425,-16.0964]},"properties":{"d":"2026-10-08","t":"0701","frp":12.4,"b":322.6,"c":1,"s":"MODIS","n":0}},{"type":"Feature","geometry":{"type":"Point","coordinates":[136.4356,-16.0842]},"properties":{"d":"2026-10-08","t":"0701","frp":23.1,"b":328.5,"c":1,"s":"MODIS","n":0}},{"type":"Feature","geometry":{"type":"Point","coordinates":[136.8016,-16.0661]},"properties":{"d":"2026-10-08","t":"0701","frp":14.0,"b":319.9,"c":1,"s":"MODIS","n":0}},{"type":"Feature","geometry":{"type":"Point","coordinates":[133.9635,-15.9799]},"properties":{"d":"2026-10-08","t":"0701","frp":8.9,"b":321.4,"c":1,"s":"MODIS","n":0}},{"type":"Feature","geometry":{"type":"Point","coordinates":[134.4927,-15.8134]},"properties":{"d":"2026-10-08","t":"0701","frp":9.2,"b":320.5,"c":1,"s":"MODIS","n":0}},{"type":"Feature","geometry":{"type":"Point","coordinates":[134.734,-15.3513]},"properties":{"d":"2026-10-08","t":"0701","frp":20.3,"b":332.1,"c":1,"s":"MODIS","n":0}},{"type":"Feature","geometry":{"type":"Point","coordinates":[134.801,-15.3122]},"properties":{"d":"2026-10-08","t":"0701","frp":16.9,"b":328.8,"c":1,"s":"MODIS","n":0}},{"type":"Feature","geometry":{"type":"Point","coordinates":[134.79,-15.2875]},"properties":{"d":"2026-10-08","t":"0701","frp":13.2,"b":324.6,"c":1,"s":"MODIS","n":0}},{"type":"Feature","geometry":{"type":"Point","coordinates":[134.7781,-15.2798]},"properties":{"d":"2026-10-08","t":"0701","frp":24.7,"b":333.7,"c":1,"s":"MODIS","n":0}},{"type":"Feature","geometry":{"type":"Point","coordinates":[134.7764,-15.2706]},"properties":{"d":"2026-10-08","t":"0701","frp":14.9,"b":327.9,"c":1,"s":"MODIS","n":0}},{"type":"Feature","geometry":{"type":"Point","coordinates":[134.7733,-15.252]},"properties":{"d":"2026-10-08","t":"0701","frp":11.1,"b":324.9,"c":0,"s":"MODIS","n":0}},{"type":"Feature","geometry":{"type":"Point","coordinates":[135.4475,-15.248]},"properties":{"d":"2026-10-08","t":"0701","frp":13.7,"b":325.0,"c":1,"s":"MODIS","n":0}},{"type":"Feature","geometry":{"type":"Point","coordinates":[134.7718,-15.2427]},"properties":{"d":"2026-10-08","t":"0701","frp":9.5,"b":323.2,"c":0,"s":"MODIS","n":0}},{"type":"Feature","geometry":{"type":"Point","coordinates":[134.7482,-15.2273]},"properties":{"d":"2026-10-08","t":"0701","frp":18.6,"b":330.6,"c":1,"s":"MODIS","n":0}},{"type":"Feature","geometry":{"type":"Point","coordinates":[134.7584,-15.2257]},"properties":{"d":"2026-10-08","t":"0701","frp":21.1,"b":331.8,"c":1,"s":"MODIS","n":0}},{"type":"Feature","geometry":{"type":"Point","coordinates":[135.4664,-15.2251]},"properties":{"d":"2026-10-08","t":"0701","frp":15.4,"b":325.8,"c":1,"s":"MODIS","n":0}},{"type":"Feature","geometry":{"type":"Point","coordinates":[134.7364,-15.2196]},"properties":{"d":"2026-10-08","t":"0701","frp":11.2,"b":325.1,"c":1,"s":"MODIS","n":0}},{"type":"Feature","geometry":{"type":"Point","coordinates":[134.7348,-15.2104]},"properties":{"d":"2026-10-08","t":"0701","frp":26.1,"b":335.2,"c":1,"s":"MODIS","n":0}},{"type":"Feature","geometry":{"type":"Point","coordinates":[134.2092,-15.1364]},"properties":{"d":"2026-10-08","t":"0701","frp":6.5,"b":321.6,"c":1,"s":"MODIS","n":0}},{"type":"Feature","geometry":{"type":"Point","coordinates":[134.325,-15.0827]},"properties":{"d":"2026-10-08","t":"0701","frp":18.2,"b":327.7,"c":1,"s":"MODIS","n":0}},{"type":"Feature","geometry":{"type":"Point","coordinates":[134.9209,-14.611]},"properties":{"d":"2026-10-08","t":"0701","frp":30.6,"b":334.5,"c":2,"s":"MODIS","n":0}},{"type":"Feature","geometry":{"type":"Point","coordinates":[134.9315,-14.6093]},"properties":{"d":"2026-10-08","t":"0701","frp":12.0,"b":322.6,"c":1,"s":"MODIS","n":0}},{"type":"Feature","geometry":{"type":"Point","coordinates":[135.5172,-14.5685]},"properties":{"d":"2026-10-08","t":"0701","frp":12.1,"b":319.9,"c":1,"s":"MODIS","n":0}},{"type":"Feature","geometry":{"type":"Point","coordinates":[136.4905,-14.1913]},"properties":{"d":"2026-10-08","t":"0701","frp":99.1,"b":350.0,"c":2,"s":"MODIS","n":0}},{"type":"Feature","geometry":{"type":"Point","coordinates":[136.5039,-14.189]},"properties":{"d":"2026-10-08","t":"0701","frp":26.4,"b":324.1,"c":1,"s":"MODIS","n":0}},{"type":"Feature","geometry":{"type":"Point","coordinates":[129.602,-14.4797]},"properties":{"d":"2026-10-08","t":"0703","frp":18.0,"b":325.4,"c":1,"s":"MODIS","n":0}},{"type":"Feature","geometry":{"type":"Point","coordinates":[136.484,-14.1874]},"properties":{"d":"2026-10-08","t":"0703","frp":48.4,"b":334.1,"c":2,"s":"MODIS","n":0}},{"type":"Feature","geometry":{"type":"Point","coordinates":[136.4975,-14.1852]},"properties":{"d":"2026-10-08","t":"0703","frp":107.6,"b":352.1,"c":2,"s":"MODIS","n":0}},{"type":"Feature","geometry":{"type":"Point","coordinates":[136.4887,-14.1807]},"properties":{"d":"2026-10-08","t":"0703","frp":69.6,"b":341.6,"c":2,"s":"MODIS","n":0}},{"type":"Feature","geometry":{"type":"Point","coordinates":[136.502,-14.1785]},"properties":{"d":"2026-10-08","t":"0703","frp":18.5,"b":320.1,"c":1,"s":"MODIS","n":0}},{"type":"Feature","geometry":{"type":"Point","coordinates":[136.6484,-14.0948]},"properties":{"d":"2026-10-08","t":"0703","frp":64.5,"b":339.8,"c":2,"s":"MODIS","n":0}},{"type":"Feature","geometry":{"type":"Point","coordinates":[136.6622,-14.0925]},"properties":{"d":"2026-10-08","t":"0703","frp":39.7,"b":331.2,"c":1,"s":"MODIS","n":0}},{"type":"Feature","geometry":{"type":"Point","coordinates":[130.3155,-14.0649]},"properties":{"d":"2026-10-08","t":"0703","frp":12.1,"b":321.8,"c":1,"s":"MODIS","n":0}},{"type":"Feature","geometry":{"type":"Point","coordinates":[136.6335,-14.0479]},"properties":{"d":"2026-10-08","t":"0703","frp":16.3,"b":319.2,"c":1,"s":"MODIS","n":0}},{"type":"Feature","geometry":{"type":"Point","coordinates":[136.6472,-14.0457]},"properties":{"d":"2026-10-08","t":"0703","frp":23.4,"b":322.8,"c":1,"s":"MODIS","n":0}},{"type":"Feature","geometry":{"type":"Point","coordinates":[136.5306,-14.0211]},"properties":{"d":"2026-10-08","t":"0703","frp":14.6,"b":318.9,"c":1,"s":"MODIS","n":0}},{"type":"Feature","geometry":{"type":"Point","coordinates":[136.5443,-14.0189]},"properties":{"d":"2026-10-08","t":"0703","frp":38.4,"b":330.4,"c":1,"s":"MODIS","n":0}},{"type":"Feature","geometry":{"type":"Point","coordinates":[136.5424,-14.0083]},"properties":{"d":"2026-10-08","t":"0703","frp":11.5,"b":317.0,"c":1,"s":"MODIS","n":0}},{"type":"Feature","geometry":{"type":"Point","coordinates":[136.6517,-13.9898]},"properties":{"d":"2026-10-08","t":"0703","frp":11.8,"b":315.6,"c":1,"s":"MODIS","n":0}},{"type":"Feature","geometry":{"type":"Point","coordinates":[130.1401,-13.9506]},"properties":{"d":"2026-10-08","t":"0703","frp":22.3,"b":332.1,"c":1,"s":"MODIS","n":0}},{"type":"Feature","geometry":{"type":"Point","coordinates":[130.1385,-13.9148]},"properties":{"d":"2026-10-08","t":"0703","frp":15.4,"b":325.5,"c":1,"s":"MODIS","n":0}},{"type":"Feature","geometry":{"type":"Point","coordinates":[136.1718,-13.466]},"properties":{"d":"2026-10-08","t":"0703","frp":148.7,"b":361.3,"c":2,"s":"MODIS","n":0}},{"type":"Feature","geometry":{"type":"Point","coordinates":[131.9566,-13.0823]},"properties":{"d":"2026-10-08","t":"0703","frp":72.4,"b":359.4,"c":2,"s":"MODIS","n":0}},{"type":"Feature","geometry":{"type":"Point","coordinates":[136.4409,-12.8925]},"properties":{"d":"2026-10-08","t":"0703","frp":22.7,"b":321.1,"c":1,"s":"MODIS","n":0}},{"type":"Feature","geometry":{"type":"Point","coordinates":[136.4349,-12.8903]},"properties":{"d":"2026-10-08","t":"0703","frp":18.8,"b":317.8,"c":1,"s":"MODIS","n":0}},{"type":"Feature","geometry":{"type":"Point","coordinates":[136.4489,-12.888]},"properties":{"d":"2026-10-08","t":"0703","frp":26.4,"b":321.7,"c":1,"s":"MODIS","n":0}},{"type":"Feature","geometry":{"type":"Point","coordinates":[136.3859,-12.8542]},"properties":{"d":"2026-10-08","t":"0703","frp":10.5,"b":314.4,"c":1,"s":"MODIS","n":0}},{"type":"Feature","geometry":{"type":"Point","coordinates":[136.4515,-12.8211]},"properties":{"d":"2026-10-08","t":"0703","frp":11.8,"b":313.3,"c":1,"s":"MODIS","n":0}},{"type":"Feature","geometry":{"type":"Point","coordinates":[136.4655,-12.8188]},"properties":{"d":"2026-10-08","t":"0703","frp":12.6,"b":313.6,"c":1,"s":"MODIS","n":0}},{"type":"Feature","geometry":{"type":"Point","coordinates":[132.2653,-12.6402]},"properties":{"d":"2026-10-08","t":"0703","frp":6.9,"b":320.8,"c":1,"s":"MODIS","n":0}},{"type":"Feature","geometry":{"type":"Point","coordinates":[136.2853,-12.5484]},"properties":{"d":"2026-10-08","t":"0703","frp":16.7,"b":319.0,"c":1,"s":"MODIS","n":0}},{"type":"Feature","geometry":{"type":"Point","coordinates":[136.8194,-12.4807]},"properties":{"d":"2026-10-08","t":"0703","frp":485.3,"b":395.6,"c":2,"s":"MODIS","n":0}},{"type":"Feature","geometry":{"type":"Point","coordinates":[136.812,-12.4707]},"properties":{"d":"2026-10-08","t":"0703","frp":39.2,"b":327.7,"c":0,"s":"MODIS","n":0}},{"type":"Feature","geometry":{"type":"Point","coordinates":[136.4065,-12.4585]},"properties":{"d":"2026-10-08","t":"0703","frp":23.5,"b":322.1,"c":1,"s":"MODIS","n":0}},{"type":"Feature","geometry":{"type":"Point","coordinates":[136.8081,-12.4484]},"properties":{"d":"2026-10-08","t":"0703","frp":18.6,"b":318.7,"c":1,"s":"MODIS","n":0}},{"type":"Feature","geometry":{"type":"Point","coordinates":[136.4047,-12.4477]},"properties":{"d":"2026-10-08","t":"0703","frp":15.8,"b":318.8,"c":1,"s":"MODIS","n":0}},{"type":"Feature","geometry":{"type":"Point","coordinates":[132.4982,-12.4475]},"properties":{"d":"2026-10-08","t":"0703","frp":13.9,"b":324.6,"c":1,"s":"MODIS","n":0}},{"type":"Feature","geometry":{"type":"Point","coordinates":[134.1732,-12.4052]},"properties":{"d":"2026-10-08","t":"0703","frp":5.9,"b":314.8,"c":0,"s":"MODIS","n":0}},{"type":"Feature","geometry":{"type":"Point","coordinates":[134.1819,-12.3942]},"properties":{"d":"2026-10-08","t":"0703","frp":8.5,"b":317.9,"c":1,"s":"MODIS","n":0}},{"type":"Feature","geometry":{"type":"Point","coordinates":[136.3702,-12.3712]},"properties":{"d":"2026-10-08","t":"0703","frp":57.8,"b":336.4,"c":2,"s":"MODIS","n":0}},{"type":"Feature","geometry":{"type":"Point","coordinates":[136.3843,-12.3688]},"properties":{"d":"2026-10-08","t":"0703","frp":15.6,"b":318.3,"c":1,"s":"MODIS","n":0}},{"type":"Feature","geometry":{"type":"Point","coordinates":[133.0136,-12.3237]},"properties":{"d":"2026-10-08","t":"0703","frp":13.5,"b":326.4,"c":1,"s":"MODIS","n":0}},{"type":"Feature","geometry":{"type":"Point","coordinates":[133.0229,-12.3223]},"properties":{"d":"2026-10-08","t":"0703","frp":17.2,"b":328.6,"c":1,"s":"MODIS","n":0}},{"type":"Feature","geometry":{"type":"Point","coordinates":[135.8109,-12.3108]},"properties":{"d":"2026-10-08","t":"0703","frp":12.6,"b":317.4,"c":1,"s":"MODIS","n":0}},{"type":"Feature","geometry":{"type":"Point","coordinates":[132.9909,-12.2998]},"properties":{"d":"2026-10-08","t":"0703","frp":7.3,"b":321.5,"c":1,"s":"MODIS","n":0}},{"type":"Feature","geometry":{"type":"Point","coordinates":[132.9711,-12.2937]},"properties":{"d":"2026-10-08","t":"0703","frp":14.3,"b":327.5,"c":1,"s":"MODIS","n":0}},{"type":"Feature","geometry":{"type":"Point","coordinates":[132.9803,-12.2923]},"properties":{"d":"2026-10-08","t":"0703","frp":23.7,"b":334.0,"c":2,"s":"MODIS","n":0}},{"type":"Feature","geometry":{"type":"Point","coordinates":[132.9895,-12.2909]},"properties":{"d":"2026-10-08","t":"0703","frp":8.8,"b":322.4,"c":1,"s":"MODIS","n":0}},{"type":"Feature","geometry":{"type":"Point","coordinates":[135.8046,-12.2308]},"properties":{"d":"2026-10-08","t":"0703","frp":12.2,"b":317.6,"c":1,"s":"MODIS","n":0}},{"type":"Feature","geometry":{"type":"Point","coordinates":[136.8187,-12.2272]},"properties":{"d":"2026-10-08","t":"0703","frp":17.7,"b":315.6,"c":1,"s":"MODIS","n":0}},{"type":"Feature","geometry":{"type":"Point","coordinates":[135.8029,-12.2204]},"properties":{"d":"2026-10-08","t":"0703","frp":19.6,"b":321.9,"c":1,"s":"MODIS","n":0}},{"type":"Feature","geometry":{"type":"Point","coordinates":[134.2233,-12.1451]},"properties":{"d":"2026-10-08","t":"0703","frp":6.9,"b":315.5,"c":0,"s":"MODIS","n":0}},{"type":"Feature","geometry":{"type":"Point","coordinates":[134.2272,-12.1394]},"properties":{"d":"2026-10-08","t":"0703","frp":7.8,"b":316.7,"c":1,"s":"MODIS","n":0}},{"type":"Feature","geometry":{"type":"Point","coordinates":[134.2005,-12.105]},"properties":{"d":"2026-10-08","t":"0703","frp":15.1,"b":322.2,"c":1,"s":"MODIS","n":0}},{"type":"Feature","geometry":{"type":"Point","coordinates":[134.2108,-12.1034]},"properties":{"d":"2026-10-08","t":"0703","frp":11.5,"b":319.1,"c":1,"s":"MODIS","n":0}},{"type":"Feature","geometry":{"type":"Point","coordinates":[134.2211,-12.1018]},"properties":{"d":"2026-10-08","t":"0703","frp":8.9,"b":317.3,"c":1,"s":"MODIS","n":0}},{"type":"Feature","geometry":{"type":"Point","coordinates":[135.716,-11.9775]},"properties":{"d":"2026-10-08","t":"0703","frp":26.9,"b":324.3,"c":1,"s":"MODIS","n":0}},{"type":"Feature","geometry":{"type":"Point","coordinates":[130.493,-11.5132]},"properties":{"d":"2026-10-08","t":"0703","frp":11.7,"b":319.9,"c":1,"s":"MODIS","n":0}},{"type":"Feature","geometry":{"type":"Point","coordinates":[130.7263,-11.507]},"properties":{"d":"2026-10-08","t":"0703","frp":7.6,"b":316.1,"c":1,"s":"MODIS","n":0}},{"type":"Feature","geometry":{"type":"Point","coordinates":[130.6489,-11.4071]},"properties":{"d":"2026-10-08","t":"0703","frp":5.1,"b":312.8,"c":1,"s":"MODIS","n":0}},{"type":"Feature","geometry":{"type":"Point","coordinates":[130.9625,-11.398]},"properties":{"d":"2026-10-08","t":"0703","frp":7.9,"b":318.5,"c":1,"s":"MODIS","n":0}},{"type":"Feature","geometry":{"type":"Point","coordinates":[130.9612,-11.3892]},"properties":{"d":"2026-10-08","t":"0703","frp":5.9,"b":316.1,"c":0,"s":"MODIS","n":0}},{"type":"Feature","geometry":{"type":"Point","coordinates":[130.9702,-11.3879]},"properties":{"d":"2026-10-08","t":"0703","frp":9.1,"b":319.3,"c":1,"s":"MODIS","n":0}},{"type":"Feature","geometry":{"type":"Point","coordinates":[114.9936,-21.689]},"properties":{"d":"2026-10-08","t":"0839","frp":29.8,"b":322.9,"c":1,"s":"MODIS","n":0}},{"type":"Feature","geometry":{"type":"Point","coordinates":[146.4436,-31.3901]},"properties":{"d":"2026-10-08","t":"1119","frp":5.9,"b":301.3,"c":1,"s":"MODIS","n":1}},{"type":"Feature","geometry":{"type":"Point","coordinates":[146.0053,-31.1621]},"properties":{"d":"2026-10-08","t":"1119","frp":6.7,"b":303.9,"c":1,"s":"MODIS","n":1}},{"type":"Feature","geometry":{"type":"Point","coordinates":[146.0163,-31.1604]},"properties":{"d":"2026-10-08","t":"1119","frp":7.3,"b":304.9,"c":1,"s":"MODIS","n":1}},{"type":"Feature","geometry":{"type":"Point","coordinates":[147.7248,-30.6666]},"properties":{"d":"2026-10-08","t":"1119","frp":11.3,"b":306.1,"c":1,"s":"MODIS","n":1}},{"type":"Feature","geometry":{"type":"Point","coordinates":[149.7196,-27.3345]},"properties":{"d":"2026-10-08","t":"1119","frp":13.3,"b":301.0,"c":1,"s":"MODIS","n":1}},{"type":"Feature","geometry":{"type":"Point","coordinates":[146.0866,-26.688]},"properties":{"d":"2026-10-08","t":"1121","frp":8.3,"b":305.1,"c":1,"s":"MODIS","n":1}},{"type":"Feature","geometry":{"type":"Point","coordinates":[148.1416,-26.6591]},"properties":{"d":"2026-10-08","t":"1121","frp":43.1,"b":323.1,"c":2,"s":"MODIS","n":1}},{"type":"Feature","geometry":{"type":"Point","coordinates":[146.3881,-26.2392]},"properties":{"d":"2026-10-08","t":"1121","frp":5.7,"b":302.8,"c":0,"s":"MODIS","n":1}},{"type":"Feature","geometry":{"type":"Point","coordinates":[146.3559,-25.5561]},"properties":{"d":"2026-10-08","t":"1121","frp":6.4,"b":303.2,"c":0,"s":"MODIS","n":1}},{"type":"Feature","geometry":{"type":"Point","coordinates":[148.6227,-22.8235]},"properties":{"d":"2026-10-08","t":"1121","frp":22.9,"b":306.7,"c":1,"s":"MODIS","n":1}},{"type":"Feature","geometry":{"type":"Point","coordinates":[134.318,-22.1361]},"properties":{"d":"2026-10-08","t":"1121","frp":12.1,"b":302.1,"c":1,"s":"MODIS","n":1}},{"type":"Feature","geometry":{"type":"Point","coordinates":[143.31,-21.5997]},"properties":{"d":"2026-10-08","t":"1121","frp":17.9,"b":320.2,"c":2,"s":"MODIS","n":1}},{"type":"Feature","geometry":{"type":"Point","coordinates":[143.35,-21.5937]},"properties":{"d":"2026-10-08","t":"1121","frp":7.7,"b":308.1,"c":1,"s":"MODIS","n":1}},{"type":"Feature","geometry":{"type":"Point","coordinates":[143.3029,-21.5922]},"properties":{"d":"2026-10-08","t":"1121","frp":11.3,"b":314.6,"c":1,"s":"MODIS","n":1}},{"type":"Feature","geometry":{"type":"Point","coordinates":[143.3129,-21.5908]},"properties":{"d":"2026-10-08","t":"1121","frp":11.9,"b":315.1,"c":1,"s":"MODIS","n":1}},{"type":"Feature","geometry":{"type":"Point","coordinates":[143.3429,-21.5864]},"properties":{"d":"2026-10-08","t":"1121","frp":9.9,"b":309.5,"c":1,"s":"MODIS","n":1}},{"type":"Feature","geometry":{"type":"Point","coordinates":[143.3013,-21.5832]},"properties":{"d":"2026-10-08","t":"1121","frp":6.3,"b":307.6,"c":0,"s":"MODIS","n":1}},{"type":"Feature","geometry":{"type":"Point","coordinates":[143.3113,-21.5817]},"properties":{"d":"2026-10-08","t":"1121","frp":5.6,"b":306.3,"c":0,"s":"MODIS","n":1}},{"type":"Feature","geometry":{"type":"Point","coordinates":[143.3514,-21.5758]},"properties":{"d":"2026-10-08","t":"1121","frp":13.2,"b":314.2,"c":1,"s":"MODIS","n":1}},{"type":"Feature","geometry":{"type":"Point","coordinates":[143.3098,-21.5726]},"properties":{"d":"2026-10-08","t":"1121","frp":7.1,"b":308.6,"c":1,"s":"MODIS","n":1}},{"type":"Feature","geometry":{"type":"Point","coordinates":[143.3398,-21.5682]},"properties":{"d":"2026-10-08","t":"1121","frp":25.4,"b":326.9,"c":2,"s":"MODIS","n":1}},{"type":"Feature","geometry":{"type":"Point","coordinates":[143.3498,-21.5668]},"properties":{"d":"2026-10-08","t":"1121","frp":24.3,"b":325.9,"c":2,"s":"MODIS","n":1}},{"type":"Feature","geometry":{"type":"Point","coordinates":[135.3075,-21.2256]},"properties":{"d":"2026-10-08","t":"1121","frp":12.0,"b":304.3,"c":1,"s":"MODIS","n":1}},{"type":"Feature","geometry":{"type":"Point","coordinates":[143.3938,-21.0163]},"properties":{"d":"2026-10-08","t":"1121","frp":50.9,"b":341.0,"c":2,"s":"MODIS","n":1}},{"type":"Feature","geometry":{"type":"Point","coordinates":[143.4039,-21.0148]},"properties":{"d":"2026-10-08","t":"1121","frp":88.2,"b":356.9,"c":2,"s":"MODIS","n":1}},{"type":"Feature","geometry":{"type":"Point","coordinates":[142.0919,-19.6459]},"properties":{"d":"2026-10-08","t":"1123","frp":4.7,"b":304.8,"c":1,"s":"MODIS","n":1}},{"type":"Feature","geometry":{"type":"Point","coordinates":[142.089,-19.6281]},"properties":{"d":"2026-10-08","t":"1123","frp":9.8,"b":312.2,"c":2,"s":"MODIS","n":1}},{"type":"Feature","geometry":{"type":"Point","coordinates":[143.1431,-18.7286]},"properties":{"d":"2026-10-08","t":"1123","frp":11.7,"b":302.9,"c":1,"s":"MODIS","n":1}},{"type":"Feature","geometry":{"type":"Point","coordinates":[138.4835,-18.6999]},"properties":{"d":"2026-10-08","t":"1123","frp":9.0,"b":312.7,"c":2,"s":"MODIS","n":1}},{"type":"Feature","geometry":{"type":"Point","coordinates":[138.4307,-18.6049]},"properties":{"d":"2026-10-08","t":"1123","frp":14.0,"b":317.2,"c":2,"s":"MODIS","n":1}},{"type":"Feature","geometry":{"type":"Point","coordinates":[138.4416,-18.6035]},"properties":{"d":"2026-10-08","t":"1123","frp":8.0,"b":311.5,"c":1,"s":"MODIS","n":1}},{"type":"Feature","geometry":{"type":"Point","coordinates":[138.4292,-18.5953]},"properties":{"d":"2026-10-08","t":"1123","frp":15.6,"b":318.6,"c":2,"s":"MODIS","n":1}},{"type":"Feature","geometry":{"type":"Point","coordinates":[138.4402,-18.5939]},"properties":{"d":"2026-10-08","t":"1123","frp":13.7,"b":317.1,"c":2,"s":"MODIS","n":1}},{"type":"Feature","geometry":{"type":"Point","coordinates":[138.4967,-18.5634]},"properties":{"d":"2026-10-08","t":"1123","frp":20.0,"b":321.9,"c":2,"s":"MODIS","n":1}},{"type":"Feature","geometry":{"type":"Point","coordinates":[138.4414,-18.5606]},"properties":{"d":"2026-10-08","t":"1123","frp":5.2,"b":308.7,"c":1,"s":"MODIS","n":1}},{"type":"Feature","geometry":{"type":"Point","coordinates":[138.4845,-18.5552]},"properties":{"d":"2026-10-08","t":"1123","frp":7.2,"b":310.8,"c":1,"s":"MODIS","n":1}},{"type":"Feature","geometry":{"type":"Point","coordinates":[138.4954,-18.5538]},"properties":{"d":"2026-10-08","t":"1123","frp":16.3,"b":318.9,"c":2,"s":"MODIS","n":1}},{"type":"Feature","geometry":{"type":"Point","coordinates":[138.4506,-18.5497]},"properties":{"d":"2026-10-08","t":"1123","frp":7.8,"b":313.0,"c":0,"s":"MODIS","n":1}},{"type":"Feature","geometry":{"type":"Point","coordinates":[138.4491,-18.5402]},"properties":{"d":"2026-10-08","t":"1123","frp":12.2,"b":317.3,"c":1,"s":"MODIS","n":1}},{"type":"Feature","geometry":{"type":"Point","coordinates":[138.4372,-18.5319]},"properties":{"d":"2026-10-08","t":"1123","frp":5.6,"b":309.8,"c":0,"s":"MODIS","n":1}},{"type":"Feature","geometry":{"type":"Point","coordinates":[138.4477,-18.5306]},"properties":{"d":"2026-10-08","t":"1123","frp":15.9,"b":319.7,"c":2,"s":"MODIS","n":1}},{"type":"Feature","geometry":{"type":"Point","coordinates":[138.4765,-18.4978]},"properties":{"d":"2026-10-08","t":"1123","frp":38.4,"b":335.0,"c":2,"s":"MODIS","n":1}},{"type":"Feature","geometry":{"type":"Point","coordinates":[138.4751,-18.4883]},"properties":{"d":"2026-10-08","t":"1123","frp":13.1,"b":317.2,"c":2,"s":"MODIS","n":1}},{"type":"Feature","geometry":{"type":"Point","coordinates":[138.4628,-18.4801]},"properties":{"d":"2026-10-08","t":"1123","frp":5.6,"b":309.6,"c":1,"s":"MODIS","n":1}},{"type":"Feature","geometry":{"type":"Point","coordinates":[138.4738,-18.4787]},"properties":{"d":"2026-10-08","t":"1123","frp":6.9,"b":310.5,"c":1,"s":"MODIS","n":1}},{"type":"Feature","geometry":{"type":"Point","coordinates":[142.9103,-17.1029]},"properties":{"d":"2026-10-08","t":"1123","frp":10.9,"b":314.3,"c":2,"s":"MODIS","n":1}},{"type":"Feature","geometry":{"type":"Point","coordinates":[142.9206,-17.1013]},"properties":{"d":"2026-10-08","t":"1123","frp":11.3,"b":315.5,"c":2,"s":"MODIS","n":1}},{"type":"Feature","geometry":{"type":"Point","coordinates":[142.9309,-17.0998]},"properties":{"d":"2026-10-08","t":"1123","frp":43.2,"b":338.4,"c":2,"s":"MODIS","n":1}},{"type":"Feature","geometry":{"type":"Point","coordinates":[142.9412,-17.0983]},"properties":{"d":"2026-10-08","t":"1123","frp":503.9,"b":423.9,"c":2,"s":"MODIS","n":1}},{"type":"Feature","geometry":{"type":"Point","coordinates":[142.9516,-17.0968]},"properties":{"d":"2026-10-08","t":"1123","frp":86.1,"b":356.3,"c":2,"s":"MODIS","n":1}},{"type":"Feature","geometry":{"type":"Point","coordinates":[142.8985,-17.0951]},"properties":{"d":"2026-10-08","t":"1123","frp":6.6,"b":310.0,"c":1,"s":"MODIS","n":1}},{"type":"Feature","geometry":{"type":"Point","coordinates":[142.9088,-17.0936]},"properties":{"d":"2026-10-08","t":"1123","frp":12.7,"b":317.1,"c":2,"s":"MODIS","n":1}},{"type":"Feature","geometry":{"type":"Point","coordinates":[142.9191,-17.092]},"properties":{"d":"2026-10-08","t":"1123","frp":20.6,"b":324.6,"c":2,"s":"MODIS","n":1}},{"type":"Feature","geometry":{"type":"Point","coordinates":[142.9294,-17.0905]},"properties":{"d":"2026-10-08","t":"1123","frp":423.6,"b":415.8,"c":2,"s":"MODIS","n":1}},{"type":"Feature","geometry":{"type":"Point","coordinates":[142.9397,-17.089]},"properties":{"d":"2026-10-08","t":"1123","frp":521.7,"b":425.6,"c":2,"s":"MODIS","n":1}},{"type":"Feature","geometry":{"type":"Point","coordinates":[142.95,-17.0874]},"properties":{"d":"2026-10-08","t":"1123","frp":53.1,"b":343.3,"c":2,"s":"MODIS","n":1}},{"type":"Feature","geometry":{"type":"Point","coordinates":[142.897,-17.0858]},"properties":{"d":"2026-10-08","t":"1123","frp":8.0,"b":311.6,"c":2,"s":"MODIS","n":1}},{"type":"Feature","geometry":{"type":"Point","coordinates":[142.9073,-17.0842]},"properties":{"d":"2026-10-08","t":"1123","frp":26.9,"b":328.6,"c":2,"s":"MODIS","n":1}},{"type":"Feature","geometry":{"type":"Point","coordinates":[142.9176,-17.0827]},"properties":{"d":"2026-10-08","t":"1123","frp":211.5,"b":386.8,"c":2,"s":"MODIS","n":1}},{"type":"Feature","geometry":{"type":"Point","coordinates":[142.9279,-17.0812]},"properties":{"d":"2026-10-08","t":"1123","frp":250.3,"b":393.2,"c":2,"s":"MODIS","n":1}},{"type":"Feature","geometry":{"type":"Point","coordinates":[142.8955,-17.0765]},"properties":{"d":"2026-10-08","t":"1123","frp":6.7,"b":309.3,"c":1,"s":"MODIS","n":1}},{"type":"Feature","geometry":{"type":"Point","coordinates":[142.9057,-17.0749]},"properties":{"d":"2026-10-08","t":"1123","frp":14.2,"b":317.9,"c":2,"s":"MODIS","n":1}},{"type":"Feature","geometry":{"type":"Point","coordinates":[142.916,-17.0734]},"properties":{"d":"2026-10-08","t":"1123","frp":6.0,"b":310.1,"c":1,"s":"MODIS","n":1}},{"type":"Feature","geometry":{"type":"Point","coordinates":[134.9648,-16.9404]},"properties":{"d":"2026-10-08","t":"1123","frp":21.8,"b":312.3,"c":1,"s":"MODIS","n":1}},{"type":"Feature","geometry":{"type":"Point","coordinates":[134.9634,-16.9284]},"properties":{"d":"2026-10-08","t":"1123","frp":11.8,"b":306.4,"c":0,"s":"MODIS","n":1}},{"type":"Feature","geometry":{"type":"Point","coordinates":[135.4002,-16.844]},"properties":{"d":"2026-10-08","t":"1123","frp":18.8,"b":314.1,"c":2,"s":"MODIS","n":1}},{"type":"Feature","geometry":{"type":"Point","coordinates":[135.3925,-16.8357]},"properties":{"d":"2026-10-08","t":"1123","frp":12.7,"b":310.4,"c":1,"s":"MODIS","n":1}},{"type":"Feature","geometry":{"type":"Point","coordinates":[134.2692,-16.3546]},"properties":{"d":"2026-10-08","t":"1123","frp":27.6,"b":314.2,"c":1,"s":"MODIS","n":1}},{"type":"Feature","geometry":{"type":"Point","coordinates":[133.8683,-16.3069]},"properties":{"d":"2026-10-08","t":"1123","frp":67.5,"b":324.6,"c":2,"s":"MODIS","n":1}},{"type":"Feature","geometry":{"type":"Point","coordinates":[133.8893,-16.3047]},"properties":{"d":"2026-10-08","t":"1123","frp":54.3,"b":320.5,"c":1,"s":"MODIS","n":1}},{"type":"Feature","geometry":{"type":"Point","coordinates":[133.8668,-16.294]},"properties":{"d":"2026-10-08","t":"1123","frp":108.0,"b":335.1,"c":2,"s":"MODIS","n":1}},{"type":"Feature","geometry":{"type":"Point","coordinates":[133.8877,-16.2917]},"properties":{"d":"2026-10-08","t":"1123","frp":90.5,"b":331.3,"c":2,"s":"MODIS","n":1}},{"type":"Feature","geometry":{"type":"Point","coordinates":[133.8652,-16.281]},"properties":{"d":"2026-10-08","t":"1123","frp":24.4,"b":313.5,"c":1,"s":"MODIS","n":1}},{"type":"Feature","geometry":{"type":"Point","coordinates":[133.9277,-16.2744]},"properties":{"d":"2026-10-08","t":"1123","frp":25.7,"b":312.1,"c":0,"s":"MODIS","n":1}},{"type":"Feature","geometry":{"type":"Point","coordinates":[133.92,-16.2626]},"properties":{"d":"2026-10-08","t":"1123","frp":98.2,"b":334.6,"c":2,"s":"MODIS","n":1}},{"type":"Feature","geometry":{"type":"Point","coordinates":[133.9262,-16.2615]},"properties":{"d":"2026-10-08","t":"1123","frp":136.2,"b":341.3,"c":2,"s":"MODIS","n":1}},{"type":"Feature","geometry":{"type":"Point","coordinates":[133.9407,-16.2602]},"properties":{"d":"2026-10-08","t":"1123","frp":38.2,"b":317.6,"c":1,"s":"MODIS","n":1}},{"type":"Feature","geometry":{"type":"Point","coordinates":[133.9818,-16.2556]},"properties":{"d":"2026-10-08","t":"1123","frp":60.6,"b":320.5,"c":1,"s":"MODIS","n":1}},{"type":"Feature","geometry":{"type":"Point","coordinates":[133.9881,-16.255]},"properties":{"d":"2026-10-08","t":"1123","frp":59.5,"b":320.4,"c":1,"s":"MODIS","n":1}},{"type":"Feature","geometry":{"type":"Point","coordinates":[133.904,-16.2507]},"properties":{"d":"2026-10-08","t":"1123","frp":45.4,"b":322.0,"c":2,"s":"MODIS","n":1}},{"type":"Feature","geometry":{"type":"Point","coordinates":[133.9185,-16.2496]},"properties":{"d":"2026-10-08","t":"1123","frp":246.0,"b":357.5,"c":2,"s":"MODIS","n":1}},{"type":"Feature","geometry":{"type":"Point","coordinates":[133.9247,-16.2486]},"properties":{"d":"2026-10-08","t":"1123","frp":301.5,"b":363.7,"c":2,"s":"MODIS","n":1}},{"type":"Feature","geometry":{"type":"Point","coordinates":[133.9392,-16.2473]},"properties":{"d":"2026-10-08","t":"1123","frp":109.8,"b":336.6,"c":2,"s":"MODIS","n":1}},{"type":"Feature","geometry":{"type":"Point","coordinates":[133.9803,-16.2428]},"properties":{"d":"2026-10-08","t":"1123","frp":118.2,"b":336.6,"c":1,"s":"MODIS","n":1}},{"type":"Feature","geometry":{"type":"Point","coordinates":[133.9866,-16.2422]},"properties":{"d":"2026-10-08","t":"1123","frp":128.5,"b":337.5,"c":2,"s":"MODIS","n":1}},{"type":"Feature","geometry":{"type":"Point","coordinates":[133.917,-16.2367]},"properties":{"d":"2026-10-08","t":"1123","frp":110.0,"b":336.7,"c":2,"s":"MODIS","n":1}},{"type":"Feature","geometry":{"type":"Point","coordinates":[133.9377,-16.2344]},"properties":{"d":"2026-10-08","t":"1123","frp":105.2,"b":335.6,"c":2,"s":"MODIS","n":1}},{"type":"Feature","geometry":{"type":"Point","coordinates":[133.8373,-16.1414]},"properties":{"d":"2026-10-08","t":"1123","frp":47.3,"b":314.8,"c":1,"s":"MODIS","n":1}},{"type":"Feature","geometry":{"type":"Point","coordinates":[134.0445,-16.1317]},"properties":{"d":"2026-10-08","t":"1123","frp":15.1,"b":306.9,"c":0,"s":"MODIS","n":1}},{"type":"Feature","geometry":{"type":"Point","coordinates":[134.1467,-16.0292]},"properties":{"d":"2026-10-08","t":"1123","frp":14.4,"b":306.7,"c":1,"s":"MODIS","n":1}},{"type":"Feature","geometry":{"type":"Point","coordinates":[144.6452,-15.6393]},"properties":{"d":"2026-10-08","t":"1123","frp":6.8,"b":303.9,"c":0,"s":"MODIS","n":1}},{"type":"Feature","geometry":{"type":"Point","coordinates":[144.6432,-15.6288]},"properties":{"d":"2026-10-08","t":"1123","frp":15.0,"b":311.4,"c":1,"s":"MODIS","n":1}},{"type":"Feature","geometry":{"type":"Point","coordinates":[144.4528,-15.6265]},"properties":{"d":"2026-10-08","t":"1123","frp":8.2,"b":305.9,"c":1,"s":"MODIS","n":1}},{"type":"Feature","geometry":{"type":"Point","coordinates":[144.664,-15.5928]},"properties":{"d":"2026-10-08","t":"1123","frp":14.9,"b":311.3,"c":1,"s":"MODIS","n":1}},{"type":"Feature","geometry":{"type":"Point","coordinates":[144.6624,-15.5822]},"properties":{"d":"2026-10-08","t":"1123","frp":10.3,"b":307.0,"c":1,"s":"MODIS","n":1}},{"type":"Feature","geometry":{"type":"Point","coordinates":[144.6556,-15.578]},"properties":{"d":"2026-10-08","t":"1123","frp":8.2,"b":304.8,"c":0,"s":"MODIS","n":1}},{"type":"Feature","geometry":{"type":"Point","coordinates":[144.637,-15.5483]},"properties":{"d":"2026-10-08","t":"1123","frp":7.3,"b":303.5,"c":1,"s":"MODIS","n":1}},{"type":"Feature","geometry":{"type":"Point","coordinates":[144.6505,-15.5462]},"properties":{"d":"2026-10-08","t":"1123","frp":7.2,"b":303.3,"c":1,"s":"MODIS","n":1}},{"type":"Feature","geometry":{"type":"Point","coordinates":[144.5331,-15.4997]},"properties":{"d":"2026-10-08","t":"1123","frp":6.1,"b":302.4,"c":1,"s":"MODIS","n":1}},{"type":"Feature","geometry":{"type":"Point","coordinates":[134.726,-15.392]},"properties":{"d":"2026-10-08","t":"1123","frp":24.5,"b":314.2,"c":2,"s":"MODIS","n":1}},{"type":"Feature","geometry":{"type":"Point","coordinates":[134.7605,-15.3881]},"properties":{"d":"2026-10-08","t":"1123","frp":28.9,"b":316.4,"c":2,"s":"MODIS","n":1}},{"type":"Feature","geometry":{"type":"Point","coordinates":[134.7778,-15.3861]},"properties":{"d":"2026-10-08","t":"1123","frp":37.0,"b":320.0,"c":2,"s":"MODIS","n":1}},{"type":"Feature","geometry":{"type":"Point","coordinates":[134.7764,-15.3742]},"properties":{"d":"2026-10-08","t":"1123","frp":17.7,"b":311.3,"c":1,"s":"MODIS","n":1}},{"type":"Feature","geometry":{"type":"Point","coordinates":[134.7515,-15.3582]},"properties":{"d":"2026-10-08","t":"1123","frp":11.8,"b":307.3,"c":1,"s":"MODIS","n":1}},{"type":"Feature","geometry":{"type":"Point","coordinates":[134.8171,-15.3264]},"properties":{"d":"2026-10-08","t":"1123","frp":9.0,"b":304.9,"c":0,"s":"MODIS","n":1}},{"type":"Feature","geometry":{"type":"Point","coordinates":[134.773,-15.2473]},"properties":{"d":"2026-10-08","t":"1123","frp":9.0,"b":306.0,"c":1,"s":"MODIS","n":1}},{"type":"Feature","geometry":{"type":"Point","coordinates":[134.7456,-15.2193]},"properties":{"d":"2026-10-08","t":"1123","frp":13.4,"b":308.7,"c":0,"s":"MODIS","n":1}},{"type":"Feature","geometry":{"type":"Point","coordinates":[133.9011,-15.1454]},"properties":{"d":"2026-10-08","t":"1123","frp":24.9,"b":312.4,"c":2,"s":"MODIS","n":1}},{"type":"Feature","geometry":{"type":"Point","coordinates":[134.5888,-15.1338]},"properties":{"d":"2026-10-08","t":"1123","frp":11.6,"b":306.5,"c":1,"s":"MODIS","n":1}},{"type":"Feature","geometry":{"type":"Point","coordinates":[133.9866,-15.0702]},"properties":{"d":"2026-10-08","t":"1123","frp":13.3,"b":308.2,"c":1,"s":"MODIS","n":1}},{"type":"Feature","geometry":{"type":"Point","coordinates":[133.9064,-15.0666]},"properties":{"d":"2026-10-08","t":"1123","frp":12.0,"b":307.3,"c":1,"s":"MODIS","n":1}},{"type":"Feature","geometry":{"type":"Point","coordinates":[142.0365,-13.6631]},"properties":{"d":"2026-10-08","t":"1123","frp":10.2,"b":309.7,"c":1,"s":"MODIS","n":1}},{"type":"Feature","geometry":{"type":"Point","coordinates":[142.0466,-13.6616]},"properties":{"d":"2026-10-08","t":"1123","frp":7.8,"b":306.8,"c":1,"s":"MODIS","n":1}},{"type":"Feature","geometry":{"type":"Point","coordinates":[143.1561,-13.5108]},"properties":{"d":"2026-10-08","t":"1123","frp":8.8,"b":307.1,"c":0,"s":"MODIS","n":1}},{"type":"Feature","geometry":{"type":"Point","coordinates":[136.4854,-14.1882]},"properties":{"d":"2026-10-08","t":"1125","frp":15.0,"b":312.4,"c":2,"s":"MODIS","n":1}},{"type":"Feature","geometry":{"type":"Point","coordinates":[136.4977,-14.1867]},"properties":{"d":"2026-10-08","t":"1125","frp":9.2,"b":307.2,"c":1,"s":"MODIS","n":1}},{"type":"Feature","geometry":{"type":"Point","coordinates":[136.6522,-14.0859]},"properties":{"d":"2026-10-08","t":"1125","frp":6.9,"b":307.3,"c":1,"s":"MODIS","n":1}},{"type":"Feature","geometry":{"type":"Point","coordinates":[136.6131,-14.0702]},"properties":{"d":"2026-10-08","t":"1125","frp":23.4,"b":320.2,"c":2,"s":"MODIS","n":1}},{"type":"Feature","geometry":{"type":"Point","coordinates":[136.1675,-13.4445]},"properties":{"d":"2026-10-08","t":"1125","frp":7.8,"b":307.3,"c":1,"s":"MODIS","n":1}},{"type":"Feature","geometry":{"type":"Point","coordinates":[136.18,-13.4429]},"properties":{"d":"2026-10-08","t":"1125","frp":10.2,"b":309.8,"c":1,"s":"MODIS","n":1}},{"type":"Feature","geometry":{"type":"Point","coordinates":[131.9809,-13.1326]},"properties":{"d":"2026-10-08","t":"1125","frp":18.2,"b":306.7,"c":1,"s":"MODIS","n":1}},{"type":"Feature","geometry":{"type":"Point","coordinates":[141.7258,-13.053]},"properties":{"d":"2026-10-08","t":"1125","frp":21.0,"b":321.5,"c":2,"s":"MODIS","n":1}},{"type":"Feature","geometry":{"type":"Point","coordinates":[142.0542,-13.0215]},"properties":{"d":"2026-10-08","t":"1125","frp":4.2,"b":305.2,"c":0,"s":"MODIS","n":1}},{"type":"Feature","geometry":{"type":"Point","coordinates":[136.8066,-12.4763]},"properties":{"d":"2026-10-08","t":"1125","frp":6.9,"b":304.8,"c":1,"s":"MODIS","n":1}},{"type":"Feature","geometry":{"type":"Point","coordinates":[136.8406,-12.4397]},"properties":{"d":"2026-10-08","t":"1125","frp":8.3,"b":306.9,"c":1,"s":"MODIS","n":1}},{"type":"Feature","geometry":{"type":"Point","coordinates":[141.9373,-12.4121]},"properties":{"d":"2026-10-08","t":"1125","frp":5.8,"b":305.9,"c":1,"s":"MODIS","n":1}},{"type":"Feature","geometry":{"type":"Point","coordinates":[142.6243,-11.8487]},"properties":{"d":"2026-10-08","t":"1125","frp":6.8,"b":304.8,"c":1,"s":"MODIS","n":1}},{"type":"Feature","geometry":{"type":"Point","coordinates":[142.5685,-11.8248]},"properties":{"d":"2026-10-08","t":"1125","frp":8.1,"b":306.4,"c":1,"s":"MODIS","n":1}},{"type":"Feature","geometry":{"type":"Point","coordinates":[142.4192,-10.8948]},"properties":{"d":"2026-10-08","t":"1125","frp":11.0,"b":309.7,"c":1,"s":"MODIS","n":1}},{"type":"Feature","geometry":{"type":"Point","coordinates":[142.5053,-9.1516]},"properties":{"d":"2026-10-08","t":"1128","frp":8.0,"b":304.9,"c":1,"s":"MODIS","n":1}}]}