{"type":"FeatureCollection","features":[{"type":"Feature","id":245,"geometry":{"type":"Polygon","coordinates":[[[134.7871,-17.1262],[134.7885,-17.1784],[134.7976,-17.5175],[134.8003,-17.5232],[134.8107,-17.5325],[134.8462,-17.5505],[134.8753,-17.5409],[134.9476,-17.4916],[134.9517,-17.4867],[134.972,-17.4619],[134.9801,-17.452],[135.0961,-17.1257],[135.096,-17.013],[135.0836,-16.9912],[134.9378,-16.9991],[134.9092,-17.0024],[134.8154,-17.0563],[134.7873,-17.0965],[134.7871,-17.1222],[134.7871,-17.1262]]]},"properties":{"fid":245,"n":2948,"fre_gj":853212.4,"fre_daily":{"2026-09-28":408313.9,"2026-09-29":281115.2,"2026-09-30":40761.5,"2026-10-01":102507.5,"2026-10-02":11437.3,"2026-10-03":9077.1},"overpasses":50,"frp_total":59263.3,"frp_max":1687.2,"frp_mean":20.1,"area_km2":1496.53,"lat":-17.2061,"lon":134.9574,"first_seen":"2026-09-28","last_seen":"2026-10-03","duration_days":6,"status":"receding","trend":-1,"growth_ratio":0.0,"night_frac":0.58,"daily":{"2026-09-28":{"n":1166,"frp":40464.9},"2026-09-29":{"n":309,"frp":1548.1},"2026-09-30":{"n":181,"frp":3243.7},"2026-10-01":{"n":720,"frp":9250.9},"2026-10-02":{"n":426,"frp":3532.4},"2026-10-03":{"n":146,"frp":1223.3}}}},{"type":"Feature","id":254,"geometry":{"type":"Polygon","coordinates":[[[129.8122,-16.6906],[129.8167,-16.7835],[129.8175,-16.7839],[129.9692,-16.8429],[130.0646,-16.8592],[130.1214,-16.8624],[130.1243,-16.8616],[130.1255,-16.8597],[130.2288,-16.6956],[130.2305,-16.6912],[130.2296,-16.6501],[130.2257,-16.626],[130.1778,-16.5456],[130.173,-16.5466],[129.9467,-16.5958],[129.8688,-16.6337],[129.8122,-16.6906]]]},"properties":{"fid":254,"n":3522,"fre_gj":330261.8,"fre_daily":{"2026-09-28":30778.4,"2026-09-29":87846.8,"2026-09-30":65039.6,"2026-10-01":31124.4,"2026-10-02":87643.6,"2026-10-03":27829.1},"overpasses":58,"frp_total":51136.7,"frp_max":607.0,"frp_mean":14.52,"area_km2":1108.9,"lat":-16.7113,"lon":130.0608,"first_seen":"2026-09-28","last_seen":"2026-10-03","duration_days":6,"status":"receding","trend":-1,"growth_ratio":0.0,"night_frac":0.65,"daily":{"2026-09-28":{"n":380,"frp":5039.7},"2026-09-29":{"n":688,"frp":9789.8},"2026-09-30":{"n":765,"frp":8859.8},"2026-10-01":{"n":301,"frp":2024.4},"2026-10-02":{"n":1048,"frp":23080.4},"2026-10-03":{"n":340,"frp":2342.6}}}},{"type":"Feature","id":220,"geometry":{"type":"Polygon","coordinates":[[[127.191,-20.9496],[127.2107,-20.9919],[127.344,-21.035],[127.4576,-20.9665],[127.5012,-20.8909],[127.5018,-20.8875],[127.4742,-20.8174],[127.4694,-20.8129],[127.4523,-20.7989],[127.4416,-20.7922],[127.3585,-20.7951],[127.3315,-20.8004],[127.3275,-20.8016],[127.2867,-20.8241],[127.1988,-20.9189],[127.1918,-20.9456],[127.191,-20.9496]]]},"properties":{"fid":220,"n":1098,"fre_gj":281847.5,"fre_daily":{"2026-09-28":33808.5,"2026-09-29":77469.6,"2026-09-30":89444.0,"2026-10-01":80836.2,"2026-10-02":289.1},"overpasses":36,"frp_total":29359.1,"frp_max":1260.5,"frp_mean":26.74,"area_km2":591.59,"lat":-20.8965,"lon":127.3574,"first_seen":"2026-09-28","last_seen":"2026-10-02","duration_days":5,"status":"historic","trend":-1,"growth_ratio":0.0,"night_frac":0.44,"daily":{"2026-09-28":{"n":148,"frp":4857.0},"2026-09-29":{"n":388,"frp":8331.2},"2026-09-30":{"n":459,"frp":13533.8},"2026-10-01":{"n":94,"frp":2529.5},"2026-10-02":{"n":9,"frp":107.6}}}},{"type":"Feature","id":678,"geometry":{"type":"Polygon","coordinates":[[[135.1819,-17.4215],[135.1847,-17.428],[135.1963,-17.4367],[135.2039,-17.4367],[135.2235,-17.4347],[135.2258,-17.4338],[135.2387,-17.414],[135.2429,-17.4074],[135.2449,-17.4014],[135.2514,-17.3631],[135.2502,-17.3562],[135.2489,-17.3492],[135.2438,-17.3422],[135.2417,-17.3406],[135.2147,-17.3501],[135.1988,-17.3685],[135.1851,-17.4082],[135.1833,-17.415],[135.1819,-17.4215]]]},"properties":{"fid":678,"n":186,"fre_gj":159692.1,"fre_daily":{"2026-09-29":72804.9,"2026-09-30":85479.4,"2026-10-01":1330.7,"2026-10-02":77.0},"overpasses":13,"frp_total":5905.6,"frp_max":560.5,"frp_mean":31.75,"area_km2":52.79,"lat":-17.3904,"lon":135.2125,"first_seen":"2026-09-29","last_seen":"2026-10-02","duration_days":4,"status":"historic","trend":-1,"growth_ratio":0.0,"night_frac":0.75,"daily":{"2026-09-29":{"n":126,"frp":1743.2},"2026-09-30":{"n":41,"frp":3989.7},"2026-10-01":{"n":16,"frp":151.3},"2026-10-02":{"n":3,"frp":21.4}}}},{"type":"Feature","id":404,"geometry":{"type":"Polygon","coordinates":[[[130.2647,-22.5451],[130.3109,-22.5593],[130.3189,-22.5491],[130.3348,-22.5288],[130.3354,-22.5278],[130.334,-22.5223],[130.3235,-22.5132],[130.3066,-22.5095],[130.2913,-22.5129],[130.2673,-22.525],[130.2647,-22.5451]]]},"properties":{"fid":404,"n":171,"fre_gj":149261.5,"fre_daily":{"2026-09-28":146363.2,"2026-09-29":2898.3},"overpasses":12,"frp_total":10143.1,"frp_max":1362.0,"frp_mean":59.32,"area_km2":26.73,"lat":-22.526,"lon":130.2951,"first_seen":"2026-09-28","last_seen":"2026-09-29","duration_days":2,"status":"historic","trend":-1,"growth_ratio":0.0,"night_frac":0.56,"daily":{"2026-09-28":{"n":137,"frp":9685.4},"2026-09-29":{"n":34,"frp":457.7}}}},{"type":"Feature","id":55,"geometry":{"type":"Polygon","coordinates":[[[138.259,-18.677],[138.2997,-18.7777],[138.5038,-18.7769],[138.5234,-18.7604],[138.5252,-18.7387],[138.5232,-18.708],[138.5198,-18.7026],[138.4343,-18.6705],[138.2754,-18.6489],[138.2646,-18.6659],[138.259,-18.677]]]},"properties":{"fid":55,"n":1035,"fre_gj":117585.4,"fre_daily":{"2026-09-28":21258.8,"2026-09-29":42316.7,"2026-09-30":14334.7,"2026-10-01":9552.8,"2026-10-02":19221.8,"2026-10-03":10900.6},"overpasses":56,"frp_total":11725.5,"frp_max":513.4,"frp_mean":11.33,"area_km2":308.17,"lat":-18.7152,"lon":138.4015,"first_seen":"2026-09-28","last_seen":"2026-10-03","duration_days":6,"status":"receding","trend":-1,"growth_ratio":0.0,"night_frac":0.59,"daily":{"2026-09-28":{"n":197,"frp":2593.9},"2026-09-29":{"n":470,"frp":5201.3},"2026-09-30":{"n":71,"frp":703.1},"2026-10-01":{"n":110,"frp":1146.3},"2026-10-02":{"n":124,"frp":1339.3},"2026-10-03":{"n":63,"frp":741.6}}}},{"type":"Feature","id":357,"geometry":{"type":"Polygon","coordinates":[[[135.2783,-16.9563],[135.2817,-16.9733],[135.3388,-17.006],[135.47,-16.9855],[135.4955,-16.9752],[135.4932,-16.9677],[135.4388,-16.9005],[135.4106,-16.8834],[135.3953,-16.8758],[135.3395,-16.8598],[135.3343,-16.8588],[135.3171,-16.8735],[135.2963,-16.9032],[135.2804,-16.9331],[135.2793,-16.9443],[135.2783,-16.9563]]]},"properties":{"fid":357,"n":707,"fre_gj":115055.5,"fre_daily":{"2026-09-28":23571.3,"2026-09-29":10725.8,"2026-09-30":3456.7,"2026-10-01":8331.4,"2026-10-02":33319.3,"2026-10-03":35651.1},"overpasses":45,"frp_total":10919.3,"frp_max":830.1,"frp_mean":15.44,"area_km2":246.37,"lat":-16.9264,"lon":135.37,"first_seen":"2026-09-28","last_seen":"2026-10-03","duration_days":6,"status":"receding","trend":-1,"growth_ratio":0.0,"night_frac":0.33,"daily":{"2026-09-28":{"n":84,"frp":2493.9},"2026-09-29":{"n":153,"frp":1100.2},"2026-09-30":{"n":92,"frp":942.9},"2026-10-01":{"n":31,"frp":188.7},"2026-10-02":{"n":114,"frp":2588.7},"2026-10-03":{"n":233,"frp":3604.9}}}},{"type":"Feature","id":168,"geometry":{"type":"Polygon","coordinates":[[[141.1125,-9.1033],[141.1161,-9.1091],[141.1282,-9.1206],[141.1833,-9.1563],[141.1925,-9.158],[141.2056,-9.1596],[141.2719,-9.1399],[141.2744,-9.1386],[141.2863,-9.1324],[141.2974,-9.1262],[141.2266,-9.0822],[141.2041,-9.0755],[141.1465,-9.087],[141.1293,-9.0931],[141.1128,-9.1019],[141.1125,-9.1033]]]},"properties":{"fid":168,"n":549,"fre_gj":111292.3,"fre_daily":{"2026-09-28":10907.7,"2026-09-29":7901.5,"2026-09-30":7370.5,"2026-10-01":16140.7,"2026-10-02":20166.7,"2026-10-03":46066.2,"2026-10-04":2739.0},"overpasses":36,"frp_total":12227.1,"frp_max":201.2,"frp_mean":22.27,"area_km2":112.19,"lat":-9.1104,"lon":141.2042,"first_seen":"2026-09-28","last_seen":"2026-10-04","duration_days":7,"status":"active","trend":-1,"growth_ratio":0.29,"night_frac":0.07,"daily":{"2026-09-28":{"n":86,"frp":1080.9},"2026-09-29":{"n":102,"frp":1544.2},"2026-09-30":{"n":65,"frp":1777.3},"2026-10-01":{"n":80,"frp":2764.8},"2026-10-02":{"n":129,"frp":1938.9},"2026-10-03":{"n":62,"frp":1599.3},"2026-10-04":{"n":25,"frp":1521.7}}}},{"type":"Feature","id":367,"geometry":{"type":"Polygon","coordinates":[[[133.703,-16.1358],[133.774,-16.1947],[133.7752,-16.1949],[133.9137,-15.9291],[133.9622,-15.8333],[133.9627,-15.8296],[133.9618,-15.8212],[133.946,-15.7926],[133.9443,-15.7908],[133.9285,-15.7774],[133.9263,-15.7757],[133.9173,-15.7802],[133.798,-15.9416],[133.717,-16.0694],[133.7135,-16.0852],[133.703,-16.1358]]]},"properties":{"fid":367,"n":1318,"fre_gj":103776.3,"fre_daily":{"2026-09-28":971.8,"2026-09-29":7680.2,"2026-09-30":2755.4,"2026-10-01":7214.2,"2026-10-02":8526.5,"2026-10-03":76628.2},"overpasses":46,"frp_total":9946.8,"frp_max":385.5,"frp_mean":7.55,"area_km2":460.18,"lat":-15.9857,"lon":133.8272,"first_seen":"2026-09-28","last_seen":"2026-10-03","duration_days":6,"status":"receding","trend":-1,"growth_ratio":0.0,"night_frac":0.61,"daily":{"2026-09-28":{"n":104,"frp":146.6},"2026-09-29":{"n":155,"frp":1223.5},"2026-09-30":{"n":72,"frp":424.8},"2026-10-01":{"n":151,"frp":627.1},"2026-10-02":{"n":114,"frp":701.9},"2026-10-03":{"n":722,"frp":6822.9}}}},{"type":"Feature","id":258,"geometry":{"type":"Polygon","coordinates":[[[134.5436,-15.6751],[134.5527,-15.6787],[134.5939,-15.6603],[134.5991,-15.6518],[134.6767,-15.4778],[134.7107,-15.2991],[134.68,-15.2427],[134.662,-15.2192],[134.6575,-15.2163],[134.6525,-15.2146],[134.6309,-15.2083],[134.6296,-15.2116],[134.5642,-15.5388],[134.5436,-15.6751]]]},"properties":{"fid":258,"n":1099,"fre_gj":101300.2,"fre_daily":{"2026-09-28":3236.6,"2026-09-29":14350.8,"2026-09-30":13495.7,"2026-10-01":17358.5,"2026-10-02":24002.6,"2026-10-03":28855.9},"overpasses":43,"frp_total":11551.3,"frp_max":287.7,"frp_mean":10.51,"area_km2":448.22,"lat":-15.4437,"lon":134.6322,"first_seen":"2026-09-28","last_seen":"2026-10-03","duration_days":6,"status":"receding","trend":-1,"growth_ratio":0.0,"night_frac":0.3,"daily":{"2026-09-28":{"n":140,"frp":766.7},"2026-09-29":{"n":314,"frp":3183.4},"2026-09-30":{"n":104,"frp":1232.8},"2026-10-01":{"n":113,"frp":751.3},"2026-10-02":{"n":151,"frp":2127.3},"2026-10-03":{"n":277,"frp":3489.8}}}},{"type":"Feature","id":59,"geometry":{"type":"Polygon","coordinates":[[[144.4862,-15.6148],[144.487,-15.619],[144.5109,-15.6377],[144.5175,-15.6417],[144.5209,-15.6433],[144.6583,-15.6745],[144.6589,-15.6735],[144.6602,-15.6702],[144.66,-15.6667],[144.6292,-15.5603],[144.618,-15.5444],[144.6041,-15.5311],[144.6009,-15.5286],[144.5978,-15.5269],[144.5617,-15.5162],[144.5317,-15.5122],[144.516,-15.5167],[144.4862,-15.6148]]]},"properties":{"fid":59,"n":1931,"fre_gj":98757.8,"fre_daily":{"2026-09-28":9881.6,"2026-09-29":6140.5,"2026-09-30":32211.6,"2026-10-01":12959.8,"2026-10-02":7557.7,"2026-10-03":28440.6,"2026-10-04":1566.1},"overpasses":51,"frp_total":12737.6,"frp_max":99.2,"frp_mean":6.6,"area_km2":219.53,"lat":-15.5936,"lon":144.5733,"first_seen":"2026-09-28","last_seen":"2026-10-04","duration_days":7,"status":"active","trend":-1,"growth_ratio":0.21,"night_frac":0.55,"daily":{"2026-09-28":{"n":155,"frp":696.8},"2026-09-29":{"n":150,"frp":775.8},"2026-09-30":{"n":505,"frp":5345.5},"2026-10-01":{"n":375,"frp":2112.8},"2026-10-02":{"n":311,"frp":1152.4},"2026-10-03":{"n":369,"frp":1784.2},"2026-10-04":{"n":66,"frp":870.1}}}},{"type":"Feature","id":227,"geometry":{"type":"Polygon","coordinates":[[[129.7158,-20.5995],[129.8343,-20.6585],[129.8393,-20.6575],[129.8846,-20.4984],[129.8671,-20.4705],[129.8424,-20.4443],[129.8154,-20.4551],[129.7331,-20.5445],[129.7189,-20.5841],[129.7158,-20.5995]]]},"properties":{"fid":227,"n":407,"fre_gj":95546.6,"fre_daily":{"2026-09-28":1427.0,"2026-09-29":40838.2,"2026-09-30":42702.0,"2026-10-01":23.1,"2026-10-02":9088.8,"2026-10-03":1467.5},"overpasses":33,"frp_total":11255.2,"frp_max":399.2,"frp_mean":27.65,"area_km2":243.3,"lat":-20.5503,"lon":129.7932,"first_seen":"2026-09-28","last_seen":"2026-10-03","duration_days":6,"status":"receding","trend":-1,"growth_ratio":0.0,"night_frac":0.3,"daily":{"2026-09-28":{"n":33,"frp":576.7},"2026-09-29":{"n":122,"frp":2859.6},"2026-09-30":{"n":205,"frp":6656.0},"2026-10-01":{"n":4,"frp":6.2},"2026-10-02":{"n":34,"frp":1063.8},"2026-10-03":{"n":9,"frp":92.9}}}},{"type":"Feature","id":685,"geometry":{"type":"Polygon","coordinates":[[[134.1856,-15.1642],[134.1887,-15.1715],[134.2339,-15.2125],[134.3673,-15.2178],[134.3781,-15.2161],[134.3986,-15.2061],[134.4,-15.1974],[134.3949,-15.1911],[134.3491,-15.1588],[134.3462,-15.1575],[134.2722,-15.1481],[134.1992,-15.1506],[134.1928,-15.1562],[134.1856,-15.1642]]]},"properties":{"fid":685,"n":432,"fre_gj":90098.2,"fre_daily":{"2026-09-29":6113.5,"2026-09-30":9460.1,"2026-10-01":14424.9,"2026-10-02":42032.5,"2026-10-03":18067.2},"overpasses":30,"frp_total":5797.7,"frp_max":219.1,"frp_mean":13.42,"area_km2":131.22,"lat":-15.1809,"lon":134.295,"first_seen":"2026-09-29","last_seen":"2026-10-03","duration_days":5,"status":"receding","trend":-1,"growth_ratio":0.0,"night_frac":0.53,"daily":{"2026-09-29":{"n":4,"frp":4.9},"2026-09-30":{"n":88,"frp":821.5},"2026-10-01":{"n":57,"frp":921.1},"2026-10-02":{"n":58,"frp":743.3},"2026-10-03":{"n":225,"frp":3306.9}}}},{"type":"Feature","id":368,"geometry":{"type":"Polygon","coordinates":[[[134.1857,-15.946],[134.187,-15.9586],[134.1897,-15.9639],[134.1999,-15.9731],[134.2913,-15.9925],[134.4226,-15.8749],[134.4377,-15.7974],[134.4328,-15.791],[134.4104,-15.7784],[134.3838,-15.789],[134.2565,-15.8507],[134.1892,-15.9364],[134.186,-15.9433],[134.1857,-15.946]]]},"properties":{"fid":368,"n":923,"fre_gj":88402.0,"fre_daily":{"2026-09-28":1565.3,"2026-09-29":12188.0,"2026-09-30":11330.7,"2026-10-01":13978.0,"2026-10-02":6384.3,"2026-10-03":42955.7},"overpasses":43,"frp_total":8781.6,"frp_max":144.6,"frp_mean":9.51,"area_km2":339.19,"lat":-15.8982,"lon":134.2998,"first_seen":"2026-09-28","last_seen":"2026-10-03","duration_days":6,"status":"receding","trend":-1,"growth_ratio":0.0,"night_frac":0.36,"daily":{"2026-09-28":{"n":67,"frp":199.7},"2026-09-29":{"n":183,"frp":1695.1},"2026-09-30":{"n":53,"frp":781.9},"2026-10-01":{"n":130,"frp":1137.5},"2026-10-02":{"n":146,"frp":709.5},"2026-10-03":{"n":344,"frp":4257.9}}}},{"type":"Feature","id":664,"geometry":{"type":"Polygon","coordinates":[[[150.0743,-26.3984],[150.0747,-26.4008],[150.0794,-26.4074],[150.0806,-26.4087],[150.0855,-26.4125],[150.099,-26.4098],[150.14,-26.4006],[150.1525,-26.3964],[150.1555,-26.3628],[150.1554,-26.3558],[150.1532,-26.354],[150.1527,-26.3536],[150.1517,-26.353],[150.1504,-26.3524],[150.134,-26.3485],[150.1176,-26.346],[150.1093,-26.3511],[150.107,-26.3526],[150.0763,-26.3816],[150.0751,-26.385],[150.0743,-26.3984]]]},"properties":{"fid":664,"n":1322,"fre_gj":86334.3,"fre_daily":{"2026-09-29":2573.4,"2026-09-30":15653.6,"2026-10-01":48594.4,"2026-10-02":18770.5,"2026-10-03":742.3},"overpasses":46,"frp_total":12850.2,"frp_max":327.3,"frp_mean":9.72,"area_km2":42.47,"lat":-26.3789,"lon":150.1194,"first_seen":"2026-09-29","last_seen":"2026-10-03","duration_days":5,"status":"receding","trend":-1,"growth_ratio":0.0,"night_frac":0.69,"daily":{"2026-09-29":{"n":51,"frp":154.8},"2026-09-30":{"n":311,"frp":2574.1},"2026-10-01":{"n":587,"frp":6002.9},"2026-10-02":{"n":309,"frp":3929.7},"2026-10-03":{"n":64,"frp":188.7}}}},{"type":"Feature","id":403,"geometry":{"type":"Polygon","coordinates":[[[130.1914,-22.6525],[130.2018,-22.6587],[130.2901,-22.6844],[130.2876,-22.6422],[130.2819,-22.5828],[130.279,-22.5786],[130.2627,-22.5746],[130.2559,-22.5758],[130.2421,-22.5847],[130.2147,-22.6053],[130.2007,-22.6324],[130.1914,-22.6506],[130.1914,-22.6525]]]},"properties":{"fid":403,"n":440,"fre_gj":79654.0,"fre_daily":{"2026-09-28":6850.4,"2026-09-29":69952.1,"2026-09-30":2851.4},"overpasses":19,"frp_total":14853.0,"frp_max":346.2,"frp_mean":33.76,"area_km2":79.9,"lat":-22.6267,"lon":130.2426,"first_seen":"2026-09-28","last_seen":"2026-09-30","duration_days":3,"status":"historic","trend":-1,"growth_ratio":0.0,"night_frac":0.14,"daily":{"2026-09-28":{"n":37,"frp":632.0},"2026-09-29":{"n":387,"frp":14019.7},"2026-09-30":{"n":16,"frp":201.3}}}},{"type":"Feature","id":237,"geometry":{"type":"Polygon","coordinates":[[[126.6198,-20.3346],[126.6306,-20.3357],[126.6574,-20.3355],[126.6927,-20.3289],[126.7648,-20.3008],[126.7768,-20.2942],[126.7957,-20.2554],[126.7956,-20.2515],[126.7912,-20.2473],[126.704,-20.1811],[126.697,-20.1787],[126.691,-20.1771],[126.6847,-20.1781],[126.6359,-20.2731],[126.6212,-20.3202],[126.6198,-20.3346]]]},"properties":{"fid":237,"n":452,"fre_gj":74816.4,"fre_daily":{"2026-09-28":5809.6,"2026-09-29":32462.6,"2026-09-30":19021.7,"2026-10-01":15450.9,"2026-10-02":2071.6},"overpasses":34,"frp_total":6259.4,"frp_max":237.5,"frp_mean":13.85,"area_km2":193.17,"lat":-20.2743,"lon":126.6985,"first_seen":"2026-09-28","last_seen":"2026-10-02","duration_days":5,"status":"historic","trend":-1,"growth_ratio":0.0,"night_frac":0.59,"daily":{"2026-09-28":{"n":62,"frp":1000.2},"2026-09-29":{"n":134,"frp":1554.8},"2026-09-30":{"n":141,"frp":1936.9},"2026-10-01":{"n":91,"frp":1499.2},"2026-10-02":{"n":24,"frp":268.3}}}},{"type":"Feature","id":252,"geometry":{"type":"Polygon","coordinates":[[[123.1913,-17.1967],[123.2161,-17.2196],[123.2551,-17.2213],[123.2758,-17.2206],[123.3023,-17.2186],[123.307,-17.2167],[123.3133,-17.2133],[123.322,-17.2063],[123.2443,-17.1131],[123.2287,-17.1105],[123.1952,-17.174],[123.1913,-17.1967]]]},"properties":{"fid":252,"n":472,"fre_gj":71346.8,"fre_daily":{"2026-09-28":2214.3,"2026-09-29":5951.6,"2026-09-30":8047.4,"2026-10-01":12778.4,"2026-10-02":20734.0,"2026-10-03":21621.1},"overpasses":48,"frp_total":5485.2,"frp_max":756.2,"frp_mean":11.62,"area_km2":102.48,"lat":-17.1842,"lon":123.253,"first_seen":"2026-09-28","last_seen":"2026-10-03","duration_days":6,"status":"receding","trend":-1,"growth_ratio":0.0,"night_frac":0.49,"daily":{"2026-09-28":{"n":15,"frp":210.0},"2026-09-29":{"n":69,"frp":421.1},"2026-09-30":{"n":104,"frp":678.6},"2026-10-01":{"n":97,"frp":485.3},"2026-10-02":{"n":52,"frp":1617.0},"2026-10-03":{"n":135,"frp":2073.2}}}},{"type":"Feature","id":107,"geometry":{"type":"Polygon","coordinates":[[[149.2635,-9.8244],[149.2968,-9.8438],[149.3029,-9.8462],[149.3077,-9.8471],[149.34,-9.8467],[149.3459,-9.8456],[149.3499,-9.8427],[149.3504,-9.8393],[149.3404,-9.8093],[149.3332,-9.8023],[149.2927,-9.7777],[149.2773,-9.7766],[149.2711,-9.7786],[149.2646,-9.8145],[149.2635,-9.8244]]]},"properties":{"fid":107,"n":436,"fre_gj":69801.8,"fre_daily":{"2026-09-28":8945.6,"2026-09-29":9682.4,"2026-10-01":313.1,"2026-10-02":21811.0,"2026-10-03":23334.2,"2026-10-04":5715.5},"overpasses":38,"frp_total":7642.5,"frp_max":162.0,"frp_mean":17.53,"area_km2":51.31,"lat":-9.817,"lon":149.2975,"first_seen":"2026-09-28","last_seen":"2026-10-04","duration_days":6,"status":"active","trend":-1,"growth_ratio":0.14,"night_frac":0.68,"daily":{"2026-09-28":{"n":114,"frp":1338.5},"2026-09-29":{"n":96,"frp":1109.5},"2026-10-01":{"n":6,"frp":29.5},"2026-10-02":{"n":77,"frp":2600.0},"2026-10-03":{"n":131,"frp":2123.2},"2026-10-04":{"n":12,"frp":441.9}}}},{"type":"Feature","id":205,"geometry":{"type":"Polygon","coordinates":[[[131.4096,-22.5029],[131.4247,-22.5269],[131.4543,-22.5342],[131.5587,-22.5341],[131.5859,-22.485],[131.591,-22.4757],[131.564,-22.4418],[131.5208,-22.4352],[131.4492,-22.4689],[131.4393,-22.4741],[131.4096,-22.5029]]]},"properties":{"fid":205,"n":627,"fre_gj":64415.3,"fre_daily":{"2026-09-28":17421.4,"2026-09-29":35794.5,"2026-09-30":11193.6,"2026-10-01":5.8},"overpasses":29,"frp_total":11930.1,"frp_max":286.2,"frp_mean":19.03,"area_km2":144.23,"lat":-22.4873,"lon":131.4979,"first_seen":"2026-09-28","last_seen":"2026-10-01","duration_days":4,"status":"historic","trend":-1,"growth_ratio":0.0,"night_frac":0.43,"daily":{"2026-09-28":{"n":198,"frp":3051.0},"2026-09-29":{"n":343,"frp":5042.9},"2026-09-30":{"n":85,"frp":3834.6},"2026-10-01":{"n":1,"frp":1.6}}}},{"type":"Feature","id":352,"geometry":{"type":"Polygon","coordinates":[[[134.9375,-17.6579],[134.9914,-17.6705],[134.9948,-17.6708],[135.0059,-17.6666],[135.0224,-17.6467],[135.0358,-17.6295],[135.2194,-17.327],[135.239,-17.2773],[135.2384,-17.2728],[135.2329,-17.2673],[135.1999,-17.2655],[135.1987,-17.2656],[135.1305,-17.2845],[134.9488,-17.6251],[134.938,-17.6543],[134.9375,-17.6579]]]},"properties":{"fid":352,"n":1087,"fre_gj":63836.0,"fre_daily":{"2026-09-28":47764.9,"2026-09-29":16030.5,"2026-10-01":40.5},"overpasses":15,"frp_total":6426.6,"frp_max":201.9,"frp_mean":5.91,"area_km2":460.51,"lat":-17.4864,"lon":135.079,"first_seen":"2026-09-28","last_seen":"2026-10-01","duration_days":3,"status":"historic","trend":-1,"growth_ratio":0.0,"night_frac":0.94,"daily":{"2026-09-28":{"n":991,"frp":5433.8},"2026-09-29":{"n":94,"frp":975.7},"2026-10-01":{"n":2,"frp":17.1}}}},{"type":"Feature","id":218,"geometry":{"type":"Polygon","coordinates":[[[127.5606,-20.8639],[127.5705,-20.9657],[127.5712,-20.9694],[127.5726,-20.9766],[127.5821,-21.0124],[127.5879,-21.0141],[127.6731,-20.9087],[127.5881,-20.8397],[127.5759,-20.837],[127.5606,-20.8639]]]},"properties":{"fid":218,"n":300,"fre_gj":56977.3,"fre_daily":{"2026-09-28":1312.4,"2026-09-29":48052.0,"2026-09-30":6624.8,"2026-10-01":988.0},"overpasses":23,"frp_total":6823.4,"frp_max":250.9,"frp_mean":22.74,"area_km2":124.0,"lat":-20.9193,"lon":127.6036,"first_seen":"2026-09-28","last_seen":"2026-10-01","duration_days":4,"status":"historic","trend":-1,"growth_ratio":0.0,"night_frac":0.15,"daily":{"2026-09-28":{"n":37,"frp":229.0},"2026-09-29":{"n":199,"frp":5812.3},"2026-09-30":{"n":50,"frp":573.7},"2026-10-01":{"n":14,"frp":208.4}}}},{"type":"Feature","id":377,"geometry":{"type":"Polygon","coordinates":[[[133.7036,-15.3319],[133.7054,-15.3363],[133.7158,-15.3531],[133.7288,-15.3669],[133.7332,-15.37],[133.8071,-15.3662],[133.8581,-15.3338],[133.8697,-15.3137],[133.8616,-15.2964],[133.8589,-15.2922],[133.8534,-15.2872],[133.8442,-15.2799],[133.7979,-15.2566],[133.7858,-15.2541],[133.7684,-15.253],[133.7595,-15.2548],[133.755,-15.2558],[133.7036,-15.3319]]]},"properties":{"fid":377,"n":726,"fre_gj":55569.2,"fre_daily":{"2026-09-28":538.0,"2026-09-29":9691.5,"2026-09-30":19617.0,"2026-10-01":7378.0,"2026-10-02":5608.0,"2026-10-03":12736.8},"overpasses":46,"frp_total":6636.7,"frp_max":297.4,"frp_mean":9.14,"area_km2":159.02,"lat":-15.307,"lon":133.7972,"first_seen":"2026-09-28","last_seen":"2026-10-03","duration_days":6,"status":"receding","trend":-1,"growth_ratio":0.0,"night_frac":0.42,"daily":{"2026-09-28":{"n":71,"frp":133.3},"2026-09-29":{"n":139,"frp":1287.2},"2026-09-30":{"n":122,"frp":1643.8},"2026-10-01":{"n":159,"frp":959.5},"2026-10-02":{"n":79,"frp":736.2},"2026-10-03":{"n":156,"frp":1876.7}}}},{"type":"Feature","id":85,"geometry":{"type":"Polygon","coordinates":[[[142.1972,-11.0462],[142.2418,-11.1166],[142.2956,-11.1126],[142.3046,-11.1113],[142.2876,-11.0708],[142.281,-11.0597],[142.2355,-11.0316],[142.203,-11.034],[142.1995,-11.0345],[142.1972,-11.0462]]]},"properties":{"fid":85,"n":244,"fre_gj":53244.6,"fre_daily":{"2026-09-28":21255.4,"2026-09-29":1785.1,"2026-09-30":9058.4,"2026-10-01":3378.6,"2026-10-02":15429.2,"2026-10-03":1500.7,"2026-10-04":837.2},"overpasses":27,"frp_total":4712.3,"frp_max":377.4,"frp_mean":19.31,"area_km2":66.07,"lat":-11.074,"lon":142.2571,"first_seen":"2026-09-28","last_seen":"2026-10-04","duration_days":7,"status":"active","trend":-1,"growth_ratio":0.26,"night_frac":0.07,"daily":{"2026-09-28":{"n":64,"frp":2130.5},"2026-09-29":{"n":34,"frp":415.9},"2026-09-30":{"n":43,"frp":347.0},"2026-10-01":{"n":53,"frp":710.4},"2026-10-02":{"n":17,"frp":66.4},"2026-10-03":{"n":23,"frp":809.6},"2026-10-04":{"n":10,"frp":232.5}}}},{"type":"Feature","id":873,"geometry":{"type":"Polygon","coordinates":[[[130.4596,-11.5102],[130.4601,-11.5149],[130.4618,-11.5287],[130.4866,-11.5301],[130.4914,-11.5295],[130.5104,-11.5098],[130.4934,-11.5058],[130.4846,-11.5058],[130.4672,-11.5084],[130.4596,-11.5102]]]},"properties":{"fid":873,"n":76,"fre_gj":53027.9,"fre_daily":{"2026-09-30":9802.5,"2026-10-01":43204.2,"2026-10-02":21.2},"overpasses":10,"frp_total":5108.1,"frp_max":408.1,"frp_mean":67.21,"area_km2":10.99,"lat":-11.5155,"lon":130.479,"first_seen":"2026-09-30","last_seen":"2026-10-02","duration_days":3,"status":"historic","trend":-1,"growth_ratio":0.0,"night_frac":0.2,"daily":{"2026-09-30":{"n":21,"frp":931.0},"2026-10-01":{"n":54,"frp":4171.2},"2026-10-02":{"n":1,"frp":5.9}}}},{"type":"Feature","id":868,"geometry":{"type":"Polygon","coordinates":[[[130.2782,-13.6382],[130.317,-13.6407],[130.3539,-13.6192],[130.3569,-13.6153],[130.3616,-13.6065],[130.2943,-13.5828],[130.2899,-13.5834],[130.2847,-13.5865],[130.2782,-13.6382]]]},"properties":{"fid":868,"n":115,"fre_gj":50516.0,"fre_daily":{"2026-09-30":35297.5,"2026-10-01":13017.3,"2026-10-02":2201.2},"overpasses":14,"frp_total":4281.4,"frp_max":495.9,"frp_mean":37.23,"area_km2":37.94,"lat":-13.6134,"lon":130.3031,"first_seen":"2026-09-30","last_seen":"2026-10-02","duration_days":3,"status":"historic","trend":-1,"growth_ratio":0.0,"night_frac":0.23,"daily":{"2026-09-30":{"n":17,"frp":63.1},"2026-10-01":{"n":71,"frp":3663.5},"2026-10-02":{"n":27,"frp":554.8}}}},{"type":"Feature","id":542,"geometry":{"type":"Polygon","coordinates":[[[130.4386,-18.2203],[130.4402,-18.3008],[130.445,-18.302],[130.4654,-18.3053],[130.5909,-18.3099],[130.5955,-18.3069],[130.5962,-18.306],[130.5972,-18.3044],[130.5977,-18.301],[130.5921,-18.2885],[130.5713,-18.253],[130.5448,-18.2171],[130.5225,-18.2029],[130.4907,-18.1988],[130.4862,-18.1984],[130.4393,-18.2116],[130.4386,-18.2203]]]},"properties":{"fid":542,"n":707,"fre_gj":48366.4,"fre_daily":{"2026-09-28":2098.6,"2026-09-29":16858.5,"2026-09-30":3835.3,"2026-10-01":2689.4,"2026-10-02":13538.0,"2026-10-03":9346.7},"overpasses":45,"frp_total":5721.8,"frp_max":292.5,"frp_mean":8.09,"area_km2":157.95,"lat":-18.2414,"lon":130.5082,"first_seen":"2026-09-28","last_seen":"2026-10-03","duration_days":6,"status":"receding","trend":-1,"growth_ratio":0.0,"night_frac":0.52,"daily":{"2026-09-28":{"n":7,"frp":132.9},"2026-09-29":{"n":234,"frp":2319.0},"2026-09-30":{"n":103,"frp":493.7},"2026-10-01":{"n":81,"frp":178.3},"2026-10-02":{"n":191,"frp":1895.8},"2026-10-03":{"n":91,"frp":702.1}}}},{"type":"Feature","id":881,"geometry":{"type":"Polygon","coordinates":[[[129.7802,-20.6976],[129.7937,-20.7219],[129.845,-20.7493],[129.8665,-20.7598],[129.8733,-20.7612],[129.8933,-20.7592],[129.8919,-20.7467],[129.8843,-20.7025],[129.8425,-20.6861],[129.7976,-20.678],[129.7923,-20.6827],[129.7802,-20.6976]]]},"properties":{"fid":881,"n":131,"fre_gj":44827.1,"fre_daily":{"2026-09-30":12989.7,"2026-10-01":31837.4},"overpasses":8,"frp_total":4941.6,"frp_max":594.7,"frp_mean":37.72,"area_km2":66.23,"lat":-20.7126,"lon":129.825,"first_seen":"2026-09-30","last_seen":"2026-10-01","duration_days":2,"status":"historic","trend":-1,"growth_ratio":0.0,"night_frac":0.91,"daily":{"2026-09-30":{"n":115,"frp":1645.8},"2026-10-01":{"n":16,"frp":3295.8}}}},{"type":"Feature","id":221,"geometry":{"type":"Polygon","coordinates":[[[127.4281,-20.7616],[127.4352,-20.7769],[127.472,-20.7855],[127.5159,-20.792],[127.5195,-20.7907],[127.5368,-20.7817],[127.5697,-20.7455],[127.5706,-20.7416],[127.568,-20.7385],[127.526,-20.6958],[127.5129,-20.6895],[127.4907,-20.6907],[127.4774,-20.6915],[127.474,-20.6946],[127.4621,-20.7069],[127.4281,-20.7616]]]},"properties":{"fid":221,"n":372,"fre_gj":44166.5,"fre_daily":{"2026-09-28":15753.8,"2026-09-29":5750.4,"2026-09-30":16779.1,"2026-10-01":5883.2},"overpasses":28,"frp_total":6371.0,"frp_max":166.5,"frp_mean":17.13,"area_km2":112.67,"lat":-20.7428,"lon":127.5021,"first_seen":"2026-09-28","last_seen":"2026-10-01","duration_days":4,"status":"historic","trend":-1,"growth_ratio":0.0,"night_frac":0.39,"daily":{"2026-09-28":{"n":237,"frp":4039.8},"2026-09-29":{"n":44,"frp":648.0},"2026-09-30":{"n":73,"frp":1309.7},"2026-10-01":{"n":18,"frp":373.5}}}},{"type":"Feature","id":695,"geometry":{"type":"Polygon","coordinates":[[[127.3928,-20.9858],[127.395,-21.0027],[127.4103,-21.0458],[127.4244,-21.053],[127.4283,-21.0482],[127.437,-21.0305],[127.4418,-21.0102],[127.4254,-20.9793],[127.4144,-20.9758],[127.4093,-20.9763],[127.3928,-20.9858]]]},"properties":{"fid":695,"n":127,"fre_gj":43279.6,"fre_daily":{"2026-09-29":18074.0,"2026-09-30":23609.8,"2026-10-01":1595.9},"overpasses":14,"frp_total":2526.3,"frp_max":121.7,"frp_mean":19.89,"area_km2":28.27,"lat":-21.0157,"lon":127.4158,"first_seen":"2026-09-29","last_seen":"2026-10-01","duration_days":3,"status":"historic","trend":-1,"growth_ratio":0.0,"night_frac":0.57,"daily":{"2026-09-29":{"n":68,"frp":1115.7},"2026-09-30":{"n":42,"frp":588.3},"2026-10-01":{"n":17,"frp":822.3}}}},{"type":"Feature","id":69,"geometry":{"type":"Polygon","coordinates":[[[143.0857,-13.4265],[143.0866,-13.4321],[143.0907,-13.4435],[143.0919,-13.445],[143.1446,-13.4879],[143.1452,-13.4882],[143.1498,-13.489],[143.1557,-13.4829],[143.1583,-13.4772],[143.1586,-13.4665],[143.1563,-13.4561],[143.1407,-13.4316],[143.132,-13.4254],[143.1153,-13.4159],[143.1117,-13.4153],[143.0912,-13.4208],[143.0857,-13.4265]]]},"properties":{"fid":69,"n":637,"fre_gj":42328.0,"fre_daily":{"2026-09-28":6129.1,"2026-09-29":5493.5,"2026-09-30":4094.5,"2026-10-01":6881.9,"2026-10-02":9004.7,"2026-10-03":10553.6,"2026-10-04":170.7},"overpasses":49,"frp_total":5510.0,"frp_max":96.8,"frp_mean":8.65,"area_km2":35.43,"lat":-13.4492,"lon":143.1276,"first_seen":"2026-09-28","last_seen":"2026-10-04","duration_days":7,"status":"active","trend":-1,"growth_ratio":0.11,"night_frac":0.53,"daily":{"2026-09-28":{"n":72,"frp":999.7},"2026-09-29":{"n":59,"frp":409.3},"2026-09-30":{"n":100,"frp":275.5},"2026-10-01":{"n":204,"frp":1905.1},"2026-10-02":{"n":79,"frp":1012.8},"2026-10-03":{"n":112,"frp":812.8},"2026-10-04":{"n":11,"frp":94.8}}}},{"type":"Feature","id":820,"geometry":{"type":"Polygon","coordinates":[[[144.6798,-18.6207],[144.6811,-18.6253],[144.6817,-18.6264],[144.7209,-18.6579],[144.7244,-18.6604],[144.7295,-18.6573],[144.7304,-18.6566],[144.7386,-18.6465],[144.7372,-18.6375],[144.7278,-18.5917],[144.7216,-18.5907],[144.7157,-18.5904],[144.7102,-18.5913],[144.7078,-18.5918],[144.7029,-18.5938],[144.7005,-18.5955],[144.6973,-18.5989],[144.6798,-18.6207]]]},"properties":{"fid":820,"n":494,"fre_gj":40903.6,"fre_daily":{"2026-09-30":30674.8,"2026-10-01":8872.4,"2026-10-02":721.3,"2026-10-03":635.0},"overpasses":25,"frp_total":5699.7,"frp_max":251.1,"frp_mean":11.54,"area_km2":29.74,"lat":-18.6199,"lon":144.7145,"first_seen":"2026-09-30","last_seen":"2026-10-03","duration_days":4,"status":"receding","trend":-1,"growth_ratio":0.0,"night_frac":0.52,"daily":{"2026-09-30":{"n":236,"frp":3518.6},"2026-10-01":{"n":242,"frp":2107.4},"2026-10-02":{"n":6,"frp":18.9},"2026-10-03":{"n":10,"frp":54.8}}}},{"type":"Feature","id":1127,"geometry":{"type":"Polygon","coordinates":[[[115.8926,-31.5814],[115.8958,-31.6012],[115.9107,-31.6096],[115.9238,-31.608],[115.9297,-31.601],[115.9327,-31.5887],[115.9236,-31.572],[115.9018,-31.5701],[115.8981,-31.5746],[115.8926,-31.5814]]]},"properties":{"fid":1127,"n":246,"fre_gj":38724.1,"fre_daily":{"2026-10-02":28941.9,"2026-10-03":9782.2},"overpasses":12,"frp_total":6212.6,"frp_max":170.5,"frp_mean":25.25,"area_km2":12.71,"lat":-31.5874,"lon":115.9134,"first_seen":"2026-10-02","last_seen":"2026-10-03","duration_days":2,"status":"receding","trend":-1,"growth_ratio":0.0,"night_frac":0.04,"daily":{"2026-10-02":{"n":69,"frp":1262.1},"2026-10-03":{"n":177,"frp":4950.5}}}},{"type":"Feature","id":67,"geometry":{"type":"Polygon","coordinates":[[[141.8254,-13.6455],[141.8294,-13.6649],[141.8409,-13.6727],[141.8454,-13.6733],[141.8613,-13.6656],[141.8724,-13.6527],[141.8794,-13.6402],[141.8858,-13.6196],[141.8655,-13.59],[141.8272,-13.6394],[141.8254,-13.6455]]]},"properties":{"fid":67,"n":303,"fre_gj":34033.3,"fre_daily":{"2026-09-28":4703.6,"2026-09-29":2766.8,"2026-09-30":4489.3,"2026-10-01":1955.5,"2026-10-02":6528.9,"2026-10-03":13385.4,"2026-10-04":203.8},"overpasses":42,"frp_total":2474.7,"frp_max":329.1,"frp_mean":8.17,"area_km2":34.46,"lat":-13.6324,"lon":141.8558,"first_seen":"2026-09-28","last_seen":"2026-10-04","duration_days":7,"status":"active","trend":-1,"growth_ratio":0.27,"night_frac":0.46,"daily":{"2026-09-28":{"n":36,"frp":142.0},"2026-09-29":{"n":68,"frp":545.8},"2026-09-30":{"n":36,"frp":253.2},"2026-10-01":{"n":65,"frp":347.3},"2026-10-02":{"n":38,"frp":435.5},"2026-10-03":{"n":47,"frp":637.7},"2026-10-04":{"n":13,"frp":113.2}}}},{"type":"Feature","id":72,"geometry":{"type":"Polygon","coordinates":[[[142.3248,-12.8928],[142.3276,-12.9158],[142.3292,-12.9227],[142.3329,-12.9223],[142.3477,-12.9205],[142.3551,-12.9196],[142.3565,-12.9193],[142.3619,-12.9131],[142.3649,-12.9072],[142.3666,-12.8901],[142.3658,-12.8621],[142.3653,-12.8551],[142.3626,-12.8546],[142.3468,-12.8547],[142.3442,-12.8566],[142.3401,-12.8602],[142.3248,-12.8928]]]},"properties":{"fid":72,"n":377,"fre_gj":31823.2,"fre_daily":{"2026-09-28":367.2,"2026-09-29":373.6,"2026-09-30":2481.2,"2026-10-01":4765.5,"2026-10-02":4890.2,"2026-10-03":18157.6,"2026-10-04":788.0},"overpasses":40,"frp_total":3225.4,"frp_max":93.6,"frp_mean":8.56,"area_km2":27.09,"lat":-12.895,"lon":142.3497,"first_seen":"2026-09-28","last_seen":"2026-10-04","duration_days":7,"status":"active","trend":-1,"growth_ratio":0.59,"night_frac":0.54,"daily":{"2026-09-28":{"n":14,"frp":147.7},"2026-09-29":{"n":6,"frp":74.5},"2026-09-30":{"n":28,"frp":90.7},"2026-10-01":{"n":75,"frp":804.8},"2026-10-02":{"n":96,"frp":775.3},"2026-10-03":{"n":124,"frp":894.6},"2026-10-04":{"n":34,"frp":437.8}}}},{"type":"Feature","id":1021,"geometry":{"type":"Polygon","coordinates":[[[147.7559,-25.1508],[147.7573,-25.1666],[147.7622,-25.1758],[147.7751,-25.182],[147.7914,-25.1791],[147.7984,-25.176],[147.8104,-25.1639],[147.8136,-25.1605],[147.7953,-25.1394],[147.7706,-25.1387],[147.7593,-25.1441],[147.7559,-25.1508]]]},"properties":{"fid":1021,"n":180,"fre_gj":29797.9,"fre_daily":{"2026-10-01":1080.0,"2026-10-02":13279.1,"2026-10-03":15438.8},"overpasses":18,"frp_total":2169.8,"frp_max":157.1,"frp_mean":12.05,"area_km2":20.45,"lat":-25.159,"lon":147.7845,"first_seen":"2026-10-01","last_seen":"2026-10-03","duration_days":3,"status":"receding","trend":-1,"growth_ratio":0.0,"night_frac":0.42,"daily":{"2026-10-01":{"n":3,"frp":3.3},"2026-10-02":{"n":58,"frp":601.9},"2026-10-03":{"n":119,"frp":1564.6}}}},{"type":"Feature","id":256,"geometry":{"type":"Polygon","coordinates":[[[130.2994,-16.4653],[130.3059,-16.4801],[130.3124,-16.4932],[130.3214,-16.4997],[130.4159,-16.4537],[130.4065,-16.4106],[130.3946,-16.4005],[130.3896,-16.3966],[130.365,-16.3781],[130.3529,-16.3776],[130.303,-16.4429],[130.3021,-16.4468],[130.2994,-16.4653]]]},"properties":{"fid":256,"n":283,"fre_gj":28728.8,"fre_daily":{"2026-09-28":3513.8,"2026-09-29":8245.1,"2026-09-30":1465.8,"2026-10-01":560.3,"2026-10-02":2035.6,"2026-10-03":12908.2},"overpasses":38,"frp_total":2374.7,"frp_max":66.1,"frp_mean":8.39,"area_km2":102.33,"lat":-16.428,"lon":130.3578,"first_seen":"2026-09-28","last_seen":"2026-10-03","duration_days":6,"status":"receding","trend":-1,"growth_ratio":0.0,"night_frac":0.55,"daily":{"2026-09-28":{"n":29,"frp":286.4},"2026-09-29":{"n":81,"frp":331.0},"2026-09-30":{"n":58,"frp":398.7},"2026-10-01":{"n":6,"frp":139.4},"2026-10-02":{"n":41,"frp":320.8},"2026-10-03":{"n":68,"frp":898.4}}}},{"type":"Feature","id":235,"geometry":{"type":"Polygon","coordinates":[[[129.6115,-20.3806],[129.6151,-20.3846],[129.6259,-20.3915],[129.7362,-20.3999],[129.7382,-20.3874],[129.7377,-20.3834],[129.7298,-20.3279],[129.6943,-20.3308],[129.6258,-20.3632],[129.6134,-20.3699],[129.6132,-20.3704],[129.6118,-20.3777],[129.6115,-20.3806]]]},"properties":{"fid":235,"n":310,"fre_gj":28642.0,"fre_daily":{"2026-09-28":8681.1,"2026-09-29":16604.7,"2026-09-30":3158.2,"2026-10-01":2.2,"2026-10-02":195.8},"overpasses":27,"frp_total":4063.1,"frp_max":109.1,"frp_mean":13.11,"area_km2":72.48,"lat":-20.3656,"lon":129.6772,"first_seen":"2026-09-28","last_seen":"2026-10-02","duration_days":5,"status":"historic","trend":-1,"growth_ratio":0.0,"night_frac":0.22,"daily":{"2026-09-28":{"n":90,"frp":1868.6},"2026-09-29":{"n":132,"frp":1338.6},"2026-09-30":{"n":84,"frp":800.9},"2026-10-01":{"n":1,"frp":0.6},"2026-10-02":{"n":3,"frp":54.4}}}},{"type":"Feature","id":1031,"geometry":{"type":"Polygon","coordinates":[[[130.7399,-17.3464],[130.7403,-17.3531],[130.748,-17.383],[130.7495,-17.3857],[130.7559,-17.3948],[130.7606,-17.4009],[130.7686,-17.4038],[130.788,-17.3997],[130.8015,-17.3937],[130.8048,-17.3912],[130.7876,-17.3316],[130.7849,-17.3295],[130.7809,-17.3265],[130.7741,-17.3214],[130.7517,-17.3198],[130.7481,-17.3272],[130.7399,-17.3464]]]},"properties":{"fid":1031,"n":167,"fre_gj":27870.2,"fre_daily":{"2026-10-01":7087.5,"2026-10-02":20569.7,"2026-10-03":213.0},"overpasses":13,"frp_total":2887.0,"frp_max":105.2,"frp_mean":17.29,"area_km2":45.23,"lat":-17.3571,"lon":130.7698,"first_seen":"2026-10-01","last_seen":"2026-10-03","duration_days":3,"status":"receding","trend":-1,"growth_ratio":0.0,"night_frac":0.35,"daily":{"2026-10-01":{"n":56,"frp":513.8},"2026-10-02":{"n":107,"frp":2298.1},"2026-10-03":{"n":4,"frp":75.1}}}},{"type":"Feature","id":239,"geometry":{"type":"Polygon","coordinates":[[[127.8091,-18.4927],[127.8184,-18.4983],[127.8397,-18.5063],[127.8754,-18.5072],[127.8885,-18.5017],[127.888,-18.4984],[127.8763,-18.4798],[127.8665,-18.4672],[127.8598,-18.4632],[127.8312,-18.4714],[127.8091,-18.4927]]]},"properties":{"fid":239,"n":65,"fre_gj":25595.2,"fre_daily":{"2026-09-28":9868.8,"2026-09-29":11967.9,"2026-09-30":3758.5},"overpasses":20,"frp_total":1550.1,"frp_max":330.3,"frp_mean":23.85,"area_km2":26.37,"lat":-18.484,"lon":127.8489,"first_seen":"2026-09-28","last_seen":"2026-09-30","duration_days":3,"status":"historic","trend":-1,"growth_ratio":0.0,"night_frac":0.45,"daily":{"2026-09-28":{"n":30,"frp":775.0},"2026-09-29":{"n":29,"frp":327.0},"2026-09-30":{"n":6,"frp":448.1}}}},{"type":"Feature","id":174,"geometry":{"type":"Polygon","coordinates":[[[141.8957,-9.0419],[141.8965,-9.043],[141.897,-9.0436],[141.8989,-9.0454],[141.9831,-9.1058],[141.9866,-9.1052],[142.0299,-9.0715],[142.0422,-9.0491],[142.0152,-9.0314],[141.9255,-9.0],[141.9221,-9.0005],[141.8957,-9.0419]]]},"properties":{"fid":174,"n":291,"fre_gj":25271.1,"fre_daily":{"2026-09-28":1989.0,"2026-09-29":917.9,"2026-09-30":1001.3,"2026-10-01":3167.8,"2026-10-02":2815.8,"2026-10-03":14908.5,"2026-10-04":470.8},"overpasses":30,"frp_total":2805.2,"frp_max":79.8,"frp_mean":9.64,"area_km2":101.95,"lat":-9.0544,"lon":141.9804,"first_seen":"2026-09-28","last_seen":"2026-10-04","duration_days":7,"status":"active","trend":-1,"growth_ratio":0.61,"night_frac":0.11,"daily":{"2026-09-28":{"n":61,"frp":783.2},"2026-09-29":{"n":36,"frp":236.9},"2026-09-30":{"n":4,"frp":23.7},"2026-10-01":{"n":6,"frp":26.4},"2026-10-02":{"n":89,"frp":612.4},"2026-10-03":{"n":68,"frp":861.0},"2026-10-04":{"n":27,"frp":261.6}}}},{"type":"Feature","id":1096,"geometry":{"type":"Polygon","coordinates":[[[149.3551,-24.2785],[149.3574,-24.287],[149.3799,-24.3032],[149.4129,-24.318],[149.4157,-24.319],[149.4172,-24.3192],[149.4213,-24.3134],[149.4194,-24.2788],[149.4127,-24.2741],[149.3942,-24.2681],[149.3913,-24.2672],[149.3551,-24.2785]]]},"properties":{"fid":1096,"n":283,"fre_gj":24205.0,"fre_daily":{"2026-10-02":23388.0,"2026-10-03":817.0},"overpasses":14,"frp_total":7084.0,"frp_max":175.1,"frp_mean":25.03,"area_km2":23.83,"lat":-24.2946,"lon":149.3997,"first_seen":"2026-10-02","last_seen":"2026-10-03","duration_days":2,"status":"receding","trend":-1,"growth_ratio":0.0,"night_frac":0.35,"daily":{"2026-10-02":{"n":263,"frp":6803.9},"2026-10-03":{"n":20,"frp":280.1}}}},{"type":"Feature","id":957,"geometry":{"type":"Polygon","coordinates":[[[148.1431,-24.4433],[148.1463,-24.4482],[148.1583,-24.4587],[148.1622,-24.4616],[148.1859,-24.4684],[148.1872,-24.4617],[148.1871,-24.4541],[148.1858,-24.4256],[148.1827,-24.4156],[148.1812,-24.414],[148.1542,-24.4079],[148.1519,-24.408],[148.1431,-24.4433]]]},"properties":{"fid":957,"n":534,"fre_gj":22453.9,"fre_daily":{"2026-10-01":6364.2,"2026-10-02":14732.8,"2026-10-03":1356.9},"overpasses":27,"frp_total":3645.7,"frp_max":179.8,"frp_mean":6.83,"area_km2":22.01,"lat":-24.4365,"lon":148.1696,"first_seen":"2026-10-01","last_seen":"2026-10-03","duration_days":3,"status":"receding","trend":-1,"growth_ratio":0.0,"night_frac":0.73,"daily":{"2026-10-01":{"n":137,"frp":787.8},"2026-10-02":{"n":338,"frp":2662.3},"2026-10-03":{"n":59,"frp":195.6}}}},{"type":"Feature","id":253,"geometry":{"type":"Polygon","coordinates":[[[127.991,-16.7648],[127.9957,-16.7694],[128.0202,-16.7669],[128.1873,-16.7271],[128.1815,-16.7208],[128.1391,-16.6787],[128.1049,-16.686],[128.0086,-16.737],[127.9997,-16.75],[127.9926,-16.7618],[127.991,-16.7648]]]},"properties":{"fid":253,"n":211,"fre_gj":21907.1,"fre_daily":{"2026-09-28":6849.7,"2026-09-29":11416.2,"2026-09-30":3089.1,"2026-10-01":552.0},"overpasses":26,"frp_total":2200.3,"frp_max":200.5,"frp_mean":10.43,"area_km2":98.09,"lat":-16.7295,"lon":128.0624,"first_seen":"2026-09-28","last_seen":"2026-10-01","duration_days":4,"status":"historic","trend":-1,"growth_ratio":0.0,"night_frac":0.62,"daily":{"2026-09-28":{"n":125,"frp":734.9},"2026-09-29":{"n":71,"frp":1190.6},"2026-09-30":{"n":11,"frp":259.3},"2026-10-01":{"n":4,"frp":15.5}}}},{"type":"Feature","id":64,"geometry":{"type":"Polygon","coordinates":[[[136.4921,-13.992],[136.4929,-13.9943],[136.494,-13.9961],[136.5008,-13.9965],[136.5384,-13.9985],[136.5499,-13.9956],[136.5619,-13.9764],[136.5665,-13.965],[136.5599,-13.9536],[136.5426,-13.9416],[136.5398,-13.94],[136.4923,-13.9909],[136.4921,-13.992]]]},"properties":{"fid":64,"n":254,"fre_gj":21039.1,"fre_daily":{"2026-09-28":1830.1,"2026-09-30":3135.2,"2026-10-01":6526.3,"2026-10-02":8220.0,"2026-10-03":1327.5},"overpasses":26,"frp_total":2069.8,"frp_max":64.1,"frp_mean":8.15,"area_km2":30.07,"lat":-13.9785,"lon":136.54,"first_seen":"2026-09-28","last_seen":"2026-10-03","duration_days":5,"status":"receding","trend":-1,"growth_ratio":0.0,"night_frac":0.2,"daily":{"2026-09-28":{"n":50,"frp":338.4},"2026-09-30":{"n":13,"frp":34.0},"2026-10-01":{"n":74,"frp":399.3},"2026-10-02":{"n":83,"frp":931.1},"2026-10-03":{"n":34,"frp":367.0}}}},{"type":"Feature","id":452,"geometry":{"type":"Polygon","coordinates":[[[133.3747,-12.0647],[133.3753,-12.0727],[133.392,-12.1074],[133.4021,-12.1262],[133.4043,-12.1268],[133.4188,-12.1293],[133.4241,-12.1287],[133.4468,-12.1051],[133.508,-12.0377],[133.5072,-12.0324],[133.4909,-12.0293],[133.4199,-12.0219],[133.4161,-12.0225],[133.4086,-12.0237],[133.4053,-12.0265],[133.3785,-12.0554],[133.3747,-12.0647]]]},"properties":{"fid":452,"n":315,"fre_gj":20944.8,"fre_daily":{"2026-09-28":5957.3,"2026-09-29":3374.5,"2026-09-30":9106.8,"2026-10-01":2463.4,"2026-10-02":40.5,"2026-10-03":2.3},"overpasses":23,"frp_total":3106.6,"frp_max":108.3,"frp_mean":9.86,"area_km2":102.95,"lat":-12.0583,"lon":133.4295,"first_seen":"2026-09-28","last_seen":"2026-10-03","duration_days":6,"status":"receding","trend":-1,"growth_ratio":0.0,"night_frac":0.21,"daily":{"2026-09-28":{"n":107,"frp":1443.7},"2026-09-29":{"n":71,"frp":298.2},"2026-09-30":{"n":109,"frp":1043.7},"2026-10-01":{"n":24,"frp":300.8},"2026-10-02":{"n":3,"frp":19.5},"2026-10-03":{"n":1,"frp":0.7}}}},{"type":"Feature","id":389,"geometry":{"type":"Polygon","coordinates":[[[131.2723,-12.9213],[131.2724,-12.9325],[131.2754,-12.9709],[131.2781,-12.9787],[131.2816,-12.9852],[131.3031,-12.9939],[131.3453,-12.9978],[131.3459,-12.9939],[131.3462,-12.9854],[131.3452,-12.9801],[131.3138,-12.9361],[131.3023,-12.9266],[131.2872,-12.9194],[131.2797,-12.9203],[131.2723,-12.9213]]]},"properties":{"fid":389,"n":126,"fre_gj":20943.8,"fre_daily":{"2026-09-28":865.9,"2026-09-29":8552.5,"2026-09-30":10341.1,"2026-10-01":384.7,"2026-10-02":791.1,"2026-10-03":8.5},"overpasses":21,"frp_total":1472.0,"frp_max":106.0,"frp_mean":11.68,"area_km2":45.38,"lat":-12.961,"lon":131.3038,"first_seen":"2026-09-28","last_seen":"2026-10-03","duration_days":6,"status":"receding","trend":-1,"growth_ratio":0.0,"night_frac":0.29,"daily":{"2026-09-28":{"n":19,"frp":91.3},"2026-09-29":{"n":36,"frp":367.2},"2026-09-30":{"n":30,"frp":435.7},"2026-10-01":{"n":22,"frp":272.1},"2026-10-02":{"n":18,"frp":303.3},"2026-10-03":{"n":1,"frp":2.4}}}},{"type":"Feature","id":795,"geometry":{"type":"Polygon","coordinates":[[[152.0754,-27.4277],[152.0775,-27.4464],[152.0876,-27.4514],[152.0998,-27.4504],[152.1147,-27.4472],[152.116,-27.4382],[152.108,-27.4311],[152.0997,-27.428],[152.0775,-27.425],[152.0754,-27.4277]]]},"properties":{"fid":795,"n":306,"fre_gj":20495.9,"fre_daily":{"2026-09-30":1429.7,"2026-10-01":8198.0,"2026-10-02":4892.0,"2026-10-03":5976.3},"overpasses":37,"frp_total":2934.4,"frp_max":192.5,"frp_mean":9.59,"area_km2":8.84,"lat":-27.4385,"lon":152.0935,"first_seen":"2026-09-30","last_seen":"2026-10-03","duration_days":4,"status":"receding","trend":-1,"growth_ratio":0.0,"night_frac":0.58,"daily":{"2026-09-30":{"n":16,"frp":54.7},"2026-10-01":{"n":86,"frp":769.3},"2026-10-02":{"n":125,"frp":1193.8},"2026-10-03":{"n":79,"frp":916.6}}}},{"type":"Feature","id":267,"geometry":{"type":"Polygon","coordinates":[[[130.6891,-11.5317],[130.7169,-11.583],[130.7215,-11.586],[130.7297,-11.5518],[130.7315,-11.5383],[130.728,-11.5208],[130.7233,-11.5147],[130.7109,-11.5145],[130.6898,-11.5155],[130.6891,-11.5317]]]},"properties":{"fid":267,"n":213,"fre_gj":20266.9,"fre_daily":{"2026-09-28":2029.5,"2026-09-29":8587.9,"2026-09-30":4469.9,"2026-10-01":2760.6,"2026-10-02":2398.8,"2026-10-03":20.2},"overpasses":31,"frp_total":2481.6,"frp_max":96.3,"frp_mean":11.65,"area_km2":23.25,"lat":-11.5347,"lon":130.7163,"first_seen":"2026-09-28","last_seen":"2026-10-03","duration_days":6,"status":"receding","trend":-1,"growth_ratio":0.0,"night_frac":0.25,"daily":{"2026-09-28":{"n":46,"frp":730.5},"2026-09-29":{"n":49,"frp":293.9},"2026-09-30":{"n":71,"frp":695.7},"2026-10-01":{"n":24,"frp":559.8},"2026-10-02":{"n":21,"frp":190.5},"2026-10-03":{"n":2,"frp":11.2}}}},{"type":"Feature","id":83,"geometry":{"type":"Polygon","coordinates":[[[142.6215,-11.7971],[142.6233,-11.814],[142.6254,-11.8308],[142.6719,-11.8227],[142.6716,-11.8192],[142.6714,-11.8184],[142.6215,-11.7971]]]},"properties":{"fid":83,"n":64,"fre_gj":19822.0,"fre_daily":{"2026-09-28":19822.0},"overpasses":7,"frp_total":1813.0,"frp_max":298.7,"frp_mean":28.33,"area_km2":10.89,"lat":-11.8171,"lon":142.6489,"first_seen":"2026-09-28","last_seen":"2026-09-28","duration_days":1,"status":"historic","trend":-1,"growth_ratio":0.0,"night_frac":0.23,"daily":{"2026-09-28":{"n":64,"frp":1813.0}}}},{"type":"Feature","id":1106,"geometry":{"type":"Polygon","coordinates":[[[133.8958,-14.9615],[133.8996,-14.9657],[133.9434,-14.9713],[133.9637,-14.9735],[133.9653,-14.9622],[133.9664,-14.9057],[133.9635,-14.904],[133.9284,-14.9089],[133.9202,-14.9176],[133.9005,-14.9405],[133.8964,-14.9579],[133.8958,-14.9615]]]},"properties":{"fid":1106,"n":162,"fre_gj":19797.3,"fre_daily":{"2026-10-02":1968.8,"2026-10-03":17828.5},"overpasses":15,"frp_total":1798.6,"frp_max":54.7,"frp_mean":11.1,"area_km2":43.99,"lat":-14.9392,"lon":133.9361,"first_seen":"2026-10-02","last_seen":"2026-10-03","duration_days":2,"status":"receding","trend":-1,"growth_ratio":0.0,"night_frac":0.25,"daily":{"2026-10-02":{"n":50,"frp":352.2},"2026-10-03":{"n":112,"frp":1446.4}}}},{"type":"Feature","id":933,"geometry":{"type":"Polygon","coordinates":[[[134.8066,-17.0235],[134.8097,-17.0381],[134.8209,-17.0417],[134.8232,-17.0302],[134.8196,-17.0236],[134.8067,-17.0196],[134.8066,-17.0235]]]},"properties":{"fid":933,"n":12,"fre_gj":19524.2,"fre_daily":{"2026-09-30":19165.7,"2026-10-01":350.5,"2026-10-02":7.9},"overpasses":6,"frp_total":1617.7,"frp_max":756.5,"frp_mean":134.81,"area_km2":2.91,"lat":-17.0295,"lon":134.8131,"first_seen":"2026-09-30","last_seen":"2026-10-02","duration_days":3,"status":"historic","trend":-1,"growth_ratio":0.0,"night_frac":0.42,"daily":{"2026-09-30":{"n":7,"frp":1598.9},"2026-10-01":{"n":4,"frp":16.6},"2026-10-02":{"n":1,"frp":2.2}}}},{"type":"Feature","id":204,"geometry":{"type":"Polygon","coordinates":[[[131.2556,-22.5598],[131.2618,-22.5684],[131.2686,-22.5726],[131.3147,-22.5849],[131.3627,-22.562],[131.3852,-22.541],[131.4001,-22.5252],[131.3991,-22.5248],[131.3859,-22.5208],[131.3815,-22.5218],[131.3726,-22.5239],[131.3682,-22.525],[131.2691,-22.5503],[131.2601,-22.5546],[131.256,-22.5582],[131.2556,-22.5598]]]},"properties":{"fid":204,"n":166,"fre_gj":18973.9,"fre_daily":{"2026-09-28":15390.5,"2026-09-29":3583.4},"overpasses":14,"frp_total":3735.8,"frp_max":244.1,"frp_mean":22.5,"area_km2":51.11,"lat":-22.5498,"lon":131.3295,"first_seen":"2026-09-28","last_seen":"2026-09-29","duration_days":2,"status":"historic","trend":-1,"growth_ratio":0.0,"night_frac":0.04,"daily":{"2026-09-28":{"n":150,"frp":3513.0},"2026-09-29":{"n":16,"frp":222.8}}}},{"type":"Feature","id":135,"geometry":{"type":"Polygon","coordinates":[[[148.7481,-9.4045],[148.7549,-9.4479],[148.7606,-9.4621],[148.7718,-9.4684],[148.8021,-9.4554],[148.8048,-9.4541],[148.7965,-9.4209],[148.7912,-9.404],[148.7796,-9.3925],[148.7726,-9.3856],[148.7613,-9.3846],[148.7549,-9.3846],[148.752,-9.3876],[148.749,-9.3994],[148.7481,-9.4045]]]},"properties":{"fid":135,"n":283,"fre_gj":18596.4,"fre_daily":{"2026-09-28":2423.6,"2026-09-29":1479.2,"2026-09-30":3175.1,"2026-10-01":4150.8,"2026-10-02":3413.7,"2026-10-03":3820.9,"2026-10-04":133.2},"overpasses":36,"frp_total":1705.3,"frp_max":43.6,"frp_mean":6.03,"area_km2":39.96,"lat":-9.4055,"lon":148.7673,"first_seen":"2026-09-28","last_seen":"2026-10-04","duration_days":7,"status":"active","trend":-1,"growth_ratio":0.17,"night_frac":0.31,"daily":{"2026-09-28":{"n":58,"frp":167.3},"2026-09-29":{"n":45,"frp":170.7},"2026-09-30":{"n":44,"frp":288.9},"2026-10-01":{"n":42,"frp":423.4},"2026-10-02":{"n":33,"frp":292.2},"2026-10-03":{"n":53,"frp":288.8},"2026-10-04":{"n":8,"frp":74.0}}}},{"type":"Feature","id":379,"geometry":{"type":"Polygon","coordinates":[[[131.7136,-14.0782],[131.7149,-14.0891],[131.7236,-14.1085],[131.7452,-14.1311],[131.7558,-14.1405],[131.7597,-14.1398],[131.7652,-14.1376],[131.7793,-14.0898],[131.7819,-14.0785],[131.7802,-14.0345],[131.7761,-14.0295],[131.7696,-14.0302],[131.7547,-14.0411],[131.7136,-14.0782]]]},"properties":{"fid":379,"n":310,"fre_gj":18565.4,"fre_daily":{"2026-09-28":12432.6,"2026-09-29":6118.1,"2026-09-30":14.8},"overpasses":13,"frp_total":2097.5,"frp_max":45.3,"frp_mean":6.77,"area_km2":56.39,"lat":-14.0838,"lon":131.7458,"first_seen":"2026-09-28","last_seen":"2026-09-30","duration_days":3,"status":"historic","trend":-1,"growth_ratio":0.0,"night_frac":0.81,"daily":{"2026-09-28":{"n":266,"frp":1470.8},"2026-09-29":{"n":43,"frp":622.6},"2026-09-30":{"n":1,"frp":4.1}}}},{"type":"Feature","id":21,"geometry":{"type":"Polygon","coordinates":[[[145.4645,-33.217],[145.4698,-33.2272],[145.4936,-33.2301],[145.4853,-33.2115],[145.4823,-33.2085],[145.4772,-33.2106],[145.4664,-33.2156],[145.4645,-33.217]]]},"properties":{"fid":21,"n":87,"fre_gj":18549.9,"fre_daily":{"2026-09-28":15121.0,"2026-09-29":3428.9},"overpasses":17,"frp_total":1898.7,"frp_max":90.5,"frp_mean":21.82,"area_km2":3.86,"lat":-33.2172,"lon":145.4765,"first_seen":"2026-09-28","last_seen":"2026-09-29","duration_days":2,"status":"historic","trend":-1,"growth_ratio":0.0,"night_frac":0.38,"daily":{"2026-09-28":{"n":36,"frp":627.2},"2026-09-29":{"n":51,"frp":1271.5}}}},{"type":"Feature","id":244,"geometry":{"type":"Polygon","coordinates":[[[126.7481,-18.2869],[126.7487,-18.2903],[126.7544,-18.2999],[126.7579,-18.3053],[126.7688,-18.3112],[126.8554,-18.2729],[126.8564,-18.2531],[126.8556,-18.2498],[126.854,-18.2471],[126.8519,-18.2454],[126.8242,-18.2375],[126.7719,-18.2504],[126.7543,-18.2631],[126.7481,-18.2869]]]},"properties":{"fid":244,"n":226,"fre_gj":18044.9,"fre_daily":{"2026-09-28":6591.1,"2026-09-29":9527.5,"2026-09-30":1696.6,"2026-10-01":229.7},"overpasses":25,"frp_total":2562.8,"frp_max":164.7,"frp_mean":11.34,"area_km2":58.94,"lat":-18.2715,"lon":126.7965,"first_seen":"2026-09-28","last_seen":"2026-10-01","duration_days":4,"status":"historic","trend":-1,"growth_ratio":0.0,"night_frac":0.37,"daily":{"2026-09-28":{"n":127,"frp":1619.9},"2026-09-29":{"n":65,"frp":730.9},"2026-09-30":{"n":29,"frp":131.4},"2026-10-01":{"n":5,"frp":80.6}}}},{"type":"Feature","id":223,"geometry":{"type":"Polygon","coordinates":[[[127.8453,-20.7571],[127.8455,-20.759],[127.846,-20.7605],[127.8478,-20.7622],[127.8729,-20.7765],[127.8935,-20.7825],[127.9014,-20.7779],[127.9056,-20.7409],[127.9048,-20.7369],[127.9031,-20.7288],[127.8641,-20.7248],[127.8603,-20.7261],[127.8453,-20.7571]]]},"properties":{"fid":223,"n":111,"fre_gj":17132.6,"fre_daily":{"2026-09-28":2368.0,"2026-09-29":7109.5,"2026-09-30":7655.0},"overpasses":18,"frp_total":2202.9,"frp_max":155.3,"frp_mean":19.85,"area_km2":29.47,"lat":-20.7487,"lon":127.8736,"first_seen":"2026-09-28","last_seen":"2026-09-30","duration_days":3,"status":"historic","trend":-1,"growth_ratio":0.0,"night_frac":0.35,"daily":{"2026-09-28":{"n":41,"frp":346.4},"2026-09-29":{"n":46,"frp":422.6},"2026-09-30":{"n":24,"frp":1433.9}}}},{"type":"Feature","id":262,"geometry":{"type":"Polygon","coordinates":[[[132.172,-12.677],[132.1776,-12.6838],[132.2231,-12.7131],[132.2397,-12.7114],[132.2527,-12.7059],[132.2617,-12.6981],[132.2644,-12.6917],[132.2487,-12.6471],[132.2451,-12.6442],[132.2316,-12.6357],[132.1793,-12.6639],[132.1772,-12.6651],[132.172,-12.677]]]},"properties":{"fid":262,"n":272,"fre_gj":16982.4,"fre_daily":{"2026-09-28":3055.8,"2026-09-29":3571.4,"2026-09-30":1174.2,"2026-10-01":4656.0,"2026-10-02":2267.6,"2026-10-03":2257.5},"overpasses":34,"frp_total":2870.5,"frp_max":150.2,"frp_mean":10.55,"area_km2":53.77,"lat":-12.6767,"lon":132.2217,"first_seen":"2026-09-28","last_seen":"2026-10-03","duration_days":6,"status":"receding","trend":-1,"growth_ratio":0.0,"night_frac":0.2,"daily":{"2026-09-28":{"n":58,"frp":1124.1},"2026-09-29":{"n":27,"frp":156.7},"2026-09-30":{"n":47,"frp":268.7},"2026-10-01":{"n":55,"frp":504.3},"2026-10-02":{"n":61,"frp":683.3},"2026-10-03":{"n":24,"frp":133.4}}}},{"type":"Feature","id":374,"geometry":{"type":"Polygon","coordinates":[[[134.1036,-15.4807],[134.1059,-15.4915],[134.1092,-15.4954],[134.1223,-15.4987],[134.1719,-15.4893],[134.1778,-15.4833],[134.1772,-15.4781],[134.1481,-15.4516],[134.1036,-15.4807]]]},"properties":{"fid":374,"n":170,"fre_gj":16890.9,"fre_daily":{"2026-09-28":1814.8,"2026-09-29":9028.2,"2026-09-30":2548.2,"2026-10-01":3385.0,"2026-10-02":114.7},"overpasses":23,"frp_total":1951.2,"frp_max":145.2,"frp_mean":11.48,"area_km2":24.56,"lat":-15.4774,"lon":134.1406,"first_seen":"2026-09-28","last_seen":"2026-10-02","duration_days":5,"status":"historic","trend":-1,"growth_ratio":0.0,"night_frac":0.66,"daily":{"2026-09-28":{"n":54,"frp":410.1},"2026-09-29":{"n":68,"frp":1322.9},"2026-09-30":{"n":22,"frp":40.0},"2026-10-01":{"n":20,"frp":114.5},"2026-10-02":{"n":6,"frp":63.7}}}},{"type":"Feature","id":255,"geometry":{"type":"Polygon","coordinates":[[[130.2013,-16.5597],[130.2078,-16.5689],[130.2175,-16.572],[130.2331,-16.5688],[130.2497,-16.5542],[130.2516,-16.5524],[130.2857,-16.4772],[130.2561,-16.465],[130.2522,-16.4653],[130.2446,-16.4697],[130.2021,-16.5504],[130.2013,-16.5597]]]},"properties":{"fid":255,"n":182,"fre_gj":15944.4,"fre_daily":{"2026-09-28":4239.1,"2026-09-29":10817.4,"2026-09-30":887.9},"overpasses":20,"frp_total":1909.2,"frp_max":113.6,"frp_mean":10.49,"area_km2":54.21,"lat":-16.5338,"lon":130.2367,"first_seen":"2026-09-28","last_seen":"2026-09-30","duration_days":3,"status":"historic","trend":-1,"growth_ratio":0.0,"night_frac":0.41,"daily":{"2026-09-28":{"n":55,"frp":300.9},"2026-09-29":{"n":91,"frp":1347.2},"2026-09-30":{"n":36,"frp":261.1}}}},{"type":"Feature","id":1034,"geometry":{"type":"Polygon","coordinates":[[[129.942,-20.7583],[129.9497,-20.7759],[129.9556,-20.7834],[129.9673,-20.7599],[129.9674,-20.7595],[129.9697,-20.7503],[129.9721,-20.7406],[129.9777,-20.7141],[129.9785,-20.6915],[129.9782,-20.6828],[129.9734,-20.6701],[129.9657,-20.6591],[129.948,-20.6423],[129.942,-20.7583]]]},"properties":{"fid":1034,"n":94,"fre_gj":15923.7,"fre_daily":{"2026-10-01":1930.8,"2026-10-02":3832.6,"2026-10-03":10160.3},"overpasses":10,"frp_total":3697.4,"frp_max":392.5,"frp_mean":39.33,"area_km2":40.09,"lat":-20.7245,"lon":129.9619,"first_seen":"2026-10-01","last_seen":"2026-10-03","duration_days":3,"status":"receding","trend":-1,"growth_ratio":0.0,"night_frac":0.39,"daily":{"2026-10-01":{"n":19,"frp":50.9},"2026-10-02":{"n":32,"frp":421.0},"2026-10-03":{"n":43,"frp":3225.5}}}},{"type":"Feature","id":248,"geometry":{"type":"Polygon","coordinates":[[[135.2192,-17.0719],[135.236,-17.076],[135.3056,-17.0685],[135.3134,-17.0675],[135.3266,-17.0442],[135.3285,-17.0365],[135.3276,-17.0253],[135.3134,-16.9845],[135.3025,-16.9877],[135.2942,-16.9937],[135.2218,-17.0654],[135.2192,-17.0719]]]},"properties":{"fid":248,"n":117,"fre_gj":15785.1,"fre_daily":{"2026-09-28":11320.9,"2026-09-29":4464.2},"overpasses":10,"frp_total":1367.0,"frp_max":316.4,"frp_mean":11.68,"area_km2":63.89,"lat":-17.0413,"lon":135.2905,"first_seen":"2026-09-28","last_seen":"2026-09-29","duration_days":2,"status":"historic","trend":-1,"growth_ratio":0.0,"night_frac":0.61,"daily":{"2026-09-28":{"n":107,"frp":1230.9},"2026-09-29":{"n":10,"frp":136.1}}}},{"type":"Feature","id":45,"geometry":{"type":"Polygon","coordinates":[[[149.4867,-24.1402],[149.4868,-24.1461],[149.5032,-24.1703],[149.5233,-24.1765],[149.5435,-24.182],[149.547,-24.178],[149.557,-24.1503],[149.5118,-24.1273],[149.4971,-24.1267],[149.4882,-24.1321],[149.4867,-24.1402]]]},"properties":{"fid":45,"n":328,"fre_gj":15199.9,"fre_daily":{"2026-09-28":2009.5,"2026-09-29":232.0,"2026-09-30":250.4,"2026-10-01":5912.2,"2026-10-02":3805.4,"2026-10-03":2990.4},"overpasses":43,"frp_total":2376.1,"frp_max":76.8,"frp_mean":7.24,"area_km2":27.97,"lat":-24.1543,"lon":149.5223,"first_seen":"2026-09-28","last_seen":"2026-10-03","duration_days":6,"status":"receding","trend":-1,"growth_ratio":0.0,"night_frac":0.4,"daily":{"2026-09-28":{"n":79,"frp":395.6},"2026-09-29":{"n":5,"frp":38.1},"2026-09-30":{"n":12,"frp":25.7},"2026-10-01":{"n":80,"frp":579.0},"2026-10-02":{"n":95,"frp":767.6},"2026-10-03":{"n":57,"frp":570.1}}}},{"type":"Feature","id":1153,"geometry":{"type":"Polygon","coordinates":[[[129.8829,-20.576],[129.9265,-20.6252],[129.9387,-20.6233],[129.943,-20.6195],[129.9435,-20.6156],[129.9429,-20.6112],[129.9332,-20.5934],[129.9105,-20.5746],[129.9026,-20.5707],[129.884,-20.5715],[129.8829,-20.576]]]},"properties":{"fid":1153,"n":40,"fre_gj":14871.5,"fre_daily":{"2026-10-02":14428.6,"2026-10-03":442.9},"overpasses":6,"frp_total":1724.0,"frp_max":753.4,"frp_mean":43.1,"area_km2":17.72,"lat":-20.5922,"lon":129.9155,"first_seen":"2026-10-02","last_seen":"2026-10-03","duration_days":2,"status":"receding","trend":-1,"growth_ratio":0.0,"night_frac":0.57,"daily":{"2026-10-02":{"n":23,"frp":1518.4},"2026-10-03":{"n":17,"frp":205.6}}}},{"type":"Feature","id":1212,"geometry":{"type":"Polygon","coordinates":[[[116.1722,-33.1489],[116.1753,-33.1599],[116.2408,-33.1613],[116.249,-33.1608],[116.2609,-33.1546],[116.2638,-33.1522],[116.2646,-33.1434],[116.2626,-33.1248],[116.1745,-33.1465],[116.1722,-33.1489]]]},"properties":{"fid":1212,"n":53,"fre_gj":14796.4,"fre_daily":{"2026-10-03":14796.4},"overpasses":8,"frp_total":1267.3,"frp_max":184.4,"frp_mean":23.91,"area_km2":22.67,"lat":-33.151,"lon":116.2232,"first_seen":"2026-10-03","last_seen":"2026-10-03","duration_days":1,"status":"receding","trend":-1,"growth_ratio":0.0,"night_frac":0.32,"daily":{"2026-10-03":{"n":53,"frp":1267.3}}}},{"type":"Feature","id":229,"geometry":{"type":"Polygon","coordinates":[[[126.5592,-20.47],[126.5598,-20.4733],[126.6244,-20.4736],[126.6483,-20.4348],[126.6184,-20.4118],[126.5991,-20.399],[126.5988,-20.3989],[126.5592,-20.47]]]},"properties":{"fid":229,"n":124,"fre_gj":13877.0,"fre_daily":{"2026-09-28":3386.0,"2026-09-29":10491.0},"overpasses":15,"frp_total":2480.9,"frp_max":120.8,"frp_mean":20.01,"area_km2":45.2,"lat":-20.4413,"lon":126.6029,"first_seen":"2026-09-28","last_seen":"2026-09-29","duration_days":2,"status":"historic","trend":-1,"growth_ratio":0.0,"night_frac":0.19,"daily":{"2026-09-28":{"n":70,"frp":905.3},"2026-09-29":{"n":54,"frp":1575.6}}}},{"type":"Feature","id":681,"geometry":{"type":"Polygon","coordinates":[[[135.2113,-16.9583],[135.2131,-16.9755],[135.2197,-16.9795],[135.2487,-16.9669],[135.2586,-16.9601],[135.2638,-16.9546],[135.26,-16.9368],[135.2568,-16.9337],[135.2477,-16.9292],[135.2381,-16.9246],[135.2329,-16.9258],[135.2288,-16.929],[135.2259,-16.9313],[135.2156,-16.9475],[135.2113,-16.9583]]]},"properties":{"fid":681,"n":130,"fre_gj":13468.9,"fre_daily":{"2026-09-29":392.4,"2026-09-30":308.7,"2026-10-01":3311.1,"2026-10-02":8053.7,"2026-10-03":1403.1},"overpasses":20,"frp_total":1054.4,"frp_max":83.0,"frp_mean":8.11,"area_km2":22.21,"lat":-16.9512,"lon":135.2357,"first_seen":"2026-09-29","last_seen":"2026-10-03","duration_days":5,"status":"receding","trend":-1,"growth_ratio":0.0,"night_frac":0.42,"daily":{"2026-09-29":{"n":28,"frp":70.0},"2026-09-30":{"n":10,"frp":114.6},"2026-10-01":{"n":42,"frp":130.1},"2026-10-02":{"n":18,"frp":156.5},"2026-10-03":{"n":32,"frp":583.2}}}},{"type":"Feature","id":818,"geometry":{"type":"Polygon","coordinates":[[[129.7151,-20.6737],[129.716,-20.6873],[129.725,-20.7044],[129.7292,-20.7093],[129.7478,-20.7141],[129.7499,-20.7121],[129.762,-20.6972],[129.7687,-20.6869],[129.7364,-20.6548],[129.7346,-20.6535],[129.7151,-20.6737]]]},"properties":{"fid":818,"n":44,"fre_gj":13292.0,"fre_daily":{"2026-09-30":13292.0},"overpasses":4,"frp_total":992.3,"frp_max":160.0,"frp_mean":22.55,"area_km2":22.52,"lat":-20.6827,"lon":129.7414,"first_seen":"2026-09-30","last_seen":"2026-09-30","duration_days":1,"status":"historic","trend":-1,"growth_ratio":0.0,"night_frac":0.11,"daily":{"2026-09-30":{"n":44,"frp":992.3}}}},{"type":"Feature","id":54,"geometry":{"type":"Polygon","coordinates":[[[147.0105,-19.2551],[147.0148,-19.2765],[147.0189,-19.2924],[147.0204,-19.2974],[147.0236,-19.2967],[147.0325,-19.2877],[147.055,-19.2628],[147.0493,-19.2476],[147.0449,-19.2447],[147.0411,-19.2452],[147.0145,-19.2534],[147.0105,-19.2551]]]},"properties":{"fid":54,"n":104,"fre_gj":13222.4,"fre_daily":{"2026-09-28":1502.1,"2026-09-29":8980.3,"2026-09-30":481.1,"2026-10-01":471.3,"2026-10-02":1070.3,"2026-10-03":717.3},"overpasses":30,"frp_total":1125.9,"frp_max":348.0,"frp_mean":10.83,"area_km2":16.02,"lat":-19.2714,"lon":147.0309,"first_seen":"2026-09-28","last_seen":"2026-10-03","duration_days":6,"status":"receding","trend":-1,"growth_ratio":0.0,"night_frac":0.3,"daily":{"2026-09-28":{"n":33,"frp":182.6},"2026-09-29":{"n":23,"frp":490.0},"2026-09-30":{"n":21,"frp":210.0},"2026-10-01":{"n":10,"frp":154.9},"2026-10-02":{"n":9,"frp":52.0},"2026-10-03":{"n":8,"frp":36.4}}}},{"type":"Feature","id":214,"geometry":{"type":"Polygon","coordinates":[[[132.3254,-21.7498],[132.3258,-21.7682],[132.3374,-21.8292],[132.3418,-21.8474],[132.3448,-21.8504],[132.401,-21.8711],[132.4053,-21.8707],[132.406,-21.8673],[132.3888,-21.8138],[132.3439,-21.7179],[132.3387,-21.7234],[132.3311,-21.7378],[132.3254,-21.7498]]]},"properties":{"fid":214,"n":236,"fre_gj":13049.3,"fre_daily":{"2026-09-28":3285.0,"2026-09-29":7113.8,"2026-09-30":2453.2,"2026-10-02":197.3},"overpasses":26,"frp_total":1883.6,"frp_max":67.9,"frp_mean":7.98,"area_km2":70.25,"lat":-21.8047,"lon":132.3583,"first_seen":"2026-09-28","last_seen":"2026-10-02","duration_days":4,"status":"historic","trend":-1,"growth_ratio":0.0,"night_frac":0.35,"daily":{"2026-09-28":{"n":68,"frp":765.1},"2026-09-29":{"n":81,"frp":587.5},"2026-09-30":{"n":81,"frp":521.6},"2026-10-02":{"n":6,"frp":9.4}}}},{"type":"Feature","id":230,"geometry":{"type":"Polygon","coordinates":[[[129.5026,-20.4531],[129.5211,-20.4548],[129.57,-20.4545],[129.5687,-20.4343],[129.5681,-20.4276],[129.5659,-20.4241],[129.5524,-20.4163],[129.5451,-20.4151],[129.5374,-20.4168],[129.5318,-20.42],[129.5098,-20.4402],[129.5058,-20.4447],[129.5026,-20.4531]]]},"properties":{"fid":230,"n":134,"fre_gj":12867.5,"fre_daily":{"2026-09-28":8020.0,"2026-09-29":4847.6},"overpasses":16,"frp_total":2347.6,"frp_max":129.8,"frp_mean":17.52,"area_km2":22.33,"lat":-20.435,"lon":129.5397,"first_seen":"2026-09-28","last_seen":"2026-09-29","duration_days":2,"status":"historic","trend":-1,"growth_ratio":0.0,"night_frac":0.23,"daily":{"2026-09-28":{"n":81,"frp":1729.3},"2026-09-29":{"n":53,"frp":618.3}}}},{"type":"Feature","id":50,"geometry":{"type":"Polygon","coordinates":[[[147.4665,-22.6424],[147.4676,-22.6431],[147.4742,-22.6465],[147.4847,-22.6469],[147.4872,-22.6449],[147.4954,-22.6337],[147.4964,-22.6316],[147.4959,-22.6282],[147.4929,-22.6264],[147.4847,-22.6238],[147.4791,-22.627],[147.474,-22.63],[147.4678,-22.6361],[147.4665,-22.6424]]]},"properties":{"fid":50,"n":150,"fre_gj":12636.9,"fre_daily":{"2026-09-28":7417.7,"2026-09-29":624.8,"2026-09-30":968.6,"2026-10-01":2392.2,"2026-10-02":927.9,"2026-10-03":305.7},"overpasses":36,"frp_total":1078.4,"frp_max":169.6,"frp_mean":7.19,"area_km2":5.19,"lat":-22.6357,"lon":147.4839,"first_seen":"2026-09-28","last_seen":"2026-10-03","duration_days":6,"status":"receding","trend":-1,"growth_ratio":0.0,"night_frac":0.63,"daily":{"2026-09-28":{"n":32,"frp":548.3},"2026-09-29":{"n":8,"frp":60.5},"2026-09-30":{"n":27,"frp":80.2},"2026-10-01":{"n":55,"frp":313.0},"2026-10-02":{"n":13,"frp":40.1},"2026-10-03":{"n":15,"frp":36.3}}}},{"type":"Feature","id":886,"geometry":{"type":"Polygon","coordinates":[[[128.2603,-15.9276],[128.2762,-15.9669],[128.2772,-15.9688],[128.278,-15.9694],[128.2828,-15.9727],[128.2961,-15.9785],[128.2998,-15.9797],[128.3018,-15.9774],[128.3145,-15.9143],[128.3143,-15.9049],[128.3073,-15.8773],[128.3051,-15.8733],[128.3002,-15.8712],[128.2674,-15.8806],[128.2603,-15.9276]]]},"properties":{"fid":886,"n":156,"fre_gj":12146.1,"fre_daily":{"2026-09-30":1074.1,"2026-10-01":2826.5,"2026-10-02":6026.3,"2026-10-03":2219.2},"overpasses":25,"frp_total":1019.8,"frp_max":40.2,"frp_mean":6.54,"area_km2":50.49,"lat":-15.9174,"lon":128.2934,"first_seen":"2026-09-30","last_seen":"2026-10-03","duration_days":4,"status":"receding","trend":-1,"growth_ratio":0.0,"night_frac":0.56,"daily":{"2026-09-30":{"n":21,"frp":139.3},"2026-10-01":{"n":37,"frp":284.0},"2026-10-02":{"n":52,"frp":325.9},"2026-10-03":{"n":46,"frp":270.6}}}},{"type":"Feature","id":655,"geometry":{"type":"Polygon","coordinates":[[[146.7508,-31.1207],[146.7564,-31.125],[146.7617,-31.1274],[146.7648,-31.1269],[146.784,-31.1095],[146.7715,-31.1018],[146.764,-31.0997],[146.7508,-31.1207]]]},"properties":{"fid":655,"n":87,"fre_gj":12078.2,"fre_daily":{"2026-09-29":8542.5,"2026-09-30":2739.2,"2026-10-01":796.5},"overpasses":22,"frp_total":1490.9,"frp_max":289.4,"frp_mean":17.14,"area_km2":5.16,"lat":-31.1175,"lon":146.7639,"first_seen":"2026-09-29","last_seen":"2026-10-01","duration_days":3,"status":"historic","trend":-1,"growth_ratio":0.0,"night_frac":0.72,"daily":{"2026-09-29":{"n":38,"frp":1070.1},"2026-09-30":{"n":43,"frp":341.8},"2026-10-01":{"n":6,"frp":79.0}}}},{"type":"Feature","id":236,"geometry":{"type":"Polygon","coordinates":[[[126.2556,-20.3354],[126.2584,-20.3409],[126.2822,-20.3505],[126.2869,-20.3471],[126.285,-20.3367],[126.2706,-20.3],[126.2611,-20.2951],[126.2565,-20.296],[126.2556,-20.3354]]]},"properties":{"fid":236,"n":79,"fre_gj":12072.4,"fre_daily":{"2026-09-28":2002.9,"2026-09-29":10069.5},"overpasses":12,"frp_total":2380.2,"frp_max":241.9,"frp_mean":30.13,"area_km2":12.81,"lat":-20.3236,"lon":126.2675,"first_seen":"2026-09-28","last_seen":"2026-09-29","duration_days":2,"status":"historic","trend":-1,"growth_ratio":0.0,"night_frac":0.14,"daily":{"2026-09-28":{"n":53,"frp":464.1},"2026-09-29":{"n":26,"frp":1916.1}}}},{"type":"Feature","id":1149,"geometry":{"type":"Polygon","coordinates":[[[147.1828,-26.5036],[147.1841,-26.509],[147.1863,-26.5116],[147.1877,-26.5125],[147.2042,-26.5202],[147.2115,-26.5131],[147.2157,-26.5073],[147.2122,-26.5046],[147.209,-26.5028],[147.2021,-26.5009],[147.1848,-26.4972],[147.1828,-26.5036]]]},"properties":{"fid":1149,"n":55,"fre_gj":11997.3,"fre_daily":{"2026-10-02":11997.3},"overpasses":8,"frp_total":1193.8,"frp_max":438.0,"frp_mean":21.71,"area_km2":4.98,"lat":-26.5067,"lon":147.1996,"first_seen":"2026-10-02","last_seen":"2026-10-02","duration_days":1,"status":"historic","trend":-1,"growth_ratio":0.0,"night_frac":0.78,"daily":{"2026-10-02":{"n":55,"frp":1193.8}}}},{"type":"Feature","id":398,"geometry":{"type":"Polygon","coordinates":[[[131.9582,-25.5351],[131.9592,-25.5373],[131.9687,-25.554],[131.9899,-25.5776],[131.9912,-25.5723],[131.9953,-25.5428],[131.9922,-25.539],[131.9873,-25.5358],[131.976,-25.5322],[131.9749,-25.5322],[131.9621,-25.5339],[131.9582,-25.5351]]]},"properties":{"fid":398,"n":49,"fre_gj":11936.3,"fre_daily":{"2026-09-28":10209.5,"2026-09-29":1726.8},"overpasses":13,"frp_total":888.2,"frp_max":232.6,"frp_mean":18.13,"area_km2":10.12,"lat":-25.5448,"lon":131.9778,"first_seen":"2026-09-28","last_seen":"2026-09-29","duration_days":2,"status":"historic","trend":-1,"growth_ratio":0.0,"night_frac":0.37,"daily":{"2026-09-28":{"n":12,"frp":556.5},"2026-09-29":{"n":37,"frp":331.7}}}},{"type":"Feature","id":1187,"geometry":{"type":"Polygon","coordinates":[[[151.9351,-26.3063],[151.9431,-26.3131],[151.9612,-26.3112],[151.953,-26.3011],[151.9413,-26.3013],[151.9351,-26.3063]]]},"properties":{"fid":1187,"n":12,"fre_gj":11847.0,"fre_daily":{"2026-10-03":11847.0},"overpasses":5,"frp_total":705.9,"frp_max":267.3,"frp_mean":58.82,"area_km2":2.31,"lat":-26.3057,"lon":151.9498,"first_seen":"2026-10-03","last_seen":"2026-10-03","duration_days":1,"status":"receding","trend":-1,"growth_ratio":0.0,"night_frac":0.08,"daily":{"2026-10-03":{"n":12,"frp":705.9}}}},{"type":"Feature","id":165,"geometry":{"type":"Polygon","coordinates":[[[141.6293,-9.1182],[141.6451,-9.1496],[141.6526,-9.1526],[141.665,-9.1544],[141.6697,-9.1542],[141.673,-9.1539],[141.6782,-9.1532],[141.6954,-9.1454],[141.6988,-9.1403],[141.6515,-9.0589],[141.6386,-9.0833],[141.6293,-9.1182]]]},"properties":{"fid":165,"n":232,"fre_gj":11330.5,"fre_daily":{"2026-09-28":1289.2,"2026-09-29":2752.4,"2026-09-30":669.8,"2026-10-02":5917.0,"2026-10-03":620.3,"2026-10-04":81.7},"overpasses":20,"frp_total":1838.1,"frp_max":39.0,"frp_mean":7.92,"area_km2":44.64,"lat":-9.1226,"lon":141.6553,"first_seen":"2026-09-28","last_seen":"2026-10-04","duration_days":6,"status":"active","trend":-1,"growth_ratio":0.09,"night_frac":0.02,"daily":{"2026-09-28":{"n":64,"frp":546.1},"2026-09-29":{"n":56,"frp":351.9},"2026-09-30":{"n":32,"frp":313.7},"2026-10-02":{"n":38,"frp":305.6},"2026-10-03":{"n":38,"frp":298.1},"2026-10-04":{"n":4,"frp":22.7}}}},{"type":"Feature","id":210,"geometry":{"type":"Polygon","coordinates":[[[131.9797,-22.1959],[132.0167,-22.2054],[132.0554,-22.2144],[132.0584,-22.1764],[132.0573,-22.1654],[132.0509,-22.1608],[132.0252,-22.1602],[131.9797,-22.1959]]]},"properties":{"fid":210,"n":160,"fre_gj":11323.7,"fre_daily":{"2026-09-28":2457.4,"2026-09-29":4338.7,"2026-09-30":4506.7,"2026-10-01":20.9},"overpasses":22,"frp_total":940.9,"frp_max":31.6,"frp_mean":5.88,"area_km2":30.49,"lat":-22.1851,"lon":132.0302,"first_seen":"2026-09-28","last_seen":"2026-10-01","duration_days":4,"status":"historic","trend":-1,"growth_ratio":0.0,"night_frac":0.41,"daily":{"2026-09-28":{"n":72,"frp":313.2},"2026-09-29":{"n":41,"frp":288.5},"2026-09-30":{"n":45,"frp":333.4},"2026-10-01":{"n":2,"frp":5.8}}}},{"type":"Feature","id":1108,"geometry":{"type":"Polygon","coordinates":[[[135.0262,-14.2462],[135.0277,-14.2526],[135.0324,-14.2587],[135.0553,-14.2654],[135.0601,-14.266],[135.0607,-14.266],[135.061,-14.262],[135.0563,-14.2466],[135.047,-14.2374],[135.0262,-14.2462]]]},"properties":{"fid":1108,"n":47,"fre_gj":11187.5,"fre_daily":{"2026-10-02":539.5,"2026-10-03":10648.1},"overpasses":8,"frp_total":826.1,"frp_max":70.2,"frp_mean":17.58,"area_km2":7.34,"lat":-14.2536,"lon":135.0459,"first_seen":"2026-10-02","last_seen":"2026-10-03","duration_days":2,"status":"receding","trend":-1,"growth_ratio":0.0,"night_frac":0.02,"daily":{"2026-10-02":{"n":10,"frp":149.3},"2026-10-03":{"n":37,"frp":676.8}}}},{"type":"Feature","id":484,"geometry":{"type":"Polygon","coordinates":[[[134.935,-17.5724],[134.9419,-17.5703],[134.9845,-17.5479],[134.9857,-17.5426],[134.9835,-17.5367],[134.9801,-17.536],[134.945,-17.531],[134.9404,-17.5389],[134.9365,-17.5593],[134.935,-17.5724]]]},"properties":{"fid":484,"n":40,"fre_gj":11072.4,"fre_daily":{"2026-09-28":10981.5,"2026-09-29":29.8,"2026-09-30":61.2},"overpasses":8,"frp_total":845.7,"frp_max":439.1,"frp_mean":21.14,"area_km2":14.4,"lat":-17.543,"lon":134.9598,"first_seen":"2026-09-28","last_seen":"2026-09-30","duration_days":3,"status":"historic","trend":-1,"growth_ratio":0.0,"night_frac":0.9,"daily":{"2026-09-28":{"n":31,"frp":815.6},"2026-09-29":{"n":7,"frp":13.1},"2026-09-30":{"n":2,"frp":17.0}}}},{"type":"Feature","id":785,"geometry":{"type":"Polygon","coordinates":[[[134.8245,-14.2126],[134.8813,-14.2277],[134.8832,-14.2245],[134.8851,-14.215],[134.875,-14.1884],[134.8585,-14.1833],[134.8529,-14.182],[134.8452,-14.1831],[134.8373,-14.1849],[134.8245,-14.2126]]]},"properties":{"fid":785,"n":112,"fre_gj":11008.7,"fre_daily":{"2026-09-29":242.3,"2026-09-30":790.5,"2026-10-01":5543.3,"2026-10-02":1784.6,"2026-10-03":2648.1},"overpasses":18,"frp_total":1403.8,"frp_max":117.3,"frp_mean":12.53,"area_km2":21.74,"lat":-14.1962,"lon":134.8547,"first_seen":"2026-09-29","last_seen":"2026-10-03","duration_days":5,"status":"receding","trend":-1,"growth_ratio":0.0,"night_frac":0.23,"daily":{"2026-09-29":{"n":1,"frp":67.3},"2026-09-30":{"n":9,"frp":38.5},"2026-10-01":{"n":19,"frp":93.7},"2026-10-02":{"n":72,"frp":1069.0},"2026-10-03":{"n":11,"frp":135.3}}}},{"type":"Feature","id":233,"geometry":{"type":"Polygon","coordinates":[[[126.4253,-20.374],[126.4259,-20.425],[126.426,-20.4334],[126.4553,-20.406],[126.4656,-20.3827],[126.4649,-20.3789],[126.4291,-20.3724],[126.4269,-20.3722],[126.4253,-20.374]]]},"properties":{"fid":233,"n":112,"fre_gj":10963.4,"fre_daily":{"2026-09-28":6908.5,"2026-09-29":3274.2,"2026-09-30":780.8},"overpasses":15,"frp_total":1536.9,"frp_max":123.7,"frp_mean":13.72,"area_km2":17.43,"lat":-20.3955,"lon":126.4359,"first_seen":"2026-09-28","last_seen":"2026-09-30","duration_days":3,"status":"historic","trend":-1,"growth_ratio":0.0,"night_frac":0.41,"daily":{"2026-09-28":{"n":100,"frp":1056.5},"2026-09-29":{"n":6,"frp":142.4},"2026-09-30":{"n":6,"frp":338.0}}}},{"type":"Feature","id":370,"geometry":{"type":"Polygon","coordinates":[[[133.9549,-15.7051],[133.9555,-15.7097],[133.9576,-15.7125],[133.9594,-15.7141],[133.9698,-15.7182],[133.9797,-15.7202],[134.0205,-15.7215],[134.0237,-15.7176],[134.0269,-15.7136],[134.0271,-15.7132],[134.0278,-15.71],[134.0312,-15.6282],[134.0284,-15.6224],[134.0264,-15.6209],[134.0177,-15.6171],[134.0129,-15.6172],[134.0073,-15.6177],[133.9937,-15.6239],[133.9917,-15.6269],[133.9566,-15.7009],[133.9549,-15.7051]]]},"properties":{"fid":370,"n":355,"fre_gj":10818.3,"fre_daily":{"2026-09-28":1134.9,"2026-09-29":2643.7,"2026-09-30":1771.5,"2026-10-01":1788.4,"2026-10-02":1831.5,"2026-10-03":1648.3},"overpasses":34,"frp_total":1420.1,"frp_max":36.9,"frp_mean":4.0,"area_km2":67.52,"lat":-15.6732,"lon":134.0016,"first_seen":"2026-09-28","last_seen":"2026-10-03","duration_days":6,"status":"receding","trend":-1,"growth_ratio":0.0,"night_frac":0.68,"daily":{"2026-09-28":{"n":89,"frp":186.4},"2026-09-29":{"n":103,"frp":547.3},"2026-09-30":{"n":17,"frp":112.8},"2026-10-01":{"n":70,"frp":244.1},"2026-10-02":{"n":37,"frp":42.2},"2026-10-03":{"n":39,"frp":287.3}}}},{"type":"Feature","id":791,"geometry":{"type":"Polygon","coordinates":[[[149.5085,-29.3248],[149.5121,-29.3269],[149.5139,-29.3274],[149.5351,-29.3286],[149.5386,-29.3202],[149.539,-29.3161],[149.5357,-29.3136],[149.5216,-29.3145],[149.5115,-29.3159],[149.5103,-29.3191],[149.5085,-29.3248]]]},"properties":{"fid":791,"n":113,"fre_gj":10816.3,"fre_daily":{"2026-09-30":6647.5,"2026-10-01":4165.6,"2026-10-02":3.2},"overpasses":20,"frp_total":1135.3,"frp_max":52.0,"frp_mean":10.05,"area_km2":3.94,"lat":-29.3215,"lon":149.5225,"first_seen":"2026-09-30","last_seen":"2026-10-02","duration_days":3,"status":"historic","trend":-1,"growth_ratio":0.0,"night_frac":0.45,"daily":{"2026-09-30":{"n":31,"frp":238.6},"2026-10-01":{"n":81,"frp":895.8},"2026-10-02":{"n":1,"frp":0.9}}}},{"type":"Feature","id":242,"geometry":{"type":"Polygon","coordinates":[[[130.3312,-18.4155],[130.3807,-18.4254],[130.3875,-18.4031],[130.3878,-18.3994],[130.3885,-18.383],[130.3814,-18.3686],[130.3792,-18.3651],[130.3731,-18.3574],[130.3477,-18.3535],[130.3388,-18.3539],[130.3341,-18.3566],[130.3312,-18.4155]]]},"properties":{"fid":242,"n":241,"fre_gj":10810.8,"fre_daily":{"2026-09-28":1968.9,"2026-09-29":2720.2,"2026-09-30":989.6,"2026-10-01":2071.9,"2026-10-02":2382.7,"2026-10-03":677.4},"overpasses":36,"frp_total":1018.4,"frp_max":28.2,"frp_mean":4.23,"area_km2":39.47,"lat":-18.386,"lon":130.3612,"first_seen":"2026-09-28","last_seen":"2026-10-03","duration_days":6,"status":"receding","trend":-1,"growth_ratio":0.0,"night_frac":0.55,"daily":{"2026-09-28":{"n":8,"frp":52.1},"2026-09-29":{"n":83,"frp":362.3},"2026-09-30":{"n":41,"frp":156.0},"2026-10-01":{"n":40,"frp":80.7},"2026-10-02":{"n":33,"frp":211.6},"2026-10-03":{"n":36,"frp":155.7}}}},{"type":"Feature","id":527,"geometry":{"type":"Polygon","coordinates":[[[141.7185,-9.0219],[141.7228,-9.0596],[141.727,-9.0624],[141.7434,-9.055],[141.749,-9.0496],[141.7442,-9.0374],[141.7375,-9.0305],[141.7185,-9.0219]]]},"properties":{"fid":527,"n":44,"fre_gj":10726.7,"fre_daily":{"2026-09-28":5.8,"2026-09-29":118.1,"2026-09-30":287.6,"2026-10-02":4351.1,"2026-10-03":5944.3,"2026-10-04":19.9},"overpasses":14,"frp_total":611.7,"frp_max":187.3,"frp_mean":13.9,"area_km2":9.15,"lat":-9.0453,"lon":141.7329,"first_seen":"2026-09-28","last_seen":"2026-10-04","duration_days":6,"status":"active","trend":-1,"growth_ratio":0.24,"night_frac":0.05,"daily":{"2026-09-28":{"n":1,"frp":1.6},"2026-09-29":{"n":7,"frp":26.7},"2026-09-30":{"n":6,"frp":77.3},"2026-10-02":{"n":12,"frp":92.7},"2026-10-03":{"n":16,"frp":402.3},"2026-10-04":{"n":2,"frp":11.1}}}},{"type":"Feature","id":893,"geometry":{"type":"Polygon","coordinates":[[[114.9335,-21.7136],[114.9387,-21.7205],[114.9446,-21.7182],[114.9567,-21.7108],[114.9783,-21.6966],[114.9648,-21.6887],[114.934,-21.702],[114.9337,-21.704],[114.9335,-21.7136]]]},"properties":{"fid":893,"n":94,"fre_gj":10661.8,"fre_daily":{"2026-09-30":2674.6,"2026-10-01":7384.2,"2026-10-02":603.1},"overpasses":15,"frp_total":1443.2,"frp_max":98.8,"frp_mean":15.35,"area_km2":7.98,"lat":-21.7053,"lon":114.9493,"first_seen":"2026-09-30","last_seen":"2026-10-02","duration_days":3,"status":"historic","trend":-1,"growth_ratio":0.0,"night_frac":0.6,"daily":{"2026-09-30":{"n":9,"frp":28.5},"2026-10-01":{"n":76,"frp":1348.5},"2026-10-02":{"n":9,"frp":66.2}}}},{"type":"Feature","id":441,"geometry":{"type":"Polygon","coordinates":[[[141.9917,-13.0672],[141.9942,-13.09],[141.9982,-13.0896],[142.0021,-13.0891],[142.0158,-13.0786],[142.0166,-13.076],[142.0212,-13.055],[142.0168,-13.0498],[142.0132,-13.0499],[141.9939,-13.0638],[141.9917,-13.0672]]]},"properties":{"fid":441,"n":129,"fre_gj":10556.7,"fre_daily":{"2026-09-28":21.4,"2026-09-29":360.6,"2026-09-30":1259.5,"2026-10-01":2128.8,"2026-10-02":2595.1,"2026-10-03":3987.3,"2026-10-04":203.9},"overpasses":29,"frp_total":623.2,"frp_max":18.3,"frp_mean":4.83,"area_km2":9.17,"lat":-13.0682,"lon":142.0078,"first_seen":"2026-09-28","last_seen":"2026-10-04","duration_days":7,"status":"active","trend":0,"growth_ratio":0.85,"night_frac":0.49,"daily":{"2026-09-28":{"n":2,"frp":8.9},"2026-09-29":{"n":11,"frp":57.3},"2026-09-30":{"n":18,"frp":62.1},"2026-10-01":{"n":34,"frp":145.3},"2026-10-02":{"n":25,"frp":129.6},"2026-10-03":{"n":23,"frp":106.8},"2026-10-04":{"n":16,"frp":113.3}}}},{"type":"Feature","id":510,"geometry":{"type":"Polygon","coordinates":[[[144.4598,-14.7334],[144.4785,-14.7576],[144.4989,-14.7745],[144.5046,-14.7738],[144.5265,-14.7662],[144.5316,-14.7606],[144.5322,-14.7495],[144.5298,-14.7459],[144.5278,-14.7449],[144.5254,-14.7437],[144.5157,-14.7405],[144.4767,-14.7324],[144.4732,-14.7317],[144.4639,-14.7311],[144.4598,-14.7334]]]},"properties":{"fid":510,"n":123,"fre_gj":10429.2,"fre_daily":{"2026-09-28":24.1,"2026-09-29":569.5,"2026-09-30":4227.7,"2026-10-01":826.3,"2026-10-02":2398.4,"2026-10-03":456.7,"2026-10-04":1926.6},"overpasses":25,"frp_total":992.1,"frp_max":68.9,"frp_mean":8.07,"area_km2":21.81,"lat":-14.7502,"lon":144.5042,"first_seen":"2026-09-28","last_seen":"2026-10-04","duration_days":7,"status":"active","trend":-1,"growth_ratio":0.71,"night_frac":0.22,"daily":{"2026-09-28":{"n":2,"frp":6.7},"2026-09-29":{"n":10,"frp":76.4},"2026-09-30":{"n":45,"frp":481.3},"2026-10-01":{"n":10,"frp":31.6},"2026-10-02":{"n":17,"frp":74.0},"2026-10-03":{"n":26,"frp":188.8},"2026-10-04":{"n":13,"frp":133.3}}}},{"type":"Feature","id":815,"geometry":{"type":"Polygon","coordinates":[[[133.3721,-22.0609],[133.3766,-22.0644],[133.4003,-22.071],[133.4085,-22.0505],[133.407,-22.0424],[133.405,-22.0371],[133.401,-22.0363],[133.3721,-22.0609]]]},"properties":{"fid":815,"n":73,"fre_gj":10386.3,"fre_daily":{"2026-09-30":10297.5,"2026-10-01":16.2,"2026-10-03":72.6},"overpasses":10,"frp_total":1262.1,"frp_max":152.1,"frp_mean":17.29,"area_km2":7.8,"lat":-22.0523,"lon":133.3955,"first_seen":"2026-09-30","last_seen":"2026-10-03","duration_days":3,"status":"receding","trend":-1,"growth_ratio":0.0,"night_frac":0.04,"daily":{"2026-09-30":{"n":70,"frp":1232.9},"2026-10-01":{"n":1,"frp":9.0},"2026-10-03":{"n":2,"frp":20.2}}}},{"type":"Feature","id":720,"geometry":{"type":"Polygon","coordinates":[[[149.1251,-9.3118],[149.1314,-9.3232],[149.1612,-9.3384],[149.1881,-9.3199],[149.1846,-9.3008],[149.1553,-9.2757],[149.1251,-9.3118]]]},"properties":{"fid":720,"n":168,"fre_gj":10338.9,"fre_daily":{"2026-09-28":11.5,"2026-09-29":81.7,"2026-09-30":528.5,"2026-10-01":1162.7,"2026-10-02":2453.5,"2026-10-03":5790.8,"2026-10-04":310.3},"overpasses":23,"frp_total":824.7,"frp_max":38.0,"frp_mean":4.91,"area_km2":28.05,"lat":-9.3036,"lon":149.1581,"first_seen":"2026-09-28","last_seen":"2026-10-04","duration_days":7,"status":"active","trend":-1,"growth_ratio":0.72,"night_frac":0.47,"daily":{"2026-09-28":{"n":1,"frp":3.2},"2026-09-29":{"n":9,"frp":33.2},"2026-09-30":{"n":6,"frp":26.8},"2026-10-01":{"n":20,"frp":61.6},"2026-10-02":{"n":31,"frp":140.2},"2026-10-03":{"n":83,"frp":387.3},"2026-10-04":{"n":18,"frp":172.4}}}},{"type":"Feature","id":967,"geometry":{"type":"Polygon","coordinates":[[[146.1827,-19.5856],[146.1831,-19.5921],[146.1951,-19.6325],[146.1986,-19.6367],[146.2242,-19.6157],[146.2243,-19.609],[146.223,-19.6037],[146.2085,-19.5915],[146.1868,-19.5856],[146.1827,-19.5856]]]},"properties":{"fid":967,"n":65,"fre_gj":10206.9,"fre_daily":{"2026-10-01":851.9,"2026-10-02":7370.1,"2026-10-03":1984.8},"overpasses":21,"frp_total":941.5,"frp_max":225.4,"frp_mean":14.48,"area_km2":14.73,"lat":-19.6106,"lon":146.2059,"first_seen":"2026-10-01","last_seen":"2026-10-03","duration_days":3,"status":"receding","trend":-1,"growth_ratio":0.0,"night_frac":0.34,"daily":{"2026-10-01":{"n":13,"frp":81.0},"2026-10-02":{"n":18,"frp":632.7},"2026-10-03":{"n":34,"frp":227.8}}}},{"type":"Feature","id":833,"geometry":{"type":"Polygon","coordinates":[[[134.2211,-12.118],[134.2226,-12.1189],[134.2266,-12.121],[134.2435,-12.1207],[134.2525,-12.1194],[134.254,-12.1101],[134.2503,-12.1017],[134.2471,-12.0976],[134.2432,-12.0962],[134.2322,-12.1027],[134.2267,-12.1073],[134.2246,-12.1094],[134.2211,-12.118]]]},"properties":{"fid":833,"n":74,"fre_gj":9868.6,"fre_daily":{"2026-09-30":2589.9,"2026-10-01":5169.3,"2026-10-02":2097.9,"2026-10-03":11.5},"overpasses":12,"frp_total":1336.4,"frp_max":89.5,"frp_mean":18.06,"area_km2":6.82,"lat":-12.1084,"lon":134.2388,"first_seen":"2026-09-30","last_seen":"2026-10-03","duration_days":4,"status":"receding","trend":-1,"growth_ratio":0.0,"night_frac":0.19,"daily":{"2026-09-30":{"n":20,"frp":221.5},"2026-10-01":{"n":3,"frp":2.0},"2026-10-02":{"n":50,"frp":1109.7},"2026-10-03":{"n":1,"frp":3.2}}}},{"type":"Feature","id":246,"geometry":{"type":"Polygon","coordinates":[[[135.1409,-17.2706],[135.1448,-17.27],[135.2338,-17.2436],[135.2388,-17.2406],[135.2701,-17.2194],[135.273,-17.2027],[135.2597,-17.176],[135.2546,-17.1769],[135.2025,-17.2019],[135.1412,-17.2677],[135.1409,-17.2706]]]},"properties":{"fid":246,"n":149,"fre_gj":9598.4,"fre_daily":{"2026-09-28":4732.5,"2026-09-29":4865.9},"overpasses":10,"frp_total":1154.3,"frp_max":64.3,"frp_mean":7.75,"area_km2":60.8,"lat":-17.2222,"lon":135.2181,"first_seen":"2026-09-28","last_seen":"2026-09-29","duration_days":2,"status":"historic","trend":-1,"growth_ratio":0.0,"night_frac":0.26,"daily":{"2026-09-28":{"n":132,"frp":923.9},"2026-09-29":{"n":17,"frp":230.4}}}},{"type":"Feature","id":360,"geometry":{"type":"Polygon","coordinates":[[[129.8009,-16.5153],[129.8024,-16.5211],[129.804,-16.524],[129.818,-16.5366],[129.9017,-16.5351],[129.9156,-16.5291],[129.8274,-16.4724],[129.8224,-16.4801],[129.8009,-16.5153]]]},"properties":{"fid":360,"n":184,"fre_gj":9242.5,"fre_daily":{"2026-09-28":2165.8,"2026-09-29":3473.9,"2026-09-30":2719.6,"2026-10-01":476.5,"2026-10-02":29.3,"2026-10-03":377.5},"overpasses":29,"frp_total":764.5,"frp_max":44.8,"frp_mean":4.15,"area_km2":47.64,"lat":-16.5132,"lon":129.8516,"first_seen":"2026-09-28","last_seen":"2026-10-03","duration_days":6,"status":"receding","trend":-1,"growth_ratio":0.0,"night_frac":0.85,"daily":{"2026-09-28":{"n":87,"frp":233.5},"2026-09-29":{"n":37,"frp":180.7},"2026-09-30":{"n":35,"frp":277.0},"2026-10-01":{"n":16,"frp":33.2},"2026-10-02":{"n":4,"frp":17.6},"2026-10-03":{"n":5,"frp":22.5}}}},{"type":"Feature","id":1082,"geometry":{"type":"Polygon","coordinates":[[[127.1779,-20.9798],[127.1844,-20.976],[127.1912,-20.9649],[127.1779,-20.9798]]]},"properties":{"fid":1082,"n":3,"fre_gj":8891.4,"fre_daily":{"2026-10-01":8891.4},"overpasses":2,"frp_total":730.0,"frp_max":366.8,"frp_mean":243.33,"area_km2":0.27,"lat":-20.9736,"lon":127.1845,"first_seen":"2026-10-01","last_seen":"2026-10-01","duration_days":1,"status":"historic","trend":-1,"growth_ratio":0.0,"night_frac":0.67,"daily":{"2026-10-01":{"n":3,"frp":730.0}}}},{"type":"Feature","id":76,"geometry":{"type":"Polygon","coordinates":[[[142.0457,-12.064],[142.0498,-12.0747],[142.0638,-12.0911],[142.07,-12.0968],[142.0888,-12.1008],[142.0902,-12.0883],[142.0877,-12.075],[142.0854,-12.0661],[142.0749,-12.0557],[142.0483,-12.0517],[142.0457,-12.064]]]},"properties":{"fid":76,"n":177,"fre_gj":8666.5,"fre_daily":{"2026-09-28":1466.2,"2026-09-29":359.9,"2026-09-30":1517.0,"2026-10-01":2224.5,"2026-10-02":1887.6,"2026-10-03":1199.6,"2026-10-04":11.8},"overpasses":31,"frp_total":982.4,"frp_max":36.3,"frp_mean":5.55,"area_km2":17.24,"lat":-12.0751,"lon":142.0711,"first_seen":"2026-09-28","last_seen":"2026-10-04","duration_days":7,"status":"active","trend":-1,"growth_ratio":0.03,"night_frac":0.43,"daily":{"2026-09-28":{"n":23,"frp":242.5},"2026-09-29":{"n":13,"frp":88.6},"2026-09-30":{"n":17,"frp":102.3},"2026-10-01":{"n":43,"frp":232.6},"2026-10-02":{"n":58,"frp":208.0},"2026-10-03":{"n":22,"frp":101.9},"2026-10-04":{"n":1,"frp":6.5}}}},{"type":"Feature","id":1147,"geometry":{"type":"Polygon","coordinates":[[[138.8288,-17.8947],[138.8314,-17.9172],[138.849,-17.9231],[138.8636,-17.9076],[138.8602,-17.9057],[138.8581,-17.9046],[138.8324,-17.8943],[138.8288,-17.8947]]]},"properties":{"fid":1147,"n":19,"fre_gj":8625.4,"fre_daily":{"2026-10-02":8035.8,"2026-10-03":589.6},"overpasses":6,"frp_total":497.2,"frp_max":261.6,"frp_mean":26.17,"area_km2":6.97,"lat":-17.9054,"lon":138.8448,"first_seen":"2026-10-02","last_seen":"2026-10-03","duration_days":2,"status":"receding","trend":-1,"growth_ratio":0.0,"night_frac":0.42,"daily":{"2026-10-02":{"n":12,"frp":442.6},"2026-10-03":{"n":7,"frp":54.6}}}},{"type":"Feature","id":966,"geometry":{"type":"Polygon","coordinates":[[[132.4303,-21.8843],[132.4308,-21.889],[132.4378,-21.9036],[132.4509,-21.908],[132.4575,-21.9064],[132.4628,-21.8938],[132.4641,-21.8853],[132.4639,-21.8816],[132.4609,-21.876],[132.4393,-21.8743],[132.4303,-21.8843]]]},"properties":{"fid":966,"n":71,"fre_gj":8594.6,"fre_daily":{"2026-10-01":994.4,"2026-10-02":3042.1,"2026-10-03":4558.1},"overpasses":15,"frp_total":635.5,"frp_max":39.5,"frp_mean":8.95,"area_km2":9.91,"lat":-21.8903,"lon":132.4519,"first_seen":"2026-10-01","last_seen":"2026-10-03","duration_days":3,"status":"receding","trend":-1,"growth_ratio":0.0,"night_frac":0.52,"daily":{"2026-10-01":{"n":10,"frp":63.7},"2026-10-02":{"n":6,"frp":6.9},"2026-10-03":{"n":55,"frp":564.9}}}},{"type":"Feature","id":1033,"geometry":{"type":"Polygon","coordinates":[[[127.075,-20.9917],[127.1127,-21.0111],[127.1175,-21.0118],[127.1339,-21.0137],[127.146,-21.014],[127.1506,-21.0136],[127.1602,-21.0104],[127.1607,-21.0094],[127.1601,-21.0065],[127.156,-21.0047],[127.0875,-20.9887],[127.075,-20.9917]]]},"properties":{"fid":1033,"n":89,"fre_gj":8570.2,"fre_daily":{"2026-10-01":7026.6,"2026-10-02":1543.6},"overpasses":6,"frp_total":944.1,"frp_max":25.1,"frp_mean":10.61,"area_km2":11.36,"lat":-21.0045,"lon":127.1232,"first_seen":"2026-10-01","last_seen":"2026-10-02","duration_days":2,"status":"historic","trend":-1,"growth_ratio":0.0,"night_frac":0.08,"daily":{"2026-10-01":{"n":7,"frp":93.3},"2026-10-02":{"n":82,"frp":850.8}}}},{"type":"Feature","id":931,"geometry":{"type":"Polygon","coordinates":[[[132.4737,-11.0595],[132.4844,-11.0734],[132.4882,-11.0774],[132.5008,-11.0801],[132.5035,-11.0796],[132.5076,-11.0699],[132.5057,-11.0688],[132.4809,-11.0556],[132.477,-11.0549],[132.4737,-11.0595]]]},"properties":{"fid":931,"n":51,"fre_gj":8479.3,"fre_daily":{"2026-09-30":20.5,"2026-10-01":2323.8,"2026-10-02":4493.1,"2026-10-03":1641.9},"overpasses":13,"frp_total":462.3,"frp_max":28.1,"frp_mean":9.06,"area_km2":5.23,"lat":-11.0677,"lon":132.4899,"first_seen":"2026-09-30","last_seen":"2026-10-03","duration_days":4,"status":"receding","trend":-1,"growth_ratio":0.0,"night_frac":0.18,"daily":{"2026-09-30":{"n":2,"frp":5.7},"2026-10-01":{"n":12,"frp":102.9},"2026-10-02":{"n":17,"frp":126.8},"2026-10-03":{"n":20,"frp":226.9}}}},{"type":"Feature","id":1101,"geometry":{"type":"Polygon","coordinates":[[[146.8073,-19.4022],[146.8179,-19.4062],[146.8248,-19.4073],[146.8297,-19.4045],[146.8302,-19.3966],[146.8295,-19.3931],[146.8266,-19.3866],[146.8236,-19.3843],[146.8141,-19.3821],[146.8102,-19.3827],[146.8073,-19.4022]]]},"properties":{"fid":1101,"n":61,"fre_gj":8452.6,"fre_daily":{"2026-10-02":7228.3,"2026-10-03":1224.3},"overpasses":9,"frp_total":632.1,"frp_max":39.0,"frp_mean":10.36,"area_km2":5.19,"lat":-19.3949,"lon":146.8198,"first_seen":"2026-10-02","last_seen":"2026-10-03","duration_days":2,"status":"receding","trend":-1,"growth_ratio":0.0,"night_frac":0.13,"daily":{"2026-10-02":{"n":14,"frp":103.9},"2026-10-03":{"n":47,"frp":528.2}}}},{"type":"Feature","id":1102,"geometry":{"type":"Polygon","coordinates":[[[139.754,-17.9688],[139.7767,-18.0062],[139.7847,-17.9959],[139.7833,-17.987],[139.7819,-17.9782],[139.7719,-17.9595],[139.7708,-17.9583],[139.7591,-17.9602],[139.7552,-17.9609],[139.754,-17.9688]]]},"properties":{"fid":1102,"n":32,"fre_gj":8398.6,"fre_daily":{"2026-10-02":8398.6},"overpasses":4,"frp_total":1993.8,"frp_max":869.4,"frp_mean":62.31,"area_km2":9.26,"lat":-17.9696,"lon":139.768,"first_seen":"2026-10-02","last_seen":"2026-10-02","duration_days":1,"status":"historic","trend":-1,"growth_ratio":0.0,"night_frac":0.0,"daily":{"2026-10-02":{"n":32,"frp":1993.8}}}},{"type":"Feature","id":1145,"geometry":{"type":"Polygon","coordinates":[[[145.9102,-19.1239],[145.918,-19.1567],[145.9218,-19.1573],[145.9491,-19.1256],[145.9458,-19.1145],[145.9318,-19.1143],[145.925,-19.1147],[145.9102,-19.1239]]]},"properties":{"fid":1145,"n":90,"fre_gj":8290.0,"fre_daily":{"2026-10-02":6478.0,"2026-10-03":1811.9},"overpasses":12,"frp_total":554.4,"frp_max":50.4,"frp_mean":6.16,"area_km2":11.75,"lat":-19.1334,"lon":145.9255,"first_seen":"2026-10-02","last_seen":"2026-10-03","duration_days":2,"status":"receding","trend":-1,"growth_ratio":0.0,"night_frac":0.54,"daily":{"2026-10-02":{"n":37,"frp":87.5},"2026-10-03":{"n":53,"frp":466.9}}}},{"type":"Feature","id":257,"geometry":{"type":"Polygon","coordinates":[[[124.4147,-15.5901],[124.4171,-15.5981],[124.4388,-15.638],[124.4625,-15.6038],[124.4467,-15.5315],[124.4219,-15.5446],[124.4214,-15.5472],[124.4147,-15.5901]]]},"properties":{"fid":257,"n":168,"fre_gj":8213.4,"fre_daily":{"2026-09-28":1353.3,"2026-09-29":2421.9,"2026-09-30":883.4,"2026-10-01":1897.7,"2026-10-02":1123.1,"2026-10-03":534.1},"overpasses":38,"frp_total":872.5,"frp_max":46.7,"frp_mean":5.19,"area_km2":37.44,"lat":-15.5814,"lon":124.4372,"first_seen":"2026-09-28","last_seen":"2026-10-03","duration_days":6,"status":"receding","trend":-1,"growth_ratio":0.0,"night_frac":0.57,"daily":{"2026-09-28":{"n":58,"frp":197.7},"2026-09-29":{"n":47,"frp":226.9},"2026-09-30":{"n":20,"frp":73.4},"2026-10-01":{"n":20,"frp":162.6},"2026-10-02":{"n":8,"frp":56.8},"2026-10-03":{"n":15,"frp":155.1}}}},{"type":"Feature","id":885,"geometry":{"type":"Polygon","coordinates":[[[127.433,-18.2095],[127.438,-18.2145],[127.4512,-18.2176],[127.457,-18.2101],[127.4578,-18.2069],[127.4405,-18.1961],[127.4362,-18.1991],[127.4345,-18.2006],[127.433,-18.2095]]]},"properties":{"fid":885,"n":28,"fre_gj":8190.2,"fre_daily":{"2026-09-30":5828.1,"2026-10-01":2362.1},"overpasses":8,"frp_total":658.5,"frp_max":71.2,"frp_mean":23.52,"area_km2":3.93,"lat":-18.2065,"lon":127.4445,"first_seen":"2026-09-30","last_seen":"2026-10-01","duration_days":2,"status":"historic","trend":-1,"growth_ratio":0.0,"night_frac":0.39,"daily":{"2026-09-30":{"n":9,"frp":60.6},"2026-10-01":{"n":19,"frp":597.9}}}},{"type":"Feature","id":197,"geometry":{"type":"Polygon","coordinates":[[[134.5764,-23.6278],[134.5776,-23.6325],[134.582,-23.649],[134.602,-23.6493],[134.6195,-23.6468],[134.6239,-23.6458],[134.6247,-23.6453],[134.6203,-23.6402],[134.5969,-23.6292],[134.5764,-23.6278]]]},"properties":{"fid":197,"n":78,"fre_gj":8164.7,"fre_daily":{"2026-09-28":4412.7,"2026-09-29":2975.0,"2026-09-30":777.0},"overpasses":17,"frp_total":1145.2,"frp_max":85.3,"frp_mean":14.68,"area_km2":7.84,"lat":-23.6398,"lon":134.5978,"first_seen":"2026-09-28","last_seen":"2026-09-30","duration_days":3,"status":"historic","trend":-1,"growth_ratio":0.0,"night_frac":0.24,"daily":{"2026-09-28":{"n":49,"frp":603.2},"2026-09-29":{"n":13,"frp":240.5},"2026-09-30":{"n":16,"frp":301.5}}}},{"type":"Feature","id":604,"geometry":{"type":"Polygon","coordinates":[[[124.6948,-23.509],[124.6979,-23.5275],[124.7001,-23.528],[124.7239,-23.5312],[124.7282,-23.5283],[124.7213,-23.5076],[124.716,-23.4937],[124.7097,-23.4968],[124.6948,-23.509]]]},"properties":{"fid":604,"n":48,"fre_gj":8140.3,"fre_daily":{"2026-09-29":8140.3},"overpasses":5,"frp_total":1182.7,"frp_max":322.8,"frp_mean":24.64,"area_km2":9.14,"lat":-23.5196,"lon":124.7109,"first_seen":"2026-09-29","last_seen":"2026-09-29","duration_days":1,"status":"historic","trend":-1,"growth_ratio":0.0,"night_frac":0.08,"daily":{"2026-09-29":{"n":48,"frp":1182.7}}}},{"type":"Feature","id":963,"geometry":{"type":"Polygon","coordinates":[[[152.1192,-25.2234],[152.1311,-25.2291],[152.1488,-25.2299],[152.1773,-25.2216],[152.173,-25.2185],[152.1661,-25.2143],[152.1319,-25.2114],[152.1286,-25.2117],[152.1257,-25.2127],[152.1192,-25.2234]]]},"properties":{"fid":963,"n":87,"fre_gj":8119.7,"fre_daily":{"2026-10-01":2689.4,"2026-10-03":5430.2},"overpasses":13,"frp_total":699.3,"frp_max":171.5,"frp_mean":8.04,"area_km2":8.23,"lat":-25.2213,"lon":152.1417,"first_seen":"2026-10-01","last_seen":"2026-10-03","duration_days":2,"status":"receding","trend":-1,"growth_ratio":0.0,"night_frac":0.84,"daily":{"2026-10-01":{"n":12,"frp":174.7},"2026-10-03":{"n":75,"frp":524.6}}}},{"type":"Feature","id":784,"geometry":{"type":"Polygon","coordinates":[[[134.5987,-15.3919],[134.6003,-15.4078],[134.6037,-15.4007],[134.5987,-15.3919]]]},"properties":{"fid":784,"n":3,"fre_gj":8105.8,"fre_daily":{"2026-09-29":8105.8},"overpasses":1,"frp_total":2251.6,"frp_max":1129.9,"frp_mean":750.53,"area_km2":0.39,"lat":-15.4001,"lon":134.6009,"first_seen":"2026-09-29","last_seen":"2026-09-29","duration_days":1,"status":"historic","trend":-1,"growth_ratio":0.0,"night_frac":0.0,"daily":{"2026-09-29":{"n":3,"frp":2251.6}}}},{"type":"Feature","id":320,"geometry":{"type":"Polygon","coordinates":[[[144.7748,-15.5725],[144.775,-15.5759],[144.7816,-15.5792],[144.8172,-15.5946],[144.8191,-15.5918],[144.8093,-15.5743],[144.7979,-15.5657],[144.7936,-15.5628],[144.7788,-15.5622],[144.7763,-15.5646],[144.7753,-15.569],[144.7748,-15.5725]]]},"properties":{"fid":320,"n":105,"fre_gj":8037.8,"fre_daily":{"2026-09-28":3189.3,"2026-09-29":4743.0,"2026-09-30":105.5},"overpasses":13,"frp_total":679.2,"frp_max":47.8,"frp_mean":6.47,"area_km2":8.58,"lat":-15.5749,"lon":144.7958,"first_seen":"2026-09-28","last_seen":"2026-09-30","duration_days":3,"status":"historic","trend":-1,"growth_ratio":0.0,"night_frac":0.41,"daily":{"2026-09-28":{"n":35,"frp":137.7},"2026-09-29":{"n":59,"frp":481.8},"2026-09-30":{"n":11,"frp":59.7}}}},{"type":"Feature","id":1126,"geometry":{"type":"Polygon","coordinates":[[[116.3442,-33.3533],[116.3443,-33.3579],[116.3451,-33.3605],[116.3523,-33.3748],[116.3848,-33.3592],[116.3857,-33.3546],[116.3767,-33.3362],[116.3717,-33.3339],[116.359,-33.3294],[116.3549,-33.3297],[116.3471,-33.3419],[116.3442,-33.3533]]]},"properties":{"fid":1126,"n":114,"fre_gj":8000.0,"fre_daily":{"2026-10-02":4364.8,"2026-10-03":3635.1},"overpasses":14,"frp_total":1081.9,"frp_max":83.3,"frp_mean":9.49,"area_km2":12.8,"lat":-33.3517,"lon":116.3559,"first_seen":"2026-10-02","last_seen":"2026-10-03","duration_days":2,"status":"receding","trend":-1,"growth_ratio":0.0,"night_frac":0.18,"daily":{"2026-10-02":{"n":26,"frp":119.3},"2026-10-03":{"n":88,"frp":962.6}}}},{"type":"Feature","id":687,"geometry":{"type":"Polygon","coordinates":[[[133.5413,-14.3675],[133.5415,-14.3694],[133.5456,-14.3916],[133.5514,-14.417],[133.5593,-14.4293],[133.5636,-14.4297],[133.5966,-14.413],[133.5865,-14.3988],[133.569,-14.3845],[133.5455,-14.3677],[133.5413,-14.3675]]]},"properties":{"fid":687,"n":111,"fre_gj":7721.1,"fre_daily":{"2026-09-29":4.9,"2026-09-30":2.2,"2026-10-01":2607.3,"2026-10-02":219.3,"2026-10-03":4887.5},"overpasses":20,"frp_total":1208.6,"frp_max":56.1,"frp_mean":10.89,"area_km2":20.71,"lat":-14.404,"lon":133.5658,"first_seen":"2026-09-29","last_seen":"2026-10-03","duration_days":5,"status":"receding","trend":-1,"growth_ratio":0.0,"night_frac":0.41,"daily":{"2026-09-29":{"n":3,"frp":2.1},"2026-09-30":{"n":1,"frp":0.6},"2026-10-01":{"n":26,"frp":131.7},"2026-10-02":{"n":16,"frp":136.2},"2026-10-03":{"n":65,"frp":938.0}}}},{"type":"Feature","id":1070,"geometry":{"type":"Polygon","coordinates":[[[132.3971,-21.7892],[132.3977,-21.7955],[132.3988,-21.8032],[132.4054,-21.8203],[132.4103,-21.8261],[132.4143,-21.8296],[132.4173,-21.83],[132.4222,-21.8222],[132.4216,-21.8089],[132.4051,-21.7721],[132.4022,-21.7696],[132.3985,-21.7707],[132.3971,-21.7892]]]},"properties":{"fid":1070,"n":120,"fre_gj":7660.7,"fre_daily":{"2026-10-01":1461.9,"2026-10-02":2131.0,"2026-10-03":4067.8},"overpasses":14,"frp_total":582.5,"frp_max":26.0,"frp_mean":4.85,"area_km2":10.12,"lat":-21.7988,"lon":132.4088,"first_seen":"2026-10-01","last_seen":"2026-10-03","duration_days":3,"status":"receding","trend":-1,"growth_ratio":0.0,"night_frac":0.61,"daily":{"2026-10-01":{"n":1,"frp":1.4},"2026-10-02":{"n":41,"frp":133.9},"2026-10-03":{"n":78,"frp":447.2}}}},{"type":"Feature","id":171,"geometry":{"type":"Polygon","coordinates":[[[141.8023,-9.0893],[141.8033,-9.0961],[141.8037,-9.0981],[141.8192,-9.141],[141.8282,-9.1396],[141.8328,-9.1371],[141.8431,-9.1244],[141.8464,-9.1083],[141.8435,-9.1005],[141.8401,-9.0962],[141.8168,-9.0755],[141.8076,-9.0791],[141.806,-9.0804],[141.8033,-9.0841],[141.8023,-9.0893]]]},"properties":{"fid":171,"n":126,"fre_gj":7628.9,"fre_daily":{"2026-09-28":1849.1,"2026-09-29":2364.6,"2026-09-30":22.1,"2026-10-02":2597.1,"2026-10-03":796.0},"overpasses":15,"frp_total":795.8,"frp_max":72.4,"frp_mean":6.32,"area_km2":22.23,"lat":-9.1013,"lon":141.8211,"first_seen":"2026-09-28","last_seen":"2026-10-03","duration_days":5,"status":"receding","trend":-1,"growth_ratio":0.0,"night_frac":0.09,"daily":{"2026-09-28":{"n":52,"frp":339.6},"2026-09-29":{"n":47,"frp":260.1},"2026-09-30":{"n":2,"frp":12.3},"2026-10-02":{"n":14,"frp":80.2},"2026-10-03":{"n":11,"frp":103.6}}}},{"type":"Feature","id":147,"geometry":{"type":"Polygon","coordinates":[[[148.9625,-9.2765],[148.9634,-9.2818],[148.9739,-9.2887],[148.9935,-9.285],[149.0132,-9.272],[149.0126,-9.2682],[149.0051,-9.2507],[149.0013,-9.249],[148.9756,-9.2566],[148.9625,-9.2765]]]},"properties":{"fid":147,"n":142,"fre_gj":7627.6,"fre_daily":{"2026-09-28":400.9,"2026-09-29":331.8,"2026-09-30":631.4,"2026-10-01":1020.7,"2026-10-02":2871.0,"2026-10-03":2371.9},"overpasses":28,"frp_total":858.5,"frp_max":44.3,"frp_mean":6.05,"area_km2":15.9,"lat":-9.2734,"lon":148.9867,"first_seen":"2026-09-28","last_seen":"2026-10-03","duration_days":6,"status":"receding","trend":-1,"growth_ratio":0.0,"night_frac":0.56,"daily":{"2026-09-28":{"n":11,"frp":41.6},"2026-09-29":{"n":10,"frp":13.3},"2026-09-30":{"n":22,"frp":88.0},"2026-10-01":{"n":21,"frp":297.2},"2026-10-02":{"n":27,"frp":72.3},"2026-10-03":{"n":51,"frp":346.1}}}},{"type":"Feature","id":683,"geometry":{"type":"Polygon","coordinates":[[[144.1733,-15.4638],[144.1825,-15.4626],[144.2093,-15.4581],[144.219,-15.4544],[144.2196,-15.451],[144.218,-15.4473],[144.2163,-15.444],[144.2097,-15.4375],[144.1982,-15.4283],[144.1827,-15.4252],[144.1768,-15.4324],[144.1748,-15.4442],[144.1733,-15.4638]]]},"properties":{"fid":683,"n":92,"fre_gj":7493.9,"fre_daily":{"2026-09-29":3672.1,"2026-09-30":2805.4,"2026-10-01":1016.4},"overpasses":17,"frp_total":789.2,"frp_max":85.5,"frp_mean":8.58,"area_km2":14.6,"lat":-15.4436,"lon":144.1955,"first_seen":"2026-09-29","last_seen":"2026-10-01","duration_days":3,"status":"historic","trend":-1,"growth_ratio":0.0,"night_frac":0.35,"daily":{"2026-09-29":{"n":2,"frp":1.4},"2026-09-30":{"n":57,"frp":530.4},"2026-10-01":{"n":33,"frp":257.4}}}},{"type":"Feature","id":677,"geometry":{"type":"Polygon","coordinates":[[[135.1943,-17.4917],[135.1955,-17.4964],[135.1993,-17.497],[135.2295,-17.4985],[135.2523,-17.4988],[135.2529,-17.4954],[135.224,-17.4759],[135.2153,-17.4717],[135.1943,-17.4917]]]},"properties":{"fid":677,"n":49,"fre_gj":7481.8,"fre_daily":{"2026-09-29":1971.5,"2026-09-30":2394.9,"2026-10-01":2965.7,"2026-10-02":149.8},"overpasses":14,"frp_total":354.4,"frp_max":36.7,"frp_mean":7.23,"area_km2":10.65,"lat":-17.4891,"lon":135.2237,"first_seen":"2026-09-29","last_seen":"2026-10-02","duration_days":4,"status":"historic","trend":-1,"growth_ratio":0.0,"night_frac":0.59,"daily":{"2026-09-29":{"n":21,"frp":21.2},"2026-09-30":{"n":15,"frp":120.5},"2026-10-01":{"n":9,"frp":129.5},"2026-10-02":{"n":4,"frp":83.2}}}},{"type":"Feature","id":559,"geometry":{"type":"Polygon","coordinates":[[[136.2824,-12.1687],[136.284,-12.1726],[136.2848,-12.1738],[136.2896,-12.1747],[136.2979,-12.1714],[136.3037,-12.1611],[136.3071,-12.154],[136.2907,-12.1565],[136.2824,-12.1687]]]},"properties":{"fid":559,"n":57,"fre_gj":7325.8,"fre_daily":{"2026-09-28":100.8,"2026-09-30":574.5,"2026-10-01":4147.1,"2026-10-02":2503.3},"overpasses":16,"frp_total":470.8,"frp_max":28.0,"frp_mean":8.26,"area_km2":3.47,"lat":-12.1646,"lon":136.2943,"first_seen":"2026-09-28","last_seen":"2026-10-02","duration_days":4,"status":"historic","trend":-1,"growth_ratio":0.0,"night_frac":0.25,"daily":{"2026-09-28":{"n":1,"frp":28.0},"2026-09-30":{"n":4,"frp":4.5},"2026-10-01":{"n":14,"frp":72.0},"2026-10-02":{"n":38,"frp":366.3}}}},{"type":"Feature","id":372,"geometry":{"type":"Polygon","coordinates":[[[136.3173,-15.6859],[136.3319,-15.6874],[136.3512,-15.6643],[136.3559,-15.652],[136.3513,-15.6492],[136.3427,-15.6463],[136.3393,-15.6479],[136.326,-15.6582],[136.3173,-15.6859]]]},"properties":{"fid":372,"n":56,"fre_gj":7268.7,"fre_daily":{"2026-09-28":3106.1,"2026-09-29":4121.3,"2026-09-30":41.3},"overpasses":8,"frp_total":801.9,"frp_max":112.7,"frp_mean":14.32,"area_km2":10.27,"lat":-15.6639,"lon":136.3385,"first_seen":"2026-09-28","last_seen":"2026-09-30","duration_days":3,"status":"historic","trend":-1,"growth_ratio":0.0,"night_frac":0.05,"daily":{"2026-09-28":{"n":2,"frp":2.4},"2026-09-29":{"n":51,"frp":784.5},"2026-09-30":{"n":3,"frp":15.0}}}},{"type":"Feature","id":57,"geometry":{"type":"Polygon","coordinates":[[[145.1,-16.4782],[145.1059,-16.4854],[145.153,-16.5243],[145.1522,-16.52],[145.1482,-16.4993],[145.1427,-16.4774],[145.1263,-16.4672],[145.1205,-16.464],[145.1089,-16.4695],[145.1,-16.4782]]]},"properties":{"fid":57,"n":111,"fre_gj":7257.0,"fre_daily":{"2026-09-28":3008.4,"2026-09-29":386.3,"2026-09-30":443.9,"2026-10-01":561.7,"2026-10-02":2482.4,"2026-10-03":374.2},"overpasses":23,"frp_total":621.1,"frp_max":31.1,"frp_mean":5.6,"area_km2":16.54,"lat":-16.4852,"lon":145.1275,"first_seen":"2026-09-28","last_seen":"2026-10-03","duration_days":6,"status":"receding","trend":-1,"growth_ratio":0.0,"night_frac":0.6,"daily":{"2026-09-28":{"n":26,"frp":228.4},"2026-09-29":{"n":11,"frp":64.7},"2026-09-30":{"n":20,"frp":91.7},"2026-10-01":{"n":4,"frp":12.6},"2026-10-02":{"n":16,"frp":126.1},"2026-10-03":{"n":34,"frp":97.6}}}},{"type":"Feature","id":359,"geometry":{"type":"Polygon","coordinates":[[[129.8453,-16.6203],[129.8459,-16.6236],[129.8495,-16.6231],[129.8763,-16.6154],[129.8764,-16.6137],[129.8717,-16.6055],[129.8704,-16.6041],[129.8667,-16.6035],[129.8645,-16.6039],[129.8633,-16.6042],[129.8602,-16.6064],[129.8453,-16.6203]]]},"properties":{"fid":359,"n":41,"fre_gj":7163.7,"fre_daily":{"2026-09-28":5931.3,"2026-09-29":1205.4,"2026-09-30":27.0},"overpasses":11,"frp_total":372.2,"frp_max":155.9,"frp_mean":9.08,"area_km2":3.78,"lat":-16.6118,"lon":129.864,"first_seen":"2026-09-28","last_seen":"2026-09-30","duration_days":3,"status":"historic","trend":-1,"growth_ratio":0.0,"night_frac":0.51,"daily":{"2026-09-28":{"n":8,"frp":14.1},"2026-09-29":{"n":31,"frp":350.6},"2026-09-30":{"n":2,"frp":7.5}}}},{"type":"Feature","id":1215,"geometry":{"type":"Polygon","coordinates":[[[116.1525,-32.0777],[116.1531,-32.0879],[116.154,-32.1017],[116.1543,-32.1042],[116.1556,-32.1132],[116.1603,-32.1183],[116.1624,-32.1202],[116.1879,-32.1406],[116.1914,-32.1376],[116.1927,-32.1361],[116.1918,-32.1151],[116.1885,-32.1094],[116.1827,-32.1003],[116.1525,-32.0777]]]},"properties":{"fid":1215,"n":165,"fre_gj":7103.8,"fre_daily":{"2026-10-03":7103.8},"overpasses":7,"frp_total":2832.4,"frp_max":143.5,"frp_mean":17.17,"area_km2":13.68,"lat":-32.1087,"lon":116.172,"first_seen":"2026-10-03","last_seen":"2026-10-03","duration_days":1,"status":"receding","trend":-1,"growth_ratio":0.0,"night_frac":0.02,"daily":{"2026-10-03":{"n":165,"frp":2832.4}}}},{"type":"Feature","id":503,"geometry":{"type":"Polygon","coordinates":[[[124.6696,-23.5835],[124.6744,-23.5841],[124.7004,-23.5733],[124.7059,-23.5693],[124.6979,-23.5547],[124.6841,-23.56],[124.6791,-23.5661],[124.6771,-23.5687],[124.6702,-23.579],[124.6696,-23.5835]]]},"properties":{"fid":503,"n":39,"fre_gj":7095.9,"fre_daily":{"2026-09-28":7050.7,"2026-09-29":45.1},"overpasses":5,"frp_total":384.2,"frp_max":41.2,"frp_mean":9.85,"area_km2":6.15,"lat":-23.5695,"lon":124.685,"first_seen":"2026-09-28","last_seen":"2026-09-29","duration_days":2,"status":"historic","trend":-1,"growth_ratio":0.0,"night_frac":0.9,"daily":{"2026-09-28":{"n":35,"frp":360.4},"2026-09-29":{"n":4,"frp":23.8}}}},{"type":"Feature","id":217,"geometry":{"type":"Polygon","coordinates":[[[127.517,-20.8959],[127.5718,-20.917],[127.5744,-20.9059],[127.5711,-20.8849],[127.5617,-20.8828],[127.5269,-20.8837],[127.523,-20.8844],[127.517,-20.8959]]]},"properties":{"fid":217,"n":82,"fre_gj":7033.5,"fre_daily":{"2026-09-28":5337.9,"2026-09-29":1695.6},"overpasses":11,"frp_total":1662.6,"frp_max":149.3,"frp_mean":20.28,"area_km2":14.43,"lat":-20.8958,"lon":127.5519,"first_seen":"2026-09-28","last_seen":"2026-09-29","duration_days":2,"status":"historic","trend":-1,"growth_ratio":0.0,"night_frac":0.22,"daily":{"2026-09-28":{"n":61,"frp":1511.0},"2026-09-29":{"n":21,"frp":151.6}}}},{"type":"Feature","id":1195,"geometry":{"type":"Polygon","coordinates":[[[142.2946,-12.3884],[142.2957,-12.4093],[142.3131,-12.4198],[142.3161,-12.4139],[142.3158,-12.4093],[142.3137,-12.3912],[142.3094,-12.3861],[142.2977,-12.3825],[142.2947,-12.3879],[142.2946,-12.3884]]]},"properties":{"fid":1195,"n":36,"fre_gj":7001.9,"fre_daily":{"2026-10-03":6518.2,"2026-10-04":483.7},"overpasses":4,"frp_total":317.5,"frp_max":18.2,"frp_mean":8.82,"area_km2":6.93,"lat":-12.3972,"lon":142.3076,"first_seen":"2026-10-03","last_seen":"2026-10-04","duration_days":2,"status":"active","trend":1,"growth_ratio":2.27,"night_frac":0.22,"daily":{"2026-10-03":{"n":11,"frp":48.8},"2026-10-04":{"n":25,"frp":268.7}}}},{"type":"Feature","id":139,"geometry":{"type":"Polygon","coordinates":[[[149.0159,-9.344],[149.0205,-9.3533],[149.0309,-9.365],[149.0571,-9.3794],[149.066,-9.3833],[149.0809,-9.3748],[149.098,-9.3603],[149.0991,-9.356],[149.1054,-9.3139],[149.0812,-9.3077],[149.0159,-9.344]]]},"properties":{"fid":139,"n":143,"fre_gj":6999.9,"fre_daily":{"2026-09-28":27.4,"2026-09-29":628.0,"2026-09-30":815.0,"2026-10-01":763.1,"2026-10-02":2284.1,"2026-10-03":2408.9,"2026-10-04":73.4},"overpasses":28,"frp_total":713.8,"frp_max":20.1,"frp_mean":4.99,"area_km2":50.07,"lat":-9.3502,"lon":149.0628,"first_seen":"2026-09-28","last_seen":"2026-10-04","duration_days":7,"status":"active","trend":-1,"growth_ratio":0.26,"night_frac":0.24,"daily":{"2026-09-28":{"n":3,"frp":9.5},"2026-09-29":{"n":20,"frp":116.2},"2026-09-30":{"n":15,"frp":68.2},"2026-10-01":{"n":30,"frp":124.1},"2026-10-02":{"n":19,"frp":84.3},"2026-10-03":{"n":50,"frp":270.7},"2026-10-04":{"n":6,"frp":40.8}}}},{"type":"Feature","id":1100,"geometry":{"type":"Polygon","coordinates":[[[147.179,-19.9307],[147.1854,-19.9453],[147.1946,-19.9504],[147.201,-19.9499],[147.2073,-19.9488],[147.217,-19.9463],[147.2226,-19.9411],[147.223,-19.9384],[147.2155,-19.9247],[147.1942,-19.9263],[147.1833,-19.928],[147.179,-19.9307]]]},"properties":{"fid":1100,"n":97,"fre_gj":6933.1,"fre_daily":{"2026-10-02":4137.9,"2026-10-03":2795.2},"overpasses":13,"frp_total":1334.9,"frp_max":155.4,"frp_mean":13.76,"area_km2":9.66,"lat":-19.9372,"lon":147.2032,"first_seen":"2026-10-02","last_seen":"2026-10-03","duration_days":2,"status":"receding","trend":-1,"growth_ratio":0.0,"night_frac":0.37,"daily":{"2026-10-02":{"n":57,"frp":902.9},"2026-10-03":{"n":40,"frp":432.0}}}},{"type":"Feature","id":658,"geometry":{"type":"Polygon","coordinates":[[[148.1743,-30.9275],[148.1769,-30.9341],[148.1817,-30.9378],[148.1942,-30.9359],[148.1973,-30.933],[148.1981,-30.9296],[148.1972,-30.9265],[148.194,-30.9224],[148.181,-30.923],[148.1771,-30.9239],[148.1743,-30.9275]]]},"properties":{"fid":658,"n":76,"fre_gj":6698.6,"fre_daily":{"2026-09-29":4821.2,"2026-09-30":1877.4},"overpasses":14,"frp_total":725.2,"frp_max":87.5,"frp_mean":9.54,"area_km2":2.99,"lat":-30.9301,"lon":148.1873,"first_seen":"2026-09-29","last_seen":"2026-09-30","duration_days":2,"status":"historic","trend":-1,"growth_ratio":0.0,"night_frac":0.96,"daily":{"2026-09-29":{"n":43,"frp":405.9},"2026-09-30":{"n":33,"frp":319.3}}}},{"type":"Feature","id":234,"geometry":{"type":"Polygon","coordinates":[[[126.8693,-20.3999],[126.884,-20.4037],[126.8972,-20.4008],[126.9122,-20.3916],[126.9028,-20.3846],[126.895,-20.3789],[126.879,-20.3795],[126.8693,-20.3999]]]},"properties":{"fid":234,"n":52,"fre_gj":6505.7,"fre_daily":{"2026-09-28":1562.3,"2026-09-29":4685.4,"2026-09-30":258.0},"overpasses":18,"frp_total":1248.9,"frp_max":254.7,"frp_mean":24.02,"area_km2":7.92,"lat":-20.3896,"lon":126.8893,"first_seen":"2026-09-28","last_seen":"2026-09-30","duration_days":3,"status":"historic","trend":-1,"growth_ratio":0.0,"night_frac":0.25,"daily":{"2026-09-28":{"n":25,"frp":226.9},"2026-09-29":{"n":22,"frp":939.4},"2026-09-30":{"n":5,"frp":82.6}}}},{"type":"Feature","id":1221,"geometry":{"type":"Polygon","coordinates":[[[130.3753,-13.5913],[130.3801,-13.6206],[130.3839,-13.623],[130.3855,-13.6237],[130.3891,-13.6242],[130.4034,-13.6131],[130.4008,-13.6017],[130.3942,-13.5979],[130.3753,-13.5913]]]},"properties":{"fid":1221,"n":48,"fre_gj":6432.2,"fre_daily":{"2026-10-03":6432.2},"overpasses":7,"frp_total":570.6,"frp_max":95.6,"frp_mean":11.89,"area_km2":7.01,"lat":-13.6111,"lon":130.389,"first_seen":"2026-10-03","last_seen":"2026-10-03","duration_days":1,"status":"receding","trend":-1,"growth_ratio":0.0,"night_frac":0.81,"daily":{"2026-10-03":{"n":48,"frp":570.6}}}},{"type":"Feature","id":1125,"geometry":{"type":"Polygon","coordinates":[[[115.5122,-33.8529],[115.5162,-33.872],[115.5211,-33.8819],[115.5332,-33.8874],[115.5864,-33.8547],[115.5864,-33.8443],[115.568,-33.8204],[115.5308,-33.8143],[115.5255,-33.8157],[115.5203,-33.8171],[115.5176,-33.8243],[115.5122,-33.8529]]]},"properties":{"fid":1125,"n":115,"fre_gj":6426.6,"fre_daily":{"2026-10-02":15.8,"2026-10-03":6410.8},"overpasses":6,"frp_total":1858.8,"frp_max":136.7,"frp_mean":16.16,"area_km2":38.45,"lat":-33.8471,"lon":115.5399,"first_seen":"2026-10-02","last_seen":"2026-10-03","duration_days":2,"status":"receding","trend":-1,"growth_ratio":0.0,"night_frac":0.0,"daily":{"2026-10-02":{"n":2,"frp":4.4},"2026-10-03":{"n":113,"frp":1854.4}}}},{"type":"Feature","id":63,"geometry":{"type":"Polygon","coordinates":[[[136.6567,-14.0609],[136.6571,-14.0666],[136.6577,-14.07],[136.6833,-14.0776],[136.6978,-14.078],[136.6991,-14.0711],[136.6996,-14.0641],[136.6964,-14.0629],[136.6661,-14.0536],[136.6571,-14.0583],[136.6567,-14.0609]]]},"properties":{"fid":63,"n":78,"fre_gj":6378.4,"fre_daily":{"2026-09-28":3839.2,"2026-09-29":102.3,"2026-09-30":5.9,"2026-10-02":836.9,"2026-10-03":1594.0},"overpasses":16,"frp_total":522.3,"frp_max":69.0,"frp_mean":6.7,"area_km2":8.58,"lat":-14.068,"lon":136.6842,"first_seen":"2026-09-28","last_seen":"2026-10-03","duration_days":5,"status":"receding","trend":-1,"growth_ratio":0.0,"night_frac":0.45,"daily":{"2026-09-28":{"n":57,"frp":389.9},"2026-09-29":{"n":1,"frp":1.4},"2026-09-30":{"n":1,"frp":3.3},"2026-10-02":{"n":6,"frp":23.8},"2026-10-03":{"n":13,"frp":103.9}}}},{"type":"Feature","id":813,"geometry":{"type":"Polygon","coordinates":[[[149.6254,-26.306],[149.6308,-26.3111],[149.6516,-26.3139],[149.6523,-26.3105],[149.6449,-26.3008],[149.6383,-26.299],[149.6366,-26.2996],[149.6254,-26.306]]]},"properties":{"fid":813,"n":67,"fre_gj":6366.1,"fre_daily":{"2026-09-30":5510.0,"2026-10-01":856.1},"overpasses":16,"frp_total":582.9,"frp_max":163.9,"frp_mean":8.7,"area_km2":2.69,"lat":-26.3065,"lon":149.6403,"first_seen":"2026-09-30","last_seen":"2026-10-01","duration_days":2,"status":"historic","trend":-1,"growth_ratio":0.0,"night_frac":0.87,"daily":{"2026-09-30":{"n":54,"frp":454.2},"2026-10-01":{"n":13,"frp":128.7}}}},{"type":"Feature","id":692,"geometry":{"type":"Polygon","coordinates":[[[131.1656,-23.2313],[131.1782,-23.241],[131.1826,-23.2428],[131.1864,-23.2353],[131.1873,-23.2322],[131.1856,-23.2259],[131.18,-23.2247],[131.1663,-23.2249],[131.1656,-23.2313]]]},"properties":{"fid":692,"n":24,"fre_gj":6253.3,"fre_daily":{"2026-09-29":6253.3},"overpasses":6,"frp_total":658.6,"frp_max":52.4,"frp_mean":27.44,"area_km2":3.03,"lat":-23.2308,"lon":131.1781,"first_seen":"2026-09-29","last_seen":"2026-09-29","duration_days":1,"status":"historic","trend":-1,"growth_ratio":0.0,"night_frac":0.25,"daily":{"2026-09-29":{"n":24,"frp":658.6}}}},{"type":"Feature","id":1015,"geometry":{"type":"Polygon","coordinates":[[[149.1097,-27.3762],[149.1159,-27.3799],[149.1274,-27.3852],[149.1467,-27.3867],[149.1532,-27.3823],[149.1576,-27.3754],[149.1538,-27.3696],[149.1375,-27.3678],[149.1097,-27.3762]]]},"properties":{"fid":1015,"n":107,"fre_gj":6250.0,"fre_daily":{"2026-10-01":1405.5,"2026-10-02":4844.5},"overpasses":12,"frp_total":1034.5,"frp_max":127.4,"frp_mean":9.67,"area_km2":6.46,"lat":-27.3766,"lon":149.1387,"first_seen":"2026-10-01","last_seen":"2026-10-02","duration_days":2,"status":"historic","trend":-1,"growth_ratio":0.0,"night_frac":0.99,"daily":{"2026-10-01":{"n":30,"frp":227.9},"2026-10-02":{"n":77,"frp":806.6}}}},{"type":"Feature","id":964,"geometry":{"type":"Polygon","coordinates":[[[150.8833,-24.7895],[150.8908,-24.7946],[150.8947,-24.797],[150.9045,-24.7956],[150.903,-24.7867],[150.8987,-24.7833],[150.8913,-24.7826],[150.888,-24.7832],[150.8833,-24.7895]]]},"properties":{"fid":964,"n":63,"fre_gj":6103.1,"fre_daily":{"2026-10-01":5548.9,"2026-10-02":554.2},"overpasses":12,"frp_total":453.9,"frp_max":118.9,"frp_mean":7.2,"area_km2":2.37,"lat":-24.7887,"lon":150.8938,"first_seen":"2026-10-01","last_seen":"2026-10-02","duration_days":2,"status":"historic","trend":-1,"growth_ratio":0.0,"night_frac":0.76,"daily":{"2026-10-01":{"n":49,"frp":414.2},"2026-10-02":{"n":14,"frp":39.7}}}},{"type":"Feature","id":615,"geometry":{"type":"Polygon","coordinates":[[[133.1814,-14.4311],[133.182,-14.4346],[133.1886,-14.4359],[133.2143,-14.4396],[133.2204,-14.439],[133.2368,-14.43],[133.2272,-14.4205],[133.2157,-14.4129],[133.2008,-14.4144],[133.1978,-14.4149],[133.1829,-14.4255],[133.1814,-14.4311]]]},"properties":{"fid":615,"n":74,"fre_gj":6059.6,"fre_daily":{"2026-09-29":3111.7,"2026-09-30":2862.2,"2026-10-01":18.0,"2026-10-02":67.7},"overpasses":15,"frp_total":467.1,"frp_max":22.2,"frp_mean":6.31,"area_km2":11.95,"lat":-14.4254,"lon":133.2049,"first_seen":"2026-09-29","last_seen":"2026-10-02","duration_days":4,"status":"historic","trend":-1,"growth_ratio":0.0,"night_frac":0.49,"daily":{"2026-09-29":{"n":22,"frp":99.9},"2026-09-30":{"n":48,"frp":338.4},"2026-10-01":{"n":2,"frp":10.0},"2026-10-02":{"n":2,"frp":18.8}}}},{"type":"Feature","id":177,"geometry":{"type":"Polygon","coordinates":[[[141.5267,-9.0936],[141.5347,-9.0992],[141.5445,-9.1005],[141.5513,-9.1011],[141.5593,-9.0955],[141.5588,-9.0922],[141.558,-9.0902],[141.5535,-9.0868],[141.5467,-9.0877],[141.5267,-9.0936]]]},"properties":{"fid":177,"n":65,"fre_gj":5847.4,"fre_daily":{"2026-09-28":1758.9,"2026-09-29":3210.6,"2026-09-30":209.2,"2026-10-02":638.9,"2026-10-03":13.6,"2026-10-04":16.1},"overpasses":16,"frp_total":496.4,"frp_max":91.0,"frp_mean":7.64,"area_km2":3.61,"lat":-9.0948,"lon":141.5486,"first_seen":"2026-09-28","last_seen":"2026-10-04","duration_days":6,"status":"active","trend":-1,"growth_ratio":0.08,"night_frac":0.17,"daily":{"2026-09-28":{"n":25,"frp":178.6},"2026-09-29":{"n":30,"frp":257.3},"2026-09-30":{"n":4,"frp":29.2},"2026-10-02":{"n":4,"frp":19.3},"2026-10-03":{"n":1,"frp":7.5},"2026-10-04":{"n":1,"frp":4.5}}}},{"type":"Feature","id":1253,"geometry":{"type":"Polygon","coordinates":[[[131.8462,-13.0657],[131.8467,-13.0883],[131.8599,-13.128],[131.8706,-13.1294],[131.8739,-13.1178],[131.875,-13.1112],[131.8739,-13.0998],[131.8735,-13.0974],[131.8671,-13.0805],[131.8545,-13.0645],[131.8499,-13.0615],[131.8462,-13.0657]]]},"properties":{"fid":1253,"n":72,"fre_gj":5770.0,"fre_daily":{"2026-10-03":5770.0},"overpasses":7,"frp_total":462.8,"frp_max":47.8,"frp_mean":6.43,"area_km2":14.55,"lat":-13.1021,"lon":131.8642,"first_seen":"2026-10-03","last_seen":"2026-10-03","duration_days":1,"status":"receding","trend":-1,"growth_ratio":0.0,"night_frac":0.85,"daily":{"2026-10-03":{"n":72,"frp":462.8}}}},{"type":"Feature","id":1035,"geometry":{"type":"Polygon","coordinates":[[[127.3879,-20.7209],[127.3994,-20.719],[127.4,-20.7143],[127.3969,-20.7046],[127.391,-20.7039],[127.3879,-20.7209]]]},"properties":{"fid":1035,"n":6,"fre_gj":5750.4,"fre_daily":{"2026-10-01":5743.0,"2026-10-02":7.4},"overpasses":3,"frp_total":457.4,"frp_max":232.1,"frp_mean":76.23,"area_km2":1.69,"lat":-20.7136,"lon":127.3947,"first_seen":"2026-10-01","last_seen":"2026-10-02","duration_days":2,"status":"historic","trend":-1,"growth_ratio":0.0,"night_frac":0.83,"daily":{"2026-10-01":{"n":5,"frp":453.3},"2026-10-02":{"n":1,"frp":4.1}}}},{"type":"Feature","id":899,"geometry":{"type":"Polygon","coordinates":[[[136.3878,-15.742],[136.3892,-15.7733],[136.4101,-15.7748],[136.4267,-15.7674],[136.4819,-15.7278],[136.4719,-15.7091],[136.4239,-15.7102],[136.4193,-15.711],[136.3972,-15.7319],[136.3894,-15.7398],[136.3878,-15.742]]]},"properties":{"fid":899,"n":116,"fre_gj":5706.5,"fre_daily":{"2026-09-30":1679.9,"2026-10-01":3571.4,"2026-10-02":399.5,"2026-10-03":55.7},"overpasses":12,"frp_total":793.5,"frp_max":16.9,"frp_mean":6.84,"area_km2":46.45,"lat":-15.7398,"lon":136.4332,"first_seen":"2026-09-30","last_seen":"2026-10-03","duration_days":4,"status":"receding","trend":-1,"growth_ratio":0.0,"night_frac":0.06,"daily":{"2026-09-30":{"n":26,"frp":234.3},"2026-10-01":{"n":83,"frp":524.3},"2026-10-02":{"n":3,"frp":10.6},"2026-10-03":{"n":4,"frp":24.4}}}},{"type":"Feature","id":40,"geometry":{"type":"Polygon","coordinates":[[[148.7607,-27.7955],[148.7687,-27.8002],[148.7742,-27.8016],[148.7804,-27.7993],[148.7897,-27.7957],[148.7922,-27.7924],[148.7903,-27.7914],[148.7842,-27.7906],[148.7797,-27.791],[148.7607,-27.7955]]]},"properties":{"fid":40,"n":74,"fre_gj":5517.2,"fre_daily":{"2026-09-28":1314.8,"2026-09-29":1710.3,"2026-09-30":2100.5,"2026-10-01":391.7},"overpasses":26,"frp_total":534.2,"frp_max":39.8,"frp_mean":7.22,"area_km2":2.09,"lat":-27.7956,"lon":148.7786,"first_seen":"2026-09-28","last_seen":"2026-10-01","duration_days":4,"status":"historic","trend":-1,"growth_ratio":0.0,"night_frac":0.53,"daily":{"2026-09-28":{"n":16,"frp":143.8},"2026-09-29":{"n":11,"frp":45.1},"2026-09-30":{"n":42,"frp":331.1},"2026-10-01":{"n":5,"frp":14.2}}}},{"type":"Feature","id":391,"geometry":{"type":"Polygon","coordinates":[[[131.3559,-12.7173],[131.367,-12.7277],[131.3966,-12.7533],[131.4002,-12.7539],[131.4148,-12.7314],[131.4167,-12.7259],[131.4176,-12.7202],[131.398,-12.7178],[131.3861,-12.7173],[131.3608,-12.7168],[131.3559,-12.7173]]]},"properties":{"fid":391,"n":52,"fre_gj":5517.2,"fre_daily":{"2026-09-28":3654.2,"2026-09-29":1799.3,"2026-09-30":63.8},"overpasses":10,"frp_total":290.5,"frp_max":52.1,"frp_mean":5.59,"area_km2":14.93,"lat":-12.7334,"lon":131.3987,"first_seen":"2026-09-28","last_seen":"2026-09-30","duration_days":3,"status":"historic","trend":-1,"growth_ratio":0.0,"night_frac":0.71,"daily":{"2026-09-28":{"n":47,"frp":269.5},"2026-09-29":{"n":3,"frp":5.6},"2026-09-30":{"n":2,"frp":15.4}}}},{"type":"Feature","id":175,"geometry":{"type":"Polygon","coordinates":[[[141.2702,-9.1004],[141.2734,-9.1048],[141.325,-9.1112],[141.3238,-9.0981],[141.3213,-9.0877],[141.3016,-9.0841],[141.2981,-9.0846],[141.2728,-9.0885],[141.2702,-9.1004]]]},"properties":{"fid":175,"n":69,"fre_gj":5498.6,"fre_daily":{"2026-09-28":265.1,"2026-09-29":95.2,"2026-09-30":27.4,"2026-10-02":5009.5,"2026-10-03":87.3,"2026-10-04":14.1},"overpasses":12,"frp_total":1794.3,"frp_max":165.4,"frp_mean":26.0,"area_km2":13.62,"lat":-9.098,"lon":141.2977,"first_seen":"2026-09-28","last_seen":"2026-10-04","duration_days":6,"status":"active","trend":-1,"growth_ratio":0.07,"night_frac":0.0,"daily":{"2026-09-28":{"n":14,"frp":104.3},"2026-09-29":{"n":9,"frp":38.7},"2026-09-30":{"n":1,"frp":7.6},"2026-10-02":{"n":40,"frp":1615.5},"2026-10-03":{"n":4,"frp":24.2},"2026-10-04":{"n":1,"frp":3.9}}}},{"type":"Feature","id":259,"geometry":{"type":"Polygon","coordinates":[[[135.5713,-15.0946],[135.5725,-15.0973],[135.581,-15.1072],[135.5979,-15.1143],[135.6279,-15.1006],[135.63,-15.0958],[135.6331,-15.0828],[135.6331,-15.0779],[135.632,-15.0762],[135.6279,-15.0734],[135.623,-15.0703],[135.5906,-15.0689],[135.5713,-15.0946]]]},"properties":{"fid":259,"n":111,"fre_gj":5400.3,"fre_daily":{"2026-09-28":88.9,"2026-09-29":1594.3,"2026-09-30":1639.1,"2026-10-01":12.6,"2026-10-02":1241.3,"2026-10-03":824.1},"overpasses":20,"frp_total":841.1,"frp_max":34.2,"frp_mean":7.58,"area_km2":23.61,"lat":-15.0876,"lon":135.6089,"first_seen":"2026-09-28","last_seen":"2026-10-03","duration_days":6,"status":"receding","trend":-1,"growth_ratio":0.0,"night_frac":0.05,"daily":{"2026-09-28":{"n":5,"frp":28.5},"2026-09-29":{"n":7,"frp":31.9},"2026-09-30":{"n":25,"frp":277.3},"2026-10-01":{"n":1,"frp":3.5},"2026-10-02":{"n":51,"frp":345.6},"2026-10-03":{"n":22,"frp":154.3}}}},{"type":"Feature","id":1194,"geometry":{"type":"Polygon","coordinates":[[[135.4365,-12.9276],[135.4428,-12.9318],[135.4554,-12.9276],[135.4549,-12.9243],[135.4525,-12.9221],[135.441,-12.9156],[135.4365,-12.9184],[135.4365,-12.9276]]]},"properties":{"fid":1194,"n":23,"fre_gj":5351.8,"fre_daily":{"2026-10-03":5351.8},"overpasses":4,"frp_total":683.9,"frp_max":93.6,"frp_mean":29.74,"area_km2":2.39,"lat":-12.924,"lon":135.4467,"first_seen":"2026-10-03","last_seen":"2026-10-03","duration_days":1,"status":"receding","trend":-1,"growth_ratio":0.0,"night_frac":0.13,"daily":{"2026-10-03":{"n":23,"frp":683.9}}}},{"type":"Feature","id":956,"geometry":{"type":"Polygon","coordinates":[[[152.4913,-26.4822],[152.4968,-26.4862],[152.519,-26.5016],[152.5224,-26.4903],[152.5252,-26.467],[152.5163,-26.455],[152.507,-26.4547],[152.5059,-26.4564],[152.495,-26.4756],[152.4913,-26.4822]]]},"properties":{"fid":956,"n":96,"fre_gj":5216.8,"fre_daily":{"2026-10-01":2021.7,"2026-10-02":2118.2,"2026-10-03":1076.9},"overpasses":21,"frp_total":570.9,"frp_max":44.5,"frp_mean":5.95,"area_km2":10.67,"lat":-26.4746,"lon":152.5114,"first_seen":"2026-10-01","last_seen":"2026-10-03","duration_days":3,"status":"receding","trend":-1,"growth_ratio":0.0,"night_frac":0.48,"daily":{"2026-10-01":{"n":25,"frp":187.3},"2026-10-02":{"n":61,"frp":297.7},"2026-10-03":{"n":10,"frp":85.9}}}},{"type":"Feature","id":1265,"geometry":{"type":"Polygon","coordinates":[[[134.6618,-15.0017],[134.6779,-15.0159],[134.6796,-15.0038],[134.6808,-14.9879],[134.669,-14.9899],[134.6618,-15.0017]]]},"properties":{"fid":1265,"n":8,"fre_gj":5198.6,"fre_daily":{"2026-10-03":5198.6},"overpasses":3,"frp_total":323.4,"frp_max":129.7,"frp_mean":40.43,"area_km2":3.74,"lat":-14.9993,"lon":134.6734,"first_seen":"2026-10-03","last_seen":"2026-10-03","duration_days":1,"status":"receding","trend":-1,"growth_ratio":0.0,"night_frac":0.38,"daily":{"2026-10-03":{"n":8,"frp":323.4}}}},{"type":"Feature","id":1184,"geometry":{"type":"Polygon","coordinates":[[[152.162,-27.4394],[152.163,-27.442],[152.1698,-27.4491],[152.1886,-27.4472],[152.1877,-27.4372],[152.1806,-27.4327],[152.1786,-27.4327],[152.1701,-27.4347],[152.1656,-27.436],[152.162,-27.4394]]]},"properties":{"fid":1184,"n":47,"fre_gj":5146.2,"fre_daily":{"2026-10-03":5146.2},"overpasses":7,"frp_total":469.3,"frp_max":116.6,"frp_mean":9.98,"area_km2":3.53,"lat":-27.4411,"lon":152.1768,"first_seen":"2026-10-03","last_seen":"2026-10-03","duration_days":1,"status":"receding","trend":-1,"growth_ratio":0.0,"night_frac":0.79,"daily":{"2026-10-03":{"n":47,"frp":469.3}}}},{"type":"Feature","id":828,"geometry":{"type":"Polygon","coordinates":[[[136.3798,-12.8713],[136.398,-12.8878],[136.4162,-12.8851],[136.4168,-12.8807],[136.415,-12.8743],[136.4013,-12.8602],[136.3936,-12.8606],[136.3898,-12.8612],[136.3878,-12.8618],[136.3798,-12.8713]]]},"properties":{"fid":828,"n":98,"fre_gj":5040.4,"fre_daily":{"2026-09-30":2424.0,"2026-10-02":1080.0,"2026-10-03":1536.5},"overpasses":11,"frp_total":1702.1,"frp_max":141.2,"frp_mean":17.37,"area_km2":7.9,"lat":-12.8737,"lon":136.4009,"first_seen":"2026-09-30","last_seen":"2026-10-03","duration_days":3,"status":"receding","trend":-1,"growth_ratio":0.0,"night_frac":0.0,"daily":{"2026-09-30":{"n":29,"frp":796.2},"2026-10-02":{"n":35,"frp":402.5},"2026-10-03":{"n":34,"frp":503.4}}}},{"type":"Feature","id":768,"geometry":{"type":"Polygon","coordinates":[[[134.7891,-17.3404],[134.7904,-17.3464],[134.7917,-17.3523],[134.7972,-17.3529],[134.8018,-17.3518],[134.8151,-17.3286],[134.8105,-17.3296],[134.7891,-17.3404]]]},"properties":{"fid":768,"n":17,"fre_gj":5018.4,"fre_daily":{"2026-09-29":5018.4},"overpasses":1,"frp_total":1394.0,"frp_max":175.7,"frp_mean":82.0,"area_km2":3.55,"lat":-17.3441,"lon":134.7982,"first_seen":"2026-09-29","last_seen":"2026-09-29","duration_days":1,"status":"historic","trend":-1,"growth_ratio":0.0,"night_frac":0.0,"daily":{"2026-09-29":{"n":17,"frp":1394.0}}}},{"type":"Feature","id":1140,"geometry":{"type":"Polygon","coordinates":[[[148.5746,-9.8313],[148.5751,-9.8324],[148.5773,-9.8346],[148.585,-9.8336],[148.5948,-9.832],[148.594,-9.8177],[148.5929,-9.8168],[148.5879,-9.8143],[148.5806,-9.8195],[148.5777,-9.822],[148.5746,-9.8313]]]},"properties":{"fid":1140,"n":50,"fre_gj":5017.0,"fre_daily":{"2026-10-02":1797.6,"2026-10-03":3150.8,"2026-10-04":68.7},"overpasses":10,"frp_total":370.9,"frp_max":47.0,"frp_mean":7.42,"area_km2":3.53,"lat":-9.8253,"lon":148.5863,"first_seen":"2026-10-02","last_seen":"2026-10-04","duration_days":3,"status":"active","trend":-1,"growth_ratio":0.22,"night_frac":0.58,"daily":{"2026-10-02":{"n":22,"frp":99.9},"2026-10-03":{"n":23,"frp":232.9},"2026-10-04":{"n":5,"frp":38.2}}}},{"type":"Feature","id":1269,"geometry":{"type":"Polygon","coordinates":[[[147.1948,-22.3493],[147.214,-22.3549],[147.2087,-22.3461],[147.1948,-22.3493]]]},"properties":{"fid":1269,"n":3,"fre_gj":4967.8,"fre_daily":{"2026-10-03":4967.8},"overpasses":2,"frp_total":250.9,"frp_max":161.7,"frp_mean":83.63,"area_km2":0.79,"lat":-22.3501,"lon":147.2058,"first_seen":"2026-10-03","last_seen":"2026-10-03","duration_days":1,"status":"receding","trend":-1,"growth_ratio":0.0,"night_frac":0.33,"daily":{"2026-10-03":{"n":3,"frp":250.9}}}},{"type":"Feature","id":1026,"geometry":{"type":"Polygon","coordinates":[[[144.9826,-15.2854],[144.9993,-15.2932],[145.0041,-15.2878],[145.0008,-15.2835],[144.9903,-15.282],[144.9826,-15.2854]]]},"properties":{"fid":1026,"n":27,"fre_gj":4919.7,"fre_daily":{"2026-10-01":405.4,"2026-10-02":1820.9,"2026-10-03":2539.6,"2026-10-04":153.7},"overpasses":10,"frp_total":203.0,"frp_max":20.1,"frp_mean":7.52,"area_km2":1.54,"lat":-15.2866,"lon":144.996,"first_seen":"2026-10-01","last_seen":"2026-10-04","duration_days":4,"status":"active","trend":0,"growth_ratio":1.05,"night_frac":0.33,"daily":{"2026-10-01":{"n":2,"frp":1.7},"2026-10-02":{"n":7,"frp":21.3},"2026-10-03":{"n":11,"frp":94.6},"2026-10-04":{"n":7,"frp":85.4}}}},{"type":"Feature","id":68,"geometry":{"type":"Polygon","coordinates":[[[143.1609,-13.5764],[143.1615,-13.5798],[143.1633,-13.5851],[143.175,-13.604],[143.1782,-13.5993],[143.1772,-13.5916],[143.1728,-13.5744],[143.1698,-13.5705],[143.1609,-13.5764]]]},"properties":{"fid":68,"n":65,"fre_gj":4829.9,"fre_daily":{"2026-09-28":1080.4,"2026-09-29":3.2,"2026-09-30":400.1,"2026-10-01":532.8,"2026-10-02":1875.8,"2026-10-03":921.6,"2026-10-04":16.0},"overpasses":26,"frp_total":322.4,"frp_max":22.8,"frp_mean":4.96,"area_km2":3.53,"lat":-13.5851,"lon":143.1697,"first_seen":"2026-09-28","last_seen":"2026-10-04","duration_days":7,"status":"active","trend":-1,"growth_ratio":0.09,"night_frac":0.4,"daily":{"2026-09-28":{"n":15,"frp":117.5},"2026-09-29":{"n":1,"frp":0.9},"2026-09-30":{"n":2,"frp":9.9},"2026-10-01":{"n":15,"frp":52.3},"2026-10-02":{"n":11,"frp":22.8},"2026-10-03":{"n":20,"frp":110.2},"2026-10-04":{"n":1,"frp":8.9}}}},{"type":"Feature","id":176,"geometry":{"type":"Polygon","coordinates":[[[142.0679,-9.0996],[142.0905,-9.1021],[142.1035,-9.0813],[142.0821,-9.0786],[142.077,-9.0794],[142.0725,-9.084],[142.0707,-9.0859],[142.0679,-9.0996]]]},"properties":{"fid":176,"n":46,"fre_gj":4691.1,"fre_daily":{"2026-09-28":2189.9,"2026-09-29":2473.1,"2026-10-02":28.1},"overpasses":10,"frp_total":446.5,"frp_max":25.6,"frp_mean":9.71,"area_km2":7.02,"lat":-9.0867,"lon":142.0854,"first_seen":"2026-09-28","last_seen":"2026-10-02","duration_days":3,"status":"historic","trend":-1,"growth_ratio":0.0,"night_frac":0.11,"daily":{"2026-09-28":{"n":4,"frp":14.3},"2026-09-29":{"n":40,"frp":424.4},"2026-10-02":{"n":2,"frp":7.8}}}},{"type":"Feature","id":485,"geometry":{"type":"Polygon","coordinates":[[[134.9155,-17.5545],[134.9194,-17.5571],[134.9235,-17.5507],[134.9165,-17.544],[134.9155,-17.5545]]]},"properties":{"fid":485,"n":5,"fre_gj":4632.9,"fre_daily":{"2026-09-28":4632.9},"overpasses":3,"frp_total":338.5,"frp_max":323.9,"frp_mean":67.7,"area_km2":0.68,"lat":-17.5523,"lon":134.9188,"first_seen":"2026-09-28","last_seen":"2026-09-28","duration_days":1,"status":"historic","trend":-1,"growth_ratio":0.0,"night_frac":0.8,"daily":{"2026-09-28":{"n":5,"frp":338.5}}}},{"type":"Feature","id":883,"geometry":{"type":"Polygon","coordinates":[[[138.3079,-18.7965],[138.3155,-18.8014],[138.3304,-18.8081],[138.3378,-18.8103],[138.3415,-18.8077],[138.3447,-18.8022],[138.3459,-18.7831],[138.3441,-18.7753],[138.3239,-18.7759],[138.3208,-18.7798],[138.3079,-18.7965]]]},"properties":{"fid":883,"n":65,"fre_gj":4624.0,"fre_daily":{"2026-09-30":359.5,"2026-10-01":2384.1,"2026-10-02":1880.4},"overpasses":18,"frp_total":434.7,"frp_max":47.4,"frp_mean":6.69,"area_km2":10.76,"lat":-18.7914,"lon":138.3346,"first_seen":"2026-09-30","last_seen":"2026-10-02","duration_days":3,"status":"historic","trend":-1,"growth_ratio":0.0,"night_frac":0.52,"daily":{"2026-09-30":{"n":9,"frp":35.7},"2026-10-01":{"n":40,"frp":263.9},"2026-10-02":{"n":16,"frp":135.1}}}},{"type":"Feature","id":461,"geometry":{"type":"Polygon","coordinates":[[[123.8764,-9.9109],[123.8809,-9.9168],[123.8823,-9.9177],[123.8858,-9.9172],[123.8984,-9.911],[123.8968,-9.9075],[123.8904,-9.9076],[123.8821,-9.9088],[123.8764,-9.9109]]]},"properties":{"fid":461,"n":30,"fre_gj":4592.9,"fre_daily":{"2026-09-28":300.6,"2026-09-29":2488.8,"2026-09-30":1269.8,"2026-10-01":533.7},"overpasses":14,"frp_total":305.5,"frp_max":80.0,"frp_mean":10.18,"area_km2":1.67,"lat":-9.9121,"lon":123.8859,"first_seen":"2026-09-28","last_seen":"2026-10-01","duration_days":4,"status":"historic","trend":-1,"growth_ratio":0.0,"night_frac":0.53,"daily":{"2026-09-28":{"n":4,"frp":83.5},"2026-09-29":{"n":2,"frp":2.6},"2026-09-30":{"n":14,"frp":159.3},"2026-10-01":{"n":10,"frp":60.1}}}},{"type":"Feature","id":405,"geometry":{"type":"Polygon","coordinates":[[[130.52,-18.0998],[130.5438,-18.1113],[130.5558,-18.1118],[130.5571,-18.1113],[130.5591,-18.1102],[130.5594,-18.1086],[130.5579,-18.1052],[130.547,-18.0853],[130.5454,-18.0846],[130.5264,-18.0867],[130.5233,-18.0888],[130.52,-18.0998]]]},"properties":{"fid":405,"n":60,"fre_gj":4567.0,"fre_daily":{"2026-09-28":475.3,"2026-09-29":3916.1,"2026-09-30":175.6},"overpasses":13,"frp_total":462.1,"frp_max":31.8,"frp_mean":7.7,"area_km2":8.25,"lat":-18.0991,"lon":130.5431,"first_seen":"2026-09-28","last_seen":"2026-09-30","duration_days":3,"status":"historic","trend":-1,"growth_ratio":0.0,"night_frac":0.28,"daily":{"2026-09-28":{"n":4,"frp":38.9},"2026-09-29":{"n":43,"frp":308.8},"2026-09-30":{"n":13,"frp":114.4}}}},{"type":"Feature","id":140,"geometry":{"type":"Polygon","coordinates":[[[148.7636,-9.3209],[148.7949,-9.3465],[148.7963,-9.3474],[148.8005,-9.3468],[148.8026,-9.3438],[148.8051,-9.3383],[148.794,-9.3314],[148.7719,-9.3192],[148.77,-9.3193],[148.7664,-9.3199],[148.7636,-9.3209]]]},"properties":{"fid":140,"n":64,"fre_gj":4421.6,"fre_daily":{"2026-09-28":1990.1,"2026-09-29":360.7,"2026-09-30":73.4,"2026-10-01":970.9,"2026-10-02":851.7,"2026-10-03":174.8},"overpasses":25,"frp_total":669.8,"frp_max":88.8,"frp_mean":10.47,"area_km2":4.93,"lat":-9.3363,"lon":148.7911,"first_seen":"2026-09-28","last_seen":"2026-10-03","duration_days":6,"status":"receding","trend":-1,"growth_ratio":0.0,"night_frac":0.25,"daily":{"2026-09-28":{"n":12,"frp":38.0},"2026-09-29":{"n":17,"frp":104.3},"2026-09-30":{"n":5,"frp":36.8},"2026-10-01":{"n":9,"frp":234.1},"2026-10-02":{"n":16,"frp":215.5},"2026-10-03":{"n":5,"frp":41.1}}}},{"type":"Feature","id":961,"geometry":{"type":"Polygon","coordinates":[[[148.1527,-22.6391],[148.1532,-22.6451],[148.1578,-22.6447],[148.1648,-22.644],[148.1677,-22.6427],[148.1724,-22.6396],[148.1722,-22.6339],[148.17,-22.6311],[148.1607,-22.6308],[148.1527,-22.6391]]]},"properties":{"fid":961,"n":67,"fre_gj":4414.2,"fre_daily":{"2026-10-01":4414.2},"overpasses":8,"frp_total":1166.4,"frp_max":64.9,"frp_mean":17.41,"area_km2":2.4,"lat":-22.6373,"lon":148.1631,"first_seen":"2026-10-01","last_seen":"2026-10-01","duration_days":1,"status":"historic","trend":-1,"growth_ratio":0.0,"night_frac":0.33,"daily":{"2026-10-01":{"n":67,"frp":1166.4}}}},{"type":"Feature","id":49,"geometry":{"type":"Polygon","coordinates":[[[150.2503,-22.6382],[150.2586,-22.6793],[150.3073,-22.6868],[150.3219,-22.6885],[150.3224,-22.6885],[150.3272,-22.6876],[150.3309,-22.6825],[150.3317,-22.6791],[150.3295,-22.6731],[150.3193,-22.6612],[150.2804,-22.6376],[150.2623,-22.6279],[150.2524,-22.6293],[150.2503,-22.6382]]]},"properties":{"fid":49,"n":91,"fre_gj":4395.5,"fre_daily":{"2026-09-28":1943.5,"2026-09-29":1224.7,"2026-09-30":469.1,"2026-10-01":534.9,"2026-10-02":186.4,"2026-10-03":36.9},"overpasses":20,"frp_total":684.8,"frp_max":27.9,"frp_mean":7.52,"area_km2":33.36,"lat":-22.6671,"lon":150.2921,"first_seen":"2026-09-28","last_seen":"2026-10-03","duration_days":6,"status":"receding","trend":-1,"growth_ratio":0.0,"night_frac":0.14,"daily":{"2026-09-28":{"n":50,"frp":343.7},"2026-09-29":{"n":7,"frp":62.0},"2026-09-30":{"n":9,"frp":29.3},"2026-10-01":{"n":17,"frp":170.1},"2026-10-02":{"n":7,"frp":69.4},"2026-10-03":{"n":1,"frp":10.2}}}},{"type":"Feature","id":1103,"geometry":{"type":"Polygon","coordinates":[[[139.0597,-17.9686],[139.0696,-17.9667],[139.1138,-17.9388],[139.1182,-17.933],[139.1212,-17.9274],[139.1263,-17.9127],[139.0654,-17.94],[139.0597,-17.9686]]]},"properties":{"fid":1103,"n":95,"fre_gj":4395.1,"fre_daily":{"2026-10-02":4245.1,"2026-10-03":150.0},"overpasses":6,"frp_total":1525.5,"frp_max":85.2,"frp_mean":16.06,"area_km2":16.84,"lat":-17.9402,"lon":139.0939,"first_seen":"2026-10-02","last_seen":"2026-10-03","duration_days":2,"status":"receding","trend":-1,"growth_ratio":0.0,"night_frac":0.0,"daily":{"2026-10-02":{"n":88,"frp":1482.4},"2026-10-03":{"n":7,"frp":43.1}}}},{"type":"Feature","id":970,"geometry":{"type":"Polygon","coordinates":[[[144.8974,-14.8182],[144.8981,-14.8217],[144.9005,-14.8281],[144.9037,-14.8318],[144.9324,-14.8393],[144.9361,-14.84],[144.9391,-14.8371],[144.9409,-14.8344],[144.9403,-14.8301],[144.9305,-14.7923],[144.9288,-14.789],[144.9256,-14.7831],[144.9003,-14.7981],[144.8994,-14.8012],[144.8974,-14.8182]]]},"properties":{"fid":970,"n":89,"fre_gj":4370.8,"fre_daily":{"2026-10-01":1392.0,"2026-10-02":2841.1,"2026-10-03":132.9,"2026-10-04":4.8},"overpasses":16,"frp_total":284.4,"frp_max":19.3,"frp_mean":3.2,"area_km2":19.83,"lat":-14.8145,"lon":144.9165,"first_seen":"2026-10-01","last_seen":"2026-10-04","duration_days":4,"status":"active","trend":-1,"growth_ratio":0.03,"night_frac":0.79,"daily":{"2026-10-01":{"n":47,"frp":139.2},"2026-10-02":{"n":34,"frp":104.5},"2026-10-03":{"n":7,"frp":38.0},"2026-10-04":{"n":1,"frp":2.7}}}},{"type":"Feature","id":612,"geometry":{"type":"Polygon","coordinates":[[[127.9983,-20.1057],[128.011,-20.1149],[128.0154,-20.1157],[128.0149,-20.1109],[128.0126,-20.1047],[128.0073,-20.1],[127.9989,-20.1023],[127.9983,-20.1057]]]},"properties":{"fid":612,"n":16,"fre_gj":4360.9,"fre_daily":{"2026-09-29":4360.9},"overpasses":6,"frp_total":326.1,"frp_max":66.5,"frp_mean":20.38,"area_km2":1.72,"lat":-20.1075,"lon":128.0081,"first_seen":"2026-09-29","last_seen":"2026-09-29","duration_days":1,"status":"historic","trend":-1,"growth_ratio":0.0,"night_frac":0.25,"daily":{"2026-09-29":{"n":16,"frp":326.1}}}},{"type":"Feature","id":387,"geometry":{"type":"Polygon","coordinates":[[[131.3297,-13.0948],[131.3577,-13.096],[131.3713,-13.0864],[131.3541,-13.0426],[131.3297,-13.0948]]]},"properties":{"fid":387,"n":25,"fre_gj":4348.0,"fre_daily":{"2026-09-28":4146.7,"2026-09-30":144.7,"2026-10-01":56.5},"overpasses":7,"frp_total":277.7,"frp_max":26.4,"frp_mean":11.11,"area_km2":13.5,"lat":-13.0775,"lon":131.3519,"first_seen":"2026-09-28","last_seen":"2026-10-01","duration_days":3,"status":"historic","trend":-1,"growth_ratio":0.0,"night_frac":0.2,"daily":{"2026-09-28":{"n":21,"frp":221.8},"2026-09-30":{"n":3,"frp":40.2},"2026-10-01":{"n":1,"frp":15.7}}}},{"type":"Feature","id":686,"geometry":{"type":"Polygon","coordinates":[[[132.7801,-14.4256],[132.7825,-14.4614],[132.7832,-14.4638],[132.7952,-14.4685],[132.7976,-14.4649],[132.7988,-14.4321],[132.7939,-14.4213],[132.7868,-14.4173],[132.7811,-14.4192],[132.7801,-14.4256]]]},"properties":{"fid":686,"n":106,"fre_gj":4345.8,"fre_daily":{"2026-09-29":802.0,"2026-09-30":693.8,"2026-10-01":2621.6,"2026-10-02":189.0,"2026-10-03":39.3},"overpasses":22,"frp_total":498.8,"frp_max":14.8,"frp_mean":4.71,"area_km2":9.13,"lat":-14.4415,"lon":132.7892,"first_seen":"2026-09-29","last_seen":"2026-10-03","duration_days":5,"status":"receding","trend":-1,"growth_ratio":0.0,"night_frac":0.43,"daily":{"2026-09-29":{"n":16,"frp":46.7},"2026-09-30":{"n":19,"frp":129.3},"2026-10-01":{"n":43,"frp":196.8},"2026-10-02":{"n":20,"frp":111.6},"2026-10-03":{"n":8,"frp":14.4}}}},{"type":"Feature","id":228,"geometry":{"type":"Polygon","coordinates":[[[126.479,-20.4912],[126.5369,-20.4994],[126.5488,-20.4969],[126.5423,-20.4824],[126.5402,-20.4784],[126.5318,-20.473],[126.4863,-20.4823],[126.4811,-20.4857],[126.479,-20.4912]]]},"properties":{"fid":228,"n":62,"fre_gj":4293.5,"fre_daily":{"2026-09-28":3697.0,"2026-09-29":596.4},"overpasses":12,"frp_total":639.6,"frp_max":78.3,"frp_mean":10.32,"area_km2":13.18,"lat":-20.4869,"lon":126.5294,"first_seen":"2026-09-28","last_seen":"2026-09-29","duration_days":2,"status":"historic","trend":-1,"growth_ratio":0.0,"night_frac":0.24,"daily":{"2026-09-28":{"n":46,"frp":510.2},"2026-09-29":{"n":16,"frp":129.4}}}},{"type":"Feature","id":247,"geometry":{"type":"Polygon","coordinates":[[[135.3131,-17.1549],[135.3202,-17.1641],[135.3486,-17.1793],[135.3811,-17.1703],[135.3917,-17.1673],[135.405,-17.1435],[135.384,-17.1398],[135.3773,-17.1396],[135.3652,-17.1413],[135.3177,-17.1519],[135.3131,-17.1549]]]},"properties":{"fid":247,"n":74,"fre_gj":4286.3,"fre_daily":{"2026-09-28":2295.3,"2026-09-29":853.9,"2026-09-30":336.5,"2026-10-01":761.8,"2026-10-02":38.9},"overpasses":15,"frp_total":674.1,"frp_max":43.1,"frp_mean":9.11,"area_km2":26.66,"lat":-17.1526,"lon":135.3635,"first_seen":"2026-09-28","last_seen":"2026-10-02","duration_days":5,"status":"historic","trend":-1,"growth_ratio":0.0,"night_frac":0.26,"daily":{"2026-09-28":{"n":38,"frp":476.7},"2026-09-29":{"n":2,"frp":1.2},"2026-09-30":{"n":11,"frp":96.1},"2026-10-01":{"n":22,"frp":89.3},"2026-10-02":{"n":1,"frp":10.8}}}},{"type":"Feature","id":1154,"geometry":{"type":"Polygon","coordinates":[[[130.6417,-18.3694],[130.6425,-18.3714],[130.6478,-18.3837],[130.664,-18.39],[130.6664,-18.3909],[130.6729,-18.3674],[130.6691,-18.3622],[130.6584,-18.3492],[130.6539,-18.3473],[130.6501,-18.3466],[130.6439,-18.3468],[130.6417,-18.3694]]]},"properties":{"fid":1154,"n":51,"fre_gj":4255.0,"fre_daily":{"2026-10-02":524.1,"2026-10-03":3730.9},"overpasses":12,"frp_total":567.7,"frp_max":86.1,"frp_mean":11.13,"area_km2":11.11,"lat":-18.3652,"lon":130.6556,"first_seen":"2026-10-02","last_seen":"2026-10-03","duration_days":2,"status":"receding","trend":-1,"growth_ratio":0.0,"night_frac":0.37,"daily":{"2026-10-02":{"n":17,"frp":80.9},"2026-10-03":{"n":34,"frp":486.8}}}},{"type":"Feature","id":392,"geometry":{"type":"Polygon","coordinates":[[[132.1496,-12.5064],[132.1512,-12.5122],[132.1595,-12.528],[132.1633,-12.5335],[132.1686,-12.5386],[132.1753,-12.53],[132.1766,-12.5266],[132.1767,-12.525],[132.1702,-12.5141],[132.1582,-12.5023],[132.1541,-12.4995],[132.1505,-12.5041],[132.1496,-12.5064]]]},"properties":{"fid":392,"n":63,"fre_gj":4243.0,"fre_daily":{"2026-09-28":1734.0,"2026-09-29":83.2,"2026-09-30":2117.2,"2026-10-01":189.8,"2026-10-02":118.8},"overpasses":16,"frp_total":563.3,"frp_max":41.0,"frp_mean":8.94,"area_km2":6.23,"lat":-12.5202,"lon":132.1647,"first_seen":"2026-09-28","last_seen":"2026-10-02","duration_days":5,"status":"historic","trend":-1,"growth_ratio":0.0,"night_frac":0.16,"daily":{"2026-09-28":{"n":26,"frp":242.4},"2026-09-29":{"n":5,"frp":23.1},"2026-09-30":{"n":16,"frp":153.4},"2026-10-01":{"n":12,"frp":111.4},"2026-10-02":{"n":4,"frp":33.0}}}},{"type":"Feature","id":459,"geometry":{"type":"Polygon","coordinates":[[[132.522,-11.1311],[132.5227,-11.135],[132.5239,-11.1368],[132.5478,-11.1331],[132.5474,-11.1309],[132.5444,-11.1224],[132.5433,-11.1196],[132.5362,-11.1185],[132.5228,-11.1257],[132.522,-11.1311]]]},"properties":{"fid":459,"n":57,"fre_gj":4129.4,"fre_daily":{"2026-09-28":241.9,"2026-09-29":932.2,"2026-10-02":1370.9,"2026-10-03":1584.4},"overpasses":13,"frp_total":530.2,"frp_max":23.3,"frp_mean":9.3,"area_km2":4.0,"lat":-11.1291,"lon":132.5339,"first_seen":"2026-09-28","last_seen":"2026-10-03","duration_days":4,"status":"receding","trend":-1,"growth_ratio":0.0,"night_frac":0.16,"daily":{"2026-09-28":{"n":6,"frp":46.5},"2026-09-29":{"n":28,"frp":329.1},"2026-10-02":{"n":8,"frp":38.8},"2026-10-03":{"n":15,"frp":115.9}}}},{"type":"Feature","id":1036,"geometry":{"type":"Polygon","coordinates":[[[127.2721,-20.705],[127.2907,-20.7251],[127.2981,-20.7265],[127.3429,-20.6881],[127.3345,-20.6706],[127.33,-20.6654],[127.2988,-20.6653],[127.2767,-20.6838],[127.2747,-20.693],[127.2721,-20.705]]]},"properties":{"fid":1036,"n":122,"fre_gj":4111.5,"fre_daily":{"2026-10-01":3684.8,"2026-10-02":426.7},"overpasses":8,"frp_total":1034.4,"frp_max":64.2,"frp_mean":8.48,"area_km2":32.07,"lat":-20.6943,"lon":127.2991,"first_seen":"2026-10-01","last_seen":"2026-10-02","duration_days":2,"status":"historic","trend":-1,"growth_ratio":0.0,"night_frac":0.89,"daily":{"2026-10-01":{"n":109,"frp":934.6},"2026-10-02":{"n":13,"frp":99.8}}}},{"type":"Feature","id":977,"geometry":{"type":"Polygon","coordinates":[[[132.5711,-11.0722],[132.5729,-11.0935],[132.58,-11.0946],[132.5859,-11.0954],[132.5881,-11.0846],[132.5901,-11.068],[132.5896,-11.0647],[132.5711,-11.0722]]]},"properties":{"fid":977,"n":55,"fre_gj":4094.9,"fre_daily":{"2026-10-01":124.2,"2026-10-02":2386.2,"2026-10-03":1584.5},"overpasses":12,"frp_total":476.2,"frp_max":27.0,"frp_mean":8.66,"area_km2":5.18,"lat":-11.0832,"lon":132.5788,"first_seen":"2026-10-01","last_seen":"2026-10-03","duration_days":3,"status":"receding","trend":-1,"growth_ratio":0.0,"night_frac":0.18,"daily":{"2026-10-01":{"n":7,"frp":59.7},"2026-10-02":{"n":22,"frp":265.8},"2026-10-03":{"n":26,"frp":150.7}}}},{"type":"Feature","id":264,"geometry":{"type":"Polygon","coordinates":[[[133.5156,-12.0115],[133.5507,-12.0204],[133.5644,-12.0085],[133.574,-11.9924],[133.5714,-11.9901],[133.5663,-11.9901],[133.5366,-11.9975],[133.5191,-12.0074],[133.5156,-12.0115]]]},"properties":{"fid":264,"n":73,"fre_gj":4037.0,"fre_daily":{"2026-09-28":415.0,"2026-09-29":295.9,"2026-09-30":248.5,"2026-10-01":588.3,"2026-10-02":119.3,"2026-10-03":2370.0},"overpasses":19,"frp_total":480.8,"frp_max":26.1,"frp_mean":6.59,"area_km2":11.36,"lat":-12.0046,"lon":133.5499,"first_seen":"2026-09-28","last_seen":"2026-10-03","duration_days":6,"status":"receding","trend":-1,"growth_ratio":0.0,"night_frac":0.03,"daily":{"2026-09-28":{"n":32,"frp":169.9},"2026-09-29":{"n":4,"frp":29.1},"2026-09-30":{"n":11,"frp":79.8},"2026-10-01":{"n":7,"frp":37.9},"2026-10-02":{"n":11,"frp":61.9},"2026-10-03":{"n":8,"frp":102.2}}}},{"type":"Feature","id":680,"geometry":{"type":"Polygon","coordinates":[[[134.7731,-17.0326],[134.7742,-17.06],[134.7812,-17.0625],[134.7936,-17.051],[134.7942,-17.0476],[134.7945,-17.0435],[134.7869,-17.0193],[134.7847,-17.0161],[134.7778,-17.0116],[134.7746,-17.012],[134.7731,-17.0326]]]},"properties":{"fid":680,"n":66,"fre_gj":3947.9,"fre_daily":{"2026-09-29":34.0,"2026-09-30":818.1,"2026-10-01":2889.6,"2026-10-02":206.1},"overpasses":13,"frp_total":500.5,"frp_max":111.7,"frp_mean":7.58,"area_km2":9.21,"lat":-17.0346,"lon":134.7827,"first_seen":"2026-09-29","last_seen":"2026-10-02","duration_days":4,"status":"historic","trend":-1,"growth_ratio":0.0,"night_frac":0.39,"daily":{"2026-09-29":{"n":7,"frp":11.0},"2026-09-30":{"n":5,"frp":239.9},"2026-10-01":{"n":40,"frp":168.3},"2026-10-02":{"n":14,"frp":81.3}}}},{"type":"Feature","id":184,"geometry":{"type":"Polygon","coordinates":[[[140.9759,-9.0223],[140.9832,-9.0285],[140.997,-9.036],[141.0,-9.0321],[140.9967,-9.0243],[140.9912,-9.0191],[140.9759,-9.0223]]]},"properties":{"fid":184,"n":29,"fre_gj":3908.5,"fre_daily":{"2026-09-28":262.1,"2026-09-29":47.2,"2026-10-01":23.0,"2026-10-02":12.6,"2026-10-03":3563.5},"overpasses":10,"frp_total":727.9,"frp_max":198.2,"frp_mean":25.1,"area_km2":2.47,"lat":-9.0273,"lon":140.9905,"first_seen":"2026-09-28","last_seen":"2026-10-03","duration_days":5,"status":"receding","trend":-1,"growth_ratio":0.0,"night_frac":0.03,"daily":{"2026-09-28":{"n":10,"frp":121.4},"2026-09-29":{"n":3,"frp":16.4},"2026-10-01":{"n":2,"frp":6.4},"2026-10-02":{"n":1,"frp":3.5},"2026-10-03":{"n":13,"frp":580.1}}}},{"type":"Feature","id":170,"geometry":{"type":"Polygon","coordinates":[[[141.9657,-9.1265],[141.9675,-9.129],[141.9732,-9.1363],[141.9764,-9.1397],[141.9803,-9.1392],[142.0092,-9.1347],[142.0002,-9.1214],[141.9992,-9.1211],[141.9919,-9.1204],[141.9668,-9.1236],[141.9657,-9.1265]]]},"properties":{"fid":170,"n":60,"fre_gj":3893.0,"fre_daily":{"2026-09-28":1863.7,"2026-09-29":974.6,"2026-09-30":30.4,"2026-10-01":385.4,"2026-10-02":104.1,"2026-10-03":497.1,"2026-10-04":37.8},"overpasses":20,"frp_total":373.5,"frp_max":23.9,"frp_mean":6.23,"area_km2":6.98,"lat":-9.129,"lon":141.9876,"first_seen":"2026-09-28","last_seen":"2026-10-04","duration_days":7,"status":"active","trend":-1,"growth_ratio":0.43,"night_frac":0.2,"daily":{"2026-09-28":{"n":24,"frp":173.5},"2026-09-29":{"n":19,"frp":119.3},"2026-09-30":{"n":2,"frp":14.1},"2026-10-01":{"n":2,"frp":0.8},"2026-10-02":{"n":6,"frp":35.0},"2026-10-03":{"n":3,"frp":9.9},"2026-10-04":{"n":4,"frp":21.0}}}},{"type":"Feature","id":1027,"geometry":{"type":"Polygon","coordinates":[[[132.6515,-14.4792],[132.6525,-14.4882],[132.6615,-14.502],[132.6718,-14.5021],[132.6805,-14.4984],[132.6759,-14.4781],[132.6751,-14.4759],[132.6718,-14.4735],[132.6515,-14.4792]]]},"properties":{"fid":1027,"n":66,"fre_gj":3852.1,"fre_daily":{"2026-10-01":1191.4,"2026-10-02":144.0,"2026-10-03":2516.8},"overpasses":12,"frp_total":349.8,"frp_max":22.3,"frp_mean":5.3,"area_km2":7.14,"lat":-14.4877,"lon":132.6656,"first_seen":"2026-10-01","last_seen":"2026-10-03","duration_days":3,"status":"receding","trend":-1,"growth_ratio":0.0,"night_frac":0.52,"daily":{"2026-10-01":{"n":12,"frp":24.2},"2026-10-02":{"n":12,"frp":90.6},"2026-10-03":{"n":42,"frp":235.0}}}},{"type":"Feature","id":260,"geometry":{"type":"Polygon","coordinates":[[[131.7933,-13.9987],[131.7938,-14.0009],[131.8055,-14.0296],[131.8081,-14.0317],[131.8143,-14.0331],[131.8146,-14.0328],[131.8159,-14.0264],[131.8171,-13.9996],[131.8066,-13.9749],[131.7997,-13.9698],[131.7956,-13.976],[131.7933,-13.9987]]]},"properties":{"fid":260,"n":72,"fre_gj":3836.9,"fre_daily":{"2026-09-28":3792.8,"2026-09-29":44.1},"overpasses":8,"frp_total":253.4,"frp_max":13.6,"frp_mean":3.52,"area_km2":11.8,"lat":-14.005,"lon":131.806,"first_seen":"2026-09-28","last_seen":"2026-09-29","duration_days":2,"status":"historic","trend":-1,"growth_ratio":0.0,"night_frac":0.92,"daily":{"2026-09-28":{"n":69,"frp":224.3},"2026-09-29":{"n":3,"frp":29.1}}}},{"type":"Feature","id":266,"geometry":{"type":"Polygon","coordinates":[[[130.6736,-11.7105],[130.6742,-11.7258],[130.6784,-11.7285],[130.6816,-11.73],[130.6903,-11.7307],[130.6935,-11.7308],[130.6997,-11.7289],[130.6994,-11.7218],[130.6785,-11.7096],[130.6776,-11.7091],[130.6748,-11.7084],[130.6744,-11.7083],[130.6736,-11.7105]]]},"properties":{"fid":266,"n":58,"fre_gj":3783.9,"fre_daily":{"2026-09-28":963.6,"2026-09-29":286.0,"2026-09-30":2214.0,"2026-10-01":281.9,"2026-10-02":38.4},"overpasses":18,"frp_total":587.5,"frp_max":36.2,"frp_mean":10.13,"area_km2":4.66,"lat":-11.7229,"lon":130.686,"first_seen":"2026-09-28","last_seen":"2026-10-02","duration_days":5,"status":"historic","trend":-1,"growth_ratio":0.0,"night_frac":0.05,"daily":{"2026-09-28":{"n":33,"frp":338.8},"2026-09-29":{"n":1,"frp":19.6},"2026-09-30":{"n":15,"frp":163.2},"2026-10-01":{"n":6,"frp":49.7},"2026-10-02":{"n":3,"frp":16.2}}}},{"type":"Feature","id":376,"geometry":{"type":"Polygon","coordinates":[[[134.3048,-15.4115],[134.3067,-15.414],[134.3118,-15.4134],[134.3285,-15.404],[134.3474,-15.3893],[134.3477,-15.3873],[134.3427,-15.3831],[134.3303,-15.3843],[134.3241,-15.3872],[134.3048,-15.4115]]]},"properties":{"fid":376,"n":50,"fre_gj":3778.6,"fre_daily":{"2026-09-28":928.1,"2026-09-29":471.9,"2026-09-30":389.1,"2026-10-01":1394.6,"2026-10-03":594.9},"overpasses":17,"frp_total":514.3,"frp_max":51.8,"frp_mean":10.29,"area_km2":6.52,"lat":-15.3961,"lon":134.3262,"first_seen":"2026-09-28","last_seen":"2026-10-03","duration_days":5,"status":"receding","trend":-1,"growth_ratio":0.0,"night_frac":0.22,"daily":{"2026-09-28":{"n":2,"frp":1.5},"2026-09-29":{"n":22,"frp":255.2},"2026-09-30":{"n":5,"frp":22.5},"2026-10-01":{"n":11,"frp":55.1},"2026-10-03":{"n":10,"frp":180.0}}}},{"type":"Feature","id":369,"geometry":{"type":"Polygon","coordinates":[[[128.9118,-15.8886],[128.9148,-15.8932],[128.9197,-15.8989],[128.923,-15.8987],[128.9266,-15.8981],[128.9272,-15.8913],[128.9204,-15.887],[128.9173,-15.886],[128.9137,-15.8865],[128.9118,-15.8886]]]},"properties":{"fid":369,"n":24,"fre_gj":3771.0,"fre_daily":{"2026-09-28":3197.8,"2026-09-29":573.2},"overpasses":5,"frp_total":302.0,"frp_max":48.2,"frp_mean":12.58,"area_km2":1.53,"lat":-15.8917,"lon":128.9195,"first_seen":"2026-09-28","last_seen":"2026-09-29","duration_days":2,"status":"historic","trend":-1,"growth_ratio":0.0,"night_frac":0.12,"daily":{"2026-09-28":{"n":3,"frp":5.9},"2026-09-29":{"n":21,"frp":296.1}}}},{"type":"Feature","id":601,"geometry":{"type":"Polygon","coordinates":[[[148.3993,-31.1996],[148.4095,-31.1981],[148.4255,-31.1955],[148.4328,-31.1916],[148.412,-31.1887],[148.4051,-31.1884],[148.402,-31.19],[148.4009,-31.1907],[148.3993,-31.1996]]]},"properties":{"fid":601,"n":40,"fre_gj":3729.7,"fre_daily":{"2026-09-29":2639.5,"2026-09-30":1090.2},"overpasses":15,"frp_total":413.2,"frp_max":49.9,"frp_mean":10.33,"area_km2":2.38,"lat":-31.1919,"lon":148.41,"first_seen":"2026-09-29","last_seen":"2026-09-30","duration_days":2,"status":"historic","trend":-1,"growth_ratio":0.0,"night_frac":0.42,"daily":{"2026-09-29":{"n":32,"frp":391.5},"2026-09-30":{"n":8,"frp":21.7}}}},{"type":"Feature","id":867,"geometry":{"type":"Polygon","coordinates":[[[136.6473,-13.9625],[136.657,-13.9722],[136.661,-13.9746],[136.6642,-13.9733],[136.6679,-13.97],[136.67,-13.9672],[136.6712,-13.9646],[136.6704,-13.9634],[136.6684,-13.9611],[136.6597,-13.9598],[136.6473,-13.9625]]]},"properties":{"fid":867,"n":64,"fre_gj":3723.5,"fre_daily":{"2026-09-30":3.6,"2026-10-01":86.4,"2026-10-02":2458.6,"2026-10-03":1174.9},"overpasses":18,"frp_total":634.2,"frp_max":113.2,"frp_mean":9.91,"area_km2":2.53,"lat":-13.9662,"lon":136.6606,"first_seen":"2026-09-30","last_seen":"2026-10-03","duration_days":4,"status":"receding","trend":-1,"growth_ratio":0.0,"night_frac":0.33,"daily":{"2026-09-30":{"n":1,"frp":1.0},"2026-10-01":{"n":7,"frp":38.6},"2026-10-02":{"n":39,"frp":519.6},"2026-10-03":{"n":17,"frp":75.0}}}},{"type":"Feature","id":331,"geometry":{"type":"Polygon","coordinates":[[[150.875,-34.4564],[150.8772,-34.4631],[150.8792,-34.4641],[150.8932,-34.4698],[150.8941,-34.4699],[150.8944,-34.4691],[150.896,-34.4647],[150.8802,-34.4493],[150.8752,-34.4524],[150.875,-34.4564]]]},"properties":{"fid":331,"n":104,"fre_gj":3694.5,"fre_daily":{"2026-09-28":377.6,"2026-09-29":1264.9,"2026-09-30":696.0,"2026-10-01":817.1,"2026-10-03":539.1},"overpasses":28,"frp_total":314.6,"frp_max":11.2,"frp_mean":3.02,"area_km2":2.24,"lat":-34.4603,"lon":150.8835,"first_seen":"2026-09-28","last_seen":"2026-10-03","duration_days":5,"status":"receding","trend":-1,"growth_ratio":0.0,"night_frac":0.78,"daily":{"2026-09-28":{"n":26,"frp":57.9},"2026-09-29":{"n":26,"frp":89.2},"2026-09-30":{"n":32,"frp":97.2},"2026-10-01":{"n":12,"frp":37.4},"2026-10-03":{"n":8,"frp":32.9}}}},{"type":"Feature","id":546,"geometry":{"type":"Polygon","coordinates":[[[129.8474,-13.7852],[129.8504,-13.786],[129.8623,-13.7822],[129.8686,-13.7733],[129.8623,-13.7658],[129.8507,-13.77],[129.8474,-13.7852]]]},"properties":{"fid":546,"n":29,"fre_gj":3682.5,"fre_daily":{"2026-09-28":36.4,"2026-09-29":17.3,"2026-09-30":332.9,"2026-10-01":3266.8,"2026-10-02":29.2},"overpasses":14,"frp_total":477.3,"frp_max":44.3,"frp_mean":16.46,"area_km2":3.17,"lat":-13.7759,"lon":129.8577,"first_seen":"2026-09-28","last_seen":"2026-10-02","duration_days":5,"status":"historic","trend":-1,"growth_ratio":0.0,"night_frac":0.28,"daily":{"2026-09-28":{"n":1,"frp":10.1},"2026-09-29":{"n":1,"frp":4.8},"2026-09-30":{"n":6,"frp":30.9},"2026-10-01":{"n":20,"frp":415.3},"2026-10-02":{"n":1,"frp":16.2}}}},{"type":"Feature","id":203,"geometry":{"type":"Polygon","coordinates":[[[128.8372,-23.1607],[128.8406,-23.1708],[128.8835,-23.1846],[128.8872,-23.1843],[128.8983,-23.1833],[128.935,-23.1666],[128.9296,-23.162],[128.8742,-23.1527],[128.8498,-23.1502],[128.8403,-23.1535],[128.8397,-23.1544],[128.8372,-23.1607]]]},"properties":{"fid":203,"n":81,"fre_gj":3653.1,"fre_daily":{"2026-09-28":2622.0,"2026-09-29":1031.1},"overpasses":11,"frp_total":786.0,"frp_max":45.2,"frp_mean":9.7,"area_km2":23.78,"lat":-23.1636,"lon":128.8741,"first_seen":"2026-09-28","last_seen":"2026-09-29","duration_days":2,"status":"historic","trend":-1,"growth_ratio":0.0,"night_frac":0.2,"daily":{"2026-09-28":{"n":38,"frp":297.8},"2026-09-29":{"n":43,"frp":488.2}}}},{"type":"Feature","id":453,"geometry":{"type":"Polygon","coordinates":[[[134.2593,-12.0746],[134.2675,-12.0807],[134.2724,-12.0799],[134.2778,-12.0756],[134.2853,-12.0657],[134.2851,-12.0638],[134.2775,-12.0561],[134.2759,-12.0556],[134.27,-12.0564],[134.265,-12.0612],[134.2593,-12.0746]]]},"properties":{"fid":453,"n":73,"fre_gj":3631.2,"fre_daily":{"2026-09-28":199.7,"2026-09-29":477.4,"2026-09-30":528.4,"2026-10-01":1608.3,"2026-10-02":807.5,"2026-10-03":9.9},"overpasses":15,"frp_total":767.5,"frp_max":37.3,"frp_mean":10.51,"area_km2":4.94,"lat":-12.0676,"lon":134.2734,"first_seen":"2026-09-28","last_seen":"2026-10-03","duration_days":6,"status":"receding","trend":-1,"growth_ratio":0.0,"night_frac":0.01,"daily":{"2026-09-28":{"n":11,"frp":83.2},"2026-09-29":{"n":19,"frp":189.9},"2026-09-30":{"n":15,"frp":160.5},"2026-10-01":{"n":1,"frp":0.3},"2026-10-02":{"n":26,"frp":330.8},"2026-10-03":{"n":1,"frp":2.8}}}},{"type":"Feature","id":945,"geometry":{"type":"Polygon","coordinates":[[[130.3359,-13.6854],[130.3464,-13.6836],[130.3548,-13.6699],[130.3635,-13.6493],[130.3488,-13.6518],[130.3463,-13.6582],[130.3359,-13.6854]]]},"properties":{"fid":945,"n":29,"fre_gj":3467.8,"fre_daily":{"2026-09-30":137.5,"2026-10-01":3191.7,"2026-10-02":98.3,"2026-10-03":40.3},"overpasses":9,"frp_total":337.5,"frp_max":47.4,"frp_mean":11.64,"area_km2":5.06,"lat":-13.6655,"lon":130.3508,"first_seen":"2026-09-30","last_seen":"2026-10-03","duration_days":4,"status":"receding","trend":-1,"growth_ratio":0.0,"night_frac":0.03,"daily":{"2026-09-30":{"n":3,"frp":76.4},"2026-10-01":{"n":19,"frp":210.7},"2026-10-02":{"n":6,"frp":39.2},"2026-10-03":{"n":1,"frp":11.2}}}},{"type":"Feature","id":219,"geometry":{"type":"Polygon","coordinates":[[[127.6477,-20.8527],[127.6512,-20.8558],[127.6686,-20.8573],[127.6728,-20.8557],[127.6716,-20.8503],[127.6609,-20.8393],[127.6578,-20.8377],[127.6497,-20.8421],[127.6477,-20.8527]]]},"properties":{"fid":219,"n":43,"fre_gj":3378.2,"fre_daily":{"2026-09-28":1998.5,"2026-09-29":1379.7},"overpasses":12,"frp_total":619.1,"frp_max":82.8,"frp_mean":14.4,"area_km2":3.81,"lat":-20.8481,"lon":127.6582,"first_seen":"2026-09-28","last_seen":"2026-09-29","duration_days":2,"status":"historic","trend":-1,"growth_ratio":0.0,"night_frac":0.19,"daily":{"2026-09-28":{"n":37,"frp":494.1},"2026-09-29":{"n":6,"frp":125.0}}}},{"type":"Feature","id":172,"geometry":{"type":"Polygon","coordinates":[[[141.3452,-9.0501],[141.3461,-9.0629],[141.3492,-9.0861],[141.3571,-9.1062],[141.3638,-9.1063],[141.3678,-9.1056],[141.3695,-9.1003],[141.3712,-9.062],[141.3682,-9.0508],[141.355,-9.0276],[141.3452,-9.0501]]]},"properties":{"fid":172,"n":118,"fre_gj":3370.4,"fre_daily":{"2026-09-28":557.5,"2026-09-29":933.2,"2026-09-30":1187.1,"2026-10-01":105.7,"2026-10-02":157.2,"2026-10-03":407.3,"2026-10-04":22.4},"overpasses":17,"frp_total":1384.0,"frp_max":74.0,"frp_mean":11.73,"area_km2":17.29,"lat":-9.0723,"lon":141.3564,"first_seen":"2026-09-28","last_seen":"2026-10-04","duration_days":7,"status":"active","trend":-1,"growth_ratio":0.1,"night_frac":0.0,"daily":{"2026-09-28":{"n":19,"frp":244.8},"2026-09-29":{"n":24,"frp":383.7},"2026-09-30":{"n":45,"frp":542.4},"2026-10-01":{"n":4,"frp":34.2},"2026-10-02":{"n":11,"frp":54.6},"2026-10-03":{"n":13,"frp":118.1},"2026-10-04":{"n":2,"frp":6.2}}}},{"type":"Feature","id":164,"geometry":{"type":"Polygon","coordinates":[[[148.9425,-9.1478],[148.9439,-9.1494],[148.9461,-9.1518],[148.9475,-9.1532],[148.965,-9.1505],[148.976,-9.1383],[148.9785,-9.1346],[148.979,-9.1337],[148.9721,-9.1321],[148.9637,-9.1306],[148.944,-9.1442],[148.9434,-9.1456],[148.9425,-9.1478]]]},"properties":{"fid":164,"n":53,"fre_gj":3311.8,"fre_daily":{"2026-09-28":156.3,"2026-09-29":7.8,"2026-10-01":15.8,"2026-10-02":927.7,"2026-10-03":2186.0,"2026-10-04":18.2},"overpasses":19,"frp_total":272.8,"frp_max":47.9,"frp_mean":5.15,"area_km2":5.6,"lat":-9.1415,"lon":148.9601,"first_seen":"2026-09-28","last_seen":"2026-10-04","duration_days":6,"status":"active","trend":-1,"growth_ratio":0.2,"night_frac":0.7,"daily":{"2026-09-28":{"n":5,"frp":16.7},"2026-09-29":{"n":3,"frp":3.3},"2026-10-01":{"n":1,"frp":4.4},"2026-10-02":{"n":13,"frp":35.2},"2026-10-03":{"n":29,"frp":203.0},"2026-10-04":{"n":2,"frp":10.1}}}},{"type":"Feature","id":395,"geometry":{"type":"Polygon","coordinates":[[[136.8694,-12.2665],[136.8699,-12.2671],[136.8924,-12.274],[136.8948,-12.2711],[136.8908,-12.2601],[136.8871,-12.2596],[136.8733,-12.262],[136.8694,-12.2665]]]},"properties":{"fid":395,"n":25,"fre_gj":3268.8,"fre_daily":{"2026-09-28":737.1,"2026-09-29":2040.7,"2026-09-30":490.9},"overpasses":8,"frp_total":205.1,"frp_max":33.8,"frp_mean":8.2,"area_km2":2.66,"lat":-12.2657,"lon":136.8831,"first_seen":"2026-09-28","last_seen":"2026-09-30","duration_days":3,"status":"historic","trend":-1,"growth_ratio":0.0,"night_frac":0.4,"daily":{"2026-09-28":{"n":1,"frp":0.7},"2026-09-29":{"n":15,"frp":60.7},"2026-09-30":{"n":9,"frp":143.7}}}},{"type":"Feature","id":1165,"geometry":{"type":"Polygon","coordinates":[[[132.6699,-14.653],[132.6712,-14.6594],[132.6718,-14.6601],[132.6785,-14.6631],[132.6911,-14.6647],[132.6956,-14.6328],[132.6948,-14.6311],[132.6923,-14.6302],[132.6699,-14.653]]]},"properties":{"fid":1165,"n":41,"fre_gj":3238.5,"fre_daily":{"2026-10-02":209.7,"2026-10-03":3028.8},"overpasses":7,"frp_total":280.8,"frp_max":43.8,"frp_mean":6.85,"area_km2":6.1,"lat":-14.6503,"lon":132.6829,"first_seen":"2026-10-02","last_seen":"2026-10-03","duration_days":2,"status":"receding","trend":-1,"growth_ratio":0.0,"night_frac":0.46,"daily":{"2026-10-02":{"n":6,"frp":90.8},"2026-10-03":{"n":35,"frp":190.0}}}},{"type":"Feature","id":301,"geometry":{"type":"Polygon","coordinates":[[[123.9854,-9.4925],[123.9875,-9.4951],[123.9973,-9.4985],[124.0055,-9.4911],[124.0089,-9.4858],[124.0061,-9.4817],[123.9939,-9.47],[123.9864,-9.488],[123.9854,-9.4925]]]},"properties":{"fid":301,"n":44,"fre_gj":3107.0,"fre_daily":{"2026-09-28":876.3,"2026-09-29":32.1,"2026-09-30":1031.3,"2026-10-01":628.7,"2026-10-02":120.8,"2026-10-03":417.9},"overpasses":24,"frp_total":308.4,"frp_max":34.7,"frp_mean":7.01,"area_km2":4.63,"lat":-9.488,"lon":123.9943,"first_seen":"2026-09-28","last_seen":"2026-10-03","duration_days":6,"status":"receding","trend":-1,"growth_ratio":0.0,"night_frac":0.32,"daily":{"2026-09-28":{"n":8,"frp":122.5},"2026-09-29":{"n":3,"frp":19.4},"2026-09-30":{"n":6,"frp":21.4},"2026-10-01":{"n":9,"frp":79.6},"2026-10-02":{"n":5,"frp":4.8},"2026-10-03":{"n":13,"frp":60.7}}}},{"type":"Feature","id":328,"geometry":{"type":"Polygon","coordinates":[[[145.8555,-22.4733],[145.8566,-22.4773],[145.8616,-22.4854],[145.8645,-22.4864],[145.8664,-22.4856],[145.8744,-22.4791],[145.8629,-22.4721],[145.8602,-22.4716],[145.8555,-22.4733]]]},"properties":{"fid":328,"n":67,"fre_gj":3099.4,"fre_daily":{"2026-09-28":752.8,"2026-09-29":1919.6,"2026-09-30":402.3,"2026-10-01":24.8},"overpasses":21,"frp_total":403.0,"frp_max":16.7,"frp_mean":6.01,"area_km2":1.79,"lat":-22.4785,"lon":145.8627,"first_seen":"2026-09-28","last_seen":"2026-10-01","duration_days":4,"status":"historic","trend":-1,"growth_ratio":0.0,"night_frac":0.58,"daily":{"2026-09-28":{"n":26,"frp":162.0},"2026-09-29":{"n":28,"frp":179.8},"2026-09-30":{"n":11,"frp":50.1},"2026-10-01":{"n":2,"frp":11.1}}}},{"type":"Feature","id":866,"geometry":{"type":"Polygon","coordinates":[[[141.7086,-15.327],[141.7102,-15.334],[141.7127,-15.3346],[141.7157,-15.3352],[141.7221,-15.3344],[141.7275,-15.329],[141.727,-15.3242],[141.7243,-15.3236],[141.7214,-15.323],[141.7132,-15.3241],[141.7086,-15.327]]]},"properties":{"fid":866,"n":35,"fre_gj":3090.9,"fre_daily":{"2026-09-30":3090.9},"overpasses":6,"frp_total":444.6,"frp_max":60.1,"frp_mean":12.7,"area_km2":2.1,"lat":-15.3291,"lon":141.7189,"first_seen":"2026-09-30","last_seen":"2026-09-30","duration_days":1,"status":"historic","trend":-1,"growth_ratio":0.0,"night_frac":1.0,"daily":{"2026-09-30":{"n":35,"frp":444.6}}}},{"type":"Feature","id":84,"geometry":{"type":"Polygon","coordinates":[[[142.1359,-11.4125],[142.1392,-11.4179],[142.1469,-11.4197],[142.1534,-11.4151],[142.1714,-11.3878],[142.1781,-11.3714],[142.1784,-11.3704],[142.1779,-11.367],[142.1454,-11.3989],[142.1372,-11.4072],[142.1361,-11.4115],[142.1359,-11.4125]]]},"properties":{"fid":84,"n":71,"fre_gj":3061.1,"fre_daily":{"2026-09-28":2648.4,"2026-09-29":412.7},"overpasses":10,"frp_total":568.6,"frp_max":50.0,"frp_mean":8.01,"area_km2":8.7,"lat":-11.4034,"lon":142.1519,"first_seen":"2026-09-28","last_seen":"2026-09-29","duration_days":2,"status":"historic","trend":-1,"growth_ratio":0.0,"night_frac":0.11,"daily":{"2026-09-28":{"n":59,"frp":472.0},"2026-09-29":{"n":12,"frp":96.6}}}},{"type":"Feature","id":71,"geometry":{"type":"Polygon","coordinates":[[[143.0034,-12.9038],[143.0074,-12.9206],[143.0085,-12.9223],[143.0128,-12.9214],[143.0209,-12.9142],[143.0251,-12.8926],[143.0245,-12.8883],[143.0233,-12.8864],[143.0055,-12.8968],[143.0034,-12.9038]]]},"properties":{"fid":71,"n":74,"fre_gj":3040.9,"fre_daily":{"2026-09-28":2050.8,"2026-09-29":4.7,"2026-09-30":452.8,"2026-10-01":532.7},"overpasses":16,"frp_total":553.4,"frp_max":35.5,"frp_mean":7.48,"area_km2":5.93,"lat":-12.9064,"lon":143.0126,"first_seen":"2026-09-28","last_seen":"2026-10-01","duration_days":4,"status":"historic","trend":-1,"growth_ratio":0.0,"night_frac":0.32,"daily":{"2026-09-28":{"n":36,"frp":323.9},"2026-09-29":{"n":1,"frp":2.6},"2026-09-30":{"n":19,"frp":41.6},"2026-10-01":{"n":18,"frp":185.3}}}},{"type":"Feature","id":1192,"geometry":{"type":"Polygon","coordinates":[[[143.8363,-14.651],[143.8371,-14.6718],[143.8411,-14.674],[143.8481,-14.6704],[143.8425,-14.6583],[143.8363,-14.651]]]},"properties":{"fid":1192,"n":23,"fre_gj":3014.3,"fre_daily":{"2026-10-03":2837.0,"2026-10-04":177.3},"overpasses":6,"frp_total":147.6,"frp_max":23.6,"frp_mean":6.42,"area_km2":1.75,"lat":-14.6642,"lon":143.8415,"first_seen":"2026-10-03","last_seen":"2026-10-04","duration_days":2,"status":"active","trend":-1,"growth_ratio":0.64,"night_frac":0.35,"daily":{"2026-10-03":{"n":14,"frp":49.0},"2026-10-04":{"n":9,"frp":98.5}}}},{"type":"Feature","id":930,"geometry":{"type":"Polygon","coordinates":[[[132.7514,-11.957],[132.7571,-11.9689],[132.7645,-11.9687],[132.7662,-11.9676],[132.7744,-11.9519],[132.7735,-11.9472],[132.7703,-11.9429],[132.7679,-11.944],[132.7514,-11.957]]]},"properties":{"fid":930,"n":27,"fre_gj":3007.5,"fre_daily":{"2026-09-30":2815.4,"2026-10-01":171.6,"2026-10-02":20.5},"overpasses":8,"frp_total":232.2,"frp_max":37.6,"frp_mean":8.6,"area_km2":4.18,"lat":-11.9549,"lon":132.7664,"first_seen":"2026-09-30","last_seen":"2026-10-02","duration_days":3,"status":"historic","trend":-1,"growth_ratio":0.0,"night_frac":0.11,"daily":{"2026-09-30":{"n":12,"frp":123.9},"2026-10-01":{"n":14,"frp":102.6},"2026-10-02":{"n":1,"frp":5.7}}}},{"type":"Feature","id":693,"geometry":{"type":"Polygon","coordinates":[[[131.1691,-23.193],[131.1695,-23.1999],[131.1729,-23.204],[131.1749,-23.2055],[131.1777,-23.2048],[131.1886,-23.1892],[131.1912,-23.1847],[131.1884,-23.1721],[131.1867,-23.1721],[131.1791,-23.178],[131.1697,-23.1896],[131.1691,-23.193]]]},"properties":{"fid":693,"n":54,"fre_gj":2943.1,"fre_daily":{"2026-09-29":2943.1},"overpasses":5,"frp_total":274.8,"frp_max":14.9,"frp_mean":5.09,"area_km2":4.72,"lat":-23.1911,"lon":131.1789,"first_seen":"2026-09-29","last_seen":"2026-09-29","duration_days":1,"status":"historic","trend":-1,"growth_ratio":0.0,"night_frac":0.81,"daily":{"2026-09-29":{"n":54,"frp":274.8}}}},{"type":"Feature","id":410,"geometry":{"type":"Polygon","coordinates":[[[116.7731,-20.5954],[116.7759,-20.5974],[116.7785,-20.599],[116.7817,-20.5998],[116.7859,-20.5991],[116.7874,-20.5903],[116.7779,-20.5889],[116.7735,-20.5923],[116.7731,-20.5954]]]},"properties":{"fid":410,"n":42,"fre_gj":2940.0,"fre_daily":{"2026-09-28":437.9,"2026-09-29":2461.0,"2026-09-30":12.8,"2026-10-01":8.2,"2026-10-02":5.4,"2026-10-03":14.6},"overpasses":22,"frp_total":457.6,"frp_max":41.1,"frp_mean":10.9,"area_km2":1.33,"lat":-20.5952,"lon":116.7792,"first_seen":"2026-09-28","last_seen":"2026-10-03","duration_days":6,"status":"receding","trend":-1,"growth_ratio":0.0,"night_frac":0.83,"daily":{"2026-09-28":{"n":14,"frp":90.0},"2026-09-29":{"n":18,"frp":353.3},"2026-09-30":{"n":3,"frp":4.0},"2026-10-01":{"n":2,"frp":2.8},"2026-10-02":{"n":1,"frp":1.5},"2026-10-03":{"n":4,"frp":6.0}}}},{"type":"Feature","id":73,"geometry":{"type":"Polygon","coordinates":[[[142.0547,-12.5871],[142.0571,-12.602],[142.0622,-12.6074],[142.0656,-12.607],[142.0724,-12.603],[142.0752,-12.5822],[142.0706,-12.5793],[142.0694,-12.5786],[142.0586,-12.5828],[142.0547,-12.5871]]]},"properties":{"fid":73,"n":62,"fre_gj":2938.7,"fre_daily":{"2026-09-28":1530.0,"2026-09-29":1403.7,"2026-09-30":4.9},"overpasses":14,"frp_total":409.0,"frp_max":38.5,"frp_mean":6.6,"area_km2":5.16,"lat":-12.5928,"lon":142.0649,"first_seen":"2026-09-28","last_seen":"2026-09-30","duration_days":3,"status":"historic","trend":-1,"growth_ratio":0.0,"night_frac":0.5,"daily":{"2026-09-28":{"n":30,"frp":188.3},"2026-09-29":{"n":31,"frp":218.0},"2026-09-30":{"n":1,"frp":2.7}}}},{"type":"Feature","id":1214,"geometry":{"type":"Polygon","coordinates":[[[116.1489,-32.7684],[116.1681,-32.777],[116.1755,-32.7771],[116.1798,-32.7764],[116.1614,-32.755],[116.157,-32.7505],[116.1531,-32.7507],[116.1521,-32.7528],[116.1489,-32.7684]]]},"properties":{"fid":1214,"n":44,"fre_gj":2933.8,"fre_daily":{"2026-10-03":2933.8},"overpasses":5,"frp_total":1185.6,"frp_max":223.2,"frp_mean":26.94,"area_km2":4.26,"lat":-32.7658,"lon":116.1625,"first_seen":"2026-10-03","last_seen":"2026-10-03","duration_days":1,"status":"receding","trend":-1,"growth_ratio":0.0,"night_frac":0.0,"daily":{"2026-10-03":{"n":44,"frp":1185.6}}}},{"type":"Feature","id":39,"geometry":{"type":"Polygon","coordinates":[[[148.7334,-27.8576],[148.7343,-27.8584],[148.7393,-27.8622],[148.7445,-27.8611],[148.7457,-27.859],[148.7462,-27.8559],[148.7381,-27.85],[148.7341,-27.8526],[148.7335,-27.8541],[148.7334,-27.8576]]]},"properties":{"fid":39,"n":44,"fre_gj":2915.4,"fre_daily":{"2026-09-28":643.2,"2026-09-30":1041.4,"2026-10-01":972.1,"2026-10-02":258.6},"overpasses":19,"frp_total":368.1,"frp_max":25.2,"frp_mean":8.37,"area_km2":1.13,"lat":-27.8565,"lon":148.7387,"first_seen":"2026-09-28","last_seen":"2026-10-02","duration_days":4,"status":"historic","trend":-1,"growth_ratio":0.0,"night_frac":0.3,"daily":{"2026-09-28":{"n":14,"frp":34.3},"2026-09-30":{"n":13,"frp":161.0},"2026-10-01":{"n":13,"frp":148.5},"2026-10-02":{"n":4,"frp":24.3}}}},{"type":"Feature","id":22,"geometry":{"type":"Polygon","coordinates":[[[146.6217,-32.3691],[146.6223,-32.3728],[146.6229,-32.3758],[146.624,-32.3778],[146.6276,-32.3787],[146.6306,-32.3791],[146.6409,-32.3716],[146.6406,-32.3664],[146.6387,-32.3653],[146.6258,-32.3653],[146.6217,-32.3691]]]},"properties":{"fid":22,"n":52,"fre_gj":2888.7,"fre_daily":{"2026-09-28":1520.0,"2026-09-29":1121.3,"2026-09-30":247.4},"overpasses":20,"frp_total":337.7,"frp_max":19.0,"frp_mean":6.49,"area_km2":2.1,"lat":-32.373,"lon":146.6294,"first_seen":"2026-09-28","last_seen":"2026-09-30","duration_days":3,"status":"historic","trend":-1,"growth_ratio":0.0,"night_frac":0.21,"daily":{"2026-09-28":{"n":17,"frp":94.8},"2026-09-29":{"n":23,"frp":167.9},"2026-09-30":{"n":12,"frp":75.0}}}},{"type":"Feature","id":265,"geometry":{"type":"Polygon","coordinates":[[[130.3926,-11.7913],[130.3967,-11.7996],[130.4041,-11.8016],[130.4062,-11.7983],[130.4062,-11.7904],[130.4028,-11.7866],[130.398,-11.7827],[130.3946,-11.7844],[130.3926,-11.7913]]]},"properties":{"fid":265,"n":55,"fre_gj":2817.6,"fre_daily":{"2026-09-28":25.6,"2026-09-29":674.7,"2026-09-30":809.7,"2026-10-01":913.1,"2026-10-02":108.2,"2026-10-03":286.4},"overpasses":23,"frp_total":342.2,"frp_max":19.9,"frp_mean":6.22,"area_km2":2.15,"lat":-11.7923,"lon":130.3994,"first_seen":"2026-09-28","last_seen":"2026-10-03","duration_days":6,"status":"receding","trend":-1,"growth_ratio":0.0,"night_frac":0.13,"daily":{"2026-09-28":{"n":2,"frp":8.2},"2026-09-29":{"n":9,"frp":39.1},"2026-09-30":{"n":10,"frp":48.0},"2026-10-01":{"n":16,"frp":100.2},"2026-10-02":{"n":9,"frp":54.0},"2026-10-03":{"n":9,"frp":92.7}}}},{"type":"Feature","id":268,"geometry":{"type":"Polygon","coordinates":[[[130.5327,-11.5336],[130.5448,-11.5414],[130.5542,-11.5358],[130.5436,-11.5202],[130.537,-11.5216],[130.5327,-11.5336]]]},"properties":{"fid":268,"n":36,"fre_gj":2710.8,"fre_daily":{"2026-09-28":609.2,"2026-09-30":1425.7,"2026-10-01":543.4,"2026-10-02":132.5},"overpasses":14,"frp_total":339.3,"frp_max":21.2,"frp_mean":9.43,"area_km2":3.17,"lat":-11.5301,"lon":130.5422,"first_seen":"2026-09-28","last_seen":"2026-10-02","duration_days":4,"status":"historic","trend":-1,"growth_ratio":0.0,"night_frac":0.19,"daily":{"2026-09-28":{"n":18,"frp":189.6},"2026-09-30":{"n":7,"frp":17.0},"2026-10-01":{"n":5,"frp":88.8},"2026-10-02":{"n":6,"frp":43.9}}}},{"type":"Feature","id":25,"geometry":{"type":"Polygon","coordinates":[[[146.9843,-31.6211],[146.9858,-31.6233],[146.9861,-31.6235],[146.9896,-31.624],[147.0003,-31.6219],[146.9967,-31.6176],[146.9938,-31.6162],[146.9913,-31.6155],[146.9896,-31.6151],[146.9849,-31.6158],[146.9843,-31.6211]]]},"properties":{"fid":25,"n":54,"fre_gj":2710.6,"fre_daily":{"2026-09-28":684.4,"2026-09-30":1816.1,"2026-10-01":17.3,"2026-10-03":192.8},"overpasses":16,"frp_total":384.4,"frp_max":47.3,"frp_mean":7.12,"area_km2":1.04,"lat":-31.6195,"lon":146.9901,"first_seen":"2026-09-28","last_seen":"2026-10-03","duration_days":4,"status":"receding","trend":-1,"growth_ratio":0.0,"night_frac":0.39,"daily":{"2026-09-28":{"n":15,"frp":104.2},"2026-09-30":{"n":36,"frp":217.1},"2026-10-01":{"n":1,"frp":9.6},"2026-10-03":{"n":2,"frp":53.5}}}},{"type":"Feature","id":1270,"geometry":{"type":"Polygon","coordinates":[[[116.1113,-32.0622],[116.1141,-32.0735],[116.117,-32.0848],[116.1347,-32.0812],[116.1318,-32.07],[116.1287,-32.0587],[116.1113,-32.0622]]]},"properties":{"fid":1270,"n":8,"fre_gj":2693.5,"fre_daily":{"2026-10-03":2693.5},"overpasses":1,"frp_total":748.2,"frp_max":158.4,"frp_mean":93.52,"area_km2":4.36,"lat":-32.0707,"lon":116.1236,"first_seen":"2026-10-03","last_seen":"2026-10-03","duration_days":1,"status":"receding","trend":-1,"growth_ratio":0.0,"night_frac":0.0,"daily":{"2026-10-03":{"n":8,"frp":748.2}}}},{"type":"Feature","id":545,"geometry":{"type":"Polygon","coordinates":[[[130.5044,-18.3178],[130.5083,-18.3185],[130.5281,-18.3142],[130.5345,-18.2877],[130.5355,-18.2759],[130.5261,-18.2773],[130.5145,-18.2839],[130.5044,-18.3178]]]},"properties":{"fid":545,"n":26,"fre_gj":2674.3,"fre_daily":{"2026-09-28":202.3,"2026-09-29":1965.3,"2026-09-30":506.7},"overpasses":8,"frp_total":324.4,"frp_max":42.7,"frp_mean":12.48,"area_km2":9.57,"lat":-18.2965,"lon":130.5216,"first_seen":"2026-09-28","last_seen":"2026-09-30","duration_days":3,"status":"historic","trend":-1,"growth_ratio":0.0,"night_frac":0.23,"daily":{"2026-09-28":{"n":2,"frp":56.2},"2026-09-29":{"n":6,"frp":6.8},"2026-09-30":{"n":18,"frp":261.4}}}},{"type":"Feature","id":673,"geometry":{"type":"Polygon","coordinates":[[[136.7685,-12.2987],[136.7728,-12.3021],[136.7877,-12.3078],[136.794,-12.3083],[136.7924,-12.2991],[136.7865,-12.2959],[136.781,-12.2936],[136.7709,-12.2958],[136.7694,-12.2974],[136.7685,-12.2987]]]},"properties":{"fid":673,"n":41,"fre_gj":2671.4,"fre_daily":{"2026-09-29":263.8,"2026-09-30":680.3,"2026-10-01":1389.8,"2026-10-02":332.6,"2026-10-03":4.9},"overpasses":16,"frp_total":171.2,"frp_max":22.1,"frp_mean":4.17,"area_km2":2.7,"lat":-12.3015,"lon":136.7844,"first_seen":"2026-09-29","last_seen":"2026-10-03","duration_days":5,"status":"receding","trend":-1,"growth_ratio":0.0,"night_frac":0.46,"daily":{"2026-09-29":{"n":2,"frp":1.5},"2026-09-30":{"n":5,"frp":43.5},"2026-10-01":{"n":16,"frp":59.6},"2026-10-02":{"n":16,"frp":65.0},"2026-10-03":{"n":2,"frp":1.6}}}},{"type":"Feature","id":1104,"geometry":{"type":"Polygon","coordinates":[[[141.5779,-15.2934],[141.5875,-15.3058],[141.5987,-15.3067],[141.6077,-15.3051],[141.6209,-15.3018],[141.583,-15.2912],[141.5779,-15.2934]]]},"properties":{"fid":1104,"n":19,"fre_gj":2649.0,"fre_daily":{"2026-10-02":2583.6,"2026-10-03":65.3},"overpasses":5,"frp_total":708.0,"frp_max":164.1,"frp_mean":37.27,"area_km2":4.0,"lat":-15.3,"lon":141.596,"first_seen":"2026-10-02","last_seen":"2026-10-03","duration_days":2,"status":"receding","trend":-1,"growth_ratio":0.0,"night_frac":0.0,"daily":{"2026-10-02":{"n":18,"frp":689.9},"2026-10-03":{"n":1,"frp":18.1}}}},{"type":"Feature","id":607,"geometry":{"type":"Polygon","coordinates":[[[131.2084,-23.2393],[131.2085,-23.2423],[131.2205,-23.2334],[131.2217,-23.2305],[131.2255,-23.2067],[131.2257,-23.2045],[131.2261,-23.197],[131.2255,-23.1907],[131.2189,-23.1779],[131.2147,-23.1712],[131.2109,-23.1685],[131.2102,-23.1764],[131.2084,-23.2393]]]},"properties":{"fid":607,"n":50,"fre_gj":2648.4,"fre_daily":{"2026-09-29":2648.4},"overpasses":7,"frp_total":477.4,"frp_max":41.9,"frp_mean":9.55,"area_km2":10.21,"lat":-23.2062,"lon":131.217,"first_seen":"2026-09-29","last_seen":"2026-09-29","duration_days":1,"status":"historic","trend":-1,"growth_ratio":0.0,"night_frac":0.14,"daily":{"2026-09-29":{"n":50,"frp":477.4}}}},{"type":"Feature","id":1080,"geometry":{"type":"Polygon","coordinates":[[[148.3424,-9.4375],[148.3447,-9.4427],[148.3452,-9.4436],[148.3506,-9.4532],[148.354,-9.4543],[148.3575,-9.4431],[148.3577,-9.4302],[148.3549,-9.426],[148.3424,-9.4375]]]},"properties":{"fid":1080,"n":13,"fre_gj":2617.2,"fre_daily":{"2026-10-01":32.4,"2026-10-02":15.1,"2026-10-03":2384.0,"2026-10-04":185.7},"overpasses":6,"frp_total":179.5,"frp_max":50.8,"frp_mean":13.81,"area_km2":3.16,"lat":-9.4396,"lon":148.3502,"first_seen":"2026-10-01","last_seen":"2026-10-04","duration_days":4,"status":"active","trend":1,"growth_ratio":1.33,"night_frac":0.08,"daily":{"2026-10-01":{"n":1,"frp":9.0},"2026-10-02":{"n":1,"frp":4.2},"2026-10-03":{"n":7,"frp":63.1},"2026-10-04":{"n":4,"frp":103.2}}}},{"type":"Feature","id":865,"geometry":{"type":"Polygon","coordinates":[[[141.7282,-15.4217],[141.7321,-15.4264],[141.7364,-15.428],[141.7419,-15.4296],[141.744,-15.43],[141.746,-15.4225],[141.7454,-15.4189],[141.7414,-15.4169],[141.732,-15.4172],[141.7282,-15.4217]]]},"properties":{"fid":865,"n":29,"fre_gj":2592.4,"fre_daily":{"2026-09-30":1445.0,"2026-10-01":1147.4},"overpasses":8,"frp_total":189.6,"frp_max":26.2,"frp_mean":6.54,"area_km2":1.97,"lat":-15.4238,"lon":141.7401,"first_seen":"2026-09-30","last_seen":"2026-10-01","duration_days":2,"status":"historic","trend":-1,"growth_ratio":0.0,"night_frac":0.34,"daily":{"2026-09-30":{"n":3,"frp":1.6},"2026-10-01":{"n":26,"frp":188.0}}}},{"type":"Feature","id":960,"geometry":{"type":"Polygon","coordinates":[[[149.6027,-23.3366],[149.6139,-23.3401],[149.6169,-23.3352],[149.6183,-23.3318],[149.6149,-23.3282],[149.6077,-23.3301],[149.6027,-23.3366]]]},"properties":{"fid":960,"n":21,"fre_gj":2585.8,"fre_daily":{"2026-10-01":2534.1,"2026-10-02":51.7},"overpasses":9,"frp_total":477.3,"frp_max":77.1,"frp_mean":22.73,"area_km2":1.25,"lat":-23.3334,"lon":149.6133,"first_seen":"2026-10-01","last_seen":"2026-10-02","duration_days":2,"status":"historic","trend":-1,"growth_ratio":0.0,"night_frac":0.1,"daily":{"2026-10-01":{"n":18,"frp":458.7},"2026-10-02":{"n":3,"frp":18.6}}}},{"type":"Feature","id":719,"geometry":{"type":"Polygon","coordinates":[[[148.9333,-9.3395],[148.9475,-9.341],[148.9481,-9.3375],[148.9488,-9.3334],[148.9498,-9.3196],[148.9406,-9.322],[148.9333,-9.3391],[148.9333,-9.3395]]]},"properties":{"fid":719,"n":40,"fre_gj":2570.9,"fre_daily":{"2026-09-29":1087.9,"2026-09-30":228.7,"2026-10-01":219.2,"2026-10-02":1003.4,"2026-10-03":31.6},"overpasses":15,"frp_total":274.9,"frp_max":18.6,"frp_mean":6.87,"area_km2":2.82,"lat":-9.3326,"lon":148.9438,"first_seen":"2026-09-29","last_seen":"2026-10-03","duration_days":5,"status":"receding","trend":-1,"growth_ratio":0.0,"night_frac":0.2,"daily":{"2026-09-29":{"n":9,"frp":30.9},"2026-09-30":{"n":14,"frp":129.3},"2026-10-01":{"n":6,"frp":59.8},"2026-10-02":{"n":8,"frp":37.3},"2026-10-03":{"n":3,"frp":17.6}}}},{"type":"Feature","id":375,"geometry":{"type":"Polygon","coordinates":[[[133.8997,-15.488],[133.9044,-15.4901],[133.9096,-15.4895],[133.918,-15.4848],[133.9196,-15.4839],[133.9179,-15.4652],[133.9166,-15.4594],[133.9112,-15.4539],[133.9012,-15.4833],[133.8997,-15.488]]]},"properties":{"fid":375,"n":34,"fre_gj":2562.9,"fre_daily":{"2026-09-28":1336.8,"2026-09-29":1226.1},"overpasses":8,"frp_total":227.7,"frp_max":32.9,"frp_mean":6.7,"area_km2":5.03,"lat":-15.4786,"lon":133.9112,"first_seen":"2026-09-28","last_seen":"2026-09-29","duration_days":2,"status":"historic","trend":-1,"growth_ratio":0.0,"night_frac":0.29,"daily":{"2026-09-28":{"n":7,"frp":6.0},"2026-09-29":{"n":27,"frp":221.7}}}},{"type":"Feature","id":975,"geometry":{"type":"Polygon","coordinates":[[[141.9387,-11.9526],[141.9413,-11.9739],[141.9416,-11.9746],[141.9485,-11.9672],[141.9492,-11.9583],[141.9491,-11.9516],[141.9482,-11.9359],[141.9437,-11.9365],[141.9387,-11.9526]]]},"properties":{"fid":975,"n":42,"fre_gj":2482.6,"fre_daily":{"2026-10-01":1289.2,"2026-10-02":421.2,"2026-10-03":749.3,"2026-10-04":23.0},"overpasses":16,"frp_total":257.6,"frp_max":32.2,"frp_mean":6.13,"area_km2":3.48,"lat":-11.9566,"lon":141.9447,"first_seen":"2026-10-01","last_seen":"2026-10-04","duration_days":4,"status":"active","trend":-1,"growth_ratio":0.15,"night_frac":0.55,"daily":{"2026-10-01":{"n":23,"frp":126.3},"2026-10-02":{"n":10,"frp":92.0},"2026-10-03":{"n":7,"frp":26.6},"2026-10-04":{"n":2,"frp":12.8}}}},{"type":"Feature","id":158,"geometry":{"type":"Polygon","coordinates":[[[148.6444,-9.1872],[148.6476,-9.1946],[148.6583,-9.1899],[148.6734,-9.1467],[148.662,-9.1404],[148.6592,-9.1397],[148.6524,-9.1508],[148.6465,-9.1605],[148.6453,-9.1728],[148.6444,-9.1872]]]},"properties":{"fid":158,"n":39,"fre_gj":2446.2,"fre_daily":{"2026-09-28":304.5,"2026-10-01":135.1,"2026-10-02":581.4,"2026-10-03":1425.3},"overpasses":14,"frp_total":378.6,"frp_max":40.7,"frp_mean":9.71,"area_km2":11.09,"lat":-9.1721,"lon":148.6525,"first_seen":"2026-09-28","last_seen":"2026-10-03","duration_days":4,"status":"receding","trend":-1,"growth_ratio":0.0,"night_frac":0.26,"daily":{"2026-09-28":{"n":10,"frp":167.1},"2026-10-01":{"n":4,"frp":45.4},"2026-10-02":{"n":9,"frp":15.8},"2026-10-03":{"n":16,"frp":150.3}}}},{"type":"Feature","id":743,"geometry":{"type":"Polygon","coordinates":[[[144.4515,-15.5488],[144.4537,-15.5559],[144.476,-15.5579],[144.4812,-15.5522],[144.4747,-15.5146],[144.4723,-15.5174],[144.4515,-15.5488]]]},"properties":{"fid":743,"n":36,"fre_gj":2417.6,"fre_daily":{"2026-09-29":45.6,"2026-09-30":300.5,"2026-10-03":1958.6,"2026-10-04":112.8},"overpasses":9,"frp_total":193.8,"frp_max":13.6,"frp_mean":5.38,"area_km2":8.61,"lat":-15.5446,"lon":144.4664,"first_seen":"2026-09-29","last_seen":"2026-10-04","duration_days":4,"status":"active","trend":-1,"growth_ratio":0.6,"night_frac":0.06,"daily":{"2026-09-29":{"n":2,"frp":3.3},"2026-09-30":{"n":18,"frp":76.5},"2026-10-03":{"n":10,"frp":51.4},"2026-10-04":{"n":6,"frp":62.7}}}},{"type":"Feature","id":888,"geometry":{"type":"Polygon","coordinates":[[[146.801,-31.0989],[146.802,-31.1003],[146.8027,-31.101],[146.8077,-31.0996],[146.8087,-31.0987],[146.8066,-31.094],[146.8031,-31.0929],[146.8019,-31.0953],[146.801,-31.0989]]]},"properties":{"fid":888,"n":24,"fre_gj":2395.2,"fre_daily":{"2026-09-30":582.8,"2026-10-01":194.0,"2026-10-03":1618.5},"overpasses":13,"frp_total":149.4,"frp_max":23.6,"frp_mean":6.23,"area_km2":0.43,"lat":-31.0973,"lon":146.8046,"first_seen":"2026-09-30","last_seen":"2026-10-03","duration_days":3,"status":"receding","trend":-1,"growth_ratio":0.0,"night_frac":0.71,"daily":{"2026-09-30":{"n":13,"frp":38.8},"2026-10-01":{"n":5,"frp":35.7},"2026-10-03":{"n":6,"frp":74.9}}}},{"type":"Feature","id":224,"geometry":{"type":"Polygon","coordinates":[[[129.6018,-20.564],[129.6051,-20.5829],[129.6064,-20.5845],[129.6116,-20.5853],[129.6238,-20.5871],[129.6265,-20.5684],[129.6241,-20.5582],[129.6128,-20.5566],[129.6018,-20.564]]]},"properties":{"fid":224,"n":31,"fre_gj":2370.2,"fre_daily":{"2026-09-28":1683.1,"2026-09-29":687.1},"overpasses":8,"frp_total":273.7,"frp_max":26.5,"frp_mean":8.83,"area_km2":6.8,"lat":-20.5736,"lon":129.6163,"first_seen":"2026-09-28","last_seen":"2026-09-29","duration_days":2,"status":"historic","trend":-1,"growth_ratio":0.0,"night_frac":0.13,"daily":{"2026-09-28":{"n":28,"frp":253.7},"2026-09-29":{"n":3,"frp":20.0}}}},{"type":"Feature","id":138,"geometry":{"type":"Polygon","coordinates":[[[148.7483,-9.3656],[148.7641,-9.3666],[148.7875,-9.3647],[148.7849,-9.3595],[148.7754,-9.3514],[148.7734,-9.351],[148.7543,-9.354],[148.7483,-9.3656]]]},"properties":{"fid":138,"n":43,"fre_gj":2332.2,"fre_daily":{"2026-09-28":689.6,"2026-09-29":610.4,"2026-09-30":91.9,"2026-10-01":708.8,"2026-10-02":93.1,"2026-10-03":138.4},"overpasses":23,"frp_total":358.2,"frp_max":37.9,"frp_mean":8.33,"area_km2":5.2,"lat":-9.359,"lon":148.7699,"first_seen":"2026-09-28","last_seen":"2026-10-03","duration_days":6,"status":"receding","trend":-1,"growth_ratio":0.0,"night_frac":0.33,"daily":{"2026-09-28":{"n":8,"frp":35.1},"2026-09-29":{"n":11,"frp":41.7},"2026-09-30":{"n":4,"frp":46.9},"2026-10-01":{"n":8,"frp":180.1},"2026-10-02":{"n":3,"frp":9.4},"2026-10-03":{"n":9,"frp":45.0}}}},{"type":"Feature","id":547,"geometry":{"type":"Polygon","coordinates":[[[135.9896,-12.9472],[135.9995,-12.9457],[136.0244,-12.924],[136.0246,-12.9185],[135.9969,-12.9203],[135.9962,-12.9217],[135.9896,-12.9472]]]},"properties":{"fid":547,"n":15,"fre_gj":2326.3,"fre_daily":{"2026-09-28":77.8,"2026-09-29":44.7,"2026-09-30":2203.8},"overpasses":8,"frp_total":168.6,"frp_max":52.0,"frp_mean":11.24,"area_km2":6.63,"lat":-12.9299,"lon":136.0056,"first_seen":"2026-09-28","last_seen":"2026-09-30","duration_days":3,"status":"historic","trend":-1,"growth_ratio":0.0,"night_frac":0.2,"daily":{"2026-09-28":{"n":1,"frp":21.6},"2026-09-29":{"n":2,"frp":14.2},"2026-09-30":{"n":12,"frp":132.8}}}},{"type":"Feature","id":1174,"geometry":{"type":"Polygon","coordinates":[[[126.6228,-20.0954],[126.6302,-20.096],[126.6388,-20.0964],[126.64,-20.0928],[126.6379,-20.0858],[126.6284,-20.0843],[126.6228,-20.0954]]]},"properties":{"fid":1174,"n":15,"fre_gj":2308.7,"fre_daily":{"2026-10-02":1993.0,"2026-10-03":315.7},"overpasses":4,"frp_total":198.1,"frp_max":32.6,"frp_mean":13.2,"area_km2":1.74,"lat":-20.0903,"lon":126.6334,"first_seen":"2026-10-02","last_seen":"2026-10-03","duration_days":2,"status":"receding","trend":-1,"growth_ratio":0.0,"night_frac":0.27,"daily":{"2026-10-02":{"n":4,"frp":64.3},"2026-10-03":{"n":11,"frp":133.7}}}},{"type":"Feature","id":430,"geometry":{"type":"Polygon","coordinates":[[[148.5638,-20.3956],[148.569,-20.4002],[148.5713,-20.4],[148.5767,-20.3986],[148.5752,-20.3955],[148.5698,-20.3926],[148.5661,-20.3925],[148.5638,-20.3956]]]},"properties":{"fid":430,"n":13,"fre_gj":2286.2,"fre_daily":{"2026-09-28":2286.2},"overpasses":2,"frp_total":952.6,"frp_max":204.7,"frp_mean":73.28,"area_km2":0.73,"lat":-20.3962,"lon":148.5702,"first_seen":"2026-09-28","last_seen":"2026-09-28","duration_days":1,"status":"historic","trend":-1,"growth_ratio":0.0,"night_frac":0.0,"daily":{"2026-09-28":{"n":13,"frp":952.6}}}},{"type":"Feature","id":691,"geometry":{"type":"Polygon","coordinates":[[[142.5382,-9.0102],[142.5387,-9.0139],[142.5438,-9.0171],[142.5633,-9.0221],[142.5826,-9.0264],[142.593,-9.0149],[142.5621,-9.006],[142.5576,-9.0066],[142.5382,-9.0102]]]},"properties":{"fid":691,"n":33,"fre_gj":2282.0,"fre_daily":{"2026-09-29":1.8,"2026-09-30":532.7,"2026-10-01":632.8,"2026-10-02":92.9,"2026-10-03":1021.9},"overpasses":10,"frp_total":373.4,"frp_max":34.6,"frp_mean":11.32,"area_km2":7.73,"lat":-9.0154,"lon":142.5614,"first_seen":"2026-09-29","last_seen":"2026-10-03","duration_days":5,"status":"receding","trend":-1,"growth_ratio":0.0,"night_frac":0.15,"daily":{"2026-09-29":{"n":1,"frp":0.5},"2026-09-30":{"n":1,"frp":1.1},"2026-10-01":{"n":17,"frp":196.2},"2026-10-02":{"n":1,"frp":25.8},"2026-10-03":{"n":13,"frp":149.8}}}},{"type":"Feature","id":832,"geometry":{"type":"Polygon","coordinates":[[[135.8183,-12.212],[135.8188,-12.2154],[135.8219,-12.2238],[135.8282,-12.2277],[135.8313,-12.2237],[135.8319,-12.2223],[135.8335,-12.2005],[135.8334,-12.2],[135.8315,-12.1944],[135.828,-12.1938],[135.8183,-12.212]]]},"properties":{"fid":832,"n":45,"fre_gj":2248.7,"fre_daily":{"2026-09-30":1949.6,"2026-10-02":124.6,"2026-10-03":174.5},"overpasses":10,"frp_total":531.6,"frp_max":101.0,"frp_mean":11.81,"area_km2":4.08,"lat":-12.213,"lon":135.8279,"first_seen":"2026-09-30","last_seen":"2026-10-03","duration_days":3,"status":"receding","trend":-1,"growth_ratio":0.0,"night_frac":0.09,"daily":{"2026-09-30":{"n":31,"frp":421.2},"2026-10-02":{"n":8,"frp":61.9},"2026-10-03":{"n":6,"frp":48.5}}}},{"type":"Feature","id":932,"geometry":{"type":"Polygon","coordinates":[[[133.0642,-22.0287],[133.065,-22.033],[133.078,-22.0412],[133.1026,-22.044],[133.1026,-22.0416],[133.0648,-22.0246],[133.0642,-22.0287]]]},"properties":{"fid":932,"n":11,"fre_gj":2242.2,"fre_daily":{"2026-09-30":2016.9,"2026-10-01":225.3},"overpasses":7,"frp_total":116.0,"frp_max":42.4,"frp_mean":10.55,"area_km2":3.28,"lat":-22.0342,"lon":133.079,"first_seen":"2026-09-30","last_seen":"2026-10-01","duration_days":2,"status":"historic","trend":-1,"growth_ratio":0.0,"night_frac":0.45,"daily":{"2026-09-30":{"n":6,"frp":97.1},"2026-10-01":{"n":5,"frp":18.9}}}},{"type":"Feature","id":925,"geometry":{"type":"Polygon","coordinates":[[[152.5572,-29.1087],[152.5579,-29.1132],[152.5587,-29.1174],[152.5596,-29.1213],[152.5645,-29.1235],[152.5765,-29.1183],[152.5656,-29.1058],[152.5598,-29.1051],[152.5572,-29.1087]]]},"properties":{"fid":925,"n":55,"fre_gj":2234.3,"fre_daily":{"2026-09-30":684.9,"2026-10-01":1088.1,"2026-10-02":461.4},"overpasses":18,"frp_total":326.0,"frp_max":15.9,"frp_mean":5.93,"area_km2":2.33,"lat":-29.1137,"lon":152.5638,"first_seen":"2026-09-30","last_seen":"2026-10-02","duration_days":3,"status":"historic","trend":-1,"growth_ratio":0.0,"night_frac":0.33,"daily":{"2026-09-30":{"n":2,"frp":1.7},"2026-10-01":{"n":34,"frp":186.5},"2026-10-02":{"n":19,"frp":137.8}}}},{"type":"Feature","id":261,"geometry":{"type":"Polygon","coordinates":[[[131.4259,-12.9219],[131.4298,-12.9273],[131.4422,-12.9434],[131.4478,-12.949],[131.4602,-12.9474],[131.4411,-12.9285],[131.429,-12.9224],[131.4259,-12.9219]]]},"properties":{"fid":261,"n":21,"fre_gj":2223.2,"fre_daily":{"2026-09-28":2204.1,"2026-09-29":19.1},"overpasses":7,"frp_total":233.1,"frp_max":67.3,"frp_mean":11.1,"area_km2":3.47,"lat":-12.9372,"lon":131.4441,"first_seen":"2026-09-28","last_seen":"2026-09-29","duration_days":2,"status":"historic","trend":-1,"growth_ratio":0.0,"night_frac":0.43,"daily":{"2026-09-28":{"n":20,"frp":227.8},"2026-09-29":{"n":1,"frp":5.3}}}},{"type":"Feature","id":143,"geometry":{"type":"Polygon","coordinates":[[[149.017,-9.3217],[149.0189,-9.327],[149.0292,-9.328],[149.0297,-9.3275],[149.0326,-9.3139],[149.0329,-9.3092],[149.0322,-9.3081],[149.0308,-9.3068],[149.017,-9.3217]]]},"properties":{"fid":143,"n":33,"fre_gj":2222.2,"fre_daily":{"2026-09-28":434.9,"2026-09-29":345.2,"2026-09-30":222.2,"2026-10-01":216.3,"2026-10-02":642.2,"2026-10-03":361.5},"overpasses":16,"frp_total":118.1,"frp_max":15.6,"frp_mean":3.58,"area_km2":2.35,"lat":-9.3199,"lon":149.0267,"first_seen":"2026-09-28","last_seen":"2026-10-03","duration_days":6,"status":"receding","trend":-1,"growth_ratio":0.0,"night_frac":0.52,"daily":{"2026-09-28":{"n":8,"frp":12.0},"2026-09-29":{"n":6,"frp":23.5},"2026-09-30":{"n":4,"frp":10.2},"2026-10-01":{"n":4,"frp":36.6},"2026-10-02":{"n":7,"frp":18.6},"2026-10-03":{"n":4,"frp":17.2}}}},{"type":"Feature","id":946,"geometry":{"type":"Polygon","coordinates":[[[131.8486,-12.9286],[131.8598,-12.9303],[131.8658,-12.9226],[131.8642,-12.9126],[131.8606,-12.9131],[131.8505,-12.9181],[131.8486,-12.9286]]]},"properties":{"fid":946,"n":18,"fre_gj":2204.7,"fre_daily":{"2026-09-30":32.2,"2026-10-01":2172.5},"overpasses":3,"frp_total":666.3,"frp_max":213.9,"frp_mean":37.02,"area_km2":2.55,"lat":-12.9204,"lon":131.8582,"first_seen":"2026-09-30","last_seen":"2026-10-01","duration_days":2,"status":"historic","trend":-1,"growth_ratio":0.0,"night_frac":0.0,"daily":{"2026-09-30":{"n":1,"frp":17.9},"2026-10-01":{"n":17,"frp":648.4}}}},{"type":"Feature","id":62,"geometry":{"type":"Polygon","coordinates":[[[136.7385,-14.0786],[136.74,-14.0828],[136.7465,-14.0873],[136.7501,-14.0868],[136.7524,-14.0843],[136.7528,-14.0788],[136.7435,-14.0714],[136.7385,-14.0786]]]},"properties":{"fid":62,"n":31,"fre_gj":2204.3,"fre_daily":{"2026-09-28":1325.7,"2026-09-29":33.7,"2026-09-30":102.9,"2026-10-01":647.3,"2026-10-02":54.8,"2026-10-03":39.9},"overpasses":16,"frp_total":264.3,"frp_max":30.8,"frp_mean":8.53,"area_km2":1.71,"lat":-14.0801,"lon":136.7464,"first_seen":"2026-09-28","last_seen":"2026-10-03","duration_days":6,"status":"receding","trend":-1,"growth_ratio":0.0,"night_frac":0.26,"daily":{"2026-09-28":{"n":10,"frp":110.5},"2026-09-29":{"n":2,"frp":18.7},"2026-09-30":{"n":1,"frp":2.3},"2026-10-01":{"n":9,"frp":91.7},"2026-10-02":{"n":7,"frp":30.0},"2026-10-03":{"n":2,"frp":11.1}}}},{"type":"Feature","id":336,"geometry":{"type":"Polygon","coordinates":[[[146.5656,-32.7072],[146.5711,-32.7232],[146.5727,-32.7248],[146.5759,-32.7277],[146.5811,-32.7256],[146.5787,-32.7215],[146.574,-32.7142],[146.568,-32.7064],[146.5659,-32.7064],[146.5656,-32.7072]]]},"properties":{"fid":336,"n":52,"fre_gj":2186.7,"fre_daily":{"2026-09-28":1236.0,"2026-09-29":589.3,"2026-09-30":269.2,"2026-10-01":92.2},"overpasses":17,"frp_total":337.6,"frp_max":15.5,"frp_mean":6.49,"area_km2":1.31,"lat":-32.7183,"lon":146.5732,"first_seen":"2026-09-28","last_seen":"2026-10-01","duration_days":4,"status":"historic","trend":-1,"growth_ratio":0.0,"night_frac":0.15,"daily":{"2026-09-28":{"n":7,"frp":54.5},"2026-09-29":{"n":25,"frp":146.5},"2026-09-30":{"n":15,"frp":111.0},"2026-10-01":{"n":5,"frp":25.6}}}},{"type":"Feature","id":43,"geometry":{"type":"Polygon","coordinates":[[[149.0159,-25.4338],[149.0201,-25.4411],[149.023,-25.4441],[149.0317,-25.4473],[149.0331,-25.4419],[149.0332,-25.4178],[149.0325,-25.4141],[149.0318,-25.4145],[149.0175,-25.4237],[149.0167,-25.4247],[149.0161,-25.429],[149.0159,-25.4338]]]},"properties":{"fid":43,"n":64,"fre_gj":2176.4,"fre_daily":{"2026-09-28":718.0,"2026-09-29":154.4,"2026-10-01":459.3,"2026-10-02":509.2,"2026-10-03":335.5},"overpasses":20,"frp_total":206.6,"frp_max":22.7,"frp_mean":3.23,"area_km2":4.53,"lat":-25.4309,"lon":149.0241,"first_seen":"2026-09-28","last_seen":"2026-10-03","duration_days":5,"status":"receding","trend":-1,"growth_ratio":0.0,"night_frac":0.52,"daily":{"2026-09-28":{"n":33,"frp":94.5},"2026-09-29":{"n":8,"frp":48.0},"2026-10-01":{"n":7,"frp":33.2},"2026-10-02":{"n":9,"frp":13.6},"2026-10-03":{"n":7,"frp":17.3}}}},{"type":"Feature","id":611,"geometry":{"type":"Polygon","coordinates":[[[127.3958,-20.9512],[127.4162,-20.9553],[127.4197,-20.9545],[127.4199,-20.9531],[127.4186,-20.9478],[127.4176,-20.9474],[127.3958,-20.9512]]]},"properties":{"fid":611,"n":10,"fre_gj":2140.7,"fre_daily":{"2026-09-29":2140.7},"overpasses":4,"frp_total":447.8,"frp_max":335.1,"frp_mean":44.78,"area_km2":1.16,"lat":-20.9517,"lon":127.4149,"first_seen":"2026-09-29","last_seen":"2026-09-29","duration_days":1,"status":"historic","trend":-1,"growth_ratio":0.0,"night_frac":0.1,"daily":{"2026-09-29":{"n":10,"frp":447.8}}}},{"type":"Feature","id":27,"geometry":{"type":"Polygon","coordinates":[[[147.0376,-31.1683],[147.0439,-31.175],[147.0494,-31.1748],[147.0533,-31.1724],[147.0547,-31.1705],[147.055,-31.1693],[147.0398,-31.1545],[147.0389,-31.1581],[147.0376,-31.1683]]]},"properties":{"fid":27,"n":40,"fre_gj":2129.3,"fre_daily":{"2026-09-28":967.7,"2026-09-29":636.9,"2026-09-30":524.6},"overpasses":19,"frp_total":177.6,"frp_max":19.0,"frp_mean":4.44,"area_km2":2.08,"lat":-31.1677,"lon":147.047,"first_seen":"2026-09-28","last_seen":"2026-09-30","duration_days":3,"status":"historic","trend":-1,"growth_ratio":0.0,"night_frac":0.55,"daily":{"2026-09-28":{"n":11,"frp":55.0},"2026-09-29":{"n":15,"frp":94.6},"2026-09-30":{"n":14,"frp":28.0}}}},{"type":"Feature","id":231,"geometry":{"type":"Polygon","coordinates":[[[129.6113,-20.4464],[129.615,-20.4456],[129.6293,-20.4395],[129.6326,-20.438],[129.631,-20.432],[129.6211,-20.4213],[129.615,-20.4244],[129.6115,-20.4277],[129.6113,-20.4464]]]},"properties":{"fid":231,"n":30,"fre_gj":2124.5,"fre_daily":{"2026-09-28":697.1,"2026-09-29":1427.4},"overpasses":8,"frp_total":398.0,"frp_max":36.8,"frp_mean":13.27,"area_km2":4.02,"lat":-20.434,"lon":129.6207,"first_seen":"2026-09-28","last_seen":"2026-09-29","duration_days":2,"status":"historic","trend":-1,"growth_ratio":0.0,"night_frac":0.0,"daily":{"2026-09-28":{"n":21,"frp":223.0},"2026-09-29":{"n":9,"frp":175.0}}}},{"type":"Feature","id":618,"geometry":{"type":"Polygon","coordinates":[[[130.9516,-11.3676],[130.9527,-11.3734],[130.9586,-11.376],[130.9622,-11.3755],[130.9635,-11.3748],[130.9637,-11.3703],[130.9611,-11.3687],[130.9516,-11.3676]]]},"properties":{"fid":618,"n":31,"fre_gj":2070.0,"fre_daily":{"2026-09-29":15.5,"2026-09-30":754.6,"2026-10-01":504.6,"2026-10-02":549.3,"2026-10-03":246.0},"overpasses":15,"frp_total":170.0,"frp_max":9.4,"frp_mean":5.48,"area_km2":0.91,"lat":-11.3719,"lon":130.9588,"first_seen":"2026-09-29","last_seen":"2026-10-03","duration_days":5,"status":"receding","trend":-1,"growth_ratio":0.0,"night_frac":0.19,"daily":{"2026-09-29":{"n":1,"frp":4.3},"2026-09-30":{"n":7,"frp":42.3},"2026-10-01":{"n":4,"frp":18.7},"2026-10-02":{"n":13,"frp":66.8},"2026-10-03":{"n":6,"frp":37.9}}}},{"type":"Feature","id":976,"geometry":{"type":"Polygon","coordinates":[[[130.6821,-11.4764],[130.6895,-11.4808],[130.6903,-11.4758],[130.6846,-11.471],[130.6826,-11.4741],[130.6821,-11.4764]]]},"properties":{"fid":976,"n":17,"fre_gj":2066.5,"fre_daily":{"2026-10-01":126.0,"2026-10-02":1851.1,"2026-10-03":89.4},"overpasses":10,"frp_total":138.0,"frp_max":29.7,"frp_mean":8.12,"area_km2":0.52,"lat":-11.4756,"lon":130.6863,"first_seen":"2026-10-01","last_seen":"2026-10-03","duration_days":3,"status":"receding","trend":-1,"growth_ratio":0.0,"night_frac":0.18,"daily":{"2026-10-01":{"n":4,"frp":17.7},"2026-10-02":{"n":10,"frp":58.0},"2026-10-03":{"n":3,"frp":62.3}}}},{"type":"Feature","id":151,"geometry":{"type":"Polygon","coordinates":[[[148.874,-9.2646],[148.8789,-9.2703],[148.8861,-9.2693],[148.89,-9.2686],[148.8902,-9.2674],[148.8894,-9.2652],[148.8779,-9.2559],[148.8774,-9.2565],[148.874,-9.2646]]]},"properties":{"fid":151,"n":17,"fre_gj":2058.4,"fre_daily":{"2026-09-28":25.1,"2026-10-02":1316.4,"2026-10-03":716.9},"overpasses":9,"frp_total":113.3,"frp_max":22.8,"frp_mean":6.66,"area_km2":1.61,"lat":-9.2653,"lon":148.8835,"first_seen":"2026-09-28","last_seen":"2026-10-03","duration_days":3,"status":"receding","trend":-1,"growth_ratio":0.0,"night_frac":0.35,"daily":{"2026-09-28":{"n":2,"frp":8.7},"2026-10-02":{"n":7,"frp":69.0},"2026-10-03":{"n":8,"frp":35.6}}}},{"type":"Feature","id":44,"geometry":{"type":"Polygon","coordinates":[[[149.0509,-25.4097],[149.0511,-25.4105],[149.0546,-25.4183],[149.0564,-25.4203],[149.0598,-25.4204],[149.0608,-25.4198],[149.0647,-25.4167],[149.0659,-25.4099],[149.0643,-25.4044],[149.0592,-25.4035],[149.0528,-25.4073],[149.0509,-25.4097]]]},"properties":{"fid":44,"n":56,"fre_gj":2041.2,"fre_daily":{"2026-09-28":261.7,"2026-09-29":5.0,"2026-09-30":80.2,"2026-10-01":470.1,"2026-10-02":1059.0,"2026-10-03":165.3},"overpasses":24,"frp_total":160.2,"frp_max":12.7,"frp_mean":2.86,"area_km2":2.02,"lat":-25.4112,"lon":149.0586,"first_seen":"2026-09-28","last_seen":"2026-10-03","duration_days":6,"status":"receding","trend":-1,"growth_ratio":0.0,"night_frac":0.57,"daily":{"2026-09-28":{"n":14,"frp":35.4},"2026-09-29":{"n":1,"frp":1.4},"2026-09-30":{"n":4,"frp":4.4},"2026-10-01":{"n":4,"frp":3.4},"2026-10-02":{"n":20,"frp":78.8},"2026-10-03":{"n":13,"frp":36.8}}}},{"type":"Feature","id":557,"geometry":{"type":"Polygon","coordinates":[[[133.1855,-14.5694],[133.1901,-14.572],[133.1918,-14.5712],[133.1997,-14.5672],[133.2059,-14.5632],[133.2042,-14.5608],[133.2011,-14.5565],[133.1981,-14.5541],[133.1964,-14.5538],[133.1907,-14.5597],[133.1855,-14.5694]]]},"properties":{"fid":557,"n":31,"fre_gj":2013.9,"fre_daily":{"2026-09-28":25.7,"2026-09-29":989.3,"2026-09-30":986.0,"2026-10-01":13.0},"overpasses":11,"frp_total":125.0,"frp_max":17.2,"frp_mean":4.03,"area_km2":2.31,"lat":-14.5622,"lon":133.1975,"first_seen":"2026-09-28","last_seen":"2026-10-01","duration_days":4,"status":"historic","trend":-1,"growth_ratio":0.0,"night_frac":0.61,"daily":{"2026-09-28":{"n":1,"frp":14.3},"2026-09-29":{"n":17,"frp":34.0},"2026-09-30":{"n":12,"frp":69.5},"2026-10-01":{"n":1,"frp":7.2}}}},{"type":"Feature","id":896,"geometry":{"type":"Polygon","coordinates":[[[152.4206,-32.1878],[152.4211,-32.1888],[152.4265,-32.1945],[152.4326,-32.1998],[152.4426,-32.1989],[152.4447,-32.1978],[152.447,-32.1965],[152.44,-32.1858],[152.4335,-32.1848],[152.4206,-32.1878]]]},"properties":{"fid":896,"n":28,"fre_gj":2008.0,"fre_daily":{"2026-09-30":22.5,"2026-10-01":1675.1,"2026-10-02":310.3},"overpasses":9,"frp_total":746.4,"frp_max":106.0,"frp_mean":26.66,"area_km2":2.6,"lat":-32.192,"lon":152.4358,"first_seen":"2026-09-30","last_seen":"2026-10-02","duration_days":3,"status":"historic","trend":-1,"growth_ratio":0.0,"night_frac":0.0,"daily":{"2026-09-30":{"n":2,"frp":9.5},"2026-10-01":{"n":24,"frp":650.7},"2026-10-02":{"n":2,"frp":86.2}}}},{"type":"Feature","id":817,"geometry":{"type":"Polygon","coordinates":[[[144.1168,-20.9335],[144.118,-20.9353],[144.1329,-20.9314],[144.134,-20.9263],[144.1325,-20.925],[144.1236,-20.9262],[144.1168,-20.9335]]]},"properties":{"fid":817,"n":11,"fre_gj":1994.7,"fre_daily":{"2026-09-30":1994.7},"overpasses":2,"frp_total":692.6,"frp_max":127.3,"frp_mean":62.96,"area_km2":1.16,"lat":-20.9295,"lon":144.1272,"first_seen":"2026-09-30","last_seen":"2026-09-30","duration_days":1,"status":"historic","trend":-1,"growth_ratio":0.0,"night_frac":0.0,"daily":{"2026-09-30":{"n":11,"frp":692.6}}}},{"type":"Feature","id":111,"geometry":{"type":"Polygon","coordinates":[[[148.7079,-9.7794],[148.7105,-9.7841],[148.7116,-9.7849],[148.7153,-9.7833],[148.7181,-9.782],[148.721,-9.7805],[148.7194,-9.7698],[148.7173,-9.7627],[148.7079,-9.7794]]]},"properties":{"fid":111,"n":31,"fre_gj":1965.3,"fre_daily":{"2026-09-28":1394.2,"2026-09-29":274.1,"2026-09-30":112.0,"2026-10-01":21.6,"2026-10-03":163.2},"overpasses":14,"frp_total":165.4,"frp_max":22.2,"frp_mean":5.34,"area_km2":1.9,"lat":-9.7764,"lon":148.7136,"first_seen":"2026-09-28","last_seen":"2026-10-03","duration_days":5,"status":"receding","trend":-1,"growth_ratio":0.0,"night_frac":0.32,"daily":{"2026-09-28":{"n":8,"frp":19.1},"2026-09-29":{"n":13,"frp":81.8},"2026-09-30":{"n":5,"frp":48.5},"2026-10-01":{"n":3,"frp":8.9},"2026-10-03":{"n":2,"frp":7.1}}}},{"type":"Feature","id":378,"geometry":{"type":"Polygon","coordinates":[[[134.9113,-14.2207],[134.9211,-14.2284],[134.933,-14.2265],[134.9293,-14.2229],[134.9245,-14.219],[134.9113,-14.2207]]]},"properties":{"fid":378,"n":12,"fre_gj":1960.3,"fre_daily":{"2026-09-28":292.1,"2026-09-29":1668.3},"overpasses":5,"frp_total":197.8,"frp_max":116.9,"frp_mean":16.48,"area_km2":1.35,"lat":-14.2233,"lon":134.9247,"first_seen":"2026-09-28","last_seen":"2026-09-29","duration_days":2,"status":"historic","trend":-1,"growth_ratio":0.0,"night_frac":0.25,"daily":{"2026-09-28":{"n":4,"frp":22.3},"2026-09-29":{"n":8,"frp":175.5}}}},{"type":"Feature","id":136,"geometry":{"type":"Polygon","coordinates":[[[148.7083,-9.3903],[148.7121,-9.396],[148.7139,-9.3968],[148.7279,-9.398],[148.7371,-9.3915],[148.7193,-9.3843],[148.7155,-9.3857],[148.7085,-9.39],[148.7083,-9.3903]]]},"properties":{"fid":136,"n":33,"fre_gj":1953.8,"fre_daily":{"2026-09-28":846.9,"2026-09-29":39.4,"2026-09-30":35.1,"2026-10-02":259.8,"2026-10-03":772.5},"overpasses":16,"frp_total":183.3,"frp_max":38.4,"frp_mean":5.56,"area_km2":2.94,"lat":-9.3906,"lon":148.7158,"first_seen":"2026-09-28","last_seen":"2026-10-03","duration_days":5,"status":"receding","trend":-1,"growth_ratio":0.0,"night_frac":0.48,"daily":{"2026-09-28":{"n":11,"frp":48.6},"2026-09-29":{"n":4,"frp":23.4},"2026-09-30":{"n":3,"frp":15.2},"2026-10-02":{"n":3,"frp":4.1},"2026-10-03":{"n":12,"frp":92.0}}}},{"type":"Feature","id":1217,"geometry":{"type":"Polygon","coordinates":[[[126.7275,-20.1034],[126.7404,-20.14],[126.7417,-20.142],[126.7449,-20.1413],[126.748,-20.1406],[126.7437,-20.1189],[126.7398,-20.1083],[126.7331,-20.1054],[126.7275,-20.1034]]]},"properties":{"fid":1217,"n":31,"fre_gj":1946.6,"fre_daily":{"2026-10-03":1946.6},"overpasses":3,"frp_total":776.0,"frp_max":117.0,"frp_mean":25.03,"area_km2":3.95,"lat":-20.1196,"lon":126.7388,"first_seen":"2026-10-03","last_seen":"2026-10-03","duration_days":1,"status":"receding","trend":-1,"growth_ratio":0.0,"night_frac":0.0,"daily":{"2026-10-03":{"n":31,"frp":776.0}}}},{"type":"Feature","id":213,"geometry":{"type":"Polygon","coordinates":[[[131.6774,-21.9516],[131.6859,-21.9594],[131.7004,-21.9683],[131.7036,-21.9676],[131.7024,-21.9627],[131.6955,-21.9434],[131.6936,-21.9416],[131.6915,-21.9408],[131.6784,-21.9396],[131.6774,-21.9516]]]},"properties":{"fid":213,"n":35,"fre_gj":1943.6,"fre_daily":{"2026-09-28":732.4,"2026-09-29":906.8,"2026-09-30":304.3},"overpasses":13,"frp_total":255.3,"frp_max":26.7,"frp_mean":7.29,"area_km2":4.92,"lat":-21.9495,"lon":131.6885,"first_seen":"2026-09-28","last_seen":"2026-09-30","duration_days":3,"status":"historic","trend":-1,"growth_ratio":0.0,"night_frac":0.29,"daily":{"2026-09-28":{"n":14,"frp":50.4},"2026-09-29":{"n":12,"frp":76.5},"2026-09-30":{"n":9,"frp":128.4}}}},{"type":"Feature","id":1105,"geometry":{"type":"Polygon","coordinates":[[[141.5774,-15.2745],[141.5782,-15.2784],[141.5949,-15.2778],[141.6009,-15.2624],[141.5937,-15.2518],[141.5909,-15.2521],[141.5845,-15.2613],[141.5774,-15.2745]]]},"properties":{"fid":1105,"n":32,"fre_gj":1890.7,"fre_daily":{"2026-10-02":1857.4,"2026-10-03":33.3},"overpasses":7,"frp_total":339.1,"frp_max":55.7,"frp_mean":10.6,"area_km2":4.57,"lat":-15.2668,"lon":141.5886,"first_seen":"2026-10-02","last_seen":"2026-10-03","duration_days":2,"status":"receding","trend":-1,"growth_ratio":0.0,"night_frac":0.06,"daily":{"2026-10-02":{"n":30,"frp":324.3},"2026-10-03":{"n":2,"frp":14.8}}}},{"type":"Feature","id":936,"geometry":{"type":"Polygon","coordinates":[[[148.8352,-9.4792],[148.8373,-9.4826],[148.8399,-9.4827],[148.8411,-9.4821],[148.8432,-9.4802],[148.8438,-9.4746],[148.8437,-9.4734],[148.8393,-9.4716],[148.8352,-9.4792]]]},"properties":{"fid":936,"n":18,"fre_gj":1879.4,"fre_daily":{"2026-09-30":19.4,"2026-10-01":20.9,"2026-10-02":12.6,"2026-10-03":1739.3,"2026-10-04":87.2},"overpasses":8,"frp_total":124.7,"frp_max":18.9,"frp_mean":6.93,"area_km2":0.79,"lat":-9.4775,"lon":148.8404,"first_seen":"2026-09-30","last_seen":"2026-10-04","duration_days":5,"status":"active","trend":1,"growth_ratio":2.0,"night_frac":0.11,"daily":{"2026-09-30":{"n":1,"frp":5.4},"2026-10-01":{"n":1,"frp":5.8},"2026-10-02":{"n":1,"frp":3.5},"2026-10-03":{"n":9,"frp":61.6},"2026-10-04":{"n":6,"frp":48.4}}}},{"type":"Feature","id":819,"geometry":{"type":"Polygon","coordinates":[[[129.7082,-20.6289],[129.7131,-20.6437],[129.7183,-20.6542],[129.719,-20.6525],[129.7209,-20.6448],[129.7234,-20.6194],[129.7176,-20.6164],[129.7138,-20.6184],[129.7082,-20.6289]]]},"properties":{"fid":819,"n":31,"fre_gj":1871.8,"fre_daily":{"2026-09-30":1871.8},"overpasses":6,"frp_total":198.0,"frp_max":24.3,"frp_mean":6.39,"area_km2":3.92,"lat":-20.6309,"lon":129.7169,"first_seen":"2026-09-30","last_seen":"2026-09-30","duration_days":1,"status":"historic","trend":-1,"growth_ratio":0.0,"night_frac":0.65,"daily":{"2026-09-30":{"n":31,"frp":198.0}}}},{"type":"Feature","id":127,"geometry":{"type":"Polygon","coordinates":[[[148.7722,-9.601],[148.7765,-9.6149],[148.7897,-9.6166],[148.7868,-9.6052],[148.7793,-9.6024],[148.7722,-9.601]]]},"properties":{"fid":127,"n":11,"fre_gj":1856.6,"fre_daily":{"2026-09-28":24.8,"2026-09-29":417.6,"2026-09-30":1414.1},"overpasses":6,"frp_total":245.3,"frp_max":141.7,"frp_mean":22.3,"area_km2":2.06,"lat":-9.6071,"lon":148.78,"first_seen":"2026-09-28","last_seen":"2026-09-30","duration_days":3,"status":"historic","trend":-1,"growth_ratio":0.0,"night_frac":0.0,"daily":{"2026-09-28":{"n":1,"frp":6.9},"2026-09-29":{"n":7,"frp":220.3},"2026-09-30":{"n":3,"frp":18.1}}}},{"type":"Feature","id":79,"geometry":{"type":"Polygon","coordinates":[[[142.62,-11.9408],[142.6287,-11.9697],[142.6353,-11.971],[142.6388,-11.9706],[142.6505,-11.9524],[142.6271,-11.941],[142.6209,-11.9383],[142.62,-11.9408]]]},"properties":{"fid":79,"n":57,"fre_gj":1843.6,"fre_daily":{"2026-09-28":845.2,"2026-10-01":127.7,"2026-10-02":383.4,"2026-10-03":468.7,"2026-10-04":18.5},"overpasses":20,"frp_total":186.3,"frp_max":20.7,"frp_mean":3.27,"area_km2":6.48,"lat":-11.9568,"lon":142.6351,"first_seen":"2026-09-28","last_seen":"2026-10-04","duration_days":5,"status":"active","trend":-1,"growth_ratio":0.22,"night_frac":0.68,"daily":{"2026-09-28":{"n":16,"frp":94.0},"2026-10-01":{"n":5,"frp":9.6},"2026-10-02":{"n":17,"frp":35.4},"2026-10-03":{"n":16,"frp":37.0},"2026-10-04":{"n":3,"frp":10.3}}}},{"type":"Feature","id":271,"geometry":{"type":"Polygon","coordinates":[[[124.2888,-10.1548],[124.3006,-10.1577],[124.303,-10.158],[124.3179,-10.1335],[124.3165,-10.1332],[124.3135,-10.1335],[124.2983,-10.1429],[124.2905,-10.1523],[124.2888,-10.1548]]]},"properties":{"fid":271,"n":39,"fre_gj":1843.4,"fre_daily":{"2026-09-28":159.9,"2026-09-29":139.5,"2026-09-30":598.9,"2026-10-01":303.4,"2026-10-02":356.2,"2026-10-03":285.5},"overpasses":29,"frp_total":136.3,"frp_max":11.5,"frp_mean":3.49,"area_km2":3.57,"lat":-10.1483,"lon":124.3031,"first_seen":"2026-09-28","last_seen":"2026-10-03","duration_days":6,"status":"receding","trend":-1,"growth_ratio":0.0,"night_frac":0.54,"daily":{"2026-09-28":{"n":5,"frp":10.3},"2026-09-29":{"n":5,"frp":8.7},"2026-09-30":{"n":9,"frp":41.8},"2026-10-01":{"n":5,"frp":15.7},"2026-10-02":{"n":9,"frp":36.8},"2026-10-03":{"n":6,"frp":23.0}}}},{"type":"Feature","id":355,"geometry":{"type":"Polygon","coordinates":[[[135.0284,-17.3395],[135.0297,-17.3498],[135.0422,-17.3402],[135.0525,-17.3306],[135.0548,-17.3162],[135.0537,-17.3094],[135.0293,-17.3384],[135.0284,-17.3395]]]},"properties":{"fid":355,"n":26,"fre_gj":1833.5,"fre_daily":{"2026-09-28":1833.5},"overpasses":4,"frp_total":113.2,"frp_max":37.8,"frp_mean":4.35,"area_km2":4.78,"lat":-17.3326,"lon":135.0429,"first_seen":"2026-09-28","last_seen":"2026-09-28","duration_days":1,"status":"historic","trend":-1,"growth_ratio":0.0,"night_frac":0.92,"daily":{"2026-09-28":{"n":26,"frp":113.2}}}},{"type":"Feature","id":947,"geometry":{"type":"Polygon","coordinates":[[[141.0266,-17.0179],[141.0297,-17.0207],[141.0471,-17.0158],[141.0513,-17.0136],[141.0536,-17.0082],[141.0508,-17.0069],[141.0373,-17.0084],[141.0269,-17.0155],[141.0266,-17.0179]]]},"properties":{"fid":947,"n":30,"fre_gj":1816.1,"fre_daily":{"2026-09-30":50.8,"2026-10-01":1683.3,"2026-10-02":82.0},"overpasses":9,"frp_total":230.2,"frp_max":28.2,"frp_mean":7.67,"area_km2":2.48,"lat":-17.014,"lon":141.0412,"first_seen":"2026-09-30","last_seen":"2026-10-02","duration_days":3,"status":"historic","trend":-1,"growth_ratio":0.0,"night_frac":0.07,"daily":{"2026-09-30":{"n":1,"frp":28.2},"2026-10-01":{"n":21,"frp":166.2},"2026-10-02":{"n":8,"frp":35.8}}}},{"type":"Feature","id":60,"geometry":{"type":"Polygon","coordinates":[[[141.7034,-15.2952],[141.7265,-15.2984],[141.742,-15.2592],[141.7314,-15.2602],[141.7197,-15.2679],[141.7034,-15.2952]]]},"properties":{"fid":60,"n":19,"fre_gj":1790.7,"fre_daily":{"2026-09-28":1077.0,"2026-09-29":646.0,"2026-09-30":67.7},"overpasses":10,"frp_total":156.1,"frp_max":19.8,"frp_mean":8.22,"area_km2":8.86,"lat":-15.2795,"lon":141.7238,"first_seen":"2026-09-28","last_seen":"2026-09-30","duration_days":3,"status":"historic","trend":-1,"growth_ratio":0.0,"night_frac":0.16,"daily":{"2026-09-28":{"n":8,"frp":62.4},"2026-09-29":{"n":9,"frp":72.2},"2026-09-30":{"n":2,"frp":21.5}}}},{"type":"Feature","id":421,"geometry":{"type":"Polygon","coordinates":[[[149.2007,-27.4056],[149.2208,-27.4117],[149.2263,-27.4118],[149.2315,-27.4099],[149.2337,-27.3948],[149.2183,-27.3881],[149.2079,-27.3896],[149.2032,-27.3941],[149.2011,-27.4022],[149.2007,-27.4056]]]},"properties":{"fid":421,"n":108,"fre_gj":1787.7,"fre_daily":{"2026-09-28":50.4,"2026-09-29":496.2,"2026-09-30":1241.1},"overpasses":11,"frp_total":333.8,"frp_max":54.3,"frp_mean":3.09,"area_km2":6.43,"lat":-27.401,"lon":149.2161,"first_seen":"2026-09-28","last_seen":"2026-09-30","duration_days":3,"status":"historic","trend":-1,"growth_ratio":0.0,"night_frac":0.98,"daily":{"2026-09-28":{"n":2,"frp":14.0},"2026-09-29":{"n":39,"frp":81.9},"2026-09-30":{"n":67,"frp":237.9}}}},{"type":"Feature","id":51,"geometry":{"type":"Polygon","coordinates":[[[147.0774,-22.6195],[147.0935,-22.6252],[147.1023,-22.6198],[147.0942,-22.6144],[147.0909,-22.6134],[147.0774,-22.6195]]]},"properties":{"fid":51,"n":31,"fre_gj":1755.6,"fre_daily":{"2026-09-28":1608.1,"2026-10-01":147.5},"overpasses":9,"frp_total":449.3,"frp_max":36.3,"frp_mean":14.49,"area_km2":1.72,"lat":-22.6189,"lon":147.093,"first_seen":"2026-09-28","last_seen":"2026-10-01","duration_days":2,"status":"historic","trend":-1,"growth_ratio":0.0,"night_frac":0.16,"daily":{"2026-09-28":{"n":28,"frp":436.6},"2026-10-01":{"n":3,"frp":12.7}}}},{"type":"Feature","id":596,"geometry":{"type":"Polygon","coordinates":[[[145.61979,-35.74013],[145.6195,-35.73879],[145.61867,-35.73762],[145.6174,-35.73674],[145.61583,-35.73628],[145.61417,-35.73628],[145.6126,-35.73674],[145.61133,-35.73762],[145.6105,-35.73879],[145.61021,-35.74013],[145.6105,-35.74147],[145.61133,-35.74265],[145.6126,-35.74352],[145.61417,-35.74399],[145.61583,-35.74399],[145.6174,-35.74352],[145.61867,-35.74265],[145.6195,-35.74147],[145.61979,-35.74013]]]},"properties":{"fid":596,"n":3,"fre_gj":1755.0,"fre_daily":{"2026-09-29":1755.0},"overpasses":1,"frp_total":487.5,"frp_max":203.8,"frp_mean":162.5,"area_km2":0.58,"lat":-35.7401,"lon":145.615,"first_seen":"2026-09-29","last_seen":"2026-09-29","duration_days":1,"status":"historic","trend":-1,"growth_ratio":0.0,"night_frac":0.0,"daily":{"2026-09-29":{"n":3,"frp":487.5}}}},{"type":"Feature","id":270,"geometry":{"type":"Polygon","coordinates":[[[130.8876,-11.3226],[130.8904,-11.3263],[130.9015,-11.3246],[130.9035,-11.3202],[130.9058,-11.3117],[130.893,-11.3157],[130.89,-11.318],[130.8876,-11.3226]]]},"properties":{"fid":270,"n":18,"fre_gj":1748.9,"fre_daily":{"2026-09-28":1748.9},"overpasses":6,"frp_total":141.1,"frp_max":26.3,"frp_mean":7.84,"area_km2":1.9,"lat":-11.3198,"lon":130.8966,"first_seen":"2026-09-28","last_seen":"2026-09-28","duration_days":1,"status":"historic","trend":-1,"growth_ratio":0.0,"night_frac":0.11,"daily":{"2026-09-28":{"n":18,"frp":141.1}}}},{"type":"Feature","id":53,"geometry":{"type":"Polygon","coordinates":[[[139.4703,-20.7359],[139.4746,-20.7391],[139.4776,-20.7372],[139.4828,-20.7324],[139.4819,-20.7296],[139.4715,-20.7288],[139.471,-20.7299],[139.4703,-20.7359]]]},"properties":{"fid":53,"n":34,"fre_gj":1738.3,"fre_daily":{"2026-09-28":664.5,"2026-09-29":647.1,"2026-09-30":273.7,"2026-10-01":26.9,"2026-10-03":126.2},"overpasses":24,"frp_total":192.7,"frp_max":25.3,"frp_mean":5.67,"area_km2":1.01,"lat":-20.7342,"lon":139.4759,"first_seen":"2026-09-28","last_seen":"2026-10-03","duration_days":5,"status":"receding","trend":-1,"growth_ratio":0.0,"night_frac":0.85,"daily":{"2026-09-28":{"n":8,"frp":82.1},"2026-09-29":{"n":5,"frp":34.2},"2026-09-30":{"n":12,"frp":43.1},"2026-10-01":{"n":4,"frp":11.6},"2026-10-03":{"n":5,"frp":21.7}}}},{"type":"Feature","id":762,"geometry":{"type":"Polygon","coordinates":[[[147.1525,-9.2255],[147.1528,-9.231],[147.1568,-9.2422],[147.1609,-9.245],[147.1675,-9.2364],[147.1566,-9.2231],[147.1525,-9.2255]]]},"properties":{"fid":762,"n":21,"fre_gj":1732.8,"fre_daily":{"2026-09-29":15.1,"2026-10-01":1010.6,"2026-10-02":679.8,"2026-10-03":13.7,"2026-10-04":13.7},"overpasses":11,"frp_total":140.9,"frp_max":31.8,"frp_mean":6.71,"area_km2":2.17,"lat":-9.2341,"lon":147.1587,"first_seen":"2026-09-29","last_seen":"2026-10-04","duration_days":5,"status":"active","trend":-1,"growth_ratio":0.2,"night_frac":0.33,"daily":{"2026-09-29":{"n":1,"frp":4.2},"2026-10-01":{"n":9,"frp":96.4},"2026-10-02":{"n":8,"frp":28.9},"2026-10-03":{"n":2,"frp":7.6},"2026-10-04":{"n":1,"frp":3.8}}}},{"type":"Feature","id":356,"geometry":{"type":"Polygon","coordinates":[[[128.2487,-17.1772],[128.2494,-17.1984],[128.2516,-17.2008],[128.2649,-17.2037],[128.2666,-17.1971],[128.2654,-17.1911],[128.2594,-17.1729],[128.2568,-17.1725],[128.2511,-17.1718],[128.2509,-17.172],[128.2487,-17.1772]]]},"properties":{"fid":356,"n":25,"fre_gj":1727.6,"fre_daily":{"2026-09-28":1375.6,"2026-09-29":352.0},"overpasses":7,"frp_total":109.8,"frp_max":18.8,"frp_mean":4.39,"area_km2":5.03,"lat":-17.1865,"lon":128.2557,"first_seen":"2026-09-28","last_seen":"2026-09-29","duration_days":2,"status":"historic","trend":-1,"growth_ratio":0.0,"night_frac":0.52,"daily":{"2026-09-28":{"n":18,"frp":74.3},"2026-09-29":{"n":7,"frp":35.5}}}},{"type":"Feature","id":1252,"geometry":{"type":"Polygon","coordinates":[[[132.2897,-14.4296],[132.2938,-14.4412],[132.3069,-14.4585],[132.308,-14.4444],[132.3005,-14.4348],[132.2985,-14.4326],[132.2942,-14.4305],[132.2897,-14.4296]]]},"properties":{"fid":1252,"n":21,"fre_gj":1701.8,"fre_daily":{"2026-10-03":1701.8},"overpasses":6,"frp_total":133.7,"frp_max":39.1,"frp_mean":6.37,"area_km2":2.62,"lat":-14.439,"lon":132.2991,"first_seen":"2026-10-03","last_seen":"2026-10-03","duration_days":1,"status":"receding","trend":-1,"growth_ratio":0.0,"night_frac":0.95,"daily":{"2026-10-03":{"n":21,"frp":133.7}}}},{"type":"Feature","id":183,"geometry":{"type":"Polygon","coordinates":[[[142.4288,-9.051],[142.4293,-9.0552],[142.4314,-9.0567],[142.4328,-9.0565],[142.4522,-9.0504],[142.4589,-9.0482],[142.4669,-9.0426],[142.4465,-9.0166],[142.4364,-9.0294],[142.4288,-9.051]]]},"properties":{"fid":183,"n":68,"fre_gj":1690.8,"fre_daily":{"2026-09-28":603.2,"2026-09-29":601.5,"2026-10-01":227.1,"2026-10-02":86.5,"2026-10-03":154.0,"2026-10-04":18.4},"overpasses":15,"frp_total":539.9,"frp_max":54.5,"frp_mean":7.94,"area_km2":9.87,"lat":-9.0426,"lon":142.4441,"first_seen":"2026-09-28","last_seen":"2026-10-04","duration_days":6,"status":"active","trend":-1,"growth_ratio":0.07,"night_frac":0.01,"daily":{"2026-09-28":{"n":38,"frp":267.4},"2026-09-29":{"n":16,"frp":153.4},"2026-10-01":{"n":8,"frp":55.5},"2026-10-02":{"n":2,"frp":13.8},"2026-10-03":{"n":3,"frp":44.6},"2026-10-04":{"n":1,"frp":5.1}}}},{"type":"Feature","id":240,"geometry":{"type":"Polygon","coordinates":[[[127.8328,-18.4556],[127.8421,-18.4569],[127.8635,-18.4389],[127.8466,-18.4311],[127.8403,-18.4304],[127.8342,-18.4468],[127.8328,-18.4556]]]},"properties":{"fid":240,"n":26,"fre_gj":1683.1,"fre_daily":{"2026-09-28":1120.8,"2026-09-29":562.3},"overpasses":8,"frp_total":137.2,"frp_max":14.6,"frp_mean":5.28,"area_km2":5.32,"lat":-18.4403,"lon":127.8446,"first_seen":"2026-09-28","last_seen":"2026-09-29","duration_days":2,"status":"historic","trend":-1,"growth_ratio":0.0,"night_frac":0.58,"daily":{"2026-09-28":{"n":24,"frp":122.5},"2026-09-29":{"n":2,"frp":14.7}}}},{"type":"Feature","id":579,"geometry":{"type":"Polygon","coordinates":[[[141.6118,-15.3352],[141.613,-15.3484],[141.6188,-15.3479],[141.6261,-15.3351],[141.6233,-15.3341],[141.6118,-15.3352]]]},"properties":{"fid":579,"n":9,"fre_gj":1668.6,"fre_daily":{"2026-09-29":1668.6},"overpasses":1,"frp_total":463.5,"frp_max":76.8,"frp_mean":51.5,"area_km2":1.63,"lat":-15.3389,"lon":141.6179,"first_seen":"2026-09-29","last_seen":"2026-09-29","duration_days":1,"status":"historic","trend":-1,"growth_ratio":0.0,"night_frac":0.0,"daily":{"2026-09-29":{"n":9,"frp":463.5}}}},{"type":"Feature","id":1211,"geometry":{"type":"Polygon","coordinates":[[[116.9394,-34.9087],[116.9398,-34.914],[116.9702,-34.9107],[116.974,-34.9094],[116.9798,-34.9047],[116.9716,-34.9033],[116.9409,-34.9062],[116.9394,-34.9087]]]},"properties":{"fid":1211,"n":15,"fre_gj":1650.2,"fre_daily":{"2026-10-03":1650.2},"overpasses":5,"frp_total":560.9,"frp_max":130.3,"frp_mean":37.39,"area_km2":2.72,"lat":-34.908,"lon":116.959,"first_seen":"2026-10-03","last_seen":"2026-10-03","duration_days":1,"status":"receding","trend":-1,"growth_ratio":0.0,"night_frac":0.0,"daily":{"2026-10-03":{"n":15,"frp":560.8}}}},{"type":"Feature","id":186,"geometry":{"type":"Polygon","coordinates":[[[141.0097,-9.0007],[141.0155,-9.0113],[141.018,-9.0124],[141.0242,-9.0139],[141.0301,-9.0146],[141.0324,-9.0138],[141.0356,-9.0027],[141.0356,-9.0012],[141.0097,-9.0007]]]},"properties":{"fid":186,"n":41,"fre_gj":1625.0,"fre_daily":{"2026-09-28":79.2,"2026-09-29":896.8,"2026-09-30":269.0,"2026-10-01":92.6,"2026-10-02":169.5,"2026-10-03":118.0},"overpasses":18,"frp_total":222.2,"frp_max":15.4,"frp_mean":5.42,"area_km2":3.22,"lat":-9.0082,"lon":141.0235,"first_seen":"2026-09-28","last_seen":"2026-10-03","duration_days":6,"status":"receding","trend":-1,"growth_ratio":0.0,"night_frac":0.07,"daily":{"2026-09-28":{"n":8,"frp":35.6},"2026-09-29":{"n":9,"frp":39.1},"2026-09-30":{"n":6,"frp":35.9},"2026-10-01":{"n":5,"frp":31.6},"2026-10-02":{"n":9,"frp":45.8},"2026-10-03":{"n":4,"frp":34.2}}}},{"type":"Feature","id":751,"geometry":{"type":"Polygon","coordinates":[[[124.0104,-9.5602],[124.012,-9.565],[124.018,-9.5784],[124.0202,-9.5759],[124.021,-9.5749],[124.0217,-9.5693],[124.0203,-9.5636],[124.0139,-9.5561],[124.0114,-9.5564],[124.0104,-9.5602]]]},"properties":{"fid":751,"n":30,"fre_gj":1622.0,"fre_daily":{"2026-09-29":692.6,"2026-09-30":81.2,"2026-10-01":62.8,"2026-10-02":612.8,"2026-10-03":172.6},"overpasses":15,"frp_total":118.0,"frp_max":8.3,"frp_mean":3.94,"area_km2":1.65,"lat":-9.565,"lon":124.0161,"first_seen":"2026-09-29","last_seen":"2026-10-03","duration_days":5,"status":"receding","trend":-1,"growth_ratio":0.0,"night_frac":0.33,"daily":{"2026-09-29":{"n":6,"frp":17.7},"2026-09-30":{"n":8,"frp":46.7},"2026-10-01":{"n":2,"frp":10.9},"2026-10-02":{"n":9,"frp":22.4},"2026-10-03":{"n":5,"frp":20.4}}}},{"type":"Feature","id":396,"geometry":{"type":"Polygon","coordinates":[[[120.2718,-9.96],[120.2821,-9.9602],[120.2831,-9.9585],[120.2762,-9.9523],[120.2718,-9.96]]]},"properties":{"fid":396,"n":5,"fre_gj":1598.2,"fre_daily":{"2026-09-28":1592.1,"2026-09-30":6.1},"overpasses":3,"frp_total":88.7,"frp_max":43.8,"frp_mean":17.74,"area_km2":0.59,"lat":-9.9577,"lon":120.2778,"first_seen":"2026-09-28","last_seen":"2026-09-30","duration_days":2,"status":"historic","trend":-1,"growth_ratio":0.0,"night_frac":0.4,"daily":{"2026-09-28":{"n":4,"frp":87.0},"2026-09-30":{"n":1,"frp":1.7}}}},{"type":"Feature","id":1012,"geometry":{"type":"Polygon","coordinates":[[[141.2234,-9.0064],[141.2248,-9.0088],[141.2268,-9.0113],[141.2377,-9.013],[141.2407,-9.0128],[141.2398,-9.0108],[141.2318,-9.0021],[141.2234,-9.0064]]]},"properties":{"fid":1012,"n":14,"fre_gj":1574.9,"fre_daily":{"2026-10-01":10.9,"2026-10-03":1439.9,"2026-10-04":124.1},"overpasses":6,"frp_total":82.2,"frp_max":23.9,"frp_mean":5.88,"area_km2":1.26,"lat":-9.0091,"lon":141.232,"first_seen":"2026-10-01","last_seen":"2026-10-04","duration_days":3,"status":"active","trend":0,"growth_ratio":1.11,"night_frac":0.64,"daily":{"2026-10-01":{"n":5,"frp":5.1},"2026-10-03":{"n":4,"frp":8.2},"2026-10-04":{"n":5,"frp":69.0}}}},{"type":"Feature","id":878,"geometry":{"type":"Polygon","coordinates":[[[131.5983,-22.5014],[131.6017,-22.5066],[131.617,-22.5176],[131.6265,-22.519],[131.6279,-22.5101],[131.6032,-22.502],[131.5983,-22.5014]]]},"properties":{"fid":878,"n":10,"fre_gj":1550.9,"fre_daily":{"2026-09-30":1550.9},"overpasses":4,"frp_total":125.8,"frp_max":41.7,"frp_mean":12.58,"area_km2":2.67,"lat":-22.5089,"lon":131.6107,"first_seen":"2026-09-30","last_seen":"2026-09-30","duration_days":1,"status":"historic","trend":-1,"growth_ratio":0.0,"night_frac":0.7,"daily":{"2026-09-30":{"n":10,"frp":125.8}}}},{"type":"Feature","id":269,"geometry":{"type":"Polygon","coordinates":[[[130.9363,-11.3289],[130.9379,-11.3387],[130.9389,-11.34],[130.944,-11.3324],[130.9451,-11.3285],[130.9452,-11.3255],[130.9402,-11.3253],[130.9372,-11.328],[130.9363,-11.3289]]]},"properties":{"fid":269,"n":26,"fre_gj":1540.9,"fre_daily":{"2026-09-28":904.5,"2026-09-29":636.4},"overpasses":11,"frp_total":133.0,"frp_max":12.7,"frp_mean":5.12,"area_km2":0.99,"lat":-11.3305,"lon":130.9405,"first_seen":"2026-09-28","last_seen":"2026-09-29","duration_days":2,"status":"historic","trend":-1,"growth_ratio":0.0,"night_frac":0.23,"daily":{"2026-09-28":{"n":16,"frp":95.8},"2026-09-29":{"n":10,"frp":37.2}}}},{"type":"Feature","id":121,"geometry":{"type":"Polygon","coordinates":[[[147.6784,-9.6514],[147.7103,-9.6639],[147.7126,-9.6622],[147.7092,-9.6398],[147.6925,-9.6274],[147.6884,-9.628],[147.6784,-9.6514]]]},"properties":{"fid":121,"n":22,"fre_gj":1532.7,"fre_daily":{"2026-09-28":273.7,"2026-09-29":35.4,"2026-09-30":18.7,"2026-10-03":1168.0,"2026-10-04":36.9},"overpasses":11,"frp_total":158.9,"frp_max":19.9,"frp_mean":7.22,"area_km2":8.97,"lat":-9.6453,"lon":147.6959,"first_seen":"2026-09-28","last_seen":"2026-10-04","duration_days":5,"status":"active","trend":-1,"growth_ratio":0.4,"night_frac":0.05,"daily":{"2026-09-28":{"n":9,"frp":85.7},"2026-09-29":{"n":3,"frp":12.3},"2026-09-30":{"n":1,"frp":5.2},"2026-10-03":{"n":7,"frp":35.3},"2026-10-04":{"n":2,"frp":20.5}}}},{"type":"Feature","id":381,"geometry":{"type":"Polygon","coordinates":[[[136.6732,-14.0396],[136.694,-14.0338],[136.6828,-14.0321],[136.6738,-14.0378],[136.6732,-14.0396]]]},"properties":{"fid":381,"n":7,"fre_gj":1493.3,"fre_daily":{"2026-09-28":1454.4,"2026-10-02":38.8},"overpasses":4,"frp_total":76.0,"frp_max":20.8,"frp_mean":10.86,"area_km2":0.68,"lat":-14.0358,"lon":136.6815,"first_seen":"2026-09-28","last_seen":"2026-10-02","duration_days":2,"status":"historic","trend":-1,"growth_ratio":0.0,"night_frac":0.14,"daily":{"2026-09-28":{"n":5,"frp":62.8},"2026-10-02":{"n":2,"frp":13.2}}}},{"type":"Feature","id":191,"geometry":{"type":"Polygon","coordinates":[[[137.0789,-35.7852],[137.0794,-35.7908],[137.0865,-35.7908],[137.0883,-35.7903],[137.1028,-35.7856],[137.1006,-35.7783],[137.0916,-35.7788],[137.0789,-35.7852]]]},"properties":{"fid":191,"n":22,"fre_gj":1480.5,"fre_daily":{"2026-09-28":1480.5},"overpasses":3,"frp_total":451.1,"frp_max":35.0,"frp_mean":20.5,"area_km2":1.98,"lat":-35.7841,"lon":137.0918,"first_seen":"2026-09-28","last_seen":"2026-09-28","duration_days":1,"status":"historic","trend":-1,"growth_ratio":0.0,"night_frac":0.0,"daily":{"2026-09-28":{"n":22,"frp":451.1}}}},{"type":"Feature","id":341,"geometry":{"type":"Polygon","coordinates":[[[147.2533,-32.1083],[147.2538,-32.1116],[147.2545,-32.1135],[147.2569,-32.115],[147.2606,-32.1148],[147.2622,-32.1119],[147.2599,-32.1086],[147.2533,-32.1083]]]},"properties":{"fid":341,"n":23,"fre_gj":1477.5,"fre_daily":{"2026-09-28":762.3,"2026-09-29":699.7,"2026-09-30":15.4},"overpasses":12,"frp_total":185.7,"frp_max":22.2,"frp_mean":8.07,"area_km2":0.47,"lat":-32.1115,"lon":147.2572,"first_seen":"2026-09-28","last_seen":"2026-09-30","duration_days":3,"status":"historic","trend":-1,"growth_ratio":0.0,"night_frac":0.78,"daily":{"2026-09-28":{"n":11,"frp":133.6},"2026-09-29":{"n":10,"frp":42.1},"2026-09-30":{"n":2,"frp":10.0}}}},{"type":"Feature","id":571,"geometry":{"type":"Polygon","coordinates":[[[150.9439,-31.6297],[150.9461,-31.6321],[150.9484,-31.6325],[150.95,-31.6312],[150.9643,-31.6086],[150.9638,-31.605],[150.9552,-31.5983],[150.9507,-31.5994],[150.9439,-31.6297]]]},"properties":{"fid":571,"n":25,"fre_gj":1473.5,"fre_daily":{"2026-09-29":90.8,"2026-09-30":1143.0,"2026-10-01":239.7},"overpasses":12,"frp_total":143.4,"frp_max":12.2,"frp_mean":5.74,"area_km2":3.84,"lat":-31.6196,"lon":150.9516,"first_seen":"2026-09-29","last_seen":"2026-10-01","duration_days":3,"status":"historic","trend":-1,"growth_ratio":0.0,"night_frac":0.32,"daily":{"2026-09-29":{"n":5,"frp":32.2},"2026-09-30":{"n":13,"frp":82.8},"2026-10-01":{"n":7,"frp":28.4}}}},{"type":"Feature","id":1141,"geometry":{"type":"Polygon","coordinates":[[[144.4837,-15.4997],[144.4981,-15.5052],[144.5025,-15.5046],[144.5142,-15.5016],[144.5151,-15.4991],[144.5144,-15.4945],[144.5036,-15.4927],[144.4876,-15.4954],[144.4837,-15.4997]]]},"properties":{"fid":1141,"n":20,"fre_gj":1459.1,"fre_daily":{"2026-10-02":462.7,"2026-10-03":996.4},"overpasses":5,"frp_total":125.9,"frp_max":31.4,"frp_mean":6.29,"area_km2":3.2,"lat":-15.4991,"lon":144.5008,"first_seen":"2026-10-02","last_seen":"2026-10-03","duration_days":2,"status":"receding","trend":-1,"growth_ratio":0.0,"night_frac":0.25,"daily":{"2026-10-02":{"n":6,"frp":36.0},"2026-10-03":{"n":14,"frp":89.9}}}},{"type":"Feature","id":1171,"geometry":{"type":"Polygon","coordinates":[[[144.4431,-15.5818],[144.4445,-15.5918],[144.4595,-15.6006],[144.4623,-15.5988],[144.4548,-15.5805],[144.449,-15.5811],[144.4431,-15.5818]]]},"properties":{"fid":1171,"n":16,"fre_gj":1457.5,"fre_daily":{"2026-10-02":1132.9,"2026-10-03":199.9,"2026-10-04":124.7},"overpasses":5,"frp_total":121.8,"frp_max":21.6,"frp_mean":7.61,"area_km2":2.63,"lat":-15.5894,"lon":144.454,"first_seen":"2026-10-02","last_seen":"2026-10-04","duration_days":3,"status":"active","trend":-1,"growth_ratio":0.67,"night_frac":0.19,"daily":{"2026-10-02":{"n":3,"frp":2.1},"2026-10-03":{"n":9,"frp":85.0},"2026-10-04":{"n":4,"frp":34.6}}}},{"type":"Feature","id":1025,"geometry":{"type":"Polygon","coordinates":[[[141.8747,-15.535],[141.8759,-15.538],[141.8851,-15.5473],[141.8872,-15.5465],[141.8893,-15.5296],[141.8844,-15.5261],[141.8769,-15.5327],[141.8747,-15.535]]]},"properties":{"fid":1025,"n":34,"fre_gj":1441.6,"fre_daily":{"2026-10-01":692.3,"2026-10-02":724.5,"2026-10-03":24.8},"overpasses":12,"frp_total":143.8,"frp_max":27.7,"frp_mean":4.23,"area_km2":2.17,"lat":-15.5356,"lon":141.8823,"first_seen":"2026-10-01","last_seen":"2026-10-03","duration_days":3,"status":"receding","trend":-1,"growth_ratio":0.0,"night_frac":0.62,"daily":{"2026-10-01":{"n":17,"frp":55.4},"2026-10-02":{"n":16,"frp":81.5},"2026-10-03":{"n":1,"frp":6.9}}}},{"type":"Feature","id":1122,"geometry":{"type":"Polygon","coordinates":[[[141.2808,-9.0589],[141.2846,-9.0739],[141.2851,-9.0744],[141.3034,-9.0706],[141.2999,-9.0565],[141.2989,-9.0559],[141.2898,-9.0524],[141.2867,-9.0537],[141.2808,-9.0589]]]},"properties":{"fid":1122,"n":31,"fre_gj":1429.9,"fre_daily":{"2026-10-02":1285.0,"2026-10-03":144.9},"overpasses":7,"frp_total":205.2,"frp_max":24.8,"frp_mean":6.62,"area_km2":4.23,"lat":-9.0618,"lon":141.292,"first_seen":"2026-10-02","last_seen":"2026-10-03","duration_days":2,"status":"receding","trend":-1,"growth_ratio":0.0,"night_frac":0.06,"daily":{"2026-10-02":{"n":23,"frp":156.9},"2026-10-03":{"n":8,"frp":48.3}}}},{"type":"Feature","id":196,"geometry":{"type":"Polygon","coordinates":[[[124.756,-23.6674],[124.7581,-23.6775],[124.7604,-23.6847],[124.7628,-23.6858],[124.7697,-23.6853],[124.7716,-23.6851],[124.7729,-23.6818],[124.7728,-23.6639],[124.7647,-23.623],[124.7645,-23.6235],[124.7595,-23.6442],[124.756,-23.6674]]]},"properties":{"fid":196,"n":41,"fre_gj":1411.6,"fre_daily":{"2026-09-28":1411.6},"overpasses":4,"frp_total":514.1,"frp_max":26.6,"frp_mean":12.54,"area_km2":7.62,"lat":-23.6641,"lon":124.7655,"first_seen":"2026-09-28","last_seen":"2026-09-28","duration_days":1,"status":"historic","trend":-1,"growth_ratio":0.0,"night_frac":0.0,"daily":{"2026-09-28":{"n":41,"frp":514.1}}}},{"type":"Feature","id":665,"geometry":{"type":"Polygon","coordinates":[[[147.0762,-25.4381],[147.0772,-25.4439],[147.079,-25.4453],[147.0797,-25.4455],[147.0836,-25.4462],[147.1006,-25.4464],[147.1028,-25.4457],[147.1029,-25.4448],[147.1012,-25.4431],[147.0942,-25.4361],[147.0879,-25.4307],[147.084,-25.4301],[147.0806,-25.4311],[147.0783,-25.4321],[147.0762,-25.4381]]]},"properties":{"fid":665,"n":78,"fre_gj":1390.8,"fre_daily":{"2026-09-29":1390.8},"overpasses":5,"frp_total":239.0,"frp_max":12.6,"frp_mean":3.06,"area_km2":3.26,"lat":-25.4396,"lon":147.0875,"first_seen":"2026-09-29","last_seen":"2026-09-29","duration_days":1,"status":"historic","trend":-1,"growth_ratio":0.0,"night_frac":0.99,"daily":{"2026-09-29":{"n":78,"frp":239.0}}}},{"type":"Feature","id":707,"geometry":{"type":"Polygon","coordinates":[[[134.8385,-17.6691],[134.8391,-17.6738],[134.844,-17.6836],[134.8562,-17.6747],[134.8565,-17.6711],[134.848,-17.6633],[134.843,-17.6639],[134.8385,-17.6691]]]},"properties":{"fid":707,"n":10,"fre_gj":1346.1,"fre_daily":{"2026-09-29":1346.1},"overpasses":2,"frp_total":322.8,"frp_max":60.1,"frp_mean":32.28,"area_km2":2.67,"lat":-17.6719,"lon":134.8458,"first_seen":"2026-09-29","last_seen":"2026-09-29","duration_days":1,"status":"historic","trend":-1,"growth_ratio":0.0,"night_frac":0.0,"daily":{"2026-09-29":{"n":10,"frp":322.8}}}},{"type":"Feature","id":631,"geometry":{"type":"Polygon","coordinates":[[[124.0968,-9.608],[124.0971,-9.6082],[124.1023,-9.6098],[124.1057,-9.6092],[124.112,-9.6046],[124.117,-9.5851],[124.1167,-9.573],[124.1159,-9.5714],[124.1141,-9.5734],[124.1126,-9.5754],[124.0968,-9.608]]]},"properties":{"fid":631,"n":34,"fre_gj":1341.4,"fre_daily":{"2026-09-29":109.4,"2026-09-30":1150.8,"2026-10-01":81.2},"overpasses":8,"frp_total":224.9,"frp_max":13.7,"frp_mean":6.61,"area_km2":4.21,"lat":-9.5906,"lon":124.1096,"first_seen":"2026-09-29","last_seen":"2026-10-01","duration_days":3,"status":"historic","trend":-1,"growth_ratio":0.0,"night_frac":0.03,"daily":{"2026-09-29":{"n":3,"frp":30.4},"2026-09-30":{"n":26,"frp":169.5},"2026-10-01":{"n":5,"frp":25.0}}}},{"type":"Feature","id":193,"geometry":{"type":"Polygon","coordinates":[[[126.658,-25.7762],[126.6623,-25.7769],[126.668,-25.7765],[126.6675,-25.7702],[126.6656,-25.7678],[126.66,-25.7682],[126.658,-25.7762]]]},"properties":{"fid":193,"n":9,"fre_gj":1324.3,"fre_daily":{"2026-09-28":1324.3},"overpasses":2,"frp_total":420.4,"frp_max":73.3,"frp_mean":46.71,"area_km2":0.81,"lat":-25.7728,"lon":126.6633,"first_seen":"2026-09-28","last_seen":"2026-09-28","duration_days":1,"status":"historic","trend":-1,"growth_ratio":0.0,"night_frac":0.0,"daily":{"2026-09-28":{"n":9,"frp":420.4}}}},{"type":"Feature","id":82,"geometry":{"type":"Polygon","coordinates":[[[135.8362,-11.8471],[135.8379,-11.8711],[135.8431,-11.879],[135.8627,-11.862],[135.8458,-11.8496],[135.8397,-11.8466],[135.8362,-11.8471]]]},"properties":{"fid":82,"n":27,"fre_gj":1320.3,"fre_daily":{"2026-09-28":313.5,"2026-09-29":750.1,"2026-09-30":256.7},"overpasses":8,"frp_total":217.9,"frp_max":26.4,"frp_mean":8.07,"area_km2":5.69,"lat":-11.8648,"lon":135.8454,"first_seen":"2026-09-28","last_seen":"2026-09-30","duration_days":3,"status":"historic","trend":-1,"growth_ratio":0.0,"night_frac":0.07,"daily":{"2026-09-28":{"n":8,"frp":90.1},"2026-09-29":{"n":13,"frp":83.7},"2026-09-30":{"n":6,"frp":44.1}}}},{"type":"Feature","id":225,"geometry":{"type":"Polygon","coordinates":[[[129.5477,-20.5127],[129.548,-20.5194],[129.5916,-20.5232],[129.5871,-20.5162],[129.5839,-20.5122],[129.579,-20.5107],[129.5735,-20.5101],[129.5719,-20.5101],[129.5477,-20.5127]]]},"properties":{"fid":225,"n":33,"fre_gj":1316.0,"fre_daily":{"2026-09-28":1316.0},"overpasses":4,"frp_total":463.0,"frp_max":36.0,"frp_mean":14.03,"area_km2":4.54,"lat":-20.5145,"lon":129.5718,"first_seen":"2026-09-28","last_seen":"2026-09-28","duration_days":1,"status":"historic","trend":-1,"growth_ratio":0.0,"night_frac":0.0,"daily":{"2026-09-28":{"n":33,"frp":463.0}}}},{"type":"Feature","id":538,"geometry":{"type":"Polygon","coordinates":[[[123.8273,-9.6647],[123.8283,-9.6676],[123.829,-9.6683],[123.8476,-9.6655],[123.8513,-9.6608],[123.8454,-9.6486],[123.8452,-9.6485],[123.8315,-9.643],[123.8273,-9.6647]]]},"properties":{"fid":538,"n":19,"fre_gj":1314.7,"fre_daily":{"2026-09-28":89.4,"2026-09-30":41.3,"2026-10-01":1150.9,"2026-10-03":33.1},"overpasses":11,"frp_total":183.0,"frp_max":31.8,"frp_mean":9.63,"area_km2":4.93,"lat":-9.6566,"lon":123.838,"first_seen":"2026-09-28","last_seen":"2026-10-03","duration_days":4,"status":"receding","trend":-1,"growth_ratio":0.0,"night_frac":0.11,"daily":{"2026-09-28":{"n":2,"frp":4.1},"2026-09-30":{"n":2,"frp":17.2},"2026-10-01":{"n":13,"frp":150.2},"2026-10-03":{"n":2,"frp":11.5}}}},{"type":"Feature","id":875,"geometry":{"type":"Polygon","coordinates":[[[145.5598,-24.5079],[145.5647,-24.5076],[145.5674,-24.5074],[145.5681,-24.5038],[145.5661,-24.5013],[145.561,-24.5012],[145.5598,-24.5079]]]},"properties":{"fid":875,"n":18,"fre_gj":1301.6,"fre_daily":{"2026-09-30":1123.0,"2026-10-01":178.6},"overpasses":10,"frp_total":144.3,"frp_max":28.1,"frp_mean":8.02,"area_km2":0.51,"lat":-24.5054,"lon":145.5643,"first_seen":"2026-09-30","last_seen":"2026-10-01","duration_days":2,"status":"historic","trend":-1,"growth_ratio":0.0,"night_frac":0.61,"daily":{"2026-09-30":{"n":12,"frp":43.1},"2026-10-01":{"n":6,"frp":101.2}}}},{"type":"Feature","id":161,"geometry":{"type":"Polygon","coordinates":[[[147.2567,-9.186],[147.2685,-9.1936],[147.2776,-9.195],[147.2807,-9.1913],[147.2829,-9.1877],[147.2825,-9.1839],[147.281,-9.1726],[147.2781,-9.1691],[147.2759,-9.1666],[147.2711,-9.1701],[147.2567,-9.186]]]},"properties":{"fid":161,"n":42,"fre_gj":1293.3,"fre_daily":{"2026-09-28":105.4,"2026-10-01":123.5,"2026-10-02":728.2,"2026-10-03":180.9,"2026-10-04":155.3},"overpasses":12,"frp_total":251.8,"frp_max":15.4,"frp_mean":5.99,"area_km2":5.41,"lat":-9.1833,"lon":147.2753,"first_seen":"2026-09-28","last_seen":"2026-10-04","duration_days":5,"status":"active","trend":-1,"growth_ratio":0.54,"night_frac":0.07,"daily":{"2026-09-28":{"n":3,"frp":10.4},"2026-10-01":{"n":3,"frp":20.9},"2026-10-02":{"n":19,"frp":124.9},"2026-10-03":{"n":12,"frp":52.4},"2026-10-04":{"n":5,"frp":43.1}}}},{"type":"Feature","id":973,"geometry":{"type":"Polygon","coordinates":[[[132.4848,-12.3719],[132.4891,-12.3748],[132.4928,-12.3761],[132.5014,-12.378],[132.5051,-12.3775],[132.5076,-12.3689],[132.5017,-12.3674],[132.4848,-12.3719]]]},"properties":{"fid":973,"n":16,"fre_gj":1282.1,"fre_daily":{"2026-10-01":328.5,"2026-10-03":953.6},"overpasses":4,"frp_total":134.7,"frp_max":23.0,"frp_mean":8.42,"area_km2":1.79,"lat":-12.373,"lon":132.4988,"first_seen":"2026-10-01","last_seen":"2026-10-03","duration_days":2,"status":"receding","trend":-1,"growth_ratio":0.0,"night_frac":0.06,"daily":{"2026-10-01":{"n":12,"frp":93.6},"2026-10-03":{"n":4,"frp":41.1}}}},{"type":"Feature","id":1259,"geometry":{"type":"Polygon","coordinates":[[[136.3811,-12.8379],[136.3913,-12.8471],[136.395,-12.8465],[136.3987,-12.8459],[136.3982,-12.8425],[136.3811,-12.8379]]]},"properties":{"fid":1259,"n":7,"fre_gj":1275.5,"fre_daily":{"2026-10-03":1275.5},"overpasses":2,"frp_total":90.9,"frp_max":25.8,"frp_mean":12.98,"area_km2":0.82,"lat":-12.8438,"lon":136.3928,"first_seen":"2026-10-03","last_seen":"2026-10-03","duration_days":1,"status":"receding","trend":-1,"growth_ratio":0.0,"night_frac":0.14,"daily":{"2026-10-03":{"n":7,"frp":90.9}}}},{"type":"Feature","id":1258,"geometry":{"type":"Polygon","coordinates":[[[126.6547,-20.1243],[126.6596,-20.1347],[126.6632,-20.1344],[126.6668,-20.134],[126.6656,-20.1232],[126.6613,-20.1181],[126.6547,-20.1243]]]},"properties":{"fid":1258,"n":9,"fre_gj":1246.0,"fre_daily":{"2026-10-03":1246.0},"overpasses":1,"frp_total":346.1,"frp_max":78.2,"frp_mean":38.46,"area_km2":1.49,"lat":-20.1279,"lon":126.6612,"first_seen":"2026-10-03","last_seen":"2026-10-03","duration_days":1,"status":"receding","trend":-1,"growth_ratio":0.0,"night_frac":0.0,"daily":{"2026-10-03":{"n":9,"frp":346.1}}}},{"type":"Feature","id":152,"geometry":{"type":"Polygon","coordinates":[[[148.8369,-9.2536],[148.8376,-9.2629],[148.8393,-9.2732],[148.8568,-9.2642],[148.8574,-9.2632],[148.8572,-9.2575],[148.8557,-9.2424],[148.8544,-9.2418],[148.839,-9.2426],[148.8371,-9.2521],[148.8369,-9.2536]]]},"properties":{"fid":152,"n":24,"fre_gj":1218.0,"fre_daily":{"2026-09-28":23.4,"2026-09-29":9.0,"2026-09-30":8.3,"2026-10-01":99.9,"2026-10-02":392.2,"2026-10-03":685.2},"overpasses":15,"frp_total":91.8,"frp_max":8.9,"frp_mean":3.82,"area_km2":6.13,"lat":-9.2531,"lon":148.8466,"first_seen":"2026-09-28","last_seen":"2026-10-03","duration_days":6,"status":"receding","trend":-1,"growth_ratio":0.0,"night_frac":0.42,"daily":{"2026-09-28":{"n":1,"frp":6.5},"2026-09-29":{"n":2,"frp":3.8},"2026-09-30":{"n":1,"frp":2.3},"2026-10-01":{"n":2,"frp":16.9},"2026-10-02":{"n":5,"frp":20.6},"2026-10-03":{"n":13,"frp":41.7}}}},{"type":"Feature","id":806,"geometry":{"type":"Polygon","coordinates":[[[145.948,-34.7819],[145.9541,-34.7851],[145.9588,-34.7841],[145.9622,-34.7788],[145.9561,-34.7757],[145.9514,-34.7767],[145.948,-34.7819]]]},"properties":{"fid":806,"n":6,"fre_gj":1215.4,"fre_daily":{"2026-09-30":1215.4},"overpasses":1,"frp_total":337.6,"frp_max":106.3,"frp_mean":56.27,"area_km2":0.86,"lat":-34.7804,"lon":145.9551,"first_seen":"2026-09-30","last_seen":"2026-09-30","duration_days":1,"status":"historic","trend":-1,"growth_ratio":0.0,"night_frac":0.0,"daily":{"2026-09-30":{"n":6,"frp":337.6}}}},{"type":"Feature","id":757,"geometry":{"type":"Polygon","coordinates":[[[134.8895,-17.1983],[134.8901,-17.2053],[134.8963,-17.1977],[134.8895,-17.1983]]]},"properties":{"fid":757,"n":4,"fre_gj":1211.4,"fre_daily":{"2026-09-29":1211.4},"overpasses":1,"frp_total":336.5,"frp_max":184.9,"frp_mean":84.12,"area_km2":0.28,"lat":-17.201,"lon":134.8918,"first_seen":"2026-09-29","last_seen":"2026-09-29","duration_days":1,"status":"historic","trend":-1,"growth_ratio":0.0,"night_frac":0.0,"daily":{"2026-09-29":{"n":4,"frp":336.5}}}},{"type":"Feature","id":1110,"geometry":{"type":"Polygon","coordinates":[[[143.3521,-12.7454],[143.3527,-12.7476],[143.3581,-12.7534],[143.3612,-12.753],[143.3637,-12.7475],[143.3625,-12.7371],[143.3567,-12.734],[143.3521,-12.7454]]]},"properties":{"fid":1110,"n":24,"fre_gj":1201.3,"fre_daily":{"2026-10-02":326.0,"2026-10-03":827.7,"2026-10-04":47.6},"overpasses":9,"frp_total":136.1,"frp_max":12.2,"frp_mean":5.67,"area_km2":1.82,"lat":-12.7455,"lon":143.3579,"first_seen":"2026-10-02","last_seen":"2026-10-04","duration_days":3,"status":"active","trend":-1,"growth_ratio":0.53,"night_frac":0.29,"daily":{"2026-10-02":{"n":10,"frp":89.1},"2026-10-03":{"n":9,"frp":20.6},"2026-10-04":{"n":5,"frp":26.4}}}},{"type":"Feature","id":494,"geometry":{"type":"Polygon","coordinates":[[[129.7798,-16.321],[129.7974,-16.3233],[129.792,-16.3052],[129.7856,-16.3106],[129.7798,-16.321]]]},"properties":{"fid":494,"n":6,"fre_gj":1199.3,"fre_daily":{"2026-09-28":688.3,"2026-09-29":511.0},"overpasses":5,"frp_total":67.2,"frp_max":29.6,"frp_mean":11.2,"area_km2":2.02,"lat":-16.3162,"lon":129.7884,"first_seen":"2026-09-28","last_seen":"2026-09-29","duration_days":2,"status":"historic","trend":-1,"growth_ratio":0.0,"night_frac":0.17,"daily":{"2026-09-28":{"n":5,"frp":57.0},"2026-09-29":{"n":1,"frp":10.2}}}},{"type":"Feature","id":990,"geometry":{"type":"Polygon","coordinates":[[[129.0716,-22.0465],[129.0749,-22.0474],[129.0788,-22.0468],[129.0865,-22.0432],[129.0872,-22.0396],[129.081,-22.0414],[129.0726,-22.0452],[129.0716,-22.0465]]]},"properties":{"fid":990,"n":11,"fre_gj":1195.4,"fre_daily":{"2026-10-01":1195.4},"overpasses":4,"frp_total":80.8,"frp_max":19.5,"frp_mean":7.35,"area_km2":0.61,"lat":-22.0442,"lon":129.0794,"first_seen":"2026-10-01","last_seen":"2026-10-01","duration_days":1,"status":"historic","trend":-1,"growth_ratio":0.0,"night_frac":0.18,"daily":{"2026-10-01":{"n":11,"frp":80.8}}}},{"type":"Feature","id":1098,"geometry":{"type":"Polygon","coordinates":[[[149.136,-22.0063],[149.1418,-22.0057],[149.1477,-22.001],[149.1504,-21.9975],[149.1498,-21.9942],[149.1491,-21.9941],[149.1406,-22.0006],[149.1365,-22.0053],[149.136,-22.0063]]]},"properties":{"fid":1098,"n":18,"fre_gj":1192.1,"fre_daily":{"2026-10-02":906.7,"2026-10-03":285.4},"overpasses":8,"frp_total":171.6,"frp_max":83.6,"frp_mean":9.53,"area_km2":0.76,"lat":-21.9996,"lon":149.1449,"first_seen":"2026-10-02","last_seen":"2026-10-03","duration_days":2,"status":"receding","trend":-1,"growth_ratio":0.0,"night_frac":0.44,"daily":{"2026-10-02":{"n":13,"frp":156.5},"2026-10-03":{"n":5,"frp":15.1}}}},{"type":"Feature","id":754,"geometry":{"type":"Polygon","coordinates":[[[131.2902,-13.0055],[131.2916,-13.0146],[131.293,-13.0237],[131.3027,-13.0223],[131.3013,-13.0132],[131.2902,-13.0055]]]},"properties":{"fid":754,"n":7,"fre_gj":1189.0,"fre_daily":{"2026-09-29":1189.0},"overpasses":2,"frp_total":110.4,"frp_max":42.7,"frp_mean":15.77,"area_km2":1.62,"lat":-13.0179,"lon":131.2955,"first_seen":"2026-09-29","last_seen":"2026-09-29","duration_days":1,"status":"historic","trend":-1,"growth_ratio":0.0,"night_frac":1.0,"daily":{"2026-09-29":{"n":7,"frp":110.4}}}},{"type":"Feature","id":628,"geometry":{"type":"Polygon","coordinates":[[[120.4148,-9.7129],[120.4244,-9.7155],[120.4283,-9.7159],[120.4393,-9.7047],[120.4427,-9.6999],[120.4421,-9.6956],[120.432,-9.6934],[120.4204,-9.7017],[120.4148,-9.7129]]]},"properties":{"fid":628,"n":41,"fre_gj":1158.0,"fre_daily":{"2026-09-29":460.8,"2026-09-30":697.2},"overpasses":11,"frp_total":177.3,"frp_max":10.2,"frp_mean":4.32,"area_km2":4.41,"lat":-9.7045,"lon":120.4307,"first_seen":"2026-09-29","last_seen":"2026-09-30","duration_days":2,"status":"historic","trend":-1,"growth_ratio":0.0,"night_frac":0.12,"daily":{"2026-09-29":{"n":15,"frp":56.3},"2026-09-30":{"n":26,"frp":121.0}}}},{"type":"Feature","id":88,"geometry":{"type":"Polygon","coordinates":[[[142.1631,-10.7565],[142.1642,-10.7607],[142.1688,-10.7627],[142.1822,-10.7652],[142.1852,-10.7613],[142.1881,-10.7402],[142.1752,-10.7355],[142.1723,-10.7345],[142.1681,-10.7394],[142.1631,-10.7565]]]},"properties":{"fid":88,"n":46,"fre_gj":1147.9,"fre_daily":{"2026-09-28":266.2,"2026-09-29":546.8,"2026-09-30":50.0,"2026-10-01":284.8},"overpasses":12,"frp_total":281.2,"frp_max":13.9,"frp_mean":6.11,"area_km2":6.74,"lat":-10.7472,"lon":142.1758,"first_seen":"2026-09-28","last_seen":"2026-10-01","duration_days":4,"status":"historic","trend":-1,"growth_ratio":0.0,"night_frac":0.04,"daily":{"2026-09-28":{"n":12,"frp":48.8},"2026-09-29":{"n":25,"frp":176.3},"2026-09-30":{"n":2,"frp":13.9},"2026-10-01":{"n":7,"frp":42.2}}}},{"type":"Feature","id":616,"geometry":{"type":"Polygon","coordinates":[[[131.7955,-14.0704],[131.8101,-14.0731],[131.8115,-14.0724],[131.8178,-14.0606],[131.82,-14.0547],[131.8023,-14.0527],[131.7991,-14.0533],[131.7955,-14.0704]]]},"properties":{"fid":616,"n":13,"fre_gj":1147.6,"fre_daily":{"2026-09-29":1147.6},"overpasses":2,"frp_total":386.4,"frp_max":259.1,"frp_mean":29.72,"area_km2":4.21,"lat":-14.0622,"lon":131.8082,"first_seen":"2026-09-29","last_seen":"2026-09-29","duration_days":1,"status":"historic","trend":-1,"growth_ratio":0.0,"night_frac":0.0,"daily":{"2026-09-29":{"n":13,"frp":386.4}}}},{"type":"Feature","id":241,"geometry":{"type":"Polygon","coordinates":[[[127.8618,-18.4052],[127.8619,-18.4137],[127.865,-18.413],[127.8752,-18.4025],[127.8774,-18.3989],[127.8719,-18.4005],[127.8618,-18.4052]]]},"properties":{"fid":241,"n":17,"fre_gj":1142.1,"fre_daily":{"2026-09-28":586.2,"2026-09-29":555.9},"overpasses":7,"frp_total":96.2,"frp_max":14.1,"frp_mean":5.66,"area_km2":1.12,"lat":-18.4063,"lon":127.867,"first_seen":"2026-09-28","last_seen":"2026-09-29","duration_days":2,"status":"historic","trend":-1,"growth_ratio":0.0,"night_frac":0.47,"daily":{"2026-09-28":{"n":12,"frp":69.5},"2026-09-29":{"n":5,"frp":26.7}}}},{"type":"Feature","id":630,"geometry":{"type":"Polygon","coordinates":[[[124.075,-9.6657],[124.0764,-9.6703],[124.0788,-9.6704],[124.0824,-9.6698],[124.0833,-9.669],[124.0815,-9.6645],[124.076,-9.6641],[124.075,-9.6657]]]},"properties":{"fid":630,"n":13,"fre_gj":1123.6,"fre_daily":{"2026-09-29":1123.6},"overpasses":3,"frp_total":537.5,"frp_max":99.2,"frp_mean":41.35,"area_km2":0.49,"lat":-9.6675,"lon":124.0787,"first_seen":"2026-09-29","last_seen":"2026-09-29","duration_days":1,"status":"historic","trend":-1,"growth_ratio":0.0,"night_frac":0.0,"daily":{"2026-09-29":{"n":13,"frp":537.5}}}},{"type":"Feature","id":1222,"geometry":{"type":"Polygon","coordinates":[[[133.9923,-12.2182],[134.0066,-12.22],[134.0074,-12.2196],[134.0081,-12.2183],[134.0079,-12.2161],[134.0057,-12.2094],[133.9937,-12.2072],[133.9923,-12.2182]]]},"properties":{"fid":1222,"n":9,"fre_gj":1116.1,"fre_daily":{"2026-10-03":1116.1},"overpasses":5,"frp_total":73.5,"frp_max":22.5,"frp_mean":8.16,"area_km2":1.85,"lat":-12.2148,"lon":134.0033,"first_seen":"2026-10-03","last_seen":"2026-10-03","duration_days":1,"status":"receding","trend":-1,"growth_ratio":0.0,"night_frac":0.33,"daily":{"2026-10-03":{"n":9,"frp":73.5}}}},{"type":"Feature","id":373,"geometry":{"type":"Polygon","coordinates":[[[134.1778,-15.5369],[134.1805,-15.5404],[134.1822,-15.5403],[134.1923,-15.5279],[134.19,-15.5231],[134.1812,-15.5095],[134.1794,-15.5071],[134.1783,-15.5129],[134.1778,-15.5369]]]},"properties":{"fid":373,"n":23,"fre_gj":1114.6,"fre_daily":{"2026-09-28":658.5,"2026-09-29":456.0},"overpasses":5,"frp_total":238.7,"frp_max":35.2,"frp_mean":10.38,"area_km2":3.28,"lat":-15.5259,"lon":134.1835,"first_seen":"2026-09-28","last_seen":"2026-09-29","duration_days":2,"status":"historic","trend":-1,"growth_ratio":0.0,"night_frac":0.04,"daily":{"2026-09-28":{"n":1,"frp":0.6},"2026-09-29":{"n":22,"frp":238.1}}}},{"type":"Feature","id":1164,"geometry":{"type":"Polygon","coordinates":[[[128.714,-15.5918],[128.7174,-15.5952],[128.7295,-15.5937],[128.7198,-15.5898],[128.7167,-15.5901],[128.714,-15.5918]]]},"properties":{"fid":1164,"n":7,"fre_gj":1102.4,"fre_daily":{"2026-10-02":1102.4},"overpasses":3,"frp_total":144.2,"frp_max":37.7,"frp_mean":20.6,"area_km2":0.55,"lat":-15.5927,"lon":128.7196,"first_seen":"2026-10-02","last_seen":"2026-10-02","duration_days":1,"status":"historic","trend":-1,"growth_ratio":0.0,"night_frac":0.0,"daily":{"2026-10-02":{"n":7,"frp":144.2}}}},{"type":"Feature","id":1005,"geometry":{"type":"Polygon","coordinates":[[[141.7296,-13.039],[141.7334,-13.0396],[141.7336,-13.0396],[141.7488,-13.031],[141.7502,-13.0281],[141.7486,-13.0252],[141.747,-13.024],[141.7304,-13.0349],[141.7296,-13.039]]]},"properties":{"fid":1005,"n":25,"fre_gj":1101.7,"fre_daily":{"2026-10-01":536.6,"2026-10-02":443.2,"2026-10-03":121.9},"overpasses":13,"frp_total":82.8,"frp_max":13.0,"frp_mean":3.31,"area_km2":1.62,"lat":-13.0345,"lon":141.7374,"first_seen":"2026-10-01","last_seen":"2026-10-03","duration_days":3,"status":"receding","trend":-1,"growth_ratio":0.0,"night_frac":0.84,"daily":{"2026-10-01":{"n":11,"frp":29.8},"2026-10-02":{"n":7,"frp":35.6},"2026-10-03":{"n":7,"frp":17.4}}}},{"type":"Feature","id":450,"geometry":{"type":"Polygon","coordinates":[[[134.6276,-12.1382],[134.6282,-12.1432],[134.6339,-12.1425],[134.6451,-12.1378],[134.6355,-12.1296],[134.6326,-12.1325],[134.6276,-12.1382]]]},"properties":{"fid":450,"n":12,"fre_gj":1097.5,"fre_daily":{"2026-09-28":1097.5},"overpasses":4,"frp_total":98.2,"frp_max":10.7,"frp_mean":8.18,"area_km2":1.54,"lat":-12.1367,"lon":134.6344,"first_seen":"2026-09-28","last_seen":"2026-09-28","duration_days":1,"status":"historic","trend":-1,"growth_ratio":0.0,"night_frac":0.17,"daily":{"2026-09-28":{"n":12,"frp":98.2}}}},{"type":"Feature","id":1274,"geometry":{"type":"Polygon","coordinates":[[[148.6073,-9.2336],[148.6083,-9.2407],[148.6123,-9.2401],[148.6118,-9.2366],[148.6073,-9.2336]]]},"properties":{"fid":1274,"n":5,"fre_gj":1064.1,"fre_daily":{"2026-10-04":1064.1},"overpasses":1,"frp_total":295.6,"frp_max":113.7,"frp_mean":59.11,"area_km2":0.26,"lat":-9.2376,"lon":148.6095,"first_seen":"2026-10-04","last_seen":"2026-10-04","duration_days":1,"status":"active","trend":1,"growth_ratio":null,"night_frac":0.0,"daily":{"2026-10-04":{"n":5,"frp":295.6}}}},{"type":"Feature","id":1193,"geometry":{"type":"Polygon","coordinates":[[[135.5118,-14.5932],[135.5119,-14.5934],[135.5147,-14.5953],[135.5154,-14.5949],[135.5178,-14.5921],[135.5183,-14.5909],[135.52,-14.5858],[135.517,-14.584],[135.515,-14.5851],[135.5118,-14.5932]]]},"properties":{"fid":1193,"n":16,"fre_gj":1044.8,"fre_daily":{"2026-10-03":1044.8},"overpasses":8,"frp_total":175.8,"frp_max":90.5,"frp_mean":10.99,"area_km2":0.61,"lat":-14.5894,"lon":135.5162,"first_seen":"2026-10-03","last_seen":"2026-10-03","duration_days":1,"status":"receding","trend":-1,"growth_ratio":0.0,"night_frac":0.5,"daily":{"2026-10-03":{"n":16,"frp":175.8}}}},{"type":"Feature","id":1266,"geometry":{"type":"Polygon","coordinates":[[[126.7432,-20.1627],[126.7462,-20.1685],[126.7468,-20.1696],[126.7502,-20.17],[126.7505,-20.17],[126.7512,-20.1645],[126.7513,-20.1627],[126.7475,-20.1576],[126.7432,-20.1627]]]},"properties":{"fid":1266,"n":16,"fre_gj":1041.8,"fre_daily":{"2026-10-03":1041.8},"overpasses":2,"frp_total":428.7,"frp_max":47.4,"frp_mean":26.8,"area_km2":0.73,"lat":-20.165,"lon":126.7482,"first_seen":"2026-10-03","last_seen":"2026-10-03","duration_days":1,"status":"receding","trend":-1,"growth_ratio":0.0,"night_frac":1.0,"daily":{"2026-10-03":{"n":16,"frp":428.7}}}},{"type":"Feature","id":125,"geometry":{"type":"Polygon","coordinates":[[[149.2863,-9.6454],[149.2954,-9.6547],[149.3271,-9.6314],[149.3269,-9.6145],[149.3094,-9.6118],[149.2863,-9.6454]]]},"properties":{"fid":125,"n":27,"fre_gj":1036.9,"fre_daily":{"2026-09-28":592.9,"2026-10-01":71.6,"2026-10-03":174.1,"2026-10-04":198.2},"overpasses":7,"frp_total":265.0,"frp_max":39.3,"frp_mean":9.82,"area_km2":11.22,"lat":-9.6307,"lon":149.3101,"first_seen":"2026-09-28","last_seen":"2026-10-04","duration_days":4,"status":"active","trend":0,"growth_ratio":0.86,"night_frac":0.0,"daily":{"2026-09-28":{"n":12,"frp":134.8},"2026-10-01":{"n":2,"frp":19.9},"2026-10-03":{"n":7,"frp":55.3},"2026-10-04":{"n":6,"frp":55.1}}}},{"type":"Feature","id":185,"geometry":{"type":"Polygon","coordinates":[[[143.1582,-9.0012],[143.1663,-9.0144],[143.1667,-9.015],[143.1748,-9.022],[143.1786,-9.0222],[143.1624,-9.0009],[143.1588,-9.0005],[143.1582,-9.0012]]]},"properties":{"fid":185,"n":16,"fre_gj":1016.9,"fre_daily":{"2026-09-28":1016.9},"overpasses":6,"frp_total":122.8,"frp_max":31.8,"frp_mean":7.67,"area_km2":1.37,"lat":-9.0109,"lon":143.1668,"first_seen":"2026-09-28","last_seen":"2026-09-28","duration_days":1,"status":"historic","trend":-1,"growth_ratio":0.0,"night_frac":0.44,"daily":{"2026-09-28":{"n":16,"frp":122.8}}}},{"type":"Feature","id":869,"geometry":{"type":"Polygon","coordinates":[[[142.9868,-12.8502],[143.0129,-12.8493],[143.0109,-12.844],[142.9899,-12.8436],[142.9868,-12.8502]]]},"properties":{"fid":869,"n":15,"fre_gj":1013.6,"fre_daily":{"2026-09-30":507.0,"2026-10-01":506.6},"overpasses":9,"frp_total":88.0,"frp_max":18.5,"frp_mean":5.87,"area_km2":1.68,"lat":-12.8471,"lon":142.9999,"first_seen":"2026-09-30","last_seen":"2026-10-01","duration_days":2,"status":"historic","trend":-1,"growth_ratio":0.0,"night_frac":0.47,"daily":{"2026-09-30":{"n":5,"frp":11.4},"2026-10-01":{"n":10,"frp":76.6}}}},{"type":"Feature","id":814,"geometry":{"type":"Polygon","coordinates":[[[132.3337,-22.3844],[132.3365,-22.3861],[132.3462,-22.3863],[132.3448,-22.3811],[132.3425,-22.3786],[132.3337,-22.3844]]]},"properties":{"fid":814,"n":11,"fre_gj":996.9,"fre_daily":{"2026-09-30":996.9},"overpasses":6,"frp_total":159.2,"frp_max":32.0,"frp_mean":14.47,"area_km2":0.65,"lat":-22.3829,"lon":132.3405,"first_seen":"2026-09-30","last_seen":"2026-09-30","duration_days":1,"status":"historic","trend":-1,"growth_ratio":0.0,"night_frac":0.27,"daily":{"2026-09-30":{"n":11,"frp":159.2}}}},{"type":"Feature","id":1248,"geometry":{"type":"Polygon","coordinates":[[[134.2509,-16.0087],[134.2589,-16.016],[134.2697,-16.0155],[134.2752,-15.9993],[134.2671,-15.996],[134.2564,-15.9992],[134.2515,-16.0036],[134.251,-16.0073],[134.2509,-16.0087]]]},"properties":{"fid":1248,"n":26,"fre_gj":992.1,"fre_daily":{"2026-10-03":992.1},"overpasses":5,"frp_total":105.2,"frp_max":33.7,"frp_mean":4.04,"area_km2":4.07,"lat":-16.006,"lon":134.2597,"first_seen":"2026-10-03","last_seen":"2026-10-03","duration_days":1,"status":"receding","trend":-1,"growth_ratio":0.0,"night_frac":0.96,"daily":{"2026-10-03":{"n":26,"frp":105.2}}}},{"type":"Feature","id":309,"geometry":{"type":"Polygon","coordinates":[[[124.4975,-9.3593],[124.5274,-9.3581],[124.5432,-9.356],[124.5443,-9.3538],[124.548,-9.3437],[124.5291,-9.343],[124.522,-9.345],[124.5079,-9.3491],[124.4975,-9.3593]]]},"properties":{"fid":309,"n":30,"fre_gj":973.6,"fre_daily":{"2026-09-28":739.1,"2026-09-30":20.9,"2026-10-01":103.3,"2026-10-03":110.3},"overpasses":8,"frp_total":325.6,"frp_max":25.9,"frp_mean":10.85,"area_km2":6.54,"lat":-9.3506,"lon":124.523,"first_seen":"2026-09-28","last_seen":"2026-10-03","duration_days":4,"status":"receding","trend":-1,"growth_ratio":0.0,"night_frac":0.0,"daily":{"2026-09-28":{"n":19,"frp":242.1},"2026-09-30":{"n":1,"frp":5.8},"2026-10-01":{"n":4,"frp":42.0},"2026-10-03":{"n":6,"frp":35.7}}}},{"type":"Feature","id":974,"geometry":{"type":"Polygon","coordinates":[[[132.4817,-12.3422],[132.4829,-12.3556],[132.4942,-12.3543],[132.4992,-12.3534],[132.497,-12.3495],[132.4948,-12.347],[132.4925,-12.345],[132.483,-12.3395],[132.4817,-12.3422]]]},"properties":{"fid":974,"n":23,"fre_gj":973.1,"fre_daily":{"2026-10-01":973.1},"overpasses":3,"frp_total":410.8,"frp_max":51.6,"frp_mean":17.86,"area_km2":2.04,"lat":-12.3495,"lon":132.4913,"first_seen":"2026-10-01","last_seen":"2026-10-01","duration_days":1,"status":"historic","trend":-1,"growth_ratio":0.0,"night_frac":0.0,"daily":{"2026-10-01":{"n":23,"frp":410.8}}}},{"type":"Feature","id":871,"geometry":{"type":"Polygon","coordinates":[[[141.8549,-12.5392],[141.8575,-12.5405],[141.8585,-12.5398],[141.8631,-12.5327],[141.863,-12.5266],[141.8618,-12.5267],[141.859,-12.5294],[141.857,-12.5334],[141.8549,-12.5392]]]},"properties":{"fid":871,"n":11,"fre_gj":967.9,"fre_daily":{"2026-09-30":373.9,"2026-10-01":584.4,"2026-10-02":9.5},"overpasses":7,"frp_total":46.0,"frp_max":16.4,"frp_mean":4.18,"area_km2":0.7,"lat":-12.534,"lon":141.8592,"first_seen":"2026-09-30","last_seen":"2026-10-02","duration_days":3,"status":"historic","trend":-1,"growth_ratio":0.0,"night_frac":0.55,"daily":{"2026-09-30":{"n":3,"frp":2.8},"2026-10-01":{"n":7,"frp":37.9},"2026-10-02":{"n":1,"frp":5.3}}}},{"type":"Feature","id":1143,"geometry":{"type":"Polygon","coordinates":[[[141.95062,-12.42138],[141.95035,-12.41983],[141.94955,-12.41847],[141.94832,-12.41746],[141.94682,-12.41692],[141.94523,-12.41692],[141.94373,-12.41746],[141.9425,-12.41847],[141.9417,-12.41983],[141.94143,-12.42138],[141.9417,-12.42292],[141.9425,-12.42428],[141.94373,-12.42529],[141.94523,-12.42583],[141.94682,-12.42583],[141.94832,-12.42529],[141.94955,-12.42428],[141.95035,-12.42292],[141.95062,-12.42138]]]},"properties":{"fid":1143,"n":4,"fre_gj":960.0,"fre_daily":{"2026-10-02":960.0},"overpasses":3,"frp_total":49.7,"frp_max":23.5,"frp_mean":12.43,"area_km2":0.77,"lat":-12.4214,"lon":141.946,"first_seen":"2026-10-02","last_seen":"2026-10-02","duration_days":1,"status":"historic","trend":-1,"growth_ratio":0.0,"night_frac":0.25,"daily":{"2026-10-02":{"n":4,"frp":49.7}}}},{"type":"Feature","id":48,"geometry":{"type":"Polygon","coordinates":[[[150.3564,-23.6603],[150.3714,-23.6586],[150.3789,-23.6536],[150.3772,-23.648],[150.3747,-23.6477],[150.3709,-23.6483],[150.3652,-23.6501],[150.3564,-23.6603]]]},"properties":{"fid":48,"n":19,"fre_gj":958.1,"fre_daily":{"2026-09-28":958.1},"overpasses":5,"frp_total":362.1,"frp_max":62.6,"frp_mean":19.06,"area_km2":1.78,"lat":-23.6516,"lon":150.3724,"first_seen":"2026-09-28","last_seen":"2026-09-28","duration_days":1,"status":"historic","trend":-1,"growth_ratio":0.0,"night_frac":0.0,"daily":{"2026-09-28":{"n":19,"frp":362.1}}}},{"type":"Feature","id":1077,"geometry":{"type":"Polygon","coordinates":[[[141.3268,-9.0131],[141.3312,-9.019],[141.3328,-9.0179],[141.3311,-9.0116],[141.3268,-9.0131]]]},"properties":{"fid":1077,"n":9,"fre_gj":956.2,"fre_daily":{"2026-10-01":332.9,"2026-10-02":610.1,"2026-10-03":13.2},"overpasses":7,"frp_total":65.6,"frp_max":17.4,"frp_mean":7.29,"area_km2":0.27,"lat":-9.0159,"lon":141.3309,"first_seen":"2026-10-01","last_seen":"2026-10-03","duration_days":3,"status":"receding","trend":-1,"growth_ratio":0.0,"night_frac":0.22,"daily":{"2026-10-01":{"n":1,"frp":0.4},"2026-10-02":{"n":7,"frp":57.9},"2026-10-03":{"n":1,"frp":7.3}}}},{"type":"Feature","id":61,"geometry":{"type":"Polygon","coordinates":[[[135.5107,-15.1096],[135.5128,-15.1103],[135.5198,-15.1097],[135.5525,-15.0899],[135.5503,-15.0865],[135.5457,-15.0874],[135.5345,-15.0921],[135.5156,-15.104],[135.5136,-15.1059],[135.5107,-15.1096]]]},"properties":{"fid":61,"n":31,"fre_gj":940.7,"fre_daily":{"2026-09-28":940.7},"overpasses":4,"frp_total":357.7,"frp_max":34.4,"frp_mean":11.54,"area_km2":3.44,"lat":-15.0981,"lon":135.5312,"first_seen":"2026-09-28","last_seen":"2026-09-28","duration_days":1,"status":"historic","trend":-1,"growth_ratio":0.0,"night_frac":0.0,"daily":{"2026-09-28":{"n":31,"frp":357.7}}}},{"type":"Feature","id":52,"geometry":{"type":"Polygon","coordinates":[[[149.0167,-21.3921],[149.0222,-21.4013],[149.0305,-21.4027],[149.0258,-21.394],[149.0229,-21.3927],[149.0167,-21.3921]]]},"properties":{"fid":52,"n":20,"fre_gj":931.8,"fre_daily":{"2026-09-28":43.5,"2026-09-30":4.7,"2026-10-01":567.3,"2026-10-02":285.4,"2026-10-03":30.9},"overpasses":15,"frp_total":93.7,"frp_max":11.5,"frp_mean":4.69,"area_km2":0.83,"lat":-21.396,"lon":149.022,"first_seen":"2026-09-28","last_seen":"2026-10-03","duration_days":5,"status":"receding","trend":-1,"growth_ratio":0.0,"night_frac":0.3,"daily":{"2026-09-28":{"n":3,"frp":14.8},"2026-09-30":{"n":2,"frp":1.3},"2026-10-01":{"n":7,"frp":32.7},"2026-10-02":{"n":6,"frp":33.2},"2026-10-03":{"n":2,"frp":11.7}}}},{"type":"Feature","id":530,"geometry":{"type":"Polygon","coordinates":[[[140.9345,-9.0196],[140.9588,-9.0246],[140.9601,-9.0112],[140.9561,-9.0084],[140.9345,-9.0196]]]},"properties":{"fid":530,"n":10,"fre_gj":929.9,"fre_daily":{"2026-09-28":20.5,"2026-09-29":909.4},"overpasses":5,"frp_total":155.2,"frp_max":103.5,"frp_mean":15.52,"area_km2":2.66,"lat":-9.0153,"lon":140.9508,"first_seen":"2026-09-28","last_seen":"2026-09-29","duration_days":2,"status":"historic","trend":-1,"growth_ratio":0.0,"night_frac":0.1,"daily":{"2026-09-28":{"n":2,"frp":5.7},"2026-09-29":{"n":8,"frp":149.5}}}},{"type":"Feature","id":688,"geometry":{"type":"Polygon","coordinates":[[[132.8693,-14.3725],[132.8731,-14.3911],[132.8736,-14.3913],[132.8843,-14.3918],[132.8816,-14.3793],[132.8784,-14.3743],[132.8729,-14.372],[132.8693,-14.3725]]]},"properties":{"fid":688,"n":30,"fre_gj":916.9,"fre_daily":{"2026-09-29":692.0,"2026-09-30":224.9},"overpasses":7,"frp_total":183.0,"frp_max":25.7,"frp_mean":6.1,"area_km2":2.35,"lat":-14.3812,"lon":132.8764,"first_seen":"2026-09-29","last_seen":"2026-09-30","duration_days":2,"status":"historic","trend":-1,"growth_ratio":0.0,"night_frac":0.5,"daily":{"2026-09-29":{"n":15,"frp":75.1},"2026-09-30":{"n":15,"frp":107.9}}}},{"type":"Feature","id":647,"geometry":{"type":"Polygon","coordinates":[[[125.0886,-9.1342],[125.0894,-9.138],[125.1001,-9.1411],[125.1057,-9.1371],[125.1032,-9.1336],[125.0929,-9.1337],[125.0886,-9.1342]]]},"properties":{"fid":647,"n":23,"fre_gj":916.4,"fre_daily":{"2026-09-29":24.1,"2026-09-30":70.3,"2026-10-01":716.7,"2026-10-02":11.2,"2026-10-03":94.1},"overpasses":11,"frp_total":345.7,"frp_max":54.6,"frp_mean":15.03,"area_km2":1.09,"lat":-9.1362,"lon":125.0963,"first_seen":"2026-09-29","last_seen":"2026-10-03","duration_days":5,"status":"receding","trend":-1,"growth_ratio":0.0,"night_frac":0.0,"daily":{"2026-09-29":{"n":1,"frp":6.7},"2026-09-30":{"n":4,"frp":37.0},"2026-10-01":{"n":12,"frp":263.3},"2026-10-02":{"n":1,"frp":3.1},"2026-10-03":{"n":5,"frp":35.6}}}},{"type":"Feature","id":1084,"geometry":{"type":"Polygon","coordinates":[[[152.84157,-26.77645],[152.84107,-26.77389],[152.83962,-26.77163],[152.8374,-26.76996],[152.83468,-26.76907],[152.83178,-26.76907],[152.82906,-26.76996],[152.82684,-26.77163],[152.82539,-26.77389],[152.82488,-26.77645],[152.82539,-26.77902],[152.82684,-26.78127],[152.82906,-26.78295],[152.83178,-26.78384],[152.83468,-26.78384],[152.8374,-26.78295],[152.83962,-26.78127],[152.84107,-26.77902],[152.84157,-26.77645]]]},"properties":{"fid":1084,"n":11,"fre_gj":913.3,"fre_daily":{"2026-10-01":82.1,"2026-10-02":831.2},"overpasses":8,"frp_total":121.2,"frp_max":45.6,"frp_mean":11.02,"area_km2":2.12,"lat":-26.7765,"lon":152.8332,"first_seen":"2026-10-01","last_seen":"2026-10-02","duration_days":2,"status":"historic","trend":-1,"growth_ratio":0.0,"night_frac":0.27,"daily":{"2026-10-01":{"n":1,"frp":45.6},"2026-10-02":{"n":10,"frp":75.6}}}},{"type":"Feature","id":901,"geometry":{"type":"Polygon","coordinates":[[[144.59732,-14.69647],[144.59698,-14.69457],[144.59599,-14.69291],[144.59448,-14.69167],[144.59262,-14.69101],[144.59065,-14.69101],[144.58879,-14.69167],[144.58728,-14.69291],[144.58629,-14.69457],[144.58595,-14.69647],[144.58629,-14.69836],[144.58728,-14.70003],[144.58879,-14.70126],[144.59065,-14.70192],[144.59262,-14.70192],[144.59448,-14.70126],[144.59599,-14.70003],[144.59698,-14.69836],[144.59732,-14.69647]]]},"properties":{"fid":901,"n":6,"fre_gj":905.3,"fre_daily":{"2026-09-30":15.1,"2026-10-03":820.2,"2026-10-04":69.9},"overpasses":3,"frp_total":43.5,"frp_max":13.5,"frp_mean":7.25,"area_km2":1.15,"lat":-14.6965,"lon":144.5916,"first_seen":"2026-09-30","last_seen":"2026-10-04","duration_days":3,"status":"active","trend":1,"growth_ratio":4.0,"night_frac":0.17,"daily":{"2026-09-30":{"n":1,"frp":4.2},"2026-10-03":{"n":1,"frp":0.4},"2026-10-04":{"n":4,"frp":38.9}}}},{"type":"Feature","id":890,"geometry":{"type":"Polygon","coordinates":[[[124.334,-10.1446],[124.3349,-10.1483],[124.3363,-10.1525],[124.3533,-10.1498],[124.3596,-10.1461],[124.3616,-10.1373],[124.3615,-10.1346],[124.3427,-10.1349],[124.334,-10.1446]]]},"properties":{"fid":890,"n":25,"fre_gj":902.2,"fre_daily":{"2026-09-30":339.0,"2026-10-01":348.9,"2026-10-02":149.4,"2026-10-03":64.8},"overpasses":14,"frp_total":67.2,"frp_max":9.2,"frp_mean":2.69,"area_km2":4.42,"lat":-10.1446,"lon":124.3469,"first_seen":"2026-09-30","last_seen":"2026-10-03","duration_days":4,"status":"receding","trend":-1,"growth_ratio":0.0,"night_frac":0.72,"daily":{"2026-09-30":{"n":11,"frp":17.9},"2026-10-01":{"n":3,"frp":6.5},"2026-10-02":{"n":5,"frp":16.6},"2026-10-03":{"n":6,"frp":26.2}}}},{"type":"Feature","id":860,"geometry":{"type":"Polygon","coordinates":[[[151.8149,-30.9276],[151.8159,-30.9333],[151.8187,-30.935],[151.8205,-30.9344],[151.8265,-30.9252],[151.8215,-30.9227],[151.8188,-30.9217],[151.8175,-30.9217],[151.8149,-30.9276]]]},"properties":{"fid":860,"n":25,"fre_gj":896.4,"fre_daily":{"2026-09-30":744.7,"2026-10-01":151.6},"overpasses":8,"frp_total":124.5,"frp_max":43.2,"frp_mean":4.98,"area_km2":1.01,"lat":-30.9283,"lon":151.8192,"first_seen":"2026-09-30","last_seen":"2026-10-01","duration_days":2,"status":"historic","trend":-1,"growth_ratio":0.0,"night_frac":0.84,"daily":{"2026-09-30":{"n":22,"frp":113.0},"2026-10-01":{"n":3,"frp":11.5}}}},{"type":"Feature","id":1079,"geometry":{"type":"Polygon","coordinates":[[[148.5812,-9.7663],[148.5885,-9.764],[148.5907,-9.7627],[148.592,-9.7599],[148.5899,-9.7427],[148.585,-9.7509],[148.5812,-9.7663]]]},"properties":{"fid":1079,"n":19,"fre_gj":894.6,"fre_daily":{"2026-10-01":17.3,"2026-10-02":516.4,"2026-10-03":232.3,"2026-10-04":128.6},"overpasses":8,"frp_total":111.6,"frp_max":25.9,"frp_mean":5.87,"area_km2":1.64,"lat":-9.7566,"lon":148.588,"first_seen":"2026-10-01","last_seen":"2026-10-04","duration_days":4,"status":"active","trend":0,"growth_ratio":1.07,"night_frac":0.26,"daily":{"2026-10-01":{"n":1,"frp":4.8},"2026-10-02":{"n":5,"frp":5.2},"2026-10-03":{"n":8,"frp":65.9},"2026-10-04":{"n":5,"frp":35.7}}}},{"type":"Feature","id":526,"geometry":{"type":"Polygon","coordinates":[[[140.9535,-9.0607],[140.9544,-9.0666],[140.9611,-9.0767],[140.9757,-9.0827],[140.9911,-9.0711],[140.96,-9.0568],[140.9535,-9.0607]]]},"properties":{"fid":526,"n":20,"fre_gj":894.5,"fre_daily":{"2026-09-28":32.8,"2026-09-29":49.0,"2026-09-30":23.8,"2026-10-01":521.8,"2026-10-02":267.2},"overpasses":9,"frp_total":85.0,"frp_max":12.4,"frp_mean":4.25,"area_km2":6.25,"lat":-9.0687,"lon":140.9649,"first_seen":"2026-09-28","last_seen":"2026-10-02","duration_days":5,"status":"historic","trend":-1,"growth_ratio":0.0,"night_frac":0.2,"daily":{"2026-09-28":{"n":2,"frp":9.1},"2026-09-29":{"n":5,"frp":19.9},"2026-09-30":{"n":1,"frp":6.6},"2026-10-01":{"n":1,"frp":1.1},"2026-10-02":{"n":11,"frp":48.3}}}},{"type":"Feature","id":570,"geometry":{"type":"Polygon","coordinates":[[[145.5964,-32.304],[145.5975,-32.3079],[145.6174,-32.3065],[145.6175,-32.3052],[145.6089,-32.2982],[145.5972,-32.2991],[145.5968,-32.3003],[145.5964,-32.304]]]},"properties":{"fid":570,"n":20,"fre_gj":887.6,"fre_daily":{"2026-09-29":573.8,"2026-10-03":313.8},"overpasses":10,"frp_total":108.3,"frp_max":15.1,"frp_mean":5.41,"area_km2":1.57,"lat":-32.3023,"lon":145.6082,"first_seen":"2026-09-29","last_seen":"2026-10-03","duration_days":2,"status":"receding","trend":-1,"growth_ratio":0.0,"night_frac":0.2,"daily":{"2026-09-29":{"n":15,"frp":83.6},"2026-10-03":{"n":5,"frp":24.7}}}},{"type":"Feature","id":199,"geometry":{"type":"Polygon","coordinates":[[[134.4307,-23.5546],[134.4402,-23.5607],[134.4476,-23.5619],[134.4479,-23.5604],[134.4486,-23.5528],[134.4395,-23.5483],[134.4381,-23.5486],[134.4341,-23.5513],[134.4307,-23.5546]]]},"properties":{"fid":199,"n":20,"fre_gj":885.0,"fre_daily":{"2026-09-28":855.2,"2026-09-29":29.9},"overpasses":10,"frp_total":122.5,"frp_max":24.2,"frp_mean":6.12,"area_km2":1.71,"lat":-23.5545,"lon":134.4403,"first_seen":"2026-09-28","last_seen":"2026-09-29","duration_days":2,"status":"historic","trend":-1,"growth_ratio":0.0,"night_frac":0.55,"daily":{"2026-09-28":{"n":17,"frp":105.9},"2026-09-29":{"n":3,"frp":16.6}}}},{"type":"Feature","id":371,"geometry":{"type":"Polygon","coordinates":[[[132.2412,-15.664],[132.2426,-15.6662],[132.2486,-15.6634],[132.2557,-15.6547],[132.2548,-15.6507],[132.2441,-15.6549],[132.2412,-15.664]]]},"properties":{"fid":371,"n":31,"fre_gj":877.1,"fre_daily":{"2026-09-28":41.5,"2026-09-29":524.0,"2026-09-30":219.0,"2026-10-01":92.6},"overpasses":18,"frp_total":127.8,"frp_max":14.9,"frp_mean":4.12,"area_km2":1.36,"lat":-15.6579,"lon":132.2486,"first_seen":"2026-09-28","last_seen":"2026-10-01","duration_days":4,"status":"historic","trend":-1,"growth_ratio":0.0,"night_frac":0.71,"daily":{"2026-09-28":{"n":8,"frp":15.8},"2026-09-29":{"n":6,"frp":12.5},"2026-09-30":{"n":9,"frp":85.2},"2026-10-01":{"n":8,"frp":14.3}}}},{"type":"Feature","id":47,"geometry":{"type":"Polygon","coordinates":[[[151.1438,-23.8283],[151.1491,-23.8304],[151.1517,-23.8314],[151.1556,-23.8311],[151.1526,-23.825],[151.1489,-23.8248],[151.1485,-23.825],[151.1438,-23.8283]]]},"properties":{"fid":47,"n":40,"fre_gj":877.0,"fre_daily":{"2026-09-28":31.4,"2026-09-29":33.7,"2026-09-30":42.0,"2026-10-01":235.7,"2026-10-02":380.4,"2026-10-03":153.7},"overpasses":21,"frp_total":93.2,"frp_max":5.5,"frp_mean":2.33,"area_km2":0.52,"lat":-23.8286,"lon":151.151,"first_seen":"2026-09-28","last_seen":"2026-10-03","duration_days":6,"status":"receding","trend":-1,"growth_ratio":0.0,"night_frac":0.88,"daily":{"2026-09-28":{"n":3,"frp":10.9},"2026-09-29":{"n":8,"frp":13.9},"2026-09-30":{"n":7,"frp":17.4},"2026-10-01":{"n":7,"frp":14.3},"2026-10-02":{"n":8,"frp":20.0},"2026-10-03":{"n":7,"frp":16.7}}}},{"type":"Feature","id":576,"geometry":{"type":"Polygon","coordinates":[[[146.44694,-27.07392],[146.44639,-27.07113],[146.44481,-27.06868],[146.44239,-27.06686],[146.43943,-27.06589],[146.43627,-27.06589],[146.4333,-27.06686],[146.43088,-27.06868],[146.4293,-27.07113],[146.42875,-27.07392],[146.4293,-27.0767],[146.43088,-27.07916],[146.4333,-27.08098],[146.43627,-27.08194],[146.43943,-27.08194],[146.44239,-27.08098],[146.44481,-27.07916],[146.44639,-27.0767],[146.44694,-27.07392]]]},"properties":{"fid":576,"n":13,"fre_gj":869.7,"fre_daily":{"2026-09-29":869.7},"overpasses":5,"frp_total":328.6,"frp_max":33.7,"frp_mean":25.28,"area_km2":2.5,"lat":-27.0739,"lon":146.4378,"first_seen":"2026-09-29","last_seen":"2026-09-29","duration_days":1,"status":"historic","trend":-1,"growth_ratio":0.0,"night_frac":0.0,"daily":{"2026-09-29":{"n":13,"frp":328.6}}}},{"type":"Feature","id":830,"geometry":{"type":"Polygon","coordinates":[[[136.3384,-12.3271],[136.3386,-12.3283],[136.341,-12.3374],[136.3678,-12.3626],[136.3726,-12.3524],[136.3609,-12.3429],[136.3456,-12.3314],[136.3384,-12.3271]]]},"properties":{"fid":830,"n":19,"fre_gj":866.4,"fre_daily":{"2026-09-30":136.4,"2026-10-02":730.0},"overpasses":7,"frp_total":125.2,"frp_max":14.7,"frp_mean":6.59,"area_km2":4.38,"lat":-12.3431,"lon":136.3545,"first_seen":"2026-09-30","last_seen":"2026-10-02","duration_days":2,"status":"historic","trend":-1,"growth_ratio":0.0,"night_frac":0.11,"daily":{"2026-09-30":{"n":8,"frp":43.3},"2026-10-02":{"n":11,"frp":81.9}}}},{"type":"Feature","id":942,"geometry":{"type":"Polygon","coordinates":[[[142.331,-9.1587],[142.3478,-9.1538],[142.3427,-9.1433],[142.3329,-9.1333],[142.3314,-9.143],[142.331,-9.1587]]]},"properties":{"fid":942,"n":14,"fre_gj":855.5,"fre_daily":{"2026-09-30":6.1,"2026-10-02":37.8,"2026-10-03":795.8,"2026-10-04":15.7},"overpasses":6,"frp_total":199.1,"frp_max":36.9,"frp_mean":14.22,"area_km2":2.97,"lat":-9.1467,"lon":142.3374,"first_seen":"2026-09-30","last_seen":"2026-10-04","duration_days":4,"status":"active","trend":-1,"growth_ratio":0.23,"night_frac":0.07,"daily":{"2026-09-30":{"n":1,"frp":1.7},"2026-10-02":{"n":3,"frp":13.9},"2026-10-03":{"n":9,"frp":179.1},"2026-10-04":{"n":1,"frp":4.4}}}},{"type":"Feature","id":327,"geometry":{"type":"Polygon","coordinates":[[[147.6304,-22.7303],[147.6307,-22.7317],[147.6374,-22.7367],[147.6404,-22.7369],[147.6407,-22.7364],[147.6405,-22.7356],[147.6385,-22.7325],[147.6359,-22.7309],[147.6349,-22.7306],[147.6306,-22.7298],[147.6304,-22.7303]]]},"properties":{"fid":327,"n":29,"fre_gj":852.6,"fre_daily":{"2026-09-28":145.9,"2026-09-29":21.4,"2026-09-30":238.0,"2026-10-01":320.3,"2026-10-02":112.6,"2026-10-03":14.4},"overpasses":19,"frp_total":59.1,"frp_max":5.6,"frp_mean":2.04,"area_km2":0.4,"lat":-22.7329,"lon":147.6352,"first_seen":"2026-09-28","last_seen":"2026-10-03","duration_days":6,"status":"receding","trend":-1,"growth_ratio":0.0,"night_frac":0.83,"daily":{"2026-09-28":{"n":6,"frp":11.2},"2026-09-29":{"n":2,"frp":8.8},"2026-09-30":{"n":6,"frp":9.9},"2026-10-01":{"n":6,"frp":16.8},"2026-10-02":{"n":4,"frp":6.1},"2026-10-03":{"n":5,"frp":6.3}}}},{"type":"Feature","id":674,"geometry":{"type":"Polygon","coordinates":[[[125.0324,-9.1821],[125.0346,-9.186],[125.0368,-9.187],[125.0433,-9.1853],[125.0443,-9.1829],[125.0413,-9.1809],[125.0375,-9.1797],[125.0329,-9.1803],[125.0324,-9.1821]]]},"properties":{"fid":674,"n":16,"fre_gj":852.2,"fre_daily":{"2026-09-29":809.8,"2026-09-30":42.4},"overpasses":6,"frp_total":69.8,"frp_max":28.3,"frp_mean":4.36,"area_km2":0.73,"lat":-9.1831,"lon":125.0386,"first_seen":"2026-09-29","last_seen":"2026-09-30","duration_days":2,"status":"historic","trend":-1,"growth_ratio":0.0,"night_frac":0.69,"daily":{"2026-09-29":{"n":11,"frp":42.9},"2026-09-30":{"n":5,"frp":26.9}}}},{"type":"Feature","id":358,"geometry":{"type":"Polygon","coordinates":[[[128.2121,-16.8158],[128.2131,-16.8193],[128.2202,-16.8335],[128.2214,-16.8342],[128.2247,-16.8338],[128.2249,-16.8242],[128.2196,-16.8126],[128.2121,-16.8158]]]},"properties":{"fid":358,"n":21,"fre_gj":850.3,"fre_daily":{"2026-09-28":850.3},"overpasses":6,"frp_total":68.6,"frp_max":12.1,"frp_mean":3.27,"area_km2":1.88,"lat":-16.8222,"lon":128.2193,"first_seen":"2026-09-28","last_seen":"2026-09-28","duration_days":1,"status":"historic","trend":-1,"growth_ratio":0.0,"night_frac":0.67,"daily":{"2026-09-28":{"n":21,"frp":68.6}}}},{"type":"Feature","id":1180,"geometry":{"type":"Polygon","coordinates":[[[126.6868,-20.1081],[126.699,-20.1245],[126.6962,-20.1068],[126.6883,-20.0971],[126.6868,-20.1081]]]},"properties":{"fid":1180,"n":5,"fre_gj":837.7,"fre_daily":{"2026-10-02":837.7},"overpasses":1,"frp_total":232.7,"frp_max":75.8,"frp_mean":46.54,"area_km2":1.57,"lat":-20.1104,"lon":126.6936,"first_seen":"2026-10-02","last_seen":"2026-10-02","duration_days":1,"status":"historic","trend":-1,"growth_ratio":0.0,"night_frac":1.0,"daily":{"2026-10-02":{"n":5,"frp":232.7}}}},{"type":"Feature","id":1099,"geometry":{"type":"Polygon","coordinates":[[[129.8835,-20.516],[129.8941,-20.5221],[129.8999,-20.5247],[129.909,-20.5209],[129.9068,-20.517],[129.8914,-20.5108],[129.8835,-20.516]]]},"properties":{"fid":1099,"n":6,"fre_gj":837.1,"fre_daily":{"2026-10-02":837.1},"overpasses":2,"frp_total":238.5,"frp_max":97.0,"frp_mean":39.75,"area_km2":2.12,"lat":-20.5186,"lon":129.8975,"first_seen":"2026-10-02","last_seen":"2026-10-02","duration_days":1,"status":"historic","trend":-1,"growth_ratio":0.0,"night_frac":0.0,"daily":{"2026-10-02":{"n":6,"frp":238.5}}}},{"type":"Feature","id":509,"geometry":{"type":"Polygon","coordinates":[[[135.5072,-16.9886],[135.512,-17.0089],[135.5157,-17.0202],[135.5194,-17.0206],[135.5268,-17.0065],[135.5096,-16.981],[135.5072,-16.9886]]]},"properties":{"fid":509,"n":15,"fre_gj":834.6,"fre_daily":{"2026-09-28":377.1,"2026-09-29":457.5},"overpasses":6,"frp_total":101.5,"frp_max":26.0,"frp_mean":6.77,"area_km2":4.33,"lat":-17.002,"lon":135.5167,"first_seen":"2026-09-28","last_seen":"2026-09-29","duration_days":2,"status":"historic","trend":-1,"growth_ratio":0.0,"night_frac":0.13,"daily":{"2026-09-28":{"n":4,"frp":40.4},"2026-09-29":{"n":11,"frp":61.1}}}},{"type":"Feature","id":1177,"geometry":{"type":"Polygon","coordinates":[[[142.7419,-12.998],[142.7536,-13.0075],[142.7565,-13.0017],[142.7569,-12.9995],[142.7482,-12.9917],[142.7447,-12.9922],[142.7419,-12.998]]]},"properties":{"fid":1177,"n":11,"fre_gj":832.5,"fre_daily":{"2026-10-02":3.2,"2026-10-04":829.3},"overpasses":2,"frp_total":231.3,"frp_max":33.1,"frp_mean":21.02,"area_km2":1.51,"lat":-12.9988,"lon":142.7501,"first_seen":"2026-10-02","last_seen":"2026-10-04","duration_days":2,"status":"active","trend":1,"growth_ratio":10.0,"night_frac":0.09,"daily":{"2026-10-02":{"n":1,"frp":0.9},"2026-10-04":{"n":10,"frp":230.4}}}},{"type":"Feature","id":383,"geometry":{"type":"Polygon","coordinates":[[[134.3999,-13.6845],[134.4078,-13.6913],[134.4116,-13.6919],[134.413,-13.6907],[134.4125,-13.6862],[134.4119,-13.6816],[134.3999,-13.6845]]]},"properties":{"fid":383,"n":11,"fre_gj":819.1,"fre_daily":{"2026-09-28":765.1,"2026-09-29":54.0},"overpasses":3,"frp_total":45.3,"frp_max":12.9,"frp_mean":4.12,"area_km2":0.95,"lat":-13.687,"lon":134.4085,"first_seen":"2026-09-28","last_seen":"2026-09-29","duration_days":2,"status":"historic","trend":-1,"growth_ratio":0.0,"night_frac":0.64,"daily":{"2026-09-28":{"n":7,"frp":15.3},"2026-09-29":{"n":4,"frp":30.0}}}},{"type":"Feature","id":1170,"geometry":{"type":"Polygon","coordinates":[[[147.3262,-9.2287],[147.3334,-9.2396],[147.3383,-9.2312],[147.3389,-9.2296],[147.3313,-9.2267],[147.3262,-9.2287]]]},"properties":{"fid":1170,"n":12,"fre_gj":817.1,"fre_daily":{"2026-10-02":147.1,"2026-10-03":670.0},"overpasses":5,"frp_total":215.3,"frp_max":28.9,"frp_mean":17.94,"area_km2":1.0,"lat":-9.2314,"lon":147.3341,"first_seen":"2026-10-02","last_seen":"2026-10-03","duration_days":2,"status":"receding","trend":-1,"growth_ratio":0.0,"night_frac":0.08,"daily":{"2026-10-02":{"n":1,"frp":0.9},"2026-10-03":{"n":11,"frp":214.4}}}},{"type":"Feature","id":1071,"geometry":{"type":"Polygon","coordinates":[[[130.831,-21.248],[130.8493,-21.2753],[130.8588,-21.2625],[130.8553,-21.2499],[130.8535,-21.244],[130.8324,-21.2452],[130.831,-21.248]]]},"properties":{"fid":1071,"n":19,"fre_gj":813.2,"fre_daily":{"2026-10-01":15.1,"2026-10-02":506.0,"2026-10-03":292.1},"overpasses":9,"frp_total":81.6,"frp_max":13.3,"frp_mean":4.3,"area_km2":5.68,"lat":-21.255,"lon":130.8492,"first_seen":"2026-10-01","last_seen":"2026-10-03","duration_days":3,"status":"receding","trend":-1,"growth_ratio":0.0,"night_frac":0.63,"daily":{"2026-10-01":{"n":4,"frp":6.2},"2026-10-02":{"n":7,"frp":13.3},"2026-10-03":{"n":8,"frp":62.1}}}},{"type":"Feature","id":1191,"geometry":{"type":"Polygon","coordinates":[[[144.2049,-15.7546],[144.2051,-15.7583],[144.2058,-15.7634],[144.2116,-15.7591],[144.212,-15.7562],[144.2081,-15.7515],[144.2049,-15.7519],[144.2049,-15.7546]]]},"properties":{"fid":1191,"n":17,"fre_gj":811.4,"fre_daily":{"2026-10-03":780.3,"2026-10-04":31.1},"overpasses":6,"frp_total":72.1,"frp_max":13.0,"frp_mean":4.24,"area_km2":0.67,"lat":-15.7566,"lon":144.2077,"first_seen":"2026-10-03","last_seen":"2026-10-04","duration_days":2,"status":"active","trend":-1,"growth_ratio":0.21,"night_frac":0.47,"daily":{"2026-10-03":{"n":14,"frp":54.8},"2026-10-04":{"n":3,"frp":17.3}}}},{"type":"Feature","id":216,"geometry":{"type":"Polygon","coordinates":[[[132.5053,-21.2788],[132.5158,-21.2771],[132.5301,-21.2658],[132.5308,-21.2629],[132.5124,-21.2605],[132.5107,-21.2618],[132.5085,-21.2681],[132.5053,-21.2788]]]},"properties":{"fid":216,"n":27,"fre_gj":809.7,"fre_daily":{"2026-09-28":809.7},"overpasses":5,"frp_total":285.8,"frp_max":52.5,"frp_mean":10.59,"area_km2":3.08,"lat":-21.2663,"lon":132.5202,"first_seen":"2026-09-28","last_seen":"2026-09-28","duration_days":1,"status":"historic","trend":-1,"growth_ratio":0.0,"night_frac":0.0,"daily":{"2026-09-28":{"n":27,"frp":285.8}}}},{"type":"Feature","id":134,"geometry":{"type":"Polygon","coordinates":[[[148.9476,-9.4761],[148.9499,-9.4834],[148.9507,-9.4832],[148.9537,-9.4822],[148.9553,-9.4789],[148.9521,-9.4759],[148.9476,-9.4761]]]},"properties":{"fid":134,"n":18,"fre_gj":808.4,"fre_daily":{"2026-09-28":698.5,"2026-09-29":55.1,"2026-09-30":54.8},"overpasses":8,"frp_total":88.9,"frp_max":10.9,"frp_mean":4.94,"area_km2":0.45,"lat":-9.4791,"lon":148.9512,"first_seen":"2026-09-28","last_seen":"2026-09-30","duration_days":3,"status":"historic","trend":-1,"growth_ratio":0.0,"night_frac":0.22,"daily":{"2026-09-28":{"n":11,"frp":47.1},"2026-09-29":{"n":3,"frp":15.3},"2026-09-30":{"n":4,"frp":26.5}}}},{"type":"Feature","id":393,"geometry":{"type":"Polygon","coordinates":[[[132.2387,-12.4058],[132.23842,-12.40425],[132.23762,-12.40289],[132.2364,-12.40188],[132.2349,-12.40135],[132.2333,-12.40135],[132.2318,-12.40188],[132.23058,-12.40289],[132.22978,-12.40425],[132.2295,-12.4058],[132.22978,-12.40735],[132.23058,-12.40871],[132.2318,-12.40972],[132.2333,-12.41025],[132.2349,-12.41025],[132.2364,-12.40972],[132.23762,-12.40871],[132.23842,-12.40735],[132.2387,-12.4058]]]},"properties":{"fid":393,"n":4,"fre_gj":808.2,"fre_daily":{"2026-09-28":808.2},"overpasses":3,"frp_total":41.0,"frp_max":23.8,"frp_mean":10.25,"area_km2":0.77,"lat":-12.4058,"lon":132.2341,"first_seen":"2026-09-28","last_seen":"2026-09-28","duration_days":1,"status":"historic","trend":-1,"growth_ratio":0.0,"night_frac":0.25,"daily":{"2026-09-28":{"n":4,"frp":41.0}}}},{"type":"Feature","id":568,"geometry":{"type":"Polygon","coordinates":[[[149.8238,-32.1676],[149.8322,-32.1705],[149.8375,-32.1711],[149.8361,-32.1687],[149.8329,-32.1667],[149.8238,-32.1676]]]},"properties":{"fid":568,"n":11,"fre_gj":795.2,"fre_daily":{"2026-09-29":779.6,"2026-09-30":15.6},"overpasses":9,"frp_total":64.6,"frp_max":35.9,"frp_mean":5.87,"area_km2":0.31,"lat":-32.169,"lon":149.8333,"first_seen":"2026-09-29","last_seen":"2026-09-30","duration_days":2,"status":"historic","trend":-1,"growth_ratio":0.0,"night_frac":0.55,"daily":{"2026-09-29":{"n":9,"frp":58.0},"2026-09-30":{"n":2,"frp":6.6}}}},{"type":"Feature","id":1219,"geometry":{"type":"Polygon","coordinates":[[[133.1059,-14.5273],[133.1071,-14.533],[133.1087,-14.5382],[133.1136,-14.5319],[133.1175,-14.525],[133.1108,-14.5244],[133.1059,-14.5273]]]},"properties":{"fid":1219,"n":15,"fre_gj":793.8,"fre_daily":{"2026-10-03":793.8},"overpasses":6,"frp_total":61.0,"frp_max":10.2,"frp_mean":4.07,"area_km2":1.0,"lat":-14.5295,"lon":133.1107,"first_seen":"2026-10-03","last_seen":"2026-10-03","duration_days":1,"status":"receding","trend":-1,"growth_ratio":0.0,"night_frac":0.53,"daily":{"2026-10-03":{"n":15,"frp":61.0}}}},{"type":"Feature","id":294,"geometry":{"type":"Polygon","coordinates":[[[123.7438,-9.6369],[123.7548,-9.6509],[123.7707,-9.6411],[123.7724,-9.6393],[123.7725,-9.6378],[123.7719,-9.636],[123.7473,-9.6216],[123.7462,-9.6224],[123.7438,-9.6369]]]},"properties":{"fid":294,"n":24,"fre_gj":784.3,"fre_daily":{"2026-09-28":141.0,"2026-10-01":583.9,"2026-10-03":59.4},"overpasses":8,"frp_total":270.5,"frp_max":41.5,"frp_mean":11.27,"area_km2":5.59,"lat":-9.6397,"lon":123.7556,"first_seen":"2026-09-28","last_seen":"2026-10-03","duration_days":3,"status":"receding","trend":-1,"growth_ratio":0.0,"night_frac":0.0,"daily":{"2026-09-28":{"n":7,"frp":50.0},"2026-10-01":{"n":14,"frp":199.9},"2026-10-03":{"n":3,"frp":20.6}}}},{"type":"Feature","id":694,"geometry":{"type":"Polygon","coordinates":[[[132.314,-21.8748],[132.3156,-21.8771],[132.3312,-21.8711],[132.3316,-21.867],[132.3254,-21.8639],[132.3181,-21.8672],[132.314,-21.8748]]]},"properties":{"fid":694,"n":20,"fre_gj":783.9,"fre_daily":{"2026-09-29":617.6,"2026-09-30":166.3},"overpasses":6,"frp_total":113.8,"frp_max":31.0,"frp_mean":5.69,"area_km2":1.48,"lat":-21.8689,"lon":132.3228,"first_seen":"2026-09-29","last_seen":"2026-09-30","duration_days":2,"status":"historic","trend":-1,"growth_ratio":0.0,"night_frac":0.45,"daily":{"2026-09-29":{"n":9,"frp":13.6},"2026-09-30":{"n":11,"frp":100.2}}}},{"type":"Feature","id":425,"geometry":{"type":"Polygon","coordinates":[[[124.7776,-23.6156],[124.7825,-23.6253],[124.7839,-23.6266],[124.7873,-23.6284],[124.7947,-23.6196],[124.7841,-23.6079],[124.7814,-23.6109],[124.7777,-23.6153],[124.7776,-23.6156]]]},"properties":{"fid":425,"n":18,"fre_gj":780.6,"fre_daily":{"2026-09-28":643.8,"2026-09-29":136.8},"overpasses":5,"frp_total":208.8,"frp_max":32.5,"frp_mean":11.6,"area_km2":2.1,"lat":-23.6193,"lon":124.7854,"first_seen":"2026-09-28","last_seen":"2026-09-29","duration_days":2,"status":"historic","trend":-1,"growth_ratio":0.0,"night_frac":0.0,"daily":{"2026-09-28":{"n":7,"frp":152.2},"2026-09-29":{"n":11,"frp":56.6}}}},{"type":"Feature","id":28,"geometry":{"type":"Polygon","coordinates":[[[148.1205,-30.3608],[148.139,-30.369],[148.1407,-30.3684],[148.14,-30.3641],[148.138,-30.361],[148.1324,-30.3579],[148.1273,-30.3566],[148.1226,-30.3561],[148.1208,-30.3592],[148.1205,-30.3608]]]},"properties":{"fid":28,"n":38,"fre_gj":776.7,"fre_daily":{"2026-09-28":450.5,"2026-09-29":80.2,"2026-09-30":216.5,"2026-10-03":29.5},"overpasses":16,"frp_total":147.3,"frp_max":9.9,"frp_mean":3.88,"area_km2":1.43,"lat":-30.3612,"lon":148.1305,"first_seen":"2026-09-28","last_seen":"2026-10-03","duration_days":4,"status":"receding","trend":-1,"growth_ratio":0.0,"night_frac":0.37,"daily":{"2026-09-28":{"n":21,"frp":72.8},"2026-09-29":{"n":6,"frp":33.0},"2026-09-30":{"n":10,"frp":33.3},"2026-10-03":{"n":1,"frp":8.2}}}},{"type":"Feature","id":249,"geometry":{"type":"Polygon","coordinates":[[[125.7288,-17.7881],[125.7417,-17.8097],[125.744,-17.8107],[125.7503,-17.8132],[125.7521,-17.8122],[125.7551,-17.8087],[125.7539,-17.8037],[125.7455,-17.7958],[125.7288,-17.7881]]]},"properties":{"fid":249,"n":18,"fre_gj":771.4,"fre_daily":{"2026-09-28":736.5,"2026-09-29":34.9},"overpasses":8,"frp_total":88.8,"frp_max":15.2,"frp_mean":4.93,"area_km2":3.14,"lat":-17.8041,"lon":125.7458,"first_seen":"2026-09-28","last_seen":"2026-09-29","duration_days":2,"status":"historic","trend":-1,"growth_ratio":0.0,"night_frac":0.39,"daily":{"2026-09-28":{"n":15,"frp":79.1},"2026-09-29":{"n":3,"frp":9.7}}}},{"type":"Feature","id":589,"geometry":{"type":"Polygon","coordinates":[[[148.6923,-9.5041],[148.698,-9.5085],[148.7138,-9.5074],[148.7015,-9.4999],[148.6958,-9.5007],[148.6923,-9.5041]]]},"properties":{"fid":589,"n":19,"fre_gj":758.2,"fre_daily":{"2026-09-29":227.2,"2026-09-30":60.5,"2026-10-02":209.6,"2026-10-03":260.9},"overpasses":11,"frp_total":68.1,"frp_max":9.3,"frp_mean":3.58,"area_km2":1.29,"lat":-9.5041,"lon":148.7004,"first_seen":"2026-09-29","last_seen":"2026-10-03","duration_days":4,"status":"receding","trend":-1,"growth_ratio":0.0,"night_frac":0.68,"daily":{"2026-09-29":{"n":3,"frp":11.4},"2026-09-30":{"n":4,"frp":26.2},"2026-10-02":{"n":3,"frp":2.5},"2026-10-03":{"n":9,"frp":28.0}}}},{"type":"Feature","id":456,"geometry":{"type":"Polygon","coordinates":[[[135.8862,-11.7873],[135.8867,-11.7907],[135.9092,-11.7906],[135.9124,-11.7875],[135.9093,-11.7852],[135.8923,-11.7794],[135.8862,-11.7873]]]},"properties":{"fid":456,"n":20,"fre_gj":755.7,"fre_daily":{"2026-09-28":10.8,"2026-09-29":328.2,"2026-09-30":301.0,"2026-10-01":10.8,"2026-10-02":26.5,"2026-10-03":78.3},"overpasses":11,"frp_total":78.8,"frp_max":8.6,"frp_mean":3.94,"area_km2":2.34,"lat":-11.7857,"lon":135.8951,"first_seen":"2026-09-28","last_seen":"2026-10-03","duration_days":6,"status":"receding","trend":-1,"growth_ratio":0.0,"night_frac":0.15,"daily":{"2026-09-28":{"n":1,"frp":3.0},"2026-09-29":{"n":4,"frp":8.1},"2026-09-30":{"n":6,"frp":31.8},"2026-10-01":{"n":1,"frp":3.0},"2026-10-02":{"n":3,"frp":11.2},"2026-10-03":{"n":5,"frp":21.8}}}},{"type":"Feature","id":346,"geometry":{"type":"Polygon","coordinates":[[[147.6875,-28.8618],[147.6893,-28.866],[147.6996,-28.8604],[147.7008,-28.8597],[147.7035,-28.8576],[147.7035,-28.8564],[147.7006,-28.8518],[147.6996,-28.8511],[147.6966,-28.8512],[147.6947,-28.8515],[147.6875,-28.8618]]]},"properties":{"fid":346,"n":40,"fre_gj":751.5,"fre_daily":{"2026-09-28":126.6,"2026-09-29":344.7,"2026-09-30":174.4,"2026-10-01":101.9,"2026-10-02":2.2,"2026-10-03":1.8},"overpasses":19,"frp_total":64.6,"frp_max":6.4,"frp_mean":1.61,"area_km2":1.39,"lat":-28.8563,"lon":147.6965,"first_seen":"2026-09-28","last_seen":"2026-10-03","duration_days":6,"status":"receding","trend":-1,"growth_ratio":0.0,"night_frac":0.8,"daily":{"2026-09-28":{"n":10,"frp":11.6},"2026-09-29":{"n":18,"frp":26.0},"2026-09-30":{"n":4,"frp":4.6},"2026-10-01":{"n":6,"frp":21.3},"2026-10-02":{"n":1,"frp":0.6},"2026-10-03":{"n":1,"frp":0.5}}}},{"type":"Feature","id":480,"geometry":{"type":"Polygon","coordinates":[[[145.5876,-18.6547],[145.5891,-18.6635],[145.5957,-18.6641],[145.5985,-18.6621],[145.5995,-18.6582],[145.5951,-18.6553],[145.5876,-18.6547]]]},"properties":{"fid":480,"n":17,"fre_gj":746.2,"fre_daily":{"2026-09-28":323.2,"2026-09-29":361.8,"2026-09-30":61.2},"overpasses":6,"frp_total":125.3,"frp_max":13.7,"frp_mean":7.37,"area_km2":0.98,"lat":-18.6602,"lon":145.5952,"first_seen":"2026-09-28","last_seen":"2026-09-30","duration_days":3,"status":"historic","trend":-1,"growth_ratio":0.0,"night_frac":0.06,"daily":{"2026-09-28":{"n":1,"frp":0.9},"2026-09-29":{"n":13,"frp":107.4},"2026-09-30":{"n":3,"frp":17.0}}}},{"type":"Feature","id":826,"geometry":{"type":"Polygon","coordinates":[[[141.6869,-13.0427],[141.6892,-13.0505],[141.6926,-13.0486],[141.6938,-13.0448],[141.6914,-13.0372],[141.6871,-13.0392],[141.6869,-13.0427]]]},"properties":{"fid":826,"n":16,"fre_gj":721.2,"fre_daily":{"2026-09-30":585.3,"2026-10-01":135.9},"overpasses":8,"frp_total":43.0,"frp_max":5.6,"frp_mean":2.69,"area_km2":0.73,"lat":-13.0436,"lon":141.6904,"first_seen":"2026-09-30","last_seen":"2026-10-01","duration_days":2,"status":"historic","trend":-1,"growth_ratio":0.0,"night_frac":0.69,"daily":{"2026-09-30":{"n":12,"frp":35.2},"2026-10-01":{"n":4,"frp":7.8}}}},{"type":"Feature","id":816,"geometry":{"type":"Polygon","coordinates":[[[133.423,-22.0347],[133.4411,-22.0474],[133.445,-22.0465],[133.439,-22.0187],[133.4376,-22.0173],[133.4297,-22.0262],[133.423,-22.0347]]]},"properties":{"fid":816,"n":24,"fre_gj":715.6,"fre_daily":{"2026-09-30":677.0,"2026-10-01":38.6},"overpasses":7,"frp_total":261.5,"frp_max":36.2,"frp_mean":10.9,"area_km2":3.76,"lat":-22.0352,"lon":133.436,"first_seen":"2026-09-30","last_seen":"2026-10-01","duration_days":2,"status":"historic","trend":-1,"growth_ratio":0.0,"night_frac":0.0,"daily":{"2026-09-30":{"n":21,"frp":248.1},"2026-10-01":{"n":3,"frp":13.4}}}},{"type":"Feature","id":968,"geometry":{"type":"Polygon","coordinates":[[[139.7291,-18.3299],[139.7321,-18.3349],[139.7388,-18.3393],[139.7446,-18.338],[139.7457,-18.3362],[139.7344,-18.3294],[139.7291,-18.3299]]]},"properties":{"fid":968,"n":9,"fre_gj":713.2,"fre_daily":{"2026-10-01":713.2},"overpasses":3,"frp_total":214.5,"frp_max":43.3,"frp_mean":23.83,"area_km2":0.97,"lat":-18.3351,"lon":139.7378,"first_seen":"2026-10-01","last_seen":"2026-10-01","duration_days":1,"status":"historic","trend":-1,"growth_ratio":0.0,"night_frac":0.0,"daily":{"2026-10-01":{"n":9,"frp":214.5}}}},{"type":"Feature","id":794,"geometry":{"type":"Polygon","coordinates":[[[150.02,-27.9153],[150.0247,-27.9206],[150.0267,-27.9204],[150.0331,-27.9167],[150.0371,-27.9127],[150.0326,-27.9107],[150.0309,-27.9108],[150.0277,-27.911],[150.0243,-27.9119],[150.02,-27.9153]]]},"properties":{"fid":794,"n":26,"fre_gj":708.6,"fre_daily":{"2026-09-30":568.3,"2026-10-01":140.3},"overpasses":7,"frp_total":308.4,"frp_max":22.1,"frp_mean":11.86,"area_km2":1.08,"lat":-27.9149,"lon":150.0284,"first_seen":"2026-09-30","last_seen":"2026-10-01","duration_days":2,"status":"historic","trend":-1,"growth_ratio":0.0,"night_frac":0.0,"daily":{"2026-09-30":{"n":19,"frp":247.2},"2026-10-01":{"n":7,"frp":61.2}}}},{"type":"Feature","id":194,"geometry":{"type":"Polygon","coordinates":[[[124.2405,-24.8381],[124.2425,-24.8494],[124.2436,-24.8541],[124.2497,-24.8418],[124.2473,-24.8324],[124.2405,-24.8381]]]},"properties":{"fid":194,"n":10,"fre_gj":706.0,"fre_daily":{"2026-09-28":706.0},"overpasses":4,"frp_total":74.6,"frp_max":16.4,"frp_mean":7.46,"area_km2":1.21,"lat":-24.8419,"lon":124.2445,"first_seen":"2026-09-28","last_seen":"2026-09-28","duration_days":1,"status":"historic","trend":-1,"growth_ratio":0.0,"night_frac":0.3,"daily":{"2026-09-28":{"n":10,"frp":74.6}}}},{"type":"Feature","id":211,"geometry":{"type":"Polygon","coordinates":[[[131.5347,-22.1544],[131.543,-22.1556],[131.5511,-22.1564],[131.5497,-22.1546],[131.5422,-22.1484],[131.5362,-22.1503],[131.5347,-22.1544]]]},"properties":{"fid":211,"n":21,"fre_gj":705.9,"fre_daily":{"2026-09-28":492.5,"2026-09-29":213.4},"overpasses":14,"frp_total":136.9,"frp_max":42.8,"frp_mean":6.52,"area_km2":0.82,"lat":-22.1524,"lon":131.5418,"first_seen":"2026-09-28","last_seen":"2026-09-29","duration_days":2,"status":"historic","trend":-1,"growth_ratio":0.0,"night_frac":0.48,"daily":{"2026-09-28":{"n":15,"frp":93.8},"2026-09-29":{"n":6,"frp":43.1}}}},{"type":"Feature","id":212,"geometry":{"type":"Polygon","coordinates":[[[131.514,-22.1321],[131.5143,-22.1378],[131.5202,-22.1488],[131.5224,-22.146],[131.5225,-22.136],[131.5184,-22.1298],[131.514,-22.1321]]]},"properties":{"fid":212,"n":17,"fre_gj":693.1,"fre_daily":{"2026-09-28":588.2,"2026-09-29":105.0},"overpasses":10,"frp_total":75.3,"frp_max":16.0,"frp_mean":4.43,"area_km2":1.18,"lat":-22.1388,"lon":131.5184,"first_seen":"2026-09-28","last_seen":"2026-09-29","duration_days":2,"status":"historic","trend":-1,"growth_ratio":0.0,"night_frac":0.47,"daily":{"2026-09-28":{"n":15,"frp":66.2},"2026-09-29":{"n":2,"frp":9.1}}}},{"type":"Feature","id":80,"geometry":{"type":"Polygon","coordinates":[[[142.5101,-11.8618],[142.5141,-11.865],[142.5312,-11.8708],[142.538,-11.8715],[142.5334,-11.867],[142.5293,-11.8643],[142.5101,-11.8618]]]},"properties":{"fid":80,"n":12,"fre_gj":691.5,"fre_daily":{"2026-09-28":691.5},"overpasses":4,"frp_total":236.9,"frp_max":65.1,"frp_mean":19.74,"area_km2":1.21,"lat":-11.8669,"lon":142.5275,"first_seen":"2026-09-28","last_seen":"2026-09-28","duration_days":1,"status":"historic","trend":-1,"growth_ratio":0.0,"night_frac":0.0,"daily":{"2026-09-28":{"n":12,"frp":236.9}}}},{"type":"Feature","id":803,"geometry":{"type":"Polygon","coordinates":[[[148.5853,-9.1102],[148.5936,-9.1073],[148.6001,-9.0945],[148.5965,-9.095],[148.5898,-9.0961],[148.5863,-9.1],[148.5853,-9.1102]]]},"properties":{"fid":803,"n":29,"fre_gj":691.3,"fre_daily":{"2026-09-30":124.6,"2026-10-01":543.9,"2026-10-04":22.9},"overpasses":8,"frp_total":235.1,"frp_max":21.7,"frp_mean":8.11,"area_km2":1.57,"lat":-9.1014,"lon":148.5914,"first_seen":"2026-09-30","last_seen":"2026-10-04","duration_days":3,"status":"active","trend":-1,"growth_ratio":0.07,"night_frac":0.0,"daily":{"2026-09-30":{"n":5,"frp":54.3},"2026-10-01":{"n":23,"frp":174.4},"2026-10-04":{"n":1,"frp":6.4}}}},{"type":"Feature","id":552,"geometry":{"type":"Polygon","coordinates":[[[151.4396,-30.1753],[151.4398,-30.1806],[151.4506,-30.182],[151.448,-30.1777],[151.4438,-30.1755],[151.4396,-30.1753]]]},"properties":{"fid":552,"n":9,"fre_gj":688.1,"fre_daily":{"2026-09-28":46.6,"2026-09-29":628.5,"2026-09-30":10.1,"2026-10-01":2.9},"overpasses":7,"frp_total":45.3,"frp_max":15.6,"frp_mean":5.03,"area_km2":0.51,"lat":-30.1779,"lon":151.4443,"first_seen":"2026-09-28","last_seen":"2026-10-01","duration_days":4,"status":"historic","trend":-1,"growth_ratio":0.0,"night_frac":0.44,"daily":{"2026-09-28":{"n":2,"frp":25.9},"2026-09-29":{"n":5,"frp":15.8},"2026-09-30":{"n":1,"frp":2.8},"2026-10-01":{"n":1,"frp":0.8}}}},{"type":"Feature","id":200,"geometry":{"type":"Polygon","coordinates":[[[134.3505,-23.5182],[134.3542,-23.5183],[134.3644,-23.5173],[134.3669,-23.5112],[134.3668,-23.5079],[134.3666,-23.5074],[134.363,-23.5079],[134.3566,-23.5092],[134.3531,-23.5124],[134.3509,-23.5156],[134.3505,-23.5182]]]},"properties":{"fid":200,"n":25,"fre_gj":681.7,"fre_daily":{"2026-09-28":681.7},"overpasses":5,"frp_total":260.8,"frp_max":17.7,"frp_mean":10.43,"area_km2":1.41,"lat":-23.5137,"lon":134.3594,"first_seen":"2026-09-28","last_seen":"2026-09-28","duration_days":1,"status":"historic","trend":-1,"growth_ratio":0.0,"night_frac":0.0,"daily":{"2026-09-28":{"n":25,"frp":260.8}}}},{"type":"Feature","id":282,"geometry":{"type":"Polygon","coordinates":[[[120.7273,-9.9671],[120.7406,-9.9706],[120.7511,-9.9567],[120.749,-9.9524],[120.7437,-9.9426],[120.7399,-9.9431],[120.736,-9.9437],[120.7291,-9.9617],[120.7273,-9.9671]]]},"properties":{"fid":282,"n":34,"fre_gj":681.4,"fre_daily":{"2026-09-28":681.4},"overpasses":3,"frp_total":279.5,"frp_max":18.5,"frp_mean":8.22,"area_km2":4.92,"lat":-9.9585,"lon":120.737,"first_seen":"2026-09-28","last_seen":"2026-09-28","duration_days":1,"status":"historic","trend":-1,"growth_ratio":0.0,"night_frac":0.0,"daily":{"2026-09-28":{"n":34,"frp":279.5}}}},{"type":"Feature","id":1223,"geometry":{"type":"Polygon","coordinates":[[[133.9268,-12.1476],[133.9281,-12.1539],[133.9352,-12.152],[133.9311,-12.1493],[133.9268,-12.1476]]]},"properties":{"fid":1223,"n":5,"fre_gj":679.7,"fre_daily":{"2026-10-03":679.7},"overpasses":2,"frp_total":220.0,"frp_max":82.1,"frp_mean":44.0,"area_km2":0.31,"lat":-12.1512,"lon":133.9299,"first_seen":"2026-10-03","last_seen":"2026-10-03","duration_days":1,"status":"receding","trend":-1,"growth_ratio":0.0,"night_frac":0.0,"daily":{"2026-10-03":{"n":5,"frp":220.0}}}},{"type":"Feature","id":1039,"geometry":{"type":"Polygon","coordinates":[[[117.016,-33.5806],[117.021,-33.5843],[117.0257,-33.5833],[117.0239,-33.5802],[117.0208,-33.578],[117.016,-33.5806]]]},"properties":{"fid":1039,"n":10,"fre_gj":676.0,"fre_daily":{"2026-10-01":603.8,"2026-10-02":72.2},"overpasses":6,"frp_total":53.6,"frp_max":15.7,"frp_mean":5.36,"area_km2":0.34,"lat":-33.5811,"lon":117.0213,"first_seen":"2026-10-01","last_seen":"2026-10-02","duration_days":2,"status":"historic","trend":-1,"growth_ratio":0.0,"night_frac":0.4,"daily":{"2026-10-01":{"n":4,"frp":4.4},"2026-10-02":{"n":6,"frp":49.2}}}},{"type":"Feature","id":399,"geometry":{"type":"Polygon","coordinates":[[[124.5288,-23.2084],[124.5367,-23.21],[124.5377,-23.2072],[124.5386,-23.2032],[124.5386,-23.2018],[124.5297,-23.2057],[124.5288,-23.2084]]]},"properties":{"fid":399,"n":14,"fre_gj":659.6,"fre_daily":{"2026-09-28":659.6},"overpasses":2,"frp_total":222.1,"frp_max":64.0,"frp_mean":15.86,"area_km2":0.52,"lat":-23.206,"lon":124.5349,"first_seen":"2026-09-28","last_seen":"2026-09-28","duration_days":1,"status":"historic","trend":-1,"growth_ratio":0.0,"night_frac":1.0,"daily":{"2026-09-28":{"n":14,"frp":222.1}}}},{"type":"Feature","id":206,"geometry":{"type":"Polygon","coordinates":[[[131.5672,-22.4012],[131.5812,-22.3868],[131.582,-22.3856],[131.5826,-22.3823],[131.5828,-22.3787],[131.5805,-22.3775],[131.5736,-22.3809],[131.5698,-22.3838],[131.5672,-22.4012]]]},"properties":{"fid":206,"n":19,"fre_gj":645.6,"fre_daily":{"2026-09-28":622.2,"2026-09-29":23.4},"overpasses":9,"frp_total":120.8,"frp_max":14.9,"frp_mean":6.36,"area_km2":1.96,"lat":-22.3859,"lon":131.5768,"first_seen":"2026-09-28","last_seen":"2026-09-29","duration_days":2,"status":"historic","trend":-1,"growth_ratio":0.0,"night_frac":0.32,"daily":{"2026-09-28":{"n":16,"frp":108.5},"2026-09-29":{"n":3,"frp":12.3}}}},{"type":"Feature","id":602,"geometry":{"type":"Polygon","coordinates":[[[148.826,-30.4996],[148.8336,-30.5006],[148.8354,-30.4978],[148.8309,-30.4961],[148.827,-30.4979],[148.826,-30.4996]]]},"properties":{"fid":602,"n":6,"fre_gj":639.4,"fre_daily":{"2026-09-29":576.2,"2026-09-30":63.2},"overpasses":5,"frp_total":58.8,"frp_max":18.7,"frp_mean":9.8,"area_km2":0.28,"lat":-30.4981,"lon":148.8307,"first_seen":"2026-09-29","last_seen":"2026-09-30","duration_days":2,"status":"historic","trend":-1,"growth_ratio":0.0,"night_frac":0.17,"daily":{"2026-09-29":{"n":3,"frp":30.2},"2026-09-30":{"n":3,"frp":28.6}}}},{"type":"Feature","id":496,"geometry":{"type":"Polygon","coordinates":[[[124.12841,-9.72037],[124.12818,-9.71903],[124.12749,-9.71785],[124.12644,-9.71698],[124.12515,-9.71651],[124.12378,-9.71651],[124.12249,-9.71698],[124.12144,-9.71785],[124.12076,-9.71903],[124.12052,-9.72037],[124.12076,-9.72171],[124.12144,-9.72288],[124.12249,-9.72376],[124.12378,-9.72422],[124.12515,-9.72422],[124.12644,-9.72376],[124.12749,-9.72288],[124.12818,-9.72171],[124.12841,-9.72037]]]},"properties":{"fid":496,"n":3,"fre_gj":637.7,"fre_daily":{"2026-09-28":600.7,"2026-09-29":37.1},"overpasses":3,"frp_total":30.0,"frp_max":28.4,"frp_mean":10.0,"area_km2":0.58,"lat":-9.7204,"lon":124.1245,"first_seen":"2026-09-28","last_seen":"2026-09-29","duration_days":2,"status":"historic","trend":-1,"growth_ratio":0.0,"night_frac":0.33,"daily":{"2026-09-28":{"n":1,"frp":0.3},"2026-09-29":{"n":2,"frp":29.7}}}},{"type":"Feature","id":998,"geometry":{"type":"Polygon","coordinates":[[[120.5981,-9.7997],[120.5996,-9.8095],[120.6062,-9.8105],[120.6183,-9.8083],[120.6094,-9.7981],[120.5981,-9.7997]]]},"properties":{"fid":998,"n":6,"fre_gj":634.0,"fre_daily":{"2026-10-01":634.0},"overpasses":2,"frp_total":140.9,"frp_max":49.1,"frp_mean":23.48,"area_km2":2.07,"lat":-9.8057,"lon":120.6071,"first_seen":"2026-10-01","last_seen":"2026-10-01","duration_days":1,"status":"historic","trend":-1,"growth_ratio":0.0,"night_frac":0.0,"daily":{"2026-10-01":{"n":6,"frp":140.9}}}},{"type":"Feature","id":823,"geometry":{"type":"Polygon","coordinates":[[[135.1709,-17.0124],[135.1755,-17.0154],[135.1876,-17.014],[135.2091,-17.0071],[135.1989,-16.9916],[135.1717,-17.0061],[135.1709,-17.0124]]]},"properties":{"fid":823,"n":22,"fre_gj":627.9,"fre_daily":{"2026-09-30":483.8,"2026-10-01":40.7,"2026-10-02":103.3},"overpasses":4,"frp_total":189.3,"frp_max":14.1,"frp_mean":8.6,"area_km2":5.88,"lat":-17.0062,"lon":135.1895,"first_seen":"2026-09-30","last_seen":"2026-10-02","duration_days":3,"status":"historic","trend":-1,"growth_ratio":0.0,"night_frac":0.0,"daily":{"2026-09-30":{"n":14,"frp":134.4},"2026-10-01":{"n":1,"frp":11.3},"2026-10-02":{"n":7,"frp":43.6}}}},{"type":"Feature","id":351,"geometry":{"type":"Polygon","coordinates":[[[142.2731,-10.2375],[142.2739,-10.2458],[142.2757,-10.2459],[142.278,-10.245],[142.282,-10.2399],[142.2745,-10.2332],[142.2731,-10.2375]]]},"properties":{"fid":351,"n":13,"fre_gj":627.4,"fre_daily":{"2026-09-28":317.5,"2026-09-29":305.5,"2026-10-01":4.3},"overpasses":9,"frp_total":39.2,"frp_max":7.0,"frp_mean":3.02,"area_km2":0.81,"lat":-10.2409,"lon":142.2758,"first_seen":"2026-09-28","last_seen":"2026-10-01","duration_days":3,"status":"historic","trend":-1,"growth_ratio":0.0,"night_frac":0.62,"daily":{"2026-09-28":{"n":5,"frp":10.8},"2026-09-29":{"n":7,"frp":27.2},"2026-10-01":{"n":1,"frp":1.2}}}},{"type":"Feature","id":198,"geometry":{"type":"Polygon","coordinates":[[[124.7131,-23.5519],[124.7212,-23.5611],[124.7226,-23.562],[124.7248,-23.5601],[124.7131,-23.5519]]]},"properties":{"fid":198,"n":4,"fre_gj":626.8,"fre_daily":{"2026-09-28":626.8},"overpasses":3,"frp_total":40.2,"frp_max":15.5,"frp_mean":10.05,"area_km2":0.26,"lat":-23.5588,"lon":124.7204,"first_seen":"2026-09-28","last_seen":"2026-09-28","duration_days":1,"status":"historic","trend":-1,"growth_ratio":0.0,"night_frac":0.25,"daily":{"2026-09-28":{"n":4,"frp":40.2}}}},{"type":"Feature","id":446,"geometry":{"type":"Polygon","coordinates":[[[134.5053,-12.3026],[134.5058,-12.3059],[134.51,-12.3122],[134.5171,-12.3127],[134.5209,-12.3122],[134.5216,-12.3119],[134.5318,-12.2932],[134.5299,-12.2918],[134.5226,-12.2929],[134.5053,-12.3026]]]},"properties":{"fid":446,"n":31,"fre_gj":623.5,"fre_daily":{"2026-09-28":20.9,"2026-09-30":453.8,"2026-10-02":148.7},"overpasses":8,"frp_total":237.9,"frp_max":30.6,"frp_mean":7.67,"area_km2":3.84,"lat":-12.304,"lon":134.5181,"first_seen":"2026-09-28","last_seen":"2026-10-02","duration_days":3,"status":"historic","trend":-1,"growth_ratio":0.0,"night_frac":0.0,"daily":{"2026-09-28":{"n":1,"frp":5.8},"2026-09-30":{"n":22,"frp":165.5},"2026-10-02":{"n":8,"frp":66.6}}}},{"type":"Feature","id":554,"geometry":{"type":"Polygon","coordinates":[[[147.7269,-31.5255],[147.7304,-31.5382],[147.7351,-31.533],[147.7363,-31.5293],[147.7324,-31.5239],[147.7269,-31.5255]]]},"properties":{"fid":554,"n":19,"fre_gj":616.1,"fre_daily":{"2026-09-28":12.4,"2026-09-29":603.7},"overpasses":8,"frp_total":89.7,"frp_max":11.3,"frp_mean":4.72,"area_km2":0.8,"lat":-31.5306,"lon":147.7315,"first_seen":"2026-09-28","last_seen":"2026-09-29","duration_days":2,"status":"historic","trend":-1,"growth_ratio":0.0,"night_frac":0.11,"daily":{"2026-09-28":{"n":1,"frp":6.9},"2026-09-29":{"n":18,"frp":82.8}}}},{"type":"Feature","id":305,"geometry":{"type":"Polygon","coordinates":[[[124.3384,-9.4056],[124.3425,-9.417],[124.3863,-9.4128],[124.3529,-9.3666],[124.3525,-9.3661],[124.346,-9.3622],[124.3449,-9.3635],[124.3419,-9.3768],[124.3384,-9.4056]]]},"properties":{"fid":305,"n":33,"fre_gj":612.3,"fre_daily":{"2026-09-28":80.0,"2026-09-29":220.0,"2026-09-30":120.6,"2026-10-01":45.5,"2026-10-02":33.8,"2026-10-03":112.3},"overpasses":14,"frp_total":240.7,"frp_max":27.6,"frp_mean":7.3,"area_km2":17.62,"lat":-9.3934,"lon":124.3581,"first_seen":"2026-09-28","last_seen":"2026-10-03","duration_days":6,"status":"receding","trend":-1,"growth_ratio":0.0,"night_frac":0.0,"daily":{"2026-09-28":{"n":7,"frp":32.3},"2026-09-29":{"n":7,"frp":95.7},"2026-09-30":{"n":7,"frp":48.5},"2026-10-01":{"n":4,"frp":18.5},"2026-10-02":{"n":2,"frp":9.4},"2026-10-03":{"n":6,"frp":36.3}}}},{"type":"Feature","id":317,"geometry":{"type":"Polygon","coordinates":[[[146.5161,-19.3699],[146.5268,-19.3718],[146.5283,-19.3717],[146.5295,-19.3715],[146.522,-19.3639],[146.5161,-19.3699]]]},"properties":{"fid":317,"n":14,"fre_gj":612.0,"fre_daily":{"2026-09-28":147.8,"2026-09-29":101.1,"2026-09-30":356.6,"2026-10-01":6.5},"overpasses":11,"frp_total":83.1,"frp_max":18.9,"frp_mean":5.94,"area_km2":0.57,"lat":-19.3681,"lon":146.5231,"first_seen":"2026-09-28","last_seen":"2026-10-01","duration_days":4,"status":"historic","trend":-1,"growth_ratio":0.0,"night_frac":0.43,"daily":{"2026-09-28":{"n":3,"frp":7.9},"2026-09-29":{"n":6,"frp":54.9},"2026-09-30":{"n":2,"frp":18.1},"2026-10-01":{"n":3,"frp":2.2}}}},{"type":"Feature","id":1155,"geometry":{"type":"Polygon","coordinates":[[[130.6132,-18.2555],[130.6235,-18.2598],[130.6252,-18.26],[130.622,-18.2534],[130.6177,-18.2518],[130.6132,-18.2555]]]},"properties":{"fid":1155,"n":11,"fre_gj":608.3,"fre_daily":{"2026-10-02":67.1,"2026-10-03":541.2},"overpasses":8,"frp_total":32.0,"frp_max":14.1,"frp_mean":2.91,"area_km2":0.54,"lat":-18.2565,"lon":130.6191,"first_seen":"2026-10-02","last_seen":"2026-10-03","duration_days":2,"status":"receding","trend":-1,"growth_ratio":0.0,"night_frac":0.91,"daily":{"2026-10-02":{"n":7,"frp":22.9},"2026-10-03":{"n":4,"frp":9.1}}}},{"type":"Feature","id":154,"geometry":{"type":"Polygon","coordinates":[[[147.0363,-9.2714],[147.0368,-9.2736],[147.0568,-9.2682],[147.0816,-9.2466],[147.0829,-9.2454],[147.0837,-9.2428],[147.0548,-9.2335],[147.0497,-9.2393],[147.0363,-9.2714]]]},"properties":{"fid":154,"n":35,"fre_gj":607.4,"fre_daily":{"2026-09-28":57.6,"2026-09-29":49.7,"2026-09-30":60.1,"2026-10-01":115.9,"2026-10-02":281.4,"2026-10-03":42.7},"overpasses":13,"frp_total":213.5,"frp_max":16.6,"frp_mean":6.1,"area_km2":11.46,"lat":-9.252,"lon":147.0595,"first_seen":"2026-09-28","last_seen":"2026-10-03","duration_days":6,"status":"receding","trend":-1,"growth_ratio":0.0,"night_frac":0.0,"daily":{"2026-09-28":{"n":3,"frp":18.3},"2026-09-29":{"n":5,"frp":22.4},"2026-09-30":{"n":4,"frp":26.0},"2026-10-01":{"n":4,"frp":32.2},"2026-10-02":{"n":16,"frp":102.2},"2026-10-03":{"n":3,"frp":12.4}}}},{"type":"Feature","id":663,"geometry":{"type":"Polygon","coordinates":[[[150.8543,-28.0671],[150.8552,-28.0727],[150.86,-28.0754],[150.8661,-28.0782],[150.8665,-28.078],[150.8651,-28.0702],[150.8551,-28.0651],[150.8543,-28.0671]]]},"properties":{"fid":663,"n":24,"fre_gj":605.3,"fre_daily":{"2026-09-29":206.9,"2026-09-30":187.4,"2026-10-02":211.0},"overpasses":15,"frp_total":56.3,"frp_max":9.7,"frp_mean":2.35,"area_km2":0.92,"lat":-28.072,"lon":150.8609,"first_seen":"2026-09-29","last_seen":"2026-10-02","duration_days":3,"status":"historic","trend":-1,"growth_ratio":0.0,"night_frac":0.79,"daily":{"2026-09-29":{"n":2,"frp":1.6},"2026-09-30":{"n":6,"frp":19.3},"2026-10-02":{"n":16,"frp":35.4}}}},{"type":"Feature","id":78,"geometry":{"type":"Polygon","coordinates":[[[142.6405,-12.028],[142.6473,-12.0239],[142.6446,-12.0197],[142.6415,-12.0236],[142.6405,-12.028]]]},"properties":{"fid":78,"n":8,"fre_gj":605.1,"fre_daily":{"2026-09-28":605.1},"overpasses":4,"frp_total":90.9,"frp_max":19.8,"frp_mean":11.36,"area_km2":0.3,"lat":-12.0241,"lon":142.6434,"first_seen":"2026-09-28","last_seen":"2026-09-28","duration_days":1,"status":"historic","trend":-1,"growth_ratio":0.0,"night_frac":0.12,"daily":{"2026-09-28":{"n":8,"frp":90.9}}}},{"type":"Feature","id":178,"geometry":{"type":"Polygon","coordinates":[[[141.4891,-9.0822],[141.4894,-9.0851],[141.4896,-9.0856],[141.4943,-9.0917],[141.5012,-9.0943],[141.5056,-9.0934],[141.5081,-9.0896],[141.504,-9.0833],[141.4948,-9.0809],[141.4891,-9.0822]]]},"properties":{"fid":178,"n":26,"fre_gj":598.0,"fre_daily":{"2026-09-28":89.5,"2026-09-29":366.8,"2026-09-30":27.0,"2026-10-01":38.5,"2026-10-02":53.9,"2026-10-03":22.4},"overpasses":11,"frp_total":168.0,"frp_max":10.9,"frp_mean":6.46,"area_km2":2.04,"lat":-9.0866,"lon":141.4995,"first_seen":"2026-09-28","last_seen":"2026-10-03","duration_days":6,"status":"receding","trend":-1,"growth_ratio":0.0,"night_frac":0.0,"daily":{"2026-09-28":{"n":6,"frp":40.6},"2026-09-29":{"n":13,"frp":84.3},"2026-09-30":{"n":1,"frp":7.5},"2026-10-01":{"n":1,"frp":10.7},"2026-10-02":{"n":4,"frp":18.7},"2026-10-03":{"n":1,"frp":6.2}}}},{"type":"Feature","id":555,"geometry":{"type":"Polygon","coordinates":[[[145.77278,-31.07138],[145.77221,-31.06859],[145.77056,-31.06614],[145.76805,-31.06432],[145.76496,-31.06335],[145.76168,-31.06335],[145.7586,-31.06432],[145.75608,-31.06614],[145.75444,-31.06859],[145.75387,-31.07138],[145.75444,-31.07417],[145.75608,-31.07662],[145.7586,-31.07844],[145.76168,-31.0794],[145.76496,-31.0794],[145.76805,-31.07844],[145.77056,-31.07662],[145.77221,-31.07417],[145.77278,-31.07138]]]},"properties":{"fid":555,"n":13,"fre_gj":595.0,"fre_daily":{"2026-09-28":9.9,"2026-09-29":572.4,"2026-09-30":12.7},"overpasses":10,"frp_total":81.1,"frp_max":17.4,"frp_mean":6.24,"area_km2":2.5,"lat":-31.0714,"lon":145.7633,"first_seen":"2026-09-28","last_seen":"2026-09-30","duration_days":3,"status":"historic","trend":-1,"growth_ratio":0.0,"night_frac":0.23,"daily":{"2026-09-28":{"n":1,"frp":5.5},"2026-09-29":{"n":10,"frp":70.1},"2026-09-30":{"n":2,"frp":5.5}}}},{"type":"Feature","id":474,"geometry":{"type":"Polygon","coordinates":[[[119.8593,-9.8896],[119.8683,-9.902],[119.8787,-9.8865],[119.8727,-9.8863],[119.8654,-9.8869],[119.8593,-9.8896]]]},"properties":{"fid":474,"n":11,"fre_gj":594.1,"fre_daily":{"2026-09-28":106.9,"2026-10-01":174.3,"2026-10-02":312.9},"overpasses":7,"frp_total":130.7,"frp_max":32.2,"frp_mean":11.88,"area_km2":1.86,"lat":-9.89,"lon":119.8683,"first_seen":"2026-09-28","last_seen":"2026-10-02","duration_days":3,"status":"historic","trend":-1,"growth_ratio":0.0,"night_frac":0.0,"daily":{"2026-09-28":{"n":3,"frp":44.0},"2026-10-01":{"n":6,"frp":62.5},"2026-10-02":{"n":2,"frp":24.2}}}},{"type":"Feature","id":313,"geometry":{"type":"Polygon","coordinates":[[[116.0059,-31.1734],[116.0065,-31.18],[116.0141,-31.1714],[116.0142,-31.171],[116.011,-31.1689],[116.0062,-31.1717],[116.0059,-31.1734]]]},"properties":{"fid":313,"n":15,"fre_gj":589.6,"fre_daily":{"2026-09-28":34.6,"2026-09-29":513.5,"2026-10-02":12.2,"2026-10-03":29.3},"overpasses":7,"frp_total":167.4,"frp_max":50.2,"frp_mean":11.16,"area_km2":0.48,"lat":-31.173,"lon":116.0091,"first_seen":"2026-09-28","last_seen":"2026-10-03","duration_days":4,"status":"receding","trend":-1,"growth_ratio":0.0,"night_frac":0.0,"daily":{"2026-09-28":{"n":2,"frp":9.6},"2026-09-29":{"n":9,"frp":142.3},"2026-10-02":{"n":1,"frp":3.4},"2026-10-03":{"n":3,"frp":12.1}}}},{"type":"Feature","id":173,"geometry":{"type":"Polygon","coordinates":[[[148.9498,-9.113],[148.9514,-9.1235],[148.9791,-9.1086],[148.9857,-9.0966],[148.9857,-9.0928],[148.9546,-9.0977],[148.9498,-9.113]]]},"properties":{"fid":173,"n":22,"fre_gj":584.9,"fre_daily":{"2026-09-28":281.3,"2026-09-29":18.7,"2026-09-30":7.9,"2026-10-01":111.8,"2026-10-02":57.6,"2026-10-03":107.5},"overpasses":13,"frp_total":181.6,"frp_max":34.0,"frp_mean":8.26,"area_km2":7.45,"lat":-9.1079,"lon":148.9632,"first_seen":"2026-09-28","last_seen":"2026-10-03","duration_days":6,"status":"receding","trend":-1,"growth_ratio":0.0,"night_frac":0.0,"daily":{"2026-09-28":{"n":7,"frp":90.4},"2026-09-29":{"n":2,"frp":7.6},"2026-09-30":{"n":1,"frp":2.2},"2026-10-01":{"n":4,"frp":27.3},"2026-10-02":{"n":3,"frp":20.0},"2026-10-03":{"n":5,"frp":34.1}}}},{"type":"Feature","id":478,"geometry":{"type":"Polygon","coordinates":[[[148.8389,-9.2996],[148.8433,-9.2974],[148.855,-9.2863],[148.8561,-9.2851],[148.8564,-9.2811],[148.8538,-9.2808],[148.8514,-9.282],[148.8389,-9.2996]]]},"properties":{"fid":478,"n":17,"fre_gj":581.9,"fre_daily":{"2026-09-28":5.2,"2026-09-29":114.0,"2026-10-01":81.1,"2026-10-02":292.3,"2026-10-03":89.3},"overpasses":11,"frp_total":63.1,"frp_max":8.4,"frp_mean":3.71,"area_km2":1.05,"lat":-9.2866,"lon":148.8518,"first_seen":"2026-09-28","last_seen":"2026-10-03","duration_days":5,"status":"receding","trend":-1,"growth_ratio":0.0,"night_frac":0.29,"daily":{"2026-09-28":{"n":2,"frp":2.2},"2026-09-29":{"n":2,"frp":5.1},"2026-10-01":{"n":2,"frp":12.4},"2026-10-02":{"n":4,"frp":13.4},"2026-10-03":{"n":7,"frp":30.0}}}},{"type":"Feature","id":29,"geometry":{"type":"Polygon","coordinates":[[[148.99188,-30.29277],[148.99141,-30.29045],[148.99006,-30.28841],[148.98798,-30.28689],[148.98543,-30.28609],[148.98272,-30.28609],[148.98018,-30.28689],[148.9781,-30.28841],[148.97675,-30.29045],[148.97628,-30.29277],[148.97675,-30.29509],[148.9781,-30.29713],[148.98018,-30.29864],[148.98272,-30.29945],[148.98543,-30.29945],[148.98798,-30.29864],[148.99006,-30.29713],[148.99141,-30.29509],[148.99188,-30.29277]]]},"properties":{"fid":29,"n":9,"fre_gj":570.6,"fre_daily":{"2026-09-28":570.6},"overpasses":5,"frp_total":49.0,"frp_max":11.7,"frp_mean":5.44,"area_km2":1.73,"lat":-30.2928,"lon":148.9841,"first_seen":"2026-09-28","last_seen":"2026-09-28","duration_days":1,"status":"historic","trend":-1,"growth_ratio":0.0,"night_frac":0.56,"daily":{"2026-09-28":{"n":9,"frp":49.0}}}},{"type":"Feature","id":897,"geometry":{"type":"Polygon","coordinates":[[[150.3198,-30.16997],[150.31953,-30.16863],[150.31875,-30.16745],[150.31755,-30.16658],[150.31608,-30.16611],[150.31452,-30.16611],[150.31305,-30.16658],[150.31185,-30.16745],[150.31107,-30.16863],[150.3108,-30.16997],[150.31107,-30.17131],[150.31185,-30.17248],[150.31305,-30.17336],[150.31452,-30.17382],[150.31608,-30.17382],[150.31755,-30.17336],[150.31875,-30.17248],[150.31953,-30.17131],[150.3198,-30.16997]]]},"properties":{"fid":897,"n":3,"fre_gj":564.6,"fre_daily":{"2026-09-30":564.6},"overpasses":2,"frp_total":25.5,"frp_max":24.6,"frp_mean":8.5,"area_km2":0.58,"lat":-30.17,"lon":150.3153,"first_seen":"2026-09-30","last_seen":"2026-09-30","duration_days":1,"status":"historic","trend":-1,"growth_ratio":0.0,"night_frac":0.67,"daily":{"2026-09-30":{"n":3,"frp":25.5}}}},{"type":"Feature","id":504,"geometry":{"type":"Polygon","coordinates":[[[137.5968,-32.99572],[137.59619,-32.99283],[137.59445,-32.99028],[137.59179,-32.9884],[137.58852,-32.98739],[137.58504,-32.98739],[137.58177,-32.9884],[137.5791,-32.99028],[137.57736,-32.99283],[137.57676,-32.99572],[137.57736,-32.99861],[137.5791,-33.00116],[137.58177,-33.00305],[137.58504,-33.00405],[137.58852,-33.00405],[137.59179,-33.00305],[137.59445,-33.00116],[137.59619,-32.99861],[137.5968,-32.99572]]]},"properties":{"fid":504,"n":14,"fre_gj":564.2,"fre_daily":{"2026-09-28":5.8,"2026-09-29":5.4,"2026-10-01":15.1,"2026-10-02":496.8,"2026-10-03":41.1},"overpasses":10,"frp_total":49.2,"frp_max":8.0,"frp_mean":3.51,"area_km2":2.69,"lat":-32.9957,"lon":137.5868,"first_seen":"2026-09-28","last_seen":"2026-10-03","duration_days":5,"status":"receding","trend":-1,"growth_ratio":0.0,"night_frac":0.36,"daily":{"2026-09-28":{"n":1,"frp":1.6},"2026-09-29":{"n":1,"frp":1.5},"2026-10-01":{"n":1,"frp":4.2},"2026-10-02":{"n":8,"frp":22.8},"2026-10-03":{"n":3,"frp":19.1}}}},{"type":"Feature","id":481,"geometry":{"type":"Polygon","coordinates":[[[134.895,-17.6537],[134.9262,-17.6273],[134.9112,-17.6196],[134.9078,-17.6189],[134.899,-17.6215],[134.8978,-17.6268],[134.895,-17.6537]]]},"properties":{"fid":481,"n":39,"fre_gj":560.9,"fre_daily":{"2026-09-28":560.9},"overpasses":1,"frp_total":155.8,"frp_max":9.4,"frp_mean":3.99,"area_km2":6.18,"lat":-17.6294,"lon":134.9069,"first_seen":"2026-09-28","last_seen":"2026-09-28","duration_days":1,"status":"historic","trend":-1,"growth_ratio":0.0,"night_frac":1.0,"daily":{"2026-09-28":{"n":39,"frp":155.8}}}},{"type":"Feature","id":1186,"geometry":{"type":"Polygon","coordinates":[[[152.71254,-26.43695],[152.71224,-26.4354],[152.71137,-26.43404],[152.71003,-26.43303],[152.7084,-26.4325],[152.70665,-26.4325],[152.70502,-26.43303],[152.70368,-26.43404],[152.70281,-26.4354],[152.70251,-26.43695],[152.70281,-26.4385],[152.70368,-26.43986],[152.70502,-26.44087],[152.70665,-26.4414],[152.7084,-26.4414],[152.71003,-26.44087],[152.71137,-26.43986],[152.71224,-26.4385],[152.71254,-26.43695]]]},"properties":{"fid":1186,"n":4,"fre_gj":551.5,"fre_daily":{"2026-10-03":551.5},"overpasses":4,"frp_total":53.5,"frp_max":23.1,"frp_mean":13.38,"area_km2":0.77,"lat":-26.4369,"lon":152.7075,"first_seen":"2026-10-03","last_seen":"2026-10-03","duration_days":1,"status":"receding","trend":-1,"growth_ratio":0.0,"night_frac":0.25,"daily":{"2026-10-03":{"n":4,"frp":53.5}}}},{"type":"Feature","id":497,"geometry":{"type":"Polygon","coordinates":[[[124.31,-9.5202],[124.3186,-9.5263],[124.3184,-9.5215],[124.3132,-9.5173],[124.31,-9.5202]]]},"properties":{"fid":497,"n":7,"fre_gj":550.7,"fre_daily":{"2026-09-28":217.8,"2026-09-29":87.0,"2026-09-30":245.8},"overpasses":7,"frp_total":29.5,"frp_max":9.4,"frp_mean":4.21,"area_km2":0.42,"lat":-9.5213,"lon":124.3147,"first_seen":"2026-09-28","last_seen":"2026-09-30","duration_days":3,"status":"historic","trend":-1,"growth_ratio":0.0,"night_frac":0.43,"daily":{"2026-09-28":{"n":2,"frp":10.9},"2026-09-29":{"n":2,"frp":3.9},"2026-09-30":{"n":3,"frp":14.7}}}},{"type":"Feature","id":455,"geometry":{"type":"Polygon","coordinates":[[[135.6834,-11.9385],[135.6987,-11.9553],[135.7064,-11.9575],[135.7069,-11.9542],[135.705,-11.9488],[135.6968,-11.9428],[135.6841,-11.938],[135.6834,-11.9385]]]},"properties":{"fid":455,"n":17,"fre_gj":544.9,"fre_daily":{"2026-09-28":88.8,"2026-09-29":282.4,"2026-09-30":168.6,"2026-10-02":5.0},"overpasses":11,"frp_total":63.3,"frp_max":8.6,"frp_mean":3.72,"area_km2":2.01,"lat":-11.9481,"lon":135.6981,"first_seen":"2026-09-28","last_seen":"2026-10-02","duration_days":4,"status":"historic","trend":-1,"growth_ratio":0.0,"night_frac":0.35,"daily":{"2026-09-28":{"n":6,"frp":37.0},"2026-09-29":{"n":4,"frp":8.8},"2026-09-30":{"n":6,"frp":16.1},"2026-10-02":{"n":1,"frp":1.4}}}},{"type":"Feature","id":434,"geometry":{"type":"Polygon","coordinates":[[[135.1144,-17.1486],[135.1188,-17.1514],[135.1286,-17.147],[135.1218,-17.1425],[135.1144,-17.1486]]]},"properties":{"fid":434,"n":4,"fre_gj":543.8,"fre_daily":{"2026-09-28":543.8},"overpasses":2,"frp_total":232.4,"frp_max":129.6,"frp_mean":58.1,"area_km2":0.72,"lat":-17.1474,"lon":135.1209,"first_seen":"2026-09-28","last_seen":"2026-09-28","duration_days":1,"status":"historic","trend":-1,"growth_ratio":0.0,"night_frac":0.0,"daily":{"2026-09-28":{"n":4,"frp":232.4}}}},{"type":"Feature","id":192,"geometry":{"type":"Polygon","coordinates":[[[122.7887,-26.2746],[122.7906,-26.2775],[122.7983,-26.2801],[122.8036,-26.2775],[122.801,-26.2726],[122.7962,-26.2698],[122.7895,-26.27],[122.7887,-26.2746]]]},"properties":{"fid":192,"n":16,"fre_gj":541.6,"fre_daily":{"2026-09-28":541.6},"overpasses":3,"frp_total":236.1,"frp_max":43.4,"frp_mean":14.76,"area_km2":1.17,"lat":-26.2748,"lon":122.7958,"first_seen":"2026-09-28","last_seen":"2026-09-28","duration_days":1,"status":"historic","trend":-1,"growth_ratio":0.0,"night_frac":0.0,"daily":{"2026-09-28":{"n":16,"frp":236.1}}}},{"type":"Feature","id":1020,"geometry":{"type":"Polygon","coordinates":[[[149.98585,-25.25133],[149.98548,-25.24944],[149.98443,-25.24777],[149.98281,-25.24654],[149.98082,-25.24588],[149.97871,-25.24588],[149.97673,-25.24654],[149.97511,-25.24777],[149.97405,-25.24944],[149.97368,-25.25133],[149.97405,-25.25323],[149.97511,-25.25489],[149.97673,-25.25613],[149.97871,-25.25679],[149.98082,-25.25679],[149.98281,-25.25613],[149.98443,-25.25489],[149.98548,-25.25323],[149.98585,-25.25133]]]},"properties":{"fid":1020,"n":6,"fre_gj":536.7,"fre_daily":{"2026-10-01":536.7},"overpasses":4,"frp_total":35.8,"frp_max":27.1,"frp_mean":5.97,"area_km2":1.15,"lat":-25.2513,"lon":149.9798,"first_seen":"2026-10-01","last_seen":"2026-10-01","duration_days":1,"status":"historic","trend":-1,"growth_ratio":0.0,"night_frac":0.83,"daily":{"2026-10-01":{"n":6,"frp":35.8}}}},{"type":"Feature","id":1112,"geometry":{"type":"Polygon","coordinates":[[[142.4665,-12.0171],[142.4858,-12.0167],[142.4852,-12.0112],[142.4818,-12.0082],[142.4689,-12.01],[142.4665,-12.0171]]]},"properties":{"fid":1112,"n":9,"fre_gj":527.7,"fre_daily":{"2026-10-02":284.4,"2026-10-03":232.7,"2026-10-04":10.7},"overpasses":6,"frp_total":24.5,"frp_max":7.1,"frp_mean":2.72,"area_km2":1.62,"lat":-12.0127,"lon":142.4782,"first_seen":"2026-10-02","last_seen":"2026-10-04","duration_days":3,"status":"active","trend":-1,"growth_ratio":0.57,"night_frac":0.44,"daily":{"2026-10-02":{"n":4,"frp":14.2},"2026-10-03":{"n":3,"frp":4.3},"2026-10-04":{"n":2,"frp":5.9}}}},{"type":"Feature","id":75,"geometry":{"type":"Polygon","coordinates":[[[141.7922,-12.1376],[141.794,-12.1351],[141.7953,-12.1328],[141.8075,-12.0937],[141.8005,-12.1014],[141.7938,-12.1204],[141.7922,-12.1376]]]},"properties":{"fid":75,"n":21,"fre_gj":525.1,"fre_daily":{"2026-09-28":115.5,"2026-09-29":70.2,"2026-09-30":7.5,"2026-10-01":9.5,"2026-10-02":304.3,"2026-10-04":18.1},"overpasses":11,"frp_total":80.8,"frp_max":15.2,"frp_mean":3.85,"area_km2":2.03,"lat":-12.1148,"lon":141.7987,"first_seen":"2026-09-28","last_seen":"2026-10-04","duration_days":6,"status":"active","trend":-1,"growth_ratio":0.25,"night_frac":0.43,"daily":{"2026-09-28":{"n":5,"frp":33.2},"2026-09-29":{"n":5,"frp":19.5},"2026-09-30":{"n":4,"frp":2.6},"2026-10-01":{"n":4,"frp":4.5},"2026-10-02":{"n":2,"frp":16.0},"2026-10-04":{"n":1,"frp":5.0}}}},{"type":"Feature","id":424,"geometry":{"type":"Polygon","coordinates":[[[149.2425,-23.9438],[149.2556,-23.9491],[149.2593,-23.9483],[149.2647,-23.94],[149.2635,-23.939],[149.2624,-23.9387],[149.2425,-23.9438]]]},"properties":{"fid":424,"n":9,"fre_gj":525.0,"fre_daily":{"2026-09-28":401.6,"2026-10-02":123.4},"overpasses":5,"frp_total":149.2,"frp_max":55.2,"frp_mean":16.58,"area_km2":1.31,"lat":-23.9423,"lon":149.2595,"first_seen":"2026-09-28","last_seen":"2026-10-02","duration_days":2,"status":"historic","trend":-1,"growth_ratio":0.0,"night_frac":0.0,"daily":{"2026-09-28":{"n":4,"frp":105.4},"2026-10-02":{"n":5,"frp":43.8}}}},{"type":"Feature","id":747,"geometry":{"type":"Polygon","coordinates":[[[152.85847,-27.02646],[152.85802,-27.02414],[152.8567,-27.0221],[152.85469,-27.02058],[152.85222,-27.01978],[152.8496,-27.01978],[152.84713,-27.02058],[152.84512,-27.0221],[152.8438,-27.02414],[152.84335,-27.02646],[152.8438,-27.02878],[152.84512,-27.03082],[152.84713,-27.03233],[152.8496,-27.03314],[152.85222,-27.03314],[152.85469,-27.03233],[152.8567,-27.03082],[152.85802,-27.02878],[152.85847,-27.02646]]]},"properties":{"fid":747,"n":9,"fre_gj":517.6,"fre_daily":{"2026-09-29":2.9,"2026-10-01":514.7},"overpasses":7,"frp_total":89.5,"frp_max":29.2,"frp_mean":9.94,"area_km2":1.73,"lat":-27.0265,"lon":152.8509,"first_seen":"2026-09-29","last_seen":"2026-10-01","duration_days":2,"status":"historic","trend":-1,"growth_ratio":0.0,"night_frac":0.33,"daily":{"2026-09-29":{"n":2,"frp":1.2},"2026-10-01":{"n":7,"frp":88.3}}}},{"type":"Feature","id":209,"geometry":{"type":"Polygon","coordinates":[[[131.8146,-22.2071],[131.8152,-22.2215],[131.8177,-22.2215],[131.8225,-22.2131],[131.8257,-22.206],[131.8289,-22.1988],[131.8259,-22.1953],[131.8146,-22.2018],[131.8146,-22.2071]]]},"properties":{"fid":209,"n":18,"fre_gj":513.4,"fre_daily":{"2026-09-28":513.4},"overpasses":4,"frp_total":223.5,"frp_max":39.4,"frp_mean":12.42,"area_km2":2.38,"lat":-22.207,"lon":131.8212,"first_seen":"2026-09-28","last_seen":"2026-09-28","duration_days":1,"status":"historic","trend":-1,"growth_ratio":0.0,"night_frac":0.0,"daily":{"2026-09-28":{"n":18,"frp":223.5}}}},{"type":"Feature","id":700,"geometry":{"type":"Polygon","coordinates":[[[145.43213,-35.82714],[145.43169,-35.8251],[145.43041,-35.8233],[145.42846,-35.82196],[145.42607,-35.82125],[145.42353,-35.82125],[145.42114,-35.82196],[145.41919,-35.8233],[145.41791,-35.8251],[145.41747,-35.82714],[145.41791,-35.82919],[145.41919,-35.83099],[145.42114,-35.83232],[145.42353,-35.83303],[145.42607,-35.83303],[145.42846,-35.83232],[145.43041,-35.83099],[145.43169,-35.82919],[145.43213,-35.82714]]]},"properties":{"fid":700,"n":7,"fre_gj":507.1,"fre_daily":{"2026-09-29":507.1},"overpasses":4,"frp_total":31.9,"frp_max":11.3,"frp_mean":4.56,"area_km2":1.35,"lat":-35.8271,"lon":145.4248,"first_seen":"2026-09-29","last_seen":"2026-09-29","duration_days":1,"status":"historic","trend":-1,"growth_ratio":0.0,"night_frac":0.43,"daily":{"2026-09-29":{"n":7,"frp":31.9}}}},{"type":"Feature","id":1041,"geometry":{"type":"Polygon","coordinates":[[[152.2024,-27.3466],[152.2049,-27.3502],[152.2079,-27.3493],[152.2088,-27.3487],[152.2127,-27.3447],[152.2114,-27.3426],[152.2024,-27.3466]]]},"properties":{"fid":1041,"n":10,"fre_gj":506.5,"fre_daily":{"2026-10-01":309.2,"2026-10-02":5.3,"2026-10-03":192.0},"overpasses":7,"frp_total":31.2,"frp_max":9.6,"frp_mean":3.12,"area_km2":0.42,"lat":-27.3466,"lon":152.2074,"first_seen":"2026-10-01","last_seen":"2026-10-03","duration_days":3,"status":"receding","trend":-1,"growth_ratio":0.0,"night_frac":0.7,"daily":{"2026-10-01":{"n":6,"frp":20.8},"2026-10-02":{"n":2,"frp":1.7},"2026-10-03":{"n":2,"frp":8.7}}}},{"type":"Feature","id":41,"geometry":{"type":"Polygon","coordinates":[[[149.189,-25.483],[149.1951,-25.4886],[149.1986,-25.4901],[149.1995,-25.4846],[149.1977,-25.4819],[149.1963,-25.4803],[149.1899,-25.4819],[149.1894,-25.4825],[149.189,-25.483]]]},"properties":{"fid":41,"n":18,"fre_gj":504.6,"fre_daily":{"2026-09-28":104.3,"2026-10-01":159.7,"2026-10-02":22.0,"2026-10-03":218.6},"overpasses":13,"frp_total":46.6,"frp_max":15.6,"frp_mean":2.59,"area_km2":0.65,"lat":-25.4847,"lon":149.1948,"first_seen":"2026-09-28","last_seen":"2026-10-03","duration_days":4,"status":"receding","trend":-1,"growth_ratio":0.0,"night_frac":0.61,"daily":{"2026-09-28":{"n":5,"frp":20.2},"2026-10-01":{"n":2,"frp":1.9},"2026-10-02":{"n":3,"frp":10.7},"2026-10-03":{"n":8,"frp":13.8}}}},{"type":"Feature","id":315,"geometry":{"type":"Polygon","coordinates":[[[147.0084,-9.3346],[147.0102,-9.3388],[147.0178,-9.3406],[147.0194,-9.3408],[147.0204,-9.3401],[147.0188,-9.3375],[147.0123,-9.3352],[147.0084,-9.3346]]]},"properties":{"fid":315,"n":18,"fre_gj":500.1,"fre_daily":{"2026-09-28":6.4,"2026-09-29":4.7,"2026-10-01":173.1,"2026-10-02":311.4,"2026-10-03":4.5},"overpasses":15,"frp_total":44.5,"frp_max":6.2,"frp_mean":2.47,"area_km2":0.47,"lat":-9.3381,"lon":147.0148,"first_seen":"2026-09-28","last_seen":"2026-10-03","duration_days":5,"status":"receding","trend":-1,"growth_ratio":0.0,"night_frac":0.72,"daily":{"2026-09-28":{"n":3,"frp":2.7},"2026-09-29":{"n":2,"frp":2.0},"2026-10-01":{"n":2,"frp":1.1},"2026-10-02":{"n":9,"frp":36.8},"2026-10-03":{"n":2,"frp":1.9}}}},{"type":"Feature","id":550,"geometry":{"type":"Polygon","coordinates":[[[124.5028,-9.2604],[124.5161,-9.255],[124.5163,-9.2519],[124.5163,-9.2488],[124.5141,-9.2446],[124.5069,-9.2432],[124.5028,-9.2604]]]},"properties":{"fid":550,"n":9,"fre_gj":496.6,"fre_daily":{"2026-09-28":26.3,"2026-10-01":470.3},"overpasses":5,"frp_total":32.2,"frp_max":7.3,"frp_mean":3.58,"area_km2":1.78,"lat":-9.2508,"lon":124.5119,"first_seen":"2026-09-28","last_seen":"2026-10-01","duration_days":2,"status":"historic","trend":-1,"growth_ratio":0.0,"night_frac":0.56,"daily":{"2026-09-28":{"n":1,"frp":7.3},"2026-10-01":{"n":8,"frp":24.9}}}},{"type":"Feature","id":81,"geometry":{"type":"Polygon","coordinates":[[[141.9938,-11.8648],[142.0072,-11.8693],[142.0097,-11.8647],[142.0044,-11.8623],[141.9943,-11.8621],[141.9938,-11.8648]]]},"properties":{"fid":81,"n":12,"fre_gj":494.6,"fre_daily":{"2026-09-28":92.6,"2026-09-29":386.2,"2026-10-01":15.8},"overpasses":8,"frp_total":86.0,"frp_max":13.5,"frp_mean":7.17,"area_km2":0.84,"lat":-11.8648,"lon":142.0029,"first_seen":"2026-09-28","last_seen":"2026-10-01","duration_days":3,"status":"historic","trend":-1,"growth_ratio":0.0,"night_frac":0.08,"daily":{"2026-09-28":{"n":4,"frp":26.6},"2026-09-29":{"n":7,"frp":55.0},"2026-10-01":{"n":1,"frp":4.4}}}},{"type":"Feature","id":118,"geometry":{"type":"Polygon","coordinates":[[[147.8497,-9.6849],[147.8502,-9.6882],[147.8676,-9.7137],[147.8791,-9.7099],[147.8814,-9.7082],[147.8809,-9.7048],[147.8803,-9.7015],[147.8758,-9.6953],[147.8531,-9.6843],[147.8497,-9.6849]]]},"properties":{"fid":118,"n":22,"fre_gj":492.5,"fre_daily":{"2026-09-28":94.2,"2026-09-29":26.3,"2026-10-03":372.0},"overpasses":7,"frp_total":134.6,"frp_max":13.8,"frp_mean":6.12,"area_km2":5.49,"lat":-9.6989,"lon":147.8658,"first_seen":"2026-09-28","last_seen":"2026-10-03","duration_days":3,"status":"receding","trend":-1,"growth_ratio":0.0,"night_frac":0.0,"daily":{"2026-09-28":{"n":8,"frp":40.1},"2026-09-29":{"n":2,"frp":7.3},"2026-10-03":{"n":12,"frp":87.2}}}},{"type":"Feature","id":617,"geometry":{"type":"Polygon","coordinates":[[[136.3846,-12.4416],[136.3863,-12.4453],[136.3907,-12.4445],[136.3975,-12.4422],[136.4002,-12.4388],[136.3931,-12.4327],[136.3892,-12.4309],[136.3869,-12.4345],[136.3846,-12.4416]]]},"properties":{"fid":617,"n":20,"fre_gj":489.8,"fre_daily":{"2026-09-29":104.0,"2026-09-30":52.6,"2026-10-01":33.8,"2026-10-02":299.3},"overpasses":8,"frp_total":152.3,"frp_max":15.2,"frp_mean":7.62,"area_km2":1.62,"lat":-12.4387,"lon":136.3912,"first_seen":"2026-09-29","last_seen":"2026-10-02","duration_days":4,"status":"historic","trend":-1,"growth_ratio":0.0,"night_frac":0.0,"daily":{"2026-09-29":{"n":4,"frp":34.0},"2026-09-30":{"n":3,"frp":14.6},"2026-10-01":{"n":1,"frp":9.4},"2026-10-02":{"n":12,"frp":94.3}}}},{"type":"Feature","id":365,"geometry":{"type":"Polygon","coordinates":[[[130.1355,-16.1705],[130.1359,-16.1737],[130.142,-16.1793],[130.1484,-16.1757],[130.1464,-16.1676],[130.1358,-16.1661],[130.1355,-16.1705]]]},"properties":{"fid":365,"n":16,"fre_gj":489.1,"fre_daily":{"2026-09-28":363.9,"2026-09-29":125.2},"overpasses":8,"frp_total":42.2,"frp_max":6.5,"frp_mean":2.64,"area_km2":1.41,"lat":-16.172,"lon":130.1406,"first_seen":"2026-09-28","last_seen":"2026-09-29","duration_days":2,"status":"historic","trend":-1,"growth_ratio":0.0,"night_frac":0.62,"daily":{"2026-09-28":{"n":11,"frp":27.6},"2026-09-29":{"n":5,"frp":14.6}}}},{"type":"Feature","id":1271,"geometry":{"type":"Polygon","coordinates":[[[144.4295,-15.2727],[144.4371,-15.2869],[144.4428,-15.2862],[144.4475,-15.2756],[144.4295,-15.2727]]]},"properties":{"fid":1271,"n":8,"fre_gj":485.9,"fre_daily":{"2026-10-04":485.9},"overpasses":1,"frp_total":135.0,"frp_max":26.4,"frp_mean":16.87,"area_km2":1.73,"lat":-15.2797,"lon":144.4392,"first_seen":"2026-10-04","last_seen":"2026-10-04","duration_days":1,"status":"active","trend":1,"growth_ratio":null,"night_frac":0.0,"daily":{"2026-10-04":{"n":8,"frp":135.0}}}},{"type":"Feature","id":726,"geometry":{"type":"Polygon","coordinates":[[[141.12484,-9.0676],[141.1245,-9.06571],[141.12353,-9.06404],[141.12205,-9.0628],[141.12023,-9.06215],[141.1183,-9.06215],[141.11648,-9.0628],[141.115,-9.06404],[141.11403,-9.06571],[141.1137,-9.0676],[141.11403,-9.06949],[141.115,-9.07116],[141.11648,-9.0724],[141.1183,-9.07305],[141.12023,-9.07305],[141.12205,-9.0724],[141.12353,-9.07116],[141.1245,-9.06949],[141.12484,-9.0676]]]},"properties":{"fid":726,"n":6,"fre_gj":484.1,"fre_daily":{"2026-09-29":23.9,"2026-09-30":37.9,"2026-10-03":422.3},"overpasses":6,"frp_total":40.9,"frp_max":18.6,"frp_mean":6.82,"area_km2":1.15,"lat":-9.0676,"lon":141.1193,"first_seen":"2026-09-29","last_seen":"2026-10-03","duration_days":3,"status":"receding","trend":-1,"growth_ratio":0.0,"night_frac":0.17,"daily":{"2026-09-29":{"n":2,"frp":9.7},"2026-09-30":{"n":2,"frp":11.8},"2026-10-03":{"n":2,"frp":19.4}}}},{"type":"Feature","id":215,"geometry":{"type":"Polygon","coordinates":[[[132.3548,-21.6543],[132.356,-21.6635],[132.3578,-21.6695],[132.3592,-21.6712],[132.3609,-21.6701],[132.3621,-21.6691],[132.365,-21.6596],[132.3639,-21.6549],[132.3603,-21.6518],[132.3574,-21.6513],[132.3561,-21.6522],[132.3548,-21.6543]]]},"properties":{"fid":215,"n":18,"fre_gj":484.0,"fre_daily":{"2026-09-28":158.3,"2026-09-29":325.7},"overpasses":6,"frp_total":143.8,"frp_max":14.5,"frp_mean":7.99,"area_km2":1.58,"lat":-21.6605,"lon":132.3584,"first_seen":"2026-09-28","last_seen":"2026-09-29","duration_days":2,"status":"historic","trend":-1,"growth_ratio":0.0,"night_frac":0.0,"daily":{"2026-09-28":{"n":9,"frp":66.8},"2026-09-29":{"n":9,"frp":77.0}}}},{"type":"Feature","id":394,"geometry":{"type":"Polygon","coordinates":[[[141.8799,-12.328],[141.8804,-12.3313],[141.884,-12.3308],[141.8887,-12.3296],[141.8883,-12.327],[141.8876,-12.3252],[141.887,-12.3253],[141.8799,-12.328]]]},"properties":{"fid":394,"n":9,"fre_gj":481.9,"fre_daily":{"2026-09-28":481.9},"overpasses":4,"frp_total":25.2,"frp_max":5.1,"frp_mean":2.8,"area_km2":0.42,"lat":-12.3282,"lon":141.8851,"first_seen":"2026-09-28","last_seen":"2026-09-28","duration_days":1,"status":"historic","trend":-1,"growth_ratio":0.0,"night_frac":0.56,"daily":{"2026-09-28":{"n":9,"frp":25.2}}}},{"type":"Feature","id":905,"geometry":{"type":"Polygon","coordinates":[[[128.7891,-23.1303],[128.7946,-23.1378],[128.7951,-23.1382],[128.7995,-23.1411],[128.8123,-23.1429],[128.7891,-23.1303]]]},"properties":{"fid":905,"n":7,"fre_gj":480.0,"fre_daily":{"2026-09-30":480.0},"overpasses":2,"frp_total":115.1,"frp_max":32.2,"frp_mean":16.44,"area_km2":0.78,"lat":-23.1382,"lon":128.7989,"first_seen":"2026-09-30","last_seen":"2026-09-30","duration_days":1,"status":"historic","trend":-1,"growth_ratio":0.0,"night_frac":0.0,"daily":{"2026-09-30":{"n":7,"frp":115.1}}}},{"type":"Feature","id":18,"geometry":{"type":"Polygon","coordinates":[[[145.8785,-34.2679],[145.8893,-34.2739],[145.8952,-34.2734],[145.9012,-34.2721],[145.8824,-34.265],[145.8785,-34.2679]]]},"properties":{"fid":18,"n":6,"fre_gj":470.7,"fre_daily":{"2026-09-28":470.7},"overpasses":3,"frp_total":157.0,"frp_max":66.0,"frp_mean":26.17,"area_km2":0.9,"lat":-34.2703,"lon":145.8882,"first_seen":"2026-09-28","last_seen":"2026-09-28","duration_days":1,"status":"historic","trend":-1,"growth_ratio":0.0,"night_frac":0.0,"daily":{"2026-09-28":{"n":6,"frp":157.0}}}},{"type":"Feature","id":1078,"geometry":{"type":"Polygon","coordinates":[[[146.883,-19.6522],[146.8896,-19.6525],[146.8957,-19.6506],[146.9013,-19.6473],[146.8982,-19.6432],[146.883,-19.6522]]]},"properties":{"fid":1078,"n":7,"fre_gj":468.3,"fre_daily":{"2026-10-01":258.1,"2026-10-03":210.2},"overpasses":3,"frp_total":132.1,"frp_max":28.6,"frp_mean":18.87,"area_km2":0.8,"lat":-19.6487,"lon":146.8943,"first_seen":"2026-10-01","last_seen":"2026-10-03","duration_days":2,"status":"receding","trend":-1,"growth_ratio":0.0,"night_frac":0.0,"daily":{"2026-10-01":{"n":3,"frp":71.7},"2026-10-03":{"n":4,"frp":60.4}}}},{"type":"Feature","id":468,"geometry":{"type":"Polygon","coordinates":[[[143.2834,-9.0114],[143.2836,-9.0125],[143.3107,-9.0159],[143.3176,-9.0027],[143.3116,-9.0006],[143.2969,-9.0014],[143.2834,-9.0114]]]},"properties":{"fid":468,"n":16,"fre_gj":464.7,"fre_daily":{"2026-09-28":194.9,"2026-09-29":266.5,"2026-10-03":3.3},"overpasses":7,"frp_total":99.2,"frp_max":22.0,"frp_mean":6.2,"area_km2":4.14,"lat":-9.0083,"lon":143.3005,"first_seen":"2026-09-28","last_seen":"2026-10-03","duration_days":3,"status":"receding","trend":-1,"growth_ratio":0.0,"night_frac":0.12,"daily":{"2026-09-28":{"n":6,"frp":23.8},"2026-09-29":{"n":9,"frp":74.5},"2026-10-03":{"n":1,"frp":0.9}}}},{"type":"Feature","id":222,"geometry":{"type":"Polygon","coordinates":[[[127.6291,-20.7728],[127.6298,-20.7768],[127.6415,-20.7795],[127.6414,-20.7753],[127.6396,-20.7726],[127.6347,-20.7716],[127.6291,-20.7728]]]},"properties":{"fid":222,"n":15,"fre_gj":463.0,"fre_daily":{"2026-09-28":463.0},"overpasses":5,"frp_total":188.2,"frp_max":23.1,"frp_mean":12.55,"area_km2":0.79,"lat":-20.7754,"lon":127.6352,"first_seen":"2026-09-28","last_seen":"2026-09-28","duration_days":1,"status":"historic","trend":-1,"growth_ratio":0.0,"night_frac":0.0,"daily":{"2026-09-28":{"n":15,"frp":188.2}}}},{"type":"Feature","id":558,"geometry":{"type":"Polygon","coordinates":[[[132.705,-14.2312],[132.7167,-14.2199],[132.7161,-14.2148],[132.7112,-14.2191],[132.705,-14.2312]]]},"properties":{"fid":558,"n":6,"fre_gj":460.1,"fre_daily":{"2026-09-28":90.9,"2026-09-29":369.2},"overpasses":4,"frp_total":76.2,"frp_max":25.8,"frp_mean":12.7,"area_km2":0.59,"lat":-14.2199,"lon":132.7131,"first_seen":"2026-09-28","last_seen":"2026-09-29","duration_days":2,"status":"historic","trend":-1,"growth_ratio":0.0,"night_frac":0.0,"daily":{"2026-09-28":{"n":2,"frp":34.6},"2026-09-29":{"n":4,"frp":41.6}}}},{"type":"Feature","id":788,"geometry":{"type":"Polygon","coordinates":[[[142.1766,-10.6273],[142.1896,-10.6268],[142.1917,-10.616],[142.1892,-10.6118],[142.1848,-10.6138],[142.1792,-10.621],[142.1766,-10.6273]]]},"properties":{"fid":788,"n":16,"fre_gj":459.0,"fre_daily":{"2026-09-29":19.3,"2026-09-30":143.9,"2026-10-01":196.6,"2026-10-02":96.7,"2026-10-03":2.5},"overpasses":9,"frp_total":69.6,"frp_max":11.8,"frp_mean":4.35,"area_km2":1.76,"lat":-10.6188,"lon":142.1859,"first_seen":"2026-09-29","last_seen":"2026-10-03","duration_days":5,"status":"receding","trend":-1,"growth_ratio":0.0,"night_frac":0.44,"daily":{"2026-09-29":{"n":1,"frp":10.7},"2026-09-30":{"n":3,"frp":14.7},"2026-10-01":{"n":6,"frp":9.0},"2026-10-02":{"n":5,"frp":34.5},"2026-10-03":{"n":1,"frp":0.7}}}},{"type":"Feature","id":619,"geometry":{"type":"Polygon","coordinates":[[[132.5018,-11.3083],[132.5088,-11.3191],[132.5103,-11.3152],[132.5089,-11.3043],[132.5084,-11.3008],[132.5062,-11.2978],[132.5038,-11.2985],[132.5018,-11.3083]]]},"properties":{"fid":619,"n":13,"fre_gj":457.1,"fre_daily":{"2026-09-29":330.9,"2026-10-01":48.6,"2026-10-02":77.6},"overpasses":8,"frp_total":58.9,"frp_max":10.2,"frp_mean":4.53,"area_km2":1.28,"lat":-11.3058,"lon":132.5069,"first_seen":"2026-09-29","last_seen":"2026-10-02","duration_days":3,"status":"historic","trend":-1,"growth_ratio":0.0,"night_frac":0.15,"daily":{"2026-09-29":{"n":4,"frp":16.4},"2026-10-01":{"n":5,"frp":20.0},"2026-10-02":{"n":4,"frp":22.5}}}},{"type":"Feature","id":879,"geometry":{"type":"Polygon","coordinates":[[[133.1414,-22.0723],[133.1474,-22.0744],[133.1572,-22.0704],[133.1582,-22.0696],[133.1414,-22.0637],[133.1414,-22.0723]]]},"properties":{"fid":879,"n":5,"fre_gj":456.7,"fre_daily":{"2026-09-30":456.7},"overpasses":3,"frp_total":26.0,"frp_max":11.3,"frp_mean":5.2,"area_km2":1.14,"lat":-22.0701,"lon":133.1491,"first_seen":"2026-09-30","last_seen":"2026-09-30","duration_days":1,"status":"historic","trend":-1,"growth_ratio":0.0,"night_frac":0.6,"daily":{"2026-09-30":{"n":5,"frp":26.0}}}},{"type":"Feature","id":23,"geometry":{"type":"Polygon","coordinates":[[[146.5825,-32.3106],[146.5846,-32.3113],[146.5871,-32.3112],[146.5874,-32.3083],[146.5836,-32.3016],[146.5829,-32.3071],[146.5825,-32.3106]]]},"properties":{"fid":23,"n":13,"fre_gj":454.5,"fre_daily":{"2026-09-28":13.7,"2026-09-29":140.7,"2026-09-30":300.0},"overpasses":10,"frp_total":47.1,"frp_max":13.5,"frp_mean":3.62,"area_km2":0.3,"lat":-32.3087,"lon":146.5844,"first_seen":"2026-09-28","last_seen":"2026-09-30","duration_days":3,"status":"historic","trend":-1,"growth_ratio":0.0,"night_frac":0.46,"daily":{"2026-09-28":{"n":1,"frp":3.8},"2026-09-29":{"n":7,"frp":17.2},"2026-09-30":{"n":5,"frp":26.1}}}},{"type":"Feature","id":423,"geometry":{"type":"Polygon","coordinates":[[[131.976,-25.4793],[131.9795,-25.513],[131.9809,-25.5172],[131.9837,-25.512],[131.983,-25.4858],[131.9825,-25.4789],[131.9807,-25.4775],[131.976,-25.4793]]]},"properties":{"fid":423,"n":12,"fre_gj":450.4,"fre_daily":{"2026-09-28":450.4},"overpasses":3,"frp_total":147.7,"frp_max":34.4,"frp_mean":12.31,"area_km2":2.21,"lat":-25.4959,"lon":131.9812,"first_seen":"2026-09-28","last_seen":"2026-09-28","duration_days":1,"status":"historic","trend":-1,"growth_ratio":0.0,"night_frac":0.0,"daily":{"2026-09-28":{"n":12,"frp":147.7}}}},{"type":"Feature","id":712,"geometry":{"type":"Polygon","coordinates":[[[134.3159,-12.1888],[134.316,-12.2026],[134.3235,-12.2105],[134.3312,-12.2004],[134.333,-12.1928],[134.3335,-12.1901],[134.332,-12.1863],[134.3159,-12.1856],[134.3159,-12.1888]]]},"properties":{"fid":712,"n":13,"fre_gj":445.4,"fre_daily":{"2026-09-29":140.8,"2026-09-30":304.6},"overpasses":5,"frp_total":79.4,"frp_max":13.4,"frp_mean":6.11,"area_km2":3.9,"lat":-12.1952,"lon":134.3267,"first_seen":"2026-09-29","last_seen":"2026-09-30","duration_days":2,"status":"historic","trend":-1,"growth_ratio":0.0,"night_frac":0.08,"daily":{"2026-09-29":{"n":5,"frp":39.1},"2026-09-30":{"n":8,"frp":40.3}}}},{"type":"Feature","id":560,"geometry":{"type":"Polygon","coordinates":[[[125.0725,-9.1666],[125.0838,-9.1747],[125.084,-9.1513],[125.0812,-9.1501],[125.0738,-9.1641],[125.0725,-9.1666]]]},"properties":{"fid":560,"n":8,"fre_gj":444.2,"fre_daily":{"2026-09-28":44.8,"2026-09-29":304.2,"2026-09-30":71.7,"2026-10-02":23.4},"overpasses":6,"frp_total":64.5,"frp_max":15.4,"frp_mean":8.06,"area_km2":1.96,"lat":-9.1601,"lon":125.0794,"first_seen":"2026-09-28","last_seen":"2026-10-02","duration_days":4,"status":"historic","trend":-1,"growth_ratio":0.0,"night_frac":0.0,"daily":{"2026-09-28":{"n":2,"frp":24.9},"2026-09-29":{"n":1,"frp":3.9},"2026-09-30":{"n":4,"frp":29.2},"2026-10-02":{"n":1,"frp":6.5}}}},{"type":"Feature","id":829,"geometry":{"type":"Polygon","coordinates":[[[136.6506,-12.5139],[136.6625,-12.5291],[136.6685,-12.5226],[136.6632,-12.5158],[136.6582,-12.5095],[136.6549,-12.5112],[136.6506,-12.5139]]]},"properties":{"fid":829,"n":22,"fre_gj":442.0,"fre_daily":{"2026-09-30":152.3,"2026-10-01":40.7,"2026-10-02":93.5,"2026-10-03":155.5},"overpasses":9,"frp_total":140.1,"frp_max":12.7,"frp_mean":6.37,"area_km2":1.9,"lat":-12.519,"lon":136.6608,"first_seen":"2026-09-30","last_seen":"2026-10-03","duration_days":4,"status":"receding","trend":-1,"growth_ratio":0.0,"night_frac":0.0,"daily":{"2026-09-30":{"n":10,"frp":55.8},"2026-10-01":{"n":2,"frp":11.3},"2026-10-02":{"n":5,"frp":27.9},"2026-10-03":{"n":5,"frp":45.1}}}},{"type":"Feature","id":1032,"geometry":{"type":"Polygon","coordinates":[[[128.2423,-15.9667],[128.2454,-15.9674],[128.2572,-15.9693],[128.2575,-15.968],[128.2539,-15.956],[128.2485,-15.9552],[128.2423,-15.9667]]]},"properties":{"fid":1032,"n":11,"fre_gj":436.8,"fre_daily":{"2026-10-01":397.5,"2026-10-02":39.2},"overpasses":4,"frp_total":34.0,"frp_max":7.8,"frp_mean":3.09,"area_km2":1.58,"lat":-15.9633,"lon":128.2488,"first_seen":"2026-10-01","last_seen":"2026-10-02","duration_days":2,"status":"historic","trend":-1,"growth_ratio":0.0,"night_frac":0.73,"daily":{"2026-10-01":{"n":8,"frp":13.2},"2026-10-02":{"n":3,"frp":20.8}}}},{"type":"Feature","id":835,"geometry":{"type":"Polygon","coordinates":[[[135.7769,-11.9551],[135.7785,-11.9566],[135.7804,-11.9567],[135.7837,-11.952],[135.7801,-11.9513],[135.7775,-11.9514],[135.7769,-11.9551]]]},"properties":{"fid":835,"n":8,"fre_gj":436.0,"fre_daily":{"2026-09-30":436.0},"overpasses":4,"frp_total":36.2,"frp_max":7.6,"frp_mean":4.53,"area_km2":0.3,"lat":-11.9539,"lon":135.7799,"first_seen":"2026-09-30","last_seen":"2026-09-30","duration_days":1,"status":"historic","trend":-1,"growth_ratio":0.0,"night_frac":0.12,"daily":{"2026-09-30":{"n":8,"frp":36.2}}}},{"type":"Feature","id":66,"geometry":{"type":"Polygon","coordinates":[[[136.5036,-13.9657],[136.5057,-13.9698],[136.5103,-13.9693],[136.5149,-13.9687],[136.5096,-13.9648],[136.5051,-13.9654],[136.5036,-13.9657]]]},"properties":{"fid":66,"n":7,"fre_gj":434.3,"fre_daily":{"2026-09-28":434.3},"overpasses":2,"frp_total":150.8,"frp_max":39.4,"frp_mean":21.54,"area_km2":0.41,"lat":-13.967,"lon":136.5084,"first_seen":"2026-09-28","last_seen":"2026-09-28","duration_days":1,"status":"historic","trend":-1,"growth_ratio":0.0,"night_frac":0.0,"daily":{"2026-09-28":{"n":7,"frp":150.8}}}},{"type":"Feature","id":585,"geometry":{"type":"Polygon","coordinates":[[[148.3139,-9.657],[148.3142,-9.67],[148.3202,-9.6617],[148.3212,-9.6562],[148.3187,-9.6553],[148.3139,-9.657]]]},"properties":{"fid":585,"n":5,"fre_gj":432.1,"fre_daily":{"2026-09-29":15.8,"2026-10-01":399.7,"2026-10-02":16.6},"overpasses":5,"frp_total":27.7,"frp_max":9.2,"frp_mean":5.54,"area_km2":0.78,"lat":-9.66,"lon":148.3176,"first_seen":"2026-09-29","last_seen":"2026-10-02","duration_days":3,"status":"historic","trend":-1,"growth_ratio":0.0,"night_frac":0.2,"daily":{"2026-09-29":{"n":1,"frp":4.4},"2026-10-01":{"n":3,"frp":14.1},"2026-10-02":{"n":1,"frp":9.2}}}},{"type":"Feature","id":1220,"geometry":{"type":"Polygon","coordinates":[[[132.9668,-14.4645],[132.9682,-14.4702],[132.9756,-14.4743],[132.9765,-14.4685],[132.971,-14.4637],[132.9668,-14.4645]]]},"properties":{"fid":1220,"n":10,"fre_gj":426.9,"fre_daily":{"2026-10-03":426.9},"overpasses":2,"frp_total":138.1,"frp_max":25.3,"frp_mean":13.81,"area_km2":0.72,"lat":-14.4684,"lon":132.972,"first_seen":"2026-10-03","last_seen":"2026-10-03","duration_days":1,"status":"receding","trend":-1,"growth_ratio":0.0,"night_frac":0.0,"daily":{"2026-10-03":{"n":10,"frp":138.1}}}},{"type":"Feature","id":891,"geometry":{"type":"Polygon","coordinates":[[[127.6277,-20.9517],[127.6313,-20.951],[127.6465,-20.9456],[127.6433,-20.9439],[127.6305,-20.947],[127.6277,-20.9517]]]},"properties":{"fid":891,"n":7,"fre_gj":425.1,"fre_daily":{"2026-09-30":425.1},"overpasses":3,"frp_total":21.8,"frp_max":7.3,"frp_mean":3.11,"area_km2":0.64,"lat":-20.9472,"lon":127.6364,"first_seen":"2026-09-30","last_seen":"2026-09-30","duration_days":1,"status":"historic","trend":-1,"growth_ratio":0.0,"night_frac":0.43,"daily":{"2026-09-30":{"n":7,"frp":21.8}}}},{"type":"Feature","id":1011,"geometry":{"type":"Polygon","coordinates":[[[148.7866,-9.1637],[148.7913,-9.175],[148.7929,-9.1685],[148.7927,-9.1625],[148.7866,-9.1637]]]},"properties":{"fid":1011,"n":8,"fre_gj":425.1,"fre_daily":{"2026-10-01":6.1,"2026-10-02":106.8,"2026-10-03":312.1},"overpasses":6,"frp_total":58.0,"frp_max":23.7,"frp_mean":7.25,"area_km2":0.52,"lat":-9.1662,"lon":148.7906,"first_seen":"2026-10-01","last_seen":"2026-10-03","duration_days":3,"status":"receding","trend":-1,"growth_ratio":0.0,"night_frac":0.38,"daily":{"2026-10-01":{"n":2,"frp":1.7},"2026-10-02":{"n":3,"frp":37.1},"2026-10-03":{"n":3,"frp":19.2}}}},{"type":"Feature","id":614,"geometry":{"type":"Polygon","coordinates":[[[128.72074,-15.6841],[128.72046,-15.68255],[128.71965,-15.68119],[128.71841,-15.68018],[128.71689,-15.67965],[128.71526,-15.67965],[128.71374,-15.68018],[128.7125,-15.68119],[128.71169,-15.68255],[128.71141,-15.6841],[128.71169,-15.68565],[128.7125,-15.68701],[128.71374,-15.68802],[128.71526,-15.68855],[128.71689,-15.68855],[128.71841,-15.68802],[128.71965,-15.68701],[128.72046,-15.68565],[128.72074,-15.6841]]]},"properties":{"fid":614,"n":4,"fre_gj":424.8,"fre_daily":{"2026-09-29":30.6,"2026-10-01":190.0,"2026-10-02":204.2},"overpasses":4,"frp_total":28.5,"frp_max":13.0,"frp_mean":7.12,"area_km2":0.77,"lat":-15.6841,"lon":128.7161,"first_seen":"2026-09-29","last_seen":"2026-10-02","duration_days":3,"status":"historic","trend":-1,"growth_ratio":0.0,"night_frac":0.25,"daily":{"2026-09-29":{"n":1,"frp":8.5},"2026-10-01":{"n":1,"frp":0.5},"2026-10-02":{"n":2,"frp":19.5}}}},{"type":"Feature","id":339,"geometry":{"type":"Polygon","coordinates":[[[147.388,-32.2022],[147.3924,-32.206],[147.3987,-32.1988],[147.3985,-32.1947],[147.3886,-32.198],[147.388,-32.2022]]]},"properties":{"fid":339,"n":22,"fre_gj":420.4,"fre_daily":{"2026-09-28":252.8,"2026-09-29":167.6},"overpasses":9,"frp_total":50.2,"frp_max":4.5,"frp_mean":2.28,"area_km2":0.73,"lat":-32.2001,"lon":147.3937,"first_seen":"2026-09-28","last_seen":"2026-09-29","duration_days":2,"status":"historic","trend":-1,"growth_ratio":0.0,"night_frac":0.86,"daily":{"2026-09-28":{"n":17,"frp":41.1},"2026-09-29":{"n":5,"frp":9.1}}}},{"type":"Feature","id":201,"geometry":{"type":"Polygon","coordinates":[[[134.4732,-23.5029],[134.4738,-23.5051],[134.4797,-23.5039],[134.488,-23.5022],[134.4784,-23.4992],[134.4753,-23.4998],[134.4732,-23.5029]]]},"properties":{"fid":201,"n":10,"fre_gj":413.0,"fre_daily":{"2026-09-28":413.0},"overpasses":3,"frp_total":130.4,"frp_max":21.5,"frp_mean":13.04,"area_km2":0.52,"lat":-23.5021,"lon":134.4787,"first_seen":"2026-09-28","last_seen":"2026-09-28","duration_days":1,"status":"historic","trend":-1,"growth_ratio":0.0,"night_frac":0.0,"daily":{"2026-09-28":{"n":10,"frp":130.4}}}},{"type":"Feature","id":179,"geometry":{"type":"Polygon","coordinates":[[[141.5937,-9.1103],[141.6095,-9.1092],[141.6129,-9.1087],[141.6183,-9.0977],[141.6178,-9.0944],[141.6095,-9.0871],[141.6003,-9.0825],[141.5937,-9.1103]]]},"properties":{"fid":179,"n":25,"fre_gj":411.7,"fre_daily":{"2026-09-28":116.4,"2026-09-29":223.6,"2026-10-02":71.6},"overpasses":7,"frp_total":126.7,"frp_max":11.8,"frp_mean":5.07,"area_km2":5.4,"lat":-9.097,"lon":141.6056,"first_seen":"2026-09-28","last_seen":"2026-10-02","duration_days":3,"status":"historic","trend":-1,"growth_ratio":0.0,"night_frac":0.0,"daily":{"2026-09-28":{"n":10,"frp":54.8},"2026-09-29":{"n":9,"frp":52.0},"2026-10-02":{"n":6,"frp":19.9}}}},{"type":"Feature","id":380,"geometry":{"type":"Polygon","coordinates":[[[136.7234,-14.0361],[136.7327,-14.0482],[136.7365,-14.0442],[136.7384,-14.0417],[136.737,-14.0385],[136.7244,-14.0358],[136.7234,-14.0361]]]},"properties":{"fid":380,"n":7,"fre_gj":410.1,"fre_daily":{"2026-09-28":410.1},"overpasses":3,"frp_total":19.0,"frp_max":6.2,"frp_mean":2.71,"area_km2":1.06,"lat":-14.0413,"lon":136.7326,"first_seen":"2026-09-28","last_seen":"2026-09-28","duration_days":1,"status":"historic","trend":-1,"growth_ratio":0.0,"night_frac":0.57,"daily":{"2026-09-28":{"n":7,"frp":19.0}}}},{"type":"Feature","id":603,"geometry":{"type":"Polygon","coordinates":[[[124.7481,-23.5439],[124.7554,-23.5352],[124.7585,-23.5294],[124.7584,-23.5292],[124.7541,-23.5297],[124.7481,-23.5439]]]},"properties":{"fid":603,"n":7,"fre_gj":403.9,"fre_daily":{"2026-09-28":57.2,"2026-09-29":346.7},"overpasses":5,"frp_total":92.3,"frp_max":51.1,"frp_mean":13.19,"area_km2":0.43,"lat":-23.5324,"lon":124.7551,"first_seen":"2026-09-28","last_seen":"2026-09-29","duration_days":2,"status":"historic","trend":-1,"growth_ratio":0.0,"night_frac":0.0,"daily":{"2026-09-28":{"n":1,"frp":15.9},"2026-09-29":{"n":6,"frp":76.4}}}},{"type":"Feature","id":86,"geometry":{"type":"Polygon","coordinates":[[[142.3283,-10.9669],[142.3377,-10.9699],[142.341,-10.9708],[142.3501,-10.9676],[142.3491,-10.9632],[142.3396,-10.9646],[142.3283,-10.9669]]]},"properties":{"fid":86,"n":12,"fre_gj":403.5,"fre_daily":{"2026-09-28":125.9,"2026-09-29":140.2,"2026-10-01":111.6,"2026-10-02":25.9},"overpasses":6,"frp_total":108.0,"frp_max":23.8,"frp_mean":9.0,"area_km2":1.08,"lat":-10.9673,"lon":142.3427,"first_seen":"2026-09-28","last_seen":"2026-10-02","duration_days":4,"status":"historic","trend":-1,"growth_ratio":0.0,"night_frac":0.0,"daily":{"2026-09-28":{"n":4,"frp":43.7},"2026-09-29":{"n":3,"frp":26.1},"2026-10-01":{"n":4,"frp":31.0},"2026-10-02":{"n":1,"frp":7.2}}}},{"type":"Feature","id":610,"geometry":{"type":"Polygon","coordinates":[[[132.2882,-22.2596],[132.2997,-22.2621],[132.3019,-22.2611],[132.3056,-22.255],[132.3039,-22.2518],[132.3027,-22.2518],[132.2961,-22.253],[132.2923,-22.2539],[132.2882,-22.2596]]]},"properties":{"fid":610,"n":17,"fre_gj":402.8,"fre_daily":{"2026-09-29":402.8},"overpasses":4,"frp_total":173.3,"frp_max":24.6,"frp_mean":10.19,"area_km2":1.32,"lat":-22.2564,"lon":132.2974,"first_seen":"2026-09-29","last_seen":"2026-09-29","duration_days":1,"status":"historic","trend":-1,"growth_ratio":0.0,"night_frac":0.0,"daily":{"2026-09-29":{"n":17,"frp":173.3}}}},{"type":"Feature","id":755,"geometry":{"type":"Polygon","coordinates":[[[116.7623,-20.6152],[116.7633,-20.6167],[116.7697,-20.6164],[116.7748,-20.6151],[116.7703,-20.6131],[116.7629,-20.6119],[116.7624,-20.612],[116.7623,-20.6152]]]},"properties":{"fid":755,"n":25,"fre_gj":402.7,"fre_daily":{"2026-09-29":3.6,"2026-09-30":6.1,"2026-10-01":7.0,"2026-10-02":9.8,"2026-10-03":376.1},"overpasses":12,"frp_total":127.1,"frp_max":17.8,"frp_mean":5.09,"area_km2":0.45,"lat":-20.6145,"lon":116.7663,"first_seen":"2026-09-29","last_seen":"2026-10-03","duration_days":5,"status":"receding","trend":-1,"growth_ratio":0.0,"night_frac":1.0,"daily":{"2026-09-29":{"n":1,"frp":1.0},"2026-09-30":{"n":2,"frp":1.7},"2026-10-01":{"n":3,"frp":2.9},"2026-10-02":{"n":3,"frp":3.4},"2026-10-03":{"n":16,"frp":118.1}}}},{"type":"Feature","id":822,"geometry":{"type":"Polygon","coordinates":[[[135.2185,-17.0399],[135.2227,-17.0427],[135.2247,-17.0321],[135.2241,-17.0287],[135.221,-17.0327],[135.2185,-17.0399]]]},"properties":{"fid":822,"n":7,"fre_gj":402.1,"fre_daily":{"2026-09-30":402.1},"overpasses":1,"frp_total":111.7,"frp_max":67.5,"frp_mean":15.96,"area_km2":0.52,"lat":-17.0359,"lon":135.2221,"first_seen":"2026-09-30","last_seen":"2026-09-30","duration_days":1,"status":"historic","trend":-1,"growth_ratio":0.0,"night_frac":0.0,"daily":{"2026-09-30":{"n":7,"frp":111.7}}}},{"type":"Feature","id":529,"geometry":{"type":"Polygon","coordinates":[[[141.0797,-9.0237],[141.0912,-9.0337],[141.0938,-9.0348],[141.0933,-9.0315],[141.0877,-9.0187],[141.0797,-9.0237]]]},"properties":{"fid":529,"n":9,"fre_gj":400.9,"fre_daily":{"2026-09-28":59.0,"2026-09-29":341.9},"overpasses":3,"frp_total":31.2,"frp_max":7.9,"frp_mean":3.47,"area_km2":1.12,"lat":-9.0277,"lon":141.0877,"first_seen":"2026-09-28","last_seen":"2026-09-29","duration_days":2,"status":"historic","trend":-1,"growth_ratio":0.0,"night_frac":0.11,"daily":{"2026-09-28":{"n":3,"frp":16.4},"2026-09-29":{"n":6,"frp":14.8}}}},{"type":"Feature","id":9,"geometry":{"type":"Polygon","coordinates":[[[144.80008,-37.83203],[144.79939,-37.82893],[144.79742,-37.82621],[144.79439,-37.82419],[144.79068,-37.82312],[144.78673,-37.82312],[144.78302,-37.82419],[144.77999,-37.82621],[144.77802,-37.82893],[144.77733,-37.83203],[144.77802,-37.83512],[144.77999,-37.83784],[144.78302,-37.83986],[144.78673,-37.84093],[144.79068,-37.84093],[144.79439,-37.83986],[144.79742,-37.83784],[144.79939,-37.83512],[144.80008,-37.83203]]]},"properties":{"fid":9,"n":16,"fre_gj":400.3,"fre_daily":{"2026-09-28":353.6,"2026-09-29":4.5,"2026-09-30":11.5,"2026-10-03":30.7},"overpasses":12,"frp_total":50.3,"frp_max":6.0,"frp_mean":3.15,"area_km2":3.08,"lat":-37.832,"lon":144.7887,"first_seen":"2026-09-28","last_seen":"2026-10-03","duration_days":4,"status":"receding","trend":-1,"growth_ratio":0.0,"night_frac":0.62,"daily":{"2026-09-28":{"n":9,"frp":32.2},"2026-09-29":{"n":1,"frp":2.5},"2026-09-30":{"n":2,"frp":3.2},"2026-10-03":{"n":4,"frp":12.4}}}},{"type":"Feature","id":895,"geometry":{"type":"Polygon","coordinates":[[[113.24593,-19.924],[113.24564,-19.92245],[113.24481,-19.92109],[113.24354,-19.92008],[113.24198,-19.91955],[113.24032,-19.91955],[113.23876,-19.92008],[113.23749,-19.92109],[113.23666,-19.92245],[113.23637,-19.924],[113.23666,-19.92555],[113.23749,-19.92691],[113.23876,-19.92792],[113.24032,-19.92845],[113.24198,-19.92845],[113.24354,-19.92792],[113.24481,-19.92691],[113.24564,-19.92555],[113.24593,-19.924]]]},"properties":{"fid":895,"n":4,"fre_gj":400.0,"fre_daily":{"2026-09-30":1.4,"2026-10-01":52.9,"2026-10-02":345.6},"overpasses":4,"frp_total":33.1,"frp_max":17.2,"frp_mean":8.28,"area_km2":0.77,"lat":-19.924,"lon":113.2412,"first_seen":"2026-09-30","last_seen":"2026-10-02","duration_days":3,"status":"historic","trend":-1,"growth_ratio":0.0,"night_frac":0.75,"daily":{"2026-09-30":{"n":1,"frp":0.4},"2026-10-01":{"n":1,"frp":14.7},"2026-10-02":{"n":2,"frp":18.0}}}},{"type":"Feature","id":531,"geometry":{"type":"Polygon","coordinates":[[[141.1805,-9.0014],[141.192,-9.0106],[141.2026,-9.0117],[141.2012,-9.0092],[141.198,-9.005],[141.1966,-9.0044],[141.1828,-9.0005],[141.1805,-9.0014]]]},"properties":{"fid":531,"n":10,"fre_gj":399.8,"fre_daily":{"2026-09-28":20.2,"2026-09-29":317.3,"2026-09-30":62.3},"overpasses":6,"frp_total":108.0,"frp_max":32.8,"frp_mean":10.8,"area_km2":1.3,"lat":-9.0063,"lon":141.1933,"first_seen":"2026-09-28","last_seen":"2026-09-30","duration_days":3,"status":"historic","trend":-1,"growth_ratio":0.0,"night_frac":0.0,"daily":{"2026-09-28":{"n":1,"frp":5.6},"2026-09-29":{"n":7,"frp":85.1},"2026-09-30":{"n":2,"frp":17.3}}}},{"type":"Feature","id":627,"geometry":{"type":"Polygon","coordinates":[[[123.6593,-9.7732],[123.6795,-9.7869],[123.6799,-9.7866],[123.681,-9.7851],[123.6787,-9.7797],[123.6593,-9.7732]]]},"properties":{"fid":627,"n":12,"fre_gj":398.6,"fre_daily":{"2026-09-28":309.4,"2026-09-29":66.9,"2026-09-30":22.3},"overpasses":6,"frp_total":51.6,"frp_max":6.8,"frp_mean":4.3,"area_km2":0.89,"lat":-9.7822,"lon":123.6756,"first_seen":"2026-09-28","last_seen":"2026-09-30","duration_days":3,"status":"historic","trend":-1,"growth_ratio":0.0,"night_frac":0.08,"daily":{"2026-09-28":{"n":1,"frp":1.1},"2026-09-29":{"n":9,"frp":41.2},"2026-09-30":{"n":2,"frp":9.3}}}},{"type":"Feature","id":400,"geometry":{"type":"Polygon","coordinates":[[[131.2358,-22.6687],[131.2393,-22.6737],[131.2485,-22.6765],[131.2537,-22.6761],[131.2554,-22.6738],[131.2504,-22.6697],[131.2358,-22.6687]]]},"properties":{"fid":400,"n":15,"fre_gj":397.4,"fre_daily":{"2026-09-28":227.1,"2026-09-29":170.3},"overpasses":6,"frp_total":83.5,"frp_max":11.0,"frp_mean":5.57,"area_km2":1.08,"lat":-22.6725,"lon":131.2469,"first_seen":"2026-09-28","last_seen":"2026-09-29","duration_days":2,"status":"historic","trend":-1,"growth_ratio":0.0,"night_frac":0.13,"daily":{"2026-09-28":{"n":2,"frp":1.5},"2026-09-29":{"n":13,"frp":82.0}}}},{"type":"Feature","id":499,"geometry":{"type":"Polygon","coordinates":[[[115.4399,-20.7907],[115.4442,-20.7929],[115.4454,-20.7932],[115.4463,-20.7934],[115.4478,-20.7934],[115.4517,-20.7931],[115.4554,-20.7913],[115.4562,-20.7886],[115.453,-20.7853],[115.449,-20.7868],[115.4399,-20.7907]]]},"properties":{"fid":499,"n":37,"fre_gj":397.2,"fre_daily":{"2026-09-28":111.8,"2026-09-29":22.6,"2026-09-30":20.2,"2026-10-01":208.0,"2026-10-02":19.7,"2026-10-03":14.9},"overpasses":20,"frp_total":70.8,"frp_max":8.6,"frp_mean":1.91,"area_km2":0.89,"lat":-20.7906,"lon":115.4474,"first_seen":"2026-09-28","last_seen":"2026-10-03","duration_days":6,"status":"receding","trend":-1,"growth_ratio":0.0,"night_frac":0.97,"daily":{"2026-09-28":{"n":9,"frp":26.5},"2026-09-29":{"n":4,"frp":7.9},"2026-09-30":{"n":8,"frp":10.0},"2026-10-01":{"n":7,"frp":11.0},"2026-10-02":{"n":5,"frp":9.2},"2026-10-03":{"n":4,"frp":6.2}}}},{"type":"Feature","id":958,"geometry":{"type":"Polygon","coordinates":[[[151.029,-23.7978],[151.0314,-23.8009],[151.0379,-23.795],[151.0371,-23.7935],[151.0332,-23.7922],[151.0297,-23.7962],[151.029,-23.7978]]]},"properties":{"fid":958,"n":7,"fre_gj":396.6,"fre_daily":{"2026-10-01":396.6},"overpasses":4,"frp_total":189.3,"frp_max":62.1,"frp_mean":27.04,"area_km2":0.45,"lat":-23.7959,"lon":151.0332,"first_seen":"2026-10-01","last_seen":"2026-10-01","duration_days":1,"status":"historic","trend":-1,"growth_ratio":0.0,"night_frac":0.0,"daily":{"2026-10-01":{"n":7,"frp":189.3}}}},{"type":"Feature","id":1254,"geometry":{"type":"Polygon","coordinates":[[[131.8329,-13.0334],[131.8465,-13.0442],[131.849,-13.0461],[131.851,-13.0448],[131.8477,-13.0351],[131.846,-13.0341],[131.8426,-13.0331],[131.8354,-13.0327],[131.8329,-13.0334]]]},"properties":{"fid":1254,"n":16,"fre_gj":390.8,"fre_daily":{"2026-10-03":390.8},"overpasses":4,"frp_total":46.6,"frp_max":14.3,"frp_mean":2.91,"area_km2":1.28,"lat":-13.0382,"lon":131.8443,"first_seen":"2026-10-03","last_seen":"2026-10-03","duration_days":1,"status":"receding","trend":-1,"growth_ratio":0.0,"night_frac":0.88,"daily":{"2026-10-03":{"n":16,"frp":46.6}}}},{"type":"Feature","id":954,"geometry":{"type":"Polygon","coordinates":[[[151.5196,-30.0546],[151.5247,-30.0595],[151.5263,-30.0598],[151.5283,-30.0592],[151.5289,-30.0525],[151.5264,-30.0502],[151.5196,-30.0546]]]},"properties":{"fid":954,"n":12,"fre_gj":390.4,"fre_daily":{"2026-10-01":390.4},"overpasses":5,"frp_total":98.3,"frp_max":26.6,"frp_mean":8.19,"area_km2":0.58,"lat":-30.0557,"lon":151.5255,"first_seen":"2026-10-01","last_seen":"2026-10-01","duration_days":1,"status":"historic","trend":-1,"growth_ratio":0.0,"night_frac":0.08,"daily":{"2026-10-01":{"n":12,"frp":98.3}}}},{"type":"Feature","id":159,"geometry":{"type":"Polygon","coordinates":[[[142.3762,-9.1649],[142.3855,-9.1732],[142.3978,-9.172],[142.4007,-9.1708],[142.4002,-9.1658],[142.399,-9.1604],[142.3936,-9.1605],[142.3762,-9.1649]]]},"properties":{"fid":159,"n":21,"fre_gj":384.5,"fre_daily":{"2026-09-28":136.0,"2026-09-29":233.8,"2026-10-04":14.8},"overpasses":7,"frp_total":126.1,"frp_max":13.1,"frp_mean":6.0,"area_km2":2.61,"lat":-9.1662,"lon":142.3952,"first_seen":"2026-09-28","last_seen":"2026-10-04","duration_days":3,"status":"active","trend":-1,"growth_ratio":0.1,"night_frac":0.0,"daily":{"2026-09-28":{"n":11,"frp":67.2},"2026-09-29":{"n":9,"frp":54.8},"2026-10-04":{"n":1,"frp":4.1}}}},{"type":"Feature","id":431,"geometry":{"type":"Polygon","coordinates":[[[146.58509,-19.26238],[146.58474,-19.26049],[146.58373,-19.25882],[146.58218,-19.25759],[146.58028,-19.25693],[146.57825,-19.25693],[146.57635,-19.25759],[146.5748,-19.25882],[146.57379,-19.26049],[146.57344,-19.26238],[146.57379,-19.26428],[146.5748,-19.26594],[146.57635,-19.26718],[146.57825,-19.26784],[146.58028,-19.26784],[146.58218,-19.26718],[146.58373,-19.26594],[146.58474,-19.26428],[146.58509,-19.26238]]]},"properties":{"fid":431,"n":6,"fre_gj":383.1,"fre_daily":{"2026-09-28":371.9,"2026-09-29":11.2},"overpasses":4,"frp_total":30.8,"frp_max":9.8,"frp_mean":5.13,"area_km2":1.15,"lat":-19.2624,"lon":146.5793,"first_seen":"2026-09-28","last_seen":"2026-09-29","duration_days":2,"status":"historic","trend":-1,"growth_ratio":0.0,"night_frac":0.17,"daily":{"2026-09-28":{"n":5,"frp":27.7},"2026-09-29":{"n":1,"frp":3.1}}}},{"type":"Feature","id":180,"geometry":{"type":"Polygon","coordinates":[[[149.0237,-9.0713],[149.0242,-9.0747],[149.037,-9.0828],[149.0722,-9.0623],[149.043,-9.0652],[149.0237,-9.0713]]]},"properties":{"fid":180,"n":16,"fre_gj":382.6,"fre_daily":{"2026-09-28":233.6,"2026-10-01":71.3,"2026-10-02":15.5,"2026-10-03":62.3},"overpasses":7,"frp_total":114.8,"frp_max":14.8,"frp_mean":7.17,"area_km2":5.1,"lat":-9.0721,"lon":149.045,"first_seen":"2026-09-28","last_seen":"2026-10-03","duration_days":4,"status":"receding","trend":-1,"growth_ratio":0.0,"night_frac":0.0,"daily":{"2026-09-28":{"n":8,"frp":70.9},"2026-10-01":{"n":3,"frp":19.8},"2026-10-02":{"n":1,"frp":4.3},"2026-10-03":{"n":4,"frp":19.8}}}},{"type":"Feature","id":798,"geometry":{"type":"Polygon","coordinates":[[[152.55051,-25.50382],[152.55003,-25.50137],[152.54867,-25.49922],[152.54657,-25.49763],[152.54401,-25.49678],[152.54127,-25.49678],[152.53871,-25.49763],[152.53661,-25.49922],[152.53525,-25.50137],[152.53477,-25.50382],[152.53525,-25.50627],[152.53661,-25.50842],[152.53871,-25.51001],[152.54127,-25.51086],[152.54401,-25.51086],[152.54657,-25.51001],[152.54867,-25.50842],[152.55003,-25.50627],[152.55051,-25.50382]]]},"properties":{"fid":798,"n":10,"fre_gj":380.6,"fre_daily":{"2026-09-30":380.6},"overpasses":6,"frp_total":55.2,"frp_max":13.4,"frp_mean":5.52,"area_km2":1.92,"lat":-25.5038,"lon":152.5426,"first_seen":"2026-09-30","last_seen":"2026-09-30","duration_days":1,"status":"historic","trend":-1,"growth_ratio":0.0,"night_frac":0.5,"daily":{"2026-09-30":{"n":10,"frp":55.2}}}},{"type":"Feature","id":406,"geometry":{"type":"Polygon","coordinates":[[[136.86788,-30.44471],[136.86729,-30.44182],[136.8656,-30.43928],[136.863,-30.43739],[136.85982,-30.43638],[136.85644,-30.43638],[136.85326,-30.43739],[136.85066,-30.43928],[136.84897,-30.44182],[136.84838,-30.44471],[136.84897,-30.44761],[136.85066,-30.45015],[136.85326,-30.45204],[136.85644,-30.45305],[136.85982,-30.45305],[136.863,-30.45204],[136.8656,-30.45015],[136.86729,-30.44761],[136.86788,-30.44471]]]},"properties":{"fid":406,"n":14,"fre_gj":380.3,"fre_daily":{"2026-09-28":167.4,"2026-09-29":170.6,"2026-10-01":4.3,"2026-10-02":29.3,"2026-10-03":8.7},"overpasses":10,"frp_total":34.2,"frp_max":4.7,"frp_mean":2.44,"area_km2":2.69,"lat":-30.4447,"lon":136.8581,"first_seen":"2026-09-28","last_seen":"2026-10-03","duration_days":5,"status":"receding","trend":-1,"growth_ratio":0.0,"night_frac":0.79,"daily":{"2026-09-28":{"n":3,"frp":5.5},"2026-09-29":{"n":3,"frp":11.3},"2026-10-01":{"n":1,"frp":1.2},"2026-10-02":{"n":6,"frp":13.8},"2026-10-03":{"n":1,"frp":2.4}}}},{"type":"Feature","id":621,"geometry":{"type":"Polygon","coordinates":[[[120.4459,-10.072],[120.4464,-10.0735],[120.4584,-10.0775],[120.4605,-10.0776],[120.4618,-10.0771],[120.4553,-10.0692],[120.4495,-10.0627],[120.4462,-10.0631],[120.4459,-10.072]]]},"properties":{"fid":621,"n":10,"fre_gj":380.2,"fre_daily":{"2026-09-29":217.7,"2026-09-30":19.4,"2026-10-02":143.0},"overpasses":5,"frp_total":124.1,"frp_max":45.9,"frp_mean":12.41,"area_km2":1.45,"lat":-10.0715,"lon":120.4523,"first_seen":"2026-09-29","last_seen":"2026-10-02","duration_days":3,"status":"historic","trend":-1,"growth_ratio":0.0,"night_frac":0.0,"daily":{"2026-09-29":{"n":4,"frp":73.3},"2026-09-30":{"n":1,"frp":5.4},"2026-10-02":{"n":5,"frp":45.4}}}},{"type":"Feature","id":149,"geometry":{"type":"Polygon","coordinates":[[[147.0753,-9.2717],[147.0756,-9.2747],[147.0833,-9.2806],[147.1058,-9.2615],[147.108,-9.2413],[147.1005,-9.2471],[147.0845,-9.2619],[147.0753,-9.2717]]]},"properties":{"fid":149,"n":27,"fre_gj":379.2,"fre_daily":{"2026-09-28":76.0,"2026-09-29":157.2,"2026-09-30":72.8,"2026-10-01":1.8,"2026-10-02":20.5,"2026-10-03":50.9},"overpasses":11,"frp_total":147.7,"frp_max":16.0,"frp_mean":5.47,"area_km2":6.24,"lat":-9.2645,"lon":147.0906,"first_seen":"2026-09-28","last_seen":"2026-10-03","duration_days":6,"status":"receding","trend":-1,"growth_ratio":0.0,"night_frac":0.04,"daily":{"2026-09-28":{"n":6,"frp":30.0},"2026-09-29":{"n":10,"frp":65.9},"2026-09-30":{"n":6,"frp":31.5},"2026-10-01":{"n":1,"frp":0.5},"2026-10-02":{"n":1,"frp":5.7},"2026-10-03":{"n":3,"frp":14.1}}}},{"type":"Feature","id":26,"geometry":{"type":"Polygon","coordinates":[[[146.64993,-31.26178],[146.64936,-31.259],[146.64771,-31.25654],[146.64519,-31.25472],[146.6421,-31.25376],[146.63881,-31.25376],[146.63572,-31.25472],[146.6332,-31.25654],[146.63155,-31.259],[146.63098,-31.26178],[146.63155,-31.26457],[146.6332,-31.26702],[146.63572,-31.26884],[146.63881,-31.26981],[146.6421,-31.26981],[146.64519,-31.26884],[146.64771,-31.26702],[146.64936,-31.26457],[146.64993,-31.26178]]]},"properties":{"fid":26,"n":13,"fre_gj":376.6,"fre_daily":{"2026-09-28":23.9,"2026-09-29":352.7},"overpasses":8,"frp_total":85.2,"frp_max":17.2,"frp_mean":6.55,"area_km2":2.5,"lat":-31.2618,"lon":146.6405,"first_seen":"2026-09-28","last_seen":"2026-09-29","duration_days":2,"status":"historic","trend":-1,"growth_ratio":0.0,"night_frac":0.23,"daily":{"2026-09-28":{"n":3,"frp":8.3},"2026-09-29":{"n":10,"frp":76.9}}}},{"type":"Feature","id":863,"geometry":{"type":"Polygon","coordinates":[[[147.15109,-9.28925],[147.15075,-9.28736],[147.14979,-9.28569],[147.1483,-9.28445],[147.14648,-9.2838],[147.14455,-9.2838],[147.14273,-9.28445],[147.14125,-9.28569],[147.14028,-9.28736],[147.13994,-9.28925],[147.14028,-9.29114],[147.14125,-9.29281],[147.14273,-9.29405],[147.14455,-9.2947],[147.14648,-9.2947],[147.1483,-9.29405],[147.14979,-9.29281],[147.15075,-9.29114],[147.15109,-9.28925]]]},"properties":{"fid":863,"n":6,"fre_gj":374.9,"fre_daily":{"2026-09-30":343.8,"2026-10-01":31.1},"overpasses":5,"frp_total":29.6,"frp_max":12.0,"frp_mean":4.93,"area_km2":1.15,"lat":-9.2893,"lon":147.1455,"first_seen":"2026-09-30","last_seen":"2026-10-01","duration_days":2,"status":"historic","trend":-1,"growth_ratio":0.0,"night_frac":0.5,"daily":{"2026-09-30":{"n":3,"frp":14.0},"2026-10-01":{"n":3,"frp":15.6}}}},{"type":"Feature","id":1198,"geometry":{"type":"Polygon","coordinates":[[[150.488,-10.2241],[150.4891,-10.2316],[150.5033,-10.233],[150.4925,-10.2234],[150.488,-10.2241]]]},"properties":{"fid":1198,"n":7,"fre_gj":374.6,"fre_daily":{"2026-10-03":374.6},"overpasses":2,"frp_total":75.2,"frp_max":25.6,"frp_mean":10.75,"area_km2":0.94,"lat":-10.228,"lon":150.4921,"first_seen":"2026-10-03","last_seen":"2026-10-03","duration_days":1,"status":"receding","trend":-1,"growth_ratio":0.0,"night_frac":0.0,"daily":{"2026-10-03":{"n":7,"frp":75.2}}}},{"type":"Feature","id":238,"geometry":{"type":"Polygon","coordinates":[[[134.2177,-19.6103],[134.2254,-19.6098],[134.2253,-19.6083],[134.2234,-19.5993],[134.2198,-19.6046],[134.2177,-19.6103]]]},"properties":{"fid":238,"n":10,"fre_gj":373.3,"fre_daily":{"2026-09-28":373.3},"overpasses":4,"frp_total":121.6,"frp_max":33.2,"frp_mean":12.16,"area_km2":0.54,"lat":-19.6065,"lon":134.2228,"first_seen":"2026-09-28","last_seen":"2026-09-28","duration_days":1,"status":"historic","trend":-1,"growth_ratio":0.0,"night_frac":0.0,"daily":{"2026-09-28":{"n":10,"frp":121.6}}}},{"type":"Feature","id":303,"geometry":{"type":"Polygon","coordinates":[[[124.3845,-9.4318],[124.4143,-9.4431],[124.4559,-9.4036],[124.452,-9.4011],[124.431,-9.392],[124.4154,-9.3993],[124.3853,-9.4299],[124.3845,-9.4318]]]},"properties":{"fid":303,"n":30,"fre_gj":370.9,"fre_daily":{"2026-09-28":23.0,"2026-09-29":87.0,"2026-09-30":40.6,"2026-10-01":33.9,"2026-10-02":86.6,"2026-10-03":99.8},"overpasses":13,"frp_total":140.0,"frp_max":10.2,"frp_mean":4.67,"area_km2":21.3,"lat":-9.4109,"lon":124.4217,"first_seen":"2026-09-28","last_seen":"2026-10-03","duration_days":6,"status":"receding","trend":-1,"growth_ratio":0.0,"night_frac":0.0,"daily":{"2026-09-28":{"n":2,"frp":6.4},"2026-09-29":{"n":9,"frp":36.7},"2026-09-30":{"n":4,"frp":16.9},"2026-10-01":{"n":3,"frp":13.8},"2026-10-02":{"n":4,"frp":27.5},"2026-10-03":{"n":8,"frp":38.7}}}},{"type":"Feature","id":565,"geometry":{"type":"Polygon","coordinates":[[[149.99018,-33.15269],[149.98967,-33.15024],[149.9882,-33.14809],[149.98594,-33.1465],[149.98317,-33.14565],[149.98023,-33.14565],[149.97746,-33.1465],[149.9752,-33.14809],[149.97373,-33.15024],[149.97322,-33.15269],[149.97373,-33.15514],[149.9752,-33.15729],[149.97746,-33.15888],[149.98023,-33.15973],[149.98317,-33.15973],[149.98594,-33.15888],[149.9882,-33.15729],[149.98967,-33.15514],[149.99018,-33.15269]]]},"properties":{"fid":565,"n":10,"fre_gj":370.7,"fre_daily":{"2026-09-29":370.7},"overpasses":5,"frp_total":160.4,"frp_max":25.9,"frp_mean":16.04,"area_km2":1.92,"lat":-33.1527,"lon":149.9817,"first_seen":"2026-09-29","last_seen":"2026-09-29","duration_days":1,"status":"historic","trend":-1,"growth_ratio":0.0,"night_frac":0.0,"daily":{"2026-09-29":{"n":10,"frp":160.4}}}},{"type":"Feature","id":955,"geometry":{"type":"Polygon","coordinates":[[[152.8901,-27.2124],[152.9016,-27.2197],[152.9014,-27.2127],[152.8981,-27.203],[152.8971,-27.2017],[152.8901,-27.2124]]]},"properties":{"fid":955,"n":10,"fre_gj":370.7,"fre_daily":{"2026-10-01":249.2,"2026-10-02":121.6},"overpasses":6,"frp_total":103.5,"frp_max":25.4,"frp_mean":10.35,"area_km2":1.14,"lat":-27.2095,"lon":152.898,"first_seen":"2026-10-01","last_seen":"2026-10-02","duration_days":2,"status":"historic","trend":-1,"growth_ratio":0.0,"night_frac":0.0,"daily":{"2026-10-01":{"n":5,"frp":57.6},"2026-10-02":{"n":5,"frp":45.9}}}},{"type":"Feature","id":469,"geometry":{"type":"Polygon","coordinates":[[[140.8992,-9.0005],[140.9013,-9.0033],[140.9072,-9.0066],[140.9083,-9.0047],[140.908,-9.0031],[140.8992,-9.0005]]]},"properties":{"fid":469,"n":8,"fre_gj":368.6,"fre_daily":{"2026-09-28":21.5,"2026-09-29":122.4,"2026-10-01":224.6},"overpasses":6,"frp_total":87.3,"frp_max":40.1,"frp_mean":10.91,"area_km2":0.27,"lat":-9.0038,"lon":140.9055,"first_seen":"2026-09-28","last_seen":"2026-10-01","duration_days":3,"status":"historic","trend":-1,"growth_ratio":0.0,"night_frac":0.12,"daily":{"2026-09-28":{"n":3,"frp":9.3},"2026-09-29":{"n":2,"frp":5.3},"2026-10-01":{"n":3,"frp":72.7}}}},{"type":"Feature","id":553,"geometry":{"type":"Polygon","coordinates":[[[151.04166,-31.65274],[151.0413,-31.65101],[151.04028,-31.64949],[151.03871,-31.64836],[151.03678,-31.64776],[151.03474,-31.64776],[151.03281,-31.64836],[151.03124,-31.64949],[151.03022,-31.65101],[151.02986,-31.65274],[151.03022,-31.65447],[151.03124,-31.65599],[151.03281,-31.65712],[151.03474,-31.65772],[151.03678,-31.65772],[151.03871,-31.65712],[151.04028,-31.65599],[151.0413,-31.65447],[151.04166,-31.65274]]]},"properties":{"fid":553,"n":5,"fre_gj":368.5,"fre_daily":{"2026-09-28":37.4,"2026-09-29":331.0},"overpasses":3,"frp_total":38.9,"frp_max":10.8,"frp_mean":7.78,"area_km2":0.96,"lat":-31.6527,"lon":151.0358,"first_seen":"2026-09-28","last_seen":"2026-09-29","duration_days":2,"status":"historic","trend":-1,"growth_ratio":0.0,"night_frac":0.0,"daily":{"2026-09-28":{"n":2,"frp":20.8},"2026-09-29":{"n":3,"frp":18.1}}}},{"type":"Feature","id":232,"geometry":{"type":"Polygon","coordinates":[[[126.8552,-20.4174],[126.8583,-20.4187],[126.8674,-20.4179],[126.8676,-20.4171],[126.8623,-20.4123],[126.8598,-20.4118],[126.8564,-20.4145],[126.8552,-20.4174]]]},"properties":{"fid":232,"n":12,"fre_gj":367.0,"fre_daily":{"2026-09-28":367.0},"overpasses":3,"frp_total":133.1,"frp_max":23.2,"frp_mean":11.09,"area_km2":0.62,"lat":-20.4156,"lon":126.8611,"first_seen":"2026-09-28","last_seen":"2026-09-28","duration_days":1,"status":"historic","trend":-1,"growth_ratio":0.0,"night_frac":0.0,"daily":{"2026-09-28":{"n":12,"frp":133.1}}}},{"type":"Feature","id":793,"geometry":{"type":"Polygon","coordinates":[[[150.6641,-28.1086],[150.6652,-28.1166],[150.6684,-28.1225],[150.6693,-28.1226],[150.67,-28.1213],[150.6692,-28.1162],[150.6641,-28.1086]]]},"properties":{"fid":793,"n":12,"fre_gj":366.1,"fre_daily":{"2026-09-30":366.1},"overpasses":5,"frp_total":69.2,"frp_max":17.6,"frp_mean":5.77,"area_km2":0.37,"lat":-28.1179,"lon":150.668,"first_seen":"2026-09-30","last_seen":"2026-09-30","duration_days":1,"status":"historic","trend":-1,"growth_ratio":0.0,"night_frac":0.08,"daily":{"2026-09-30":{"n":12,"frp":69.2}}}},{"type":"Feature","id":660,"geometry":{"type":"Polygon","coordinates":[[[148.1254,-29.6862],[148.1325,-29.6865],[148.1363,-29.685],[148.1407,-29.6762],[148.1291,-29.6822],[148.1275,-29.6831],[148.1254,-29.6862]]]},"properties":{"fid":660,"n":21,"fre_gj":364.9,"fre_daily":{"2026-09-29":341.7,"2026-09-30":23.2},"overpasses":6,"frp_total":46.1,"frp_max":5.6,"frp_mean":2.2,"area_km2":0.69,"lat":-29.6822,"lon":148.1342,"first_seen":"2026-09-29","last_seen":"2026-09-30","duration_days":2,"status":"historic","trend":-1,"growth_ratio":0.0,"night_frac":0.86,"daily":{"2026-09-29":{"n":18,"frp":32.3},"2026-09-30":{"n":3,"frp":13.8}}}},{"type":"Feature","id":202,"geometry":{"type":"Polygon","coordinates":[[[129.0842,-23.1827],[129.108,-23.202],[129.1141,-23.1999],[129.1106,-23.1876],[129.0913,-23.1801],[129.0855,-23.1799],[129.0842,-23.1827]]]},"properties":{"fid":202,"n":11,"fre_gj":364.0,"fre_daily":{"2026-09-28":364.0},"overpasses":4,"frp_total":65.5,"frp_max":19.7,"frp_mean":5.95,"area_km2":3.37,"lat":-23.187,"lon":129.0986,"first_seen":"2026-09-28","last_seen":"2026-09-28","duration_days":1,"status":"historic","trend":-1,"growth_ratio":0.0,"night_frac":0.36,"daily":{"2026-09-28":{"n":11,"frp":65.5}}}},{"type":"Feature","id":1185,"geometry":{"type":"Polygon","coordinates":[[[149.45615,-26.47538],[149.45577,-26.47349],[149.45471,-26.47182],[149.45307,-26.47059],[149.45107,-26.46993],[149.44893,-26.46993],[149.44693,-26.47059],[149.44529,-26.47182],[149.44423,-26.47349],[149.44385,-26.47538],[149.44423,-26.47728],[149.44529,-26.47894],[149.44693,-26.48018],[149.44893,-26.48084],[149.45107,-26.48084],[149.45307,-26.48018],[149.45471,-26.47894],[149.45577,-26.47728],[149.45615,-26.47538]]]},"properties":{"fid":1185,"n":6,"fre_gj":363.9,"fre_daily":{"2026-10-03":363.9},"overpasses":3,"frp_total":17.4,"frp_max":9.6,"frp_mean":2.9,"area_km2":1.15,"lat":-26.4754,"lon":149.45,"first_seen":"2026-10-03","last_seen":"2026-10-03","duration_days":1,"status":"receding","trend":-1,"growth_ratio":0.0,"night_frac":0.67,"daily":{"2026-10-03":{"n":6,"frp":17.4}}}},{"type":"Feature","id":77,"geometry":{"type":"Polygon","coordinates":[[[134.7398,-12.0962],[134.7425,-12.0987],[134.7716,-12.1087],[134.7539,-12.0917],[134.7425,-12.0889],[134.7398,-12.0962]]]},"properties":{"fid":77,"n":19,"fre_gj":363.4,"fre_daily":{"2026-09-28":328.1,"2026-09-29":6.5,"2026-10-02":28.8},"overpasses":5,"frp_total":155.4,"frp_max":20.0,"frp_mean":8.18,"area_km2":2.74,"lat":-12.0958,"lon":134.7495,"first_seen":"2026-09-28","last_seen":"2026-10-02","duration_days":3,"status":"historic","trend":-1,"growth_ratio":0.0,"night_frac":0.0,"daily":{"2026-09-28":{"n":16,"frp":145.6},"2026-09-29":{"n":1,"frp":1.8},"2026-10-02":{"n":2,"frp":8.0}}}},{"type":"Feature","id":965,"geometry":{"type":"Polygon","coordinates":[[[131.6484,-22.5259],[131.6594,-22.5174],[131.6535,-22.5126],[131.6484,-22.5259]]]},"properties":{"fid":965,"n":4,"fre_gj":357.9,"fre_daily":{"2026-10-01":338.7,"2026-10-02":19.2},"overpasses":4,"frp_total":23.0,"frp_max":13.4,"frp_mean":5.75,"area_km2":0.59,"lat":-22.5183,"lon":131.655,"first_seen":"2026-10-01","last_seen":"2026-10-02","duration_days":2,"status":"historic","trend":-1,"growth_ratio":0.0,"night_frac":0.25,"daily":{"2026-10-01":{"n":2,"frp":14.7},"2026-10-02":{"n":2,"frp":8.3}}}},{"type":"Feature","id":482,"geometry":{"type":"Polygon","coordinates":[[[134.8513,-17.6114],[134.8519,-17.6129],[134.8712,-17.6487],[134.8746,-17.6494],[134.8818,-17.608],[134.8784,-17.6073],[134.8749,-17.6066],[134.8531,-17.6076],[134.8513,-17.6114]]]},"properties":{"fid":482,"n":41,"fre_gj":356.4,"fre_daily":{"2026-09-28":356.4},"overpasses":1,"frp_total":99.0,"frp_max":4.5,"frp_mean":2.41,"area_km2":8.83,"lat":-17.6221,"lon":134.8662,"first_seen":"2026-09-28","last_seen":"2026-09-28","duration_days":1,"status":"historic","trend":-1,"growth_ratio":0.0,"night_frac":1.0,"daily":{"2026-09-28":{"n":41,"frp":99.0}}}},{"type":"Feature","id":1255,"geometry":{"type":"Polygon","coordinates":[[[142.25,-12.4761],[142.255,-12.477],[142.2593,-12.4776],[142.2617,-12.475],[142.2636,-12.471],[142.2611,-12.4635],[142.2573,-12.4629],[142.2518,-12.4725],[142.25,-12.4761]]]},"properties":{"fid":1255,"n":22,"fre_gj":356.3,"fre_daily":{"2026-10-03":356.3},"overpasses":4,"frp_total":51.6,"frp_max":19.0,"frp_mean":2.34,"area_km2":1.47,"lat":-12.4724,"lon":142.2573,"first_seen":"2026-10-03","last_seen":"2026-10-03","duration_days":1,"status":"receding","trend":-1,"growth_ratio":0.0,"night_frac":1.0,"daily":{"2026-10-03":{"n":22,"frp":51.6}}}},{"type":"Feature","id":290,"geometry":{"type":"Polygon","coordinates":[[[124.0423,-9.7565],[124.0641,-9.7796],[124.0678,-9.779],[124.0673,-9.7757],[124.0592,-9.7628],[124.0578,-9.7614],[124.0423,-9.7565]]]},"properties":{"fid":290,"n":16,"fre_gj":356.1,"fre_daily":{"2026-09-28":121.3,"2026-10-03":234.7},"overpasses":5,"frp_total":123.7,"frp_max":14.5,"frp_mean":7.73,"area_km2":2.14,"lat":-9.7667,"lon":124.0573,"first_seen":"2026-09-28","last_seen":"2026-10-03","duration_days":2,"status":"receding","trend":-1,"growth_ratio":0.0,"night_frac":0.0,"daily":{"2026-09-28":{"n":5,"frp":37.8},"2026-10-03":{"n":11,"frp":85.9}}}},{"type":"Feature","id":1183,"geometry":{"type":"Polygon","coordinates":[[[147.222,-41.8177],[147.2371,-41.8281],[147.2358,-41.8245],[147.2275,-41.8172],[147.222,-41.8177]]]},"properties":{"fid":1183,"n":4,"fre_gj":356.1,"fre_daily":{"2026-10-03":356.1},"overpasses":2,"frp_total":102.3,"frp_max":42.7,"frp_mean":25.58,"area_km2":0.39,"lat":-41.8219,"lon":147.2306,"first_seen":"2026-10-03","last_seen":"2026-10-03","duration_days":1,"status":"receding","trend":-1,"growth_ratio":0.0,"night_frac":0.0,"daily":{"2026-10-03":{"n":4,"frp":102.3}}}},{"type":"Feature","id":1247,"geometry":{"type":"Polygon","coordinates":[[[133.769,-16.2426],[133.7731,-16.2477],[133.7851,-16.2445],[133.7747,-16.2368],[133.7736,-16.2377],[133.769,-16.2426]]]},"properties":{"fid":1247,"n":9,"fre_gj":355.6,"fre_daily":{"2026-10-03":355.6},"overpasses":4,"frp_total":30.4,"frp_max":12.6,"frp_mean":3.38,"area_km2":1.06,"lat":-16.2421,"lon":133.775,"first_seen":"2026-10-03","last_seen":"2026-10-03","duration_days":1,"status":"receding","trend":-1,"growth_ratio":0.0,"night_frac":0.78,"daily":{"2026-10-03":{"n":9,"frp":30.4}}}},{"type":"Feature","id":651,"geometry":{"type":"Polygon","coordinates":[[[152.26891,-25.18193],[152.26851,-25.17988],[152.26737,-25.17808],[152.26563,-25.17675],[152.26348,-25.17604],[152.2612,-25.17604],[152.25906,-25.17675],[152.25731,-25.17808],[152.25617,-25.17988],[152.25578,-25.18193],[152.25617,-25.18397],[152.25731,-25.18577],[152.25906,-25.18711],[152.2612,-25.18782],[152.26348,-25.18782],[152.26563,-25.18711],[152.26737,-25.18577],[152.26851,-25.18397],[152.26891,-25.18193]]]},"properties":{"fid":651,"n":7,"fre_gj":355.0,"fre_daily":{"2026-09-29":188.2,"2026-09-30":166.8},"overpasses":6,"frp_total":18.5,"frp_max":8.3,"frp_mean":2.64,"area_km2":1.35,"lat":-25.1819,"lon":152.2623,"first_seen":"2026-09-29","last_seen":"2026-09-30","duration_days":2,"status":"historic","trend":-1,"growth_ratio":0.0,"night_frac":0.71,"daily":{"2026-09-29":{"n":4,"frp":3.0},"2026-09-30":{"n":3,"frp":15.5}}}},{"type":"Feature","id":105,"geometry":{"type":"Polygon","coordinates":[[[149.5778,-9.8295],[149.5797,-9.839],[149.5975,-9.8451],[149.5907,-9.8287],[149.5778,-9.8273],[149.5778,-9.8295]]]},"properties":{"fid":105,"n":11,"fre_gj":354.3,"fre_daily":{"2026-09-28":120.8,"2026-09-29":19.1,"2026-10-04":214.4},"overpasses":6,"frp_total":107.4,"frp_max":46.0,"frp_mean":9.76,"area_km2":2.44,"lat":-9.8336,"lon":149.583,"first_seen":"2026-09-28","last_seen":"2026-10-04","duration_days":3,"status":"active","trend":-1,"growth_ratio":0.75,"night_frac":0.0,"daily":{"2026-09-28":{"n":7,"frp":42.5},"2026-09-29":{"n":1,"frp":5.3},"2026-10-04":{"n":3,"frp":59.6}}}},{"type":"Feature","id":872,"geometry":{"type":"Polygon","coordinates":[[[141.845,-12.5074],[141.8475,-12.5106],[141.8531,-12.5122],[141.8533,-12.5121],[141.8589,-12.4999],[141.845,-12.5074]]]},"properties":{"fid":872,"n":10,"fre_gj":351.8,"fre_daily":{"2026-09-30":293.7,"2026-10-01":40.1,"2026-10-03":18.0},"overpasses":6,"frp_total":32.7,"frp_max":5.3,"frp_mean":3.27,"area_km2":0.86,"lat":-12.5089,"lon":141.8509,"first_seen":"2026-09-30","last_seen":"2026-10-03","duration_days":3,"status":"receding","trend":-1,"growth_ratio":0.0,"night_frac":0.5,"daily":{"2026-09-30":{"n":4,"frp":7.1},"2026-10-01":{"n":5,"frp":20.6},"2026-10-03":{"n":1,"frp":5.0}}}},{"type":"Feature","id":457,"geometry":{"type":"Polygon","coordinates":[[[130.5593,-11.765],[130.5681,-11.7627],[130.5594,-11.7592],[130.5593,-11.765]]]},"properties":{"fid":457,"n":5,"fre_gj":345.8,"fre_daily":{"2026-09-28":7.9,"2026-09-29":337.9},"overpasses":3,"frp_total":118.3,"frp_max":101.9,"frp_mean":23.66,"area_km2":0.31,"lat":-11.7624,"lon":130.562,"first_seen":"2026-09-28","last_seen":"2026-09-29","duration_days":2,"status":"historic","trend":-1,"growth_ratio":0.0,"night_frac":0.0,"daily":{"2026-09-28":{"n":1,"frp":2.2},"2026-09-29":{"n":4,"frp":116.1}}}},{"type":"Feature","id":799,"geometry":{"type":"Polygon","coordinates":[[[151.51978,-24.42511],[151.51936,-24.42293],[151.51814,-24.421],[151.51629,-24.41957],[151.51401,-24.41881],[151.51159,-24.41881],[151.50931,-24.41957],[151.50746,-24.421],[151.50624,-24.42293],[151.50582,-24.42511],[151.50624,-24.4273],[151.50746,-24.42922],[151.50931,-24.43065],[151.51159,-24.43141],[151.51401,-24.43141],[151.51629,-24.43065],[151.51814,-24.42922],[151.51936,-24.4273],[151.51978,-24.42511]]]},"properties":{"fid":799,"n":8,"fre_gj":344.1,"fre_daily":{"2026-09-30":344.1},"overpasses":3,"frp_total":124.3,"frp_max":27.5,"frp_mean":15.54,"area_km2":1.54,"lat":-24.4251,"lon":151.5128,"first_seen":"2026-09-30","last_seen":"2026-09-30","duration_days":1,"status":"historic","trend":-1,"growth_ratio":0.0,"night_frac":0.0,"daily":{"2026-09-30":{"n":8,"frp":124.3}}}},{"type":"Feature","id":490,"geometry":{"type":"Polygon","coordinates":[[[149.2934,-21.3948],[149.3001,-21.3883],[149.2988,-21.3851],[149.2965,-21.3846],[149.2958,-21.3856],[149.2934,-21.3948]]]},"properties":{"fid":490,"n":9,"fre_gj":342.1,"fre_daily":{"2026-09-28":284.7,"2026-09-29":46.2,"2026-09-30":11.2},"overpasses":6,"frp_total":34.4,"frp_max":6.5,"frp_mean":3.82,"area_km2":0.34,"lat":-21.3877,"lon":149.2972,"first_seen":"2026-09-28","last_seen":"2026-09-30","duration_days":3,"status":"historic","trend":-1,"growth_ratio":0.0,"night_frac":0.22,"daily":{"2026-09-28":{"n":2,"frp":1.5},"2026-09-29":{"n":6,"frp":29.8},"2026-09-30":{"n":1,"frp":3.1}}}},{"type":"Feature","id":493,"geometry":{"type":"Polygon","coordinates":[[[129.95709,-16.39424],[129.95678,-16.39251],[129.95587,-16.39099],[129.95448,-16.38986],[129.95277,-16.38926],[129.95095,-16.38926],[129.94924,-16.38986],[129.94785,-16.39099],[129.94694,-16.39251],[129.94663,-16.39424],[129.94694,-16.39597],[129.94785,-16.39749],[129.94924,-16.39862],[129.95095,-16.39922],[129.95277,-16.39922],[129.95448,-16.39862],[129.95587,-16.39749],[129.95678,-16.39597],[129.95709,-16.39424]]]},"properties":{"fid":493,"n":5,"fre_gj":341.2,"fre_daily":{"2026-09-28":316.7,"2026-09-29":24.5},"overpasses":3,"frp_total":16.4,"frp_max":6.8,"frp_mean":3.28,"area_km2":0.96,"lat":-16.3942,"lon":129.9519,"first_seen":"2026-09-28","last_seen":"2026-09-29","duration_days":2,"status":"historic","trend":-1,"growth_ratio":0.0,"night_frac":0.6,"daily":{"2026-09-28":{"n":3,"frp":2.8},"2026-09-29":{"n":2,"frp":13.6}}}},{"type":"Feature","id":783,"geometry":{"type":"Polygon","coordinates":[[[146.2852,-19.6668],[146.2964,-19.6743],[146.3045,-19.6638],[146.2948,-19.6653],[146.2852,-19.6668]]]},"properties":{"fid":783,"n":4,"fre_gj":340.2,"fre_daily":{"2026-09-29":340.2},"overpasses":1,"frp_total":94.5,"frp_max":26.8,"frp_mean":23.62,"area_km2":1.03,"lat":-19.6675,"lon":146.2952,"first_seen":"2026-09-29","last_seen":"2026-09-29","duration_days":1,"status":"historic","trend":-1,"growth_ratio":0.0,"night_frac":0.0,"daily":{"2026-09-29":{"n":4,"frp":94.5}}}},{"type":"Feature","id":276,"geometry":{"type":"Polygon","coordinates":[[[120.3899,-10.0667],[120.3925,-10.0707],[120.3993,-10.0671],[120.3994,-10.0664],[120.3936,-10.0661],[120.3899,-10.0667]]]},"properties":{"fid":276,"n":9,"fre_gj":339.5,"fre_daily":{"2026-09-28":34.7,"2026-09-29":304.8},"overpasses":6,"frp_total":104.8,"frp_max":47.0,"frp_mean":11.64,"area_km2":0.29,"lat":-10.0677,"lon":120.3939,"first_seen":"2026-09-28","last_seen":"2026-09-29","duration_days":2,"status":"historic","trend":-1,"growth_ratio":0.0,"night_frac":0.0,"daily":{"2026-09-28":{"n":2,"frp":12.3},"2026-09-29":{"n":7,"frp":92.5}}}},{"type":"Feature","id":277,"geometry":{"type":"Polygon","coordinates":[[[120.3098,-10.0472],[120.3115,-10.0498],[120.33,-10.0478],[120.3154,-10.0398],[120.3098,-10.0472]]]},"properties":{"fid":277,"n":15,"fre_gj":338.6,"fre_daily":{"2026-09-28":320.3,"2026-09-29":18.4},"overpasses":5,"frp_total":125.6,"frp_max":28.2,"frp_mean":8.37,"area_km2":1.24,"lat":-10.0451,"lon":120.3172,"first_seen":"2026-09-28","last_seen":"2026-09-29","duration_days":2,"status":"historic","trend":-1,"growth_ratio":0.0,"night_frac":0.0,"daily":{"2026-09-28":{"n":14,"frp":120.5},"2026-09-29":{"n":1,"frp":5.1}}}},{"type":"Feature","id":808,"geometry":{"type":"Polygon","coordinates":[[[150.9605,-33.6212],[150.9695,-33.6233],[150.9729,-33.6193],[150.9716,-33.6181],[150.9681,-33.6167],[150.9639,-33.6173],[150.9605,-33.6212]]]},"properties":{"fid":808,"n":10,"fre_gj":334.3,"fre_daily":{"2026-09-30":334.3},"overpasses":3,"frp_total":60.6,"frp_max":22.2,"frp_mean":6.06,"area_km2":0.52,"lat":-33.6196,"lon":150.9672,"first_seen":"2026-09-30","last_seen":"2026-09-30","duration_days":1,"status":"historic","trend":-1,"growth_ratio":0.0,"night_frac":0.2,"daily":{"2026-09-30":{"n":10,"frp":60.6}}}},{"type":"Feature","id":752,"geometry":{"type":"Polygon","coordinates":[[[125.43368,-9.25494],[125.43327,-9.25262],[125.43208,-9.25058],[125.43027,-9.24907],[125.42804,-9.24826],[125.42567,-9.24826],[125.42344,-9.24907],[125.42163,-9.25058],[125.42044,-9.25262],[125.42003,-9.25494],[125.42044,-9.25726],[125.42163,-9.2593],[125.42344,-9.26082],[125.42567,-9.26162],[125.42804,-9.26162],[125.43027,-9.26082],[125.43208,-9.2593],[125.43327,-9.25726],[125.43368,-9.25494]]]},"properties":{"fid":752,"n":9,"fre_gj":333.4,"fre_daily":{"2026-09-29":182.6,"2026-09-30":35.7,"2026-10-01":14.4,"2026-10-02":93.0,"2026-10-03":7.7},"overpasses":9,"frp_total":31.8,"frp_max":8.0,"frp_mean":3.53,"area_km2":1.73,"lat":-9.2549,"lon":125.4269,"first_seen":"2026-09-29","last_seen":"2026-10-03","duration_days":5,"status":"receding","trend":-1,"growth_ratio":0.0,"night_frac":0.44,"daily":{"2026-09-29":{"n":2,"frp":1.5},"2026-09-30":{"n":3,"frp":21.5},"2026-10-01":{"n":1,"frp":4.0},"2026-10-02":{"n":1,"frp":1.0},"2026-10-03":{"n":2,"frp":3.8}}}},{"type":"Feature","id":782,"geometry":{"type":"Polygon","coordinates":[[[147.199,-19.8183],[147.2007,-19.8276],[147.211,-19.8259],[147.2094,-19.8167],[147.199,-19.8183]]]},"properties":{"fid":782,"n":4,"fre_gj":330.8,"fre_daily":{"2026-09-29":330.8},"overpasses":1,"frp_total":91.9,"frp_max":44.0,"frp_mean":22.98,"area_km2":1.14,"lat":-19.8221,"lon":147.205,"first_seen":"2026-09-29","last_seen":"2026-09-29","duration_days":1,"status":"historic","trend":-1,"growth_ratio":0.0,"night_frac":0.0,"daily":{"2026-09-29":{"n":4,"frp":91.9}}}},{"type":"Feature","id":162,"geometry":{"type":"Polygon","coordinates":[[[142.6192,-9.1562],[142.6198,-9.1603],[142.6207,-9.1662],[142.6302,-9.1632],[142.6304,-9.1503],[142.626,-9.1474],[142.6192,-9.1562]]]},"properties":{"fid":162,"n":17,"fre_gj":327.9,"fre_daily":{"2026-09-28":254.2,"2026-09-29":73.7},"overpasses":6,"frp_total":138.2,"frp_max":18.1,"frp_mean":8.13,"area_km2":1.83,"lat":-9.1589,"lon":142.6236,"first_seen":"2026-09-28","last_seen":"2026-09-29","duration_days":2,"status":"historic","trend":-1,"growth_ratio":0.0,"night_frac":0.0,"daily":{"2026-09-28":{"n":13,"frp":118.7},"2026-09-29":{"n":4,"frp":19.5}}}},{"type":"Feature","id":792,"geometry":{"type":"Polygon","coordinates":[[[149.18442,-28.31239],[149.18398,-28.3102],[149.18273,-28.30828],[149.18081,-28.30685],[149.17845,-28.30609],[149.17595,-28.30609],[149.17359,-28.30685],[149.17167,-28.30828],[149.17042,-28.3102],[149.16998,-28.31239],[149.17042,-28.31457],[149.17167,-28.3165],[149.17359,-28.31793],[149.17595,-28.31869],[149.17845,-28.31869],[149.18081,-28.31793],[149.18273,-28.3165],[149.18398,-28.31457],[149.18442,-28.31239]]]},"properties":{"fid":792,"n":8,"fre_gj":327.1,"fre_daily":{"2026-09-30":327.1},"overpasses":5,"frp_total":45.5,"frp_max":7.8,"frp_mean":5.69,"area_km2":1.54,"lat":-28.3124,"lon":149.1772,"first_seen":"2026-09-30","last_seen":"2026-09-30","duration_days":1,"status":"historic","trend":-1,"growth_ratio":0.0,"night_frac":0.12,"daily":{"2026-09-30":{"n":8,"frp":45.5}}}},{"type":"Feature","id":251,"geometry":{"type":"Polygon","coordinates":[[[128.2346,-17.2056],[128.2352,-17.2108],[128.2443,-17.223],[128.2471,-17.2254],[128.2416,-17.2111],[128.2346,-17.2056]]]},"properties":{"fid":251,"n":6,"fre_gj":325.2,"fre_daily":{"2026-09-28":325.2},"overpasses":4,"frp_total":27.2,"frp_max":12.6,"frp_mean":4.53,"area_km2":0.8,"lat":-17.2144,"lon":128.2406,"first_seen":"2026-09-28","last_seen":"2026-09-28","duration_days":1,"status":"historic","trend":-1,"growth_ratio":0.0,"night_frac":0.33,"daily":{"2026-09-28":{"n":6,"frp":27.2}}}},{"type":"Feature","id":944,"geometry":{"type":"Polygon","coordinates":[[[134.4928,-14.6274],[134.502,-14.6287],[134.5055,-14.621],[134.5041,-14.6148],[134.4939,-14.6061],[134.4928,-14.6274]]]},"properties":{"fid":944,"n":12,"fre_gj":324.6,"fre_daily":{"2026-09-30":29.5,"2026-10-03":295.0},"overpasses":5,"frp_total":99.5,"frp_max":16.1,"frp_mean":8.29,"area_km2":2.32,"lat":-14.6191,"lon":134.5008,"first_seen":"2026-09-30","last_seen":"2026-10-03","duration_days":2,"status":"receding","trend":-1,"growth_ratio":0.0,"night_frac":0.0,"daily":{"2026-09-30":{"n":1,"frp":8.2},"2026-10-03":{"n":11,"frp":91.3}}}},{"type":"Feature","id":114,"geometry":{"type":"Polygon","coordinates":[[[147.753,-9.7077],[147.7543,-9.7162],[147.7853,-9.7298],[147.7887,-9.7283],[147.7578,-9.6897],[147.753,-9.7077]]]},"properties":{"fid":114,"n":16,"fre_gj":324.5,"fre_daily":{"2026-09-28":104.8,"2026-09-29":81.5,"2026-10-03":115.8,"2026-10-04":22.5},"overpasses":8,"frp_total":111.1,"frp_max":21.9,"frp_mean":6.94,"area_km2":6.74,"lat":-9.7165,"lon":147.7697,"first_seen":"2026-09-28","last_seen":"2026-10-04","duration_days":4,"status":"active","trend":-1,"growth_ratio":0.2,"night_frac":0.0,"daily":{"2026-09-28":{"n":4,"frp":36.4},"2026-09-29":{"n":7,"frp":34.9},"2026-10-03":{"n":4,"frp":33.6},"2026-10-04":{"n":1,"frp":6.2}}}},{"type":"Feature","id":523,"geometry":{"type":"Polygon","coordinates":[[[141.11639,-9.15107],[141.11603,-9.14903],[141.11498,-9.14723],[141.11338,-9.14589],[141.11142,-9.14518],[141.10933,-9.14518],[141.10736,-9.14589],[141.10576,-9.14723],[141.10472,-9.14903],[141.10435,-9.15107],[141.10472,-9.15312],[141.10576,-9.15492],[141.10736,-9.15625],[141.10933,-9.15696],[141.11142,-9.15696],[141.11338,-9.15625],[141.11498,-9.15492],[141.11603,-9.15312],[141.11639,-9.15107]]]},"properties":{"fid":523,"n":7,"fre_gj":320.5,"fre_daily":{"2026-09-28":16.2,"2026-09-29":23.9,"2026-10-01":130.9,"2026-10-02":149.6},"overpasses":6,"frp_total":21.8,"frp_max":5.2,"frp_mean":3.11,"area_km2":1.35,"lat":-9.1511,"lon":141.1104,"first_seen":"2026-09-28","last_seen":"2026-10-02","duration_days":4,"status":"historic","trend":-1,"growth_ratio":0.0,"night_frac":0.43,"daily":{"2026-09-28":{"n":1,"frp":4.5},"2026-09-29":{"n":2,"frp":9.7},"2026-10-01":{"n":1,"frp":0.8},"2026-10-02":{"n":3,"frp":6.8}}}},{"type":"Feature","id":801,"geometry":{"type":"Polygon","coordinates":[[[149.5296,-9.6938],[149.5347,-9.7096],[149.5595,-9.7039],[149.5616,-9.6936],[149.5328,-9.6934],[149.5296,-9.6938]]]},"properties":{"fid":801,"n":14,"fre_gj":319.0,"fre_daily":{"2026-09-30":93.2,"2026-10-02":67.9,"2026-10-03":157.9},"overpasses":5,"frp_total":105.4,"frp_max":20.4,"frp_mean":7.53,"area_km2":4.62,"lat":-9.7009,"lon":149.5478,"first_seen":"2026-09-30","last_seen":"2026-10-03","duration_days":3,"status":"receding","trend":-1,"growth_ratio":0.0,"night_frac":0.0,"daily":{"2026-09-30":{"n":3,"frp":25.9},"2026-10-02":{"n":4,"frp":29.4},"2026-10-03":{"n":7,"frp":50.1}}}},{"type":"Feature","id":426,"geometry":{"type":"Polygon","coordinates":[[[128.9669,-23.1923],[128.9747,-23.1903],[128.9787,-23.1815],[128.9779,-23.1676],[128.9679,-23.1825],[128.9671,-23.19],[128.9669,-23.1923]]]},"properties":{"fid":426,"n":13,"fre_gj":318.7,"fre_daily":{"2026-09-28":318.7},"overpasses":3,"frp_total":96.3,"frp_max":12.1,"frp_mean":7.41,"area_km2":1.79,"lat":-23.1825,"lon":128.9736,"first_seen":"2026-09-28","last_seen":"2026-09-28","duration_days":1,"status":"historic","trend":-1,"growth_ratio":0.0,"night_frac":0.0,"daily":{"2026-09-28":{"n":13,"frp":96.3}}}},{"type":"Feature","id":42,"geometry":{"type":"Polygon","coordinates":[[[149.1205,-25.4431],[149.1259,-25.4431],[149.1298,-25.4395],[149.1311,-25.437],[149.1304,-25.4364],[149.1257,-25.4364],[149.1237,-25.4386],[149.1219,-25.4406],[149.1205,-25.4431]]]},"properties":{"fid":42,"n":19,"fre_gj":317.4,"fre_daily":{"2026-09-28":210.1,"2026-10-02":103.9,"2026-10-03":3.4},"overpasses":10,"frp_total":41.2,"frp_max":7.6,"frp_mean":2.17,"area_km2":0.47,"lat":-25.4394,"lon":149.1263,"first_seen":"2026-09-28","last_seen":"2026-10-03","duration_days":3,"status":"receding","trend":-1,"growth_ratio":0.0,"night_frac":0.58,"daily":{"2026-09-28":{"n":14,"frp":35.3},"2026-10-02":{"n":3,"frp":4.7},"2026-10-03":{"n":2,"frp":1.2}}}},{"type":"Feature","id":599,"geometry":{"type":"Polygon","coordinates":[[[142.5321,-34.7912],[142.5337,-34.7957],[142.5407,-34.7989],[142.5432,-34.7887],[142.5362,-34.7854],[142.5321,-34.7912]]]},"properties":{"fid":599,"n":7,"fre_gj":317.2,"fre_daily":{"2026-09-29":317.2},"overpasses":1,"frp_total":88.1,"frp_max":15.3,"frp_mean":12.59,"area_km2":0.95,"lat":-34.792,"lon":142.5375,"first_seen":"2026-09-29","last_seen":"2026-09-29","duration_days":1,"status":"historic","trend":-1,"growth_ratio":0.0,"night_frac":0.0,"daily":{"2026-09-29":{"n":7,"frp":88.1}}}},{"type":"Feature","id":520,"geometry":{"type":"Polygon","coordinates":[[[141.5183,-9.1324],[141.5342,-9.173],[141.5413,-9.1721],[141.5395,-9.1638],[141.5341,-9.1461],[141.5242,-9.134],[141.5194,-9.131],[141.5183,-9.1324]]]},"properties":{"fid":520,"n":19,"fre_gj":317.0,"fre_daily":{"2026-09-28":51.5,"2026-09-29":122.2,"2026-09-30":19.4,"2026-10-02":86.8,"2026-10-03":37.2},"overpasses":7,"frp_total":83.4,"frp_max":6.2,"frp_mean":4.39,"area_km2":4.21,"lat":-9.1498,"lon":141.53,"first_seen":"2026-09-28","last_seen":"2026-10-03","duration_days":5,"status":"receding","trend":-1,"growth_ratio":0.0,"night_frac":0.0,"daily":{"2026-09-28":{"n":4,"frp":14.3},"2026-09-29":{"n":7,"frp":29.3},"2026-09-30":{"n":1,"frp":5.4},"2026-10-02":{"n":5,"frp":24.1},"2026-10-03":{"n":2,"frp":10.3}}}},{"type":"Feature","id":912,"geometry":{"type":"Polygon","coordinates":[[[123.6935,-9.7201],[123.6987,-9.7436],[123.708,-9.7337],[123.7075,-9.7303],[123.6982,-9.7199],[123.6935,-9.7201]]]},"properties":{"fid":912,"n":15,"fre_gj":313.5,"fre_daily":{"2026-09-30":93.8,"2026-10-01":149.1,"2026-10-02":36.0,"2026-10-03":34.6},"overpasses":9,"frp_total":82.0,"frp_max":20.3,"frp_mean":5.47,"area_km2":2.2,"lat":-9.73,"lon":123.7022,"first_seen":"2026-09-30","last_seen":"2026-10-03","duration_days":4,"status":"receding","trend":-1,"growth_ratio":0.0,"night_frac":0.07,"daily":{"2026-09-30":{"n":5,"frp":39.1},"2026-10-01":{"n":6,"frp":20.9},"2026-10-02":{"n":1,"frp":10.0},"2026-10-03":{"n":3,"frp":12.0}}}},{"type":"Feature","id":1083,"geometry":{"type":"Polygon","coordinates":[[[147.07135,-9.12644],[147.07104,-9.12471],[147.07016,-9.12319],[147.0688,-9.12206],[147.06714,-9.12146],[147.06538,-9.12146],[147.06372,-9.12206],[147.06236,-9.12319],[147.06148,-9.12471],[147.06117,-9.12644],[147.06148,-9.12817],[147.06236,-9.12969],[147.06372,-9.13082],[147.06538,-9.13142],[147.06714,-9.13142],[147.0688,-9.13082],[147.07016,-9.12969],[147.07104,-9.12817],[147.07135,-9.12644]]]},"properties":{"fid":1083,"n":5,"fre_gj":313.4,"fre_daily":{"2026-10-01":8.3,"2026-10-02":305.2},"overpasses":3,"frp_total":40.3,"frp_max":12.8,"frp_mean":8.06,"area_km2":0.96,"lat":-9.1264,"lon":147.0663,"first_seen":"2026-10-01","last_seen":"2026-10-02","duration_days":2,"status":"historic","trend":-1,"growth_ratio":0.0,"night_frac":0.0,"daily":{"2026-10-01":{"n":1,"frp":4.6},"2026-10-02":{"n":4,"frp":35.7}}}},{"type":"Feature","id":412,"geometry":{"type":"Polygon","coordinates":[[[149.2412,-9.5555],[149.2421,-9.5575],[149.2449,-9.5577],[149.2536,-9.5565],[149.2513,-9.5445],[149.2412,-9.5555]]]},"properties":{"fid":412,"n":7,"fre_gj":312.6,"fre_daily":{"2026-09-28":13.0,"2026-09-30":5.8,"2026-10-03":270.8,"2026-10-04":23.1},"overpasses":5,"frp_total":24.1,"frp_max":6.4,"frp_mean":3.44,"area_km2":1.07,"lat":-9.5548,"lon":149.2465,"first_seen":"2026-09-28","last_seen":"2026-10-04","duration_days":4,"status":"active","trend":-1,"growth_ratio":0.5,"night_frac":0.29,"daily":{"2026-09-28":{"n":1,"frp":3.6},"2026-09-30":{"n":1,"frp":1.6},"2026-10-03":{"n":4,"frp":12.4},"2026-10-04":{"n":1,"frp":6.4}}}},{"type":"Feature","id":825,"geometry":{"type":"Polygon","coordinates":[[[144.5381,-14.7332],[144.5398,-14.7359],[144.54,-14.7362],[144.5437,-14.7365],[144.5451,-14.7287],[144.5446,-14.7284],[144.5404,-14.7293],[144.5388,-14.7304],[144.5381,-14.7332]]]},"properties":{"fid":825,"n":14,"fre_gj":311.7,"fre_daily":{"2026-09-30":303.8,"2026-10-01":7.9},"overpasses":5,"frp_total":118.8,"frp_max":17.1,"frp_mean":8.49,"area_km2":0.48,"lat":-14.733,"lon":144.5416,"first_seen":"2026-09-30","last_seen":"2026-10-01","duration_days":2,"status":"historic","trend":-1,"growth_ratio":0.0,"night_frac":0.21,"daily":{"2026-09-30":{"n":11,"frp":116.1},"2026-10-01":{"n":3,"frp":2.7}}}},{"type":"Feature","id":479,"geometry":{"type":"Polygon","coordinates":[[[147.53415,-9.269],[147.53388,-9.26745],[147.53309,-9.26609],[147.53188,-9.26508],[147.53039,-9.26455],[147.52881,-9.26455],[147.52732,-9.26508],[147.52611,-9.26609],[147.52532,-9.26745],[147.52505,-9.269],[147.52532,-9.27055],[147.52611,-9.27191],[147.52732,-9.27292],[147.52881,-9.27345],[147.53039,-9.27345],[147.53188,-9.27292],[147.53309,-9.27191],[147.53388,-9.27055],[147.53415,-9.269]]]},"properties":{"fid":479,"n":4,"fre_gj":310.9,"fre_daily":{"2026-09-28":297.3,"2026-09-29":13.7},"overpasses":3,"frp_total":12.9,"frp_max":7.6,"frp_mean":3.22,"area_km2":0.77,"lat":-9.269,"lon":147.5296,"first_seen":"2026-09-28","last_seen":"2026-09-29","duration_days":2,"status":"historic","trend":-1,"growth_ratio":0.0,"night_frac":0.5,"daily":{"2026-09-28":{"n":3,"frp":5.3},"2026-09-29":{"n":1,"frp":7.6}}}},{"type":"Feature","id":566,"geometry":{"type":"Polygon","coordinates":[[[147.6804,-32.8191],[147.6809,-32.8207],[147.6903,-32.8315],[147.6903,-32.8311],[147.6852,-32.8204],[147.683,-32.8187],[147.6804,-32.8191]]]},"properties":{"fid":566,"n":7,"fre_gj":305.1,"fre_daily":{"2026-09-29":305.1},"overpasses":4,"frp_total":43.6,"frp_max":15.8,"frp_mean":6.23,"area_km2":0.33,"lat":-32.823,"lon":147.6846,"first_seen":"2026-09-29","last_seen":"2026-09-29","duration_days":1,"status":"historic","trend":-1,"growth_ratio":0.0,"night_frac":0.14,"daily":{"2026-09-29":{"n":7,"frp":43.6}}}},{"type":"Feature","id":556,"geometry":{"type":"Polygon","coordinates":[[[128.2793,-17.1122],[128.27902,-17.11065],[128.2782,-17.10929],[128.27695,-17.10828],[128.27542,-17.10775],[128.27378,-17.10775],[128.27225,-17.10828],[128.271,-17.10929],[128.27018,-17.11065],[128.2699,-17.1122],[128.27018,-17.11375],[128.271,-17.11511],[128.27225,-17.11612],[128.27378,-17.11665],[128.27542,-17.11665],[128.27695,-17.11612],[128.2782,-17.11511],[128.27902,-17.11375],[128.2793,-17.1122]]]},"properties":{"fid":556,"n":4,"fre_gj":304.5,"fre_daily":{"2026-09-28":16.6,"2026-09-29":287.9},"overpasses":3,"frp_total":53.9,"frp_max":20.4,"frp_mean":13.47,"area_km2":0.77,"lat":-17.1122,"lon":128.2746,"first_seen":"2026-09-28","last_seen":"2026-09-29","duration_days":2,"status":"historic","trend":-1,"growth_ratio":0.0,"night_frac":0.0,"daily":{"2026-09-28":{"n":1,"frp":9.2},"2026-09-29":{"n":3,"frp":44.7}}}},{"type":"Feature","id":32,"geometry":{"type":"Polygon","coordinates":[[[147.9922,-29.1616],[147.9926,-29.1629],[147.996,-29.165],[147.999,-29.1616],[147.9983,-29.1583],[147.9938,-29.1604],[147.9922,-29.1616]]]},"properties":{"fid":32,"n":14,"fre_gj":303.9,"fre_daily":{"2026-09-28":86.5,"2026-09-29":180.0,"2026-10-02":37.4},"overpasses":12,"frp_total":74.4,"frp_max":14.5,"frp_mean":5.31,"area_km2":0.28,"lat":-29.1618,"lon":147.9954,"first_seen":"2026-09-28","last_seen":"2026-10-02","duration_days":3,"status":"historic","trend":-1,"growth_ratio":0.0,"night_frac":0.29,"daily":{"2026-09-28":{"n":4,"frp":38.0},"2026-09-29":{"n":7,"frp":24.5},"2026-10-02":{"n":3,"frp":11.9}}}},{"type":"Feature","id":543,"geometry":{"type":"Polygon","coordinates":[[[129.9275,-16.59928],[129.92718,-16.59755],[129.92627,-16.59603],[129.92488,-16.5949],[129.92317,-16.5943],[129.92135,-16.5943],[129.91964,-16.5949],[129.91825,-16.59603],[129.91734,-16.59755],[129.91702,-16.59928],[129.91734,-16.60101],[129.91825,-16.60253],[129.91964,-16.60366],[129.92135,-16.60426],[129.92317,-16.60426],[129.92488,-16.60366],[129.92627,-16.60253],[129.92718,-16.60101],[129.9275,-16.59928]]]},"properties":{"fid":543,"n":5,"fre_gj":299.9,"fre_daily":{"2026-09-28":278.6,"2026-09-29":21.3},"overpasses":3,"frp_total":16.1,"frp_max":5.6,"frp_mean":3.22,"area_km2":0.96,"lat":-16.5993,"lon":129.9223,"first_seen":"2026-09-28","last_seen":"2026-09-29","duration_days":2,"status":"historic","trend":-1,"growth_ratio":0.0,"night_frac":0.4,"daily":{"2026-09-28":{"n":2,"frp":1.7},"2026-09-29":{"n":3,"frp":14.4}}}},{"type":"Feature","id":729,"geometry":{"type":"Polygon","coordinates":[[[141.055,-9.0063],[141.0679,-9.0099],[141.0755,-9.0104],[141.0773,-9.0085],[141.0761,-9.0042],[141.0749,-9.0031],[141.055,-9.0063]]]},"properties":{"fid":729,"n":13,"fre_gj":297.4,"fre_daily":{"2026-09-29":212.3,"2026-09-30":9.7,"2026-10-01":62.4,"2026-10-02":13.0},"overpasses":7,"frp_total":75.8,"frp_max":13.9,"frp_mean":5.83,"area_km2":1.13,"lat":-9.0075,"lon":141.0726,"first_seen":"2026-09-29","last_seen":"2026-10-02","duration_days":4,"status":"historic","trend":-1,"growth_ratio":0.0,"night_frac":0.0,"daily":{"2026-09-29":{"n":7,"frp":49.3},"2026-09-30":{"n":1,"frp":2.7},"2026-10-01":{"n":4,"frp":20.2},"2026-10-02":{"n":1,"frp":3.6}}}},{"type":"Feature","id":767,"geometry":{"type":"Polygon","coordinates":[[[134.7698,-17.3819],[134.7707,-17.3836],[134.7824,-17.3935],[134.7743,-17.381],[134.7698,-17.3819]]]},"properties":{"fid":767,"n":5,"fre_gj":295.9,"fre_daily":{"2026-09-29":295.9},"overpasses":1,"frp_total":82.2,"frp_max":23.6,"frp_mean":16.44,"area_km2":0.44,"lat":-17.3845,"lon":134.7745,"first_seen":"2026-09-29","last_seen":"2026-09-29","duration_days":1,"status":"historic","trend":-1,"growth_ratio":0.0,"night_frac":0.0,"daily":{"2026-09-29":{"n":5,"frp":82.2}}}},{"type":"Feature","id":148,"geometry":{"type":"Polygon","coordinates":[[[147.1568,-9.2751],[147.1645,-9.2849],[147.1656,-9.2754],[147.1629,-9.2735],[147.1588,-9.2725],[147.1568,-9.2751]]]},"properties":{"fid":148,"n":15,"fre_gj":295.4,"fre_daily":{"2026-09-28":76.3,"2026-09-29":62.2,"2026-09-30":27.0,"2026-10-01":129.9},"overpasses":11,"frp_total":77.5,"frp_max":11.4,"frp_mean":5.17,"area_km2":0.68,"lat":-9.2765,"lon":147.1613,"first_seen":"2026-09-28","last_seen":"2026-10-01","duration_days":4,"status":"historic","trend":-1,"growth_ratio":0.0,"night_frac":0.07,"daily":{"2026-09-28":{"n":4,"frp":26.5},"2026-09-29":{"n":4,"frp":26.6},"2026-09-30":{"n":3,"frp":11.7},"2026-10-01":{"n":4,"frp":12.7}}}},{"type":"Feature","id":884,"geometry":{"type":"Polygon","coordinates":[[[127.8996,-18.4818],[127.901,-18.4862],[127.9078,-18.4759],[127.9076,-18.4753],[127.902,-18.4779],[127.8996,-18.4818]]]},"properties":{"fid":884,"n":8,"fre_gj":289.0,"fre_daily":{"2026-09-30":222.9,"2026-10-01":66.1},"overpasses":6,"frp_total":45.4,"frp_max":14.0,"frp_mean":5.67,"area_km2":0.39,"lat":-18.4795,"lon":127.9035,"first_seen":"2026-09-30","last_seen":"2026-10-01","duration_days":2,"status":"historic","trend":-1,"growth_ratio":0.0,"night_frac":0.62,"daily":{"2026-09-30":{"n":6,"frp":17.5},"2026-10-01":{"n":2,"frp":27.9}}}},{"type":"Feature","id":1179,"geometry":{"type":"Polygon","coordinates":[[[129.8656,-20.5951],[129.8911,-20.6037],[129.8956,-20.6032],[129.8847,-20.591],[129.8802,-20.5915],[129.8656,-20.5951]]]},"properties":{"fid":1179,"n":9,"fre_gj":288.7,"fre_daily":{"2026-10-02":24.8,"2026-10-03":263.9},"overpasses":3,"frp_total":90.7,"frp_max":17.8,"frp_mean":10.07,"area_km2":1.95,"lat":-20.5966,"lon":129.8801,"first_seen":"2026-10-02","last_seen":"2026-10-03","duration_days":2,"status":"receding","trend":-1,"growth_ratio":0.0,"night_frac":0.11,"daily":{"2026-10-02":{"n":1,"frp":6.9},"2026-10-03":{"n":8,"frp":83.8}}}},{"type":"Feature","id":1156,"geometry":{"type":"Polygon","coordinates":[[[128.7332,-15.6617],[128.7395,-15.6656],[128.745,-15.6599],[128.7393,-15.6522],[128.7332,-15.6617]]]},"properties":{"fid":1156,"n":11,"fre_gj":287.4,"fre_daily":{"2026-10-02":287.4},"overpasses":4,"frp_total":39.5,"frp_max":15.1,"frp_mean":3.59,"area_km2":0.94,"lat":-15.6597,"lon":128.7393,"first_seen":"2026-10-02","last_seen":"2026-10-02","duration_days":1,"status":"historic","trend":-1,"growth_ratio":0.0,"night_frac":1.0,"daily":{"2026-10-02":{"n":11,"frp":39.5}}}},{"type":"Feature","id":8,"geometry":{"type":"Polygon","coordinates":[[[145.39241,-40.85089],[145.39171,-40.8479],[145.38972,-40.84526],[145.38666,-40.84331],[145.3829,-40.84227],[145.37891,-40.84227],[145.37516,-40.84331],[145.3721,-40.84526],[145.3701,-40.8479],[145.36941,-40.85089],[145.3701,-40.85389],[145.3721,-40.85652],[145.37516,-40.85848],[145.37891,-40.85952],[145.3829,-40.85952],[145.38666,-40.85848],[145.38972,-40.85652],[145.39171,-40.85389],[145.39241,-40.85089]]]},"properties":{"fid":8,"n":15,"fre_gj":286.4,"fre_daily":{"2026-09-28":124.9,"2026-10-02":20.3,"2026-10-03":141.1},"overpasses":12,"frp_total":33.3,"frp_max":3.8,"frp_mean":2.22,"area_km2":2.89,"lat":-40.8509,"lon":145.3809,"first_seen":"2026-09-28","last_seen":"2026-10-03","duration_days":3,"status":"receding","trend":-1,"growth_ratio":0.0,"night_frac":0.8,"daily":{"2026-09-28":{"n":5,"frp":13.1},"2026-10-02":{"n":5,"frp":7.4},"2026-10-03":{"n":5,"frp":12.8}}}},{"type":"Feature","id":682,"geometry":{"type":"Polygon","coordinates":[[[134.2846,-15.5751],[134.2853,-15.5823],[134.2928,-15.5806],[134.2968,-15.5749],[134.2881,-15.5706],[134.2846,-15.5751]]]},"properties":{"fid":682,"n":8,"fre_gj":285.1,"fre_daily":{"2026-09-29":285.1},"overpasses":4,"frp_total":40.9,"frp_max":17.3,"frp_mean":5.11,"area_km2":1.06,"lat":-15.5765,"lon":134.2903,"first_seen":"2026-09-29","last_seen":"2026-09-29","duration_days":1,"status":"historic","trend":-1,"growth_ratio":0.0,"night_frac":0.5,"daily":{"2026-09-29":{"n":8,"frp":40.9}}}},{"type":"Feature","id":1167,"geometry":{"type":"Polygon","coordinates":[[[132.8911,-11.5473],[132.897,-11.5502],[132.9036,-11.5527],[132.9085,-11.5519],[132.9072,-11.5484],[132.9002,-11.5463],[132.8956,-11.5465],[132.8911,-11.5473]]]},"properties":{"fid":1167,"n":12,"fre_gj":284.6,"fre_daily":{"2026-10-02":180.0,"2026-10-03":104.6},"overpasses":5,"frp_total":88.8,"frp_max":19.7,"frp_mean":7.4,"area_km2":0.75,"lat":-11.549,"lon":132.901,"first_seen":"2026-10-02","last_seen":"2026-10-03","duration_days":2,"status":"receding","trend":-1,"growth_ratio":0.0,"night_frac":0.0,"daily":{"2026-10-02":{"n":5,"frp":54.9},"2026-10-03":{"n":7,"frp":33.9}}}},{"type":"Feature","id":284,"geometry":{"type":"Polygon","coordinates":[[[123.9262,-9.9442],[123.9273,-9.9509],[123.9281,-9.9533],[123.9308,-9.9537],[123.9298,-9.9436],[123.9262,-9.9442]]]},"properties":{"fid":284,"n":5,"fre_gj":284.1,"fre_daily":{"2026-09-28":284.1},"overpasses":3,"frp_total":13.1,"frp_max":6.0,"frp_mean":2.62,"area_km2":0.38,"lat":-9.9491,"lon":123.9284,"first_seen":"2026-09-28","last_seen":"2026-09-28","duration_days":1,"status":"historic","trend":-1,"growth_ratio":0.0,"night_frac":0.4,"daily":{"2026-09-28":{"n":5,"frp":13.1}}}},{"type":"Feature","id":705,"geometry":{"type":"Polygon","coordinates":[[[146.7084,-19.4273],[146.7146,-19.434],[146.7194,-19.4331],[146.722,-19.4211],[146.7212,-19.4173],[146.7165,-19.4182],[146.7084,-19.4273]]]},"properties":{"fid":705,"n":9,"fre_gj":282.6,"fre_daily":{"2026-09-29":282.6},"overpasses":1,"frp_total":78.5,"frp_max":18.4,"frp_mean":8.72,"area_km2":1.61,"lat":-19.4254,"lon":146.7168,"first_seen":"2026-09-29","last_seen":"2026-09-29","duration_days":1,"status":"historic","trend":-1,"growth_ratio":0.0,"night_frac":0.0,"daily":{"2026-09-29":{"n":9,"frp":78.5}}}},{"type":"Feature","id":299,"geometry":{"type":"Polygon","coordinates":[[[124.1937,-9.4727],[124.1955,-9.4826],[124.206,-9.4931],[124.2102,-9.4948],[124.2128,-9.4944],[124.2132,-9.4922],[124.1937,-9.4727]]]},"properties":{"fid":299,"n":10,"fre_gj":282.4,"fre_daily":{"2026-09-28":25.9,"2026-09-29":184.0,"2026-10-02":64.8,"2026-10-03":7.6},"overpasses":7,"frp_total":40.1,"frp_max":9.0,"frp_mean":4.01,"area_km2":1.61,"lat":-9.489,"lon":124.2061,"first_seen":"2026-09-28","last_seen":"2026-10-03","duration_days":4,"status":"receding","trend":-1,"growth_ratio":0.0,"night_frac":0.2,"daily":{"2026-09-28":{"n":2,"frp":9.2},"2026-09-29":{"n":5,"frp":10.8},"2026-10-02":{"n":2,"frp":18.0},"2026-10-03":{"n":1,"frp":2.1}}}},{"type":"Feature","id":575,"geometry":{"type":"Polygon","coordinates":[[[146.5089,-30.8814],[146.5102,-30.8838],[146.5169,-30.8841],[146.518,-30.883],[146.5174,-30.879],[146.5165,-30.8783],[146.512,-30.8783],[146.5089,-30.8802],[146.5089,-30.8814]]]},"properties":{"fid":575,"n":17,"fre_gj":281.3,"fre_daily":{"2026-09-29":281.3},"overpasses":7,"frp_total":56.1,"frp_max":8.7,"frp_mean":3.3,"area_km2":0.47,"lat":-30.8811,"lon":146.5137,"first_seen":"2026-09-29","last_seen":"2026-09-29","duration_days":1,"status":"historic","trend":-1,"growth_ratio":0.0,"night_frac":0.47,"daily":{"2026-09-29":{"n":17,"frp":56.1}}}},{"type":"Feature","id":882,"geometry":{"type":"Polygon","coordinates":[[[126.7423,-20.2287],[126.7532,-20.2341],[126.7692,-20.2239],[126.771,-20.2173],[126.7702,-20.2152],[126.7666,-20.2133],[126.7423,-20.2287]]]},"properties":{"fid":882,"n":17,"fre_gj":277.7,"fre_daily":{"2026-09-30":277.7},"overpasses":2,"frp_total":80.5,"frp_max":9.4,"frp_mean":4.74,"area_km2":3.1,"lat":-20.2228,"lon":126.7622,"first_seen":"2026-09-30","last_seen":"2026-09-30","duration_days":1,"status":"historic","trend":-1,"growth_ratio":0.0,"night_frac":1.0,"daily":{"2026-09-30":{"n":17,"frp":80.5}}}},{"type":"Feature","id":1008,"geometry":{"type":"Polygon","coordinates":[[[147.4159,-9.5558],[147.4176,-9.5575],[147.4286,-9.5557],[147.4334,-9.5549],[147.4316,-9.5538],[147.4289,-9.5537],[147.4194,-9.5552],[147.4159,-9.5558]]]},"properties":{"fid":1008,"n":8,"fre_gj":277.7,"fre_daily":{"2026-10-01":14.2,"2026-10-02":228.6,"2026-10-03":34.9},"overpasses":5,"frp_total":21.9,"frp_max":5.1,"frp_mean":2.74,"area_km2":0.36,"lat":-9.5553,"lon":147.4242,"first_seen":"2026-10-01","last_seen":"2026-10-03","duration_days":3,"status":"receding","trend":-1,"growth_ratio":0.0,"night_frac":0.5,"daily":{"2026-10-01":{"n":3,"frp":4.5},"2026-10-02":{"n":1,"frp":0.7},"2026-10-03":{"n":4,"frp":16.8}}}},{"type":"Feature","id":853,"geometry":{"type":"Polygon","coordinates":[[[153.53543,-28.75811],[153.53503,-28.75607],[153.53385,-28.75427],[153.53205,-28.75293],[153.52983,-28.75222],[153.52748,-28.75222],[153.52527,-28.75293],[153.52347,-28.75427],[153.52229,-28.75607],[153.52188,-28.75811],[153.52229,-28.76016],[153.52347,-28.76196],[153.52527,-28.76329],[153.52748,-28.76401],[153.52983,-28.76401],[153.53205,-28.76329],[153.53385,-28.76196],[153.53503,-28.76016],[153.53543,-28.75811]]]},"properties":{"fid":853,"n":7,"fre_gj":274.8,"fre_daily":{"2026-09-30":171.0,"2026-10-01":103.8},"overpasses":6,"frp_total":13.6,"frp_max":4.3,"frp_mean":1.94,"area_km2":1.35,"lat":-28.7581,"lon":153.5287,"first_seen":"2026-09-30","last_seen":"2026-10-01","duration_days":2,"status":"historic","trend":-1,"growth_ratio":0.0,"night_frac":0.57,"daily":{"2026-09-30":{"n":5,"frp":8.9},"2026-10-01":{"n":2,"frp":4.7}}}},{"type":"Feature","id":606,"geometry":{"type":"Polygon","coordinates":[[[129.31702,-23.25496],[129.31663,-23.25291],[129.31551,-23.25111],[129.31379,-23.24978],[129.31168,-23.24907],[129.30943,-23.24907],[129.30732,-23.24978],[129.3056,-23.25111],[129.30448,-23.25291],[129.30409,-23.25496],[129.30448,-23.257],[129.3056,-23.2588],[129.30732,-23.26014],[129.30943,-23.26085],[129.31168,-23.26085],[129.31379,-23.26014],[129.31551,-23.2588],[129.31663,-23.257],[129.31702,-23.25496]]]},"properties":{"fid":606,"n":7,"fre_gj":273.7,"fre_daily":{"2026-09-29":273.7},"overpasses":3,"frp_total":87.6,"frp_max":26.6,"frp_mean":12.51,"area_km2":1.35,"lat":-23.255,"lon":129.3106,"first_seen":"2026-09-29","last_seen":"2026-09-29","duration_days":1,"status":"historic","trend":-1,"growth_ratio":0.0,"night_frac":0.0,"daily":{"2026-09-29":{"n":7,"frp":87.6}}}},{"type":"Feature","id":949,"geometry":{"type":"Polygon","coordinates":[[[152.2052,-27.7503],[152.2075,-27.7554],[152.2128,-27.751],[152.2119,-27.7494],[152.21,-27.7492],[152.2097,-27.7492],[152.2067,-27.7499],[152.2052,-27.7503]]]},"properties":{"fid":949,"n":9,"fre_gj":273.7,"fre_daily":{"2026-10-01":273.7},"overpasses":4,"frp_total":115.1,"frp_max":33.1,"frp_mean":12.79,"area_km2":0.28,"lat":-27.7509,"lon":152.209,"first_seen":"2026-10-01","last_seen":"2026-10-01","duration_days":1,"status":"historic","trend":-1,"growth_ratio":0.0,"night_frac":0.0,"daily":{"2026-10-01":{"n":9,"frp":115.1}}}},{"type":"Feature","id":732,"geometry":{"type":"Polygon","coordinates":[[[122.6331,-16.9785],[122.6355,-16.9841],[122.6395,-16.9889],[122.6453,-16.9911],[122.6436,-16.9827],[122.6346,-16.976],[122.6331,-16.9785]]]},"properties":{"fid":732,"n":15,"fre_gj":273.6,"fre_daily":{"2026-09-29":231.5,"2026-09-30":42.1},"overpasses":5,"frp_total":117.7,"frp_max":12.0,"frp_mean":7.85,"area_km2":1.0,"lat":-16.9835,"lon":122.6391,"first_seen":"2026-09-29","last_seen":"2026-09-30","duration_days":2,"status":"historic","trend":-1,"growth_ratio":0.0,"night_frac":0.0,"daily":{"2026-09-29":{"n":11,"frp":100.2},"2026-09-30":{"n":4,"frp":17.5}}}},{"type":"Feature","id":741,"geometry":{"type":"Polygon","coordinates":[[[124.8805,-9.0301],[124.8816,-9.0322],[124.8911,-9.0382],[124.8928,-9.0344],[124.8937,-9.0306],[124.8805,-9.0301]]]},"properties":{"fid":741,"n":7,"fre_gj":271.4,"fre_daily":{"2026-09-29":89.4,"2026-09-30":77.3,"2026-10-01":104.8},"overpasses":5,"frp_total":100.0,"frp_max":29.1,"frp_mean":14.29,"area_km2":0.72,"lat":-9.0336,"lon":124.8886,"first_seen":"2026-09-29","last_seen":"2026-10-01","duration_days":3,"status":"historic","trend":-1,"growth_ratio":0.0,"night_frac":0.0,"daily":{"2026-09-29":{"n":3,"frp":38.7},"2026-09-30":{"n":3,"frp":32.2},"2026-10-01":{"n":1,"frp":29.1}}}},{"type":"Feature","id":115,"geometry":{"type":"Polygon","coordinates":[[[148.57553,-9.70949],[148.57516,-9.70744],[148.57412,-9.70564],[148.57251,-9.70431],[148.57055,-9.70359],[148.56845,-9.70359],[148.56649,-9.70431],[148.56488,-9.70564],[148.56384,-9.70744],[148.56347,-9.70949],[148.56384,-9.71153],[148.56488,-9.71333],[148.56649,-9.71467],[148.56845,-9.71538],[148.57055,-9.71538],[148.57251,-9.71467],[148.57412,-9.71333],[148.57516,-9.71153],[148.57553,-9.70949]]]},"properties":{"fid":115,"n":7,"fre_gj":269.9,"fre_daily":{"2026-09-28":269.9},"overpasses":4,"frp_total":14.4,"frp_max":3.2,"frp_mean":2.06,"area_km2":1.35,"lat":-9.7095,"lon":148.5695,"first_seen":"2026-09-28","last_seen":"2026-09-28","duration_days":1,"status":"historic","trend":-1,"growth_ratio":0.0,"night_frac":0.57,"daily":{"2026-09-28":{"n":7,"frp":14.4}}}},{"type":"Feature","id":188,"geometry":{"type":"Polygon","coordinates":[[[146.76391,-41.15696],[146.76351,-41.15523],[146.76235,-41.15371],[146.76057,-41.15258],[146.7584,-41.15198],[146.75608,-41.15198],[146.75391,-41.15258],[146.75213,-41.15371],[146.75097,-41.15523],[146.75057,-41.15696],[146.75097,-41.15869],[146.75213,-41.16021],[146.75391,-41.16134],[146.75608,-41.16194],[146.7584,-41.16194],[146.76057,-41.16134],[146.76235,-41.16021],[146.76351,-41.15869],[146.76391,-41.15696]]]},"properties":{"fid":188,"n":5,"fre_gj":268.2,"fre_daily":{"2026-09-28":268.2},"overpasses":3,"frp_total":89.3,"frp_max":33.1,"frp_mean":17.86,"area_km2":0.96,"lat":-41.157,"lon":146.7572,"first_seen":"2026-09-28","last_seen":"2026-09-28","duration_days":1,"status":"historic","trend":-1,"growth_ratio":0.0,"night_frac":0.0,"daily":{"2026-09-28":{"n":5,"frp":89.3}}}},{"type":"Feature","id":836,"geometry":{"type":"Polygon","coordinates":[[[130.6485,-11.4182],[130.6544,-11.4169],[130.6569,-11.4133],[130.6532,-11.4119],[130.6493,-11.4163],[130.6485,-11.4182]]]},"properties":{"fid":836,"n":10,"fre_gj":268.2,"fre_daily":{"2026-09-30":31.2,"2026-10-01":21.0,"2026-10-02":11.2,"2026-10-03":204.8},"overpasses":6,"frp_total":77.9,"frp_max":15.5,"frp_mean":7.79,"area_km2":0.31,"lat":-11.415,"lon":130.6532,"first_seen":"2026-09-30","last_seen":"2026-10-03","duration_days":4,"status":"receding","trend":-1,"growth_ratio":0.0,"night_frac":0.0,"daily":{"2026-09-30":{"n":2,"frp":10.6},"2026-10-01":{"n":2,"frp":7.3},"2026-10-02":{"n":1,"frp":3.1},"2026-10-03":{"n":5,"frp":56.9}}}},{"type":"Feature","id":409,"geometry":{"type":"Polygon","coordinates":[[[116.986,-31.4605],[116.9883,-31.4675],[116.9911,-31.4698],[116.9935,-31.4693],[116.9996,-31.4662],[116.9947,-31.4616],[116.9866,-31.4585],[116.986,-31.4605]]]},"properties":{"fid":409,"n":11,"fre_gj":267.5,"fre_daily":{"2026-09-28":260.9,"2026-10-02":6.6},"overpasses":6,"frp_total":40.1,"frp_max":19.1,"frp_mean":3.65,"area_km2":0.89,"lat":-31.4653,"lon":116.9916,"first_seen":"2026-09-28","last_seen":"2026-10-02","duration_days":2,"status":"historic","trend":-1,"growth_ratio":0.0,"night_frac":1.0,"daily":{"2026-09-28":{"n":9,"frp":38.2},"2026-10-02":{"n":2,"frp":1.9}}}},{"type":"Feature","id":323,"geometry":{"type":"Polygon","coordinates":[[[149.09,-25.4094],[149.0943,-25.4123],[149.0961,-25.4116],[149.0986,-25.4084],[149.0988,-25.4053],[149.0977,-25.4024],[149.0943,-25.4051],[149.09,-25.4094]]]},"properties":{"fid":323,"n":16,"fre_gj":266.9,"fre_daily":{"2026-09-28":80.5,"2026-09-30":6.1,"2026-10-01":180.3},"overpasses":11,"frp_total":75.6,"frp_max":21.0,"frp_mean":4.72,"area_km2":0.52,"lat":-25.4066,"lon":149.0962,"first_seen":"2026-09-28","last_seen":"2026-10-01","duration_days":3,"status":"historic","trend":-1,"growth_ratio":0.0,"night_frac":0.5,"daily":{"2026-09-28":{"n":7,"frp":13.8},"2026-09-30":{"n":4,"frp":2.6},"2026-10-01":{"n":5,"frp":59.2}}}},{"type":"Feature","id":679,"geometry":{"type":"Polygon","coordinates":[[[135.2373,-17.3193],[135.2403,-17.327],[135.2707,-17.3479],[135.2725,-17.3391],[135.2629,-17.3066],[135.2587,-17.3021],[135.2473,-17.3072],[135.2373,-17.3193]]]},"properties":{"fid":679,"n":36,"fre_gj":266.5,"fre_daily":{"2026-09-29":188.4,"2026-09-30":2.9,"2026-10-02":75.2},"overpasses":6,"frp_total":113.5,"frp_max":20.9,"frp_mean":3.15,"area_km2":10.14,"lat":-17.3195,"lon":135.2502,"first_seen":"2026-09-29","last_seen":"2026-10-02","duration_days":3,"status":"historic","trend":-1,"growth_ratio":0.0,"night_frac":0.97,"daily":{"2026-09-29":{"n":34,"frp":91.8},"2026-09-30":{"n":1,"frp":0.8},"2026-10-02":{"n":1,"frp":20.9}}}},{"type":"Feature","id":800,"geometry":{"type":"Polygon","coordinates":[[[151.28614,-23.89164],[151.28575,-23.8896],[151.28462,-23.8878],[151.28289,-23.88646],[151.28077,-23.88575],[151.27851,-23.88575],[151.27639,-23.88646],[151.27466,-23.8878],[151.27354,-23.8896],[151.27314,-23.89164],[151.27354,-23.89369],[151.27466,-23.89549],[151.27639,-23.89682],[151.27851,-23.89753],[151.28077,-23.89753],[151.28289,-23.89682],[151.28462,-23.89549],[151.28575,-23.89369],[151.28614,-23.89164]]]},"properties":{"fid":800,"n":7,"fre_gj":266.2,"fre_daily":{"2026-09-30":266.2},"overpasses":3,"frp_total":139.7,"frp_max":25.5,"frp_mean":19.96,"area_km2":1.35,"lat":-23.8916,"lon":151.2796,"first_seen":"2026-09-30","last_seen":"2026-09-30","duration_days":1,"status":"historic","trend":-1,"growth_ratio":0.0,"night_frac":0.0,"daily":{"2026-09-30":{"n":7,"frp":139.7}}}},{"type":"Feature","id":413,"geometry":{"type":"Polygon","coordinates":[[[150.87838,-9.31877],[150.87814,-9.31743],[150.87745,-9.31625],[150.8764,-9.31538],[150.87512,-9.31491],[150.87375,-9.31491],[150.87246,-9.31538],[150.87141,-9.31625],[150.87073,-9.31743],[150.87049,-9.31877],[150.87073,-9.32011],[150.87141,-9.32128],[150.87246,-9.32216],[150.87375,-9.32262],[150.87512,-9.32262],[150.8764,-9.32216],[150.87745,-9.32128],[150.87814,-9.32011],[150.87838,-9.31877]]]},"properties":{"fid":413,"n":3,"fre_gj":265.6,"fre_daily":{"2026-09-28":265.6},"overpasses":2,"frp_total":39.0,"frp_max":13.4,"frp_mean":13.0,"area_km2":0.58,"lat":-9.3188,"lon":150.8744,"first_seen":"2026-09-28","last_seen":"2026-09-28","duration_days":1,"status":"historic","trend":-1,"growth_ratio":0.0,"night_frac":0.0,"daily":{"2026-09-28":{"n":3,"frp":39.0}}}},{"type":"Feature","id":880,"geometry":{"type":"Polygon","coordinates":[[[141.923,-20.7255],[141.9278,-20.7437],[141.9352,-20.7376],[141.935,-20.7255],[141.9337,-20.7235],[141.9309,-20.7209],[141.9289,-20.7207],[141.923,-20.7255]]]},"properties":{"fid":880,"n":24,"fre_gj":264.2,"fre_daily":{"2026-09-30":220.6,"2026-10-02":43.7},"overpasses":6,"frp_total":54.0,"frp_max":10.8,"frp_mean":2.25,"area_km2":2.17,"lat":-20.7308,"lon":141.9294,"first_seen":"2026-09-30","last_seen":"2026-10-02","duration_days":2,"status":"historic","trend":-1,"growth_ratio":0.0,"night_frac":0.92,"daily":{"2026-09-30":{"n":22,"frp":35.1},"2026-10-02":{"n":2,"frp":18.9}}}},{"type":"Feature","id":1089,"geometry":{"type":"Polygon","coordinates":[[[152.0669,-28.1863],[152.0746,-28.1848],[152.0738,-28.1807],[152.0729,-28.1767],[152.069,-28.1775],[152.0669,-28.1863]]]},"properties":{"fid":1089,"n":7,"fre_gj":263.5,"fre_daily":{"2026-10-02":263.5},"overpasses":1,"frp_total":73.2,"frp_max":18.0,"frp_mean":10.46,"area_km2":0.53,"lat":-28.1819,"lon":152.0711,"first_seen":"2026-10-02","last_seen":"2026-10-02","duration_days":1,"status":"historic","trend":-1,"growth_ratio":0.0,"night_frac":0.0,"daily":{"2026-10-02":{"n":7,"frp":73.2}}}},{"type":"Feature","id":600,"geometry":{"type":"Polygon","coordinates":[[[146.5719,-33.2236],[146.5741,-33.2293],[146.579,-33.228],[146.5782,-33.2246],[146.5719,-33.2236]]]},"properties":{"fid":600,"n":4,"fre_gj":263.2,"fre_daily":{"2026-09-29":263.2},"overpasses":2,"frp_total":71.9,"frp_max":21.7,"frp_mean":17.97,"area_km2":0.26,"lat":-33.2264,"lon":146.5758,"first_seen":"2026-09-29","last_seen":"2026-09-29","duration_days":1,"status":"historic","trend":-1,"growth_ratio":0.0,"night_frac":0.0,"daily":{"2026-09-29":{"n":4,"frp":71.9}}}},{"type":"Feature","id":1196,"geometry":{"type":"Polygon","coordinates":[[[134.89238,-12.07997],[134.89204,-12.07807],[134.89106,-12.07641],[134.88956,-12.07517],[134.88773,-12.07451],[134.88577,-12.07451],[134.88394,-12.07517],[134.88244,-12.07641],[134.88146,-12.07807],[134.88112,-12.07997],[134.88146,-12.08186],[134.88244,-12.08353],[134.88394,-12.08476],[134.88577,-12.08542],[134.88773,-12.08542],[134.88956,-12.08476],[134.89106,-12.08353],[134.89204,-12.08186],[134.89238,-12.07997]]]},"properties":{"fid":1196,"n":6,"fre_gj":262.3,"fre_daily":{"2026-10-03":262.3},"overpasses":2,"frp_total":76.0,"frp_max":20.9,"frp_mean":12.67,"area_km2":1.15,"lat":-12.08,"lon":134.8868,"first_seen":"2026-10-03","last_seen":"2026-10-03","duration_days":1,"status":"receding","trend":-1,"growth_ratio":0.0,"night_frac":0.0,"daily":{"2026-10-03":{"n":6,"frp":76.0}}}},{"type":"Feature","id":1272,"geometry":{"type":"Polygon","coordinates":[[[141.69193,-15.04263],[141.69168,-15.04129],[141.69099,-15.04012],[141.68991,-15.03924],[141.6886,-15.03878],[141.6872,-15.03878],[141.68589,-15.03924],[141.68481,-15.04012],[141.68412,-15.04129],[141.68387,-15.04263],[141.68412,-15.04397],[141.68481,-15.04515],[141.68589,-15.04602],[141.6872,-15.04649],[141.6886,-15.04649],[141.68991,-15.04602],[141.69099,-15.04515],[141.69168,-15.04397],[141.69193,-15.04263]]]},"properties":{"fid":1272,"n":3,"fre_gj":262.0,"fre_daily":{"2026-10-04":262.0},"overpasses":1,"frp_total":72.8,"frp_max":35.4,"frp_mean":24.26,"area_km2":0.58,"lat":-15.0426,"lon":141.6879,"first_seen":"2026-10-04","last_seen":"2026-10-04","duration_days":1,"status":"active","trend":1,"growth_ratio":null,"night_frac":0.0,"daily":{"2026-10-04":{"n":3,"frp":72.8}}}},{"type":"Feature","id":325,"geometry":{"type":"Polygon","coordinates":[[[148.3264,-23.3022],[148.3272,-23.3039],[148.3348,-23.3058],[148.3335,-23.3003],[148.3325,-23.2988],[148.3264,-23.3022]]]},"properties":{"fid":325,"n":28,"fre_gj":261.5,"fre_daily":{"2026-09-28":74.2,"2026-09-30":47.3,"2026-10-01":105.6,"2026-10-02":20.0,"2026-10-03":14.4},"overpasses":21,"frp_total":39.7,"frp_max":2.6,"frp_mean":1.42,"area_km2":0.37,"lat":-23.3024,"lon":148.3319,"first_seen":"2026-09-28","last_seen":"2026-10-03","duration_days":5,"status":"receding","trend":-1,"growth_ratio":0.0,"night_frac":0.89,"daily":{"2026-09-28":{"n":5,"frp":8.6},"2026-09-30":{"n":5,"frp":4.9},"2026-10-01":{"n":9,"frp":11.3},"2026-10-02":{"n":6,"frp":8.9},"2026-10-03":{"n":3,"frp":6.0}}}},{"type":"Feature","id":1085,"geometry":{"type":"Polygon","coordinates":[[[147.77275,-26.56087],[147.77244,-26.55933],[147.77157,-26.55797],[147.77024,-26.55696],[147.7686,-26.55642],[147.76685,-26.55642],[147.76521,-26.55696],[147.76388,-26.55797],[147.76301,-26.55933],[147.7627,-26.56087],[147.76301,-26.56242],[147.76388,-26.56378],[147.76521,-26.56479],[147.76685,-26.56533],[147.7686,-26.56533],[147.77024,-26.56479],[147.77157,-26.56378],[147.77244,-26.56242],[147.77275,-26.56087]]]},"properties":{"fid":1085,"n":4,"fre_gj":258.7,"fre_daily":{"2026-10-01":30.2,"2026-10-02":228.5},"overpasses":3,"frp_total":32.0,"frp_max":11.6,"frp_mean":8.0,"area_km2":0.77,"lat":-26.5609,"lon":147.7677,"first_seen":"2026-10-01","last_seen":"2026-10-02","duration_days":2,"status":"historic","trend":-1,"growth_ratio":0.0,"night_frac":0.0,"daily":{"2026-10-01":{"n":2,"frp":16.8},"2026-10-02":{"n":2,"frp":15.2}}}},{"type":"Feature","id":94,"geometry":{"type":"Polygon","coordinates":[[[149.5459,-10.071],[149.548,-10.0805],[149.5506,-10.0766],[149.5532,-10.0711],[149.5459,-10.071]]]},"properties":{"fid":94,"n":4,"fre_gj":258.4,"fre_daily":{"2026-09-28":258.4},"overpasses":3,"frp_total":66.5,"frp_max":29.4,"frp_mean":16.62,"area_km2":0.44,"lat":-10.0748,"lon":149.5494,"first_seen":"2026-09-28","last_seen":"2026-09-28","duration_days":1,"status":"historic","trend":-1,"growth_ratio":0.0,"night_frac":0.0,"daily":{"2026-09-28":{"n":4,"frp":66.5}}}},{"type":"Feature","id":662,"geometry":{"type":"Polygon","coordinates":[[[150.89184,-28.07258],[150.89153,-28.07103],[150.89065,-28.06967],[150.8893,-28.06866],[150.88763,-28.06812],[150.88587,-28.06812],[150.8842,-28.06866],[150.88285,-28.06967],[150.88197,-28.07103],[150.88166,-28.07258],[150.88197,-28.07412],[150.88285,-28.07548],[150.8842,-28.07649],[150.88587,-28.07703],[150.88763,-28.07703],[150.8893,-28.07649],[150.89065,-28.07548],[150.89153,-28.07412],[150.89184,-28.07258]]]},"properties":{"fid":662,"n":4,"fre_gj":257.8,"fre_daily":{"2026-09-29":257.8},"overpasses":4,"frp_total":13.3,"frp_max":11.3,"frp_mean":3.33,"area_km2":0.77,"lat":-28.0726,"lon":150.8868,"first_seen":"2026-09-29","last_seen":"2026-09-29","duration_days":1,"status":"historic","trend":-1,"growth_ratio":0.0,"night_frac":0.75,"daily":{"2026-09-29":{"n":4,"frp":13.3}}}},{"type":"Feature","id":466,"geometry":{"type":"Polygon","coordinates":[[[141.7169,-9.0954],[141.7175,-9.0987],[141.7189,-9.103],[141.7215,-9.101],[141.7219,-9.1003],[141.722,-9.0991],[141.721,-9.0923],[141.7194,-9.0822],[141.7172,-9.0926],[141.7169,-9.0954]]]},"properties":{"fid":466,"n":17,"fre_gj":255.1,"fre_daily":{"2026-09-28":27.0,"2026-09-29":228.1},"overpasses":5,"frp_total":71.0,"frp_max":8.8,"frp_mean":4.18,"area_km2":0.72,"lat":-9.0935,"lon":141.7193,"first_seen":"2026-09-28","last_seen":"2026-09-29","duration_days":2,"status":"historic","trend":-1,"growth_ratio":0.0,"night_frac":0.0,"daily":{"2026-09-28":{"n":4,"frp":11.7},"2026-09-29":{"n":13,"frp":59.3}}}},{"type":"Feature","id":104,"geometry":{"type":"Polygon","coordinates":[[[147.7524,-9.8809],[147.753,-9.8842],[147.8186,-9.8813],[147.7921,-9.8533],[147.7706,-9.8617],[147.7524,-9.8809]]]},"properties":{"fid":104,"n":17,"fre_gj":255.0,"fre_daily":{"2026-09-28":19.0,"2026-09-29":23.0,"2026-09-30":5.4,"2026-10-02":61.2,"2026-10-03":89.3,"2026-10-04":57.1},"overpasses":9,"frp_total":77.3,"frp_max":10.6,"frp_mean":4.55,"area_km2":14.07,"lat":-9.8707,"lon":147.7851,"first_seen":"2026-09-28","last_seen":"2026-10-04","duration_days":6,"status":"active","trend":0,"growth_ratio":1.07,"night_frac":0.0,"daily":{"2026-09-28":{"n":2,"frp":6.6},"2026-09-29":{"n":3,"frp":8.0},"2026-09-30":{"n":1,"frp":1.5},"2026-10-02":{"n":2,"frp":17.0},"2026-10-03":{"n":6,"frp":28.3},"2026-10-04":{"n":3,"frp":15.9}}}},{"type":"Feature","id":31,"geometry":{"type":"Polygon","coordinates":[[[149.54945,-29.63995],[149.54901,-29.63776],[149.54774,-29.63584],[149.54579,-29.63441],[149.54341,-29.63365],[149.54087,-29.63365],[149.53848,-29.63441],[149.53654,-29.63584],[149.53527,-29.63776],[149.53483,-29.63995],[149.53527,-29.64214],[149.53654,-29.64406],[149.53848,-29.64549],[149.54087,-29.64625],[149.54341,-29.64625],[149.54579,-29.64549],[149.54774,-29.64406],[149.54901,-29.64214],[149.54945,-29.63995]]]},"properties":{"fid":31,"n":8,"fre_gj":254.3,"fre_daily":{"2026-09-28":198.9,"2026-09-29":55.4},"overpasses":7,"frp_total":21.1,"frp_max":7.3,"frp_mean":2.64,"area_km2":1.54,"lat":-29.6399,"lon":149.5421,"first_seen":"2026-09-28","last_seen":"2026-09-29","duration_days":2,"status":"historic","trend":-1,"growth_ratio":0.0,"night_frac":0.5,"daily":{"2026-09-28":{"n":5,"frp":18.3},"2026-09-29":{"n":3,"frp":2.8}}}},{"type":"Feature","id":160,"geometry":{"type":"Polygon","coordinates":[[[148.87785,-9.17153],[148.87748,-9.16948],[148.87644,-9.16768],[148.87484,-9.16635],[148.87287,-9.16564],[148.87078,-9.16564],[148.86882,-9.16635],[148.86722,-9.16768],[148.86617,-9.16948],[148.86581,-9.17153],[148.86617,-9.17357],[148.86722,-9.17537],[148.86882,-9.17671],[148.87078,-9.17742],[148.87287,-9.17742],[148.87484,-9.17671],[148.87644,-9.17537],[148.87748,-9.17357],[148.87785,-9.17153]]]},"properties":{"fid":160,"n":7,"fre_gj":254.3,"fre_daily":{"2026-09-28":254.3},"overpasses":4,"frp_total":21.8,"frp_max":6.0,"frp_mean":3.11,"area_km2":1.35,"lat":-9.1715,"lon":148.8718,"first_seen":"2026-09-28","last_seen":"2026-09-28","duration_days":1,"status":"historic","trend":-1,"growth_ratio":0.0,"night_frac":0.43,"daily":{"2026-09-28":{"n":7,"frp":21.8}}}},{"type":"Feature","id":292,"geometry":{"type":"Polygon","coordinates":[[[124.1451,-9.74],[124.1591,-9.7367],[124.173,-9.7187],[124.167,-9.7131],[124.1533,-9.7117],[124.1524,-9.7119],[124.146,-9.719],[124.1451,-9.74]]]},"properties":{"fid":292,"n":11,"fre_gj":253.9,"fre_daily":{"2026-09-28":21.7,"2026-09-29":61.9,"2026-09-30":12.6,"2026-10-01":106.6,"2026-10-02":51.1},"overpasses":8,"frp_total":68.8,"frp_max":12.0,"frp_mean":6.25,"area_km2":6.32,"lat":-9.7228,"lon":124.1545,"first_seen":"2026-09-28","last_seen":"2026-10-02","duration_days":5,"status":"historic","trend":-1,"growth_ratio":0.0,"night_frac":0.0,"daily":{"2026-09-28":{"n":2,"frp":7.7},"2026-09-29":{"n":4,"frp":26.8},"2026-09-30":{"n":1,"frp":3.5},"2026-10-01":{"n":2,"frp":16.6},"2026-10-02":{"n":2,"frp":14.2}}}},{"type":"Feature","id":91,"geometry":{"type":"Polygon","coordinates":[[[142.1526,-10.6624],[142.1556,-10.6677],[142.164,-10.6636],[142.1562,-10.6575],[142.1526,-10.6624]]]},"properties":{"fid":91,"n":13,"fre_gj":250.8,"fre_daily":{"2026-09-28":238.8,"2026-10-03":12.1},"overpasses":4,"frp_total":103.8,"frp_max":12.6,"frp_mean":7.99,"area_km2":0.71,"lat":-10.6629,"lon":142.157,"first_seen":"2026-09-28","last_seen":"2026-10-03","duration_days":2,"status":"receding","trend":-1,"growth_ratio":0.0,"night_frac":0.0,"daily":{"2026-09-28":{"n":12,"frp":100.5},"2026-10-03":{"n":1,"frp":3.4}}}},{"type":"Feature","id":625,"geometry":{"type":"Polygon","coordinates":[[[120.52038,-9.9264],[120.52014,-9.92506],[120.51946,-9.92388],[120.51841,-9.92301],[120.51712,-9.92254],[120.51575,-9.92254],[120.51446,-9.92301],[120.51341,-9.92388],[120.51272,-9.92506],[120.51248,-9.9264],[120.51272,-9.92774],[120.51341,-9.92892],[120.51446,-9.92979],[120.51575,-9.93026],[120.51712,-9.93026],[120.51841,-9.92979],[120.51946,-9.92892],[120.52014,-9.92774],[120.52038,-9.9264]]]},"properties":{"fid":625,"n":3,"fre_gj":249.5,"fre_daily":{"2026-09-29":236.9,"2026-09-30":12.6},"overpasses":3,"frp_total":37.1,"frp_max":28.4,"frp_mean":12.37,"area_km2":0.58,"lat":-9.9264,"lon":120.5164,"first_seen":"2026-09-29","last_seen":"2026-09-30","duration_days":2,"status":"historic","trend":-1,"growth_ratio":0.0,"night_frac":0.0,"daily":{"2026-09-29":{"n":2,"frp":33.6},"2026-09-30":{"n":1,"frp":3.5}}}},{"type":"Feature","id":274,"geometry":{"type":"Polygon","coordinates":[[[120.4069,-10.1038],[120.4191,-10.1083],[120.4217,-10.0888],[120.4172,-10.0859],[120.4137,-10.0877],[120.4069,-10.1038]]]},"properties":{"fid":274,"n":10,"fre_gj":249.0,"fre_daily":{"2026-09-28":138.7,"2026-09-29":25.6,"2026-09-30":5.8,"2026-10-02":58.3,"2026-10-03":20.6},"overpasses":7,"frp_total":74.8,"frp_max":16.2,"frp_mean":7.48,"area_km2":2.45,"lat":-10.096,"lon":120.4168,"first_seen":"2026-09-28","last_seen":"2026-10-03","duration_days":5,"status":"receding","trend":-1,"growth_ratio":0.0,"night_frac":0.0,"daily":{"2026-09-28":{"n":4,"frp":40.2},"2026-09-29":{"n":3,"frp":11.1},"2026-09-30":{"n":1,"frp":1.6},"2026-10-02":{"n":1,"frp":16.2},"2026-10-03":{"n":1,"frp":5.7}}}},{"type":"Feature","id":787,"geometry":{"type":"Polygon","coordinates":[[[147.823,-23.3205],[147.82275,-23.31916],[147.82201,-23.31798],[147.82088,-23.31711],[147.8195,-23.31664],[147.81803,-23.31664],[147.81665,-23.31711],[147.81552,-23.31798],[147.81479,-23.31916],[147.81453,-23.3205],[147.81479,-23.32184],[147.81552,-23.32302],[147.81665,-23.32389],[147.81803,-23.32436],[147.8195,-23.32436],[147.82088,-23.32389],[147.82201,-23.32302],[147.82275,-23.32184],[147.823,-23.3205]]]},"properties":{"fid":787,"n":3,"fre_gj":246.2,"fre_daily":{"2026-09-29":243.4,"2026-09-30":2.8},"overpasses":3,"frp_total":68.8,"frp_max":67.6,"frp_mean":22.93,"area_km2":0.58,"lat":-23.3205,"lon":147.8188,"first_seen":"2026-09-29","last_seen":"2026-09-30","duration_days":2,"status":"historic","trend":-1,"growth_ratio":0.0,"night_frac":1.0,"daily":{"2026-09-29":{"n":1,"frp":67.6},"2026-09-30":{"n":2,"frp":1.2}}}},{"type":"Feature","id":831,"geometry":{"type":"Polygon","coordinates":[[[134.5966,-12.3205],[134.5977,-12.3265],[134.6021,-12.3261],[134.6038,-12.3245],[134.6037,-12.3236],[134.6032,-12.3211],[134.6024,-12.3198],[134.6019,-12.3195],[134.5966,-12.3205]]]},"properties":{"fid":831,"n":9,"fre_gj":244.9,"fre_daily":{"2026-09-30":215.6,"2026-10-02":29.4},"overpasses":5,"frp_total":66.2,"frp_max":19.2,"frp_mean":7.36,"area_km2":0.47,"lat":-12.3224,"lon":134.6011,"first_seen":"2026-09-30","last_seen":"2026-10-02","duration_days":2,"status":"historic","trend":-1,"growth_ratio":0.0,"night_frac":0.0,"daily":{"2026-09-30":{"n":5,"frp":53.8},"2026-10-02":{"n":4,"frp":12.4}}}},{"type":"Feature","id":725,"geometry":{"type":"Polygon","coordinates":[[[142.658,-9.0729],[142.6594,-9.0772],[142.6785,-9.0768],[142.6825,-9.0762],[142.6774,-9.0699],[142.673,-9.067],[142.669,-9.0676],[142.658,-9.0729]]]},"properties":{"fid":725,"n":10,"fre_gj":244.7,"fre_daily":{"2026-09-29":142.3,"2026-10-03":102.3},"overpasses":5,"frp_total":63.9,"frp_max":19.5,"frp_mean":6.39,"area_km2":2.02,"lat":-9.0724,"lon":142.6709,"first_seen":"2026-09-29","last_seen":"2026-10-03","duration_days":2,"status":"receding","trend":-1,"growth_ratio":0.0,"night_frac":0.0,"daily":{"2026-09-29":{"n":7,"frp":34.2},"2026-10-03":{"n":3,"frp":29.7}}}},{"type":"Feature","id":852,"geometry":{"type":"Polygon","coordinates":[[[117.2937,-9.02278],[117.29337,-9.02089],[117.2924,-9.01922],[117.29092,-9.01799],[117.2891,-9.01733],[117.28717,-9.01733],[117.28535,-9.01799],[117.28387,-9.01922],[117.2829,-9.02089],[117.28256,-9.02278],[117.2829,-9.02468],[117.28387,-9.02634],[117.28535,-9.02758],[117.28717,-9.02824],[117.2891,-9.02824],[117.29092,-9.02758],[117.2924,-9.02634],[117.29337,-9.02468],[117.2937,-9.02278]]]},"properties":{"fid":852,"n":6,"fre_gj":243.0,"fre_daily":{"2026-09-30":19.8,"2026-10-02":187.5,"2026-10-03":35.7},"overpasses":5,"frp_total":26.9,"frp_max":8.0,"frp_mean":4.49,"area_km2":1.15,"lat":-9.0228,"lon":117.2881,"first_seen":"2026-09-30","last_seen":"2026-10-03","duration_days":3,"status":"receding","trend":-1,"growth_ratio":0.0,"night_frac":0.17,"daily":{"2026-09-30":{"n":1,"frp":5.5},"2026-10-02":{"n":1,"frp":0.9},"2026-10-03":{"n":4,"frp":20.5}}}},{"type":"Feature","id":979,"geometry":{"type":"Polygon","coordinates":[[[124.4778,-10.0191],[124.4886,-10.0176],[124.4923,-10.0153],[124.4926,-10.0145],[124.4955,-9.9974],[124.4895,-9.9989],[124.4778,-10.0191]]]},"properties":{"fid":979,"n":9,"fre_gj":242.4,"fre_daily":{"2026-10-01":85.0,"2026-10-02":143.9,"2026-10-03":13.6},"overpasses":6,"frp_total":97.8,"frp_max":23.9,"frp_mean":10.86,"area_km2":2.26,"lat":-10.0119,"lon":124.4894,"first_seen":"2026-10-01","last_seen":"2026-10-03","duration_days":3,"status":"receding","trend":-1,"growth_ratio":0.0,"night_frac":0.0,"daily":{"2026-10-01":{"n":4,"frp":33.3},"2026-10-02":{"n":4,"frp":60.7},"2026-10-03":{"n":1,"frp":3.8}}}},{"type":"Feature","id":133,"geometry":{"type":"Polygon","coordinates":[[[148.3128,-9.4644],[148.3151,-9.4781],[148.3315,-9.5014],[148.3355,-9.492],[148.3362,-9.4799],[148.3144,-9.4629],[148.3128,-9.4644]]]},"properties":{"fid":133,"n":11,"fre_gj":242.2,"fre_daily":{"2026-09-28":15.5,"2026-10-01":39.1,"2026-10-03":55.1,"2026-10-04":132.5},"overpasses":5,"frp_total":72.5,"frp_max":15.3,"frp_mean":6.59,"area_km2":5.15,"lat":-9.4775,"lon":148.3225,"first_seen":"2026-09-28","last_seen":"2026-10-04","duration_days":4,"status":"active","trend":1,"growth_ratio":3.6,"night_frac":0.0,"daily":{"2026-09-28":{"n":1,"frp":4.3},"2026-10-01":{"n":3,"frp":16.1},"2026-10-03":{"n":1,"frp":15.3},"2026-10-04":{"n":6,"frp":36.8}}}},{"type":"Feature","id":1152,"geometry":{"type":"Polygon","coordinates":[[[124.06408,-9.49482],[124.0638,-9.49328],[124.06301,-9.49192],[124.0618,-9.49091],[124.06032,-9.49037],[124.05873,-9.49037],[124.05725,-9.49091],[124.05604,-9.49192],[124.05525,-9.49328],[124.05497,-9.49482],[124.05525,-9.49637],[124.05604,-9.49773],[124.05725,-9.49874],[124.05873,-9.49928],[124.06032,-9.49928],[124.0618,-9.49874],[124.06301,-9.49773],[124.0638,-9.49637],[124.06408,-9.49482]]]},"properties":{"fid":1152,"n":4,"fre_gj":241.4,"fre_daily":{"2026-10-02":220.5,"2026-10-03":20.9},"overpasses":3,"frp_total":11.2,"frp_max":7.4,"frp_mean":2.8,"area_km2":0.77,"lat":-9.4948,"lon":124.0595,"first_seen":"2026-10-02","last_seen":"2026-10-03","duration_days":2,"status":"receding","trend":-1,"growth_ratio":0.0,"night_frac":0.5,"daily":{"2026-10-02":{"n":1,"frp":0.5},"2026-10-03":{"n":3,"frp":10.7}}}},{"type":"Feature","id":272,"geometry":{"type":"Polygon","coordinates":[[[120.38192,-10.13436],[120.38161,-10.13263],[120.38073,-10.13111],[120.37937,-10.12998],[120.37771,-10.12938],[120.37593,-10.12938],[120.37427,-10.12998],[120.37291,-10.13111],[120.37203,-10.13263],[120.37172,-10.13436],[120.37203,-10.13609],[120.37291,-10.13761],[120.37427,-10.13874],[120.37593,-10.13934],[120.37771,-10.13934],[120.37937,-10.13874],[120.38073,-10.13761],[120.38161,-10.13609],[120.38192,-10.13436]]]},"properties":{"fid":272,"n":5,"fre_gj":240.4,"fre_daily":{"2026-09-28":23.0,"2026-10-02":217.3},"overpasses":3,"frp_total":75.4,"frp_max":33.3,"frp_mean":15.08,"area_km2":0.96,"lat":-10.1344,"lon":120.3768,"first_seen":"2026-09-28","last_seen":"2026-10-02","duration_days":2,"status":"historic","trend":-1,"growth_ratio":0.0,"night_frac":0.0,"daily":{"2026-09-28":{"n":1,"frp":6.4},"2026-10-02":{"n":4,"frp":69.0}}}},{"type":"Feature","id":195,"geometry":{"type":"Polygon","coordinates":[[[132.69043,-24.00068],[132.69001,-23.99849],[132.6888,-23.99656],[132.68695,-23.99514],[132.68468,-23.99438],[132.68227,-23.99438],[132.68,-23.99514],[132.67815,-23.99656],[132.67694,-23.99849],[132.67652,-24.00068],[132.67694,-24.00286],[132.67815,-24.00479],[132.68,-24.00621],[132.68227,-24.00697],[132.68468,-24.00697],[132.68695,-24.00621],[132.6888,-24.00479],[132.69001,-24.00286],[132.69043,-24.00068]]]},"properties":{"fid":195,"n":8,"fre_gj":239.2,"fre_daily":{"2026-09-28":226.6,"2026-09-29":5.8,"2026-09-30":6.8},"overpasses":8,"frp_total":22.5,"frp_max":6.0,"frp_mean":2.81,"area_km2":1.54,"lat":-24.0007,"lon":132.6835,"first_seen":"2026-09-28","last_seen":"2026-09-30","duration_days":3,"status":"historic","trend":-1,"growth_ratio":0.0,"night_frac":0.5,"daily":{"2026-09-28":{"n":6,"frp":17.4},"2026-09-29":{"n":1,"frp":3.2},"2026-09-30":{"n":1,"frp":1.9}}}},{"type":"Feature","id":1068,"geometry":{"type":"Polygon","coordinates":[[[151.79968,-28.77215],[151.79912,-28.76937],[151.79751,-28.76691],[151.79506,-28.76509],[151.79204,-28.76413],[151.78883,-28.76413],[151.78582,-28.76509],[151.78336,-28.76691],[151.78176,-28.76937],[151.7812,-28.77215],[151.78176,-28.77494],[151.78336,-28.77739],[151.78582,-28.77921],[151.78883,-28.78018],[151.79204,-28.78018],[151.79506,-28.77921],[151.79751,-28.77739],[151.79912,-28.77494],[151.79968,-28.77215]]]},"properties":{"fid":1068,"n":13,"fre_gj":238.4,"fre_daily":{"2026-10-01":3.9,"2026-10-02":230.0,"2026-10-03":4.5},"overpasses":10,"frp_total":35.0,"frp_max":7.3,"frp_mean":2.7,"area_km2":2.5,"lat":-28.7722,"lon":151.7904,"first_seen":"2026-10-01","last_seen":"2026-10-03","duration_days":3,"status":"receding","trend":-1,"growth_ratio":0.0,"night_frac":0.62,"daily":{"2026-10-01":{"n":2,"frp":1.6},"2026-10-02":{"n":10,"frp":32.2},"2026-10-03":{"n":1,"frp":1.2}}}},{"type":"Feature","id":843,"geometry":{"type":"Polygon","coordinates":[[[123.8075,-9.6173],[123.8093,-9.6198],[123.8169,-9.6215],[123.8196,-9.6151],[123.808,-9.6148],[123.8075,-9.6173]]]},"properties":{"fid":843,"n":9,"fre_gj":237.9,"fre_daily":{"2026-09-30":166.8,"2026-10-01":71.1},"overpasses":4,"frp_total":73.7,"frp_max":11.5,"frp_mean":8.19,"area_km2":0.71,"lat":-9.6175,"lon":123.8115,"first_seen":"2026-09-30","last_seen":"2026-10-01","duration_days":2,"status":"historic","trend":-1,"growth_ratio":0.0,"night_frac":0.0,"daily":{"2026-09-30":{"n":7,"frp":57.9},"2026-10-01":{"n":2,"frp":15.8}}}},{"type":"Feature","id":150,"geometry":{"type":"Polygon","coordinates":[[[148.7826,-9.2585],[148.7855,-9.2704],[148.7946,-9.2738],[148.7956,-9.2584],[148.7951,-9.2551],[148.7826,-9.2585]]]},"properties":{"fid":150,"n":11,"fre_gj":237.8,"fre_daily":{"2026-09-28":19.1,"2026-09-29":26.6,"2026-10-02":10.8,"2026-10-03":181.3},"overpasses":5,"frp_total":73.3,"frp_max":12.9,"frp_mean":6.66,"area_km2":2.07,"lat":-9.2644,"lon":148.7891,"first_seen":"2026-09-28","last_seen":"2026-10-03","duration_days":4,"status":"receding","trend":-1,"growth_ratio":0.0,"night_frac":0.0,"daily":{"2026-09-28":{"n":2,"frp":5.3},"2026-09-29":{"n":2,"frp":7.4},"2026-10-02":{"n":1,"frp":3.0},"2026-10-03":{"n":6,"frp":57.6}}}},{"type":"Feature","id":1142,"geometry":{"type":"Polygon","coordinates":[[[145.22393,-15.32224],[145.22361,-15.32051],[145.22271,-15.31899],[145.22132,-15.31786],[145.21962,-15.31726],[145.21782,-15.31726],[145.21612,-15.31786],[145.21473,-15.31899],[145.21383,-15.32051],[145.21351,-15.32224],[145.21383,-15.32397],[145.21473,-15.32549],[145.21612,-15.32662],[145.21782,-15.32722],[145.21962,-15.32722],[145.22132,-15.32662],[145.22271,-15.32549],[145.22361,-15.32397],[145.22393,-15.32224]]]},"properties":{"fid":1142,"n":5,"fre_gj":237.0,"fre_daily":{"2026-10-02":221.9,"2026-10-03":15.2},"overpasses":3,"frp_total":11.0,"frp_max":4.2,"frp_mean":2.2,"area_km2":0.96,"lat":-15.3222,"lon":145.2187,"first_seen":"2026-10-02","last_seen":"2026-10-03","duration_days":2,"status":"receding","trend":-1,"growth_ratio":0.0,"night_frac":0.6,"daily":{"2026-10-02":{"n":3,"frp":2.6},"2026-10-03":{"n":2,"frp":8.4}}}},{"type":"Feature","id":1228,"geometry":{"type":"Polygon","coordinates":[[[119.61644,-9.4536],[119.61621,-9.45226],[119.61552,-9.45108],[119.61447,-9.45021],[119.61318,-9.44974],[119.61182,-9.44974],[119.61053,-9.45021],[119.60948,-9.45108],[119.60879,-9.45226],[119.60856,-9.4536],[119.60879,-9.45494],[119.60948,-9.45612],[119.61053,-9.45699],[119.61182,-9.45746],[119.61318,-9.45746],[119.61447,-9.45699],[119.61552,-9.45612],[119.61621,-9.45494],[119.61644,-9.4536]]]},"properties":{"fid":1228,"n":3,"fre_gj":235.2,"fre_daily":{"2026-10-03":235.2},"overpasses":1,"frp_total":65.3,"frp_max":57.2,"frp_mean":21.77,"area_km2":0.58,"lat":-9.4536,"lon":119.6125,"first_seen":"2026-10-03","last_seen":"2026-10-03","duration_days":1,"status":"receding","trend":-1,"growth_ratio":0.0,"night_frac":0.0,"daily":{"2026-10-03":{"n":3,"frp":65.3}}}},{"type":"Feature","id":847,"geometry":{"type":"Polygon","coordinates":[[[124.6978,-9.2699],[124.7075,-9.2655],[124.7087,-9.2643],[124.7098,-9.2625],[124.7079,-9.2599],[124.6978,-9.2699]]]},"properties":{"fid":847,"n":9,"fre_gj":235.0,"fre_daily":{"2026-09-30":112.9,"2026-10-01":122.0},"overpasses":6,"frp_total":75.3,"frp_max":25.4,"frp_mean":8.37,"area_km2":0.4,"lat":-9.2637,"lon":124.7066,"first_seen":"2026-09-30","last_seen":"2026-10-01","duration_days":2,"status":"historic","trend":-1,"growth_ratio":0.0,"night_frac":0.0,"daily":{"2026-09-30":{"n":5,"frp":45.4},"2026-10-01":{"n":4,"frp":29.9}}}},{"type":"Feature","id":708,"geometry":{"type":"Polygon","coordinates":[[[135.986,-16.1984],[135.9996,-16.2096],[136.0036,-16.2091],[136.0145,-16.1992],[135.99,-16.1979],[135.986,-16.1984]]]},"properties":{"fid":708,"n":10,"fre_gj":234.7,"fre_daily":{"2026-09-29":234.7},"overpasses":1,"frp_total":65.2,"frp_max":10.8,"frp_mean":6.52,"area_km2":2.13,"lat":-16.202,"lon":136.0019,"first_seen":"2026-09-29","last_seen":"2026-09-29","duration_days":1,"status":"historic","trend":-1,"growth_ratio":0.0,"night_frac":0.0,"daily":{"2026-09-29":{"n":10,"frp":65.2}}}},{"type":"Feature","id":322,"geometry":{"type":"Polygon","coordinates":[[[150.41271,-26.34777],[150.41245,-26.34643],[150.41169,-26.34525],[150.41054,-26.34438],[150.40912,-26.34391],[150.40761,-26.34391],[150.4062,-26.34438],[150.40504,-26.34525],[150.40429,-26.34643],[150.40403,-26.34777],[150.40429,-26.34911],[150.40504,-26.35028],[150.4062,-26.35116],[150.40761,-26.35162],[150.40912,-26.35162],[150.41054,-26.35116],[150.41169,-26.35028],[150.41245,-26.34911],[150.41271,-26.34777]]]},"properties":{"fid":322,"n":3,"fre_gj":234.3,"fre_daily":{"2026-09-28":234.3},"overpasses":2,"frp_total":11.5,"frp_max":4.9,"frp_mean":3.83,"area_km2":0.58,"lat":-26.3478,"lon":150.4084,"first_seen":"2026-09-28","last_seen":"2026-09-28","duration_days":1,"status":"historic","trend":-1,"growth_ratio":0.0,"night_frac":0.33,"daily":{"2026-09-28":{"n":3,"frp":11.5}}}},{"type":"Feature","id":1276,"geometry":{"type":"Polygon","coordinates":[[[142.5965,-9.044],[142.5992,-9.0458],[142.6023,-9.0454],[142.6016,-9.0402],[142.5985,-9.0406],[142.5965,-9.044]]]},"properties":{"fid":1276,"n":6,"fre_gj":233.6,"fre_daily":{"2026-10-04":233.6},"overpasses":1,"frp_total":64.9,"frp_max":24.0,"frp_mean":10.82,"area_km2":0.28,"lat":-9.0433,"lon":142.5996,"first_seen":"2026-10-04","last_seen":"2026-10-04","duration_days":1,"status":"active","trend":1,"growth_ratio":null,"night_frac":0.0,"daily":{"2026-10-04":{"n":6,"frp":64.9}}}},{"type":"Feature","id":108,"geometry":{"type":"Polygon","coordinates":[[[147.7698,-9.8142],[147.7706,-9.819],[147.7835,-9.8103],[147.7849,-9.8068],[147.7767,-9.8036],[147.7715,-9.8019],[147.7698,-9.8142]]]},"properties":{"fid":108,"n":14,"fre_gj":231.2,"fre_daily":{"2026-09-28":231.2},"overpasses":4,"frp_total":98.8,"frp_max":16.4,"frp_mean":7.06,"area_km2":1.74,"lat":-9.808,"lon":147.7766,"first_seen":"2026-09-28","last_seen":"2026-09-28","duration_days":1,"status":"historic","trend":-1,"growth_ratio":0.0,"night_frac":0.0,"daily":{"2026-09-28":{"n":14,"frp":98.8}}}},{"type":"Feature","id":1197,"geometry":{"type":"Polygon","coordinates":[[[142.10919,-10.99182],[142.10885,-10.98992],[142.10788,-10.98826],[142.10639,-10.98702],[142.10456,-10.98636],[142.10261,-10.98636],[142.10078,-10.98702],[142.09929,-10.98826],[142.09832,-10.98992],[142.09798,-10.99182],[142.09832,-10.99371],[142.09929,-10.99538],[142.10078,-10.99661],[142.10261,-10.99727],[142.10456,-10.99727],[142.10639,-10.99661],[142.10788,-10.99538],[142.10885,-10.99371],[142.10919,-10.99182]]]},"properties":{"fid":1197,"n":6,"fre_gj":231.1,"fre_daily":{"2026-10-03":111.5,"2026-10-04":119.6},"overpasses":3,"frp_total":65.5,"frp_max":19.3,"frp_mean":10.92,"area_km2":1.15,"lat":-10.9918,"lon":142.1036,"first_seen":"2026-10-03","last_seen":"2026-10-04","duration_days":2,"status":"active","trend":0,"growth_ratio":1.0,"night_frac":0.0,"daily":{"2026-10-03":{"n":3,"frp":32.3},"2026-10-04":{"n":3,"frp":33.2}}}},{"type":"Feature","id":364,"geometry":{"type":"Polygon","coordinates":[[[129.83936,-16.43802],[129.83904,-16.43629],[129.83813,-16.43477],[129.83674,-16.43364],[129.83503,-16.43304],[129.83321,-16.43304],[129.8315,-16.43364],[129.83011,-16.43477],[129.8292,-16.43629],[129.82888,-16.43802],[129.8292,-16.43975],[129.83011,-16.44127],[129.8315,-16.4424],[129.83321,-16.443],[129.83503,-16.443],[129.83674,-16.4424],[129.83813,-16.44127],[129.83904,-16.43975],[129.83936,-16.43802]]]},"properties":{"fid":364,"n":5,"fre_gj":230.6,"fre_daily":{"2026-09-28":230.6},"overpasses":3,"frp_total":12.1,"frp_max":4.0,"frp_mean":2.42,"area_km2":0.96,"lat":-16.438,"lon":129.8341,"first_seen":"2026-09-28","last_seen":"2026-09-28","duration_days":1,"status":"historic","trend":-1,"growth_ratio":0.0,"night_frac":0.4,"daily":{"2026-09-28":{"n":5,"frp":12.1}}}},{"type":"Feature","id":156,"geometry":{"type":"Polygon","coordinates":[[[148.625,-9.1963],[148.6293,-9.2353],[148.631,-9.2347],[148.6361,-9.2047],[148.6357,-9.2038],[148.6293,-9.1909],[148.626,-9.1924],[148.625,-9.1963]]]},"properties":{"fid":156,"n":12,"fre_gj":230.2,"fre_daily":{"2026-09-28":129.3,"2026-09-29":56.2,"2026-10-01":44.7},"overpasses":6,"frp_total":69.2,"frp_max":9.3,"frp_mean":5.77,"area_km2":3.36,"lat":-9.2106,"lon":148.6307,"first_seen":"2026-09-28","last_seen":"2026-10-01","duration_days":3,"status":"historic","trend":-1,"growth_ratio":0.0,"night_frac":0.0,"daily":{"2026-09-28":{"n":6,"frp":35.2},"2026-09-29":{"n":2,"frp":15.6},"2026-10-01":{"n":4,"frp":18.4}}}},{"type":"Feature","id":1260,"geometry":{"type":"Polygon","coordinates":[[[142.12982,-10.0784],[142.12951,-10.07667],[142.12863,-10.07515],[142.12727,-10.07402],[142.12561,-10.07342],[142.12383,-10.07342],[142.12217,-10.07402],[142.12081,-10.07515],[142.11993,-10.07667],[142.11962,-10.0784],[142.11993,-10.08013],[142.12081,-10.08165],[142.12217,-10.08278],[142.12383,-10.08338],[142.12561,-10.08338],[142.12727,-10.08278],[142.12863,-10.08165],[142.12951,-10.08013],[142.12982,-10.0784]]]},"properties":{"fid":1260,"n":5,"fre_gj":229.8,"fre_daily":{"2026-10-03":219.9,"2026-10-04":10.0},"overpasses":3,"frp_total":11.4,"frp_max":5.5,"frp_mean":2.28,"area_km2":0.96,"lat":-10.0784,"lon":142.1247,"first_seen":"2026-10-03","last_seen":"2026-10-04","duration_days":2,"status":"active","trend":-1,"growth_ratio":0.25,"night_frac":0.8,"daily":{"2026-10-03":{"n":4,"frp":5.9},"2026-10-04":{"n":1,"frp":5.5}}}},{"type":"Feature","id":549,"geometry":{"type":"Polygon","coordinates":[[[124.7294,-9.2777],[124.7325,-9.2838],[124.7405,-9.2776],[124.7405,-9.2762],[124.7362,-9.2763],[124.7294,-9.2777]]]},"properties":{"fid":549,"n":7,"fre_gj":228.3,"fre_daily":{"2026-09-28":121.0,"2026-10-02":94.1,"2026-10-03":13.2},"overpasses":4,"frp_total":77.0,"frp_max":18.8,"frp_mean":11.0,"area_km2":0.54,"lat":-9.2782,"lon":124.7365,"first_seen":"2026-09-28","last_seen":"2026-10-03","duration_days":3,"status":"receding","trend":-1,"growth_ratio":0.0,"night_frac":0.0,"daily":{"2026-09-28":{"n":2,"frp":33.6},"2026-10-02":{"n":4,"frp":39.7},"2026-10-03":{"n":1,"frp":3.7}}}},{"type":"Feature","id":781,"geometry":{"type":"Polygon","coordinates":[[[148.4392,-32.5793],[148.4411,-32.5881],[148.4496,-32.5778],[148.4392,-32.5793]]]},"properties":{"fid":781,"n":3,"fre_gj":228.2,"fre_daily":{"2026-09-29":228.2},"overpasses":1,"frp_total":63.4,"frp_max":46.0,"frp_mean":21.13,"area_km2":0.49,"lat":-32.5817,"lon":148.4433,"first_seen":"2026-09-29","last_seen":"2026-09-29","duration_days":1,"status":"historic","trend":-1,"growth_ratio":0.0,"night_frac":0.0,"daily":{"2026-09-29":{"n":3,"frp":63.4}}}},{"type":"Feature","id":1003,"geometry":{"type":"Polygon","coordinates":[[[125.1468,-9.3398],[125.1492,-9.341],[125.1529,-9.3404],[125.1533,-9.34],[125.1494,-9.3262],[125.1468,-9.3398]]]},"properties":{"fid":1003,"n":15,"fre_gj":227.7,"fre_daily":{"2026-10-01":141.2,"2026-10-02":64.0,"2026-10-03":22.5},"overpasses":6,"frp_total":92.4,"frp_max":11.9,"frp_mean":6.16,"area_km2":0.59,"lat":-9.3357,"lon":125.1501,"first_seen":"2026-10-01","last_seen":"2026-10-03","duration_days":3,"status":"receding","trend":-1,"growth_ratio":0.0,"night_frac":0.0,"daily":{"2026-10-01":{"n":10,"frp":59.2},"2026-10-02":{"n":4,"frp":27.0},"2026-10-03":{"n":1,"frp":6.2}}}},{"type":"Feature","id":428,"geometry":{"type":"Polygon","coordinates":[[[131.6425,-21.942],[131.6436,-21.9463],[131.6453,-21.9475],[131.651,-21.9403],[131.6447,-21.9408],[131.6425,-21.942]]]},"properties":{"fid":428,"n":6,"fre_gj":225.6,"fre_daily":{"2026-09-28":225.6},"overpasses":3,"frp_total":72.0,"frp_max":15.6,"frp_mean":12.0,"area_km2":0.37,"lat":-21.943,"lon":131.6457,"first_seen":"2026-09-28","last_seen":"2026-09-28","duration_days":1,"status":"historic","trend":-1,"growth_ratio":0.0,"night_frac":0.0,"daily":{"2026-09-28":{"n":6,"frp":72.0}}}},{"type":"Feature","id":429,"geometry":{"type":"Polygon","coordinates":[[[127.6783,-20.8066],[127.6792,-20.8116],[127.6864,-20.8098],[127.6846,-20.8028],[127.6783,-20.8066]]]},"properties":{"fid":429,"n":5,"fre_gj":225.6,"fre_daily":{"2026-09-28":225.6},"overpasses":2,"frp_total":47.0,"frp_max":13.6,"frp_mean":9.4,"area_km2":0.51,"lat":-20.8074,"lon":127.6822,"first_seen":"2026-09-28","last_seen":"2026-09-28","duration_days":1,"status":"historic","trend":-1,"growth_ratio":0.0,"night_frac":0.0,"daily":{"2026-09-28":{"n":5,"frp":47.0}}}},{"type":"Feature","id":1235,"geometry":{"type":"Polygon","coordinates":[[[141.9238,-14.9386],[141.9282,-14.9415],[141.9318,-14.9365],[141.9244,-14.9352],[141.9238,-14.9386]]]},"properties":{"fid":1235,"n":10,"fre_gj":223.6,"fre_daily":{"2026-10-03":209.4,"2026-10-04":14.2},"overpasses":5,"frp_total":19.8,"frp_max":7.9,"frp_mean":1.98,"area_km2":0.35,"lat":-14.9379,"lon":141.9269,"first_seen":"2026-10-03","last_seen":"2026-10-04","duration_days":2,"status":"active","trend":-1,"growth_ratio":0.11,"night_frac":0.9,"daily":{"2026-10-03":{"n":9,"frp":11.9},"2026-10-04":{"n":1,"frp":7.9}}}},{"type":"Feature","id":385,"geometry":{"type":"Polygon","coordinates":[[[136.1892,-13.1864],[136.19,-13.1878],[136.1988,-13.1921],[136.2005,-13.1858],[136.1914,-13.1841],[136.1892,-13.1864]]]},"properties":{"fid":385,"n":8,"fre_gj":223.5,"fre_daily":{"2026-09-28":118.6,"2026-09-29":91.8,"2026-10-02":6.8,"2026-10-03":6.3},"overpasses":6,"frp_total":35.6,"frp_max":8.8,"frp_mean":4.45,"area_km2":0.62,"lat":-13.1876,"lon":136.1944,"first_seen":"2026-09-28","last_seen":"2026-10-03","duration_days":4,"status":"receding","trend":-1,"growth_ratio":0.0,"night_frac":0.25,"daily":{"2026-09-28":{"n":3,"frp":6.4},"2026-09-29":{"n":3,"frp":25.5},"2026-10-02":{"n":1,"frp":1.9},"2026-10-03":{"n":1,"frp":1.8}}}},{"type":"Feature","id":1157,"geometry":{"type":"Polygon","coordinates":[[[115.8738,-31.8074],[115.8838,-31.8022],[115.8854,-31.7999],[115.8833,-31.7992],[115.8756,-31.8012],[115.8738,-31.8074]]]},"properties":{"fid":1157,"n":8,"fre_gj":223.4,"fre_daily":{"2026-10-02":194.1,"2026-10-03":29.3},"overpasses":7,"frp_total":25.3,"frp_max":6.9,"frp_mean":3.17,"area_km2":0.43,"lat":-31.8021,"lon":115.8795,"first_seen":"2026-10-02","last_seen":"2026-10-03","duration_days":2,"status":"receding","trend":-1,"growth_ratio":0.0,"night_frac":0.38,"daily":{"2026-10-02":{"n":4,"frp":8.6},"2026-10-03":{"n":4,"frp":16.7}}}},{"type":"Feature","id":938,"geometry":{"type":"Polygon","coordinates":[[[132.5116,-12.424],[132.5312,-12.415],[132.5319,-12.414],[132.5314,-12.4106],[132.5309,-12.4073],[132.5295,-12.4057],[132.5267,-12.4045],[132.5116,-12.424]]]},"properties":{"fid":938,"n":19,"fre_gj":221.3,"fre_daily":{"2026-09-30":14.4,"2026-10-01":163.3,"2026-10-02":43.6},"overpasses":5,"frp_total":90.9,"frp_max":12.1,"frp_mean":4.78,"area_km2":1.72,"lat":-12.4119,"lon":132.5268,"first_seen":"2026-09-30","last_seen":"2026-10-02","duration_days":3,"status":"historic","trend":-1,"growth_ratio":0.0,"night_frac":0.0,"daily":{"2026-09-30":{"n":1,"frp":4.0},"2026-10-01":{"n":17,"frp":74.8},"2026-10-02":{"n":1,"frp":12.1}}}},{"type":"Feature","id":56,"geometry":{"type":"Polygon","coordinates":[[[144.7834,-18.1463],[144.7846,-18.1596],[144.7861,-18.16],[144.7883,-18.159],[144.8037,-18.1472],[144.8002,-18.1441],[144.786,-18.1456],[144.7834,-18.1463]]]},"properties":{"fid":56,"n":18,"fre_gj":221.1,"fre_daily":{"2026-09-28":221.1},"overpasses":3,"frp_total":95.4,"frp_max":13.6,"frp_mean":5.3,"area_km2":2.17,"lat":-18.1505,"lon":144.791,"first_seen":"2026-09-28","last_seen":"2026-09-28","duration_days":1,"status":"historic","trend":-1,"growth_ratio":0.0,"night_frac":0.0,"daily":{"2026-09-28":{"n":18,"frp":95.4}}}},{"type":"Feature","id":153,"geometry":{"type":"Polygon","coordinates":[[[147.2535,-9.2381],[147.2717,-9.2476],[147.2716,-9.23],[147.2535,-9.2381]]]},"properties":{"fid":153,"n":16,"fre_gj":220.4,"fre_daily":{"2026-09-28":24.8,"2026-09-29":87.8,"2026-09-30":19.1,"2026-10-01":7.6,"2026-10-02":81.3},"overpasses":9,"frp_total":81.6,"frp_max":13.3,"frp_mean":5.1,"area_km2":1.94,"lat":-9.2385,"lon":147.2632,"first_seen":"2026-09-28","last_seen":"2026-10-02","duration_days":5,"status":"historic","trend":-1,"growth_ratio":0.0,"night_frac":0.0,"daily":{"2026-09-28":{"n":3,"frp":8.6},"2026-09-29":{"n":8,"frp":39.8},"2026-09-30":{"n":1,"frp":5.3},"2026-10-01":{"n":1,"frp":2.1},"2026-10-02":{"n":3,"frp":25.8}}}},{"type":"Feature","id":169,"geometry":{"type":"Polygon","coordinates":[[[148.9209,-9.1278],[148.9215,-9.1316],[148.923,-9.1311],[148.9257,-9.1294],[148.9325,-9.1247],[148.9237,-9.1238],[148.9209,-9.1278]]]},"properties":{"fid":169,"n":11,"fre_gj":219.8,"fre_daily":{"2026-09-28":69.4,"2026-09-29":92.5,"2026-09-30":25.6,"2026-10-01":32.4},"overpasses":7,"frp_total":83.2,"frp_max":11.9,"frp_mean":7.56,"area_km2":0.54,"lat":-9.128,"lon":148.9245,"first_seen":"2026-09-28","last_seen":"2026-10-01","duration_days":4,"status":"historic","trend":-1,"growth_ratio":0.0,"night_frac":0.0,"daily":{"2026-09-28":{"n":3,"frp":24.1},"2026-09-29":{"n":5,"frp":43.0},"2026-09-30":{"n":1,"frp":7.1},"2026-10-01":{"n":2,"frp":9.0}}}},{"type":"Feature","id":30,"geometry":{"type":"Polygon","coordinates":[[[149.1876,-29.91779],[149.18713,-29.91547],[149.18578,-29.91343],[149.18371,-29.91191],[149.18117,-29.91111],[149.17847,-29.91111],[149.17594,-29.91191],[149.17387,-29.91343],[149.17252,-29.91547],[149.17205,-29.91779],[149.17252,-29.92011],[149.17387,-29.92215],[149.17594,-29.92366],[149.17847,-29.92447],[149.18117,-29.92447],[149.18371,-29.92366],[149.18578,-29.92215],[149.18713,-29.92011],[149.1876,-29.91779]]]},"properties":{"fid":30,"n":9,"fre_gj":219.5,"fre_daily":{"2026-09-28":174.4,"2026-10-03":45.1},"overpasses":5,"frp_total":35.5,"frp_max":7.3,"frp_mean":3.95,"area_km2":1.73,"lat":-29.9178,"lon":149.1798,"first_seen":"2026-09-28","last_seen":"2026-10-03","duration_days":2,"status":"receding","trend":-1,"growth_ratio":0.0,"night_frac":0.11,"daily":{"2026-09-28":{"n":5,"frp":23.0},"2026-10-03":{"n":4,"frp":12.5}}}},{"type":"Feature","id":1009,"geometry":{"type":"Polygon","coordinates":[[[147.3488,-9.4184],[147.3527,-9.421],[147.3612,-9.4244],[147.3542,-9.4181],[147.3526,-9.4177],[147.35,-9.4177],[147.3488,-9.4184]]]},"properties":{"fid":1009,"n":7,"fre_gj":218.3,"fre_daily":{"2026-10-01":138.3,"2026-10-02":80.1},"overpasses":4,"frp_total":38.7,"frp_max":7.7,"frp_mean":5.53,"area_km2":0.3,"lat":-9.4194,"lon":147.3527,"first_seen":"2026-10-01","last_seen":"2026-10-02","duration_days":2,"status":"historic","trend":-1,"growth_ratio":0.0,"night_frac":0.14,"daily":{"2026-10-01":{"n":1,"frp":0.8},"2026-10-02":{"n":6,"frp":37.9}}}},{"type":"Feature","id":1090,"geometry":{"type":"Polygon","coordinates":[[[151.5247,-27.7104],[151.5321,-27.7171],[151.5376,-27.716],[151.5414,-27.7072],[151.5349,-27.7043],[151.5293,-27.7054],[151.5247,-27.7104]]]},"properties":{"fid":1090,"n":10,"fre_gj":217.4,"fre_daily":{"2026-10-02":217.4},"overpasses":1,"frp_total":60.4,"frp_max":7.3,"frp_mean":6.04,"area_km2":1.48,"lat":-27.7103,"lon":151.5334,"first_seen":"2026-10-02","last_seen":"2026-10-02","duration_days":1,"status":"historic","trend":-1,"growth_ratio":0.0,"night_frac":0.0,"daily":{"2026-10-02":{"n":10,"frp":60.4}}}},{"type":"Feature","id":859,"geometry":{"type":"Polygon","coordinates":[[[147.6324,-32.2905],[147.6331,-32.2943],[147.6439,-32.2929],[147.6399,-32.2871],[147.6386,-32.2861],[147.6327,-32.2888],[147.6324,-32.2905]]]},"properties":{"fid":859,"n":23,"fre_gj":217.3,"fre_daily":{"2026-09-30":217.3},"overpasses":6,"frp_total":50.7,"frp_max":6.6,"frp_mean":2.2,"area_km2":0.63,"lat":-32.2903,"lon":147.6376,"first_seen":"2026-09-30","last_seen":"2026-09-30","duration_days":1,"status":"historic","trend":-1,"growth_ratio":0.0,"night_frac":1.0,"daily":{"2026-09-30":{"n":23,"frp":50.7}}}},{"type":"Feature","id":638,"geometry":{"type":"Polygon","coordinates":[[[124.03715,-9.45123],[124.03676,-9.44904],[124.03565,-9.44711],[124.03393,-9.44569],[124.03183,-9.44493],[124.02959,-9.44493],[124.02749,-9.44569],[124.02578,-9.44711],[124.02466,-9.44904],[124.02427,-9.45123],[124.02466,-9.45341],[124.02578,-9.45534],[124.02749,-9.45676],[124.02959,-9.45752],[124.03183,-9.45752],[124.03393,-9.45676],[124.03565,-9.45534],[124.03676,-9.45341],[124.03715,-9.45123]]]},"properties":{"fid":638,"n":8,"fre_gj":217.0,"fre_daily":{"2026-09-29":217.0},"overpasses":3,"frp_total":86.5,"frp_max":21.5,"frp_mean":10.81,"area_km2":1.54,"lat":-9.4512,"lon":124.0307,"first_seen":"2026-09-29","last_seen":"2026-09-29","duration_days":1,"status":"historic","trend":-1,"growth_ratio":0.0,"night_frac":0.0,"daily":{"2026-09-29":{"n":8,"frp":86.5}}}},{"type":"Feature","id":467,"geometry":{"type":"Polygon","coordinates":[[[141.6745,-9.018],[141.6872,-9.0159],[141.69,-9.0064],[141.6881,-9.005],[141.685,-9.0028],[141.6745,-9.018]]]},"properties":{"fid":467,"n":11,"fre_gj":216.5,"fre_daily":{"2026-09-28":199.6,"2026-09-29":16.9},"overpasses":3,"frp_total":91.1,"frp_max":17.0,"frp_mean":8.28,"area_km2":1.39,"lat":-9.0107,"lon":141.685,"first_seen":"2026-09-28","last_seen":"2026-09-29","duration_days":2,"status":"historic","trend":-1,"growth_ratio":0.0,"night_frac":0.0,"daily":{"2026-09-28":{"n":10,"frp":86.4},"2026-09-29":{"n":1,"frp":4.7}}}},{"type":"Feature","id":696,"geometry":{"type":"Polygon","coordinates":[[[114.9952,-21.6925],[114.9988,-21.698],[115.003,-21.6984],[115.0036,-21.6945],[115.0003,-21.6925],[114.9979,-21.6912],[114.9952,-21.6925]]]},"properties":{"fid":696,"n":27,"fre_gj":216.4,"fre_daily":{"2026-09-29":153.3,"2026-09-30":21.9,"2026-10-01":13.5,"2026-10-02":16.2,"2026-10-03":11.4},"overpasses":15,"frp_total":33.5,"frp_max":2.7,"frp_mean":1.24,"area_km2":0.41,"lat":-21.6955,"lon":115.0003,"first_seen":"2026-09-29","last_seen":"2026-10-03","duration_days":5,"status":"receding","trend":-1,"growth_ratio":0.0,"night_frac":0.96,"daily":{"2026-09-29":{"n":5,"frp":7.3},"2026-09-30":{"n":6,"frp":7.8},"2026-10-01":{"n":5,"frp":5.6},"2026-10-02":{"n":7,"frp":7.9},"2026-10-03":{"n":4,"frp":4.9}}}},{"type":"Feature","id":827,"geometry":{"type":"Polygon","coordinates":[[[131.3236,-13.0247],[131.3341,-13.0382],[131.3364,-13.0334],[131.3359,-13.0299],[131.3316,-13.0271],[131.3236,-13.0247]]]},"properties":{"fid":827,"n":5,"fre_gj":214.9,"fre_daily":{"2026-09-30":214.9},"overpasses":2,"frp_total":73.1,"frp_max":23.5,"frp_mean":14.62,"area_km2":0.8,"lat":-13.0307,"lon":131.3323,"first_seen":"2026-09-30","last_seen":"2026-09-30","duration_days":1,"status":"historic","trend":-1,"growth_ratio":0.0,"night_frac":0.0,"daily":{"2026-09-30":{"n":5,"frp":73.1}}}},{"type":"Feature","id":311,"geometry":{"type":"Polygon","coordinates":[[[125.1844,-9.127],[125.1882,-9.1428],[125.2055,-9.1488],[125.2062,-9.1345],[125.1959,-9.1304],[125.1844,-9.127]]]},"properties":{"fid":311,"n":10,"fre_gj":214.2,"fre_daily":{"2026-09-28":40.2,"2026-09-29":57.2,"2026-09-30":98.8,"2026-10-02":18.0},"overpasses":8,"frp_total":81.8,"frp_max":24.6,"frp_mean":8.18,"area_km2":3.52,"lat":-9.1369,"lon":125.1966,"first_seen":"2026-09-28","last_seen":"2026-10-02","duration_days":4,"status":"historic","trend":-1,"growth_ratio":0.0,"night_frac":0.0,"daily":{"2026-09-28":{"n":3,"frp":15.2},"2026-09-29":{"n":2,"frp":15.9},"2026-09-30":{"n":4,"frp":45.7},"2026-10-02":{"n":1,"frp":5.0}}}},{"type":"Feature","id":291,"geometry":{"type":"Polygon","coordinates":[[[120.3199,-9.7244],[120.3231,-9.7366],[120.3239,-9.7228],[120.3227,-9.714],[120.3199,-9.7244]]]},"properties":{"fid":291,"n":6,"fre_gj":213.9,"fre_daily":{"2026-09-28":31.7,"2026-09-30":96.4,"2026-10-01":77.8,"2026-10-03":8.0},"overpasses":6,"frp_total":37.1,"frp_max":15.1,"frp_mean":6.19,"area_km2":0.55,"lat":-9.7263,"lon":120.3225,"first_seen":"2026-09-28","last_seen":"2026-10-03","duration_days":4,"status":"receding","trend":-1,"growth_ratio":0.0,"night_frac":0.0,"daily":{"2026-09-28":{"n":1,"frp":8.8},"2026-09-30":{"n":2,"frp":8.8},"2026-10-01":{"n":2,"frp":17.3},"2026-10-03":{"n":1,"frp":2.2}}}},{"type":"Feature","id":1040,"geometry":{"type":"Polygon","coordinates":[[[149.9039,-30.0338],[149.9044,-30.0395],[149.9192,-30.0387],[149.9175,-30.029],[149.9039,-30.0338]]]},"properties":{"fid":1040,"n":5,"fre_gj":212.6,"fre_daily":{"2026-10-01":212.6},"overpasses":3,"frp_total":45.2,"frp_max":22.1,"frp_mean":9.04,"area_km2":1.2,"lat":-30.0356,"lon":149.9103,"first_seen":"2026-10-01","last_seen":"2026-10-01","duration_days":1,"status":"historic","trend":-1,"growth_ratio":0.0,"night_frac":0.0,"daily":{"2026-10-01":{"n":5,"frp":45.2}}}},{"type":"Feature","id":753,"geometry":{"type":"Polygon","coordinates":[[[135.1376,-14.6938],[135.143,-14.6957],[135.152,-14.6919],[135.1383,-14.6879],[135.1376,-14.6938]]]},"properties":{"fid":753,"n":7,"fre_gj":212.3,"fre_daily":{"2026-09-29":134.2,"2026-09-30":44.9,"2026-10-01":33.1},"overpasses":5,"frp_total":23.8,"frp_max":8.1,"frp_mean":3.4,"area_km2":0.72,"lat":-14.692,"lon":135.1436,"first_seen":"2026-09-29","last_seen":"2026-10-01","duration_days":3,"status":"historic","trend":-1,"growth_ratio":0.0,"night_frac":0.43,"daily":{"2026-09-29":{"n":3,"frp":3.9},"2026-09-30":{"n":2,"frp":8.4},"2026-10-01":{"n":2,"frp":11.5}}}},{"type":"Feature","id":1113,"geometry":{"type":"Polygon","coordinates":[[[130.57676,-11.5303],[130.57643,-11.52841],[130.57545,-11.52674],[130.57396,-11.5255],[130.57212,-11.52485],[130.57018,-11.52485],[130.56834,-11.5255],[130.56685,-11.52674],[130.56587,-11.52841],[130.56554,-11.5303],[130.56587,-11.53219],[130.56685,-11.53386],[130.56834,-11.5351],[130.57018,-11.53575],[130.57212,-11.53575],[130.57396,-11.5351],[130.57545,-11.53386],[130.57643,-11.53219],[130.57676,-11.5303]]]},"properties":{"fid":1113,"n":6,"fre_gj":212.3,"fre_daily":{"2026-10-02":212.3},"overpasses":4,"frp_total":92.3,"frp_max":29.9,"frp_mean":15.38,"area_km2":1.15,"lat":-11.5303,"lon":130.5711,"first_seen":"2026-10-02","last_seen":"2026-10-02","duration_days":1,"status":"historic","trend":-1,"growth_ratio":0.0,"night_frac":0.0,"daily":{"2026-10-02":{"n":6,"frp":92.3}}}},{"type":"Feature","id":598,"geometry":{"type":"Polygon","coordinates":[[[145.87034,-34.82607],[145.87005,-34.82473],[145.86923,-34.82355],[145.86797,-34.82268],[145.86642,-34.82221],[145.86478,-34.82221],[145.86323,-34.82268],[145.86197,-34.82355],[145.86115,-34.82473],[145.86086,-34.82607],[145.86115,-34.82741],[145.86197,-34.82858],[145.86323,-34.82946],[145.86478,-34.82992],[145.86642,-34.82992],[145.86797,-34.82946],[145.86923,-34.82858],[145.87005,-34.82741],[145.87034,-34.82607]]]},"properties":{"fid":598,"n":3,"fre_gj":212.0,"fre_daily":{"2026-09-29":212.0},"overpasses":3,"frp_total":21.8,"frp_max":13.7,"frp_mean":7.27,"area_km2":0.58,"lat":-34.8261,"lon":145.8656,"first_seen":"2026-09-29","last_seen":"2026-09-29","duration_days":1,"status":"historic","trend":-1,"growth_ratio":0.0,"night_frac":0.33,"daily":{"2026-09-29":{"n":3,"frp":21.8}}}},{"type":"Feature","id":1189,"geometry":{"type":"Polygon","coordinates":[[[147.70659,-22.6235],[147.70618,-22.62131],[147.70498,-22.61939],[147.70315,-22.61796],[147.70091,-22.6172],[147.69852,-22.6172],[147.69627,-22.61796],[147.69444,-22.61939],[147.69325,-22.62131],[147.69283,-22.6235],[147.69325,-22.62569],[147.69444,-22.62761],[147.69627,-22.62904],[147.69852,-22.6298],[147.70091,-22.6298],[147.70315,-22.62904],[147.70498,-22.62761],[147.70618,-22.62569],[147.70659,-22.6235]]]},"properties":{"fid":1189,"n":8,"fre_gj":209.4,"fre_daily":{"2026-10-03":209.4},"overpasses":6,"frp_total":27.2,"frp_max":12.9,"frp_mean":3.4,"area_km2":1.54,"lat":-22.6235,"lon":147.6997,"first_seen":"2026-10-03","last_seen":"2026-10-03","duration_days":1,"status":"receding","trend":-1,"growth_ratio":0.0,"night_frac":0.5,"daily":{"2026-10-03":{"n":8,"frp":27.2}}}},{"type":"Feature","id":122,"geometry":{"type":"Polygon","coordinates":[[[147.8145,-9.6808],[147.8184,-9.6959],[147.8219,-9.7037],[147.8254,-9.7031],[147.8277,-9.6994],[147.8285,-9.6752],[147.8271,-9.6544],[147.8148,-9.6537],[147.8145,-9.6808]]]},"properties":{"fid":122,"n":15,"fre_gj":207.8,"fre_daily":{"2026-09-28":10.1,"2026-09-29":66.8,"2026-10-02":34.2,"2026-10-03":52.3,"2026-10-04":44.4},"overpasses":6,"frp_total":62.4,"frp_max":9.5,"frp_mean":4.16,"area_km2":7.07,"lat":-9.6798,"lon":147.8226,"first_seen":"2026-09-28","last_seen":"2026-10-04","duration_days":5,"status":"active","trend":-1,"growth_ratio":0.62,"night_frac":0.0,"daily":{"2026-09-28":{"n":1,"frp":2.8},"2026-09-29":{"n":6,"frp":23.2},"2026-10-02":{"n":1,"frp":9.5},"2026-10-03":{"n":5,"frp":14.5},"2026-10-04":{"n":2,"frp":12.3}}}},{"type":"Feature","id":24,"geometry":{"type":"Polygon","coordinates":[[[149.0973,-31.7916],[149.0981,-31.7949],[149.1036,-31.7975],[149.103,-31.7894],[149.0973,-31.7916]]]},"properties":{"fid":24,"n":6,"fre_gj":206.3,"fre_daily":{"2026-09-28":206.3},"overpasses":3,"frp_total":107.9,"frp_max":20.8,"frp_mean":17.98,"area_km2":0.33,"lat":-31.7931,"lon":149.1009,"first_seen":"2026-09-28","last_seen":"2026-09-28","duration_days":1,"status":"historic","trend":-1,"growth_ratio":0.0,"night_frac":0.0,"daily":{"2026-09-28":{"n":6,"frp":107.9}}}},{"type":"Feature","id":774,"geometry":{"type":"Polygon","coordinates":[[[124.7856,-9.4708],[124.7866,-9.4765],[124.7903,-9.477],[124.7999,-9.4751],[124.7883,-9.4703],[124.7856,-9.4708]]]},"properties":{"fid":774,"n":7,"fre_gj":206.2,"fre_daily":{"2026-09-29":73.4,"2026-10-01":41.0,"2026-10-02":64.4,"2026-10-03":27.3},"overpasses":4,"frp_total":57.3,"frp_max":10.3,"frp_mean":8.18,"area_km2":0.65,"lat":-9.474,"lon":124.7904,"first_seen":"2026-09-29","last_seen":"2026-10-03","duration_days":4,"status":"receding","trend":-1,"growth_ratio":0.0,"night_frac":0.0,"daily":{"2026-09-29":{"n":2,"frp":20.4},"2026-10-01":{"n":2,"frp":11.4},"2026-10-02":{"n":2,"frp":17.9},"2026-10-03":{"n":1,"frp":7.6}}}},{"type":"Feature","id":649,"geometry":{"type":"Polygon","coordinates":[[[125.6661,-9.0604],[125.6754,-9.066],[125.6791,-9.0659],[125.7032,-9.04],[125.7004,-9.0389],[125.6893,-9.0456],[125.6661,-9.0604]]]},"properties":{"fid":649,"n":14,"fre_gj":204.4,"fre_daily":{"2026-09-29":27.0,"2026-09-30":93.8,"2026-10-01":32.2,"2026-10-03":51.3},"overpasses":9,"frp_total":77.6,"frp_max":9.9,"frp_mean":5.54,"area_km2":3.63,"lat":-9.0521,"lon":125.687,"first_seen":"2026-09-29","last_seen":"2026-10-03","duration_days":4,"status":"receding","trend":-1,"growth_ratio":0.0,"night_frac":0.0,"daily":{"2026-09-29":{"n":2,"frp":9.1},"2026-09-30":{"n":7,"frp":38.8},"2026-10-01":{"n":3,"frp":13.1},"2026-10-03":{"n":2,"frp":16.6}}}},{"type":"Feature","id":766,"geometry":{"type":"Polygon","coordinates":[[[145.08602,-35.55503],[145.08569,-35.55348],[145.08473,-35.55212],[145.08326,-35.55111],[145.08146,-35.55057],[145.07954,-35.55057],[145.07774,-35.55111],[145.07627,-35.55212],[145.07531,-35.55348],[145.07498,-35.55503],[145.07531,-35.55657],[145.07627,-35.55793],[145.07774,-35.55894],[145.07954,-35.55948],[145.08146,-35.55948],[145.08326,-35.55894],[145.08473,-35.55793],[145.08569,-35.55657],[145.08602,-35.55503]]]},"properties":{"fid":766,"n":4,"fre_gj":203.8,"fre_daily":{"2026-09-29":203.8},"overpasses":1,"frp_total":56.6,"frp_max":18.4,"frp_mean":14.15,"area_km2":0.77,"lat":-35.555,"lon":145.0805,"first_seen":"2026-09-29","last_seen":"2026-09-29","duration_days":1,"status":"historic","trend":-1,"growth_ratio":0.0,"night_frac":0.0,"daily":{"2026-09-29":{"n":4,"frp":56.6}}}},{"type":"Feature","id":17,"geometry":{"type":"Polygon","coordinates":[[[148.02222,-34.31357],[148.02167,-34.31101],[148.02011,-34.30875],[148.01771,-34.30708],[148.01477,-34.30619],[148.01163,-34.30619],[148.00869,-34.30708],[148.00629,-34.30875],[148.00473,-34.31101],[148.00418,-34.31357],[148.00473,-34.31614],[148.00629,-34.31839],[148.00869,-34.32007],[148.01163,-34.32096],[148.01477,-34.32096],[148.01771,-34.32007],[148.02011,-34.31839],[148.02167,-34.31614],[148.02222,-34.31357]]]},"properties":{"fid":17,"n":11,"fre_gj":202.9,"fre_daily":{"2026-09-28":197.7,"2026-09-29":5.2},"overpasses":7,"frp_total":26.5,"frp_max":7.0,"frp_mean":2.41,"area_km2":2.12,"lat":-34.3136,"lon":148.0132,"first_seen":"2026-09-28","last_seen":"2026-09-29","duration_days":2,"status":"historic","trend":-1,"growth_ratio":0.0,"night_frac":0.64,"daily":{"2026-09-28":{"n":9,"frp":24.4},"2026-09-29":{"n":2,"frp":2.1}}}},{"type":"Feature","id":1118,"geometry":{"type":"Polygon","coordinates":[[[149.2023,-9.28728],[149.20203,-9.28573],[149.20124,-9.28437],[149.20003,-9.28336],[149.19854,-9.28282],[149.19696,-9.28282],[149.19547,-9.28336],[149.19426,-9.28437],[149.19347,-9.28573],[149.1932,-9.28728],[149.19347,-9.28882],[149.19426,-9.29018],[149.19547,-9.29119],[149.19696,-9.29173],[149.19854,-9.29173],[149.20003,-9.29119],[149.20124,-9.29018],[149.20203,-9.28882],[149.2023,-9.28728]]]},"properties":{"fid":1118,"n":4,"fre_gj":202.5,"fre_daily":{"2026-10-02":202.5},"overpasses":3,"frp_total":75.1,"frp_max":22.9,"frp_mean":18.77,"area_km2":0.77,"lat":-9.2873,"lon":149.1978,"first_seen":"2026-10-02","last_seen":"2026-10-02","duration_days":1,"status":"historic","trend":-1,"growth_ratio":0.0,"night_frac":0.0,"daily":{"2026-10-02":{"n":4,"frp":75.1}}}},{"type":"Feature","id":595,"geometry":{"type":"Polygon","coordinates":[[[145.84529,-35.8988],[145.84488,-35.89691],[145.8437,-35.89524],[145.8419,-35.894],[145.83968,-35.89335],[145.83732,-35.89335],[145.8351,-35.894],[145.8333,-35.89524],[145.83212,-35.89691],[145.83171,-35.8988],[145.83212,-35.90069],[145.8333,-35.90236],[145.8351,-35.9036],[145.83732,-35.90425],[145.83968,-35.90425],[145.8419,-35.9036],[145.8437,-35.90236],[145.84488,-35.90069],[145.84529,-35.8988]]]},"properties":{"fid":595,"n":6,"fre_gj":202.0,"fre_daily":{"2026-09-29":166.4,"2026-09-30":35.6},"overpasses":4,"frp_total":71.9,"frp_max":19.2,"frp_mean":11.98,"area_km2":1.15,"lat":-35.8988,"lon":145.8385,"first_seen":"2026-09-29","last_seen":"2026-09-30","duration_days":2,"status":"historic","trend":-1,"growth_ratio":0.0,"night_frac":0.0,"daily":{"2026-09-29":{"n":4,"frp":62.0},"2026-09-30":{"n":2,"frp":9.9}}}},{"type":"Feature","id":436,"geometry":{"type":"Polygon","coordinates":[[[135.20514,-17.0735],[135.20489,-17.07216],[135.20418,-17.07098],[135.2031,-17.07011],[135.20177,-17.06964],[135.20036,-17.06964],[135.19903,-17.07011],[135.19795,-17.07098],[135.19724,-17.07216],[135.197,-17.0735],[135.19724,-17.07484],[135.19795,-17.07602],[135.19903,-17.07689],[135.20036,-17.07736],[135.20177,-17.07736],[135.2031,-17.07689],[135.20418,-17.07602],[135.20489,-17.07484],[135.20514,-17.0735]]]},"properties":{"fid":436,"n":3,"fre_gj":199.1,"fre_daily":{"2026-09-28":199.1},"overpasses":2,"frp_total":85.1,"frp_max":55.0,"frp_mean":28.37,"area_km2":0.58,"lat":-17.0735,"lon":135.2011,"first_seen":"2026-09-28","last_seen":"2026-09-28","duration_days":1,"status":"historic","trend":-1,"growth_ratio":0.0,"night_frac":0.0,"daily":{"2026-09-28":{"n":3,"frp":85.1}}}},{"type":"Feature","id":717,"geometry":{"type":"Polygon","coordinates":[[[147.413,-9.4161],[147.4226,-9.4153],[147.4454,-9.412],[147.4468,-9.4062],[147.4443,-9.3938],[147.4293,-9.3924],[147.413,-9.4161]]]},"properties":{"fid":717,"n":11,"fre_gj":198.6,"fre_daily":{"2026-09-29":13.0,"2026-10-01":55.1,"2026-10-02":68.4,"2026-10-04":62.2},"overpasses":6,"frp_total":57.4,"frp_max":8.8,"frp_mean":5.22,"area_km2":6.18,"lat":-9.4039,"lon":147.4331,"first_seen":"2026-09-29","last_seen":"2026-10-04","duration_days":4,"status":"active","trend":-1,"growth_ratio":0.67,"night_frac":0.0,"daily":{"2026-09-29":{"n":1,"frp":3.6},"2026-10-01":{"n":3,"frp":14.8},"2026-10-02":{"n":5,"frp":21.7},"2026-10-04":{"n":2,"frp":17.3}}}},{"type":"Feature","id":597,"geometry":{"type":"Polygon","coordinates":[[[144.37231,-35.5223],[144.37202,-35.52096],[144.37119,-35.51978],[144.36992,-35.51891],[144.36836,-35.51844],[144.3667,-35.51844],[144.36514,-35.51891],[144.36387,-35.51978],[144.36304,-35.52096],[144.36275,-35.5223],[144.36304,-35.52364],[144.36387,-35.52482],[144.36514,-35.52569],[144.3667,-35.52616],[144.36836,-35.52616],[144.36992,-35.52569],[144.37119,-35.52482],[144.37202,-35.52364],[144.37231,-35.5223]]]},"properties":{"fid":597,"n":3,"fre_gj":197.9,"fre_daily":{"2026-09-29":197.9},"overpasses":2,"frp_total":68.7,"frp_max":45.7,"frp_mean":22.9,"area_km2":0.58,"lat":-35.5223,"lon":144.3675,"first_seen":"2026-09-29","last_seen":"2026-09-29","duration_days":1,"status":"historic","trend":-1,"growth_ratio":0.0,"night_frac":0.0,"daily":{"2026-09-29":{"n":3,"frp":68.7}}}},{"type":"Feature","id":458,"geometry":{"type":"Polygon","coordinates":[[[130.338,-11.4221],[130.3388,-11.4238],[130.3431,-11.4299],[130.3419,-11.4216],[130.3381,-11.419],[130.338,-11.4221]]]},"properties":{"fid":458,"n":6,"fre_gj":197.7,"fre_daily":{"2026-09-28":197.7},"overpasses":3,"frp_total":35.7,"frp_max":10.2,"frp_mean":5.95,"area_km2":0.29,"lat":-11.4237,"lon":130.3404,"first_seen":"2026-09-28","last_seen":"2026-09-28","duration_days":1,"status":"historic","trend":-1,"growth_ratio":0.0,"night_frac":0.0,"daily":{"2026-09-28":{"n":6,"frp":35.7}}}},{"type":"Feature","id":1178,"geometry":{"type":"Polygon","coordinates":[[[136.4553,-15.7726],[136.4573,-15.7729],[136.4631,-15.7676],[136.4618,-15.7565],[136.4553,-15.7726]]]},"properties":{"fid":1178,"n":5,"fre_gj":195.6,"fre_daily":{"2026-10-02":90.7,"2026-10-03":104.8},"overpasses":3,"frp_total":58.5,"frp_max":25.2,"frp_mean":11.7,"area_km2":0.62,"lat":-15.7676,"lon":136.4594,"first_seen":"2026-10-02","last_seen":"2026-10-03","duration_days":2,"status":"receding","trend":-1,"growth_ratio":0.0,"night_frac":0.0,"daily":{"2026-10-02":{"n":1,"frp":25.2},"2026-10-03":{"n":4,"frp":33.3}}}},{"type":"Feature","id":437,"geometry":{"type":"Polygon","coordinates":[[[134.4044,-15.7017],[134.4046,-15.7085],[134.4059,-15.7126],[134.4085,-15.7023],[134.4078,-15.7015],[134.4044,-15.7017]]]},"properties":{"fid":437,"n":7,"fre_gj":195.1,"fre_daily":{"2026-09-28":50.4,"2026-09-29":144.7},"overpasses":4,"frp_total":65.9,"frp_max":14.0,"frp_mean":9.41,"area_km2":0.32,"lat":-15.706,"lon":134.4063,"first_seen":"2026-09-28","last_seen":"2026-09-29","duration_days":2,"status":"historic","trend":-1,"growth_ratio":0.0,"night_frac":0.0,"daily":{"2026-09-28":{"n":1,"frp":14.0},"2026-09-29":{"n":6,"frp":51.9}}}},{"type":"Feature","id":797,"geometry":{"type":"Polygon","coordinates":[[[150.5142,-26.1192],[150.5144,-26.1199],[150.5156,-26.1215],[150.5282,-26.1229],[150.5338,-26.123],[150.5368,-26.1225],[150.5388,-26.1208],[150.5426,-26.1174],[150.5424,-26.1123],[150.5142,-26.1192]]]},"properties":{"fid":797,"n":15,"fre_gj":194.8,"fre_daily":{"2026-09-30":69.1,"2026-10-01":125.7},"overpasses":7,"frp_total":73.3,"frp_max":12.7,"frp_mean":4.89,"area_km2":1.92,"lat":-26.12,"lon":150.5319,"first_seen":"2026-09-30","last_seen":"2026-10-01","duration_days":2,"status":"historic","trend":-1,"growth_ratio":0.0,"night_frac":0.0,"daily":{"2026-09-30":{"n":8,"frp":32.5},"2026-10-01":{"n":7,"frp":40.8}}}},{"type":"Feature","id":528,"geometry":{"type":"Polygon","coordinates":[[[140.8904,-9.0555],[140.8959,-9.0603],[140.8992,-9.0534],[140.897,-9.0519],[140.8904,-9.0555]]]},"properties":{"fid":528,"n":7,"fre_gj":193.8,"fre_daily":{"2026-09-28":9.0,"2026-10-02":181.8,"2026-10-03":3.1},"overpasses":6,"frp_total":21.9,"frp_max":7.6,"frp_mean":3.14,"area_km2":0.44,"lat":-9.0551,"lon":140.8962,"first_seen":"2026-09-28","last_seen":"2026-10-03","duration_days":3,"status":"receding","trend":-1,"growth_ratio":0.0,"night_frac":0.43,"daily":{"2026-09-28":{"n":1,"frp":2.5},"2026-10-02":{"n":5,"frp":18.6},"2026-10-03":{"n":1,"frp":0.8}}}},{"type":"Feature","id":1172,"geometry":{"type":"Polygon","coordinates":[[[144.91289,-14.84897],[144.91265,-14.84763],[144.91195,-14.84645],[144.91088,-14.84558],[144.90957,-14.84511],[144.90817,-14.84511],[144.90685,-14.84558],[144.90578,-14.84645],[144.90509,-14.84763],[144.90484,-14.84897],[144.90509,-14.85031],[144.90578,-14.85148],[144.90685,-14.85236],[144.90817,-14.85282],[144.90957,-14.85282],[144.91088,-14.85236],[144.91195,-14.85148],[144.91265,-14.85031],[144.91289,-14.84897]]]},"properties":{"fid":1172,"n":3,"fre_gj":193.6,"fre_daily":{"2026-10-02":193.6},"overpasses":3,"frp_total":9.7,"frp_max":8.2,"frp_mean":3.23,"area_km2":0.58,"lat":-14.849,"lon":144.9089,"first_seen":"2026-10-02","last_seen":"2026-10-02","duration_days":1,"status":"historic","trend":-1,"growth_ratio":0.0,"night_frac":0.67,"daily":{"2026-10-02":{"n":3,"frp":9.7}}}},{"type":"Feature","id":984,"geometry":{"type":"Polygon","coordinates":[[[124.7573,-9.2709],[124.7576,-9.2721],[124.7648,-9.2783],[124.7676,-9.2778],[124.7797,-9.2686],[124.7588,-9.2662],[124.7583,-9.2665],[124.7573,-9.2709]]]},"properties":{"fid":984,"n":10,"fre_gj":193.1,"fre_daily":{"2026-10-01":72.4,"2026-10-02":99.4,"2026-10-03":21.3},"overpasses":5,"frp_total":59.1,"frp_max":10.1,"frp_mean":5.91,"area_km2":1.9,"lat":-9.2719,"lon":124.7637,"first_seen":"2026-10-01","last_seen":"2026-10-03","duration_days":3,"status":"receding","trend":-1,"growth_ratio":0.0,"night_frac":0.0,"daily":{"2026-10-01":{"n":5,"frp":25.6},"2026-10-02":{"n":4,"frp":27.6},"2026-10-03":{"n":1,"frp":5.9}}}},{"type":"Feature","id":447,"geometry":{"type":"Polygon","coordinates":[[[134.5566,-12.2929],[134.5571,-12.2963],[134.5603,-12.2969],[134.5716,-12.2922],[134.571,-12.2888],[134.5662,-12.2832],[134.5566,-12.2929]]]},"properties":{"fid":447,"n":10,"fre_gj":192.9,"fre_daily":{"2026-09-28":17.3,"2026-09-29":73.8,"2026-09-30":34.6,"2026-10-02":67.3},"overpasses":5,"frp_total":63.3,"frp_max":13.0,"frp_mean":6.33,"area_km2":1.35,"lat":-12.2917,"lon":134.5629,"first_seen":"2026-09-28","last_seen":"2026-10-02","duration_days":4,"status":"historic","trend":-1,"growth_ratio":0.0,"night_frac":0.0,"daily":{"2026-09-28":{"n":1,"frp":4.8},"2026-09-29":{"n":2,"frp":20.5},"2026-09-30":{"n":2,"frp":9.6},"2026-10-02":{"n":5,"frp":28.4}}}},{"type":"Feature","id":1048,"geometry":{"type":"Polygon","coordinates":[[[144.6077,-16.1666],[144.6084,-16.1678],[144.6098,-16.1689],[144.6144,-16.1708],[144.6218,-16.1705],[144.6239,-16.1673],[144.6237,-16.1665],[144.6197,-16.1645],[144.6093,-16.1652],[144.6077,-16.1666]]]},"properties":{"fid":1048,"n":12,"fre_gj":192.4,"fre_daily":{"2026-10-01":18.0,"2026-10-02":84.7,"2026-10-03":89.7},"overpasses":5,"frp_total":60.2,"frp_max":8.6,"frp_mean":5.01,"area_km2":0.9,"lat":-16.1674,"lon":144.6151,"first_seen":"2026-10-01","last_seen":"2026-10-03","duration_days":3,"status":"receding","trend":-1,"growth_ratio":0.0,"night_frac":0.0,"daily":{"2026-10-01":{"n":1,"frp":5.0},"2026-10-02":{"n":5,"frp":29.4},"2026-10-03":{"n":6,"frp":25.8}}}},{"type":"Feature","id":532,"geometry":{"type":"Polygon","coordinates":[[[132.2,-26.26797],[132.19974,-26.26663],[132.19899,-26.26545],[132.19784,-26.26458],[132.19642,-26.26411],[132.19491,-26.26411],[132.1935,-26.26458],[132.19234,-26.26545],[132.19159,-26.26663],[132.19133,-26.26797],[132.19159,-26.26931],[132.19234,-26.27048],[132.1935,-26.27136],[132.19491,-26.27182],[132.19642,-26.27182],[132.19784,-26.27136],[132.19899,-26.27048],[132.19974,-26.26931],[132.2,-26.26797]]]},"properties":{"fid":532,"n":3,"fre_gj":191.2,"fre_daily":{"2026-09-28":191.2},"overpasses":2,"frp_total":45.2,"frp_max":15.9,"frp_mean":15.07,"area_km2":0.58,"lat":-26.268,"lon":132.1957,"first_seen":"2026-09-28","last_seen":"2026-09-28","duration_days":1,"status":"historic","trend":-1,"growth_ratio":0.0,"night_frac":0.0,"daily":{"2026-09-28":{"n":3,"frp":45.2}}}},{"type":"Feature","id":166,"geometry":{"type":"Polygon","coordinates":[[[148.8036,-9.1492],[148.8093,-9.1502],[148.8133,-9.1468],[148.8058,-9.143],[148.8036,-9.1492]]]},"properties":{"fid":166,"n":8,"fre_gj":188.8,"fre_daily":{"2026-09-28":11.5,"2026-10-02":177.3},"overpasses":3,"frp_total":78.0,"frp_max":19.6,"frp_mean":9.75,"area_km2":0.48,"lat":-9.1475,"lon":148.8076,"first_seen":"2026-09-28","last_seen":"2026-10-02","duration_days":2,"status":"historic","trend":-1,"growth_ratio":0.0,"night_frac":0.0,"daily":{"2026-09-28":{"n":1,"frp":3.2},"2026-10-02":{"n":7,"frp":74.8}}}},{"type":"Feature","id":588,"geometry":{"type":"Polygon","coordinates":[[[148.5005,-9.5428],[148.5011,-9.5467],[148.5022,-9.547],[148.5206,-9.543],[148.515,-9.5074],[148.5005,-9.5428]]]},"properties":{"fid":588,"n":10,"fre_gj":188.1,"fre_daily":{"2026-09-29":98.8,"2026-09-30":33.1,"2026-10-01":27.7,"2026-10-04":28.4},"overpasses":5,"frp_total":59.1,"frp_max":11.9,"frp_mean":5.91,"area_km2":4.87,"lat":-9.5341,"lon":148.51,"first_seen":"2026-09-29","last_seen":"2026-10-04","duration_days":4,"status":"active","trend":-1,"growth_ratio":0.33,"night_frac":0.0,"daily":{"2026-09-29":{"n":6,"frp":34.3},"2026-09-30":{"n":1,"frp":9.2},"2026-10-01":{"n":2,"frp":7.7},"2026-10-04":{"n":1,"frp":7.9}}}},{"type":"Feature","id":591,"geometry":{"type":"Polygon","coordinates":[[[147.0789,-9.4418],[147.0862,-9.4428],[147.0888,-9.4423],[147.0892,-9.439],[147.0857,-9.4395],[147.0789,-9.4418]]]},"properties":{"fid":591,"n":6,"fre_gj":187.6,"fre_daily":{"2026-09-29":187.6},"overpasses":4,"frp_total":48.8,"frp_max":23.0,"frp_mean":8.13,"area_km2":0.27,"lat":-9.441,"lon":147.0861,"first_seen":"2026-09-29","last_seen":"2026-09-29","duration_days":1,"status":"historic","trend":-1,"growth_ratio":0.0,"night_frac":0.0,"daily":{"2026-09-29":{"n":6,"frp":48.8}}}},{"type":"Feature","id":567,"geometry":{"type":"Polygon","coordinates":[[[146.61815,-32.74084],[146.61779,-32.73911],[146.61675,-32.73759],[146.61517,-32.73646],[146.61322,-32.73586],[146.61114,-32.73586],[146.60919,-32.73646],[146.60761,-32.73759],[146.60657,-32.73911],[146.60621,-32.74084],[146.60657,-32.74257],[146.60761,-32.74409],[146.60919,-32.74522],[146.61114,-32.74582],[146.61322,-32.74582],[146.61517,-32.74522],[146.61675,-32.74409],[146.61779,-32.74257],[146.61815,-32.74084]]]},"properties":{"fid":567,"n":5,"fre_gj":187.5,"fre_daily":{"2026-09-29":187.5},"overpasses":4,"frp_total":77.3,"frp_max":19.9,"frp_mean":15.46,"area_km2":0.96,"lat":-32.7408,"lon":146.6122,"first_seen":"2026-09-29","last_seen":"2026-09-29","duration_days":1,"status":"historic","trend":-1,"growth_ratio":0.0,"night_frac":0.0,"daily":{"2026-09-29":{"n":5,"frp":77.3}}}},{"type":"Feature","id":5,"geometry":{"type":"Polygon","coordinates":[[[145.81969,-41.14747],[145.81921,-41.14543],[145.81784,-41.14363],[145.81575,-41.14229],[145.81317,-41.14158],[145.81043,-41.14158],[145.80785,-41.14229],[145.80576,-41.14363],[145.80439,-41.14543],[145.80391,-41.14747],[145.80439,-41.14952],[145.80576,-41.15132],[145.80785,-41.15265],[145.81043,-41.15336],[145.81317,-41.15336],[145.81575,-41.15265],[145.81784,-41.15132],[145.81921,-41.14952],[145.81969,-41.14747]]]},"properties":{"fid":5,"n":7,"fre_gj":187.2,"fre_daily":{"2026-09-28":187.2},"overpasses":4,"frp_total":71.4,"frp_max":19.1,"frp_mean":10.2,"area_km2":1.35,"lat":-41.1475,"lon":145.8118,"first_seen":"2026-09-28","last_seen":"2026-09-28","duration_days":1,"status":"historic","trend":-1,"growth_ratio":0.0,"night_frac":0.0,"daily":{"2026-09-28":{"n":7,"frp":71.4}}}},{"type":"Feature","id":643,"geometry":{"type":"Polygon","coordinates":[[[125.04811,-9.35983],[125.04787,-9.35849],[125.04719,-9.35732],[125.04614,-9.35644],[125.04485,-9.35598],[125.04348,-9.35598],[125.0422,-9.35644],[125.04115,-9.35732],[125.04046,-9.35849],[125.04022,-9.35983],[125.04046,-9.36117],[125.04115,-9.36235],[125.0422,-9.36322],[125.04348,-9.36369],[125.04485,-9.36369],[125.04614,-9.36322],[125.04719,-9.36235],[125.04787,-9.36117],[125.04811,-9.35983]]]},"properties":{"fid":643,"n":3,"fre_gj":186.3,"fre_daily":{"2026-09-29":112.9,"2026-10-02":73.4},"overpasses":3,"frp_total":58.4,"frp_max":34.1,"frp_mean":19.47,"area_km2":0.58,"lat":-9.3598,"lon":125.0442,"first_seen":"2026-09-29","last_seen":"2026-10-02","duration_days":2,"status":"historic","trend":-1,"growth_ratio":0.0,"night_frac":0.0,"daily":{"2026-09-29":{"n":2,"frp":38.0},"2026-10-02":{"n":1,"frp":20.4}}}},{"type":"Feature","id":19,"geometry":{"type":"Polygon","coordinates":[[[140.33412,-34.23897],[140.33372,-34.23707],[140.33256,-34.23541],[140.33079,-34.23417],[140.32862,-34.23351],[140.32631,-34.23351],[140.32414,-34.23417],[140.32237,-34.23541],[140.32121,-34.23707],[140.32081,-34.23897],[140.32121,-34.24086],[140.32237,-34.24253],[140.32414,-34.24376],[140.32631,-34.24442],[140.32862,-34.24442],[140.33079,-34.24376],[140.33256,-34.24253],[140.33372,-34.24086],[140.33412,-34.23897]]]},"properties":{"fid":19,"n":6,"fre_gj":186.0,"fre_daily":{"2026-09-28":178.1,"2026-09-29":7.9},"overpasses":6,"frp_total":34.6,"frp_max":11.7,"frp_mean":5.77,"area_km2":1.15,"lat":-34.239,"lon":140.3275,"first_seen":"2026-09-28","last_seen":"2026-09-29","duration_days":2,"status":"historic","trend":-1,"growth_ratio":0.0,"night_frac":0.17,"daily":{"2026-09-28":{"n":5,"frp":32.4},"2026-09-29":{"n":1,"frp":2.2}}}},{"type":"Feature","id":645,"geometry":{"type":"Polygon","coordinates":[[[125.0303,-9.3209],[125.0316,-9.3299],[125.0462,-9.3137],[125.0444,-9.3055],[125.0329,-9.3112],[125.0303,-9.3209]]]},"properties":{"fid":645,"n":6,"fre_gj":184.9,"fre_daily":{"2026-09-29":27.4,"2026-09-30":13.0,"2026-10-01":124.4,"2026-10-02":20.2},"overpasses":5,"frp_total":38.4,"frp_max":9.2,"frp_mean":6.4,"area_km2":2.38,"lat":-9.3177,"lon":125.0363,"first_seen":"2026-09-29","last_seen":"2026-10-02","duration_days":4,"status":"historic","trend":-1,"growth_ratio":0.0,"night_frac":0.0,"daily":{"2026-09-29":{"n":1,"frp":7.6},"2026-09-30":{"n":1,"frp":3.6},"2026-10-01":{"n":3,"frp":21.6},"2026-10-02":{"n":1,"frp":5.6}}}},{"type":"Feature","id":226,"geometry":{"type":"Polygon","coordinates":[[[129.69915,-20.51687],[129.69886,-20.51533],[129.69802,-20.51397],[129.69675,-20.51296],[129.69518,-20.51242],[129.69352,-20.51242],[129.69195,-20.51296],[129.69068,-20.51397],[129.68984,-20.51533],[129.68955,-20.51687],[129.68984,-20.51842],[129.69068,-20.51978],[129.69195,-20.52079],[129.69352,-20.52133],[129.69518,-20.52133],[129.69675,-20.52079],[129.69802,-20.51978],[129.69886,-20.51842],[129.69915,-20.51687]]]},"properties":{"fid":226,"n":4,"fre_gj":184.4,"fre_daily":{"2026-09-28":184.4},"overpasses":2,"frp_total":59.1,"frp_max":15.0,"frp_mean":14.78,"area_km2":0.77,"lat":-20.5169,"lon":129.6943,"first_seen":"2026-09-28","last_seen":"2026-09-28","duration_days":1,"status":"historic","trend":-1,"growth_ratio":0.0,"night_frac":0.0,"daily":{"2026-09-28":{"n":4,"frp":59.1}}}},{"type":"Feature","id":1166,"geometry":{"type":"Polygon","coordinates":[[[136.70287,-12.54312],[136.70253,-12.54122],[136.70155,-12.53956],[136.70005,-12.53832],[136.69821,-12.53766],[136.69625,-12.53766],[136.69442,-12.53832],[136.69292,-12.53956],[136.69194,-12.54122],[136.6916,-12.54312],[136.69194,-12.54501],[136.69292,-12.54668],[136.69442,-12.54791],[136.69625,-12.54857],[136.69821,-12.54857],[136.70005,-12.54791],[136.70155,-12.54668],[136.70253,-12.54501],[136.70287,-12.54312]]]},"properties":{"fid":1166,"n":6,"fre_gj":184.0,"fre_daily":{"2026-10-02":122.9,"2026-10-03":61.1},"overpasses":3,"frp_total":43.6,"frp_max":16.0,"frp_mean":7.26,"area_km2":1.15,"lat":-12.5431,"lon":136.6972,"first_seen":"2026-10-02","last_seen":"2026-10-03","duration_days":2,"status":"receding","trend":-1,"growth_ratio":0.0,"night_frac":0.0,"daily":{"2026-10-02":{"n":3,"frp":26.6},"2026-10-03":{"n":3,"frp":17.0}}}},{"type":"Feature","id":780,"geometry":{"type":"Polygon","coordinates":[[[148.99986,-9.34174],[148.9995,-9.3397],[148.99846,-9.3379],[148.99685,-9.33656],[148.99489,-9.33585],[148.9928,-9.33585],[148.99083,-9.33656],[148.98923,-9.3379],[148.98818,-9.3397],[148.98782,-9.34174],[148.98818,-9.34379],[148.98923,-9.34559],[148.99083,-9.34692],[148.9928,-9.34763],[148.99489,-9.34763],[148.99685,-9.34692],[148.99846,-9.34559],[148.9995,-9.34379],[148.99986,-9.34174]]]},"properties":{"fid":780,"n":7,"fre_gj":183.9,"fre_daily":{"2026-09-29":89.5,"2026-09-30":15.1,"2026-10-01":29.9,"2026-10-03":49.4},"overpasses":6,"frp_total":32.8,"frp_max":9.2,"frp_mean":4.69,"area_km2":1.35,"lat":-9.3417,"lon":148.9938,"first_seen":"2026-09-29","last_seen":"2026-10-03","duration_days":4,"status":"receding","trend":-1,"growth_ratio":0.0,"night_frac":0.14,"daily":{"2026-09-29":{"n":1,"frp":0.6},"2026-09-30":{"n":2,"frp":6.2},"2026-10-01":{"n":2,"frp":12.3},"2026-10-03":{"n":2,"frp":13.7}}}},{"type":"Feature","id":971,"geometry":{"type":"Polygon","coordinates":[[[143.2549,-14.0248],[143.2631,-14.0243],[143.2667,-14.0236],[143.2682,-14.0219],[143.2682,-14.0199],[143.2677,-14.0186],[143.2587,-14.0209],[143.2549,-14.0248]]]},"properties":{"fid":971,"n":13,"fre_gj":183.4,"fre_daily":{"2026-10-01":143.1,"2026-10-02":40.3},"overpasses":6,"frp_total":78.9,"frp_max":16.8,"frp_mean":6.07,"area_km2":0.57,"lat":-14.0217,"lon":143.2634,"first_seen":"2026-10-01","last_seen":"2026-10-02","duration_days":2,"status":"historic","trend":-1,"growth_ratio":0.0,"night_frac":0.0,"daily":{"2026-10-01":{"n":10,"frp":64.9},"2026-10-02":{"n":3,"frp":14.0}}}},{"type":"Feature","id":993,"geometry":{"type":"Polygon","coordinates":[[[120.166,-10.0451],[120.1728,-10.0564],[120.1847,-10.0549],[120.1691,-10.0446],[120.168,-10.0443],[120.166,-10.0451]]]},"properties":{"fid":993,"n":5,"fre_gj":182.5,"fre_daily":{"2026-10-01":163.1,"2026-10-02":19.4},"overpasses":3,"frp_total":58.7,"frp_max":20.2,"frp_mean":11.74,"area_km2":1.13,"lat":-10.0491,"lon":120.1721,"first_seen":"2026-10-01","last_seen":"2026-10-02","duration_days":2,"status":"historic","trend":-1,"growth_ratio":0.0,"night_frac":0.0,"daily":{"2026-10-01":{"n":4,"frp":53.3},"2026-10-02":{"n":1,"frp":5.4}}}},{"type":"Feature","id":319,"geometry":{"type":"Polygon","coordinates":[[[145.3229,-17.5061],[145.3312,-17.5116],[145.337,-17.5103],[145.326,-17.5039],[145.3229,-17.5061]]]},"properties":{"fid":319,"n":9,"fre_gj":180.0,"fre_daily":{"2026-09-28":169.1,"2026-09-29":11.0},"overpasses":4,"frp_total":18.5,"frp_max":6.1,"frp_mean":2.06,"area_km2":0.51,"lat":-17.5079,"lon":145.3292,"first_seen":"2026-09-28","last_seen":"2026-09-29","duration_days":2,"status":"historic","trend":-1,"growth_ratio":0.0,"night_frac":0.89,"daily":{"2026-09-28":{"n":8,"frp":12.4},"2026-09-29":{"n":1,"frp":6.1}}}},{"type":"Feature","id":37,"geometry":{"type":"Polygon","coordinates":[[[148.77116,-27.8946],[148.77085,-27.89305],[148.76997,-27.89169],[148.76862,-27.89068],[148.76696,-27.89015],[148.76519,-27.89015],[148.76353,-27.89068],[148.76218,-27.89169],[148.7613,-27.89305],[148.76099,-27.8946],[148.7613,-27.89615],[148.76218,-27.89751],[148.76353,-27.89852],[148.76519,-27.89905],[148.76696,-27.89905],[148.76862,-27.89852],[148.76997,-27.89751],[148.77085,-27.89615],[148.77116,-27.8946]]]},"properties":{"fid":37,"n":4,"fre_gj":179.0,"fre_daily":{"2026-09-28":179.0},"overpasses":4,"frp_total":28.7,"frp_max":14.3,"frp_mean":7.18,"area_km2":0.77,"lat":-27.8946,"lon":148.7661,"first_seen":"2026-09-28","last_seen":"2026-09-28","duration_days":1,"status":"historic","trend":-1,"growth_ratio":0.0,"night_frac":0.25,"daily":{"2026-09-28":{"n":4,"frp":28.7}}}},{"type":"Feature","id":642,"geometry":{"type":"Polygon","coordinates":[[[124.0214,-9.3903],[124.0232,-9.3953],[124.0258,-9.3949],[124.0264,-9.3877],[124.0244,-9.3876],[124.0214,-9.3903]]]},"properties":{"fid":642,"n":7,"fre_gj":178.8,"fre_daily":{"2026-09-29":105.4,"2026-09-30":73.4},"overpasses":4,"frp_total":60.7,"frp_max":20.4,"frp_mean":8.67,"area_km2":0.33,"lat":-9.391,"lon":124.0245,"first_seen":"2026-09-29","last_seen":"2026-09-30","duration_days":2,"status":"historic","trend":-1,"growth_ratio":0.0,"night_frac":0.0,"daily":{"2026-09-29":{"n":6,"frp":40.3},"2026-09-30":{"n":1,"frp":20.4}}}},{"type":"Feature","id":809,"geometry":{"type":"Polygon","coordinates":[[[151.44679,-32.27135],[151.44647,-32.2698],[151.44554,-32.26844],[151.44413,-32.26743],[151.4424,-32.2669],[151.44055,-32.2669],[151.43882,-32.26743],[151.43741,-32.26844],[151.43648,-32.2698],[151.43616,-32.27135],[151.43648,-32.2729],[151.43741,-32.27426],[151.43882,-32.27527],[151.44055,-32.2758],[151.4424,-32.2758],[151.44413,-32.27527],[151.44554,-32.27426],[151.44647,-32.2729],[151.44679,-32.27135]]]},"properties":{"fid":809,"n":4,"fre_gj":178.0,"fre_daily":{"2026-09-30":178.0},"overpasses":2,"frp_total":56.5,"frp_max":25.6,"frp_mean":14.12,"area_km2":0.77,"lat":-32.2713,"lon":151.4415,"first_seen":"2026-09-30","last_seen":"2026-09-30","duration_days":1,"status":"historic","trend":-1,"growth_ratio":0.0,"night_frac":0.0,"daily":{"2026-09-30":{"n":4,"frp":56.5}}}},{"type":"Feature","id":390,"geometry":{"type":"Polygon","coordinates":[[[131.3583,-12.9465],[131.364,-12.9522],[131.375,-12.9539],[131.381,-12.9311],[131.37,-12.9211],[131.3583,-12.9465]]]},"properties":{"fid":390,"n":18,"fre_gj":177.5,"fre_daily":{"2026-09-28":78.3,"2026-09-29":9.2,"2026-09-30":90.0},"overpasses":7,"frp_total":55.2,"frp_max":8.1,"frp_mean":3.07,"area_km2":5.25,"lat":-12.9398,"lon":131.37,"first_seen":"2026-09-28","last_seen":"2026-09-30","duration_days":3,"status":"historic","trend":-1,"growth_ratio":0.0,"night_frac":0.67,"daily":{"2026-09-28":{"n":11,"frp":26.3},"2026-09-29":{"n":3,"frp":3.9},"2026-09-30":{"n":4,"frp":25.0}}}},{"type":"Feature","id":1024,"geometry":{"type":"Polygon","coordinates":[[[133.0397,-22.0351],[133.0478,-22.0355],[133.0446,-22.0286],[133.0415,-22.0251],[133.0406,-22.0279],[133.0397,-22.032],[133.0397,-22.0351]]]},"properties":{"fid":1024,"n":13,"fre_gj":176.9,"fre_daily":{"2026-10-01":176.9},"overpasses":5,"frp_total":19.7,"frp_max":4.4,"frp_mean":1.52,"area_km2":0.56,"lat":-22.0301,"lon":133.0421,"first_seen":"2026-10-01","last_seen":"2026-10-01","duration_days":1,"status":"historic","trend":-1,"growth_ratio":0.0,"night_frac":0.92,"daily":{"2026-10-01":{"n":13,"frp":19.7}}}},{"type":"Feature","id":507,"geometry":{"type":"Polygon","coordinates":[[[150.4659,-26.3451],[150.4706,-26.3499],[150.4717,-26.3479],[150.4709,-26.3442],[150.4662,-26.3377],[150.4659,-26.3451]]]},"properties":{"fid":507,"n":6,"fre_gj":176.8,"fre_daily":{"2026-09-28":158.0,"2026-09-30":18.7},"overpasses":2,"frp_total":49.1,"frp_max":16.2,"frp_mean":8.18,"area_km2":0.39,"lat":-26.345,"lon":150.4689,"first_seen":"2026-09-28","last_seen":"2026-09-30","duration_days":2,"status":"historic","trend":-1,"growth_ratio":0.0,"night_frac":0.0,"daily":{"2026-09-28":{"n":5,"frp":43.9},"2026-09-30":{"n":1,"frp":5.2}}}},{"type":"Feature","id":515,"geometry":{"type":"Polygon","coordinates":[[[148.0212,-9.9848],[148.0367,-9.9978],[148.0501,-9.9959],[148.0362,-9.9883],[148.0212,-9.9848]]]},"properties":{"fid":515,"n":10,"fre_gj":176.6,"fre_daily":{"2026-09-28":41.4,"2026-09-30":116.4,"2026-10-04":18.8},"overpasses":5,"frp_total":70.9,"frp_max":11.5,"frp_mean":7.09,"area_km2":1.63,"lat":-9.9929,"lon":148.0375,"first_seen":"2026-09-28","last_seen":"2026-10-04","duration_days":3,"status":"active","trend":-1,"growth_ratio":0.22,"night_frac":0.0,"daily":{"2026-09-28":{"n":1,"frp":11.5},"2026-09-30":{"n":8,"frp":54.2},"2026-10-04":{"n":1,"frp":5.2}}}},{"type":"Feature","id":306,"geometry":{"type":"Polygon","coordinates":[[[124.3048,-9.357],[124.3088,-9.3745],[124.3189,-9.3983],[124.3242,-9.3966],[124.3286,-9.3891],[124.3048,-9.357]]]},"properties":{"fid":306,"n":11,"fre_gj":176.5,"fre_daily":{"2026-09-28":42.2,"2026-09-29":16.6,"2026-09-30":82.1,"2026-10-01":16.9,"2026-10-03":18.6},"overpasses":7,"frp_total":51.5,"frp_max":7.2,"frp_mean":4.68,"area_km2":3.91,"lat":-9.379,"lon":124.3163,"first_seen":"2026-09-28","last_seen":"2026-10-03","duration_days":5,"status":"receding","trend":-1,"growth_ratio":0.0,"night_frac":0.0,"daily":{"2026-09-28":{"n":3,"frp":13.4},"2026-09-29":{"n":1,"frp":4.6},"2026-09-30":{"n":4,"frp":23.6},"2026-10-01":{"n":1,"frp":4.7},"2026-10-03":{"n":2,"frp":5.2}}}},{"type":"Feature","id":123,"geometry":{"type":"Polygon","coordinates":[[[147.8603,-9.6544],[147.8608,-9.6578],[147.8817,-9.657],[147.8765,-9.6503],[147.8739,-9.6488],[147.8718,-9.6479],[147.8603,-9.6544]]]},"properties":{"fid":123,"n":11,"fre_gj":174.7,"fre_daily":{"2026-09-28":112.4,"2026-09-29":34.9,"2026-10-03":27.4},"overpasses":5,"frp_total":63.7,"frp_max":9.3,"frp_mean":5.79,"area_km2":1.58,"lat":-9.6529,"lon":147.8728,"first_seen":"2026-09-28","last_seen":"2026-10-03","duration_days":3,"status":"receding","trend":-1,"growth_ratio":0.0,"night_frac":0.0,"daily":{"2026-09-28":{"n":7,"frp":46.4},"2026-09-29":{"n":3,"frp":9.7},"2026-10-03":{"n":1,"frp":7.6}}}},{"type":"Feature","id":640,"geometry":{"type":"Polygon","coordinates":[[[120.0005,-9.4266],[120.0042,-9.4311],[120.0073,-9.4264],[120.0076,-9.4236],[120.004,-9.4241],[120.0005,-9.4266]]]},"properties":{"fid":640,"n":7,"fre_gj":174.7,"fre_daily":{"2026-09-29":174.7},"overpasses":3,"frp_total":67.2,"frp_max":21.4,"frp_mean":9.6,"area_km2":0.35,"lat":-9.4265,"lon":120.0048,"first_seen":"2026-09-29","last_seen":"2026-09-29","duration_days":1,"status":"historic","trend":-1,"growth_ratio":0.0,"night_frac":0.0,"daily":{"2026-09-29":{"n":7,"frp":67.2}}}},{"type":"Feature","id":983,"geometry":{"type":"Polygon","coordinates":[[[147.2412,-9.3176],[147.2642,-9.3194],[147.2717,-9.3061],[147.2601,-9.3011],[147.2412,-9.3176]]]},"properties":{"fid":983,"n":18,"fre_gj":172.2,"fre_daily":{"2026-10-01":137.0,"2026-10-02":6.8,"2026-10-03":28.4},"overpasses":6,"frp_total":62.3,"frp_max":5.7,"frp_mean":3.46,"area_km2":3.68,"lat":-9.3138,"lon":147.2595,"first_seen":"2026-10-01","last_seen":"2026-10-03","duration_days":3,"status":"receding","trend":-1,"growth_ratio":0.0,"night_frac":0.0,"daily":{"2026-10-01":{"n":14,"frp":52.5},"2026-10-02":{"n":1,"frp":1.9},"2026-10-03":{"n":3,"frp":7.9}}}},{"type":"Feature","id":285,"geometry":{"type":"Polygon","coordinates":[[[123.938,-9.9231],[123.9466,-9.9342],[123.9501,-9.9336],[123.9496,-9.9303],[123.9408,-9.9212],[123.938,-9.9231]]]},"properties":{"fid":285,"n":5,"fre_gj":171.8,"fre_daily":{"2026-09-28":28.8,"2026-10-03":143.0},"overpasses":3,"frp_total":14.4,"frp_max":5.8,"frp_mean":2.88,"area_km2":0.73,"lat":-9.9285,"lon":123.945,"first_seen":"2026-09-28","last_seen":"2026-10-03","duration_days":2,"status":"receding","trend":-1,"growth_ratio":0.0,"night_frac":0.2,"daily":{"2026-09-28":{"n":3,"frp":8.0},"2026-10-03":{"n":2,"frp":6.4}}}},{"type":"Feature","id":1208,"geometry":{"type":"Polygon","coordinates":[[[149.0716,-9.102],[149.0752,-9.1001],[149.0836,-9.083],[149.0743,-9.0886],[149.0716,-9.102]]]},"properties":{"fid":1208,"n":4,"fre_gj":170.1,"fre_daily":{"2026-09-29":12.6,"2026-10-03":157.5},"overpasses":3,"frp_total":10.4,"frp_max":4.7,"frp_mean":2.6,"area_km2":0.94,"lat":-9.0934,"lon":149.0762,"first_seen":"2026-09-29","last_seen":"2026-10-03","duration_days":2,"status":"receding","trend":-1,"growth_ratio":0.0,"night_frac":0.5,"daily":{"2026-09-29":{"n":1,"frp":3.5},"2026-10-03":{"n":3,"frp":6.9}}}},{"type":"Feature","id":1129,"geometry":{"type":"Polygon","coordinates":[[[127.32275,-20.75898],[127.32243,-20.75725],[127.32149,-20.75573],[127.32007,-20.7546],[127.31831,-20.754],[127.31645,-20.754],[127.31469,-20.7546],[127.31327,-20.75573],[127.31233,-20.75725],[127.31201,-20.75898],[127.31233,-20.76071],[127.31327,-20.76223],[127.31469,-20.76336],[127.31645,-20.76396],[127.31831,-20.76396],[127.32007,-20.76336],[127.32149,-20.76223],[127.32243,-20.76071],[127.32275,-20.75898]]]},"properties":{"fid":1129,"n":5,"fre_gj":167.6,"fre_daily":{"2026-10-02":167.6},"overpasses":3,"frp_total":62.0,"frp_max":20.5,"frp_mean":12.4,"area_km2":0.96,"lat":-20.759,"lon":127.3174,"first_seen":"2026-10-02","last_seen":"2026-10-02","duration_days":1,"status":"historic","trend":-1,"growth_ratio":0.0,"night_frac":0.0,"daily":{"2026-10-02":{"n":5,"frp":62.0}}}},{"type":"Feature","id":969,"geometry":{"type":"Polygon","coordinates":[[[139.14222,-17.93572],[139.1419,-17.93399],[139.14098,-17.93247],[139.13958,-17.93134],[139.13786,-17.93074],[139.13602,-17.93074],[139.1343,-17.93134],[139.1329,-17.93247],[139.13198,-17.93399],[139.13166,-17.93572],[139.13198,-17.93745],[139.1329,-17.93897],[139.1343,-17.9401],[139.13602,-17.9407],[139.13786,-17.9407],[139.13958,-17.9401],[139.14098,-17.93897],[139.1419,-17.93745],[139.14222,-17.93572]]]},"properties":{"fid":969,"n":5,"fre_gj":167.4,"fre_daily":{"2026-10-01":56.8,"2026-10-03":110.6},"overpasses":4,"frp_total":53.6,"frp_max":16.5,"frp_mean":10.73,"area_km2":0.96,"lat":-17.9357,"lon":139.1369,"first_seen":"2026-10-01","last_seen":"2026-10-03","duration_days":2,"status":"receding","trend":-1,"growth_ratio":0.0,"night_frac":0.0,"daily":{"2026-10-01":{"n":3,"frp":22.9},"2026-10-03":{"n":2,"frp":30.7}}}},{"type":"Feature","id":1093,"geometry":{"type":"Polygon","coordinates":[[[152.4088,-26.7504],[152.4166,-26.763],[152.4201,-26.7612],[152.4204,-26.7582],[152.419,-26.757],[152.4153,-26.7545],[152.4088,-26.7504]]]},"properties":{"fid":1093,"n":10,"fre_gj":167.2,"fre_daily":{"2026-10-02":167.2},"overpasses":3,"frp_total":65.0,"frp_max":10.2,"frp_mean":6.5,"area_km2":0.55,"lat":-26.757,"lon":152.4161,"first_seen":"2026-10-02","last_seen":"2026-10-02","duration_days":1,"status":"historic","trend":-1,"growth_ratio":0.0,"night_frac":0.0,"daily":{"2026-10-02":{"n":10,"frp":65.0}}}},{"type":"Feature","id":1052,"geometry":{"type":"Polygon","coordinates":[[[149.0291,-9.0939],[149.0305,-9.1071],[149.0323,-9.1093],[149.0427,-9.0981],[149.0291,-9.0939]]]},"properties":{"fid":1052,"n":7,"fre_gj":165.3,"fre_daily":{"2026-10-01":107.0,"2026-10-02":33.8,"2026-10-03":24.4},"overpasses":5,"frp_total":35.3,"frp_max":8.0,"frp_mean":5.04,"area_km2":1.32,"lat":-9.1028,"lon":149.0333,"first_seen":"2026-10-01","last_seen":"2026-10-03","duration_days":3,"status":"receding","trend":-1,"growth_ratio":0.0,"night_frac":0.0,"daily":{"2026-10-01":{"n":3,"frp":18.1},"2026-10-02":{"n":2,"frp":9.4},"2026-10-03":{"n":2,"frp":7.8}}}},{"type":"Feature","id":711,"geometry":{"type":"Polygon","coordinates":[[[132.68106,-14.21692],[132.68072,-14.21502],[132.67973,-14.21336],[132.67822,-14.21212],[132.67637,-14.21146],[132.6744,-14.21146],[132.67255,-14.21212],[132.67104,-14.21336],[132.67005,-14.21502],[132.66971,-14.21692],[132.67005,-14.21881],[132.67104,-14.22048],[132.67255,-14.22171],[132.6744,-14.22237],[132.67637,-14.22237],[132.67822,-14.22171],[132.67973,-14.22048],[132.68072,-14.21881],[132.68106,-14.21692]]]},"properties":{"fid":711,"n":6,"fre_gj":164.2,"fre_daily":{"2026-09-29":164.2},"overpasses":1,"frp_total":45.6,"frp_max":11.4,"frp_mean":7.6,"area_km2":1.15,"lat":-14.2169,"lon":132.6754,"first_seen":"2026-09-29","last_seen":"2026-09-29","duration_days":1,"status":"historic","trend":-1,"growth_ratio":0.0,"night_frac":0.0,"daily":{"2026-09-29":{"n":6,"frp":45.6}}}},{"type":"Feature","id":448,"geometry":{"type":"Polygon","coordinates":[[[134.5837,-12.2729],[134.5928,-12.2715],[134.5936,-12.2644],[134.5934,-12.2644],[134.5837,-12.2729]]]},"properties":{"fid":448,"n":4,"fre_gj":164.1,"fre_daily":{"2026-09-28":7.6,"2026-09-30":156.6},"overpasses":3,"frp_total":29.0,"frp_max":11.6,"frp_mean":7.25,"area_km2":0.39,"lat":-12.2683,"lon":134.5909,"first_seen":"2026-09-28","last_seen":"2026-09-30","duration_days":2,"status":"historic","trend":-1,"growth_ratio":0.0,"night_frac":0.0,"daily":{"2026-09-28":{"n":1,"frp":2.1},"2026-09-30":{"n":3,"frp":26.9}}}},{"type":"Feature","id":837,"geometry":{"type":"Polygon","coordinates":[[[124.1315,-10.0924],[124.1491,-10.1053],[124.1499,-10.1049],[124.1445,-10.0971],[124.141,-10.0956],[124.1322,-10.0922],[124.1315,-10.0924]]]},"properties":{"fid":837,"n":6,"fre_gj":163.0,"fre_daily":{"2026-09-30":22.7,"2026-10-01":124.6,"2026-10-03":15.7},"overpasses":3,"frp_total":45.3,"frp_max":17.8,"frp_mean":7.55,"area_km2":0.61,"lat":-10.0979,"lon":124.1414,"first_seen":"2026-09-30","last_seen":"2026-10-03","duration_days":3,"status":"receding","trend":-1,"growth_ratio":0.0,"night_frac":0.0,"daily":{"2026-09-30":{"n":2,"frp":6.3},"2026-10-01":{"n":2,"frp":34.6},"2026-10-03":{"n":2,"frp":4.4}}}},{"type":"Feature","id":1123,"geometry":{"type":"Polygon","coordinates":[[[146.84247,-9.0221],[146.8422,-9.02055],[146.84141,-9.01919],[146.8402,-9.01818],[146.83871,-9.01765],[146.83714,-9.01765],[146.83565,-9.01818],[146.83444,-9.01919],[146.83365,-9.02055],[146.83338,-9.0221],[146.83365,-9.02365],[146.83444,-9.02501],[146.83565,-9.02602],[146.83714,-9.02655],[146.83871,-9.02655],[146.8402,-9.02602],[146.84141,-9.02501],[146.8422,-9.02365],[146.84247,-9.0221]]]},"properties":{"fid":1123,"n":4,"fre_gj":161.0,"fre_daily":{"2026-10-02":161.0},"overpasses":2,"frp_total":51.1,"frp_max":29.3,"frp_mean":12.78,"area_km2":0.77,"lat":-9.0221,"lon":146.8379,"first_seen":"2026-10-02","last_seen":"2026-10-02","duration_days":1,"status":"historic","trend":-1,"growth_ratio":0.0,"night_frac":0.0,"daily":{"2026-10-02":{"n":4,"frp":51.1}}}},{"type":"Feature","id":918,"geometry":{"type":"Polygon","coordinates":[[[124.17974,-9.44957],[124.17951,-9.44823],[124.17882,-9.44705],[124.17777,-9.44618],[124.17648,-9.44571],[124.17512,-9.44571],[124.17383,-9.44618],[124.17278,-9.44705],[124.17209,-9.44823],[124.17186,-9.44957],[124.17209,-9.45091],[124.17278,-9.45208],[124.17383,-9.45296],[124.17512,-9.45342],[124.17648,-9.45342],[124.17777,-9.45296],[124.17882,-9.45208],[124.17951,-9.45091],[124.17974,-9.44957]]]},"properties":{"fid":918,"n":3,"fre_gj":160.9,"fre_daily":{"2026-09-30":22.7,"2026-10-01":138.2},"overpasses":3,"frp_total":30.3,"frp_max":13.4,"frp_mean":10.1,"area_km2":0.58,"lat":-9.4496,"lon":124.1758,"first_seen":"2026-09-30","last_seen":"2026-10-01","duration_days":2,"status":"historic","trend":-1,"growth_ratio":0.0,"night_frac":0.0,"daily":{"2026-09-30":{"n":1,"frp":6.3},"2026-10-01":{"n":2,"frp":24.0}}}},{"type":"Feature","id":181,"geometry":{"type":"Polygon","coordinates":[[[147.0763,-9.0709],[147.0768,-9.0723],[147.0815,-9.0765],[147.0945,-9.0691],[147.0905,-9.0663],[147.0763,-9.0709]]]},"properties":{"fid":181,"n":10,"fre_gj":160.5,"fre_daily":{"2026-09-28":88.4,"2026-09-29":15.1,"2026-09-30":56.9},"overpasses":5,"frp_total":51.4,"frp_max":9.0,"frp_mean":5.14,"area_km2":1.06,"lat":-9.0719,"lon":147.0842,"first_seen":"2026-09-28","last_seen":"2026-09-30","duration_days":3,"status":"historic","trend":-1,"growth_ratio":0.0,"night_frac":0.0,"daily":{"2026-09-28":{"n":5,"frp":30.7},"2026-09-29":{"n":2,"frp":4.2},"2026-09-30":{"n":3,"frp":16.5}}}},{"type":"Feature","id":578,"geometry":{"type":"Polygon","coordinates":[[[141.8841,-12.2936],[141.8847,-12.2978],[141.8853,-12.3003],[141.8913,-12.3002],[141.8925,-12.2968],[141.8919,-12.2926],[141.8841,-12.2936]]]},"properties":{"fid":578,"n":13,"fre_gj":160.2,"fre_daily":{"2026-09-29":151.9,"2026-10-01":8.3},"overpasses":4,"frp_total":70.9,"frp_max":8.0,"frp_mean":5.45,"area_km2":0.64,"lat":-12.297,"lon":141.8881,"first_seen":"2026-09-29","last_seen":"2026-10-01","duration_days":2,"status":"historic","trend":-1,"growth_ratio":0.0,"night_frac":0.0,"daily":{"2026-09-29":{"n":12,"frp":68.6},"2026-10-01":{"n":1,"frp":2.3}}}},{"type":"Feature","id":848,"geometry":{"type":"Polygon","coordinates":[[[124.3956,-9.25593],[124.39533,-9.25438],[124.39454,-9.25302],[124.39333,-9.25201],[124.39184,-9.25147],[124.39026,-9.25147],[124.38877,-9.25201],[124.38756,-9.25302],[124.38677,-9.25438],[124.3865,-9.25593],[124.38677,-9.25747],[124.38756,-9.25883],[124.38877,-9.25984],[124.39026,-9.26038],[124.39184,-9.26038],[124.39333,-9.25984],[124.39454,-9.25883],[124.39533,-9.25747],[124.3956,-9.25593]]]},"properties":{"fid":848,"n":4,"fre_gj":159.0,"fre_daily":{"2026-09-30":159.0},"overpasses":2,"frp_total":45.7,"frp_max":12.9,"frp_mean":11.43,"area_km2":0.77,"lat":-9.2559,"lon":124.3911,"first_seen":"2026-09-30","last_seen":"2026-09-30","duration_days":1,"status":"historic","trend":-1,"growth_ratio":0.0,"night_frac":0.0,"daily":{"2026-09-30":{"n":4,"frp":45.7}}}},{"type":"Feature","id":1107,"geometry":{"type":"Polygon","coordinates":[[[133.91916,-14.89985],[133.91876,-14.89766],[133.91762,-14.89574],[133.91587,-14.89431],[133.91373,-14.89355],[133.91145,-14.89355],[133.9093,-14.89431],[133.90755,-14.89574],[133.90641,-14.89766],[133.90601,-14.89985],[133.90641,-14.90204],[133.90755,-14.90396],[133.9093,-14.90539],[133.91145,-14.90615],[133.91373,-14.90615],[133.91587,-14.90539],[133.91762,-14.90396],[133.91876,-14.90204],[133.91916,-14.89985]]]},"properties":{"fid":1107,"n":8,"fre_gj":158.9,"fre_daily":{"2026-10-02":158.9},"overpasses":3,"frp_total":71.7,"frp_max":10.2,"frp_mean":8.96,"area_km2":1.54,"lat":-14.8999,"lon":133.9126,"first_seen":"2026-10-02","last_seen":"2026-10-02","duration_days":1,"status":"historic","trend":-1,"growth_ratio":0.0,"night_frac":0.0,"daily":{"2026-10-02":{"n":8,"frp":71.7}}}},{"type":"Feature","id":316,"geometry":{"type":"Polygon","coordinates":[[[147.979,-21.6492],[147.9795,-21.6536],[147.9804,-21.6555],[147.9828,-21.6568],[147.9844,-21.6557],[147.9852,-21.6539],[147.9849,-21.6516],[147.9798,-21.649],[147.979,-21.6492]]]},"properties":{"fid":316,"n":31,"fre_gj":158.5,"fre_daily":{"2026-09-28":6.5,"2026-09-29":9.0,"2026-09-30":9.9,"2026-10-01":56.6,"2026-10-02":71.4,"2026-10-03":5.2},"overpasses":22,"frp_total":22.8,"frp_max":1.6,"frp_mean":0.74,"area_km2":0.36,"lat":-21.6536,"lon":147.9825,"first_seen":"2026-09-28","last_seen":"2026-10-03","duration_days":6,"status":"receding","trend":-1,"growth_ratio":0.0,"night_frac":0.97,"daily":{"2026-09-28":{"n":3,"frp":2.7},"2026-09-29":{"n":5,"frp":3.6},"2026-09-30":{"n":6,"frp":4.1},"2026-10-01":{"n":4,"frp":2.9},"2026-10-02":{"n":10,"frp":7.4},"2026-10-03":{"n":3,"frp":2.1}}}},{"type":"Feature","id":1092,"geometry":{"type":"Polygon","coordinates":[[[152.43997,-26.78274],[152.43963,-26.78101],[152.43865,-26.77949],[152.43715,-26.77836],[152.43532,-26.77776],[152.43336,-26.77776],[152.43153,-26.77836],[152.43003,-26.77949],[152.42905,-26.78101],[152.42871,-26.78274],[152.42905,-26.78447],[152.43003,-26.78599],[152.43153,-26.78712],[152.43336,-26.78772],[152.43532,-26.78772],[152.43715,-26.78712],[152.43865,-26.78599],[152.43963,-26.78447],[152.43997,-26.78274]]]},"properties":{"fid":1092,"n":5,"fre_gj":157.5,"fre_daily":{"2026-10-02":157.5},"overpasses":5,"frp_total":42.4,"frp_max":19.8,"frp_mean":8.48,"area_km2":0.96,"lat":-26.7827,"lon":152.4343,"first_seen":"2026-10-02","last_seen":"2026-10-02","duration_days":1,"status":"historic","trend":-1,"growth_ratio":0.0,"night_frac":0.2,"daily":{"2026-10-02":{"n":5,"frp":42.4}}}},{"type":"Feature","id":609,"geometry":{"type":"Polygon","coordinates":[[[131.55031,-22.4032],[131.55002,-22.40165],[131.54917,-22.40029],[131.54788,-22.39928],[131.54629,-22.39875],[131.54461,-22.39875],[131.54302,-22.39928],[131.54173,-22.40029],[131.54088,-22.40165],[131.54059,-22.4032],[131.54088,-22.40475],[131.54173,-22.40611],[131.54302,-22.40712],[131.54461,-22.40765],[131.54629,-22.40765],[131.54788,-22.40712],[131.54917,-22.40611],[131.55002,-22.40475],[131.55031,-22.4032]]]},"properties":{"fid":609,"n":4,"fre_gj":156.8,"fre_daily":{"2026-09-29":152.5,"2026-09-30":4.3},"overpasses":3,"frp_total":7.8,"frp_max":5.5,"frp_mean":1.95,"area_km2":0.77,"lat":-22.4032,"lon":131.5454,"first_seen":"2026-09-29","last_seen":"2026-09-30","duration_days":2,"status":"historic","trend":-1,"growth_ratio":0.0,"night_frac":0.75,"daily":{"2026-09-29":{"n":3,"frp":6.6},"2026-09-30":{"n":1,"frp":1.2}}}},{"type":"Feature","id":1013,"geometry":{"type":"Polygon","coordinates":[[[150.84054,-28.1086],[150.84028,-28.10726],[150.83951,-28.10608],[150.83834,-28.10521],[150.8369,-28.10474],[150.83537,-28.10474],[150.83393,-28.10521],[150.83276,-28.10608],[150.83199,-28.10726],[150.83172,-28.1086],[150.83199,-28.10994],[150.83276,-28.11112],[150.83393,-28.11199],[150.83537,-28.11246],[150.8369,-28.11246],[150.83834,-28.11199],[150.83951,-28.11112],[150.84028,-28.10994],[150.84054,-28.1086]]]},"properties":{"fid":1013,"n":3,"fre_gj":156.7,"fre_daily":{"2026-10-01":156.7},"overpasses":3,"frp_total":8.4,"frp_max":6.2,"frp_mean":2.8,"area_km2":0.58,"lat":-28.1086,"lon":150.8361,"first_seen":"2026-10-01","last_seen":"2026-10-01","duration_days":1,"status":"historic","trend":-1,"growth_ratio":0.0,"night_frac":0.33,"daily":{"2026-10-01":{"n":3,"frp":8.4}}}},{"type":"Feature","id":513,"geometry":{"type":"Polygon","coordinates":[[[142.2805,-10.2159],[142.2856,-10.2157],[142.2909,-10.215],[142.2922,-10.2143],[142.2914,-10.2095],[142.2835,-10.2121],[142.2805,-10.2159]]]},"properties":{"fid":513,"n":8,"fre_gj":156.6,"fre_daily":{"2026-09-28":25.2,"2026-10-01":131.4},"overpasses":2,"frp_total":43.5,"frp_max":10.0,"frp_mean":5.44,"area_km2":0.53,"lat":-10.2135,"lon":142.2876,"first_seen":"2026-09-28","last_seen":"2026-10-01","duration_days":2,"status":"historic","trend":-1,"growth_ratio":0.0,"night_frac":0.0,"daily":{"2026-09-28":{"n":2,"frp":7.0},"2026-10-01":{"n":6,"frp":36.5}}}},{"type":"Feature","id":144,"geometry":{"type":"Polygon","coordinates":[[[148.8207,-9.3187],[148.8221,-9.3275],[148.8299,-9.3241],[148.8301,-9.3238],[148.833,-9.3138],[148.8207,-9.3187]]]},"properties":{"fid":144,"n":12,"fre_gj":156.5,"fre_daily":{"2026-09-28":34.2,"2026-09-29":14.4,"2026-09-30":19.9,"2026-10-01":39.2,"2026-10-02":8.3,"2026-10-03":40.5},"overpasses":9,"frp_total":48.2,"frp_max":6.2,"frp_mean":4.01,"area_km2":1.13,"lat":-9.3216,"lon":148.8278,"first_seen":"2026-09-28","last_seen":"2026-10-03","duration_days":6,"status":"receding","trend":-1,"growth_ratio":0.0,"night_frac":0.08,"daily":{"2026-09-28":{"n":3,"frp":9.5},"2026-09-29":{"n":1,"frp":4.0},"2026-09-30":{"n":2,"frp":8.6},"2026-10-01":{"n":2,"frp":10.9},"2026-10-02":{"n":1,"frp":2.3},"2026-10-03":{"n":3,"frp":12.9}}}},{"type":"Feature","id":935,"geometry":{"type":"Polygon","coordinates":[[[150.5279,-9.5222],[150.5285,-9.5259],[150.543,-9.5248],[150.5467,-9.5174],[150.5279,-9.5222]]]},"properties":{"fid":935,"n":5,"fre_gj":154.9,"fre_daily":{"2026-09-28":12.6,"2026-09-30":10.1,"2026-10-03":132.2},"overpasses":3,"frp_total":43.0,"frp_max":21.0,"frp_mean":8.61,"area_km2":1.07,"lat":-9.523,"lon":150.5352,"first_seen":"2026-09-28","last_seen":"2026-10-03","duration_days":3,"status":"receding","trend":-1,"growth_ratio":0.0,"night_frac":0.0,"daily":{"2026-09-28":{"n":1,"frp":3.5},"2026-09-30":{"n":1,"frp":2.8},"2026-10-03":{"n":3,"frp":36.7}}}},{"type":"Feature","id":102,"geometry":{"type":"Polygon","coordinates":[[[149.7808,-10.0062],[149.7885,-10.0025],[149.7963,-9.9983],[149.7918,-9.981],[149.7809,-9.9854],[149.7808,-10.0062]]]},"properties":{"fid":102,"n":9,"fre_gj":153.1,"fre_daily":{"2026-09-28":134.9,"2026-09-29":12.2,"2026-09-30":2.5,"2026-10-01":3.5},"overpasses":6,"frp_total":11.1,"frp_max":4.2,"frp_mean":1.23,"area_km2":3.23,"lat":-9.9959,"lon":149.7877,"first_seen":"2026-09-28","last_seen":"2026-10-01","duration_days":4,"status":"historic","trend":-1,"growth_ratio":0.0,"night_frac":0.89,"daily":{"2026-09-28":{"n":3,"frp":5.9},"2026-09-29":{"n":3,"frp":3.4},"2026-09-30":{"n":1,"frp":0.7},"2026-10-01":{"n":2,"frp":1.1}}}},{"type":"Feature","id":1144,"geometry":{"type":"Polygon","coordinates":[[[150.2852,-23.8255],[150.2916,-23.8218],[150.2913,-23.8201],[150.2902,-23.8194],[150.2865,-23.8191],[150.2852,-23.8255]]]},"properties":{"fid":1144,"n":7,"fre_gj":153.0,"fre_daily":{"2026-10-02":144.5,"2026-10-03":8.5},"overpasses":4,"frp_total":10.9,"frp_max":4.7,"frp_mean":1.56,"area_km2":0.26,"lat":-23.8218,"lon":150.2886,"first_seen":"2026-10-02","last_seen":"2026-10-03","duration_days":2,"status":"receding","trend":-1,"growth_ratio":0.0,"night_frac":0.86,"daily":{"2026-10-02":{"n":6,"frp":6.2},"2026-10-03":{"n":1,"frp":4.7}}}},{"type":"Feature","id":1161,"geometry":{"type":"Polygon","coordinates":[[[152.21977,-31.71877],[152.2195,-31.71743],[152.2187,-31.71625],[152.21749,-31.71538],[152.21599,-31.71491],[152.21441,-31.71491],[152.21291,-31.71538],[152.2117,-31.71625],[152.2109,-31.71743],[152.21063,-31.71877],[152.2109,-31.72011],[152.2117,-31.72128],[152.21291,-31.72216],[152.21441,-31.72262],[152.21599,-31.72262],[152.21749,-31.72216],[152.2187,-31.72128],[152.2195,-31.72011],[152.21977,-31.71877]]]},"properties":{"fid":1161,"n":3,"fre_gj":152.0,"fre_daily":{"2026-10-02":148.5,"2026-10-03":3.5},"overpasses":3,"frp_total":7.7,"frp_max":5.6,"frp_mean":2.55,"area_km2":0.58,"lat":-31.7188,"lon":152.2152,"first_seen":"2026-10-02","last_seen":"2026-10-03","duration_days":2,"status":"receding","trend":-1,"growth_ratio":0.0,"night_frac":0.67,"daily":{"2026-10-02":{"n":2,"frp":6.7},"2026-10-03":{"n":1,"frp":1.0}}}},{"type":"Feature","id":1095,"geometry":{"type":"Polygon","coordinates":[[[147.58644,-25.40798],[147.5861,-25.40625],[147.58514,-25.40473],[147.58366,-25.4036],[147.58185,-25.403],[147.57991,-25.403],[147.5781,-25.4036],[147.57662,-25.40473],[147.57566,-25.40625],[147.57532,-25.40798],[147.57566,-25.40971],[147.57662,-25.41123],[147.5781,-25.41236],[147.57991,-25.41296],[147.58185,-25.41296],[147.58366,-25.41236],[147.58514,-25.41123],[147.5861,-25.40971],[147.58644,-25.40798]]]},"properties":{"fid":1095,"n":5,"fre_gj":151.6,"fre_daily":{"2026-10-02":95.1,"2026-10-03":56.5},"overpasses":5,"frp_total":10.6,"frp_max":4.4,"frp_mean":2.12,"area_km2":0.96,"lat":-25.408,"lon":147.5809,"first_seen":"2026-10-02","last_seen":"2026-10-03","duration_days":2,"status":"receding","trend":-1,"growth_ratio":0.0,"night_frac":0.4,"daily":{"2026-10-02":{"n":2,"frp":4.3},"2026-10-03":{"n":3,"frp":6.3}}}},{"type":"Feature","id":155,"geometry":{"type":"Polygon","coordinates":[[[152.8753,-9.2271],[152.8884,-9.2264],[152.8935,-9.2178],[152.8932,-9.2176],[152.8753,-9.2271]]]},"properties":{"fid":155,"n":4,"fre_gj":151.4,"fre_daily":{"2026-09-28":66.8,"2026-09-29":17.3,"2026-10-02":67.3},"overpasses":4,"frp_total":44.7,"frp_max":18.7,"frp_mean":11.18,"area_km2":0.7,"lat":-9.2222,"lon":152.8876,"first_seen":"2026-09-28","last_seen":"2026-10-02","duration_days":3,"status":"historic","trend":-1,"growth_ratio":0.0,"night_frac":0.0,"daily":{"2026-09-28":{"n":2,"frp":21.2},"2026-09-29":{"n":1,"frp":4.8},"2026-10-02":{"n":1,"frp":18.7}}}},{"type":"Feature","id":985,"geometry":{"type":"Polygon","coordinates":[[[148.6011,-9.2011],[148.6022,-9.2087],[148.6072,-9.2078],[148.6032,-9.1992],[148.6011,-9.2011]]]},"properties":{"fid":985,"n":5,"fre_gj":151.0,"fre_daily":{"2026-10-01":151.0},"overpasses":2,"frp_total":40.6,"frp_max":11.5,"frp_mean":8.12,"area_km2":0.39,"lat":-9.2042,"lon":148.6035,"first_seen":"2026-10-01","last_seen":"2026-10-01","duration_days":1,"status":"historic","trend":-1,"growth_ratio":0.0,"night_frac":0.0,"daily":{"2026-10-01":{"n":5,"frp":40.6}}}},{"type":"Feature","id":1075,"geometry":{"type":"Polygon","coordinates":[[[120.2968,-9.8946],[120.2976,-9.9002],[120.3009,-9.8938],[120.3048,-9.8836],[120.301,-9.8809],[120.2968,-9.8946]]]},"properties":{"fid":1075,"n":7,"fre_gj":151.0,"fre_daily":{"2026-10-01":57.2,"2026-10-02":93.8},"overpasses":3,"frp_total":47.8,"frp_max":11.8,"frp_mean":6.83,"area_km2":0.76,"lat":-9.8918,"lon":120.2997,"first_seen":"2026-10-01","last_seen":"2026-10-02","duration_days":2,"status":"historic","trend":-1,"growth_ratio":0.0,"night_frac":0.0,"daily":{"2026-10-01":{"n":2,"frp":15.9},"2026-10-02":{"n":5,"frp":31.9}}}},{"type":"Feature","id":548,"geometry":{"type":"Polygon","coordinates":[[[130.27221,-9.82373],[130.27198,-9.82239],[130.27129,-9.82122],[130.27024,-9.82034],[130.26895,-9.81988],[130.26758,-9.81988],[130.26629,-9.82034],[130.26524,-9.82122],[130.26456,-9.82239],[130.26432,-9.82373],[130.26456,-9.82507],[130.26524,-9.82625],[130.26629,-9.82712],[130.26758,-9.82759],[130.26895,-9.82759],[130.27024,-9.82712],[130.27129,-9.82625],[130.27198,-9.82507],[130.27221,-9.82373]]]},"properties":{"fid":548,"n":3,"fre_gj":150.8,"fre_daily":{"2026-09-28":78.5,"2026-10-03":72.4},"overpasses":3,"frp_total":41.9,"frp_max":21.8,"frp_mean":13.97,"area_km2":0.58,"lat":-9.8237,"lon":130.2683,"first_seen":"2026-09-28","last_seen":"2026-10-03","duration_days":2,"status":"receding","trend":-1,"growth_ratio":0.0,"night_frac":0.33,"daily":{"2026-09-28":{"n":1,"frp":21.8},"2026-10-03":{"n":2,"frp":20.1}}}},{"type":"Feature","id":989,"geometry":{"type":"Polygon","coordinates":[[[118.2351,-30.55843],[118.23472,-30.55654],[118.23361,-30.55487],[118.23191,-30.55364],[118.22983,-30.55298],[118.22761,-30.55298],[118.22552,-30.55364],[118.22382,-30.55487],[118.22271,-30.55654],[118.22233,-30.55843],[118.22271,-30.56033],[118.22382,-30.56199],[118.22552,-30.56323],[118.22761,-30.56389],[118.22983,-30.56389],[118.23191,-30.56323],[118.23361,-30.56199],[118.23472,-30.56033],[118.2351,-30.55843]]]},"properties":{"fid":989,"n":6,"fre_gj":149.3,"fre_daily":{"2026-10-01":149.3},"overpasses":3,"frp_total":59.3,"frp_max":16.7,"frp_mean":9.88,"area_km2":1.15,"lat":-30.5584,"lon":118.2287,"first_seen":"2026-10-01","last_seen":"2026-10-01","duration_days":1,"status":"historic","trend":-1,"growth_ratio":0.0,"night_frac":0.0,"daily":{"2026-10-01":{"n":6,"frp":59.3}}}},{"type":"Feature","id":927,"geometry":{"type":"Polygon","coordinates":[[[148.1739,-28.4186],[148.178,-28.4206],[148.1817,-28.4147],[148.1811,-28.4108],[148.1788,-28.4088],[148.1757,-28.4094],[148.1739,-28.4186]]]},"properties":{"fid":927,"n":11,"fre_gj":149.1,"fre_daily":{"2026-09-30":3.1,"2026-10-01":66.2,"2026-10-02":79.8},"overpasses":7,"frp_total":33.4,"frp_max":6.1,"frp_mean":3.04,"area_km2":0.67,"lat":-28.4126,"lon":148.1781,"first_seen":"2026-09-30","last_seen":"2026-10-02","duration_days":3,"status":"historic","trend":-1,"growth_ratio":0.0,"night_frac":0.27,"daily":{"2026-09-30":{"n":2,"frp":1.3},"2026-10-01":{"n":2,"frp":3.0},"2026-10-02":{"n":7,"frp":29.1}}}},{"type":"Feature","id":846,"geometry":{"type":"Polygon","coordinates":[[[124.8046,-9.2605],[124.8069,-9.2701],[124.8092,-9.2735],[124.8137,-9.2657],[124.8062,-9.2591],[124.8046,-9.2605]]]},"properties":{"fid":846,"n":11,"fre_gj":148.7,"fre_daily":{"2026-09-30":148.7},"overpasses":3,"frp_total":61.6,"frp_max":10.5,"frp_mean":5.6,"area_km2":0.79,"lat":-9.2661,"lon":124.8084,"first_seen":"2026-09-30","last_seen":"2026-09-30","duration_days":1,"status":"historic","trend":-1,"growth_ratio":0.0,"night_frac":0.0,"daily":{"2026-09-30":{"n":11,"frp":61.6}}}},{"type":"Feature","id":1057,"geometry":{"type":"Polygon","coordinates":[[[120.15812,-10.00707],[120.15788,-10.00573],[120.15719,-10.00455],[120.15614,-10.00368],[120.15485,-10.00321],[120.15348,-10.00321],[120.15219,-10.00368],[120.15114,-10.00455],[120.15045,-10.00573],[120.15022,-10.00707],[120.15045,-10.00841],[120.15114,-10.00958],[120.15219,-10.01046],[120.15348,-10.01092],[120.15485,-10.01092],[120.15614,-10.01046],[120.15719,-10.00958],[120.15788,-10.00841],[120.15812,-10.00707]]]},"properties":{"fid":1057,"n":3,"fre_gj":148.1,"fre_daily":{"2026-10-01":148.1},"overpasses":2,"frp_total":60.2,"frp_max":35.0,"frp_mean":20.07,"area_km2":0.58,"lat":-10.0071,"lon":120.1542,"first_seen":"2026-10-01","last_seen":"2026-10-01","duration_days":1,"status":"historic","trend":-1,"growth_ratio":0.0,"night_frac":0.0,"daily":{"2026-10-01":{"n":3,"frp":60.2}}}},{"type":"Feature","id":940,"geometry":{"type":"Polygon","coordinates":[[[124.2662,-9.9159],[124.2725,-9.9271],[124.275,-9.9146],[124.2662,-9.9159]]]},"properties":{"fid":940,"n":3,"fre_gj":147.2,"fre_daily":{"2026-09-30":35.3,"2026-10-01":112.0},"overpasses":2,"frp_total":40.9,"frp_max":15.8,"frp_mean":13.63,"area_km2":0.65,"lat":-9.9192,"lon":124.2712,"first_seen":"2026-09-30","last_seen":"2026-10-01","duration_days":2,"status":"historic","trend":-1,"growth_ratio":0.0,"night_frac":0.0,"daily":{"2026-09-30":{"n":1,"frp":9.8},"2026-10-01":{"n":2,"frp":31.1}}}},{"type":"Feature","id":7,"geometry":{"type":"Polygon","coordinates":[[[147.71589,-40.92226],[147.71549,-40.92053],[147.71433,-40.91901],[147.71256,-40.91788],[147.71039,-40.91728],[147.70809,-40.91728],[147.70592,-40.91788],[147.70415,-40.91901],[147.70299,-40.92053],[147.70259,-40.92226],[147.70299,-40.92399],[147.70415,-40.92551],[147.70592,-40.92664],[147.70809,-40.92724],[147.71039,-40.92724],[147.71256,-40.92664],[147.71433,-40.92551],[147.71549,-40.92399],[147.71589,-40.92226]]]},"properties":{"fid":7,"n":5,"fre_gj":146.9,"fre_daily":{"2026-09-28":146.9},"overpasses":4,"frp_total":62.3,"frp_max":17.7,"frp_mean":12.46,"area_km2":0.96,"lat":-40.9223,"lon":147.7092,"first_seen":"2026-09-28","last_seen":"2026-09-28","duration_days":1,"status":"historic","trend":-1,"growth_ratio":0.0,"night_frac":0.0,"daily":{"2026-09-28":{"n":5,"frp":62.3}}}},{"type":"Feature","id":1163,"geometry":{"type":"Polygon","coordinates":[[[147.59208,-42.39158],[147.59171,-42.39003],[147.59066,-42.38867],[147.58904,-42.38766],[147.58706,-42.38712],[147.58494,-42.38712],[147.58296,-42.38766],[147.58134,-42.38867],[147.58029,-42.39003],[147.57992,-42.39158],[147.58029,-42.39312],[147.58134,-42.39448],[147.58296,-42.39549],[147.58494,-42.39603],[147.58706,-42.39603],[147.58904,-42.39549],[147.59066,-42.39448],[147.59171,-42.39312],[147.59208,-42.39158]]]},"properties":{"fid":1163,"n":4,"fre_gj":146.5,"fre_daily":{"2026-10-02":146.5},"overpasses":2,"frp_total":31.7,"frp_max":12.9,"frp_mean":7.92,"area_km2":0.77,"lat":-42.3916,"lon":147.586,"first_seen":"2026-10-02","last_seen":"2026-10-02","duration_days":1,"status":"historic","trend":-1,"growth_ratio":0.0,"night_frac":0.0,"daily":{"2026-10-02":{"n":4,"frp":31.7}}}},{"type":"Feature","id":551,"geometry":{"type":"Polygon","coordinates":[[[147.0519,-19.7569],[147.0649,-19.7601],[147.054,-19.7456],[147.0519,-19.7569]]]},"properties":{"fid":551,"n":3,"fre_gj":145.9,"fre_daily":{"2026-09-28":101.9,"2026-10-03":44.0},"overpasses":2,"frp_total":40.5,"frp_max":17.8,"frp_mean":13.51,"area_km2":0.89,"lat":-19.7542,"lon":147.0569,"first_seen":"2026-09-28","last_seen":"2026-10-03","duration_days":2,"status":"receding","trend":-1,"growth_ratio":0.0,"night_frac":0.0,"daily":{"2026-09-28":{"n":2,"frp":28.3},"2026-10-03":{"n":1,"frp":12.2}}}},{"type":"Feature","id":46,"geometry":{"type":"Polygon","coordinates":[[[147.1788,-23.9152],[147.17841,-23.91315],[147.17728,-23.91135],[147.17555,-23.91002],[147.17343,-23.90931],[147.17117,-23.90931],[147.16905,-23.91002],[147.16732,-23.91135],[147.16619,-23.91315],[147.1658,-23.9152],[147.16619,-23.91725],[147.16732,-23.91905],[147.16905,-23.92038],[147.17117,-23.92109],[147.17343,-23.92109],[147.17555,-23.92038],[147.17728,-23.91905],[147.17841,-23.91725],[147.1788,-23.9152]]]},"properties":{"fid":46,"n":7,"fre_gj":143.7,"fre_daily":{"2026-09-28":143.7},"overpasses":5,"frp_total":17.7,"frp_max":4.7,"frp_mean":2.53,"area_km2":1.35,"lat":-23.9152,"lon":147.1723,"first_seen":"2026-09-28","last_seen":"2026-09-28","duration_days":1,"status":"historic","trend":-1,"growth_ratio":0.0,"night_frac":0.29,"daily":{"2026-09-28":{"n":7,"frp":17.7}}}},{"type":"Feature","id":537,"geometry":{"type":"Polygon","coordinates":[[[119.174,-9.6831],[119.1776,-9.6933],[119.1879,-9.6953],[119.1903,-9.6936],[119.174,-9.6831]]]},"properties":{"fid":537,"n":10,"fre_gj":143.7,"fre_daily":{"2026-09-28":8.3,"2026-09-29":94.4,"2026-10-03":41.0},"overpasses":6,"frp_total":56.5,"frp_max":11.7,"frp_mean":5.65,"area_km2":0.91,"lat":-9.6924,"lon":119.1836,"first_seen":"2026-09-28","last_seen":"2026-10-03","duration_days":3,"status":"receding","trend":-1,"growth_ratio":0.0,"night_frac":0.0,"daily":{"2026-09-28":{"n":1,"frp":2.3},"2026-09-29":{"n":6,"frp":40.0},"2026-10-03":{"n":3,"frp":14.2}}}},{"type":"Feature","id":771,"geometry":{"type":"Polygon","coordinates":[[[120.548,-9.9983],[120.5657,-10.0056],[120.5648,-10.0041],[120.5587,-9.9967],[120.548,-9.9983]]]},"properties":{"fid":771,"n":4,"fre_gj":142.9,"fre_daily":{"2026-09-29":21.2,"2026-10-02":121.7},"overpasses":2,"frp_total":39.7,"frp_max":18.8,"frp_mean":9.93,"area_km2":0.66,"lat":-10.0012,"lon":120.5593,"first_seen":"2026-09-29","last_seen":"2026-10-02","duration_days":2,"status":"historic","trend":-1,"growth_ratio":0.0,"night_frac":0.0,"daily":{"2026-09-29":{"n":2,"frp":5.9},"2026-10-02":{"n":2,"frp":33.8}}}},{"type":"Feature","id":593,"geometry":{"type":"Polygon","coordinates":[[[147.29212,-9.34081],[147.29176,-9.33877],[147.29071,-9.33697],[147.28911,-9.33563],[147.28715,-9.33492],[147.28505,-9.33492],[147.28309,-9.33563],[147.28149,-9.33697],[147.28044,-9.33877],[147.28008,-9.34081],[147.28044,-9.34286],[147.28149,-9.34466],[147.28309,-9.34599],[147.28505,-9.34671],[147.28715,-9.34671],[147.28911,-9.34599],[147.29071,-9.34466],[147.29176,-9.34286],[147.29212,-9.34081]]]},"properties":{"fid":593,"n":7,"fre_gj":142.6,"fre_daily":{"2026-09-29":100.3,"2026-09-30":20.9,"2026-10-04":21.4},"overpasses":5,"frp_total":49.5,"frp_max":13.5,"frp_mean":7.06,"area_km2":1.35,"lat":-9.3408,"lon":147.2861,"first_seen":"2026-09-29","last_seen":"2026-10-04","duration_days":3,"status":"active","trend":-1,"growth_ratio":0.33,"night_frac":0.0,"daily":{"2026-09-29":{"n":5,"frp":37.7},"2026-09-30":{"n":1,"frp":5.8},"2026-10-04":{"n":1,"frp":6.0}}}},{"type":"Feature","id":93,"geometry":{"type":"Polygon","coordinates":[[[148.13345,-10.07477],[148.13321,-10.07343],[148.13253,-10.07225],[148.13148,-10.07138],[148.13019,-10.07091],[148.12881,-10.07091],[148.12752,-10.07138],[148.12647,-10.07225],[148.12579,-10.07343],[148.12555,-10.07477],[148.12579,-10.07611],[148.12647,-10.07728],[148.12752,-10.07816],[148.12881,-10.07862],[148.13019,-10.07862],[148.13148,-10.07816],[148.13253,-10.07728],[148.13321,-10.07611],[148.13345,-10.07477]]]},"properties":{"fid":93,"n":3,"fre_gj":142.0,"fre_daily":{"2026-09-28":142.0},"overpasses":2,"frp_total":49.3,"frp_max":33.9,"frp_mean":16.43,"area_km2":0.58,"lat":-10.0748,"lon":148.1295,"first_seen":"2026-09-28","last_seen":"2026-09-28","duration_days":1,"status":"historic","trend":-1,"growth_ratio":0.0,"night_frac":0.0,"daily":{"2026-09-28":{"n":3,"frp":49.3}}}},{"type":"Feature","id":1000,"geometry":{"type":"Polygon","coordinates":[[[119.66607,-9.7098],[119.66577,-9.70807],[119.66488,-9.70655],[119.66353,-9.70542],[119.66186,-9.70482],[119.6601,-9.70482],[119.65843,-9.70542],[119.65708,-9.70655],[119.65619,-9.70807],[119.65589,-9.7098],[119.65619,-9.71153],[119.65708,-9.71305],[119.65843,-9.71418],[119.6601,-9.71478],[119.66186,-9.71478],[119.66353,-9.71418],[119.66488,-9.71305],[119.66577,-9.71153],[119.66607,-9.7098]]]},"properties":{"fid":1000,"n":5,"fre_gj":139.8,"fre_daily":{"2026-10-01":139.8},"overpasses":2,"frp_total":45.7,"frp_max":14.4,"frp_mean":9.14,"area_km2":0.96,"lat":-9.7098,"lon":119.661,"first_seen":"2026-10-01","last_seen":"2026-10-01","duration_days":1,"status":"historic","trend":-1,"growth_ratio":0.0,"night_frac":0.0,"daily":{"2026-10-01":{"n":5,"frp":45.7}}}},{"type":"Feature","id":654,"geometry":{"type":"Polygon","coordinates":[[[151.1857,-23.7519],[151.1875,-23.7562],[151.1964,-23.7715],[151.2102,-23.7785],[151.2109,-23.7759],[151.2107,-23.7751],[151.2098,-23.7725],[151.1899,-23.7527],[151.1857,-23.7519]]]},"properties":{"fid":654,"n":52,"fre_gj":139.5,"fre_daily":{"2026-09-29":14.6,"2026-09-30":39.1,"2026-10-01":31.0,"2026-10-02":32.2,"2026-10-03":22.5},"overpasses":15,"frp_total":53.1,"frp_max":1.9,"frp_mean":1.02,"area_km2":2.34,"lat":-23.7648,"lon":151.1974,"first_seen":"2026-09-29","last_seen":"2026-10-03","duration_days":5,"status":"receding","trend":-1,"growth_ratio":0.0,"night_frac":1.0,"daily":{"2026-09-29":{"n":7,"frp":6.6},"2026-09-30":{"n":16,"frp":16.1},"2026-10-01":{"n":11,"frp":10.7},"2026-10-02":{"n":11,"frp":11.8},"2026-10-03":{"n":7,"frp":7.9}}}},{"type":"Feature","id":666,"geometry":{"type":"Polygon","coordinates":[[[149.36144,-36.39776],[149.36099,-36.39571],[149.35971,-36.39391],[149.35775,-36.39258],[149.35534,-36.39187],[149.35278,-36.39187],[149.35037,-36.39258],[149.3484,-36.39391],[149.34712,-36.39571],[149.34668,-36.39776],[149.34712,-36.3998],[149.3484,-36.4016],[149.35037,-36.40294],[149.35278,-36.40365],[149.35534,-36.40365],[149.35775,-36.40294],[149.35971,-36.4016],[149.36099,-36.3998],[149.36144,-36.39776]]]},"properties":{"fid":666,"n":7,"fre_gj":139.5,"fre_daily":{"2026-09-29":6.4,"2026-09-30":133.2},"overpasses":7,"frp_total":14.3,"frp_max":4.7,"frp_mean":2.04,"area_km2":1.35,"lat":-36.3978,"lon":149.3541,"first_seen":"2026-09-29","last_seen":"2026-09-30","duration_days":2,"status":"historic","trend":-1,"growth_ratio":0.0,"night_frac":0.71,"daily":{"2026-09-29":{"n":3,"frp":3.0},"2026-09-30":{"n":4,"frp":11.3}}}},{"type":"Feature","id":982,"geometry":{"type":"Polygon","coordinates":[[[124.02373,-9.3673],[124.02345,-9.36575],[124.02266,-9.36439],[124.02145,-9.36338],[124.01997,-9.36285],[124.01838,-9.36285],[124.0169,-9.36338],[124.01569,-9.36439],[124.0149,-9.36575],[124.01462,-9.3673],[124.0149,-9.36885],[124.01569,-9.37021],[124.0169,-9.37122],[124.01838,-9.37175],[124.01997,-9.37175],[124.02145,-9.37122],[124.02266,-9.37021],[124.02345,-9.36885],[124.02373,-9.3673]]]},"properties":{"fid":982,"n":4,"fre_gj":139.2,"fre_daily":{"2026-10-01":139.2},"overpasses":3,"frp_total":50.0,"frp_max":21.4,"frp_mean":12.5,"area_km2":0.77,"lat":-9.3673,"lon":124.0192,"first_seen":"2026-10-01","last_seen":"2026-10-01","duration_days":1,"status":"historic","trend":-1,"growth_ratio":0.0,"night_frac":0.0,"daily":{"2026-10-01":{"n":4,"frp":50.0}}}},{"type":"Feature","id":362,"geometry":{"type":"Polygon","coordinates":[[[129.93254,-16.51682],[129.93222,-16.51509],[129.93131,-16.51357],[129.92992,-16.51244],[129.92821,-16.51184],[129.92639,-16.51184],[129.92468,-16.51244],[129.92329,-16.51357],[129.92238,-16.51509],[129.92206,-16.51682],[129.92238,-16.51855],[129.92329,-16.52007],[129.92468,-16.5212],[129.92639,-16.5218],[129.92821,-16.5218],[129.92992,-16.5212],[129.93131,-16.52007],[129.93222,-16.51855],[129.93254,-16.51682]]]},"properties":{"fid":362,"n":5,"fre_gj":139.0,"fre_daily":{"2026-09-28":139.0},"overpasses":4,"frp_total":11.6,"frp_max":8.5,"frp_mean":2.32,"area_km2":0.96,"lat":-16.5168,"lon":129.9273,"first_seen":"2026-09-28","last_seen":"2026-09-28","duration_days":1,"status":"historic","trend":-1,"growth_ratio":0.0,"night_frac":0.8,"daily":{"2026-09-28":{"n":5,"frp":11.6}}}},{"type":"Feature","id":745,"geometry":{"type":"Polygon","coordinates":[[[151.64711,-30.87483],[151.64679,-30.87328],[151.64588,-30.87192],[151.64449,-30.87091],[151.64278,-30.87037],[151.64097,-30.87037],[151.63926,-30.87091],[151.63787,-30.87192],[151.63696,-30.87328],[151.63664,-30.87483],[151.63696,-30.87637],[151.63787,-30.87773],[151.63926,-30.87874],[151.64097,-30.87928],[151.64278,-30.87928],[151.64449,-30.87874],[151.64588,-30.87773],[151.64679,-30.87637],[151.64711,-30.87483]]]},"properties":{"fid":745,"n":4,"fre_gj":137.7,"fre_daily":{"2026-09-29":121.6,"2026-09-30":16.2},"overpasses":4,"frp_total":13.6,"frp_max":6.0,"frp_mean":3.4,"area_km2":0.77,"lat":-30.8748,"lon":151.6419,"first_seen":"2026-09-29","last_seen":"2026-09-30","duration_days":2,"status":"historic","trend":-1,"growth_ratio":0.0,"night_frac":0.25,"daily":{"2026-09-29":{"n":2,"frp":6.6},"2026-09-30":{"n":2,"frp":7.0}}}},{"type":"Feature","id":1207,"geometry":{"type":"Polygon","coordinates":[[[141.57739,-9.13618],[141.57708,-9.13445],[141.5762,-9.13293],[141.57484,-9.1318],[141.57318,-9.1312],[141.57142,-9.1312],[141.56976,-9.1318],[141.5684,-9.13293],[141.56752,-9.13445],[141.56721,-9.13618],[141.56752,-9.13791],[141.5684,-9.13943],[141.56976,-9.14056],[141.57142,-9.14116],[141.57318,-9.14116],[141.57484,-9.14056],[141.5762,-9.13943],[141.57708,-9.13791],[141.57739,-9.13618]]]},"properties":{"fid":1207,"n":5,"fre_gj":137.4,"fre_daily":{"2026-10-03":137.4},"overpasses":2,"frp_total":39.8,"frp_max":9.7,"frp_mean":7.96,"area_km2":0.96,"lat":-9.1362,"lon":141.5723,"first_seen":"2026-10-03","last_seen":"2026-10-03","duration_days":1,"status":"receding","trend":-1,"growth_ratio":0.0,"night_frac":0.0,"daily":{"2026-10-03":{"n":5,"frp":39.8}}}},{"type":"Feature","id":126,"geometry":{"type":"Polygon","coordinates":[[[148.7328,-9.619],[148.7388,-9.6288],[148.7419,-9.6198],[148.7388,-9.6187],[148.7349,-9.6179],[148.7328,-9.619]]]},"properties":{"fid":126,"n":6,"fre_gj":137.3,"fre_daily":{"2026-09-28":113.2,"2026-10-01":24.1},"overpasses":4,"frp_total":40.9,"frp_max":9.6,"frp_mean":6.82,"area_km2":0.59,"lat":-9.6205,"lon":148.7374,"first_seen":"2026-09-28","last_seen":"2026-10-01","duration_days":2,"status":"historic","trend":-1,"growth_ratio":0.0,"night_frac":0.0,"daily":{"2026-09-28":{"n":5,"frp":34.2},"2026-10-01":{"n":1,"frp":6.7}}}},{"type":"Feature","id":345,"geometry":{"type":"Polygon","coordinates":[[[148.3186,-29.4372],[148.3225,-29.4353],[148.3254,-29.429],[148.3258,-29.4243],[148.3243,-29.4228],[148.3191,-29.4253],[148.3186,-29.4347],[148.3186,-29.4372]]]},"properties":{"fid":345,"n":26,"fre_gj":137.2,"fre_daily":{"2026-09-28":24.9,"2026-09-29":19.0,"2026-09-30":81.8,"2026-10-01":11.5},"overpasses":13,"frp_total":38.8,"frp_max":6.7,"frp_mean":1.49,"area_km2":0.75,"lat":-29.4293,"lon":148.3226,"first_seen":"2026-09-28","last_seen":"2026-10-01","duration_days":4,"status":"historic","trend":-1,"growth_ratio":0.0,"night_frac":0.96,"daily":{"2026-09-28":{"n":11,"frp":10.1},"2026-09-29":{"n":5,"frp":8.3},"2026-09-30":{"n":9,"frp":17.2},"2026-10-01":{"n":1,"frp":3.2}}}},{"type":"Feature","id":943,"geometry":{"type":"Polygon","coordinates":[[[134.3569,-12.4905],[134.357,-12.4922],[134.3609,-12.5018],[134.3615,-12.4934],[134.3613,-12.4915],[134.3609,-12.4899],[134.3569,-12.4905]]]},"properties":{"fid":943,"n":7,"fre_gj":137.0,"fre_daily":{"2026-09-30":77.0,"2026-10-01":60.0},"overpasses":4,"frp_total":45.7,"frp_max":21.4,"frp_mean":6.53,"area_km2":0.37,"lat":-12.4932,"lon":134.3599,"first_seen":"2026-09-30","last_seen":"2026-10-01","duration_days":2,"status":"historic","trend":-1,"growth_ratio":0.0,"night_frac":0.0,"daily":{"2026-09-30":{"n":1,"frp":21.4},"2026-10-01":{"n":6,"frp":24.3}}}},{"type":"Feature","id":12,"geometry":{"type":"Polygon","coordinates":[[[145.07665,-35.5905],[145.07636,-35.58916],[145.07553,-35.58798],[145.07426,-35.58711],[145.0727,-35.58664],[145.07104,-35.58664],[145.06947,-35.58711],[145.0682,-35.58798],[145.06737,-35.58916],[145.06708,-35.5905],[145.06737,-35.59184],[145.0682,-35.59302],[145.06947,-35.59389],[145.07104,-35.59436],[145.0727,-35.59436],[145.07426,-35.59389],[145.07553,-35.59302],[145.07636,-35.59184],[145.07665,-35.5905]]]},"properties":{"fid":12,"n":3,"fre_gj":136.9,"fre_daily":{"2026-09-28":136.9},"overpasses":3,"frp_total":50.6,"frp_max":40.0,"frp_mean":16.87,"area_km2":0.58,"lat":-35.5905,"lon":145.0719,"first_seen":"2026-09-28","last_seen":"2026-09-28","duration_days":1,"status":"historic","trend":-1,"growth_ratio":0.0,"night_frac":0.0,"daily":{"2026-09-28":{"n":3,"frp":50.6}}}},{"type":"Feature","id":120,"geometry":{"type":"Polygon","coordinates":[[[148.41665,-9.68455],[148.41631,-9.68266],[148.41534,-9.68099],[148.41386,-9.67975],[148.41204,-9.6791],[148.4101,-9.6791],[148.40828,-9.67975],[148.40679,-9.68099],[148.40582,-9.68266],[148.40549,-9.68455],[148.40582,-9.68644],[148.40679,-9.68811],[148.40828,-9.68935],[148.4101,-9.69],[148.41204,-9.69],[148.41386,-9.68935],[148.41534,-9.68811],[148.41631,-9.68644],[148.41665,-9.68455]]]},"properties":{"fid":120,"n":6,"fre_gj":135.9,"fre_daily":{"2026-09-28":104.9,"2026-10-01":31.0},"overpasses":5,"frp_total":55.8,"frp_max":13.0,"frp_mean":9.3,"area_km2":1.15,"lat":-9.6845,"lon":148.4111,"first_seen":"2026-09-28","last_seen":"2026-10-01","duration_days":2,"status":"historic","trend":-1,"growth_ratio":0.0,"night_frac":0.0,"daily":{"2026-09-28":{"n":5,"frp":47.2},"2026-10-01":{"n":1,"frp":8.6}}}},{"type":"Feature","id":278,"geometry":{"type":"Polygon","coordinates":[[[120.4224,-10.0066],[120.4326,-10.0159],[120.4429,-10.0111],[120.4401,-10.0104],[120.4224,-10.0066]]]},"properties":{"fid":278,"n":7,"fre_gj":135.8,"fre_daily":{"2026-09-28":135.8},"overpasses":3,"frp_total":55.2,"frp_max":13.2,"frp_mean":7.89,"area_km2":0.89,"lat":-10.0116,"lon":120.4343,"first_seen":"2026-09-28","last_seen":"2026-09-28","duration_days":1,"status":"historic","trend":-1,"growth_ratio":0.0,"night_frac":0.0,"daily":{"2026-09-28":{"n":7,"frp":55.2}}}},{"type":"Feature","id":810,"geometry":{"type":"Polygon","coordinates":[[[151.60367,-30.61085],[151.60335,-30.6093],[151.60245,-30.60794],[151.60106,-30.60693],[151.59936,-30.6064],[151.59754,-30.6064],[151.59584,-30.60693],[151.59445,-30.60794],[151.59355,-30.6093],[151.59323,-30.61085],[151.59355,-30.6124],[151.59445,-30.61376],[151.59584,-30.61477],[151.59754,-30.6153],[151.59936,-30.6153],[151.60106,-30.61477],[151.60245,-30.61376],[151.60335,-30.6124],[151.60367,-30.61085]]]},"properties":{"fid":810,"n":4,"fre_gj":134.3,"fre_daily":{"2026-09-30":45.4,"2026-10-01":88.9},"overpasses":2,"frp_total":37.3,"frp_max":12.6,"frp_mean":9.32,"area_km2":0.77,"lat":-30.6108,"lon":151.5985,"first_seen":"2026-09-30","last_seen":"2026-10-01","duration_days":2,"status":"historic","trend":-1,"growth_ratio":0.0,"night_frac":0.0,"daily":{"2026-09-30":{"n":1,"frp":12.6},"2026-10-01":{"n":3,"frp":24.7}}}},{"type":"Feature","id":103,"geometry":{"type":"Polygon","coordinates":[[[151.1545,-9.9958],[151.1651,-10.0055],[151.1732,-9.9919],[151.1704,-9.9924],[151.1545,-9.9958]]]},"properties":{"fid":103,"n":6,"fre_gj":134.1,"fre_daily":{"2026-09-28":62.8,"2026-10-02":71.3},"overpasses":3,"frp_total":41.6,"frp_max":9.5,"frp_mean":6.93,"area_km2":1.36,"lat":-9.9971,"lon":151.166,"first_seen":"2026-09-28","last_seen":"2026-10-02","duration_days":2,"status":"historic","trend":-1,"growth_ratio":0.0,"night_frac":0.0,"daily":{"2026-09-28":{"n":3,"frp":21.8},"2026-10-02":{"n":3,"frp":19.8}}}},{"type":"Feature","id":1268,"geometry":{"type":"Polygon","coordinates":[[[148.25871,-9.42467],[148.25847,-9.42333],[148.25779,-9.42215],[148.25674,-9.42128],[148.25545,-9.42081],[148.25408,-9.42081],[148.2528,-9.42128],[148.25175,-9.42215],[148.25106,-9.42333],[148.25082,-9.42467],[148.25106,-9.42601],[148.25175,-9.42718],[148.2528,-9.42806],[148.25408,-9.42852],[148.25545,-9.42852],[148.25674,-9.42806],[148.25779,-9.42718],[148.25847,-9.42601],[148.25871,-9.42467]]]},"properties":{"fid":1268,"n":3,"fre_gj":131.1,"fre_daily":{"2026-10-03":123.1,"2026-10-04":8.0},"overpasses":2,"frp_total":5.6,"frp_max":4.5,"frp_mean":1.87,"area_km2":0.58,"lat":-9.4247,"lon":148.2548,"first_seen":"2026-10-03","last_seen":"2026-10-04","duration_days":2,"status":"active","trend":-1,"growth_ratio":0.5,"night_frac":0.67,"daily":{"2026-10-03":{"n":2,"frp":1.1},"2026-10-04":{"n":1,"frp":4.5}}}},{"type":"Feature","id":65,"geometry":{"type":"Polygon","coordinates":[[[135.8154,-13.9665],[135.8241,-13.9755],[135.8264,-13.9716],[135.819,-13.966],[135.818,-13.9658],[135.8154,-13.9665]]]},"properties":{"fid":65,"n":10,"fre_gj":130.1,"fre_daily":{"2026-09-28":130.1},"overpasses":3,"frp_total":57.9,"frp_max":10.5,"frp_mean":5.79,"area_km2":0.48,"lat":-13.969,"lon":135.8209,"first_seen":"2026-09-28","last_seen":"2026-09-28","duration_days":1,"status":"historic","trend":-1,"growth_ratio":0.0,"night_frac":0.0,"daily":{"2026-09-28":{"n":10,"frp":57.9}}}},{"type":"Feature","id":1111,"geometry":{"type":"Polygon","coordinates":[[[134.3364,-12.26533],[134.33612,-12.26378],[134.33532,-12.26242],[134.3341,-12.26141],[134.3326,-12.26087],[134.331,-12.26087],[134.3295,-12.26141],[134.32828,-12.26242],[134.32748,-12.26378],[134.3272,-12.26533],[134.32748,-12.26687],[134.32828,-12.26823],[134.3295,-12.26924],[134.331,-12.26978],[134.3326,-12.26978],[134.3341,-12.26924],[134.33532,-12.26823],[134.33612,-12.26687],[134.3364,-12.26533]]]},"properties":{"fid":1111,"n":4,"fre_gj":129.9,"fre_daily":{"2026-10-02":129.9},"overpasses":2,"frp_total":44.2,"frp_max":22.3,"frp_mean":11.05,"area_km2":0.77,"lat":-12.2653,"lon":134.3318,"first_seen":"2026-10-02","last_seen":"2026-10-02","duration_days":1,"status":"historic","trend":-1,"growth_ratio":0.0,"night_frac":0.0,"daily":{"2026-10-02":{"n":4,"frp":44.2}}}},{"type":"Feature","id":812,"geometry":{"type":"Polygon","coordinates":[[[148.99515,-28.31713],[148.99489,-28.31579],[148.99412,-28.31462],[148.99294,-28.31374],[148.9915,-28.31328],[148.98997,-28.31328],[148.98852,-28.31374],[148.98735,-28.31462],[148.98658,-28.31579],[148.98631,-28.31713],[148.98658,-28.31847],[148.98735,-28.31965],[148.98852,-28.32052],[148.98997,-28.32099],[148.9915,-28.32099],[148.99294,-28.32052],[148.99412,-28.31965],[148.99489,-28.31847],[148.99515,-28.31713]]]},"properties":{"fid":812,"n":3,"fre_gj":129.2,"fre_daily":{"2026-09-30":129.2},"overpasses":3,"frp_total":6.9,"frp_max":5.6,"frp_mean":2.3,"area_km2":0.58,"lat":-28.3171,"lon":148.9907,"first_seen":"2026-09-30","last_seen":"2026-09-30","duration_days":1,"status":"historic","trend":-1,"growth_ratio":0.0,"night_frac":0.67,"daily":{"2026-09-30":{"n":3,"frp":6.9}}}},{"type":"Feature","id":834,"geometry":{"type":"Polygon","coordinates":[[[136.3231,-12.087],[136.3296,-12.0674],[136.3299,-12.0658],[136.3284,-12.0647],[136.3252,-12.0761],[136.3231,-12.087]]]},"properties":{"fid":834,"n":7,"fre_gj":128.5,"fre_daily":{"2026-09-29":1.4,"2026-09-30":19.8,"2026-10-02":107.2},"overpasses":5,"frp_total":54.3,"frp_max":18.9,"frp_mean":7.76,"area_km2":0.33,"lat":-12.0707,"lon":136.3279,"first_seen":"2026-09-29","last_seen":"2026-10-02","duration_days":3,"status":"historic","trend":-1,"growth_ratio":0.0,"night_frac":0.14,"daily":{"2026-09-29":{"n":1,"frp":0.4},"2026-09-30":{"n":1,"frp":5.5},"2026-10-02":{"n":5,"frp":48.4}}}},{"type":"Feature","id":586,"geometry":{"type":"Polygon","coordinates":[[[149.81433,-9.628],[149.81406,-9.62645],[149.81326,-9.62509],[149.81205,-9.62408],[149.81057,-9.62355],[149.80898,-9.62355],[149.8075,-9.62408],[149.80629,-9.62509],[149.80549,-9.62645],[149.80522,-9.628],[149.80549,-9.62955],[149.80629,-9.63091],[149.8075,-9.63192],[149.80898,-9.63245],[149.81057,-9.63245],[149.81205,-9.63192],[149.81326,-9.63091],[149.81406,-9.62955],[149.81433,-9.628]]]},"properties":{"fid":586,"n":4,"fre_gj":128.4,"fre_daily":{"2026-09-29":128.4},"overpasses":2,"frp_total":44.6,"frp_max":21.8,"frp_mean":11.15,"area_km2":0.77,"lat":-9.628,"lon":149.8098,"first_seen":"2026-09-29","last_seen":"2026-09-29","duration_days":1,"status":"historic","trend":-1,"growth_ratio":0.0,"night_frac":0.0,"daily":{"2026-09-29":{"n":4,"frp":44.6}}}},{"type":"Feature","id":851,"geometry":{"type":"Polygon","coordinates":[[[125.015,-9.0728],[125.0256,-9.0734],[125.0272,-9.0653],[125.0257,-9.0628],[125.0212,-9.0649],[125.015,-9.0728]]]},"properties":{"fid":851,"n":7,"fre_gj":128.1,"fre_daily":{"2026-09-30":99.5,"2026-10-02":19.4,"2026-10-03":9.1},"overpasses":5,"frp_total":51.1,"frp_max":16.5,"frp_mean":7.31,"area_km2":0.92,"lat":-9.0671,"lon":125.0234,"first_seen":"2026-09-30","last_seen":"2026-10-03","duration_days":3,"status":"receding","trend":-1,"growth_ratio":0.0,"night_frac":0.0,"daily":{"2026-09-30":{"n":5,"frp":43.2},"2026-10-02":{"n":1,"frp":5.4},"2026-10-03":{"n":1,"frp":2.5}}}},{"type":"Feature","id":145,"geometry":{"type":"Polygon","coordinates":[[[147.1586,-9.3037],[147.1705,-9.3011],[147.1709,-9.3009],[147.1716,-9.2975],[147.1587,-9.2997],[147.1586,-9.3037]]]},"properties":{"fid":145,"n":6,"fre_gj":127.7,"fre_daily":{"2026-09-28":70.6,"2026-09-29":28.5,"2026-10-02":13.7,"2026-10-03":14.9},"overpasses":6,"frp_total":44.0,"frp_max":18.9,"frp_mean":7.34,"area_km2":0.56,"lat":-9.3006,"lon":147.1669,"first_seen":"2026-09-28","last_seen":"2026-10-03","duration_days":4,"status":"receding","trend":-1,"growth_ratio":0.0,"night_frac":0.0,"daily":{"2026-09-28":{"n":2,"frp":24.5},"2026-09-29":{"n":2,"frp":11.6},"2026-10-02":{"n":1,"frp":3.8},"2026-10-03":{"n":1,"frp":4.2}}}},{"type":"Feature","id":1128,"geometry":{"type":"Polygon","coordinates":[[[127.1784,-20.9985],[127.1794,-21.0018],[127.1858,-21.0033],[127.191,-21.0026],[127.1864,-20.9982],[127.1784,-20.9985]]]},"properties":{"fid":1128,"n":8,"fre_gj":126.8,"fre_daily":{"2026-10-02":126.8},"overpasses":4,"frp_total":54.2,"frp_max":9.7,"frp_mean":6.78,"area_km2":0.5,"lat":-21.0009,"lon":127.1849,"first_seen":"2026-10-02","last_seen":"2026-10-02","duration_days":1,"status":"historic","trend":-1,"growth_ratio":0.0,"night_frac":0.0,"daily":{"2026-10-02":{"n":8,"frp":54.2}}}},{"type":"Feature","id":512,"geometry":{"type":"Polygon","coordinates":[[[133.4701,-12.0968],[133.4804,-12.0955],[133.4832,-12.0897],[133.4828,-12.0843],[133.4701,-12.0968]]]},"properties":{"fid":512,"n":4,"fre_gj":126.7,"fre_daily":{"2026-09-28":126.7},"overpasses":1,"frp_total":35.2,"frp_max":17.0,"frp_mean":8.8,"area_km2":0.78,"lat":-12.0916,"lon":133.4791,"first_seen":"2026-09-28","last_seen":"2026-09-28","duration_days":1,"status":"historic","trend":-1,"growth_ratio":0.0,"night_frac":0.0,"daily":{"2026-09-28":{"n":4,"frp":35.2}}}},{"type":"Feature","id":130,"geometry":{"type":"Polygon","coordinates":[[[147.65568,-9.60468],[147.65541,-9.60313],[147.65461,-9.60177],[147.6534,-9.60076],[147.65192,-9.60022],[147.65033,-9.60022],[147.64885,-9.60076],[147.64764,-9.60177],[147.64684,-9.60313],[147.64657,-9.60468],[147.64684,-9.60622],[147.64764,-9.60758],[147.64885,-9.60859],[147.65033,-9.60913],[147.65192,-9.60913],[147.6534,-9.60859],[147.65461,-9.60758],[147.65541,-9.60622],[147.65568,-9.60468]]]},"properties":{"fid":130,"n":4,"fre_gj":126.6,"fre_daily":{"2026-09-28":11.5,"2026-09-29":115.1},"overpasses":4,"frp_total":10.4,"frp_max":4.2,"frp_mean":2.6,"area_km2":0.77,"lat":-9.6047,"lon":147.6511,"first_seen":"2026-09-28","last_seen":"2026-09-29","duration_days":2,"status":"historic","trend":-1,"growth_ratio":0.0,"night_frac":0.25,"daily":{"2026-09-28":{"n":1,"frp":3.2},"2026-09-29":{"n":3,"frp":7.2}}}},{"type":"Feature","id":119,"geometry":{"type":"Polygon","coordinates":[[[147.7212,-9.6873],[147.7252,-9.6913],[147.741,-9.6946],[147.7412,-9.6786],[147.7355,-9.6658],[147.7212,-9.6873]]]},"properties":{"fid":119,"n":11,"fre_gj":126.5,"fre_daily":{"2026-09-28":21.2,"2026-09-29":18.0,"2026-09-30":13.3,"2026-10-03":60.6,"2026-10-04":13.4},"overpasses":5,"frp_total":35.1,"frp_max":4.8,"frp_mean":3.2,"area_km2":4.09,"lat":-9.681,"lon":147.7331,"first_seen":"2026-09-28","last_seen":"2026-10-04","duration_days":5,"status":"active","trend":-1,"growth_ratio":0.4,"night_frac":0.0,"daily":{"2026-09-28":{"n":2,"frp":5.9},"2026-09-29":{"n":2,"frp":5.0},"2026-09-30":{"n":1,"frp":3.7},"2026-10-03":{"n":5,"frp":16.8},"2026-10-04":{"n":1,"frp":3.7}}}},{"type":"Feature","id":709,"geometry":{"type":"Polygon","coordinates":[[[134.409,-15.756],[134.4096,-15.7606],[134.415,-15.7646],[134.4186,-15.7641],[134.4205,-15.7536],[134.409,-15.756]]]},"properties":{"fid":709,"n":5,"fre_gj":126.4,"fre_daily":{"2026-09-29":52.6,"2026-09-30":73.8},"overpasses":2,"frp_total":35.1,"frp_max":11.2,"frp_mean":7.02,"area_km2":1.02,"lat":-15.7598,"lon":134.4145,"first_seen":"2026-09-29","last_seen":"2026-09-30","duration_days":2,"status":"historic","trend":-1,"growth_ratio":0.0,"night_frac":0.0,"daily":{"2026-09-29":{"n":2,"frp":14.6},"2026-09-30":{"n":3,"frp":20.5}}}},{"type":"Feature","id":811,"geometry":{"type":"Polygon","coordinates":[[[150.9852,-28.4759],[150.9896,-28.4782],[150.9923,-28.4745],[150.9932,-28.4697],[150.9875,-28.4719],[150.9852,-28.4759]]]},"properties":{"fid":811,"n":6,"fre_gj":124.8,"fre_daily":{"2026-09-30":103.5,"2026-10-01":21.3},"overpasses":5,"frp_total":47.5,"frp_max":11.7,"frp_mean":7.92,"area_km2":0.4,"lat":-28.4744,"lon":150.9889,"first_seen":"2026-09-30","last_seen":"2026-10-01","duration_days":2,"status":"historic","trend":-1,"growth_ratio":0.0,"night_frac":0.0,"daily":{"2026-09-30":{"n":4,"frp":38.5},"2026-10-01":{"n":2,"frp":9.0}}}},{"type":"Feature","id":1081,"geometry":{"type":"Polygon","coordinates":[[[148.8945,-9.2336],[148.9227,-9.2627],[148.9091,-9.2351],[148.8945,-9.2336]]]},"properties":{"fid":1081,"n":7,"fre_gj":123.7,"fre_daily":{"2026-09-30":15.1,"2026-10-01":25.9,"2026-10-02":13.3,"2026-10-03":69.4},"overpasses":5,"frp_total":34.4,"frp_max":7.2,"frp_mean":4.91,"area_km2":2.32,"lat":-9.2463,"lon":148.9107,"first_seen":"2026-09-30","last_seen":"2026-10-03","duration_days":4,"status":"receding","trend":-1,"growth_ratio":0.0,"night_frac":0.14,"daily":{"2026-09-30":{"n":1,"frp":4.2},"2026-10-01":{"n":1,"frp":7.2},"2026-10-02":{"n":1,"frp":3.7},"2026-10-03":{"n":4,"frp":19.3}}}},{"type":"Feature","id":1053,"geometry":{"type":"Polygon","coordinates":[[[147.2944,-9.01757],[147.29407,-9.01567],[147.2931,-9.01401],[147.29162,-9.01277],[147.2898,-9.01211],[147.28787,-9.01211],[147.28605,-9.01277],[147.28457,-9.01401],[147.2836,-9.01567],[147.28326,-9.01757],[147.2836,-9.01946],[147.28457,-9.02113],[147.28605,-9.02236],[147.28787,-9.02302],[147.2898,-9.02302],[147.29162,-9.02236],[147.2931,-9.02113],[147.29407,-9.01946],[147.2944,-9.01757]]]},"properties":{"fid":1053,"n":6,"fre_gj":123.4,"fre_daily":{"2026-10-01":72.4,"2026-10-02":51.0},"overpasses":5,"frp_total":31.7,"frp_max":7.6,"frp_mean":5.28,"area_km2":1.15,"lat":-9.0176,"lon":147.2888,"first_seen":"2026-10-01","last_seen":"2026-10-02","duration_days":2,"status":"historic","trend":-1,"growth_ratio":0.0,"night_frac":0.0,"daily":{"2026-10-01":{"n":3,"frp":15.5},"2026-10-02":{"n":3,"frp":16.2}}}},{"type":"Feature","id":972,"geometry":{"type":"Polygon","coordinates":[[[143.41274,-13.15555],[143.41246,-13.154],[143.41166,-13.15264],[143.41043,-13.15163],[143.40893,-13.1511],[143.40732,-13.1511],[143.40582,-13.15163],[143.40459,-13.15264],[143.40379,-13.154],[143.40351,-13.15555],[143.40379,-13.1571],[143.40459,-13.15846],[143.40582,-13.15947],[143.40732,-13.16],[143.40893,-13.16],[143.41043,-13.15947],[143.41166,-13.15846],[143.41246,-13.1571],[143.41274,-13.15555]]]},"properties":{"fid":972,"n":4,"fre_gj":123.2,"fre_daily":{"2026-10-01":123.2},"overpasses":3,"frp_total":52.7,"frp_max":16.5,"frp_mean":13.18,"area_km2":0.77,"lat":-13.1555,"lon":143.4081,"first_seen":"2026-10-01","last_seen":"2026-10-01","duration_days":1,"status":"historic","trend":-1,"growth_ratio":0.0,"night_frac":0.0,"daily":{"2026-10-01":{"n":4,"frp":52.7}}}},{"type":"Feature","id":518,"geometry":{"type":"Polygon","coordinates":[[[152.85124,-9.2374],[152.851,-9.23606],[152.85032,-9.23488],[152.84927,-9.23401],[152.84798,-9.23354],[152.84662,-9.23354],[152.84533,-9.23401],[152.84428,-9.23488],[152.8436,-9.23606],[152.84336,-9.2374],[152.8436,-9.23874],[152.84428,-9.23992],[152.84533,-9.24079],[152.84662,-9.24126],[152.84798,-9.24126],[152.84927,-9.24079],[152.85032,-9.23992],[152.851,-9.23874],[152.85124,-9.2374]]]},"properties":{"fid":518,"n":3,"fre_gj":123.0,"fre_daily":{"2026-09-28":114.3,"2026-10-01":8.6},"overpasses":3,"frp_total":28.5,"frp_max":22.1,"frp_mean":9.5,"area_km2":0.58,"lat":-9.2374,"lon":152.8473,"first_seen":"2026-09-28","last_seen":"2026-10-01","duration_days":2,"status":"historic","trend":-1,"growth_ratio":0.0,"night_frac":0.0,"daily":{"2026-09-28":{"n":2,"frp":26.1},"2026-10-01":{"n":1,"frp":2.4}}}},{"type":"Feature","id":1181,"geometry":{"type":"Polygon","coordinates":[[[128.22428,-15.95967],[128.22404,-15.95833],[128.22333,-15.95715],[128.22226,-15.95628],[128.22094,-15.95581],[128.21953,-15.95581],[128.21821,-15.95628],[128.21713,-15.95715],[128.21643,-15.95833],[128.21619,-15.95967],[128.21643,-15.96101],[128.21713,-15.96218],[128.21821,-15.96306],[128.21953,-15.96352],[128.22094,-15.96352],[128.22226,-15.96306],[128.22333,-15.96218],[128.22404,-15.96101],[128.22428,-15.95967]]]},"properties":{"fid":1181,"n":3,"fre_gj":122.0,"fre_daily":{"2026-10-02":20.2,"2026-10-03":101.8},"overpasses":3,"frp_total":10.5,"frp_max":5.6,"frp_mean":3.5,"area_km2":0.58,"lat":-15.9597,"lon":128.2202,"first_seen":"2026-10-02","last_seen":"2026-10-03","duration_days":2,"status":"receding","trend":-1,"growth_ratio":0.0,"night_frac":0.67,"daily":{"2026-10-02":{"n":1,"frp":5.6},"2026-10-03":{"n":2,"frp":4.9}}}},{"type":"Feature","id":690,"geometry":{"type":"Polygon","coordinates":[[[141.2274,-9.183],[141.22713,-9.18145],[141.22634,-9.18009],[141.22512,-9.17908],[141.22364,-9.17855],[141.22206,-9.17855],[141.22058,-9.17908],[141.21936,-9.18009],[141.21857,-9.18145],[141.2183,-9.183],[141.21857,-9.18455],[141.21936,-9.18591],[141.22058,-9.18692],[141.22206,-9.18745],[141.22364,-9.18745],[141.22512,-9.18692],[141.22634,-9.18591],[141.22713,-9.18455],[141.2274,-9.183]]]},"properties":{"fid":690,"n":4,"fre_gj":120.9,"fre_daily":{"2026-09-29":2.9,"2026-10-01":3.2,"2026-10-02":107.7,"2026-10-03":7.1},"overpasses":4,"frp_total":6.7,"frp_max":3.9,"frp_mean":1.68,"area_km2":0.77,"lat":-9.183,"lon":141.2228,"first_seen":"2026-09-29","last_seen":"2026-10-03","duration_days":4,"status":"receding","trend":-1,"growth_ratio":0.0,"night_frac":0.75,"daily":{"2026-09-29":{"n":1,"frp":0.8},"2026-10-01":{"n":1,"frp":0.9},"2026-10-02":{"n":1,"frp":1.1},"2026-10-03":{"n":1,"frp":3.9}}}},{"type":"Feature","id":758,"geometry":{"type":"Polygon","coordinates":[[[134.50505,-12.13217],[134.50481,-12.13083],[134.50411,-12.12965],[134.50306,-12.12878],[134.50176,-12.12831],[134.50038,-12.12831],[134.49908,-12.12878],[134.49802,-12.12965],[134.49733,-12.13083],[134.49709,-12.13217],[134.49733,-12.13351],[134.49802,-12.13468],[134.49908,-12.13556],[134.50038,-12.13602],[134.50176,-12.13602],[134.50306,-12.13556],[134.50411,-12.13468],[134.50481,-12.13351],[134.50505,-12.13217]]]},"properties":{"fid":758,"n":3,"fre_gj":120.6,"fre_daily":{"2026-09-29":95.4,"2026-09-30":25.2},"overpasses":2,"frp_total":33.5,"frp_max":16.7,"frp_mean":11.17,"area_km2":0.58,"lat":-12.1322,"lon":134.5011,"first_seen":"2026-09-29","last_seen":"2026-09-30","duration_days":2,"status":"historic","trend":-1,"growth_ratio":0.0,"night_frac":0.0,"daily":{"2026-09-29":{"n":2,"frp":26.5},"2026-09-30":{"n":1,"frp":7.0}}}},{"type":"Feature","id":648,"geometry":{"type":"Polygon","coordinates":[[[125.9579,-9.1059],[125.95754,-9.10385],[125.9565,-9.10205],[125.95489,-9.10072],[125.95293,-9.10001],[125.95084,-9.10001],[125.94888,-9.10072],[125.94728,-9.10205],[125.94623,-9.10385],[125.94587,-9.1059],[125.94623,-9.10795],[125.94728,-9.10975],[125.94888,-9.11108],[125.95084,-9.11179],[125.95293,-9.11179],[125.95489,-9.11108],[125.9565,-9.10975],[125.95754,-9.10795],[125.9579,-9.1059]]]},"properties":{"fid":648,"n":7,"fre_gj":119.7,"fre_daily":{"2026-09-29":119.7},"overpasses":3,"frp_total":53.8,"frp_max":12.8,"frp_mean":7.69,"area_km2":1.35,"lat":-9.1059,"lon":125.9519,"first_seen":"2026-09-29","last_seen":"2026-09-29","duration_days":1,"status":"historic","trend":-1,"growth_ratio":0.0,"night_frac":0.0,"daily":{"2026-09-29":{"n":7,"frp":53.8}}}},{"type":"Feature","id":584,"geometry":{"type":"Polygon","coordinates":[[[147.7702,-9.6562],[147.7967,-9.6658],[147.7933,-9.6495],[147.7898,-9.6479],[147.7702,-9.6562]]]},"properties":{"fid":584,"n":7,"fre_gj":119.6,"fre_daily":{"2026-09-28":27.7,"2026-09-29":17.6,"2026-10-02":16.6,"2026-10-03":20.3,"2026-10-04":37.4},"overpasses":6,"frp_total":34.5,"frp_max":10.4,"frp_mean":4.92,"area_km2":2.79,"lat":-9.6551,"lon":147.7875,"first_seen":"2026-09-28","last_seen":"2026-10-04","duration_days":5,"status":"active","trend":-1,"growth_ratio":0.67,"night_frac":0.0,"daily":{"2026-09-28":{"n":2,"frp":7.7},"2026-09-29":{"n":2,"frp":6.1},"2026-10-02":{"n":1,"frp":4.6},"2026-10-03":{"n":1,"frp":5.7},"2026-10-04":{"n":1,"frp":10.4}}}},{"type":"Feature","id":1262,"geometry":{"type":"Polygon","coordinates":[[[149.9376,-9.7334],[149.9512,-9.7387],[149.9522,-9.736],[149.9376,-9.7334]]]},"properties":{"fid":1262,"n":4,"fre_gj":119.2,"fre_daily":{"2026-10-01":23.4,"2026-10-03":89.3,"2026-10-04":6.4},"overpasses":4,"frp_total":11.6,"frp_max":6.5,"frp_mean":2.91,"area_km2":0.25,"lat":-9.7363,"lon":149.9479,"first_seen":"2026-10-01","last_seen":"2026-10-04","duration_days":3,"status":"active","trend":-1,"growth_ratio":0.67,"night_frac":0.5,"daily":{"2026-10-01":{"n":1,"frp":6.5},"2026-10-03":{"n":2,"frp":1.5},"2026-10-04":{"n":1,"frp":3.6}}}},{"type":"Feature","id":906,"geometry":{"type":"Polygon","coordinates":[[[123.78022,-10.3486],[123.77998,-10.34726],[123.7793,-10.34608],[123.77824,-10.34521],[123.77695,-10.34474],[123.77558,-10.34474],[123.77429,-10.34521],[123.77324,-10.34608],[123.77255,-10.34726],[123.77231,-10.3486],[123.77255,-10.34994],[123.77324,-10.35112],[123.77429,-10.35199],[123.77558,-10.35246],[123.77695,-10.35246],[123.77824,-10.35199],[123.7793,-10.35112],[123.77998,-10.34994],[123.78022,-10.3486]]]},"properties":{"fid":906,"n":3,"fre_gj":118.8,"fre_daily":{"2026-09-30":118.8},"overpasses":2,"frp_total":49.5,"frp_max":31.8,"frp_mean":16.5,"area_km2":0.58,"lat":-10.3486,"lon":123.7763,"first_seen":"2026-09-30","last_seen":"2026-09-30","duration_days":1,"status":"historic","trend":-1,"growth_ratio":0.0,"night_frac":0.0,"daily":{"2026-09-30":{"n":3,"frp":49.5}}}},{"type":"Feature","id":415,"geometry":{"type":"Polygon","coordinates":[[[147.62484,-40.96126],[147.62433,-40.95908],[147.62287,-40.95715],[147.62063,-40.95572],[147.61789,-40.95496],[147.61496,-40.95496],[147.61222,-40.95572],[147.60998,-40.95715],[147.60852,-40.95908],[147.60801,-40.96126],[147.60852,-40.96345],[147.60998,-40.96537],[147.61222,-40.9668],[147.61496,-40.96756],[147.61789,-40.96756],[147.62063,-40.9668],[147.62287,-40.96537],[147.62433,-40.96345],[147.62484,-40.96126]]]},"properties":{"fid":415,"n":8,"fre_gj":118.4,"fre_daily":{"2026-09-28":12.8,"2026-09-29":103.0,"2026-09-30":2.5},"overpasses":6,"frp_total":52.8,"frp_max":12.2,"frp_mean":6.6,"area_km2":1.54,"lat":-40.9613,"lon":147.6164,"first_seen":"2026-09-28","last_seen":"2026-09-30","duration_days":3,"status":"historic","trend":-1,"growth_ratio":0.0,"night_frac":0.12,"daily":{"2026-09-28":{"n":2,"frp":5.4},"2026-09-29":{"n":5,"frp":46.7},"2026-09-30":{"n":1,"frp":0.7}}}},{"type":"Feature","id":1134,"geometry":{"type":"Polygon","coordinates":[[[120.48844,-10.09143],[120.4881,-10.08954],[120.48713,-10.08787],[120.48564,-10.08664],[120.48382,-10.08598],[120.48188,-10.08598],[120.48006,-10.08664],[120.47857,-10.08787],[120.4776,-10.08954],[120.47726,-10.09143],[120.4776,-10.09333],[120.47857,-10.09499],[120.48006,-10.09623],[120.48188,-10.09689],[120.48382,-10.09689],[120.48564,-10.09623],[120.48713,-10.09499],[120.4881,-10.09333],[120.48844,-10.09143]]]},"properties":{"fid":1134,"n":6,"fre_gj":117.1,"fre_daily":{"2026-10-02":117.1},"overpasses":3,"frp_total":42.7,"frp_max":11.0,"frp_mean":7.12,"area_km2":1.15,"lat":-10.0914,"lon":120.4828,"first_seen":"2026-10-02","last_seen":"2026-10-02","duration_days":1,"status":"historic","trend":-1,"growth_ratio":0.0,"night_frac":0.0,"daily":{"2026-10-02":{"n":6,"frp":42.7}}}},{"type":"Feature","id":519,"geometry":{"type":"Polygon","coordinates":[[[141.16629,-9.16666],[141.16598,-9.16493],[141.1651,-9.16341],[141.16374,-9.16228],[141.16208,-9.16168],[141.16032,-9.16168],[141.15866,-9.16228],[141.1573,-9.16341],[141.15642,-9.16493],[141.15611,-9.16666],[141.15642,-9.16839],[141.1573,-9.16991],[141.15866,-9.17104],[141.16032,-9.17164],[141.16208,-9.17164],[141.16374,-9.17104],[141.1651,-9.16991],[141.16598,-9.16839],[141.16629,-9.16666]]]},"properties":{"fid":519,"n":5,"fre_gj":116.9,"fre_daily":{"2026-09-28":19.1,"2026-09-29":76.3,"2026-10-03":21.6},"overpasses":4,"frp_total":25.5,"frp_max":6.2,"frp_mean":5.1,"area_km2":0.96,"lat":-9.1667,"lon":141.1612,"first_seen":"2026-09-28","last_seen":"2026-10-03","duration_days":3,"status":"receding","trend":-1,"growth_ratio":0.0,"night_frac":0.0,"daily":{"2026-09-28":{"n":1,"frp":5.3},"2026-09-29":{"n":3,"frp":14.2},"2026-10-03":{"n":1,"frp":6.0}}}},{"type":"Feature","id":999,"geometry":{"type":"Polygon","coordinates":[[[119.94048,-9.7527],[119.94021,-9.75115],[119.93942,-9.74979],[119.9382,-9.74878],[119.93672,-9.74825],[119.93513,-9.74825],[119.93365,-9.74878],[119.93243,-9.74979],[119.93164,-9.75115],[119.93137,-9.7527],[119.93164,-9.75425],[119.93243,-9.75561],[119.93365,-9.75662],[119.93513,-9.75715],[119.93672,-9.75715],[119.9382,-9.75662],[119.93942,-9.75561],[119.94021,-9.75425],[119.94048,-9.7527]]]},"properties":{"fid":999,"n":4,"fre_gj":116.9,"fre_daily":{"2026-10-01":116.9},"overpasses":2,"frp_total":38.2,"frp_max":10.9,"frp_mean":9.55,"area_km2":0.77,"lat":-9.7527,"lon":119.9359,"first_seen":"2026-10-01","last_seen":"2026-10-01","duration_days":1,"status":"historic","trend":-1,"growth_ratio":0.0,"night_frac":0.0,"daily":{"2026-10-01":{"n":4,"frp":38.2}}}},{"type":"Feature","id":1133,"geometry":{"type":"Polygon","coordinates":[[[120.60561,-10.0994],[120.60534,-10.09785],[120.60454,-10.09649],[120.60333,-10.09548],[120.60184,-10.09495],[120.60026,-10.09495],[120.59877,-10.09548],[120.59756,-10.09649],[120.59676,-10.09785],[120.59649,-10.0994],[120.59676,-10.10095],[120.59756,-10.10231],[120.59877,-10.10332],[120.60026,-10.10385],[120.60184,-10.10385],[120.60333,-10.10332],[120.60454,-10.10231],[120.60534,-10.10095],[120.60561,-10.0994]]]},"properties":{"fid":1133,"n":4,"fre_gj":116.2,"fre_daily":{"2026-10-02":116.2},"overpasses":2,"frp_total":36.9,"frp_max":12.3,"frp_mean":9.22,"area_km2":0.77,"lat":-10.0994,"lon":120.6011,"first_seen":"2026-10-02","last_seen":"2026-10-02","duration_days":1,"status":"historic","trend":-1,"growth_ratio":0.0,"night_frac":0.0,"daily":{"2026-10-02":{"n":4,"frp":36.9}}}},{"type":"Feature","id":650,"geometry":{"type":"Polygon","coordinates":[[[118.42747,-21.15527],[118.42718,-21.15373],[118.42634,-21.15237],[118.42506,-21.15136],[118.42349,-21.15082],[118.42181,-21.15082],[118.42024,-21.15136],[118.41896,-21.15237],[118.41812,-21.15373],[118.41783,-21.15527],[118.41812,-21.15682],[118.41896,-21.15818],[118.42024,-21.15919],[118.42181,-21.15973],[118.42349,-21.15973],[118.42506,-21.15919],[118.42634,-21.15818],[118.42718,-21.15682],[118.42747,-21.15527]]]},"properties":{"fid":650,"n":4,"fre_gj":116.0,"fre_daily":{"2026-09-29":116.0},"overpasses":3,"frp_total":44.3,"frp_max":14.3,"frp_mean":11.07,"area_km2":0.77,"lat":-21.1553,"lon":118.4227,"first_seen":"2026-09-29","last_seen":"2026-09-29","duration_days":1,"status":"historic","trend":-1,"growth_ratio":0.0,"night_frac":0.0,"daily":{"2026-09-29":{"n":4,"frp":44.3}}}},{"type":"Feature","id":839,"geometry":{"type":"Polygon","coordinates":[[[124.21335,-10.09884],[124.21299,-10.0968],[124.21194,-10.095],[124.21033,-10.09366],[124.20836,-10.09295],[124.20627,-10.09295],[124.2043,-10.09366],[124.20269,-10.095],[124.20164,-10.0968],[124.20128,-10.09884],[124.20164,-10.10089],[124.20269,-10.10269],[124.2043,-10.10402],[124.20627,-10.10473],[124.20836,-10.10473],[124.21033,-10.10402],[124.21194,-10.10269],[124.21299,-10.10089],[124.21335,-10.09884]]]},"properties":{"fid":839,"n":7,"fre_gj":115.2,"fre_daily":{"2026-09-30":80.6,"2026-10-01":34.6},"overpasses":4,"frp_total":45.0,"frp_max":9.6,"frp_mean":6.43,"area_km2":1.35,"lat":-10.0988,"lon":124.2073,"first_seen":"2026-09-30","last_seen":"2026-10-01","duration_days":2,"status":"historic","trend":-1,"growth_ratio":0.0,"night_frac":0.0,"daily":{"2026-09-30":{"n":6,"frp":35.4},"2026-10-01":{"n":1,"frp":9.6}}}},{"type":"Feature","id":1007,"geometry":{"type":"Polygon","coordinates":[[[149.75538,-9.9711],[149.75514,-9.96976],[149.75446,-9.96858],[149.75341,-9.96771],[149.75212,-9.96724],[149.75075,-9.96724],[149.74946,-9.96771],[149.74841,-9.96858],[149.74772,-9.96976],[149.74748,-9.9711],[149.74772,-9.97244],[149.74841,-9.97362],[149.74946,-9.97449],[149.75075,-9.97496],[149.75212,-9.97496],[149.75341,-9.97449],[149.75446,-9.97362],[149.75514,-9.97244],[149.75538,-9.9711]]]},"properties":{"fid":1007,"n":3,"fre_gj":115.2,"fre_daily":{"2026-10-01":108.0,"2026-10-02":7.2},"overpasses":2,"frp_total":5.0,"frp_max":4.0,"frp_mean":1.67,"area_km2":0.58,"lat":-9.9711,"lon":149.7514,"first_seen":"2026-10-01","last_seen":"2026-10-02","duration_days":2,"status":"historic","trend":-1,"growth_ratio":0.0,"night_frac":0.67,"daily":{"2026-10-01":{"n":2,"frp":1.0},"2026-10-02":{"n":1,"frp":4.0}}}},{"type":"Feature","id":1010,"geometry":{"type":"Polygon","coordinates":[[[150.4331,-9.3921],[150.4466,-9.3898],[150.4479,-9.3877],[150.4443,-9.3871],[150.4331,-9.3921]]]},"properties":{"fid":1010,"n":4,"fre_gj":114.9,"fre_daily":{"2026-10-01":109.7,"2026-10-02":5.2},"overpasses":3,"frp_total":7.6,"frp_max":2.9,"frp_mean":1.9,"area_km2":0.3,"lat":-9.3892,"lon":150.443,"first_seen":"2026-10-01","last_seen":"2026-10-02","duration_days":2,"status":"historic","trend":-1,"growth_ratio":0.0,"night_frac":0.75,"daily":{"2026-10-01":{"n":3,"frp":4.7},"2026-10-02":{"n":1,"frp":2.9}}}},{"type":"Feature","id":1206,"geometry":{"type":"Polygon","coordinates":[[[148.54767,-9.17003],[148.54744,-9.16869],[148.54675,-9.16752],[148.5457,-9.16664],[148.54442,-9.16618],[148.54305,-9.16618],[148.54176,-9.16664],[148.54071,-9.16752],[148.54003,-9.16869],[148.53979,-9.17003],[148.54003,-9.17137],[148.54071,-9.17255],[148.54176,-9.17342],[148.54305,-9.17389],[148.54442,-9.17389],[148.5457,-9.17342],[148.54675,-9.17255],[148.54744,-9.17137],[148.54767,-9.17003]]]},"properties":{"fid":1206,"n":3,"fre_gj":114.8,"fre_daily":{"2026-10-03":114.8},"overpasses":3,"frp_total":24.8,"frp_max":17.3,"frp_mean":8.28,"area_km2":0.58,"lat":-9.17,"lon":148.5437,"first_seen":"2026-10-03","last_seen":"2026-10-03","duration_days":1,"status":"receding","trend":-1,"growth_ratio":0.0,"night_frac":0.0,"daily":{"2026-10-03":{"n":3,"frp":24.8}}}},{"type":"Feature","id":472,"geometry":{"type":"Polygon","coordinates":[[[120.06151,-9.97728],[120.06124,-9.97573],[120.06044,-9.97437],[120.05923,-9.97336],[120.05774,-9.97282],[120.05616,-9.97282],[120.05467,-9.97336],[120.05346,-9.97437],[120.05266,-9.97573],[120.05239,-9.97728],[120.05266,-9.97882],[120.05346,-9.98018],[120.05467,-9.98119],[120.05616,-9.98173],[120.05774,-9.98173],[120.05923,-9.98119],[120.06044,-9.98018],[120.06124,-9.97882],[120.06151,-9.97728]]]},"properties":{"fid":472,"n":4,"fre_gj":114.5,"fre_daily":{"2026-09-28":114.5},"overpasses":1,"frp_total":31.8,"frp_max":8.1,"frp_mean":7.95,"area_km2":0.77,"lat":-9.9773,"lon":120.057,"first_seen":"2026-09-28","last_seen":"2026-09-28","duration_days":1,"status":"historic","trend":-1,"growth_ratio":0.0,"night_frac":0.0,"daily":{"2026-09-28":{"n":4,"frp":31.8}}}},{"type":"Feature","id":541,"geometry":{"type":"Polygon","coordinates":[[[124.1591,-9.8879],[124.1606,-9.8904],[124.1692,-9.8803],[124.1708,-9.8777],[124.1706,-9.875],[124.1699,-9.8734],[124.1682,-9.8748],[124.1657,-9.8783],[124.1591,-9.8879]]]},"properties":{"fid":541,"n":10,"fre_gj":114.5,"fre_daily":{"2026-09-28":2.5,"2026-09-30":52.7,"2026-10-02":50.8,"2026-10-03":8.5},"overpasses":6,"frp_total":41.8,"frp_max":8.2,"frp_mean":4.18,"area_km2":0.74,"lat":-9.8794,"lon":124.167,"first_seen":"2026-09-28","last_seen":"2026-10-03","duration_days":4,"status":"receding","trend":-1,"growth_ratio":0.0,"night_frac":0.1,"daily":{"2026-09-28":{"n":1,"frp":0.7},"2026-09-30":{"n":6,"frp":24.6},"2026-10-02":{"n":2,"frp":14.1},"2026-10-03":{"n":1,"frp":2.4}}}},{"type":"Feature","id":864,"geometry":{"type":"Polygon","coordinates":[[[144.95,-16.8193],[144.9532,-16.8225],[144.9609,-16.8279],[144.9621,-16.828],[144.9639,-16.8271],[144.95,-16.8193]]]},"properties":{"fid":864,"n":6,"fre_gj":114.0,"fre_daily":{"2026-09-30":102.5,"2026-10-01":7.2,"2026-10-02":4.3},"overpasses":6,"frp_total":7.7,"frp_max":4.0,"frp_mean":1.28,"area_km2":0.25,"lat":-16.8252,"lon":144.9587,"first_seen":"2026-09-30","last_seen":"2026-10-02","duration_days":3,"status":"historic","trend":-1,"growth_ratio":0.0,"night_frac":0.83,"daily":{"2026-09-30":{"n":3,"frp":1.9},"2026-10-01":{"n":1,"frp":4.0},"2026-10-02":{"n":2,"frp":1.8}}}},{"type":"Feature","id":924,"geometry":{"type":"Polygon","coordinates":[[[148.2704,-29.27491],[148.26994,-29.27259],[148.26859,-29.27055],[148.26654,-29.26904],[148.26402,-29.26823],[148.26134,-29.26823],[148.25882,-29.26904],[148.25676,-29.27055],[148.25542,-29.27259],[148.25495,-29.27491],[148.25542,-29.27723],[148.25676,-29.27927],[148.25882,-29.28079],[148.26134,-29.28159],[148.26402,-29.28159],[148.26654,-29.28079],[148.26859,-29.27927],[148.26994,-29.27723],[148.2704,-29.27491]]]},"properties":{"fid":924,"n":9,"fre_gj":114.0,"fre_daily":{"2026-09-30":1.4,"2026-10-01":112.6},"overpasses":7,"frp_total":24.1,"frp_max":6.6,"frp_mean":2.68,"area_km2":1.73,"lat":-29.2749,"lon":148.2627,"first_seen":"2026-09-30","last_seen":"2026-10-01","duration_days":2,"status":"historic","trend":-1,"growth_ratio":0.0,"night_frac":0.44,"daily":{"2026-09-30":{"n":1,"frp":0.4},"2026-10-01":{"n":8,"frp":23.7}}}},{"type":"Feature","id":463,"geometry":{"type":"Polygon","coordinates":[[[149.4673,-9.7977],[149.4675,-9.7996],[149.4724,-9.8004],[149.4804,-9.8017],[149.4806,-9.7992],[149.4673,-9.7977]]]},"properties":{"fid":463,"n":5,"fre_gj":113.7,"fre_daily":{"2026-09-28":67.0,"2026-10-02":25.6,"2026-10-04":21.2},"overpasses":3,"frp_total":31.6,"frp_max":10.8,"frp_mean":6.32,"area_km2":0.35,"lat":-9.7997,"lon":149.4736,"first_seen":"2026-09-28","last_seen":"2026-10-04","duration_days":3,"status":"active","trend":-1,"growth_ratio":0.5,"night_frac":0.0,"daily":{"2026-09-28":{"n":2,"frp":18.6},"2026-10-02":{"n":2,"frp":7.1},"2026-10-04":{"n":1,"frp":5.9}}}},{"type":"Feature","id":1050,"geometry":{"type":"Polygon","coordinates":[[[147.43981,-9.47577],[147.43945,-9.47373],[147.4384,-9.47193],[147.4368,-9.47059],[147.43483,-9.46988],[147.43274,-9.46988],[147.43077,-9.47059],[147.42917,-9.47193],[147.42813,-9.47373],[147.42776,-9.47577],[147.42813,-9.47782],[147.42917,-9.47962],[147.43077,-9.48095],[147.43274,-9.48166],[147.43483,-9.48166],[147.4368,-9.48095],[147.4384,-9.47962],[147.43945,-9.47782],[147.43981,-9.47577]]]},"properties":{"fid":1050,"n":7,"fre_gj":112.3,"fre_daily":{"2026-10-01":79.9,"2026-10-02":32.4},"overpasses":3,"frp_total":41.9,"frp_max":10.1,"frp_mean":5.99,"area_km2":1.35,"lat":-9.4758,"lon":147.4338,"first_seen":"2026-10-01","last_seen":"2026-10-02","duration_days":2,"status":"historic","trend":-1,"growth_ratio":0.0,"night_frac":0.0,"daily":{"2026-10-01":{"n":5,"frp":32.9},"2026-10-02":{"n":2,"frp":9.0}}}},{"type":"Feature","id":280,"geometry":{"type":"Polygon","coordinates":[[[120.18012,-9.99453],[120.17988,-9.99319],[120.17919,-9.99202],[120.17814,-9.99114],[120.17685,-9.99068],[120.17548,-9.99068],[120.17419,-9.99114],[120.17314,-9.99202],[120.17246,-9.99319],[120.17222,-9.99453],[120.17246,-9.99587],[120.17314,-9.99705],[120.17419,-9.99792],[120.17548,-9.99839],[120.17685,-9.99839],[120.17814,-9.99792],[120.17919,-9.99705],[120.17988,-9.99587],[120.18012,-9.99453]]]},"properties":{"fid":280,"n":3,"fre_gj":112.2,"fre_daily":{"2026-09-28":112.2},"overpasses":3,"frp_total":44.1,"frp_max":31.4,"frp_mean":14.7,"area_km2":0.58,"lat":-9.9945,"lon":120.1762,"first_seen":"2026-09-28","last_seen":"2026-09-28","duration_days":1,"status":"historic","trend":-1,"growth_ratio":0.0,"night_frac":0.0,"daily":{"2026-09-28":{"n":3,"frp":44.1}}}},{"type":"Feature","id":263,"geometry":{"type":"Polygon","coordinates":[[[132.63815,-12.6834],[132.63791,-12.68206],[132.63722,-12.68088],[132.63616,-12.68001],[132.63486,-12.67954],[132.63347,-12.67954],[132.63217,-12.68001],[132.63111,-12.68088],[132.63042,-12.68206],[132.63018,-12.6834],[132.63042,-12.68474],[132.63111,-12.68592],[132.63217,-12.68679],[132.63347,-12.68726],[132.63486,-12.68726],[132.63616,-12.68679],[132.63722,-12.68592],[132.63791,-12.68474],[132.63815,-12.6834]]]},"properties":{"fid":263,"n":3,"fre_gj":111.6,"fre_daily":{"2026-09-28":111.6},"overpasses":1,"frp_total":31.0,"frp_max":11.8,"frp_mean":10.33,"area_km2":0.58,"lat":-12.6834,"lon":132.6342,"first_seen":"2026-09-28","last_seen":"2026-09-28","duration_days":1,"status":"historic","trend":-1,"growth_ratio":0.0,"night_frac":0.0,"daily":{"2026-09-28":{"n":3,"frp":31.0}}}},{"type":"Feature","id":789,"geometry":{"type":"Polygon","coordinates":[[[147.46251,-32.28133],[147.46211,-32.27944],[147.46098,-32.27777],[147.45925,-32.27654],[147.45713,-32.27588],[147.45487,-32.27588],[147.45275,-32.27654],[147.45102,-32.27777],[147.44989,-32.27944],[147.44949,-32.28133],[147.44989,-32.28323],[147.45102,-32.28489],[147.45275,-32.28613],[147.45487,-32.28679],[147.45713,-32.28679],[147.45925,-32.28613],[147.46098,-32.28489],[147.46211,-32.28323],[147.46251,-32.28133]]]},"properties":{"fid":789,"n":6,"fre_gj":111.5,"fre_daily":{"2026-09-30":111.5},"overpasses":4,"frp_total":39.6,"frp_max":11.8,"frp_mean":6.6,"area_km2":1.15,"lat":-32.2813,"lon":147.456,"first_seen":"2026-09-30","last_seen":"2026-09-30","duration_days":1,"status":"historic","trend":-1,"growth_ratio":0.0,"night_frac":0.0,"daily":{"2026-09-30":{"n":6,"frp":39.6}}}},{"type":"Feature","id":676,"geometry":{"type":"Polygon","coordinates":[[[134.8973,-17.5321],[134.9014,-17.5315],[134.9069,-17.5199],[134.8973,-17.5321]]]},"properties":{"fid":676,"n":4,"fre_gj":110.7,"fre_daily":{"2026-09-29":10.4,"2026-10-02":100.2},"overpasses":3,"frp_total":37.7,"frp_max":13.0,"frp_mean":9.43,"area_km2":0.26,"lat":-17.5287,"lon":134.9016,"first_seen":"2026-09-29","last_seen":"2026-10-02","duration_days":2,"status":"historic","trend":-1,"growth_ratio":0.0,"night_frac":0.25,"daily":{"2026-09-29":{"n":1,"frp":2.9},"2026-10-02":{"n":3,"frp":34.8}}}},{"type":"Feature","id":286,"geometry":{"type":"Polygon","coordinates":[[[120.3296,-9.8806],[120.3384,-9.8802],[120.3516,-9.8729],[120.352,-9.8706],[120.3296,-9.8806]]]},"properties":{"fid":286,"n":7,"fre_gj":110.1,"fre_daily":{"2026-09-28":35.7,"2026-09-30":74.4},"overpasses":5,"frp_total":46.4,"frp_max":21.3,"frp_mean":6.63,"area_km2":0.65,"lat":-9.876,"lon":120.3427,"first_seen":"2026-09-28","last_seen":"2026-09-30","duration_days":2,"status":"historic","trend":-1,"growth_ratio":0.0,"night_frac":0.0,"daily":{"2026-09-28":{"n":4,"frp":15.4},"2026-09-30":{"n":3,"frp":31.0}}}},{"type":"Feature","id":207,"geometry":{"type":"Polygon","coordinates":[[[134.8603,-22.2922],[134.861,-22.2978],[134.8651,-22.2942],[134.8751,-22.2817],[134.8639,-22.2893],[134.8603,-22.2922]]]},"properties":{"fid":207,"n":9,"fre_gj":109.8,"fre_daily":{"2026-09-28":109.8},"overpasses":3,"frp_total":44.6,"frp_max":10.1,"frp_mean":4.96,"area_km2":0.63,"lat":-22.2922,"lon":134.8638,"first_seen":"2026-09-28","last_seen":"2026-09-28","duration_days":1,"status":"historic","trend":-1,"growth_ratio":0.0,"night_frac":0.0,"daily":{"2026-09-28":{"n":9,"frp":44.6}}}},{"type":"Feature","id":736,"geometry":{"type":"Polygon","coordinates":[[[120.27694,-9.9808],[120.27663,-9.97907],[120.27575,-9.97755],[120.27439,-9.97642],[120.27273,-9.97582],[120.27095,-9.97582],[120.26929,-9.97642],[120.26793,-9.97755],[120.26705,-9.97907],[120.26674,-9.9808],[120.26705,-9.98253],[120.26793,-9.98405],[120.26929,-9.98518],[120.27095,-9.98578],[120.27273,-9.98578],[120.27439,-9.98518],[120.27575,-9.98405],[120.27663,-9.98253],[120.27694,-9.9808]]]},"properties":{"fid":736,"n":5,"fre_gj":109.3,"fre_daily":{"2026-09-29":109.3},"overpasses":2,"frp_total":47.3,"frp_max":16.8,"frp_mean":9.46,"area_km2":0.96,"lat":-9.9808,"lon":120.2718,"first_seen":"2026-09-29","last_seen":"2026-09-29","duration_days":1,"status":"historic","trend":-1,"growth_ratio":0.0,"night_frac":0.0,"daily":{"2026-09-29":{"n":5,"frp":47.3}}}},{"type":"Feature","id":418,"geometry":{"type":"Polygon","coordinates":[[[145.2941,-35.46262],[145.2937,-35.46072],[145.29252,-35.45906],[145.29073,-35.45782],[145.28852,-35.45716],[145.28618,-35.45716],[145.28397,-35.45782],[145.28218,-35.45906],[145.281,-35.46072],[145.2806,-35.46262],[145.281,-35.46451],[145.28218,-35.46618],[145.28397,-35.46741],[145.28618,-35.46807],[145.28852,-35.46807],[145.29073,-35.46741],[145.29252,-35.46618],[145.2937,-35.46451],[145.2941,-35.46262]]]},"properties":{"fid":418,"n":6,"fre_gj":109.2,"fre_daily":{"2026-09-28":13.3,"2026-09-29":95.8},"overpasses":4,"frp_total":48.3,"frp_max":16.4,"frp_mean":8.05,"area_km2":1.15,"lat":-35.4626,"lon":145.2874,"first_seen":"2026-09-28","last_seen":"2026-09-29","duration_days":2,"status":"historic","trend":-1,"growth_ratio":0.0,"night_frac":0.0,"daily":{"2026-09-28":{"n":1,"frp":3.7},"2026-09-29":{"n":5,"frp":44.6}}}},{"type":"Feature","id":904,"geometry":{"type":"Polygon","coordinates":[[[148.63187,-9.122],[148.63164,-9.12066],[148.63095,-9.11948],[148.6299,-9.11861],[148.62862,-9.11814],[148.62725,-9.11814],[148.62596,-9.11861],[148.62492,-9.11948],[148.62423,-9.12066],[148.62399,-9.122],[148.62423,-9.12334],[148.62492,-9.12452],[148.62596,-9.12539],[148.62725,-9.12586],[148.62862,-9.12586],[148.6299,-9.12539],[148.63095,-9.12452],[148.63164,-9.12334],[148.63187,-9.122]]]},"properties":{"fid":904,"n":3,"fre_gj":109.2,"fre_daily":{"2026-09-30":95.9,"2026-10-01":13.3},"overpasses":3,"frp_total":45.2,"frp_max":31.4,"frp_mean":15.07,"area_km2":0.58,"lat":-9.122,"lon":148.6279,"first_seen":"2026-09-30","last_seen":"2026-10-01","duration_days":2,"status":"historic","trend":-1,"growth_ratio":0.0,"night_frac":0.0,"daily":{"2026-09-30":{"n":2,"frp":41.5},"2026-10-01":{"n":1,"frp":3.7}}}},{"type":"Feature","id":517,"geometry":{"type":"Polygon","coordinates":[[[147.6148,-9.6972],[147.6181,-9.7046],[147.6297,-9.7131],[147.6408,-9.7152],[147.6184,-9.6966],[147.6148,-9.6972]]]},"properties":{"fid":517,"n":6,"fre_gj":109.1,"fre_daily":{"2026-09-28":80.6,"2026-10-02":11.5,"2026-10-03":16.9},"overpasses":3,"frp_total":30.3,"frp_max":7.7,"frp_mean":5.05,"area_km2":1.72,"lat":-9.7064,"lon":147.6251,"first_seen":"2026-09-28","last_seen":"2026-10-03","duration_days":3,"status":"receding","trend":-1,"growth_ratio":0.0,"night_frac":0.0,"daily":{"2026-09-28":{"n":4,"frp":22.4},"2026-10-02":{"n":1,"frp":3.2},"2026-10-03":{"n":1,"frp":4.7}}}},{"type":"Feature","id":849,"geometry":{"type":"Polygon","coordinates":[[[125.1225,-9.1424],[125.1291,-9.1504],[125.1286,-9.147],[125.1272,-9.142],[125.1226,-9.1399],[125.1225,-9.1424]]]},"properties":{"fid":849,"n":9,"fre_gj":108.8,"fre_daily":{"2026-09-30":16.1,"2026-10-01":36.4,"2026-10-03":56.2},"overpasses":6,"frp_total":39.9,"frp_max":11.7,"frp_mean":4.44,"area_km2":0.33,"lat":-9.1439,"lon":125.1254,"first_seen":"2026-09-30","last_seen":"2026-10-03","duration_days":3,"status":"receding","trend":-1,"growth_ratio":0.0,"night_frac":0.0,"daily":{"2026-09-30":{"n":2,"frp":5.6},"2026-10-01":{"n":5,"frp":14.8},"2026-10-03":{"n":2,"frp":19.5}}}},{"type":"Feature","id":855,"geometry":{"type":"Polygon","coordinates":[[[149.43349,-27.06797],[149.43294,-27.06518],[149.43137,-27.06273],[149.42895,-27.06091],[149.42598,-27.05994],[149.42282,-27.05994],[149.41985,-27.06091],[149.41743,-27.06273],[149.41586,-27.06518],[149.41531,-27.06797],[149.41586,-27.07076],[149.41743,-27.07321],[149.41985,-27.07503],[149.42282,-27.076],[149.42598,-27.076],[149.42895,-27.07503],[149.43137,-27.07321],[149.43294,-27.07076],[149.43349,-27.06797]]]},"properties":{"fid":855,"n":13,"fre_gj":108.2,"fre_daily":{"2026-09-30":11.8,"2026-10-01":95.1,"2026-10-02":1.3},"overpasses":9,"frp_total":15.2,"frp_max":2.4,"frp_mean":1.17,"area_km2":2.5,"lat":-27.068,"lon":149.4244,"first_seen":"2026-09-30","last_seen":"2026-10-02","duration_days":3,"status":"historic","trend":-1,"growth_ratio":0.0,"night_frac":0.92,"daily":{"2026-09-30":{"n":5,"frp":4.5},"2026-10-01":{"n":7,"frp":10.0},"2026-10-02":{"n":1,"frp":0.7}}}},{"type":"Feature","id":1261,"geometry":{"type":"Polygon","coordinates":[[[149.37331,-9.83323],[149.37308,-9.83189],[149.37239,-9.83072],[149.37134,-9.82984],[149.37005,-9.82938],[149.36868,-9.82938],[149.36739,-9.82984],[149.36634,-9.83072],[149.36566,-9.83189],[149.36542,-9.83323],[149.36566,-9.83457],[149.36634,-9.83575],[149.36739,-9.83662],[149.36868,-9.83709],[149.37005,-9.83709],[149.37134,-9.83662],[149.37239,-9.83575],[149.37308,-9.83457],[149.37331,-9.83323]]]},"properties":{"fid":1261,"n":3,"fre_gj":108.1,"fre_daily":{"2026-10-03":102.1,"2026-10-04":6.0},"overpasses":3,"frp_total":5.3,"frp_max":3.3,"frp_mean":1.76,"area_km2":0.58,"lat":-9.8332,"lon":149.3694,"first_seen":"2026-10-03","last_seen":"2026-10-04","duration_days":2,"status":"active","trend":-1,"growth_ratio":0.5,"night_frac":0.67,"daily":{"2026-10-03":{"n":2,"frp":2.0},"2026-10-04":{"n":1,"frp":3.3}}}},{"type":"Feature","id":2,"geometry":{"type":"Polygon","coordinates":[[[147.26362,-41.97005],[147.26317,-41.96816],[147.26188,-41.96649],[147.25992,-41.96525],[147.2575,-41.9646],[147.25493,-41.9646],[147.25252,-41.96525],[147.25055,-41.96649],[147.24926,-41.96816],[147.24882,-41.97005],[147.24926,-41.97194],[147.25055,-41.97361],[147.25252,-41.97485],[147.25493,-41.9755],[147.2575,-41.9755],[147.25992,-41.97485],[147.26188,-41.97361],[147.26317,-41.97194],[147.26362,-41.97005]]]},"properties":{"fid":2,"n":6,"fre_gj":107.9,"fre_daily":{"2026-09-28":107.9},"overpasses":4,"frp_total":48.8,"frp_max":18.3,"frp_mean":8.13,"area_km2":1.15,"lat":-41.9701,"lon":147.2562,"first_seen":"2026-09-28","last_seen":"2026-09-28","duration_days":1,"status":"historic","trend":-1,"growth_ratio":0.0,"night_frac":0.0,"daily":{"2026-09-28":{"n":6,"frp":48.8}}}},{"type":"Feature","id":106,"geometry":{"type":"Polygon","coordinates":[[[147.68278,-9.82877],[147.68254,-9.82743],[147.68186,-9.82625],[147.68081,-9.82538],[147.67952,-9.82491],[147.67815,-9.82491],[147.67686,-9.82538],[147.67581,-9.82625],[147.67512,-9.82743],[147.67489,-9.82877],[147.67512,-9.83011],[147.67581,-9.83128],[147.67686,-9.83216],[147.67815,-9.83262],[147.67952,-9.83262],[147.68081,-9.83216],[147.68186,-9.83128],[147.68254,-9.83011],[147.68278,-9.82877]]]},"properties":{"fid":106,"n":3,"fre_gj":107.6,"fre_daily":{"2026-09-28":76.7,"2026-09-30":31.0},"overpasses":3,"frp_total":34.7,"frp_max":21.3,"frp_mean":11.57,"area_km2":0.58,"lat":-9.8288,"lon":147.6788,"first_seen":"2026-09-28","last_seen":"2026-09-30","duration_days":2,"status":"historic","trend":-1,"growth_ratio":0.0,"night_frac":0.0,"daily":{"2026-09-28":{"n":1,"frp":21.3},"2026-09-30":{"n":2,"frp":13.4}}}},{"type":"Feature","id":302,"geometry":{"type":"Polygon","coordinates":[[[124.2227,-9.4753],[124.2545,-9.4764],[124.2448,-9.473],[124.2332,-9.4715],[124.2227,-9.4753]]]},"properties":{"fid":302,"n":6,"fre_gj":107.2,"fre_daily":{"2026-09-28":21.7,"2026-09-30":33.1,"2026-10-01":42.5,"2026-10-03":9.9},"overpasses":5,"frp_total":30.6,"frp_max":9.2,"frp_mean":5.11,"area_km2":0.95,"lat":-9.4744,"lon":124.2396,"first_seen":"2026-09-28","last_seen":"2026-10-03","duration_days":4,"status":"receding","trend":-1,"growth_ratio":0.0,"night_frac":0.0,"daily":{"2026-09-28":{"n":2,"frp":6.9},"2026-09-30":{"n":1,"frp":9.2},"2026-10-01":{"n":2,"frp":11.8},"2026-10-03":{"n":1,"frp":2.7}}}},{"type":"Feature","id":765,"geometry":{"type":"Polygon","coordinates":[[[147.1601,-9.0661],[147.1684,-9.0815],[147.1826,-9.0819],[147.171,-9.0714],[147.1632,-9.0653],[147.1601,-9.0661]]]},"properties":{"fid":765,"n":6,"fre_gj":107.2,"fre_daily":{"2026-09-29":15.7,"2026-10-01":5.4,"2026-10-02":15.1,"2026-10-04":71.0},"overpasses":5,"frp_total":31.8,"frp_max":10.1,"frp_mean":5.3,"area_km2":1.78,"lat":-9.0744,"lon":147.1706,"first_seen":"2026-09-29","last_seen":"2026-10-04","duration_days":4,"status":"active","trend":1,"growth_ratio":1.5,"night_frac":0.0,"daily":{"2026-09-29":{"n":2,"frp":6.4},"2026-10-01":{"n":1,"frp":1.5},"2026-10-02":{"n":1,"frp":4.2},"2026-10-04":{"n":2,"frp":19.7}}}},{"type":"Feature","id":991,"geometry":{"type":"Polygon","coordinates":[[[120.36591,-10.15235],[120.36557,-10.15046],[120.3646,-10.14879],[120.36311,-10.14755],[120.36129,-10.1469],[120.35935,-10.1469],[120.35752,-10.14755],[120.35604,-10.14879],[120.35507,-10.15046],[120.35473,-10.15235],[120.35507,-10.15424],[120.35604,-10.15591],[120.35752,-10.15715],[120.35935,-10.1578],[120.36129,-10.1578],[120.36311,-10.15715],[120.3646,-10.15591],[120.36557,-10.15424],[120.36591,-10.15235]]]},"properties":{"fid":991,"n":6,"fre_gj":106.7,"fre_daily":{"2026-10-01":97.0,"2026-10-02":9.7},"overpasses":3,"frp_total":34.4,"frp_max":8.0,"frp_mean":5.73,"area_km2":1.15,"lat":-10.1524,"lon":120.3603,"first_seen":"2026-10-01","last_seen":"2026-10-02","duration_days":2,"status":"historic","trend":-1,"growth_ratio":0.0,"night_frac":0.0,"daily":{"2026-10-01":{"n":5,"frp":31.7},"2026-10-02":{"n":1,"frp":2.7}}}},{"type":"Feature","id":1114,"geometry":{"type":"Polygon","coordinates":[[[147.9319,-9.7244],[147.9331,-9.7269],[147.9436,-9.7284],[147.9416,-9.716],[147.9323,-9.715],[147.9319,-9.7244]]]},"properties":{"fid":1114,"n":5,"fre_gj":106.7,"fre_daily":{"2026-10-02":11.2,"2026-10-03":77.9,"2026-10-04":17.6},"overpasses":3,"frp_total":29.6,"frp_max":9.1,"frp_mean":5.93,"area_km2":1.51,"lat":-9.7221,"lon":147.9365,"first_seen":"2026-10-02","last_seen":"2026-10-04","duration_days":3,"status":"active","trend":-1,"growth_ratio":0.5,"night_frac":0.0,"daily":{"2026-10-02":{"n":1,"frp":3.1},"2026-10-03":{"n":3,"frp":21.6},"2026-10-04":{"n":1,"frp":4.9}}}},{"type":"Feature","id":536,"geometry":{"type":"Polygon","coordinates":[[[121.8627,-10.5046],[121.8679,-10.5038],[121.8672,-10.4993],[121.8658,-10.4966],[121.8629,-10.4987],[121.8627,-10.5006],[121.8627,-10.5046]]]},"properties":{"fid":536,"n":10,"fre_gj":106.3,"fre_daily":{"2026-09-28":18.0,"2026-09-29":75.0,"2026-09-30":5.0,"2026-10-02":8.3},"overpasses":6,"frp_total":44.6,"frp_max":13.3,"frp_mean":4.46,"area_km2":0.37,"lat":-10.5004,"lon":121.8651,"first_seen":"2026-09-28","last_seen":"2026-10-02","duration_days":4,"status":"historic","trend":-1,"growth_ratio":0.0,"night_frac":0.1,"daily":{"2026-09-28":{"n":2,"frp":5.0},"2026-09-29":{"n":6,"frp":35.9},"2026-09-30":{"n":1,"frp":1.4},"2026-10-02":{"n":1,"frp":2.3}}}},{"type":"Feature","id":981,"geometry":{"type":"Polygon","coordinates":[[[124.3484,-9.4746],[124.3519,-9.476],[124.3527,-9.4578],[124.3502,-9.4621],[124.3484,-9.4746]]]},"properties":{"fid":981,"n":4,"fre_gj":105.7,"fre_daily":{"2026-10-01":32.9,"2026-10-02":37.4,"2026-10-03":35.3},"overpasses":4,"frp_total":31.4,"frp_max":10.4,"frp_mean":7.85,"area_km2":0.54,"lat":-9.4676,"lon":124.3508,"first_seen":"2026-10-01","last_seen":"2026-10-03","duration_days":3,"status":"receding","trend":-1,"growth_ratio":0.0,"night_frac":0.0,"daily":{"2026-10-01":{"n":2,"frp":11.2},"2026-10-02":{"n":1,"frp":10.4},"2026-10-03":{"n":1,"frp":9.8}}}},{"type":"Feature","id":535,"geometry":{"type":"Polygon","coordinates":[[[128.73184,-15.70795],[128.73156,-15.7064],[128.73075,-15.70504],[128.72951,-15.70403],[128.72799,-15.7035],[128.72636,-15.7035],[128.72484,-15.70403],[128.7236,-15.70504],[128.72279,-15.7064],[128.72251,-15.70795],[128.72279,-15.7095],[128.7236,-15.71086],[128.72484,-15.71187],[128.72636,-15.7124],[128.72799,-15.7124],[128.72951,-15.71187],[128.73075,-15.71086],[128.73156,-15.7095],[128.73184,-15.70795]]]},"properties":{"fid":535,"n":4,"fre_gj":104.8,"fre_daily":{"2026-09-28":66.2,"2026-10-02":38.5},"overpasses":2,"frp_total":29.1,"frp_max":10.7,"frp_mean":7.28,"area_km2":0.77,"lat":-15.708,"lon":128.7272,"first_seen":"2026-09-28","last_seen":"2026-10-02","duration_days":2,"status":"historic","trend":-1,"growth_ratio":0.0,"night_frac":0.0,"daily":{"2026-09-28":{"n":3,"frp":18.4},"2026-10-02":{"n":1,"frp":10.7}}}},{"type":"Feature","id":354,"geometry":{"type":"Polygon","coordinates":[[[135.0253,-17.4146],[135.0274,-17.4205],[135.028,-17.4221],[135.0314,-17.4225],[135.0383,-17.3949],[135.0347,-17.3892],[135.0289,-17.3989],[135.0277,-17.4041],[135.0253,-17.4146]]]},"properties":{"fid":354,"n":13,"fre_gj":104.0,"fre_daily":{"2026-09-28":104.0},"overpasses":3,"frp_total":33.5,"frp_max":4.2,"frp_mean":2.58,"area_km2":2.64,"lat":-17.4084,"lon":135.0308,"first_seen":"2026-09-28","last_seen":"2026-09-28","duration_days":1,"status":"historic","trend":-1,"growth_ratio":0.0,"night_frac":1.0,"daily":{"2026-09-28":{"n":13,"frp":33.5}}}},{"type":"Feature","id":465,"geometry":{"type":"Polygon","coordinates":[[[148.89647,-9.1398],[148.89624,-9.13846],[148.89555,-9.13728],[148.8945,-9.13641],[148.89322,-9.13594],[148.89185,-9.13594],[148.89056,-9.13641],[148.88952,-9.13728],[148.88883,-9.13846],[148.88859,-9.1398],[148.88883,-9.14114],[148.88952,-9.14232],[148.89056,-9.14319],[148.89185,-9.14366],[148.89322,-9.14366],[148.8945,-9.14319],[148.89555,-9.14232],[148.89624,-9.14114],[148.89647,-9.1398]]]},"properties":{"fid":465,"n":3,"fre_gj":103.3,"fre_daily":{"2026-09-28":103.3},"overpasses":1,"frp_total":28.7,"frp_max":11.2,"frp_mean":9.57,"area_km2":0.58,"lat":-9.1398,"lon":148.8925,"first_seen":"2026-09-28","last_seen":"2026-09-28","duration_days":1,"status":"historic","trend":-1,"growth_ratio":0.0,"night_frac":0.0,"daily":{"2026-09-28":{"n":3,"frp":28.7}}}},{"type":"Feature","id":1267,"geometry":{"type":"Polygon","coordinates":[[[127.8615,-18.3066],[127.8628,-18.3122],[127.8656,-18.3057],[127.8684,-18.2992],[127.8615,-18.3066]]]},"properties":{"fid":1267,"n":4,"fre_gj":103.0,"fre_daily":{"2026-10-03":103.0},"overpasses":1,"frp_total":28.6,"frp_max":12.8,"frp_mean":7.15,"area_km2":0.28,"lat":-18.3059,"lon":127.8646,"first_seen":"2026-10-03","last_seen":"2026-10-03","duration_days":1,"status":"receding","trend":-1,"growth_ratio":0.0,"night_frac":0.0,"daily":{"2026-10-03":{"n":4,"frp":28.6}}}},{"type":"Feature","id":722,"geometry":{"type":"Polygon","coordinates":[[[142.2884,-9.1497],[142.2985,-9.158],[142.3005,-9.1501],[142.2954,-9.145],[142.291,-9.1422],[142.2884,-9.1497]]]},"properties":{"fid":722,"n":7,"fre_gj":102.6,"fre_daily":{"2026-09-29":77.8,"2026-10-01":22.0,"2026-10-02":2.9},"overpasses":3,"frp_total":28.5,"frp_max":6.7,"frp_mean":4.07,"area_km2":1.19,"lat":-9.1503,"lon":142.2953,"first_seen":"2026-09-29","last_seen":"2026-10-02","duration_days":3,"status":"historic","trend":-1,"growth_ratio":0.0,"night_frac":0.14,"daily":{"2026-09-29":{"n":5,"frp":21.6},"2026-10-01":{"n":1,"frp":6.1},"2026-10-02":{"n":1,"frp":0.8}}}},{"type":"Feature","id":939,"geometry":{"type":"Polygon","coordinates":[[[132.21375,-12.3143],[132.21347,-12.31275],[132.21267,-12.31139],[132.21145,-12.31038],[132.20995,-12.30985],[132.20835,-12.30985],[132.20685,-12.31038],[132.20563,-12.31139],[132.20483,-12.31275],[132.20455,-12.3143],[132.20483,-12.31585],[132.20563,-12.31721],[132.20685,-12.31822],[132.20835,-12.31875],[132.20995,-12.31875],[132.21145,-12.31822],[132.21267,-12.31721],[132.21347,-12.31585],[132.21375,-12.3143]]]},"properties":{"fid":939,"n":4,"fre_gj":102.4,"fre_daily":{"2026-09-30":78.6,"2026-10-01":23.8},"overpasses":3,"frp_total":23.4,"frp_max":14.3,"frp_mean":5.85,"area_km2":0.77,"lat":-12.3143,"lon":132.2091,"first_seen":"2026-09-30","last_seen":"2026-10-01","duration_days":2,"status":"historic","trend":-1,"growth_ratio":0.0,"night_frac":0.0,"daily":{"2026-09-30":{"n":2,"frp":16.8},"2026-10-01":{"n":2,"frp":6.6}}}},{"type":"Feature","id":514,"geometry":{"type":"Polygon","coordinates":[[[148.0992,-10.0965],[148.1006,-10.0982],[148.1101,-10.1053],[148.1093,-10.101],[148.0992,-10.0965]]]},"properties":{"fid":514,"n":4,"fre_gj":102.1,"fre_daily":{"2026-09-28":102.1},"overpasses":2,"frp_total":23.3,"frp_max":13.1,"frp_mean":5.83,"area_km2":0.28,"lat":-10.1003,"lon":148.1048,"first_seen":"2026-09-28","last_seen":"2026-09-28","duration_days":1,"status":"historic","trend":-1,"growth_ratio":0.0,"night_frac":0.0,"daily":{"2026-09-28":{"n":4,"frp":23.3}}}},{"type":"Feature","id":295,"geometry":{"type":"Polygon","coordinates":[[[120.20621,-9.61803],[120.20597,-9.61669],[120.20529,-9.61552],[120.20424,-9.61464],[120.20295,-9.61418],[120.20158,-9.61418],[120.20029,-9.61464],[120.19924,-9.61552],[120.19856,-9.61669],[120.19832,-9.61803],[120.19856,-9.61937],[120.19924,-9.62055],[120.20029,-9.62142],[120.20158,-9.62189],[120.20295,-9.62189],[120.20424,-9.62142],[120.20529,-9.62055],[120.20597,-9.61937],[120.20621,-9.61803]]]},"properties":{"fid":295,"n":3,"fre_gj":101.5,"fre_daily":{"2026-09-28":101.5},"overpasses":2,"frp_total":36.0,"frp_max":12.4,"frp_mean":12.0,"area_km2":0.58,"lat":-9.618,"lon":120.2023,"first_seen":"2026-09-28","last_seen":"2026-09-28","duration_days":1,"status":"historic","trend":-1,"growth_ratio":0.0,"night_frac":0.0,"daily":{"2026-09-28":{"n":3,"frp":36.0}}}},{"type":"Feature","id":623,"geometry":{"type":"Polygon","coordinates":[[[120.6183,-9.9788],[120.6192,-9.9834],[120.627,-9.9945],[120.6355,-9.9947],[120.6419,-9.9908],[120.6183,-9.9788]]]},"properties":{"fid":623,"n":5,"fre_gj":101.3,"fre_daily":{"2026-09-29":52.6,"2026-10-02":28.4,"2026-10-03":20.3},"overpasses":3,"frp_total":28.1,"frp_max":7.3,"frp_mean":5.63,"area_km2":1.98,"lat":-9.9884,"lon":120.6284,"first_seen":"2026-09-29","last_seen":"2026-10-03","duration_days":3,"status":"receding","trend":-1,"growth_ratio":0.0,"night_frac":0.0,"daily":{"2026-09-29":{"n":2,"frp":14.6},"2026-10-02":{"n":2,"frp":7.9},"2026-10-03":{"n":1,"frp":5.7}}}},{"type":"Feature","id":454,"geometry":{"type":"Polygon","coordinates":[[[135.7065,-11.982],[135.7128,-11.9837],[135.7109,-11.976],[135.7068,-11.9812],[135.7065,-11.982]]]},"properties":{"fid":454,"n":7,"fre_gj":101.0,"fre_daily":{"2026-09-28":67.7,"2026-09-29":33.4},"overpasses":4,"frp_total":39.1,"frp_max":9.1,"frp_mean":5.59,"area_km2":0.28,"lat":-11.9806,"lon":135.7095,"first_seen":"2026-09-28","last_seen":"2026-09-29","duration_days":2,"status":"historic","trend":-1,"growth_ratio":0.0,"night_frac":0.0,"daily":{"2026-09-28":{"n":5,"frp":28.2},"2026-09-29":{"n":2,"frp":10.9}}}},{"type":"Feature","id":475,"geometry":{"type":"Polygon","coordinates":[[[120.2608,-9.8356],[120.2636,-9.8361],[120.2658,-9.8349],[120.2718,-9.828],[120.2628,-9.831],[120.2608,-9.8356]]]},"properties":{"fid":475,"n":6,"fre_gj":100.5,"fre_daily":{"2026-09-28":6.8,"2026-10-01":93.6},"overpasses":3,"frp_total":32.5,"frp_max":12.4,"frp_mean":5.42,"area_km2":0.43,"lat":-9.8333,"lon":120.2646,"first_seen":"2026-09-28","last_seen":"2026-10-01","duration_days":2,"status":"historic","trend":-1,"growth_ratio":0.0,"night_frac":0.0,"daily":{"2026-09-28":{"n":1,"frp":1.9},"2026-10-01":{"n":5,"frp":30.6}}}},{"type":"Feature","id":838,"geometry":{"type":"Polygon","coordinates":[[[124.1655,-10.098],[124.1701,-10.1049],[124.182,-10.1132],[124.1824,-10.1007],[124.1671,-10.0913],[124.1655,-10.098]]]},"properties":{"fid":838,"n":9,"fre_gj":100.3,"fre_daily":{"2026-09-30":37.7,"2026-10-01":33.9,"2026-10-03":28.6},"overpasses":5,"frp_total":34.8,"frp_max":5.6,"frp_mean":3.87,"area_km2":2.26,"lat":-10.1012,"lon":124.1714,"first_seen":"2026-09-30","last_seen":"2026-10-03","duration_days":3,"status":"receding","trend":-1,"growth_ratio":0.0,"night_frac":0.0,"daily":{"2026-09-30":{"n":3,"frp":13.1},"2026-10-01":{"n":4,"frp":13.8},"2026-10-03":{"n":2,"frp":7.9}}}},{"type":"Feature","id":1086,"geometry":{"type":"Polygon","coordinates":[[[147.24383,-43.06062],[147.24338,-43.05872],[147.24207,-43.05706],[147.24006,-43.05582],[147.23761,-43.05516],[147.23499,-43.05516],[147.23254,-43.05582],[147.23053,-43.05706],[147.22922,-43.05872],[147.22877,-43.06062],[147.22922,-43.06251],[147.23053,-43.06418],[147.23254,-43.06541],[147.23499,-43.06607],[147.23761,-43.06607],[147.24006,-43.06541],[147.24207,-43.06418],[147.24338,-43.06251],[147.24383,-43.06062]]]},"properties":{"fid":1086,"n":6,"fre_gj":100.3,"fre_daily":{"2026-10-02":100.3},"overpasses":3,"frp_total":38.2,"frp_max":13.1,"frp_mean":6.37,"area_km2":1.15,"lat":-43.0606,"lon":147.2363,"first_seen":"2026-10-02","last_seen":"2026-10-02","duration_days":1,"status":"historic","trend":-1,"growth_ratio":0.0,"night_frac":0.0,"daily":{"2026-10-02":{"n":6,"frp":38.2}}}},{"type":"Feature","id":312,"geometry":{"type":"Polygon","coordinates":[[[125.5587,-9.0039],[125.5633,-9.0068],[125.5686,-9.0073],[125.5723,-9.0067],[125.568,-9.0049],[125.5587,-9.0039]]]},"properties":{"fid":312,"n":5,"fre_gj":100.0,"fre_daily":{"2026-09-28":42.1,"2026-09-30":57.8},"overpasses":3,"frp_total":35.8,"frp_max":8.9,"frp_mean":7.16,"area_km2":0.27,"lat":-9.0059,"lon":125.5662,"first_seen":"2026-09-28","last_seen":"2026-09-30","duration_days":2,"status":"historic","trend":-1,"growth_ratio":0.0,"night_frac":0.0,"daily":{"2026-09-28":{"n":2,"frp":11.7},"2026-09-30":{"n":3,"frp":24.1}}}},{"type":"Feature","id":861,"geometry":{"type":"Polygon","coordinates":[[[152.55427,-30.32355],[152.55389,-30.32166],[152.55278,-30.31999],[152.55109,-30.31875],[152.54901,-30.3181],[152.54679,-30.3181],[152.54471,-30.31875],[152.54302,-30.31999],[152.54191,-30.32166],[152.54153,-30.32355],[152.54191,-30.32544],[152.54302,-30.32711],[152.54471,-30.32835],[152.54679,-30.329],[152.54901,-30.329],[152.55109,-30.32835],[152.55278,-30.32711],[152.55389,-30.32544],[152.55427,-30.32355]]]},"properties":{"fid":861,"n":6,"fre_gj":99.8,"fre_daily":{"2026-09-30":4.5,"2026-10-01":95.3},"overpasses":5,"frp_total":6.5,"frp_max":2.9,"frp_mean":1.08,"area_km2":1.15,"lat":-30.3236,"lon":152.5479,"first_seen":"2026-09-30","last_seen":"2026-10-01","duration_days":2,"status":"historic","trend":-1,"growth_ratio":0.0,"night_frac":0.83,"daily":{"2026-09-30":{"n":2,"frp":1.3},"2026-10-01":{"n":4,"frp":5.2}}}},{"type":"Feature","id":646,"geometry":{"type":"Polygon","coordinates":[[[124.9528,-9.2699],[124.9597,-9.2624],[124.9551,-9.253],[124.9538,-9.2555],[124.9528,-9.2699]]]},"properties":{"fid":646,"n":6,"fre_gj":99.5,"fre_daily":{"2026-09-29":44.5,"2026-09-30":55.0},"overpasses":4,"frp_total":30.8,"frp_max":6.9,"frp_mean":5.13,"area_km2":0.7,"lat":-9.2607,"lon":124.9566,"first_seen":"2026-09-29","last_seen":"2026-09-30","duration_days":2,"status":"historic","trend":-1,"growth_ratio":0.0,"night_frac":0.0,"daily":{"2026-09-29":{"n":3,"frp":15.0},"2026-09-30":{"n":3,"frp":15.8}}}},{"type":"Feature","id":132,"geometry":{"type":"Polygon","coordinates":[[[148.45835,-9.52937],[148.45808,-9.52783],[148.45729,-9.52647],[148.45608,-9.52546],[148.45459,-9.52492],[148.45301,-9.52492],[148.45152,-9.52546],[148.45031,-9.52647],[148.44952,-9.52783],[148.44925,-9.52937],[148.44952,-9.53092],[148.45031,-9.53228],[148.45152,-9.53329],[148.45301,-9.53383],[148.45459,-9.53383],[148.45608,-9.53329],[148.45729,-9.53228],[148.45808,-9.53092],[148.45835,-9.52937]]]},"properties":{"fid":132,"n":4,"fre_gj":98.9,"fre_daily":{"2026-09-28":30.5,"2026-10-03":36.8,"2026-10-04":31.6},"overpasses":4,"frp_total":29.6,"frp_max":10.2,"frp_mean":7.4,"area_km2":0.77,"lat":-9.5294,"lon":148.4538,"first_seen":"2026-09-28","last_seen":"2026-10-04","duration_days":3,"status":"active","trend":-1,"growth_ratio":0.67,"night_frac":0.0,"daily":{"2026-09-28":{"n":2,"frp":10.6},"2026-10-03":{"n":1,"frp":10.2},"2026-10-04":{"n":1,"frp":8.8}}}},{"type":"Feature","id":731,"geometry":{"type":"Polygon","coordinates":[[[128.85316,-23.10523],[128.85291,-23.10389],[128.85217,-23.10272],[128.85105,-23.10184],[128.84967,-23.10138],[128.8482,-23.10138],[128.84682,-23.10184],[128.84569,-23.10272],[128.84496,-23.10389],[128.8447,-23.10523],[128.84496,-23.10657],[128.84569,-23.10775],[128.84682,-23.10862],[128.8482,-23.10909],[128.84967,-23.10909],[128.85105,-23.10862],[128.85217,-23.10775],[128.85291,-23.10657],[128.85316,-23.10523]]]},"properties":{"fid":731,"n":3,"fre_gj":98.4,"fre_daily":{"2026-09-29":98.4},"overpasses":2,"frp_total":41.0,"frp_max":14.4,"frp_mean":13.67,"area_km2":0.58,"lat":-23.1052,"lon":128.8489,"first_seen":"2026-09-29","last_seen":"2026-09-29","duration_days":1,"status":"historic","trend":-1,"growth_ratio":0.0,"night_frac":0.0,"daily":{"2026-09-29":{"n":3,"frp":41.0}}}},{"type":"Feature","id":1047,"geometry":{"type":"Polygon","coordinates":[[[148.72978,-21.10996],[148.72946,-21.10823],[148.72852,-21.10671],[148.72709,-21.10558],[148.72533,-21.10498],[148.72347,-21.10498],[148.72171,-21.10558],[148.72028,-21.10671],[148.71934,-21.10823],[148.71902,-21.10996],[148.71934,-21.11169],[148.72028,-21.11321],[148.72171,-21.11434],[148.72347,-21.11494],[148.72533,-21.11494],[148.72709,-21.11434],[148.72852,-21.11321],[148.72946,-21.11169],[148.72978,-21.10996]]]},"properties":{"fid":1047,"n":5,"fre_gj":98.4,"fre_daily":{"2026-10-01":98.4},"overpasses":2,"frp_total":41.5,"frp_max":13.0,"frp_mean":8.3,"area_km2":0.96,"lat":-21.11,"lon":148.7244,"first_seen":"2026-10-01","last_seen":"2026-10-01","duration_days":1,"status":"historic","trend":-1,"growth_ratio":0.0,"night_frac":0.0,"daily":{"2026-10-01":{"n":5,"frp":41.5}}}},{"type":"Feature","id":824,"geometry":{"type":"Polygon","coordinates":[[[128.15739,-16.68997],[128.15715,-16.68863],[128.15644,-16.68745],[128.15536,-16.68658],[128.15404,-16.68611],[128.15263,-16.68611],[128.1513,-16.68658],[128.15022,-16.68745],[128.14952,-16.68863],[128.14927,-16.68997],[128.14952,-16.69131],[128.15022,-16.69248],[128.1513,-16.69336],[128.15263,-16.69382],[128.15404,-16.69382],[128.15536,-16.69336],[128.15644,-16.69248],[128.15715,-16.69131],[128.15739,-16.68997]]]},"properties":{"fid":824,"n":3,"fre_gj":98.1,"fre_daily":{"2026-09-30":98.1},"overpasses":2,"frp_total":28.2,"frp_max":10.3,"frp_mean":9.4,"area_km2":0.58,"lat":-16.69,"lon":128.1533,"first_seen":"2026-09-30","last_seen":"2026-09-30","duration_days":1,"status":"historic","trend":-1,"growth_ratio":0.0,"night_frac":0.0,"daily":{"2026-09-30":{"n":3,"frp":28.2}}}},{"type":"Feature","id":1116,"geometry":{"type":"Polygon","coordinates":[[[148.99838,-9.5004],[148.9981,-9.49885],[148.99731,-9.49749],[148.9961,-9.49648],[148.99462,-9.49595],[148.99303,-9.49595],[148.99155,-9.49648],[148.99034,-9.49749],[148.98955,-9.49885],[148.98927,-9.5004],[148.98955,-9.50195],[148.99034,-9.50331],[148.99155,-9.50432],[148.99303,-9.50485],[148.99462,-9.50485],[148.9961,-9.50432],[148.99731,-9.50331],[148.9981,-9.50195],[148.99838,-9.5004]]]},"properties":{"fid":1116,"n":4,"fre_gj":97.9,"fre_daily":{"2026-10-02":56.4,"2026-10-03":41.5},"overpasses":3,"frp_total":29.4,"frp_max":11.5,"frp_mean":7.36,"area_km2":0.77,"lat":-9.5004,"lon":148.9938,"first_seen":"2026-10-02","last_seen":"2026-10-03","duration_days":2,"status":"receding","trend":-1,"growth_ratio":0.0,"night_frac":0.0,"daily":{"2026-10-02":{"n":3,"frp":17.9},"2026-10-03":{"n":1,"frp":11.5}}}},{"type":"Feature","id":141,"geometry":{"type":"Polygon","coordinates":[[[149.1104,-9.3333],[149.1141,-9.3348],[149.1177,-9.3343],[149.1193,-9.3301],[149.1136,-9.3315],[149.1104,-9.3333]]]},"properties":{"fid":141,"n":6,"fre_gj":97.6,"fre_daily":{"2026-09-28":71.1,"2026-10-04":26.4},"overpasses":3,"frp_total":32.0,"frp_max":7.3,"frp_mean":5.34,"area_km2":0.28,"lat":-9.3327,"lon":149.1151,"first_seen":"2026-09-28","last_seen":"2026-10-04","duration_days":2,"status":"active","trend":-1,"growth_ratio":0.2,"night_frac":0.0,"daily":{"2026-09-28":{"n":5,"frp":24.7},"2026-10-04":{"n":1,"frp":7.3}}}},{"type":"Feature","id":110,"geometry":{"type":"Polygon","coordinates":[[[148.55184,-9.77672],[148.55153,-9.77499],[148.55064,-9.77347],[148.54929,-9.77234],[148.54762,-9.77174],[148.54586,-9.77174],[148.54419,-9.77234],[148.54284,-9.77347],[148.54195,-9.77499],[148.54164,-9.77672],[148.54195,-9.77845],[148.54284,-9.77997],[148.54419,-9.7811],[148.54586,-9.7817],[148.54762,-9.7817],[148.54929,-9.7811],[148.55064,-9.77997],[148.55153,-9.77845],[148.55184,-9.77672]]]},"properties":{"fid":110,"n":5,"fre_gj":97.1,"fre_daily":{"2026-09-28":65.4,"2026-09-29":15.5,"2026-10-03":16.2},"overpasses":4,"frp_total":31.5,"frp_max":8.0,"frp_mean":6.3,"area_km2":0.96,"lat":-9.7767,"lon":148.5467,"first_seen":"2026-09-28","last_seen":"2026-10-03","duration_days":3,"status":"receding","trend":-1,"growth_ratio":0.0,"night_frac":0.0,"daily":{"2026-09-28":{"n":3,"frp":22.7},"2026-09-29":{"n":1,"frp":4.3},"2026-10-03":{"n":1,"frp":4.5}}}},{"type":"Feature","id":1054,"geometry":{"type":"Polygon","coordinates":[[[123.88995,-10.1929],[123.88971,-10.19156],[123.88903,-10.19038],[123.88798,-10.18951],[123.88669,-10.18904],[123.88531,-10.18904],[123.88402,-10.18951],[123.88297,-10.19038],[123.88229,-10.19156],[123.88205,-10.1929],[123.88229,-10.19424],[123.88297,-10.19542],[123.88402,-10.19629],[123.88531,-10.19676],[123.88669,-10.19676],[123.88798,-10.19629],[123.88903,-10.19542],[123.88971,-10.19424],[123.88995,-10.1929]]]},"properties":{"fid":1054,"n":3,"fre_gj":96.2,"fre_daily":{"2026-10-01":96.2},"overpasses":2,"frp_total":16.7,"frp_max":7.9,"frp_mean":5.57,"area_km2":0.58,"lat":-10.1929,"lon":123.886,"first_seen":"2026-10-01","last_seen":"2026-10-01","duration_days":1,"status":"historic","trend":-1,"growth_ratio":0.0,"night_frac":0.0,"daily":{"2026-10-01":{"n":3,"frp":16.7}}}},{"type":"Feature","id":1135,"geometry":{"type":"Polygon","coordinates":[[[119.16595,-9.39016],[119.16564,-9.38843],[119.16476,-9.38691],[119.1634,-9.38578],[119.16174,-9.38518],[119.15998,-9.38518],[119.15832,-9.38578],[119.15696,-9.38691],[119.15608,-9.38843],[119.15577,-9.39016],[119.15608,-9.39189],[119.15696,-9.39341],[119.15832,-9.39454],[119.15998,-9.39514],[119.16174,-9.39514],[119.1634,-9.39454],[119.16476,-9.39341],[119.16564,-9.39189],[119.16595,-9.39016]]]},"properties":{"fid":1135,"n":5,"fre_gj":95.8,"fre_daily":{"2026-10-02":95.8},"overpasses":2,"frp_total":30.4,"frp_max":9.8,"frp_mean":6.08,"area_km2":0.96,"lat":-9.3902,"lon":119.1609,"first_seen":"2026-10-02","last_seen":"2026-10-02","duration_days":1,"status":"historic","trend":-1,"growth_ratio":0.0,"night_frac":0.0,"daily":{"2026-10-02":{"n":5,"frp":30.4}}}},{"type":"Feature","id":564,"geometry":{"type":"Polygon","coordinates":[[[148.25673,-34.84764],[148.25629,-34.8456],[148.25503,-34.8438],[148.25311,-34.84246],[148.25074,-34.84175],[148.24823,-34.84175],[148.24587,-34.84246],[148.24394,-34.8438],[148.24268,-34.8456],[148.24225,-34.84764],[148.24268,-34.84969],[148.24394,-34.85149],[148.24587,-34.85282],[148.24823,-34.85353],[148.25074,-34.85353],[148.25311,-34.85282],[148.25503,-34.85149],[148.25629,-34.84969],[148.25673,-34.84764]]]},"properties":{"fid":564,"n":7,"fre_gj":95.7,"fre_daily":{"2026-09-29":94.2,"2026-09-30":1.4},"overpasses":6,"frp_total":16.2,"frp_max":4.3,"frp_mean":2.31,"area_km2":1.35,"lat":-34.8476,"lon":148.2495,"first_seen":"2026-09-29","last_seen":"2026-09-30","duration_days":2,"status":"historic","trend":-1,"growth_ratio":0.0,"night_frac":0.43,"daily":{"2026-09-29":{"n":6,"frp":15.8},"2026-09-30":{"n":1,"frp":0.4}}}},{"type":"Feature","id":6,"geometry":{"type":"Polygon","coordinates":[[[146.84474,-41.05684],[146.84434,-41.05511],[146.84318,-41.05359],[146.84141,-41.05246],[146.83924,-41.05186],[146.83692,-41.05186],[146.83475,-41.05246],[146.83298,-41.05359],[146.83182,-41.05511],[146.83142,-41.05684],[146.83182,-41.05857],[146.83298,-41.06009],[146.83475,-41.06122],[146.83692,-41.06182],[146.83924,-41.06182],[146.84141,-41.06122],[146.84318,-41.06009],[146.84434,-41.05857],[146.84474,-41.05684]]]},"properties":{"fid":6,"n":5,"fre_gj":95.6,"fre_daily":{"2026-09-28":95.6},"overpasses":4,"frp_total":36.2,"frp_max":13.7,"frp_mean":7.24,"area_km2":0.96,"lat":-41.0568,"lon":146.8381,"first_seen":"2026-09-28","last_seen":"2026-09-28","duration_days":1,"status":"historic","trend":-1,"growth_ratio":0.0,"night_frac":0.0,"daily":{"2026-09-28":{"n":5,"frp":36.2}}}},{"type":"Feature","id":74,"geometry":{"type":"Polygon","coordinates":[[[141.90385,-12.34787],[141.90361,-12.34653],[141.90292,-12.34535],[141.90186,-12.34448],[141.90056,-12.34401],[141.89918,-12.34401],[141.89788,-12.34448],[141.89682,-12.34535],[141.89612,-12.34653],[141.89588,-12.34787],[141.89612,-12.34921],[141.89682,-12.35038],[141.89788,-12.35126],[141.89918,-12.35172],[141.90056,-12.35172],[141.90186,-12.35126],[141.90292,-12.35038],[141.90361,-12.34921],[141.90385,-12.34787]]]},"properties":{"fid":74,"n":3,"fre_gj":95.4,"fre_daily":{"2026-09-28":95.4},"overpasses":2,"frp_total":27.4,"frp_max":11.8,"frp_mean":9.13,"area_km2":0.58,"lat":-12.3479,"lon":141.8999,"first_seen":"2026-09-28","last_seen":"2026-09-28","duration_days":1,"status":"historic","trend":-1,"growth_ratio":0.0,"night_frac":0.0,"daily":{"2026-09-28":{"n":3,"frp":27.4}}}},{"type":"Feature","id":605,"geometry":{"type":"Polygon","coordinates":[[[124.7505,-23.5],[124.7552,-23.5038],[124.76,-23.5075],[124.7595,-23.5033],[124.7547,-23.4995],[124.7537,-23.4992],[124.7505,-23.5]]]},"properties":{"fid":605,"n":8,"fre_gj":95.1,"fre_daily":{"2026-09-29":95.1},"overpasses":3,"frp_total":38.1,"frp_max":7.7,"frp_mean":4.76,"area_km2":0.32,"lat":-23.5023,"lon":124.7556,"first_seen":"2026-09-29","last_seen":"2026-09-29","duration_days":1,"status":"historic","trend":-1,"growth_ratio":0.0,"night_frac":0.0,"daily":{"2026-09-29":{"n":8,"frp":38.1}}}},{"type":"Feature","id":760,"geometry":{"type":"Polygon","coordinates":[[[149.3502,-9.593],[149.3696,-9.5986],[149.3601,-9.5883],[149.3565,-9.5888],[149.3502,-9.593]]]},"properties":{"fid":760,"n":6,"fre_gj":95.1,"fre_daily":{"2026-09-29":26.6,"2026-10-03":68.4},"overpasses":3,"frp_total":29.1,"frp_max":9.6,"frp_mean":4.85,"area_km2":0.96,"lat":-9.5927,"lon":149.3586,"first_seen":"2026-09-29","last_seen":"2026-10-03","duration_days":2,"status":"receding","trend":-1,"growth_ratio":0.0,"night_frac":0.0,"daily":{"2026-09-29":{"n":2,"frp":7.4},"2026-10-03":{"n":4,"frp":21.7}}}},{"type":"Feature","id":641,"geometry":{"type":"Polygon","coordinates":[[[124.4704,-9.4001],[124.4723,-9.404],[124.475,-9.4018],[124.4721,-9.3849],[124.4704,-9.4001]]]},"properties":{"fid":641,"n":8,"fre_gj":94.5,"fre_daily":{"2026-09-29":25.8,"2026-09-30":14.0,"2026-10-01":12.6,"2026-10-03":42.1},"overpasses":6,"frp_total":29.7,"frp_max":5.6,"frp_mean":3.71,"area_km2":0.53,"lat":-9.3979,"lon":124.4725,"first_seen":"2026-09-29","last_seen":"2026-10-03","duration_days":4,"status":"receding","trend":-1,"growth_ratio":0.0,"night_frac":0.0,"daily":{"2026-09-29":{"n":2,"frp":8.7},"2026-09-30":{"n":2,"frp":3.9},"2026-10-01":{"n":1,"frp":3.5},"2026-10-03":{"n":3,"frp":13.6}}}},{"type":"Feature","id":633,"geometry":{"type":"Polygon","coordinates":[[[124.8756,-9.5431],[124.8762,-9.5466],[124.8876,-9.5531],[124.889,-9.552],[124.8943,-9.5396],[124.8756,-9.5431]]]},"properties":{"fid":633,"n":6,"fre_gj":94.3,"fre_daily":{"2026-09-29":86.7,"2026-10-01":7.6},"overpasses":3,"frp_total":31.3,"frp_max":9.4,"frp_mean":5.22,"area_km2":1.68,"lat":-9.5469,"lon":124.8834,"first_seen":"2026-09-29","last_seen":"2026-10-01","duration_days":2,"status":"historic","trend":-1,"growth_ratio":0.0,"night_frac":0.0,"daily":{"2026-09-29":{"n":5,"frp":29.2},"2026-10-01":{"n":1,"frp":2.1}}}},{"type":"Feature","id":786,"geometry":{"type":"Polygon","coordinates":[[[120.5711,-10.1038],[120.5769,-10.089],[120.5733,-10.0907],[120.5711,-10.1038]]]},"properties":{"fid":786,"n":4,"fre_gj":94.2,"fre_daily":{"2026-09-29":61.9,"2026-09-30":32.3},"overpasses":3,"frp_total":28.4,"frp_max":11.0,"frp_mean":7.1,"area_km2":0.26,"lat":-10.0951,"lon":120.5738,"first_seen":"2026-09-29","last_seen":"2026-09-30","duration_days":2,"status":"historic","trend":-1,"growth_ratio":0.0,"night_frac":0.0,"daily":{"2026-09-29":{"n":2,"frp":17.2},"2026-09-30":{"n":2,"frp":11.2}}}},{"type":"Feature","id":208,"geometry":{"type":"Polygon","coordinates":[[[132.3238,-22.2565],[132.3247,-22.2608],[132.3251,-22.2607],[132.3331,-22.2554],[132.3284,-22.2527],[132.3238,-22.2565]]]},"properties":{"fid":208,"n":5,"fre_gj":93.6,"fre_daily":{"2026-09-28":93.6},"overpasses":3,"frp_total":37.9,"frp_max":10.4,"frp_mean":7.58,"area_km2":0.41,"lat":-22.2572,"lon":132.327,"first_seen":"2026-09-28","last_seen":"2026-09-28","duration_days":1,"status":"historic","trend":-1,"growth_ratio":0.0,"night_frac":0.0,"daily":{"2026-09-28":{"n":5,"frp":37.9}}}},{"type":"Feature","id":182,"geometry":{"type":"Polygon","coordinates":[[[147.05114,-9.06863],[147.0509,-9.06729],[147.05022,-9.06612],[147.04917,-9.06524],[147.04788,-9.06478],[147.04652,-9.06478],[147.04523,-9.06524],[147.04418,-9.06612],[147.0435,-9.06729],[147.04326,-9.06863],[147.0435,-9.06997],[147.04418,-9.07115],[147.04523,-9.07202],[147.04652,-9.07249],[147.04788,-9.07249],[147.04917,-9.07202],[147.05022,-9.07115],[147.0509,-9.06997],[147.05114,-9.06863]]]},"properties":{"fid":182,"n":3,"fre_gj":93.5,"fre_daily":{"2026-09-28":93.5},"overpasses":3,"frp_total":24.1,"frp_max":13.8,"frp_mean":8.03,"area_km2":0.58,"lat":-9.0686,"lon":147.0472,"first_seen":"2026-09-28","last_seen":"2026-09-28","duration_days":1,"status":"historic","trend":-1,"growth_ratio":0.0,"night_frac":0.0,"daily":{"2026-09-28":{"n":3,"frp":24.1}}}},{"type":"Feature","id":337,"geometry":{"type":"Polygon","coordinates":[[[150.8377,-32.2523],[150.8421,-32.2549],[150.8429,-32.2544],[150.8534,-32.2377],[150.853,-32.2353],[150.8507,-32.2367],[150.8477,-32.2396],[150.8377,-32.2523]]]},"properties":{"fid":337,"n":31,"fre_gj":93.5,"fre_daily":{"2026-09-28":10.7,"2026-09-29":24.8,"2026-09-30":11.2,"2026-10-01":17.0,"2026-10-03":29.8},"overpasses":11,"frp_total":33.6,"frp_max":3.6,"frp_mean":1.08,"area_km2":0.96,"lat":-32.2455,"lon":150.846,"first_seen":"2026-09-28","last_seen":"2026-10-03","duration_days":5,"status":"receding","trend":-1,"growth_ratio":0.0,"night_frac":1.0,"daily":{"2026-09-28":{"n":4,"frp":3.7},"2026-09-29":{"n":8,"frp":8.6},"2026-09-30":{"n":6,"frp":4.8},"2026-10-01":{"n":9,"frp":7.0},"2026-10-03":{"n":4,"frp":9.5}}}},{"type":"Feature","id":1203,"geometry":{"type":"Polygon","coordinates":[[[147.7545,-9.6697],[147.7664,-9.6747],[147.7618,-9.6685],[147.7595,-9.6655],[147.7545,-9.6697]]]},"properties":{"fid":1203,"n":6,"fre_gj":93.3,"fre_daily":{"2026-10-03":71.6,"2026-10-04":21.6},"overpasses":2,"frp_total":25.9,"frp_max":6.0,"frp_mean":4.32,"area_km2":0.46,"lat":-9.6699,"lon":147.7604,"first_seen":"2026-10-03","last_seen":"2026-10-04","duration_days":2,"status":"active","trend":-1,"growth_ratio":0.2,"night_frac":0.0,"daily":{"2026-10-03":{"n":5,"frp":19.9},"2026-10-04":{"n":1,"frp":6.0}}}},{"type":"Feature","id":951,"geometry":{"type":"Polygon","coordinates":[[[150.88038,-33.8131],[150.8801,-33.81176],[150.87929,-33.81058],[150.87804,-33.80971],[150.87651,-33.80924],[150.87489,-33.80924],[150.87336,-33.80971],[150.87211,-33.81058],[150.8713,-33.81176],[150.87102,-33.8131],[150.8713,-33.81444],[150.87211,-33.81562],[150.87336,-33.81649],[150.87489,-33.81696],[150.87651,-33.81696],[150.87804,-33.81649],[150.87929,-33.81562],[150.8801,-33.81444],[150.88038,-33.8131]]]},"properties":{"fid":951,"n":3,"fre_gj":92.9,"fre_daily":{"2026-10-01":92.9},"overpasses":1,"frp_total":25.8,"frp_max":10.6,"frp_mean":8.6,"area_km2":0.58,"lat":-33.8131,"lon":150.8757,"first_seen":"2026-10-01","last_seen":"2026-10-01","duration_days":1,"status":"historic","trend":-1,"growth_ratio":0.0,"night_frac":0.0,"daily":{"2026-10-01":{"n":3,"frp":25.8}}}},{"type":"Feature","id":959,"geometry":{"type":"Polygon","coordinates":[[[142.4415,-23.4135],[142.4481,-23.4211],[142.4506,-23.4201],[142.4473,-23.413],[142.4415,-23.4135]]]},"properties":{"fid":959,"n":5,"fre_gj":92.0,"fre_daily":{"2026-10-01":92.0},"overpasses":3,"frp_total":28.0,"frp_max":8.7,"frp_mean":5.6,"area_km2":0.39,"lat":-23.4168,"lon":142.4467,"first_seen":"2026-10-01","last_seen":"2026-10-01","duration_days":1,"status":"historic","trend":-1,"growth_ratio":0.0,"night_frac":0.0,"daily":{"2026-10-01":{"n":5,"frp":28.0}}}},{"type":"Feature","id":1060,"geometry":{"type":"Polygon","coordinates":[[[119.74098,-9.82815],[119.74071,-9.8266],[119.73992,-9.82524],[119.7387,-9.82423],[119.73722,-9.8237],[119.73563,-9.8237],[119.73415,-9.82423],[119.73293,-9.82524],[119.73214,-9.8266],[119.73187,-9.82815],[119.73214,-9.8297],[119.73293,-9.83106],[119.73415,-9.83207],[119.73563,-9.8326],[119.73722,-9.8326],[119.7387,-9.83207],[119.73992,-9.83106],[119.74071,-9.8297],[119.74098,-9.82815]]]},"properties":{"fid":1060,"n":4,"fre_gj":92.0,"fre_daily":{"2026-10-01":92.0},"overpasses":2,"frp_total":37.4,"frp_max":12.5,"frp_mean":9.35,"area_km2":0.77,"lat":-9.8282,"lon":119.7364,"first_seen":"2026-10-01","last_seen":"2026-10-01","duration_days":1,"status":"historic","trend":-1,"growth_ratio":0.0,"night_frac":0.0,"daily":{"2026-10-01":{"n":4,"frp":37.4}}}},{"type":"Feature","id":146,"geometry":{"type":"Polygon","coordinates":[[[147.193,-9.2891],[147.1974,-9.2868],[147.2112,-9.2772],[147.2106,-9.273],[147.203,-9.2741],[147.193,-9.2891]]]},"properties":{"fid":146,"n":8,"fre_gj":91.6,"fre_daily":{"2026-09-28":7.9,"2026-09-29":44.1,"2026-09-30":25.2,"2026-10-01":14.4},"overpasses":7,"frp_total":36.6,"frp_max":8.7,"frp_mean":4.58,"area_km2":1.2,"lat":-9.2782,"lon":147.2047,"first_seen":"2026-09-28","last_seen":"2026-10-01","duration_days":4,"status":"historic","trend":-1,"growth_ratio":0.0,"night_frac":0.0,"daily":{"2026-09-28":{"n":1,"frp":2.2},"2026-09-29":{"n":4,"frp":19.5},"2026-09-30":{"n":2,"frp":10.9},"2026-10-01":{"n":1,"frp":4.0}}}},{"type":"Feature","id":95,"geometry":{"type":"Polygon","coordinates":[[[148.21801,-10.0701],[148.21774,-10.06855],[148.21694,-10.06719],[148.21573,-10.06618],[148.21424,-10.06565],[148.21266,-10.06565],[148.21117,-10.06618],[148.20996,-10.06719],[148.20916,-10.06855],[148.20889,-10.0701],[148.20916,-10.07165],[148.20996,-10.07301],[148.21117,-10.07402],[148.21266,-10.07455],[148.21424,-10.07455],[148.21573,-10.07402],[148.21694,-10.07301],[148.21774,-10.07165],[148.21801,-10.0701]]]},"properties":{"fid":95,"n":4,"fre_gj":91.3,"fre_daily":{"2026-09-28":91.3},"overpasses":3,"frp_total":37.1,"frp_max":19.7,"frp_mean":9.28,"area_km2":0.77,"lat":-10.0701,"lon":148.2134,"first_seen":"2026-09-28","last_seen":"2026-09-28","duration_days":1,"status":"historic","trend":-1,"growth_ratio":0.0,"night_frac":0.0,"daily":{"2026-09-28":{"n":4,"frp":37.1}}}},{"type":"Feature","id":620,"geometry":{"type":"Polygon","coordinates":[[[124.4369,-10.13404],[124.43659,-10.13231],[124.43571,-10.13079],[124.43435,-10.12966],[124.43269,-10.12906],[124.43091,-10.12906],[124.42925,-10.12966],[124.42789,-10.13079],[124.42701,-10.13231],[124.4267,-10.13404],[124.42701,-10.13577],[124.42789,-10.13729],[124.42925,-10.13842],[124.43091,-10.13902],[124.43269,-10.13902],[124.43435,-10.13842],[124.43571,-10.13729],[124.43659,-10.13577],[124.4369,-10.13404]]]},"properties":{"fid":620,"n":5,"fre_gj":91.2,"fre_daily":{"2026-09-29":91.2},"overpasses":2,"frp_total":30.7,"frp_max":8.8,"frp_mean":6.14,"area_km2":0.96,"lat":-10.134,"lon":124.4318,"first_seen":"2026-09-29","last_seen":"2026-09-29","duration_days":1,"status":"historic","trend":-1,"growth_ratio":0.0,"night_frac":0.0,"daily":{"2026-09-29":{"n":5,"frp":30.7}}}},{"type":"Feature","id":1097,"geometry":{"type":"Polygon","coordinates":[[[149.37982,-24.20945],[149.37953,-24.2079],[149.37867,-24.20654],[149.37736,-24.20553],[149.37576,-24.205],[149.37404,-24.205],[149.37244,-24.20553],[149.37113,-24.20654],[149.37027,-24.2079],[149.36998,-24.20945],[149.37027,-24.211],[149.37113,-24.21236],[149.37244,-24.21337],[149.37404,-24.2139],[149.37576,-24.2139],[149.37736,-24.21337],[149.37867,-24.21236],[149.37953,-24.211],[149.37982,-24.20945]]]},"properties":{"fid":1097,"n":4,"fre_gj":90.5,"fre_daily":{"2026-10-02":90.5},"overpasses":2,"frp_total":29.0,"frp_max":7.9,"frp_mean":7.25,"area_km2":0.77,"lat":-24.2095,"lon":149.3749,"first_seen":"2026-10-02","last_seen":"2026-10-02","duration_days":1,"status":"historic","trend":-1,"growth_ratio":0.0,"night_frac":0.0,"daily":{"2026-10-02":{"n":4,"frp":29.0}}}},{"type":"Feature","id":386,"geometry":{"type":"Polygon","coordinates":[[[131.3854,-13.0922],[131.4089,-13.0924],[131.4121,-13.0919],[131.4111,-13.0914],[131.4048,-13.0884],[131.4003,-13.0871],[131.3871,-13.0914],[131.3854,-13.0922]]]},"properties":{"fid":386,"n":13,"fre_gj":90.4,"fre_daily":{"2026-09-28":39.7,"2026-09-29":50.8},"overpasses":5,"frp_total":30.8,"frp_max":6.5,"frp_mean":2.37,"area_km2":0.92,"lat":-13.0908,"lon":131.4012,"first_seen":"2026-09-28","last_seen":"2026-09-29","duration_days":2,"status":"historic","trend":-1,"growth_ratio":0.0,"night_frac":0.77,"daily":{"2026-09-28":{"n":10,"frp":16.7},"2026-09-29":{"n":3,"frp":14.1}}}},{"type":"Feature","id":937,"geometry":{"type":"Polygon","coordinates":[[[146.88805,-9.0111],[146.88777,-9.00955],[146.88698,-9.00819],[146.88577,-9.00718],[146.88429,-9.00665],[146.88271,-9.00665],[146.88123,-9.00718],[146.88002,-9.00819],[146.87923,-9.00955],[146.87895,-9.0111],[146.87923,-9.01265],[146.88002,-9.01401],[146.88123,-9.01502],[146.88271,-9.01555],[146.88429,-9.01555],[146.88577,-9.01502],[146.88698,-9.01401],[146.88777,-9.01265],[146.88805,-9.0111]]]},"properties":{"fid":937,"n":4,"fre_gj":89.9,"fre_daily":{"2026-09-30":50.4,"2026-10-03":39.5},"overpasses":2,"frp_total":25.0,"frp_max":9.3,"frp_mean":6.25,"area_km2":0.77,"lat":-9.0111,"lon":146.8835,"first_seen":"2026-09-30","last_seen":"2026-10-03","duration_days":2,"status":"receding","trend":-1,"growth_ratio":0.0,"night_frac":0.0,"daily":{"2026-09-30":{"n":2,"frp":14.0},"2026-10-03":{"n":2,"frp":11.0}}}},{"type":"Feature","id":1087,"geometry":{"type":"Polygon","coordinates":[[[151.14414,-31.71576],[151.14379,-31.71403],[151.14276,-31.71251],[151.14119,-31.71138],[151.13927,-31.71078],[151.13721,-31.71078],[151.13529,-31.71138],[151.13372,-31.71251],[151.13269,-31.71403],[151.13234,-31.71576],[151.13269,-31.71749],[151.13372,-31.71901],[151.13529,-31.72014],[151.13721,-31.72074],[151.13927,-31.72074],[151.14119,-31.72014],[151.14276,-31.71901],[151.14379,-31.71749],[151.14414,-31.71576]]]},"properties":{"fid":1087,"n":5,"fre_gj":89.9,"fre_daily":{"2026-10-02":89.9},"overpasses":3,"frp_total":38.4,"frp_max":16.0,"frp_mean":7.68,"area_km2":0.96,"lat":-31.7158,"lon":151.1382,"first_seen":"2026-10-02","last_seen":"2026-10-02","duration_days":1,"status":"historic","trend":-1,"growth_ratio":0.0,"night_frac":0.0,"daily":{"2026-10-02":{"n":5,"frp":38.4}}}},{"type":"Feature","id":667,"geometry":{"type":"Polygon","coordinates":[[[149.4112,-36.347],[149.4174,-36.3535],[149.42,-36.3485],[149.4172,-36.3477],[149.4112,-36.347]]]},"properties":{"fid":667,"n":9,"fre_gj":89.8,"fre_daily":{"2026-09-29":10.7,"2026-09-30":79.1},"overpasses":6,"frp_total":15.5,"frp_max":8.9,"frp_mean":1.72,"area_km2":0.25,"lat":-36.3487,"lon":149.4162,"first_seen":"2026-09-29","last_seen":"2026-09-30","duration_days":2,"status":"historic","trend":-1,"growth_ratio":0.0,"night_frac":1.0,"daily":{"2026-09-29":{"n":5,"frp":3.7},"2026-09-30":{"n":4,"frp":11.8}}}},{"type":"Feature","id":36,"geometry":{"type":"Polygon","coordinates":[[[148.48251,-28.4178],[148.4822,-28.41625],[148.48131,-28.41489],[148.47995,-28.41388],[148.47829,-28.41335],[148.47651,-28.41335],[148.47485,-28.41388],[148.47349,-28.41489],[148.4726,-28.41625],[148.47229,-28.4178],[148.4726,-28.41935],[148.47349,-28.42071],[148.47485,-28.42172],[148.47651,-28.42225],[148.47829,-28.42225],[148.47995,-28.42172],[148.48131,-28.42071],[148.4822,-28.41935],[148.48251,-28.4178]]]},"properties":{"fid":36,"n":4,"fre_gj":89.4,"fre_daily":{"2026-09-28":38.2,"2026-10-01":51.2},"overpasses":3,"frp_total":32.5,"frp_max":10.6,"frp_mean":8.12,"area_km2":0.77,"lat":-28.4178,"lon":148.4774,"first_seen":"2026-09-28","last_seen":"2026-10-01","duration_days":2,"status":"historic","trend":-1,"growth_ratio":0.0,"night_frac":0.0,"daily":{"2026-09-28":{"n":1,"frp":10.6},"2026-10-01":{"n":3,"frp":21.9}}}},{"type":"Feature","id":508,"geometry":{"type":"Polygon","coordinates":[[[135.16207,-17.22263],[135.16183,-17.22129],[135.16112,-17.22012],[135.16004,-17.21924],[135.15871,-17.21878],[135.15729,-17.21878],[135.15596,-17.21924],[135.15488,-17.22012],[135.15417,-17.22129],[135.15393,-17.22263],[135.15417,-17.22397],[135.15488,-17.22515],[135.15596,-17.22602],[135.15729,-17.22649],[135.15871,-17.22649],[135.16004,-17.22602],[135.16112,-17.22515],[135.16183,-17.22397],[135.16207,-17.22263]]]},"properties":{"fid":508,"n":3,"fre_gj":89.3,"fre_daily":{"2026-09-28":89.3},"overpasses":1,"frp_total":24.8,"frp_max":12.2,"frp_mean":8.27,"area_km2":0.58,"lat":-17.2226,"lon":135.158,"first_seen":"2026-09-28","last_seen":"2026-09-28","duration_days":1,"status":"historic","trend":-1,"growth_ratio":0.0,"night_frac":0.0,"daily":{"2026-09-28":{"n":3,"frp":24.8}}}},{"type":"Feature","id":522,"geometry":{"type":"Polygon","coordinates":[[[141.5036,-9.1472],[141.5143,-9.1534],[141.5138,-9.1501],[141.5061,-9.14],[141.5036,-9.1472]]]},"properties":{"fid":522,"n":5,"fre_gj":89.3,"fre_daily":{"2026-09-28":57.6,"2026-09-29":31.7},"overpasses":2,"frp_total":24.8,"frp_max":6.8,"frp_mean":4.96,"area_km2":0.69,"lat":-9.1477,"lon":141.5088,"first_seen":"2026-09-28","last_seen":"2026-09-29","duration_days":2,"status":"historic","trend":-1,"growth_ratio":0.0,"night_frac":0.0,"daily":{"2026-09-28":{"n":3,"frp":16.0},"2026-09-29":{"n":2,"frp":8.8}}}},{"type":"Feature","id":639,"geometry":{"type":"Polygon","coordinates":[[[124.3372,-9.4421],[124.3406,-9.4468],[124.3466,-9.4435],[124.3442,-9.4336],[124.3372,-9.4421]]]},"properties":{"fid":639,"n":5,"fre_gj":89.3,"fre_daily":{"2026-09-29":18.0,"2026-10-01":4.7,"2026-10-03":66.6},"overpasses":3,"frp_total":24.8,"frp_max":14.4,"frp_mean":4.96,"area_km2":0.78,"lat":-9.4403,"lon":124.3425,"first_seen":"2026-09-29","last_seen":"2026-10-03","duration_days":3,"status":"receding","trend":-1,"growth_ratio":0.0,"night_frac":0.0,"daily":{"2026-09-29":{"n":2,"frp":5.0},"2026-10-01":{"n":1,"frp":1.3},"2026-10-03":{"n":2,"frp":18.5}}}},{"type":"Feature","id":1061,"geometry":{"type":"Polygon","coordinates":[[[119.8342,-9.6888],[119.8359,-9.6918],[119.8523,-9.6868],[119.8392,-9.688],[119.8362,-9.6884],[119.8342,-9.6888]]]},"properties":{"fid":1061,"n":5,"fre_gj":89.3,"fre_daily":{"2026-09-30":11.5,"2026-10-01":77.7},"overpasses":3,"frp_total":34.8,"frp_max":13.1,"frp_mean":6.96,"area_km2":0.38,"lat":-9.6888,"lon":119.8396,"first_seen":"2026-09-30","last_seen":"2026-10-01","duration_days":2,"status":"historic","trend":-1,"growth_ratio":0.0,"night_frac":0.0,"daily":{"2026-09-30":{"n":1,"frp":3.2},"2026-10-01":{"n":4,"frp":31.6}}}},{"type":"Feature","id":994,"geometry":{"type":"Polygon","coordinates":[[[120.20628,-10.04617],[120.20605,-10.04483],[120.20536,-10.04365],[120.20431,-10.04278],[120.20302,-10.04231],[120.20165,-10.04231],[120.20036,-10.04278],[120.19931,-10.04365],[120.19862,-10.04483],[120.19838,-10.04617],[120.19862,-10.04751],[120.19931,-10.04868],[120.20036,-10.04956],[120.20165,-10.05002],[120.20302,-10.05002],[120.20431,-10.04956],[120.20536,-10.04868],[120.20605,-10.04751],[120.20628,-10.04617]]]},"properties":{"fid":994,"n":3,"fre_gj":88.9,"fre_daily":{"2026-10-01":34.2,"2026-10-02":54.7},"overpasses":2,"frp_total":24.7,"frp_max":15.2,"frp_mean":8.23,"area_km2":0.58,"lat":-10.0462,"lon":120.2023,"first_seen":"2026-10-01","last_seen":"2026-10-02","duration_days":2,"status":"historic","trend":-1,"growth_ratio":0.0,"night_frac":0.0,"daily":{"2026-10-01":{"n":2,"frp":9.5},"2026-10-02":{"n":1,"frp":15.2}}}},{"type":"Feature","id":1175,"geometry":{"type":"Polygon","coordinates":[[[153.39348,-28.29173],[153.39322,-28.29039],[153.39245,-28.28922],[153.39128,-28.28834],[153.38983,-28.28788],[153.3883,-28.28788],[153.38686,-28.28834],[153.38568,-28.28922],[153.38492,-28.29039],[153.38465,-28.29173],[153.38492,-28.29307],[153.38568,-28.29425],[153.38686,-28.29512],[153.3883,-28.29559],[153.38983,-28.29559],[153.39128,-28.29512],[153.39245,-28.29425],[153.39322,-28.29307],[153.39348,-28.29173]]]},"properties":{"fid":1175,"n":3,"fre_gj":88.9,"fre_daily":{"2026-10-02":88.9},"overpasses":1,"frp_total":24.7,"frp_max":10.3,"frp_mean":8.23,"area_km2":0.58,"lat":-28.2917,"lon":153.3891,"first_seen":"2026-10-02","last_seen":"2026-10-02","duration_days":1,"status":"historic","trend":-1,"growth_ratio":0.0,"night_frac":0.0,"daily":{"2026-10-02":{"n":3,"frp":24.7}}}},{"type":"Feature","id":293,"geometry":{"type":"Polygon","coordinates":[[[124.25125,-9.66075],[124.25091,-9.65886],[124.24994,-9.65719],[124.24846,-9.65595],[124.24664,-9.6553],[124.2447,-9.6553],[124.24288,-9.65595],[124.24139,-9.65719],[124.24042,-9.65886],[124.24009,-9.66075],[124.24042,-9.66264],[124.24139,-9.66431],[124.24288,-9.66555],[124.2447,-9.6662],[124.24664,-9.6662],[124.24846,-9.66555],[124.24994,-9.66431],[124.25091,-9.66264],[124.25125,-9.66075]]]},"properties":{"fid":293,"n":6,"fre_gj":88.8,"fre_daily":{"2026-09-28":45.4,"2026-09-29":24.7,"2026-10-01":18.7},"overpasses":5,"frp_total":29.6,"frp_max":8.3,"frp_mean":4.93,"area_km2":1.15,"lat":-9.6608,"lon":124.2457,"first_seen":"2026-09-28","last_seen":"2026-10-01","duration_days":3,"status":"historic","trend":-1,"growth_ratio":0.0,"night_frac":0.0,"daily":{"2026-09-28":{"n":3,"frp":16.1},"2026-09-29":{"n":2,"frp":8.3},"2026-10-01":{"n":1,"frp":5.2}}}},{"type":"Feature","id":684,"geometry":{"type":"Polygon","coordinates":[[[134.5947,-15.3775],[134.6136,-15.388],[134.6139,-15.3863],[134.609,-15.3794],[134.5993,-15.3769],[134.5947,-15.3775]]]},"properties":{"fid":684,"n":6,"fre_gj":88.8,"fre_daily":{"2026-09-29":10.7,"2026-09-30":6.5,"2026-10-01":71.6},"overpasses":4,"frp_total":25.4,"frp_max":6.7,"frp_mean":4.23,"area_km2":0.84,"lat":-15.381,"lon":134.6047,"first_seen":"2026-09-29","last_seen":"2026-10-01","duration_days":3,"status":"historic","trend":-1,"growth_ratio":0.0,"night_frac":0.5,"daily":{"2026-09-29":{"n":2,"frp":3.7},"2026-09-30":{"n":1,"frp":1.8},"2026-10-01":{"n":3,"frp":19.9}}}},{"type":"Feature","id":917,"geometry":{"type":"Polygon","coordinates":[[[124.46561,-9.53767],[124.46537,-9.53633],[124.46469,-9.53515],[124.46364,-9.53428],[124.46235,-9.53381],[124.46098,-9.53381],[124.45969,-9.53428],[124.45865,-9.53515],[124.45796,-9.53633],[124.45772,-9.53767],[124.45796,-9.53901],[124.45865,-9.54018],[124.45969,-9.54106],[124.46098,-9.54152],[124.46235,-9.54152],[124.46364,-9.54106],[124.46469,-9.54018],[124.46537,-9.53901],[124.46561,-9.53767]]]},"properties":{"fid":917,"n":3,"fre_gj":88.8,"fre_daily":{"2026-09-30":88.8},"overpasses":2,"frp_total":37.0,"frp_max":20.4,"frp_mean":12.33,"area_km2":0.58,"lat":-9.5377,"lon":124.4617,"first_seen":"2026-09-30","last_seen":"2026-09-30","duration_days":1,"status":"historic","trend":-1,"growth_ratio":0.0,"night_frac":0.0,"daily":{"2026-09-30":{"n":3,"frp":37.0}}}},{"type":"Feature","id":473,"geometry":{"type":"Polygon","coordinates":[[[120.341,-9.95],[120.352,-9.9513],[120.3481,-9.9399],[120.3476,-9.939],[120.3438,-9.9406],[120.341,-9.95]]]},"properties":{"fid":473,"n":9,"fre_gj":87.0,"fre_daily":{"2026-09-28":78.0,"2026-09-29":7.9,"2026-10-02":1.1},"overpasses":4,"frp_total":34.6,"frp_max":11.0,"frp_mean":3.84,"area_km2":0.99,"lat":-9.9438,"lon":120.3469,"first_seen":"2026-09-28","last_seen":"2026-10-02","duration_days":3,"status":"historic","trend":-1,"growth_ratio":0.0,"night_frac":0.11,"daily":{"2026-09-28":{"n":7,"frp":32.1},"2026-09-29":{"n":1,"frp":2.2},"2026-10-02":{"n":1,"frp":0.3}}}},{"type":"Feature","id":289,"geometry":{"type":"Polygon","coordinates":[[[120.04245,-9.8206],[120.04221,-9.81926],[120.04152,-9.81808],[120.04047,-9.81721],[120.03919,-9.81674],[120.03781,-9.81674],[120.03653,-9.81721],[120.03548,-9.81808],[120.03479,-9.81926],[120.03455,-9.8206],[120.03479,-9.82194],[120.03548,-9.82312],[120.03653,-9.82399],[120.03781,-9.82446],[120.03919,-9.82446],[120.04047,-9.82399],[120.04152,-9.82312],[120.04221,-9.82194],[120.04245,-9.8206]]]},"properties":{"fid":289,"n":3,"fre_gj":86.8,"fre_daily":{"2026-09-28":86.8},"overpasses":1,"frp_total":24.1,"frp_max":10.4,"frp_mean":8.03,"area_km2":0.58,"lat":-9.8206,"lon":120.0385,"first_seen":"2026-09-28","last_seen":"2026-09-28","duration_days":1,"status":"historic","trend":-1,"growth_ratio":0.0,"night_frac":0.0,"daily":{"2026-09-28":{"n":3,"frp":24.1}}}},{"type":"Feature","id":739,"geometry":{"type":"Polygon","coordinates":[[[124.51534,-9.37153],[124.5151,-9.37019],[124.51442,-9.36902],[124.51337,-9.36814],[124.51208,-9.36768],[124.51072,-9.36768],[124.50943,-9.36814],[124.50838,-9.36902],[124.5077,-9.37019],[124.50746,-9.37153],[124.5077,-9.37287],[124.50838,-9.37405],[124.50943,-9.37492],[124.51072,-9.37539],[124.51208,-9.37539],[124.51337,-9.37492],[124.51442,-9.37405],[124.5151,-9.37287],[124.51534,-9.37153]]]},"properties":{"fid":739,"n":3,"fre_gj":86.6,"fre_daily":{"2026-09-29":86.6},"overpasses":2,"frp_total":37.5,"frp_max":24.2,"frp_mean":12.5,"area_km2":0.58,"lat":-9.3715,"lon":124.5114,"first_seen":"2026-09-29","last_seen":"2026-09-29","duration_days":1,"status":"historic","trend":-1,"growth_ratio":0.0,"night_frac":0.0,"daily":{"2026-09-29":{"n":3,"frp":37.5}}}},{"type":"Feature","id":1136,"geometry":{"type":"Polygon","coordinates":[[[124.9617,-9.3181],[124.96143,-9.31655],[124.96064,-9.31519],[124.95943,-9.31418],[124.95794,-9.31365],[124.95636,-9.31365],[124.95487,-9.31418],[124.95366,-9.31519],[124.95287,-9.31655],[124.9526,-9.3181],[124.95287,-9.31965],[124.95366,-9.32101],[124.95487,-9.32202],[124.95636,-9.32255],[124.95794,-9.32255],[124.95943,-9.32202],[124.96064,-9.32101],[124.96143,-9.31965],[124.9617,-9.3181]]]},"properties":{"fid":1136,"n":4,"fre_gj":86.6,"fre_daily":{"2026-10-02":86.6},"overpasses":2,"frp_total":27.5,"frp_max":11.2,"frp_mean":6.88,"area_km2":0.77,"lat":-9.3181,"lon":124.9571,"first_seen":"2026-10-02","last_seen":"2026-10-02","duration_days":1,"status":"historic","trend":-1,"growth_ratio":0.0,"night_frac":0.0,"daily":{"2026-10-02":{"n":4,"frp":27.5}}}},{"type":"Feature","id":877,"geometry":{"type":"Polygon","coordinates":[[[148.58776,-22.52838],[148.58743,-22.52665],[148.58648,-22.52513],[148.58504,-22.524],[148.58326,-22.5234],[148.58138,-22.5234],[148.5796,-22.524],[148.57816,-22.52513],[148.57721,-22.52665],[148.57688,-22.52838],[148.57721,-22.53011],[148.57816,-22.53163],[148.5796,-22.53276],[148.58138,-22.53336],[148.58326,-22.53336],[148.58504,-22.53276],[148.58648,-22.53163],[148.58743,-22.53011],[148.58776,-22.52838]]]},"properties":{"fid":877,"n":5,"fre_gj":86.5,"fre_daily":{"2026-09-30":86.5},"overpasses":4,"frp_total":13.9,"frp_max":7.3,"frp_mean":2.78,"area_km2":0.96,"lat":-22.5284,"lon":148.5823,"first_seen":"2026-09-30","last_seen":"2026-09-30","duration_days":1,"status":"historic","trend":-1,"growth_ratio":0.0,"night_frac":1.0,"daily":{"2026-09-30":{"n":5,"frp":13.9}}}},{"type":"Feature","id":11,"geometry":{"type":"Polygon","coordinates":[[[144.88508,-36.10343],[144.88479,-36.10209],[144.88395,-36.10092],[144.88267,-36.10004],[144.8811,-36.09958],[144.87943,-36.09958],[144.87786,-36.10004],[144.87658,-36.10092],[144.87574,-36.10209],[144.87545,-36.10343],[144.87574,-36.10477],[144.87658,-36.10595],[144.87786,-36.10682],[144.87943,-36.10729],[144.8811,-36.10729],[144.88267,-36.10682],[144.88395,-36.10595],[144.88479,-36.10477],[144.88508,-36.10343]]]},"properties":{"fid":11,"n":3,"fre_gj":86.2,"fre_daily":{"2026-09-28":86.2},"overpasses":3,"frp_total":34.7,"frp_max":16.6,"frp_mean":11.57,"area_km2":0.58,"lat":-36.1034,"lon":144.8803,"first_seen":"2026-09-28","last_seen":"2026-09-28","duration_days":1,"status":"historic","trend":-1,"growth_ratio":0.0,"night_frac":0.0,"daily":{"2026-09-28":{"n":3,"frp":34.7}}}},{"type":"Feature","id":4,"geometry":{"type":"Polygon","coordinates":[[[148.2011,-41.28782],[148.20074,-41.28628],[148.1997,-41.28492],[148.19811,-41.28391],[148.19616,-41.28337],[148.19409,-41.28337],[148.19214,-41.28391],[148.19055,-41.28492],[148.18951,-41.28628],[148.18915,-41.28782],[148.18951,-41.28937],[148.19055,-41.29073],[148.19214,-41.29174],[148.19409,-41.29228],[148.19616,-41.29228],[148.19811,-41.29174],[148.1997,-41.29073],[148.20074,-41.28937],[148.2011,-41.28782]]]},"properties":{"fid":4,"n":4,"fre_gj":85.9,"fre_daily":{"2026-09-28":85.9},"overpasses":3,"frp_total":37.9,"frp_max":11.5,"frp_mean":9.47,"area_km2":0.77,"lat":-41.2878,"lon":148.1951,"first_seen":"2026-09-28","last_seen":"2026-09-28","duration_days":1,"status":"historic","trend":-1,"growth_ratio":0.0,"night_frac":0.0,"daily":{"2026-09-28":{"n":4,"frp":37.9}}}},{"type":"Feature","id":525,"geometry":{"type":"Polygon","coordinates":[[[141.458,-9.1003],[141.4587,-9.1016],[141.4722,-9.0917],[141.4655,-9.0927],[141.4581,-9.1001],[141.458,-9.1003]]]},"properties":{"fid":525,"n":6,"fre_gj":85.7,"fre_daily":{"2026-09-28":16.2,"2026-09-29":33.7,"2026-10-02":20.9,"2026-10-03":14.9},"overpasses":5,"frp_total":28.1,"frp_max":6.2,"frp_mean":4.69,"area_km2":0.42,"lat":-9.0978,"lon":141.4619,"first_seen":"2026-09-28","last_seen":"2026-10-03","duration_days":4,"status":"receding","trend":-1,"growth_ratio":0.0,"night_frac":0.0,"daily":{"2026-09-28":{"n":1,"frp":4.5},"2026-09-29":{"n":3,"frp":13.7},"2026-10-02":{"n":1,"frp":5.8},"2026-10-03":{"n":1,"frp":4.1}}}},{"type":"Feature","id":534,"geometry":{"type":"Polygon","coordinates":[[[129.85352,-16.09777],[129.85324,-16.09623],[129.85243,-16.09487],[129.85119,-16.09386],[129.84966,-16.09332],[129.84804,-16.09332],[129.84651,-16.09386],[129.84527,-16.09487],[129.84446,-16.09623],[129.84418,-16.09777],[129.84446,-16.09932],[129.84527,-16.10068],[129.84651,-16.10169],[129.84804,-16.10223],[129.84966,-16.10223],[129.85119,-16.10169],[129.85243,-16.10068],[129.85324,-16.09932],[129.85352,-16.09777]]]},"properties":{"fid":534,"n":4,"fre_gj":85.7,"fre_daily":{"2026-09-28":85.7},"overpasses":1,"frp_total":23.8,"frp_max":10.0,"frp_mean":5.95,"area_km2":0.77,"lat":-16.0978,"lon":129.8488,"first_seen":"2026-09-28","last_seen":"2026-09-28","duration_days":1,"status":"historic","trend":-1,"growth_ratio":0.0,"night_frac":0.0,"daily":{"2026-09-28":{"n":4,"frp":23.8}}}},{"type":"Feature","id":15,"geometry":{"type":"Polygon","coordinates":[[[146.1658,-34.5832],[146.1747,-34.592],[146.1781,-34.5929],[146.1783,-34.5917],[146.1698,-34.5826],[146.1658,-34.5832]]]},"properties":{"fid":15,"n":5,"fre_gj":85.3,"fre_daily":{"2026-09-28":49.7,"2026-09-29":35.6},"overpasses":5,"frp_total":29.1,"frp_max":8.6,"frp_mean":5.82,"area_km2":0.41,"lat":-34.5885,"lon":146.1733,"first_seen":"2026-09-28","last_seen":"2026-09-29","duration_days":2,"status":"historic","trend":-1,"growth_ratio":0.0,"night_frac":0.0,"daily":{"2026-09-28":{"n":2,"frp":14.4},"2026-09-29":{"n":3,"frp":14.7}}}},{"type":"Feature","id":1176,"geometry":{"type":"Polygon","coordinates":[[[136.24668,-12.54467],[136.24644,-12.54333],[136.24575,-12.54215],[136.24469,-12.54128],[136.24339,-12.54081],[136.24201,-12.54081],[136.24071,-12.54128],[136.23965,-12.54215],[136.23896,-12.54333],[136.23872,-12.54467],[136.23896,-12.54601],[136.23965,-12.54718],[136.24071,-12.54806],[136.24201,-12.54852],[136.24339,-12.54852],[136.24469,-12.54806],[136.24575,-12.54718],[136.24644,-12.54601],[136.24668,-12.54467]]]},"properties":{"fid":1176,"n":3,"fre_gj":85.3,"fre_daily":{"2026-10-02":85.3},"overpasses":1,"frp_total":23.7,"frp_max":9.1,"frp_mean":7.9,"area_km2":0.58,"lat":-12.5447,"lon":136.2427,"first_seen":"2026-10-02","last_seen":"2026-10-02","duration_days":1,"status":"historic","trend":-1,"growth_ratio":0.0,"night_frac":0.0,"daily":{"2026-10-02":{"n":3,"frp":23.7}}}},{"type":"Feature","id":1273,"geometry":{"type":"Polygon","coordinates":[[[141.62716,-14.48595],[141.62688,-14.4844],[141.62608,-14.48304],[141.62484,-14.48203],[141.62333,-14.4815],[141.62172,-14.4815],[141.62021,-14.48203],[141.61897,-14.48304],[141.61817,-14.4844],[141.61789,-14.48595],[141.61817,-14.4875],[141.61897,-14.48886],[141.62021,-14.48987],[141.62172,-14.4904],[141.62333,-14.4904],[141.62484,-14.48987],[141.62608,-14.48886],[141.62688,-14.4875],[141.62716,-14.48595]]]},"properties":{"fid":1273,"n":4,"fre_gj":85.2,"fre_daily":{"2026-10-04":85.2},"overpasses":1,"frp_total":23.7,"frp_max":10.5,"frp_mean":5.92,"area_km2":0.77,"lat":-14.4859,"lon":141.6225,"first_seen":"2026-10-04","last_seen":"2026-10-04","duration_days":1,"status":"active","trend":1,"growth_ratio":null,"night_frac":0.0,"daily":{"2026-10-04":{"n":4,"frp":23.7}}}},{"type":"Feature","id":1044,"geometry":{"type":"Polygon","coordinates":[[[152.42882,-25.2267],[152.42852,-25.22515],[152.42765,-25.22379],[152.42633,-25.22278],[152.42471,-25.22225],[152.42299,-25.22225],[152.42137,-25.22278],[152.42005,-25.22379],[152.41918,-25.22515],[152.41888,-25.2267],[152.41918,-25.22825],[152.42005,-25.22961],[152.42137,-25.23062],[152.42299,-25.23115],[152.42471,-25.23115],[152.42633,-25.23062],[152.42765,-25.22961],[152.42852,-25.22825],[152.42882,-25.2267]]]},"properties":{"fid":1044,"n":4,"fre_gj":84.8,"fre_daily":{"2026-10-01":84.8},"overpasses":2,"frp_total":35.8,"frp_max":10.3,"frp_mean":8.95,"area_km2":0.77,"lat":-25.2267,"lon":152.4239,"first_seen":"2026-10-01","last_seen":"2026-10-01","duration_days":1,"status":"historic","trend":-1,"growth_ratio":0.0,"night_frac":0.0,"daily":{"2026-10-01":{"n":4,"frp":35.8}}}},{"type":"Feature","id":1094,"geometry":{"type":"Polygon","coordinates":[[[150.6223,-26.6515],[150.6324,-26.6514],[150.6295,-26.6441],[150.6223,-26.6515]]]},"properties":{"fid":1094,"n":4,"fre_gj":84.8,"fre_daily":{"2026-10-02":84.8},"overpasses":2,"frp_total":22.8,"frp_max":6.1,"frp_mean":5.7,"area_km2":0.41,"lat":-26.6495,"lon":150.6285,"first_seen":"2026-10-02","last_seen":"2026-10-02","duration_days":1,"status":"historic","trend":-1,"growth_ratio":0.0,"night_frac":0.0,"daily":{"2026-10-02":{"n":4,"frp":22.8}}}},{"type":"Feature","id":844,"geometry":{"type":"Polygon","coordinates":[[[124.26005,-9.45277],[124.25978,-9.45123],[124.25899,-9.44987],[124.25778,-9.44886],[124.25629,-9.44832],[124.25471,-9.44832],[124.25322,-9.44886],[124.25201,-9.44987],[124.25122,-9.45123],[124.25095,-9.45277],[124.25122,-9.45432],[124.25201,-9.45568],[124.25322,-9.45669],[124.25471,-9.45723],[124.25629,-9.45723],[124.25778,-9.45669],[124.25899,-9.45568],[124.25978,-9.45432],[124.26005,-9.45277]]]},"properties":{"fid":844,"n":4,"fre_gj":84.2,"fre_daily":{"2026-09-30":84.2},"overpasses":3,"frp_total":31.9,"frp_max":14.0,"frp_mean":7.97,"area_km2":0.77,"lat":-9.4528,"lon":124.2555,"first_seen":"2026-09-30","last_seen":"2026-09-30","duration_days":1,"status":"historic","trend":-1,"growth_ratio":0.0,"night_frac":0.0,"daily":{"2026-09-30":{"n":4,"frp":31.9}}}},{"type":"Feature","id":1224,"geometry":{"type":"Polygon","coordinates":[[[120.1066,-10.113],[120.1176,-10.1307],[120.1152,-10.122],[120.1066,-10.113]]]},"properties":{"fid":1224,"n":3,"fre_gj":83.7,"fre_daily":{"2026-09-28":21.2,"2026-10-03":62.5},"overpasses":2,"frp_total":23.2,"frp_max":11.3,"frp_mean":7.75,"area_km2":0.32,"lat":-10.1219,"lon":120.1131,"first_seen":"2026-09-28","last_seen":"2026-10-03","duration_days":2,"status":"receding","trend":-1,"growth_ratio":0.0,"night_frac":0.0,"daily":{"2026-09-28":{"n":1,"frp":5.9},"2026-10-03":{"n":2,"frp":17.4}}}},{"type":"Feature","id":1210,"geometry":{"type":"Polygon","coordinates":[[[142.1825,-9.0],[142.1996,-9.0125],[142.1935,-9.0047],[142.1825,-9.0]]]},"properties":{"fid":1210,"n":3,"fre_gj":83.3,"fre_daily":{"2026-10-03":83.3},"overpasses":2,"frp_total":24.1,"frp_max":14.7,"frp_mean":8.05,"area_km2":0.35,"lat":-9.0057,"lon":142.1919,"first_seen":"2026-10-03","last_seen":"2026-10-03","duration_days":1,"status":"receding","trend":-1,"growth_ratio":0.0,"night_frac":0.0,"daily":{"2026-10-03":{"n":3,"frp":24.1}}}},{"type":"Feature","id":116,"geometry":{"type":"Polygon","coordinates":[[[147.6989,-9.7091],[147.7129,-9.7199],[147.7264,-9.7219],[147.7259,-9.7186],[147.7068,-9.7098],[147.6989,-9.7091]]]},"properties":{"fid":116,"n":6,"fre_gj":83.1,"fre_daily":{"2026-09-28":31.1,"2026-10-03":51.9},"overpasses":3,"frp_total":25.2,"frp_max":6.1,"frp_mean":4.21,"area_km2":1.57,"lat":-9.7164,"lon":147.7146,"first_seen":"2026-09-28","last_seen":"2026-10-03","duration_days":2,"status":"receding","trend":-1,"growth_ratio":0.0,"night_frac":0.0,"daily":{"2026-09-28":{"n":3,"frp":10.8},"2026-10-03":{"n":3,"frp":14.4}}}},{"type":"Feature","id":724,"geometry":{"type":"Polygon","coordinates":[[[147.1018,-9.1088],[147.1269,-9.0973],[147.1166,-9.0963],[147.1096,-9.0974],[147.1018,-9.1088]]]},"properties":{"fid":724,"n":7,"fre_gj":83.1,"fre_daily":{"2026-09-29":43.0,"2026-10-03":9.5,"2026-10-04":30.5},"overpasses":4,"frp_total":28.6,"frp_max":7.1,"frp_mean":4.09,"area_km2":1.31,"lat":-9.0997,"lon":147.1134,"first_seen":"2026-09-29","last_seen":"2026-10-04","duration_days":3,"status":"active","trend":0,"growth_ratio":0.8,"night_frac":0.0,"daily":{"2026-09-29":{"n":4,"frp":17.5},"2026-10-03":{"n":1,"frp":2.6},"2026-10-04":{"n":2,"frp":8.5}}}},{"type":"Feature","id":99,"geometry":{"type":"Polygon","coordinates":[[[148.1508,-10.0269],[148.1518,-10.0335],[148.1584,-10.037],[148.1586,-10.0369],[148.1508,-10.0269]]]},"properties":{"fid":99,"n":5,"fre_gj":83.0,"fre_daily":{"2026-09-28":69.3,"2026-10-02":13.7},"overpasses":3,"frp_total":25.8,"frp_max":5.5,"frp_mean":5.16,"area_km2":0.26,"lat":-10.0334,"lon":148.155,"first_seen":"2026-09-28","last_seen":"2026-10-02","duration_days":2,"status":"historic","trend":-1,"growth_ratio":0.0,"night_frac":0.0,"daily":{"2026-09-28":{"n":4,"frp":22.0},"2026-10-02":{"n":1,"frp":3.8}}}},{"type":"Feature","id":1091,"geometry":{"type":"Polygon","coordinates":[[[151.65205,-27.40573],[151.65178,-27.40439],[151.65102,-27.40322],[151.64986,-27.40234],[151.64843,-27.40188],[151.64691,-27.40188],[151.64548,-27.40234],[151.64431,-27.40322],[151.64355,-27.40439],[151.64329,-27.40573],[151.64355,-27.40707],[151.64431,-27.40825],[151.64548,-27.40912],[151.64691,-27.40959],[151.64843,-27.40959],[151.64986,-27.40912],[151.65102,-27.40825],[151.65178,-27.40707],[151.65205,-27.40573]]]},"properties":{"fid":1091,"n":3,"fre_gj":82.8,"fre_daily":{"2026-10-02":82.8},"overpasses":1,"frp_total":23.0,"frp_max":8.0,"frp_mean":7.67,"area_km2":0.58,"lat":-27.4057,"lon":151.6477,"first_seen":"2026-10-02","last_seen":"2026-10-02","duration_days":1,"status":"historic","trend":-1,"growth_ratio":0.0,"night_frac":0.0,"daily":{"2026-10-02":{"n":3,"frp":23.0}}}},{"type":"Feature","id":1058,"geometry":{"type":"Polygon","coordinates":[[[120.483,-9.8447],[120.4942,-9.8369],[120.4895,-9.8326],[120.483,-9.8447]]]},"properties":{"fid":1058,"n":7,"fre_gj":82.6,"fre_daily":{"2026-10-01":70.4,"2026-10-02":12.2},"overpasses":3,"frp_total":32.0,"frp_max":5.8,"frp_mean":4.57,"area_km2":0.51,"lat":-9.8377,"lon":120.49,"first_seen":"2026-10-01","last_seen":"2026-10-02","duration_days":2,"status":"historic","trend":-1,"growth_ratio":0.0,"night_frac":0.0,"daily":{"2026-10-01":{"n":6,"frp":28.6},"2026-10-02":{"n":1,"frp":3.4}}}},{"type":"Feature","id":1115,"geometry":{"type":"Polygon","coordinates":[[[147.51853,-9.64463],[147.51819,-9.64274],[147.51722,-9.64107],[147.51574,-9.63984],[147.51392,-9.63918],[147.51198,-9.63918],[147.51016,-9.63984],[147.50868,-9.64107],[147.50771,-9.64274],[147.50737,-9.64463],[147.50771,-9.64653],[147.50868,-9.64819],[147.51016,-9.64943],[147.51198,-9.65009],[147.51392,-9.65009],[147.51574,-9.64943],[147.51722,-9.64819],[147.51819,-9.64653],[147.51853,-9.64463]]]},"properties":{"fid":1115,"n":6,"fre_gj":82.6,"fre_daily":{"2026-10-02":25.8,"2026-10-03":56.8},"overpasses":4,"frp_total":26.2,"frp_max":7.3,"frp_mean":4.37,"area_km2":1.15,"lat":-9.6446,"lon":147.513,"first_seen":"2026-10-02","last_seen":"2026-10-03","duration_days":2,"status":"receding","trend":-1,"growth_ratio":0.0,"night_frac":0.0,"daily":{"2026-10-02":{"n":3,"frp":8.2},"2026-10-03":{"n":3,"frp":18.0}}}},{"type":"Feature","id":1121,"geometry":{"type":"Polygon","coordinates":[[[142.90227,-9.15225],[142.902,-9.1507],[142.90121,-9.14934],[142.9,-9.14833],[142.89852,-9.1478],[142.89693,-9.1478],[142.89545,-9.14833],[142.89424,-9.14934],[142.89345,-9.1507],[142.89318,-9.15225],[142.89345,-9.1538],[142.89424,-9.15516],[142.89545,-9.15617],[142.89693,-9.1567],[142.89852,-9.1567],[142.9,-9.15617],[142.90121,-9.15516],[142.902,-9.1538],[142.90227,-9.15225]]]},"properties":{"fid":1121,"n":4,"fre_gj":82.4,"fre_daily":{"2026-10-02":82.4},"overpasses":2,"frp_total":28.6,"frp_max":7.8,"frp_mean":7.15,"area_km2":0.77,"lat":-9.1523,"lon":142.8977,"first_seen":"2026-10-02","last_seen":"2026-10-02","duration_days":1,"status":"historic","trend":-1,"growth_ratio":0.0,"night_frac":0.0,"daily":{"2026-10-02":{"n":4,"frp":28.6}}}},{"type":"Feature","id":582,"geometry":{"type":"Polygon","coordinates":[[[147.7923,-9.902],[147.8048,-9.8929],[147.7998,-9.8935],[147.7931,-9.8992],[147.7923,-9.902]]]},"properties":{"fid":582,"n":5,"fre_gj":82.2,"fre_daily":{"2026-09-29":26.2,"2026-10-03":56.0},"overpasses":4,"frp_total":26.9,"frp_max":7.5,"frp_mean":5.37,"area_km2":0.32,"lat":-9.8972,"lon":147.797,"first_seen":"2026-09-29","last_seen":"2026-10-03","duration_days":2,"status":"receding","trend":-1,"growth_ratio":0.0,"night_frac":0.0,"daily":{"2026-09-29":{"n":2,"frp":9.1},"2026-10-03":{"n":3,"frp":17.8}}}},{"type":"Feature","id":840,"geometry":{"type":"Polygon","coordinates":[[[123.92669,-10.06795],[123.92641,-10.0664],[123.92562,-10.06504],[123.92441,-10.06403],[123.92292,-10.0635],[123.92133,-10.0635],[123.91984,-10.06403],[123.91863,-10.06504],[123.91784,-10.0664],[123.91756,-10.06795],[123.91784,-10.0695],[123.91863,-10.07086],[123.91984,-10.07187],[123.92133,-10.0724],[123.92292,-10.0724],[123.92441,-10.07187],[123.92562,-10.07086],[123.92641,-10.0695],[123.92669,-10.06795]]]},"properties":{"fid":840,"n":4,"fre_gj":81.9,"fre_daily":{"2026-09-30":19.6,"2026-10-01":62.3},"overpasses":3,"frp_total":24.1,"frp_max":8.7,"frp_mean":6.02,"area_km2":0.77,"lat":-10.0679,"lon":123.9221,"first_seen":"2026-09-30","last_seen":"2026-10-01","duration_days":2,"status":"historic","trend":-1,"growth_ratio":0.0,"night_frac":0.0,"daily":{"2026-09-30":{"n":2,"frp":6.8},"2026-10-01":{"n":2,"frp":17.3}}}},{"type":"Feature","id":300,"geometry":{"type":"Polygon","coordinates":[[[119.79284,-9.4844],[119.79261,-9.48306],[119.79192,-9.48188],[119.79087,-9.48101],[119.78958,-9.48054],[119.78822,-9.48054],[119.78693,-9.48101],[119.78588,-9.48188],[119.78519,-9.48306],[119.78496,-9.4844],[119.78519,-9.48574],[119.78588,-9.48692],[119.78693,-9.48779],[119.78822,-9.48826],[119.78958,-9.48826],[119.79087,-9.48779],[119.79192,-9.48692],[119.79261,-9.48574],[119.79284,-9.4844]]]},"properties":{"fid":300,"n":3,"fre_gj":81.8,"fre_daily":{"2026-09-28":81.8},"overpasses":2,"frp_total":29.0,"frp_max":12.5,"frp_mean":9.67,"area_km2":0.58,"lat":-9.4844,"lon":119.7889,"first_seen":"2026-09-28","last_seen":"2026-09-28","duration_days":1,"status":"historic","trend":-1,"growth_ratio":0.0,"night_frac":0.0,"daily":{"2026-09-28":{"n":3,"frp":29.0}}}},{"type":"Feature","id":952,"geometry":{"type":"Polygon","coordinates":[[[152.75404,-31.35122],[152.75365,-31.34932],[152.75253,-31.34766],[152.75082,-31.34642],[152.74872,-31.34576],[152.74648,-31.34576],[152.74438,-31.34642],[152.74267,-31.34766],[152.74155,-31.34932],[152.74116,-31.35122],[152.74155,-31.35311],[152.74267,-31.35478],[152.74438,-31.35601],[152.74648,-31.35667],[152.74872,-31.35667],[152.75082,-31.35601],[152.75253,-31.35478],[152.75365,-31.35311],[152.75404,-31.35122]]]},"properties":{"fid":952,"n":6,"fre_gj":80.4,"fre_daily":{"2026-10-01":80.4},"overpasses":4,"frp_total":29.5,"frp_max":5.3,"frp_mean":4.92,"area_km2":1.15,"lat":-31.3512,"lon":152.7476,"first_seen":"2026-10-01","last_seen":"2026-10-01","duration_days":1,"status":"historic","trend":-1,"growth_ratio":0.0,"night_frac":0.0,"daily":{"2026-10-01":{"n":6,"frp":29.5}}}},{"type":"Feature","id":1131,"geometry":{"type":"Polygon","coordinates":[[[123.61352,-10.32003],[123.61328,-10.31869],[123.6126,-10.31752],[123.61154,-10.31664],[123.61025,-10.31618],[123.60888,-10.31618],[123.60759,-10.31664],[123.60654,-10.31752],[123.60585,-10.31869],[123.60561,-10.32003],[123.60585,-10.32137],[123.60654,-10.32255],[123.60759,-10.32342],[123.60888,-10.32389],[123.61025,-10.32389],[123.61154,-10.32342],[123.6126,-10.32255],[123.61328,-10.32137],[123.61352,-10.32003]]]},"properties":{"fid":1131,"n":3,"fre_gj":79.6,"fre_daily":{"2026-10-02":79.6},"overpasses":1,"frp_total":22.1,"frp_max":12.2,"frp_mean":7.37,"area_km2":0.58,"lat":-10.32,"lon":123.6096,"first_seen":"2026-10-02","last_seen":"2026-10-02","duration_days":1,"status":"historic","trend":-1,"growth_ratio":0.0,"night_frac":0.0,"daily":{"2026-10-02":{"n":3,"frp":22.1}}}},{"type":"Feature","id":167,"geometry":{"type":"Polygon","coordinates":[[[146.9971,-9.1437],[147.004,-9.1545],[147.0048,-9.1541],[147.004,-9.1446],[146.9971,-9.1437]]]},"properties":{"fid":167,"n":5,"fre_gj":79.0,"fre_daily":{"2026-09-28":19.1,"2026-09-29":22.5,"2026-10-02":37.4},"overpasses":5,"frp_total":26.1,"frp_max":9.1,"frp_mean":5.22,"area_km2":0.46,"lat":-9.1486,"lon":147.0025,"first_seen":"2026-09-28","last_seen":"2026-10-02","duration_days":3,"status":"historic","trend":-1,"growth_ratio":0.0,"night_frac":0.0,"daily":{"2026-09-28":{"n":1,"frp":5.3},"2026-09-29":{"n":2,"frp":7.8},"2026-10-02":{"n":2,"frp":13.0}}}},{"type":"Feature","id":1038,"geometry":{"type":"Polygon","coordinates":[[[115.1267,-23.1447],[115.1398,-23.1518],[115.1404,-23.1484],[115.1406,-23.1464],[115.1267,-23.1447]]]},"properties":{"fid":1038,"n":4,"fre_gj":78.8,"fre_daily":{"2026-10-01":78.8},"overpasses":3,"frp_total":5.0,"frp_max":2.7,"frp_mean":1.25,"area_km2":0.44,"lat":-23.1478,"lon":115.1369,"first_seen":"2026-10-01","last_seen":"2026-10-01","duration_days":1,"status":"historic","trend":-1,"growth_ratio":0.0,"night_frac":0.75,"daily":{"2026-10-01":{"n":4,"frp":5.0}}}},{"type":"Feature","id":279,"geometry":{"type":"Polygon","coordinates":[[[120.4554,-9.9933],[120.4574,-10.0037],[120.4581,-10.005],[120.4604,-10.0049],[120.4556,-9.9915],[120.4554,-9.9933]]]},"properties":{"fid":279,"n":5,"fre_gj":78.6,"fre_daily":{"2026-09-28":45.1,"2026-10-01":33.5},"overpasses":4,"frp_total":31.3,"frp_max":13.1,"frp_mean":6.26,"area_km2":0.26,"lat":-9.9997,"lon":120.4574,"first_seen":"2026-09-28","last_seen":"2026-10-01","duration_days":2,"status":"historic","trend":-1,"growth_ratio":0.0,"night_frac":0.0,"daily":{"2026-09-28":{"n":3,"frp":22.0},"2026-10-01":{"n":2,"frp":9.3}}}},{"type":"Feature","id":1109,"geometry":{"type":"Polygon","coordinates":[[[136.48577,-13.95486],[136.48546,-13.95313],[136.48456,-13.95161],[136.48319,-13.95048],[136.4815,-13.94988],[136.4797,-13.94988],[136.47801,-13.95048],[136.47664,-13.95161],[136.47574,-13.95313],[136.47543,-13.95486],[136.47574,-13.95659],[136.47664,-13.95811],[136.47801,-13.95924],[136.4797,-13.95984],[136.4815,-13.95984],[136.48319,-13.95924],[136.48456,-13.95811],[136.48546,-13.95659],[136.48577,-13.95486]]]},"properties":{"fid":1109,"n":5,"fre_gj":78.3,"fre_daily":{"2026-10-02":78.3},"overpasses":3,"frp_total":34.0,"frp_max":10.8,"frp_mean":6.8,"area_km2":0.96,"lat":-13.9549,"lon":136.4806,"first_seen":"2026-10-02","last_seen":"2026-10-02","duration_days":1,"status":"historic","trend":-1,"growth_ratio":0.0,"night_frac":0.0,"daily":{"2026-10-02":{"n":5,"frp":34.0}}}},{"type":"Feature","id":710,"geometry":{"type":"Polygon","coordinates":[[[134.5284,-15.7041],[134.5334,-15.7091],[134.5328,-15.6989],[134.5304,-15.7002],[134.5284,-15.7041]]]},"properties":{"fid":710,"n":4,"fre_gj":77.8,"fre_daily":{"2026-09-29":58.7,"2026-10-02":19.1},"overpasses":2,"frp_total":21.6,"frp_max":6.2,"frp_mean":5.4,"area_km2":0.32,"lat":-15.7031,"lon":134.5312,"first_seen":"2026-09-29","last_seen":"2026-10-02","duration_days":2,"status":"historic","trend":-1,"growth_ratio":0.0,"night_frac":0.0,"daily":{"2026-09-29":{"n":3,"frp":16.3},"2026-10-02":{"n":1,"frp":5.3}}}},{"type":"Feature","id":1074,"geometry":{"type":"Polygon","coordinates":[[[124.02764,-10.22077],[124.02736,-10.21923],[124.02657,-10.21787],[124.02536,-10.21686],[124.02387,-10.21632],[124.02228,-10.21632],[124.02079,-10.21686],[124.01958,-10.21787],[124.01879,-10.21923],[124.01851,-10.22077],[124.01879,-10.22232],[124.01958,-10.22368],[124.02079,-10.22469],[124.02228,-10.22523],[124.02387,-10.22523],[124.02536,-10.22469],[124.02657,-10.22368],[124.02736,-10.22232],[124.02764,-10.22077]]]},"properties":{"fid":1074,"n":4,"fre_gj":77.3,"fre_daily":{"2026-10-01":37.4,"2026-10-02":7.6,"2026-10-03":32.3},"overpasses":4,"frp_total":23.7,"frp_max":10.4,"frp_mean":5.93,"area_km2":0.77,"lat":-10.2208,"lon":124.0231,"first_seen":"2026-10-01","last_seen":"2026-10-03","duration_days":3,"status":"receding","trend":-1,"growth_ratio":0.0,"night_frac":0.0,"daily":{"2026-10-01":{"n":1,"frp":10.4},"2026-10-02":{"n":1,"frp":2.1},"2026-10-03":{"n":2,"frp":11.2}}}},{"type":"Feature","id":471,"geometry":{"type":"Polygon","coordinates":[[[120.6626,-9.9956],[120.6653,-9.9975],[120.668,-9.998],[120.6742,-9.9901],[120.6626,-9.9956]]]},"properties":{"fid":471,"n":6,"fre_gj":77.0,"fre_daily":{"2026-09-28":18.0,"2026-10-01":59.1},"overpasses":4,"frp_total":26.7,"frp_max":5.1,"frp_mean":4.45,"area_km2":0.37,"lat":-9.9945,"lon":120.6682,"first_seen":"2026-09-28","last_seen":"2026-10-01","duration_days":2,"status":"historic","trend":-1,"growth_ratio":0.0,"night_frac":0.0,"daily":{"2026-09-28":{"n":2,"frp":7.4},"2026-10-01":{"n":4,"frp":19.3}}}},{"type":"Feature","id":427,"geometry":{"type":"Polygon","coordinates":[[[131.80207,-22.2443],[131.80182,-22.24296],[131.80109,-22.24178],[131.79997,-22.24091],[131.7986,-22.24044],[131.79714,-22.24044],[131.79577,-22.24091],[131.79465,-22.24178],[131.79392,-22.24296],[131.79366,-22.2443],[131.79392,-22.24564],[131.79465,-22.24682],[131.79577,-22.24769],[131.79714,-22.24816],[131.7986,-22.24816],[131.79997,-22.24769],[131.80109,-22.24682],[131.80182,-22.24564],[131.80207,-22.2443]]]},"properties":{"fid":427,"n":3,"fre_gj":76.7,"fre_daily":{"2026-09-28":76.7},"overpasses":1,"frp_total":21.3,"frp_max":7.1,"frp_mean":7.1,"area_km2":0.58,"lat":-22.2443,"lon":131.7979,"first_seen":"2026-09-28","last_seen":"2026-09-28","duration_days":1,"status":"historic","trend":-1,"growth_ratio":0.0,"night_frac":0.0,"daily":{"2026-09-28":{"n":3,"frp":21.3}}}},{"type":"Feature","id":1168,"geometry":{"type":"Polygon","coordinates":[[[123.90914,-10.08525],[123.90886,-10.0837],[123.90807,-10.08234],[123.90686,-10.08133],[123.90537,-10.0808],[123.90378,-10.0808],[123.90229,-10.08133],[123.90108,-10.08234],[123.90029,-10.0837],[123.90001,-10.08525],[123.90029,-10.0868],[123.90108,-10.08816],[123.90229,-10.08917],[123.90378,-10.0897],[123.90537,-10.0897],[123.90686,-10.08917],[123.90807,-10.08816],[123.90886,-10.0868],[123.90914,-10.08525]]]},"properties":{"fid":1168,"n":4,"fre_gj":76.2,"fre_daily":{"2026-10-02":10.4,"2026-10-03":65.7},"overpasses":3,"frp_total":24.2,"frp_max":14.3,"frp_mean":6.04,"area_km2":0.77,"lat":-10.0853,"lon":123.9046,"first_seen":"2026-10-02","last_seen":"2026-10-03","duration_days":2,"status":"receding","trend":-1,"growth_ratio":0.0,"night_frac":0.0,"daily":{"2026-10-02":{"n":1,"frp":2.9},"2026-10-03":{"n":3,"frp":21.3}}}},{"type":"Feature","id":449,"geometry":{"type":"Polygon","coordinates":[[[134.5448,-12.2439],[134.5486,-12.2433],[134.5591,-12.2383],[134.5512,-12.236],[134.5448,-12.2439]]]},"properties":{"fid":449,"n":4,"fre_gj":76.0,"fre_daily":{"2026-09-28":76.0},"overpasses":1,"frp_total":21.1,"frp_max":5.7,"frp_mean":5.28,"area_km2":0.54,"lat":-12.2404,"lon":134.5509,"first_seen":"2026-09-28","last_seen":"2026-09-28","duration_days":1,"status":"historic","trend":-1,"growth_ratio":0.0,"night_frac":0.0,"daily":{"2026-09-28":{"n":4,"frp":21.1}}}},{"type":"Feature","id":759,"geometry":{"type":"Polygon","coordinates":[[[149.30095,-10.24497],[149.30071,-10.24363],[149.30003,-10.24245],[149.29898,-10.24158],[149.29769,-10.24111],[149.29631,-10.24111],[149.29502,-10.24158],[149.29397,-10.24245],[149.29329,-10.24363],[149.29305,-10.24497],[149.29329,-10.24631],[149.29397,-10.24748],[149.29502,-10.24836],[149.29631,-10.24882],[149.29769,-10.24882],[149.29898,-10.24836],[149.30003,-10.24748],[149.30071,-10.24631],[149.30095,-10.24497]]]},"properties":{"fid":759,"n":3,"fre_gj":76.0,"fre_daily":{"2026-09-29":59.4,"2026-10-04":16.6},"overpasses":2,"frp_total":21.1,"frp_max":8.9,"frp_mean":7.04,"area_km2":0.58,"lat":-10.245,"lon":149.297,"first_seen":"2026-09-29","last_seen":"2026-10-04","duration_days":2,"status":"active","trend":-1,"growth_ratio":0.5,"night_frac":0.0,"daily":{"2026-09-29":{"n":2,"frp":16.5},"2026-10-04":{"n":1,"frp":4.6}}}},{"type":"Feature","id":1232,"geometry":{"type":"Polygon","coordinates":[[[149.53925,-9.81403],[149.53901,-9.81269],[149.53832,-9.81152],[149.53727,-9.81064],[149.53599,-9.81018],[149.53461,-9.81018],[149.53333,-9.81064],[149.53228,-9.81152],[149.53159,-9.81269],[149.53135,-9.81403],[149.53159,-9.81537],[149.53228,-9.81655],[149.53333,-9.81742],[149.53461,-9.81789],[149.53599,-9.81789],[149.53727,-9.81742],[149.53832,-9.81655],[149.53901,-9.81537],[149.53925,-9.81403]]]},"properties":{"fid":1232,"n":3,"fre_gj":75.8,"fre_daily":{"2026-10-03":75.8},"overpasses":3,"frp_total":3.6,"frp_max":2.2,"frp_mean":1.19,"area_km2":0.58,"lat":-9.814,"lon":149.5353,"first_seen":"2026-10-03","last_seen":"2026-10-03","duration_days":1,"status":"receding","trend":-1,"growth_ratio":0.0,"night_frac":0.67,"daily":{"2026-10-03":{"n":3,"frp":3.6}}}},{"type":"Feature","id":87,"geometry":{"type":"Polygon","coordinates":[[[142.47943,-10.8531],[142.47912,-10.85137],[142.47824,-10.84985],[142.47688,-10.84872],[142.47521,-10.84812],[142.47343,-10.84812],[142.47176,-10.84872],[142.4704,-10.84985],[142.46952,-10.85137],[142.46921,-10.8531],[142.46952,-10.85483],[142.4704,-10.85635],[142.47176,-10.85748],[142.47343,-10.85808],[142.47521,-10.85808],[142.47688,-10.85748],[142.47824,-10.85635],[142.47912,-10.85483],[142.47943,-10.8531]]]},"properties":{"fid":87,"n":5,"fre_gj":75.5,"fre_daily":{"2026-09-28":75.5},"overpasses":2,"frp_total":26.2,"frp_max":12.8,"frp_mean":5.24,"area_km2":0.96,"lat":-10.8531,"lon":142.4743,"first_seen":"2026-09-28","last_seen":"2026-09-28","duration_days":1,"status":"historic","trend":-1,"growth_ratio":0.0,"night_frac":0.0,"daily":{"2026-09-28":{"n":5,"frp":26.2}}}},{"type":"Feature","id":304,"geometry":{"type":"Polygon","coordinates":[[[124.00624,-9.40893],[124.00601,-9.40759],[124.00532,-9.40642],[124.00427,-9.40554],[124.00298,-9.40508],[124.00162,-9.40508],[124.00033,-9.40554],[123.99928,-9.40642],[123.99859,-9.40759],[123.99836,-9.40893],[123.99859,-9.41027],[123.99928,-9.41145],[124.00033,-9.41232],[124.00162,-9.41279],[124.00298,-9.41279],[124.00427,-9.41232],[124.00532,-9.41145],[124.00601,-9.41027],[124.00624,-9.40893]]]},"properties":{"fid":304,"n":3,"fre_gj":75.1,"fre_daily":{"2026-09-28":75.1},"overpasses":3,"frp_total":21.4,"frp_max":8.5,"frp_mean":7.13,"area_km2":0.58,"lat":-9.4089,"lon":124.0023,"first_seen":"2026-09-28","last_seen":"2026-09-28","duration_days":1,"status":"historic","trend":-1,"growth_ratio":0.0,"night_frac":0.0,"daily":{"2026-09-28":{"n":3,"frp":21.4}}}},{"type":"Feature","id":622,"geometry":{"type":"Polygon","coordinates":[[[124.12221,-10.06029],[124.12184,-10.05824],[124.12079,-10.05644],[124.11919,-10.05511],[124.11722,-10.05439],[124.11512,-10.05439],[124.11315,-10.05511],[124.11155,-10.05644],[124.1105,-10.05824],[124.11014,-10.06029],[124.1105,-10.06233],[124.11155,-10.06413],[124.11315,-10.06547],[124.11512,-10.06618],[124.11722,-10.06618],[124.11919,-10.06547],[124.12079,-10.06413],[124.12184,-10.06233],[124.12221,-10.06029]]]},"properties":{"fid":622,"n":7,"fre_gj":74.9,"fre_daily":{"2026-09-29":42.8,"2026-10-03":32.1},"overpasses":5,"frp_total":30.4,"frp_max":6.8,"frp_mean":4.34,"area_km2":1.35,"lat":-10.0603,"lon":124.1162,"first_seen":"2026-09-29","last_seen":"2026-10-03","duration_days":2,"status":"receding","trend":-1,"growth_ratio":0.0,"night_frac":0.0,"daily":{"2026-09-29":{"n":4,"frp":19.2},"2026-10-03":{"n":3,"frp":11.2}}}},{"type":"Feature","id":433,"geometry":{"type":"Polygon","coordinates":[[[135.14817,-17.1546],[135.14793,-17.15326],[135.14722,-17.15208],[135.14614,-17.15121],[135.14481,-17.15074],[135.14339,-17.15074],[135.14206,-17.15121],[135.14098,-17.15208],[135.14027,-17.15326],[135.14003,-17.1546],[135.14027,-17.15594],[135.14098,-17.15712],[135.14206,-17.15799],[135.14339,-17.15846],[135.14481,-17.15846],[135.14614,-17.15799],[135.14722,-17.15712],[135.14793,-17.15594],[135.14817,-17.1546]]]},"properties":{"fid":433,"n":3,"fre_gj":74.6,"fre_daily":{"2026-09-28":74.6},"overpasses":2,"frp_total":31.9,"frp_max":15.9,"frp_mean":10.63,"area_km2":0.58,"lat":-17.1546,"lon":135.1441,"first_seen":"2026-09-28","last_seen":"2026-09-28","duration_days":1,"status":"historic","trend":-1,"growth_ratio":0.0,"night_frac":0.0,"daily":{"2026-09-28":{"n":3,"frp":31.9}}}},{"type":"Feature","id":730,"geometry":{"type":"Polygon","coordinates":[[[142.96467,-9.0029],[142.96443,-9.00156],[142.96375,-9.00038],[142.9627,-8.99951],[142.96142,-8.99904],[142.96005,-8.99904],[142.95876,-8.99951],[142.95772,-9.00038],[142.95703,-9.00156],[142.9568,-9.0029],[142.95703,-9.00424],[142.95772,-9.00542],[142.95876,-9.00629],[142.96005,-9.00676],[142.96142,-9.00676],[142.9627,-9.00629],[142.96375,-9.00542],[142.96443,-9.00424],[142.96467,-9.0029]]]},"properties":{"fid":730,"n":3,"fre_gj":74.4,"fre_daily":{"2026-09-29":74.4},"overpasses":3,"frp_total":18.5,"frp_max":6.3,"frp_mean":6.17,"area_km2":0.58,"lat":-9.0029,"lon":142.9607,"first_seen":"2026-09-29","last_seen":"2026-09-29","duration_days":1,"status":"historic","trend":-1,"growth_ratio":0.0,"night_frac":0.0,"daily":{"2026-09-29":{"n":3,"frp":18.5}}}},{"type":"Feature","id":779,"geometry":{"type":"Polygon","coordinates":[[[125.35754,-9.0282],[125.3573,-9.02686],[125.35662,-9.02568],[125.35557,-9.02481],[125.35428,-9.02434],[125.35292,-9.02434],[125.35163,-9.02481],[125.35058,-9.02568],[125.3499,-9.02686],[125.34966,-9.0282],[125.3499,-9.02954],[125.35058,-9.03072],[125.35163,-9.03159],[125.35292,-9.03206],[125.35428,-9.03206],[125.35557,-9.03159],[125.35662,-9.03072],[125.3573,-9.02954],[125.35754,-9.0282]]]},"properties":{"fid":779,"n":3,"fre_gj":74.2,"fre_daily":{"2026-09-29":21.2,"2026-10-02":52.9},"overpasses":2,"frp_total":20.6,"frp_max":7.5,"frp_mean":6.87,"area_km2":0.58,"lat":-9.0282,"lon":125.3536,"first_seen":"2026-09-29","last_seen":"2026-10-02","duration_days":2,"status":"historic","trend":-1,"growth_ratio":0.0,"night_frac":0.0,"daily":{"2026-09-29":{"n":1,"frp":5.9},"2026-10-02":{"n":2,"frp":14.7}}}},{"type":"Feature","id":462,"geometry":{"type":"Polygon","coordinates":[[[123.88403,-9.88635],[123.88376,-9.8848],[123.88297,-9.88344],[123.88175,-9.88243],[123.88027,-9.8819],[123.87868,-9.8819],[123.8772,-9.88243],[123.87598,-9.88344],[123.87519,-9.8848],[123.87492,-9.88635],[123.87519,-9.8879],[123.87598,-9.88926],[123.8772,-9.89027],[123.87868,-9.8908],[123.88027,-9.8908],[123.88175,-9.89027],[123.88297,-9.88926],[123.88376,-9.8879],[123.88403,-9.88635]]]},"properties":{"fid":462,"n":4,"fre_gj":73.5,"fre_daily":{"2026-09-28":20.5,"2026-09-30":53.0},"overpasses":3,"frp_total":24.1,"frp_max":9.1,"frp_mean":6.03,"area_km2":0.77,"lat":-9.8864,"lon":123.8795,"first_seen":"2026-09-28","last_seen":"2026-09-30","duration_days":2,"status":"historic","trend":-1,"growth_ratio":0.0,"night_frac":0.0,"daily":{"2026-09-28":{"n":1,"frp":5.7},"2026-09-30":{"n":3,"frp":18.4}}}},{"type":"Feature","id":544,"geometry":{"type":"Polygon","coordinates":[[[115.81525,-31.90667],[115.81497,-31.90533],[115.81418,-31.90415],[115.81296,-31.90328],[115.81146,-31.90281],[115.80987,-31.90281],[115.80838,-31.90328],[115.80716,-31.90415],[115.80636,-31.90533],[115.80608,-31.90667],[115.80636,-31.90801],[115.80716,-31.90918],[115.80838,-31.91006],[115.80987,-31.91052],[115.81146,-31.91052],[115.81296,-31.91006],[115.81418,-31.90918],[115.81497,-31.90801],[115.81525,-31.90667]]]},"properties":{"fid":544,"n":3,"fre_gj":73.3,"fre_daily":{"2026-09-28":19.4,"2026-10-03":53.8},"overpasses":2,"frp_total":20.4,"frp_max":8.0,"frp_mean":6.78,"area_km2":0.58,"lat":-31.9067,"lon":115.8107,"first_seen":"2026-09-28","last_seen":"2026-10-03","duration_days":2,"status":"receding","trend":-1,"growth_ratio":0.0,"night_frac":0.0,"daily":{"2026-09-28":{"n":1,"frp":5.4},"2026-10-03":{"n":2,"frp":14.9}}}},{"type":"Feature","id":776,"geometry":{"type":"Polygon","coordinates":[[[124.3173,-9.3042],[124.3183,-9.3173],[124.322,-9.3143],[124.3245,-9.31],[124.3179,-9.3024],[124.3173,-9.3042]]]},"properties":{"fid":776,"n":6,"fre_gj":73.3,"fre_daily":{"2026-09-29":7.2,"2026-09-30":49.0,"2026-10-03":17.0},"overpasses":5,"frp_total":25.8,"frp_max":12.2,"frp_mean":4.3,"area_km2":0.69,"lat":-9.3091,"lon":124.3198,"first_seen":"2026-09-29","last_seen":"2026-10-03","duration_days":3,"status":"receding","trend":-1,"growth_ratio":0.0,"night_frac":0.0,"daily":{"2026-09-29":{"n":1,"frp":2.0},"2026-09-30":{"n":4,"frp":19.1},"2026-10-03":{"n":1,"frp":4.7}}}},{"type":"Feature","id":1182,"geometry":{"type":"Polygon","coordinates":[[[145.33738,-42.14583],[145.33702,-42.14428],[145.33597,-42.14292],[145.33435,-42.14191],[145.33238,-42.14137],[145.33027,-42.14137],[145.3283,-42.14191],[145.32668,-42.14292],[145.32563,-42.14428],[145.32527,-42.14583],[145.32563,-42.14737],[145.32668,-42.14873],[145.3283,-42.14974],[145.33027,-42.15028],[145.33238,-42.15028],[145.33435,-42.14974],[145.33597,-42.14873],[145.33702,-42.14737],[145.33738,-42.14583]]]},"properties":{"fid":1182,"n":4,"fre_gj":73.2,"fre_daily":{"2026-10-03":73.2},"overpasses":3,"frp_total":22.8,"frp_max":9.2,"frp_mean":5.69,"area_km2":0.77,"lat":-42.1458,"lon":145.3313,"first_seen":"2026-10-03","last_seen":"2026-10-03","duration_days":1,"status":"receding","trend":-1,"growth_ratio":0.0,"night_frac":0.0,"daily":{"2026-10-03":{"n":4,"frp":22.8}}}},{"type":"Feature","id":1209,"geometry":{"type":"Polygon","coordinates":[[[141.05901,-9.0272],[141.05877,-9.02586],[141.05808,-9.02468],[141.05704,-9.02381],[141.05575,-9.02334],[141.05438,-9.02334],[141.0531,-9.02381],[141.05205,-9.02468],[141.05137,-9.02586],[141.05113,-9.0272],[141.05137,-9.02854],[141.05205,-9.02972],[141.0531,-9.03059],[141.05438,-9.03106],[141.05575,-9.03106],[141.05704,-9.03059],[141.05808,-9.02972],[141.05877,-9.02854],[141.05901,-9.0272]]]},"properties":{"fid":1209,"n":3,"fre_gj":73.2,"fre_daily":{"2026-10-03":73.2},"overpasses":2,"frp_total":21.2,"frp_max":7.7,"frp_mean":7.07,"area_km2":0.58,"lat":-9.0272,"lon":141.0551,"first_seen":"2026-10-03","last_seen":"2026-10-03","duration_days":1,"status":"receding","trend":-1,"growth_ratio":0.0,"night_frac":0.0,"daily":{"2026-10-03":{"n":3,"frp":21.2}}}},{"type":"Feature","id":524,"geometry":{"type":"Polygon","coordinates":[[[141.9222,-9.11135],[141.92192,-9.1098],[141.92113,-9.10844],[141.91992,-9.10743],[141.91844,-9.1069],[141.91686,-9.1069],[141.91538,-9.10743],[141.91417,-9.10844],[141.91338,-9.1098],[141.9131,-9.11135],[141.91338,-9.1129],[141.91417,-9.11426],[141.91538,-9.11527],[141.91686,-9.1158],[141.91844,-9.1158],[141.91992,-9.11527],[141.92113,-9.11426],[141.92192,-9.1129],[141.9222,-9.11135]]]},"properties":{"fid":524,"n":4,"fre_gj":72.9,"fre_daily":{"2026-09-28":13.0,"2026-09-29":60.0},"overpasses":4,"frp_total":28.7,"frp_max":11.7,"frp_mean":7.17,"area_km2":0.77,"lat":-9.1113,"lon":141.9177,"first_seen":"2026-09-28","last_seen":"2026-09-29","duration_days":2,"status":"historic","trend":-1,"growth_ratio":0.0,"night_frac":0.0,"daily":{"2026-09-28":{"n":1,"frp":3.6},"2026-09-29":{"n":3,"frp":25.1}}}},{"type":"Feature","id":1204,"geometry":{"type":"Polygon","coordinates":[[[150.30628,-9.2914],[150.306,-9.28985],[150.30521,-9.28849],[150.304,-9.28748],[150.30252,-9.28695],[150.30093,-9.28695],[150.29945,-9.28748],[150.29824,-9.28849],[150.29745,-9.28985],[150.29717,-9.2914],[150.29745,-9.29295],[150.29824,-9.29431],[150.29945,-9.29532],[150.30093,-9.29585],[150.30252,-9.29585],[150.304,-9.29532],[150.30521,-9.29431],[150.306,-9.29295],[150.30628,-9.2914]]]},"properties":{"fid":1204,"n":4,"fre_gj":72.1,"fre_daily":{"2026-10-03":72.1},"overpasses":2,"frp_total":22.9,"frp_max":10.4,"frp_mean":5.72,"area_km2":0.77,"lat":-9.2914,"lon":150.3017,"first_seen":"2026-10-03","last_seen":"2026-10-03","duration_days":1,"status":"receding","trend":-1,"growth_ratio":0.0,"night_frac":0.0,"daily":{"2026-10-03":{"n":4,"frp":22.9}}}},{"type":"Feature","id":435,"geometry":{"type":"Polygon","coordinates":[[[135.1839,-17.1316],[135.2012,-17.1396],[135.2006,-17.1362],[135.1962,-17.1333],[135.1839,-17.1316]]]},"properties":{"fid":435,"n":5,"fre_gj":72.0,"fre_daily":{"2026-09-28":72.0},"overpasses":1,"frp_total":20.0,"frp_max":6.0,"frp_mean":4.0,"area_km2":0.48,"lat":-17.1355,"lon":135.1957,"first_seen":"2026-09-28","last_seen":"2026-09-28","duration_days":1,"status":"historic","trend":-1,"growth_ratio":0.0,"night_frac":0.0,"daily":{"2026-09-28":{"n":5,"frp":20.0}}}},{"type":"Feature","id":928,"geometry":{"type":"Polygon","coordinates":[[[147.21325,-42.2669],[147.2128,-42.26501],[147.21151,-42.26334],[147.20953,-42.2621],[147.20711,-42.26145],[147.20453,-42.26145],[147.2021,-42.2621],[147.20012,-42.26334],[147.19883,-42.26501],[147.19838,-42.2669],[147.19883,-42.26879],[147.20012,-42.27046],[147.2021,-42.2717],[147.20453,-42.27235],[147.20711,-42.27235],[147.20953,-42.2717],[147.21151,-42.27046],[147.2128,-42.26879],[147.21325,-42.2669]]]},"properties":{"fid":928,"n":6,"fre_gj":72.0,"fre_daily":{"2026-09-30":2.9,"2026-10-02":69.1},"overpasses":4,"frp_total":31.3,"frp_max":9.9,"frp_mean":5.22,"area_km2":1.15,"lat":-42.2669,"lon":147.2058,"first_seen":"2026-09-30","last_seen":"2026-10-02","duration_days":2,"status":"historic","trend":-1,"growth_ratio":0.0,"night_frac":0.17,"daily":{"2026-09-30":{"n":1,"frp":0.8},"2026-10-02":{"n":5,"frp":30.5}}}},{"type":"Feature","id":950,"geometry":{"type":"Polygon","coordinates":[[[149.8227,-9.9782],[149.8293,-9.9943],[149.8318,-9.9968],[149.8317,-9.9942],[149.8268,-9.9815],[149.8227,-9.9782]]]},"properties":{"fid":950,"n":7,"fre_gj":71.9,"fre_daily":{"2026-10-01":58.3,"2026-10-03":13.5},"overpasses":4,"frp_total":21.5,"frp_max":9.5,"frp_mean":3.07,"area_km2":0.49,"lat":-9.9906,"lon":149.8292,"first_seen":"2026-10-01","last_seen":"2026-10-03","duration_days":2,"status":"receding","trend":-1,"growth_ratio":0.0,"night_frac":0.71,"daily":{"2026-10-01":{"n":2,"frp":16.2},"2026-10-03":{"n":5,"frp":5.3}}}},{"type":"Feature","id":773,"geometry":{"type":"Polygon","coordinates":[[[124.47271,-9.65457],[124.47247,-9.65323],[124.47179,-9.65205],[124.47074,-9.65118],[124.46945,-9.65071],[124.46808,-9.65071],[124.46679,-9.65118],[124.46574,-9.65205],[124.46506,-9.65323],[124.46482,-9.65457],[124.46506,-9.65591],[124.46574,-9.65708],[124.46679,-9.65796],[124.46808,-9.65842],[124.46945,-9.65842],[124.47074,-9.65796],[124.47179,-9.65708],[124.47247,-9.65591],[124.47271,-9.65457]]]},"properties":{"fid":773,"n":3,"fre_gj":71.5,"fre_daily":{"2026-09-29":27.7,"2026-09-30":43.8},"overpasses":3,"frp_total":22.9,"frp_max":8.9,"frp_mean":7.63,"area_km2":0.58,"lat":-9.6546,"lon":124.4688,"first_seen":"2026-09-29","last_seen":"2026-09-30","duration_days":2,"status":"historic","trend":-1,"growth_ratio":0.0,"night_frac":0.0,"daily":{"2026-09-29":{"n":1,"frp":7.7},"2026-09-30":{"n":2,"frp":15.2}}}},{"type":"Feature","id":644,"geometry":{"type":"Polygon","coordinates":[[[124.9037,-9.3265],[124.9167,-9.3019],[124.9044,-9.314],[124.9037,-9.3265]]]},"properties":{"fid":644,"n":4,"fre_gj":71.3,"fre_daily":{"2026-09-29":50.8,"2026-10-01":20.5},"overpasses":3,"frp_total":22.8,"frp_max":14.0,"frp_mean":5.7,"area_km2":0.88,"lat":-9.3133,"lon":124.9082,"first_seen":"2026-09-29","last_seen":"2026-10-01","duration_days":2,"status":"historic","trend":-1,"growth_ratio":0.0,"night_frac":0.0,"daily":{"2026-09-29":{"n":2,"frp":17.1},"2026-10-01":{"n":2,"frp":5.7}}}},{"type":"Feature","id":778,"geometry":{"type":"Polygon","coordinates":[[[124.93161,-9.26403],[124.93137,-9.26269],[124.93069,-9.26152],[124.92964,-9.26064],[124.92835,-9.26018],[124.92698,-9.26018],[124.9257,-9.26064],[124.92465,-9.26152],[124.92396,-9.26269],[124.92373,-9.26403],[124.92396,-9.26537],[124.92465,-9.26655],[124.9257,-9.26742],[124.92698,-9.26789],[124.92835,-9.26789],[124.92964,-9.26742],[124.93069,-9.26655],[124.93137,-9.26537],[124.93161,-9.26403]]]},"properties":{"fid":778,"n":3,"fre_gj":70.7,"fre_daily":{"2026-09-29":51.1,"2026-10-03":19.5},"overpasses":2,"frp_total":19.6,"frp_max":8.3,"frp_mean":6.54,"area_km2":0.58,"lat":-9.264,"lon":124.9277,"first_seen":"2026-09-29","last_seen":"2026-10-03","duration_days":2,"status":"receding","trend":-1,"growth_ratio":0.0,"night_frac":0.0,"daily":{"2026-09-29":{"n":2,"frp":14.2},"2026-10-03":{"n":1,"frp":5.4}}}},{"type":"Feature","id":842,"geometry":{"type":"Polygon","coordinates":[[[120.32748,-9.84435],[120.32721,-9.8428],[120.32642,-9.84144],[120.3252,-9.84043],[120.32372,-9.8399],[120.32213,-9.8399],[120.32065,-9.84043],[120.31943,-9.84144],[120.31864,-9.8428],[120.31837,-9.84435],[120.31864,-9.8459],[120.31943,-9.84726],[120.32065,-9.84827],[120.32213,-9.8488],[120.32372,-9.8488],[120.3252,-9.84827],[120.32642,-9.84726],[120.32721,-9.8459],[120.32748,-9.84435]]]},"properties":{"fid":842,"n":4,"fre_gj":70.3,"fre_daily":{"2026-09-30":70.3},"overpasses":3,"frp_total":26.5,"frp_max":8.9,"frp_mean":6.62,"area_km2":0.77,"lat":-9.8444,"lon":120.3229,"first_seen":"2026-09-30","last_seen":"2026-09-30","duration_days":1,"status":"historic","trend":-1,"growth_ratio":0.0,"night_frac":0.0,"daily":{"2026-09-30":{"n":4,"frp":26.5}}}},{"type":"Feature","id":163,"geometry":{"type":"Polygon","coordinates":[[[148.6002,-9.1625],[148.6007,-9.1658],[148.6136,-9.1624],[148.6002,-9.1625]]]},"properties":{"fid":163,"n":3,"fre_gj":69.8,"fre_daily":{"2026-09-28":47.5,"2026-09-30":22.3},"overpasses":2,"frp_total":19.4,"frp_max":10.3,"frp_mean":6.47,"area_km2":0.27,"lat":-9.1636,"lon":148.6048,"first_seen":"2026-09-28","last_seen":"2026-09-30","duration_days":2,"status":"historic","trend":-1,"growth_ratio":0.0,"night_frac":0.0,"daily":{"2026-09-28":{"n":2,"frp":13.2},"2026-09-30":{"n":1,"frp":6.2}}}},{"type":"Feature","id":714,"geometry":{"type":"Polygon","coordinates":[[[147.66031,-9.70342],[147.66003,-9.70188],[147.65924,-9.70052],[147.65803,-9.69951],[147.65654,-9.69897],[147.65496,-9.69897],[147.65347,-9.69951],[147.65226,-9.70052],[147.65147,-9.70188],[147.65119,-9.70342],[147.65147,-9.70497],[147.65226,-9.70633],[147.65347,-9.70734],[147.65496,-9.70788],[147.65654,-9.70788],[147.65803,-9.70734],[147.65924,-9.70633],[147.66003,-9.70497],[147.66031,-9.70342]]]},"properties":{"fid":714,"n":4,"fre_gj":69.8,"fre_daily":{"2026-09-29":22.0,"2026-10-02":47.8},"overpasses":3,"frp_total":22.7,"frp_max":8.5,"frp_mean":5.67,"area_km2":0.77,"lat":-9.7034,"lon":147.6558,"first_seen":"2026-09-29","last_seen":"2026-10-02","duration_days":2,"status":"historic","trend":-1,"growth_ratio":0.0,"night_frac":0.0,"daily":{"2026-09-29":{"n":1,"frp":6.1},"2026-10-02":{"n":3,"frp":16.6}}}},{"type":"Feature","id":1130,"geometry":{"type":"Polygon","coordinates":[[[128.70179,-15.69843],[128.70151,-15.69688],[128.7007,-15.69552],[128.69946,-15.69451],[128.69794,-15.69397],[128.69631,-15.69397],[128.69479,-15.69451],[128.69355,-15.69552],[128.69274,-15.69688],[128.69246,-15.69843],[128.69274,-15.69997],[128.69355,-15.70133],[128.69479,-15.70234],[128.69631,-15.70288],[128.69794,-15.70288],[128.69946,-15.70234],[128.7007,-15.70133],[128.70151,-15.69997],[128.70179,-15.69843]]]},"properties":{"fid":1130,"n":4,"fre_gj":69.8,"fre_daily":{"2026-10-02":69.8},"overpasses":4,"frp_total":6.3,"frp_max":2.4,"frp_mean":1.57,"area_km2":0.77,"lat":-15.6984,"lon":128.6971,"first_seen":"2026-10-02","last_seen":"2026-10-02","duration_days":1,"status":"historic","trend":-1,"growth_ratio":0.0,"night_frac":0.75,"daily":{"2026-10-02":{"n":4,"frp":6.3}}}},{"type":"Feature","id":775,"geometry":{"type":"Polygon","coordinates":[[[124.3041,-9.43897],[124.30383,-9.43743],[124.30304,-9.43607],[124.30183,-9.43506],[124.30034,-9.43452],[124.29876,-9.43452],[124.29727,-9.43506],[124.29606,-9.43607],[124.29527,-9.43743],[124.295,-9.43897],[124.29527,-9.44052],[124.29606,-9.44188],[124.29727,-9.44289],[124.29876,-9.44343],[124.30034,-9.44343],[124.30183,-9.44289],[124.30304,-9.44188],[124.30383,-9.44052],[124.3041,-9.43897]]]},"properties":{"fid":775,"n":4,"fre_gj":69.5,"fre_daily":{"2026-09-29":14.0,"2026-09-30":55.4},"overpasses":3,"frp_total":27.0,"frp_max":10.1,"frp_mean":6.75,"area_km2":0.77,"lat":-9.439,"lon":124.2996,"first_seen":"2026-09-29","last_seen":"2026-09-30","duration_days":2,"status":"historic","trend":-1,"growth_ratio":0.0,"night_frac":0.0,"daily":{"2026-09-29":{"n":1,"frp":3.9},"2026-09-30":{"n":3,"frp":23.1}}}},{"type":"Feature","id":491,"geometry":{"type":"Polygon","coordinates":[[[141.3229,-37.49343],[141.32261,-37.49209],[141.32176,-37.49092],[141.32045,-37.49004],[141.31885,-37.48958],[141.31715,-37.48958],[141.31555,-37.49004],[141.31424,-37.49092],[141.31339,-37.49209],[141.3131,-37.49343],[141.31339,-37.49477],[141.31424,-37.49595],[141.31555,-37.49682],[141.31715,-37.49729],[141.31885,-37.49729],[141.32045,-37.49682],[141.32176,-37.49595],[141.32261,-37.49477],[141.3229,-37.49343]]]},"properties":{"fid":491,"n":3,"fre_gj":69.2,"fre_daily":{"2026-09-28":69.2},"overpasses":3,"frp_total":3.6,"frp_max":2.4,"frp_mean":1.2,"area_km2":0.58,"lat":-37.4934,"lon":141.318,"first_seen":"2026-09-28","last_seen":"2026-09-28","duration_days":1,"status":"historic","trend":-1,"growth_ratio":0.0,"night_frac":0.67,"daily":{"2026-09-28":{"n":3,"frp":3.6}}}},{"type":"Feature","id":764,"geometry":{"type":"Polygon","coordinates":[[[147.0305,-9.1725],[147.0356,-9.173],[147.0362,-9.1587],[147.0331,-9.165],[147.0305,-9.1725]]]},"properties":{"fid":764,"n":4,"fre_gj":69.2,"fre_daily":{"2026-09-29":26.3,"2026-09-30":32.4,"2026-10-03":10.5},"overpasses":3,"frp_total":19.2,"frp_max":7.3,"frp_mean":4.81,"area_km2":0.49,"lat":-9.1673,"lon":147.0339,"first_seen":"2026-09-29","last_seen":"2026-10-03","duration_days":3,"status":"receding","trend":-1,"growth_ratio":0.0,"night_frac":0.0,"daily":{"2026-09-29":{"n":1,"frp":7.3},"2026-09-30":{"n":2,"frp":9.0},"2026-10-03":{"n":1,"frp":2.9}}}},{"type":"Feature","id":926,"geometry":{"type":"Polygon","coordinates":[[[151.79503,-28.93945],[151.79472,-28.9379],[151.79383,-28.93654],[151.79247,-28.93553],[151.79079,-28.935],[151.78901,-28.935],[151.78733,-28.93553],[151.78597,-28.93654],[151.78508,-28.9379],[151.78477,-28.93945],[151.78508,-28.941],[151.78597,-28.94236],[151.78733,-28.94337],[151.78901,-28.9439],[151.79079,-28.9439],[151.79247,-28.94337],[151.79383,-28.94236],[151.79472,-28.941],[151.79503,-28.93945]]]},"properties":{"fid":926,"n":4,"fre_gj":69.1,"fre_daily":{"2026-09-30":2.2,"2026-10-01":66.9},"overpasses":4,"frp_total":17.3,"frp_max":8.4,"frp_mean":4.33,"area_km2":0.77,"lat":-28.9395,"lon":151.7899,"first_seen":"2026-09-30","last_seen":"2026-10-01","duration_days":2,"status":"historic","trend":-1,"growth_ratio":0.0,"night_frac":0.25,"daily":{"2026-09-30":{"n":1,"frp":0.6},"2026-10-01":{"n":3,"frp":16.7}}}},{"type":"Feature","id":996,"geometry":{"type":"Polygon","coordinates":[[[120.57711,-9.87312],[120.57683,-9.87158],[120.57604,-9.87022],[120.57483,-9.86921],[120.57334,-9.86867],[120.57176,-9.86867],[120.57027,-9.86921],[120.56906,-9.87022],[120.56827,-9.87158],[120.56799,-9.87312],[120.56827,-9.87467],[120.56906,-9.87603],[120.57027,-9.87704],[120.57176,-9.87758],[120.57334,-9.87758],[120.57483,-9.87704],[120.57604,-9.87603],[120.57683,-9.87467],[120.57711,-9.87312]]]},"properties":{"fid":996,"n":4,"fre_gj":68.9,"fre_daily":{"2026-10-01":22.6,"2026-10-02":46.3},"overpasses":4,"frp_total":22.1,"frp_max":9.4,"frp_mean":5.53,"area_km2":0.77,"lat":-9.8731,"lon":120.5726,"first_seen":"2026-10-01","last_seen":"2026-10-02","duration_days":2,"status":"historic","trend":-1,"growth_ratio":0.0,"night_frac":0.0,"daily":{"2026-10-01":{"n":2,"frp":7.4},"2026-10-02":{"n":2,"frp":14.7}}}},{"type":"Feature","id":416,"geometry":{"type":"Polygon","coordinates":[[[143.36631,-37.6449],[143.36602,-37.64356],[143.36516,-37.64238],[143.36386,-37.64151],[143.36225,-37.64104],[143.36055,-37.64104],[143.35894,-37.64151],[143.35764,-37.64238],[143.35678,-37.64356],[143.35649,-37.6449],[143.35678,-37.64624],[143.35764,-37.64742],[143.35894,-37.64829],[143.36055,-37.64876],[143.36225,-37.64876],[143.36386,-37.64829],[143.36516,-37.64742],[143.36602,-37.64624],[143.36631,-37.6449]]]},"properties":{"fid":416,"n":3,"fre_gj":68.4,"fre_daily":{"2026-09-28":68.4},"overpasses":2,"frp_total":29.6,"frp_max":13.6,"frp_mean":9.87,"area_km2":0.58,"lat":-37.6449,"lon":143.3614,"first_seen":"2026-09-28","last_seen":"2026-09-28","duration_days":1,"status":"historic","trend":-1,"growth_ratio":0.0,"night_frac":0.0,"daily":{"2026-09-28":{"n":3,"frp":29.6}}}},{"type":"Feature","id":580,"geometry":{"type":"Polygon","coordinates":[[[147.7579,-10.028],[147.758,-10.0306],[147.7671,-10.0402],[147.7615,-10.0274],[147.7579,-10.028]]]},"properties":{"fid":580,"n":8,"fre_gj":68.2,"fre_daily":{"2026-09-29":68.2},"overpasses":3,"frp_total":30.2,"frp_max":5.5,"frp_mean":3.77,"area_km2":0.44,"lat":-10.0303,"lon":147.7601,"first_seen":"2026-09-29","last_seen":"2026-09-29","duration_days":1,"status":"historic","trend":-1,"growth_ratio":0.0,"night_frac":0.0,"daily":{"2026-09-29":{"n":8,"frp":30.2}}}},{"type":"Feature","id":439,"geometry":{"type":"Polygon","coordinates":[[[135.72455,-14.25627],[135.7243,-14.25493],[135.72361,-14.25375],[135.72254,-14.25288],[135.72123,-14.25241],[135.71984,-14.25241],[135.71853,-14.25288],[135.71746,-14.25375],[135.71676,-14.25493],[135.71652,-14.25627],[135.71676,-14.25761],[135.71746,-14.25878],[135.71853,-14.25966],[135.71984,-14.26012],[135.72123,-14.26012],[135.72254,-14.25966],[135.72361,-14.25878],[135.7243,-14.25761],[135.72455,-14.25627]]]},"properties":{"fid":439,"n":3,"fre_gj":68.0,"fre_daily":{"2026-09-28":29.9,"2026-09-30":38.2},"overpasses":2,"frp_total":18.9,"frp_max":8.3,"frp_mean":6.3,"area_km2":0.58,"lat":-14.2563,"lon":135.7205,"first_seen":"2026-09-28","last_seen":"2026-09-30","duration_days":2,"status":"historic","trend":-1,"growth_ratio":0.0,"night_frac":0.0,"daily":{"2026-09-28":{"n":1,"frp":8.3},"2026-09-30":{"n":2,"frp":10.6}}}},{"type":"Feature","id":997,"geometry":{"type":"Polygon","coordinates":[[[120.14278,-9.8367],[120.14251,-9.83515],[120.14172,-9.83379],[120.1405,-9.83278],[120.13902,-9.83225],[120.13743,-9.83225],[120.13595,-9.83278],[120.13473,-9.83379],[120.13394,-9.83515],[120.13367,-9.8367],[120.13394,-9.83825],[120.13473,-9.83961],[120.13595,-9.84062],[120.13743,-9.84115],[120.13902,-9.84115],[120.1405,-9.84062],[120.14172,-9.83961],[120.14251,-9.83825],[120.14278,-9.8367]]]},"properties":{"fid":997,"n":4,"fre_gj":67.6,"fre_daily":{"2026-10-01":67.6},"overpasses":2,"frp_total":22.1,"frp_max":12.2,"frp_mean":5.53,"area_km2":0.77,"lat":-9.8367,"lon":120.1382,"first_seen":"2026-10-01","last_seen":"2026-10-01","duration_days":1,"status":"historic","trend":-1,"growth_ratio":0.0,"night_frac":0.0,"daily":{"2026-10-01":{"n":4,"frp":22.1}}}},{"type":"Feature","id":845,"geometry":{"type":"Polygon","coordinates":[[[124.3956,-9.3619],[124.3968,-9.3717],[124.408,-9.3674],[124.4065,-9.3666],[124.3956,-9.3619]]]},"properties":{"fid":845,"n":4,"fre_gj":67.4,"fre_daily":{"2026-09-30":22.2,"2026-10-01":28.1,"2026-10-03":17.2},"overpasses":4,"frp_total":20.3,"frp_max":7.8,"frp_mean":5.07,"area_km2":0.71,"lat":-9.3669,"lon":124.4017,"first_seen":"2026-09-30","last_seen":"2026-10-03","duration_days":3,"status":"receding","trend":-1,"growth_ratio":0.0,"night_frac":0.0,"daily":{"2026-09-30":{"n":2,"frp":7.7},"2026-10-01":{"n":1,"frp":7.8},"2026-10-03":{"n":1,"frp":4.8}}}},{"type":"Feature","id":281,"geometry":{"type":"Polygon","coordinates":[[[120.5658,-9.9727],[120.5673,-9.9832],[120.5829,-9.9881],[120.5658,-9.9727]]]},"properties":{"fid":281,"n":5,"fre_gj":67.3,"fre_daily":{"2026-09-28":11.2,"2026-09-30":23.4,"2026-10-01":5.8,"2026-10-02":12.6,"2026-10-03":14.4},"overpasses":5,"frp_total":18.7,"frp_max":6.5,"frp_mean":3.74,"area_km2":0.95,"lat":-9.9822,"lon":120.5723,"first_seen":"2026-09-28","last_seen":"2026-10-03","duration_days":5,"status":"receding","trend":-1,"growth_ratio":0.0,"night_frac":0.0,"daily":{"2026-09-28":{"n":1,"frp":3.1},"2026-09-30":{"n":1,"frp":6.5},"2026-10-01":{"n":1,"frp":1.6},"2026-10-02":{"n":1,"frp":3.5},"2026-10-03":{"n":1,"frp":4.0}}}},{"type":"Feature","id":464,"geometry":{"type":"Polygon","coordinates":[[[147.5102,-9.3005],[147.5221,-9.3032],[147.5211,-9.3019],[147.5126,-9.2973],[147.5102,-9.3005]]]},"properties":{"fid":464,"n":4,"fre_gj":67.2,"fre_daily":{"2026-09-28":67.2},"overpasses":2,"frp_total":28.0,"frp_max":9.7,"frp_mean":7.0,"area_km2":0.31,"lat":-9.3007,"lon":147.5165,"first_seen":"2026-09-28","last_seen":"2026-09-28","duration_days":1,"status":"historic","trend":-1,"growth_ratio":0.0,"night_frac":0.0,"daily":{"2026-09-28":{"n":4,"frp":28.0}}}},{"type":"Feature","id":1051,"geometry":{"type":"Polygon","coordinates":[[[148.92101,-9.35373],[148.92077,-9.35239],[148.92009,-9.35122],[148.91904,-9.35034],[148.91775,-9.34988],[148.91638,-9.34988],[148.9151,-9.35034],[148.91405,-9.35122],[148.91336,-9.35239],[148.91312,-9.35373],[148.91336,-9.35507],[148.91405,-9.35625],[148.9151,-9.35712],[148.91638,-9.35759],[148.91775,-9.35759],[148.91904,-9.35712],[148.92009,-9.35625],[148.92077,-9.35507],[148.92101,-9.35373]]]},"properties":{"fid":1051,"n":3,"fre_gj":67.1,"fre_daily":{"2026-10-01":34.2,"2026-10-02":23.4,"2026-10-03":9.5},"overpasses":3,"frp_total":18.6,"frp_max":9.5,"frp_mean":6.21,"area_km2":0.58,"lat":-9.3537,"lon":148.9171,"first_seen":"2026-10-01","last_seen":"2026-10-03","duration_days":3,"status":"receding","trend":-1,"growth_ratio":0.0,"night_frac":0.0,"daily":{"2026-10-01":{"n":1,"frp":9.5},"2026-10-02":{"n":1,"frp":6.5},"2026-10-03":{"n":1,"frp":2.6}}}},{"type":"Feature","id":637,"geometry":{"type":"Polygon","coordinates":[[[124.4897,-9.4432],[124.4953,-9.4584],[124.4928,-9.4413],[124.4921,-9.4397],[124.4919,-9.4393],[124.4897,-9.4432]]]},"properties":{"fid":637,"n":7,"fre_gj":67.0,"fre_daily":{"2026-09-29":44.0,"2026-10-01":11.5,"2026-10-03":11.5},"overpasses":4,"frp_total":21.2,"frp_max":4.0,"frp_mean":3.03,"area_km2":0.4,"lat":-9.4468,"lon":124.4929,"first_seen":"2026-09-29","last_seen":"2026-10-03","duration_days":3,"status":"receding","trend":-1,"growth_ratio":0.0,"night_frac":0.0,"daily":{"2026-09-29":{"n":4,"frp":14.8},"2026-10-01":{"n":2,"frp":3.2},"2026-10-03":{"n":1,"frp":3.2}}}},{"type":"Feature","id":187,"geometry":{"type":"Polygon","coordinates":[[[145.89878,-41.54475],[145.89841,-41.5432],[145.89737,-41.54184],[145.89578,-41.54083],[145.89382,-41.5403],[145.89173,-41.5403],[145.88977,-41.54083],[145.88818,-41.54184],[145.88714,-41.5432],[145.88677,-41.54475],[145.88714,-41.5463],[145.88818,-41.54766],[145.88977,-41.54867],[145.89173,-41.5492],[145.89382,-41.5492],[145.89578,-41.54867],[145.89737,-41.54766],[145.89841,-41.5463],[145.89878,-41.54475]]]},"properties":{"fid":187,"n":4,"fre_gj":66.8,"fre_daily":{"2026-09-28":66.8},"overpasses":3,"frp_total":25.1,"frp_max":7.4,"frp_mean":6.28,"area_km2":0.77,"lat":-41.5448,"lon":145.8928,"first_seen":"2026-09-28","last_seen":"2026-09-28","duration_days":1,"status":"historic","trend":-1,"growth_ratio":0.0,"night_frac":0.0,"daily":{"2026-09-28":{"n":4,"frp":25.1}}}},{"type":"Feature","id":1023,"geometry":{"type":"Polygon","coordinates":[[[132.05205,-22.14115],[132.05176,-22.1396],[132.05091,-22.13824],[132.04962,-22.13723],[132.04804,-22.1367],[132.04636,-22.1367],[132.04478,-22.13723],[132.04349,-22.13824],[132.04264,-22.1396],[132.04235,-22.14115],[132.04264,-22.1427],[132.04349,-22.14406],[132.04478,-22.14507],[132.04636,-22.1456],[132.04804,-22.1456],[132.04962,-22.14507],[132.05091,-22.14406],[132.05176,-22.1427],[132.05205,-22.14115]]]},"properties":{"fid":1023,"n":4,"fre_gj":66.7,"fre_daily":{"2026-10-01":66.7},"overpasses":2,"frp_total":19.0,"frp_max":7.3,"frp_mean":4.75,"area_km2":0.77,"lat":-22.1411,"lon":132.0472,"first_seen":"2026-10-01","last_seen":"2026-10-01","duration_days":1,"status":"historic","trend":-1,"growth_ratio":0.0,"night_frac":1.0,"daily":{"2026-10-01":{"n":4,"frp":19.0}}}},{"type":"Feature","id":307,"geometry":{"type":"Polygon","coordinates":[[[124.4206,-9.3796],[124.44,-9.3766],[124.4323,-9.3763],[124.4216,-9.378],[124.4206,-9.3796]]]},"properties":{"fid":307,"n":4,"fre_gj":66.3,"fre_daily":{"2026-09-28":19.4,"2026-09-30":31.4,"2026-10-01":15.5},"overpasses":4,"frp_total":20.6,"frp_max":6.2,"frp_mean":5.15,"area_km2":0.27,"lat":-9.3776,"lon":124.4286,"first_seen":"2026-09-28","last_seen":"2026-10-01","duration_days":3,"status":"historic","trend":-1,"growth_ratio":0.0,"night_frac":0.0,"daily":{"2026-09-28":{"n":1,"frp":5.4},"2026-09-30":{"n":2,"frp":10.9},"2026-10-01":{"n":1,"frp":4.3}}}},{"type":"Feature","id":980,"geometry":{"type":"Polygon","coordinates":[[[149.68136,-9.71307],[149.68108,-9.71153],[149.68029,-9.71017],[149.67908,-9.70916],[149.67759,-9.70862],[149.67601,-9.70862],[149.67452,-9.70916],[149.67331,-9.71017],[149.67252,-9.71153],[149.67224,-9.71307],[149.67252,-9.71462],[149.67331,-9.71598],[149.67452,-9.71699],[149.67601,-9.71753],[149.67759,-9.71753],[149.67908,-9.71699],[149.68029,-9.71598],[149.68108,-9.71462],[149.68136,-9.71307]]]},"properties":{"fid":980,"n":4,"fre_gj":66.3,"fre_daily":{"2026-10-01":48.2,"2026-10-03":18.1},"overpasses":3,"frp_total":20.6,"frp_max":8.2,"frp_mean":5.15,"area_km2":0.77,"lat":-9.7131,"lon":149.6768,"first_seen":"2026-10-01","last_seen":"2026-10-03","duration_days":2,"status":"receding","trend":-1,"growth_ratio":0.0,"night_frac":0.0,"daily":{"2026-10-01":{"n":3,"frp":15.6},"2026-10-03":{"n":1,"frp":5.0}}}},{"type":"Feature","id":592,"geometry":{"type":"Polygon","coordinates":[[[147.3946,-9.3895],[147.3952,-9.3936],[147.4046,-9.3952],[147.4085,-9.3946],[147.3946,-9.3895]]]},"properties":{"fid":592,"n":4,"fre_gj":66.2,"fre_daily":{"2026-09-29":28.8,"2026-10-01":37.4},"overpasses":2,"frp_total":18.4,"frp_max":6.4,"frp_mean":4.6,"area_km2":0.4,"lat":-9.3932,"lon":147.4007,"first_seen":"2026-09-29","last_seen":"2026-10-01","duration_days":2,"status":"historic","trend":-1,"growth_ratio":0.0,"night_frac":0.0,"daily":{"2026-09-29":{"n":2,"frp":8.0},"2026-10-01":{"n":2,"frp":10.4}}}},{"type":"Feature","id":562,"geometry":{"type":"Polygon","coordinates":[[[146.65284,-36.36688],[146.65246,-36.36515],[146.65138,-36.36363],[146.64972,-36.3625],[146.64768,-36.3619],[146.64552,-36.3619],[146.64348,-36.3625],[146.64182,-36.36363],[146.64074,-36.36515],[146.64036,-36.36688],[146.64074,-36.36861],[146.64182,-36.37013],[146.64348,-36.37126],[146.64552,-36.37186],[146.64768,-36.37186],[146.64972,-36.37126],[146.65138,-36.37013],[146.65246,-36.36861],[146.65284,-36.36688]]]},"properties":{"fid":562,"n":5,"fre_gj":66.1,"fre_daily":{"2026-09-29":48.8,"2026-09-30":17.3},"overpasses":4,"frp_total":25.2,"frp_max":8.7,"frp_mean":5.04,"area_km2":0.96,"lat":-36.3669,"lon":146.6466,"first_seen":"2026-09-29","last_seen":"2026-09-30","duration_days":2,"status":"historic","trend":-1,"growth_ratio":0.0,"night_frac":0.0,"daily":{"2026-09-29":{"n":4,"frp":20.4},"2026-09-30":{"n":1,"frp":4.8}}}},{"type":"Feature","id":308,"geometry":{"type":"Polygon","coordinates":[[[124.7383,-9.3692],[124.7548,-9.3641],[124.7411,-9.3636],[124.7383,-9.3692]]]},"properties":{"fid":308,"n":4,"fre_gj":66.0,"fre_daily":{"2026-09-28":61.0,"2026-10-01":5.0},"overpasses":4,"frp_total":18.6,"frp_max":7.7,"frp_mean":4.65,"area_km2":0.47,"lat":-9.3655,"lon":124.7451,"first_seen":"2026-09-28","last_seen":"2026-10-01","duration_days":2,"status":"historic","trend":-1,"growth_ratio":0.0,"night_frac":0.0,"daily":{"2026-09-28":{"n":3,"frp":17.2},"2026-10-01":{"n":1,"frp":1.4}}}},{"type":"Feature","id":438,"geometry":{"type":"Polygon","coordinates":[[[135.11339,-14.38975],[135.11311,-14.3882],[135.1123,-14.38684],[135.11107,-14.38583],[135.10956,-14.3853],[135.10794,-14.3853],[135.10643,-14.38583],[135.1052,-14.38684],[135.10439,-14.3882],[135.10411,-14.38975],[135.10439,-14.3913],[135.1052,-14.39266],[135.10643,-14.39367],[135.10794,-14.3942],[135.10956,-14.3942],[135.11107,-14.39367],[135.1123,-14.39266],[135.11311,-14.3913],[135.11339,-14.38975]]]},"properties":{"fid":438,"n":4,"fre_gj":65.8,"fre_daily":{"2026-09-28":65.8},"overpasses":2,"frp_total":27.4,"frp_max":8.2,"frp_mean":6.85,"area_km2":0.77,"lat":-14.3897,"lon":135.1088,"first_seen":"2026-09-28","last_seen":"2026-09-28","duration_days":1,"status":"historic","trend":-1,"growth_ratio":0.0,"night_frac":0.0,"daily":{"2026-09-28":{"n":4,"frp":27.4}}}},{"type":"Feature","id":821,"geometry":{"type":"Polygon","coordinates":[[[144.98193,-16.86423],[144.98169,-16.86289],[144.98098,-16.86172],[144.9799,-16.86084],[144.97857,-16.86038],[144.97716,-16.86038],[144.97583,-16.86084],[144.97475,-16.86172],[144.97405,-16.86289],[144.9738,-16.86423],[144.97405,-16.86557],[144.97475,-16.86675],[144.97583,-16.86762],[144.97716,-16.86809],[144.97857,-16.86809],[144.9799,-16.86762],[144.98098,-16.86675],[144.98169,-16.86557],[144.98193,-16.86423]]]},"properties":{"fid":821,"n":3,"fre_gj":65.8,"fre_daily":{"2026-09-30":65.8},"overpasses":2,"frp_total":17.7,"frp_max":7.3,"frp_mean":5.9,"area_km2":0.58,"lat":-16.8642,"lon":144.9779,"first_seen":"2026-09-30","last_seen":"2026-09-30","duration_days":1,"status":"historic","trend":-1,"growth_ratio":0.0,"night_frac":0.0,"daily":{"2026-09-30":{"n":3,"frp":17.7}}}},{"type":"Feature","id":718,"geometry":{"type":"Polygon","coordinates":[[[150.1182,-9.3523],[150.1212,-9.355],[150.1315,-9.3475],[150.1292,-9.3436],[150.1182,-9.3523]]]},"properties":{"fid":718,"n":5,"fre_gj":65.3,"fre_daily":{"2026-09-29":54.9,"2026-10-02":6.1,"2026-10-03":4.4},"overpasses":4,"frp_total":25.2,"frp_max":9.7,"frp_mean":5.04,"area_km2":0.69,"lat":-9.35,"lon":150.1245,"first_seen":"2026-09-29","last_seen":"2026-10-03","duration_days":3,"status":"receding","trend":-1,"growth_ratio":0.0,"night_frac":0.4,"daily":{"2026-09-29":{"n":3,"frp":22.3},"2026-10-02":{"n":1,"frp":1.7},"2026-10-03":{"n":1,"frp":1.2}}}},{"type":"Feature","id":1076,"geometry":{"type":"Polygon","coordinates":[[[124.94448,-9.51657],[124.94424,-9.51523],[124.94355,-9.51405],[124.94251,-9.51318],[124.94122,-9.51271],[124.93985,-9.51271],[124.93856,-9.51318],[124.93751,-9.51405],[124.93683,-9.51523],[124.93659,-9.51657],[124.93683,-9.51791],[124.93751,-9.51908],[124.93856,-9.51996],[124.93985,-9.52042],[124.94122,-9.52042],[124.94251,-9.51996],[124.94355,-9.51908],[124.94424,-9.51791],[124.94448,-9.51657]]]},"properties":{"fid":1076,"n":3,"fre_gj":65.2,"fre_daily":{"2026-10-01":8.6,"2026-10-02":56.5},"overpasses":2,"frp_total":18.1,"frp_max":8.3,"frp_mean":6.03,"area_km2":0.58,"lat":-9.5166,"lon":124.9405,"first_seen":"2026-10-01","last_seen":"2026-10-02","duration_days":2,"status":"historic","trend":-1,"growth_ratio":0.0,"night_frac":0.0,"daily":{"2026-10-01":{"n":1,"frp":2.4},"2026-10-02":{"n":2,"frp":15.7}}}},{"type":"Feature","id":489,"geometry":{"type":"Polygon","coordinates":[[[146.3586,-22.0426],[146.3706,-22.0513],[146.3716,-22.0511],[146.3738,-22.0506],[146.3739,-22.0483],[146.3736,-22.0475],[146.3636,-22.0396],[146.3618,-22.0393],[146.3586,-22.0426]]]},"properties":{"fid":489,"n":18,"fre_gj":65.0,"fre_daily":{"2026-09-28":15.6,"2026-09-29":10.5,"2026-10-01":15.6,"2026-10-02":13.5,"2026-10-03":9.8},"overpasses":11,"frp_total":25.3,"frp_max":2.2,"frp_mean":1.41,"area_km2":0.91,"lat":-22.0461,"lon":146.3684,"first_seen":"2026-09-28","last_seen":"2026-10-03","duration_days":5,"status":"receding","trend":-1,"growth_ratio":0.0,"night_frac":1.0,"daily":{"2026-09-28":{"n":4,"frp":6.5},"2026-09-29":{"n":3,"frp":3.4},"2026-10-01":{"n":4,"frp":5.4},"2026-10-02":{"n":4,"frp":6.0},"2026-10-03":{"n":3,"frp":4.0}}}},{"type":"Feature","id":516,"geometry":{"type":"Polygon","coordinates":[[[147.7209,-9.8009],[147.7217,-9.8097],[147.7278,-9.8143],[147.7293,-9.8119],[147.7209,-9.8009]]]},"properties":{"fid":516,"n":4,"fre_gj":64.9,"fre_daily":{"2026-09-28":10.8,"2026-09-29":15.5,"2026-10-03":38.6},"overpasses":3,"frp_total":18.0,"frp_max":10.7,"frp_mean":4.5,"area_km2":0.53,"lat":-9.8092,"lon":147.7249,"first_seen":"2026-09-28","last_seen":"2026-10-03","duration_days":3,"status":"receding","trend":-1,"growth_ratio":0.0,"night_frac":0.0,"daily":{"2026-09-28":{"n":1,"frp":3.0},"2026-09-29":{"n":2,"frp":4.3},"2026-10-03":{"n":1,"frp":10.7}}}},{"type":"Feature","id":769,"geometry":{"type":"Polygon","coordinates":[[[134.86427,-17.29373],[134.86403,-17.29239],[134.86332,-17.29122],[134.86224,-17.29034],[134.86091,-17.28988],[134.85949,-17.28988],[134.85816,-17.29034],[134.85708,-17.29122],[134.85637,-17.29239],[134.85613,-17.29373],[134.85637,-17.29507],[134.85708,-17.29625],[134.85816,-17.29712],[134.85949,-17.29759],[134.86091,-17.29759],[134.86224,-17.29712],[134.86332,-17.29625],[134.86403,-17.29507],[134.86427,-17.29373]]]},"properties":{"fid":769,"n":3,"fre_gj":64.4,"fre_daily":{"2026-09-29":64.4},"overpasses":1,"frp_total":17.9,"frp_max":6.1,"frp_mean":5.97,"area_km2":0.58,"lat":-17.2937,"lon":134.8602,"first_seen":"2026-09-29","last_seen":"2026-09-29","duration_days":1,"status":"historic","trend":-1,"growth_ratio":0.0,"night_frac":0.0,"daily":{"2026-09-29":{"n":3,"frp":17.9}}}},{"type":"Feature","id":987,"geometry":{"type":"Polygon","coordinates":[[[141.03472,-9.0378],[141.03445,-9.03625],[141.03366,-9.03489],[141.03245,-9.03388],[141.03096,-9.03335],[141.02939,-9.03335],[141.0279,-9.03388],[141.02669,-9.03489],[141.0259,-9.03625],[141.02563,-9.0378],[141.0259,-9.03935],[141.02669,-9.04071],[141.0279,-9.04172],[141.02939,-9.04225],[141.03096,-9.04225],[141.03245,-9.04172],[141.03366,-9.04071],[141.03445,-9.03935],[141.03472,-9.0378]]]},"properties":{"fid":987,"n":4,"fre_gj":64.2,"fre_daily":{"2026-10-01":37.1,"2026-10-02":27.1},"overpasses":4,"frp_total":21.4,"frp_max":9.2,"frp_mean":5.35,"area_km2":0.77,"lat":-9.0378,"lon":141.0302,"first_seen":"2026-10-01","last_seen":"2026-10-02","duration_days":2,"status":"historic","trend":-1,"growth_ratio":0.0,"night_frac":0.0,"daily":{"2026-10-01":{"n":2,"frp":12.0},"2026-10-02":{"n":2,"frp":9.4}}}},{"type":"Feature","id":734,"geometry":{"type":"Polygon","coordinates":[[[120.50516,-10.07342],[120.50485,-10.07169],[120.50397,-10.07017],[120.50261,-10.06904],[120.50095,-10.06844],[120.49917,-10.06844],[120.49751,-10.06904],[120.49615,-10.07017],[120.49527,-10.07169],[120.49496,-10.07342],[120.49527,-10.07515],[120.49615,-10.07667],[120.49751,-10.0778],[120.49917,-10.0784],[120.50095,-10.0784],[120.50261,-10.0778],[120.50397,-10.07667],[120.50485,-10.07515],[120.50516,-10.07342]]]},"properties":{"fid":734,"n":5,"fre_gj":63.9,"fre_daily":{"2026-09-29":51.3,"2026-10-02":12.6},"overpasses":3,"frp_total":25.7,"frp_max":6.0,"frp_mean":5.14,"area_km2":0.96,"lat":-10.0734,"lon":120.5001,"first_seen":"2026-09-29","last_seen":"2026-10-02","duration_days":2,"status":"historic","trend":-1,"growth_ratio":0.0,"night_frac":0.0,"daily":{"2026-09-29":{"n":4,"frp":22.2},"2026-10-02":{"n":1,"frp":3.5}}}},{"type":"Feature","id":432,"geometry":{"type":"Polygon","coordinates":[[[135.1871,-17.19692],[135.18678,-17.19519],[135.18587,-17.19367],[135.18447,-17.19254],[135.18275,-17.19194],[135.18093,-17.19194],[135.17921,-17.19254],[135.17781,-17.19367],[135.1769,-17.19519],[135.17658,-17.19692],[135.1769,-17.19865],[135.17781,-17.20017],[135.17921,-17.2013],[135.18093,-17.2019],[135.18275,-17.2019],[135.18447,-17.2013],[135.18587,-17.20017],[135.18678,-17.19865],[135.1871,-17.19692]]]},"properties":{"fid":432,"n":5,"fre_gj":63.6,"fre_daily":{"2026-09-28":63.6},"overpasses":2,"frp_total":27.2,"frp_max":9.1,"frp_mean":5.44,"area_km2":0.96,"lat":-17.1969,"lon":135.1818,"first_seen":"2026-09-28","last_seen":"2026-09-28","duration_days":1,"status":"historic","trend":-1,"growth_ratio":0.0,"night_frac":0.0,"daily":{"2026-09-28":{"n":5,"frp":27.2}}}},{"type":"Feature","id":704,"geometry":{"type":"Polygon","coordinates":[[[147.42459,-19.5884],[147.42427,-19.58667],[147.42334,-19.58515],[147.42193,-19.58402],[147.42019,-19.58342],[147.41833,-19.58342],[147.41659,-19.58402],[147.41518,-19.58515],[147.41425,-19.58667],[147.41393,-19.5884],[147.41425,-19.59013],[147.41518,-19.59165],[147.41659,-19.59278],[147.41833,-19.59338],[147.42019,-19.59338],[147.42193,-19.59278],[147.42334,-19.59165],[147.42427,-19.59013],[147.42459,-19.5884]]]},"properties":{"fid":704,"n":5,"fre_gj":63.3,"fre_daily":{"2026-09-29":63.3},"overpasses":2,"frp_total":26.7,"frp_max":7.2,"frp_mean":5.34,"area_km2":0.96,"lat":-19.5884,"lon":147.4193,"first_seen":"2026-09-29","last_seen":"2026-09-29","duration_days":1,"status":"historic","trend":-1,"growth_ratio":0.0,"night_frac":0.0,"daily":{"2026-09-29":{"n":5,"frp":26.7}}}},{"type":"Feature","id":1218,"geometry":{"type":"Polygon","coordinates":[[[134.76209,-14.57377],[134.76181,-14.57223],[134.76101,-14.57087],[134.75977,-14.56986],[134.75826,-14.56932],[134.75664,-14.56932],[134.75513,-14.56986],[134.75389,-14.57087],[134.75309,-14.57223],[134.75281,-14.57377],[134.75309,-14.57532],[134.75389,-14.57668],[134.75513,-14.57769],[134.75664,-14.57823],[134.75826,-14.57823],[134.75977,-14.57769],[134.76101,-14.57668],[134.76181,-14.57532],[134.76209,-14.57377]]]},"properties":{"fid":1218,"n":4,"fre_gj":63.3,"fre_daily":{"2026-10-03":63.3},"overpasses":2,"frp_total":20.5,"frp_max":6.7,"frp_mean":5.12,"area_km2":0.77,"lat":-14.5738,"lon":134.7575,"first_seen":"2026-10-03","last_seen":"2026-10-03","duration_days":1,"status":"receding","trend":-1,"growth_ratio":0.0,"night_frac":0.0,"daily":{"2026-10-03":{"n":4,"frp":20.5}}}},{"type":"Feature","id":411,"geometry":{"type":"Polygon","coordinates":[[[147.7265,-9.7761],[147.7363,-9.7856],[147.7287,-9.7716],[147.7265,-9.7761]]]},"properties":{"fid":411,"n":5,"fre_gj":63.2,"fre_daily":{"2026-09-28":11.9,"2026-09-29":6.1,"2026-09-30":19.1,"2026-10-02":26.2},"overpasses":5,"frp_total":16.4,"frp_max":5.3,"frp_mean":3.28,"area_km2":0.39,"lat":-9.7775,"lon":147.7298,"first_seen":"2026-09-28","last_seen":"2026-10-02","duration_days":4,"status":"historic","trend":-1,"growth_ratio":0.0,"night_frac":0.0,"daily":{"2026-09-28":{"n":1,"frp":3.3},"2026-09-29":{"n":1,"frp":1.7},"2026-09-30":{"n":1,"frp":5.3},"2026-10-02":{"n":2,"frp":6.1}}}},{"type":"Feature","id":898,"geometry":{"type":"Polygon","coordinates":[[[150.53003,-26.10227],[150.52977,-26.10093],[150.52902,-26.09975],[150.52787,-26.09888],[150.52645,-26.09841],[150.52495,-26.09841],[150.52353,-26.09888],[150.52238,-26.09975],[150.52163,-26.10093],[150.52137,-26.10227],[150.52163,-26.10361],[150.52238,-26.10478],[150.52353,-26.10566],[150.52495,-26.10612],[150.52645,-26.10612],[150.52787,-26.10566],[150.52902,-26.10478],[150.52977,-26.10361],[150.53003,-26.10227]]]},"properties":{"fid":898,"n":3,"fre_gj":63.0,"fre_daily":{"2026-09-30":63.0},"overpasses":2,"frp_total":26.6,"frp_max":11.9,"frp_mean":8.87,"area_km2":0.58,"lat":-26.1023,"lon":150.5257,"first_seen":"2026-09-30","last_seen":"2026-09-30","duration_days":1,"status":"historic","trend":-1,"growth_ratio":0.0,"night_frac":0.0,"daily":{"2026-09-30":{"n":3,"frp":26.6}}}},{"type":"Feature","id":1139,"geometry":{"type":"Polygon","coordinates":[[[117.27281,-9.00957],[117.27257,-9.00823],[117.27188,-9.00705],[117.27084,-9.00618],[117.26955,-9.00571],[117.26818,-9.00571],[117.2669,-9.00618],[117.26585,-9.00705],[117.26517,-9.00823],[117.26493,-9.00957],[117.26517,-9.01091],[117.26585,-9.01208],[117.2669,-9.01296],[117.26818,-9.01342],[117.26955,-9.01342],[117.27084,-9.01296],[117.27188,-9.01208],[117.27257,-9.01091],[117.27281,-9.00957]]]},"properties":{"fid":1139,"n":3,"fre_gj":63.0,"fre_daily":{"2026-09-29":39.2,"2026-10-02":23.8},"overpasses":2,"frp_total":17.5,"frp_max":10.9,"frp_mean":5.83,"area_km2":0.58,"lat":-9.0096,"lon":117.2689,"first_seen":"2026-09-29","last_seen":"2026-10-02","duration_days":2,"status":"historic","trend":-1,"growth_ratio":0.0,"night_frac":0.0,"daily":{"2026-09-29":{"n":1,"frp":10.9},"2026-10-02":{"n":2,"frp":6.6}}}},{"type":"Feature","id":460,"geometry":{"type":"Polygon","coordinates":[[[124.51922,-10.05207],[124.51898,-10.05073],[124.51829,-10.04955],[124.51724,-10.04868],[124.51595,-10.04821],[124.51458,-10.04821],[124.51329,-10.04868],[124.51224,-10.04955],[124.51155,-10.05073],[124.51132,-10.05207],[124.51155,-10.05341],[124.51224,-10.05458],[124.51329,-10.05546],[124.51458,-10.05592],[124.51595,-10.05592],[124.51724,-10.05546],[124.51829,-10.05458],[124.51898,-10.05341],[124.51922,-10.05207]]]},"properties":{"fid":460,"n":3,"fre_gj":62.6,"fre_daily":{"2026-09-28":43.9,"2026-10-02":18.7},"overpasses":2,"frp_total":17.4,"frp_max":7.0,"frp_mean":5.8,"area_km2":0.58,"lat":-10.0521,"lon":124.5153,"first_seen":"2026-09-28","last_seen":"2026-10-02","duration_days":2,"status":"historic","trend":-1,"growth_ratio":0.0,"night_frac":0.0,"daily":{"2026-09-28":{"n":2,"frp":12.2},"2026-10-02":{"n":1,"frp":5.2}}}},{"type":"Feature","id":561,"geometry":{"type":"Polygon","coordinates":[[[147.06472,-38.28073],[147.06438,-38.27918],[147.06338,-38.27782],[147.06186,-38.27681],[147.05999,-38.27627],[147.05801,-38.27627],[147.05614,-38.27681],[147.05462,-38.27782],[147.05362,-38.27918],[147.05328,-38.28073],[147.05362,-38.28227],[147.05462,-38.28363],[147.05614,-38.28464],[147.05801,-38.28518],[147.05999,-38.28518],[147.06186,-38.28464],[147.06338,-38.28363],[147.06438,-38.28227],[147.06472,-38.28073]]]},"properties":{"fid":561,"n":4,"fre_gj":62.5,"fre_daily":{"2026-09-29":62.5},"overpasses":3,"frp_total":19.0,"frp_max":6.9,"frp_mean":4.75,"area_km2":0.77,"lat":-38.2807,"lon":147.059,"first_seen":"2026-09-29","last_seen":"2026-09-29","duration_days":1,"status":"historic","trend":-1,"growth_ratio":0.0,"night_frac":0.0,"daily":{"2026-09-29":{"n":4,"frp":19.0}}}},{"type":"Feature","id":689,"geometry":{"type":"Polygon","coordinates":[[[133.34456,-14.3302],[133.34425,-14.32847],[133.34335,-14.32695],[133.34197,-14.32582],[133.34028,-14.32522],[133.33848,-14.32522],[133.33679,-14.32582],[133.33541,-14.32695],[133.33451,-14.32847],[133.3342,-14.3302],[133.33451,-14.33193],[133.33541,-14.33345],[133.33679,-14.33458],[133.33848,-14.33518],[133.34028,-14.33518],[133.34197,-14.33458],[133.34335,-14.33345],[133.34425,-14.33193],[133.34456,-14.3302]]]},"properties":{"fid":689,"n":5,"fre_gj":62.5,"fre_daily":{"2026-09-29":7.8,"2026-09-30":54.7},"overpasses":3,"frp_total":17.9,"frp_max":7.6,"frp_mean":3.58,"area_km2":0.96,"lat":-14.3302,"lon":133.3394,"first_seen":"2026-09-29","last_seen":"2026-09-30","duration_days":2,"status":"historic","trend":-1,"growth_ratio":0.0,"night_frac":0.6,"daily":{"2026-09-29":{"n":3,"frp":2.7},"2026-09-30":{"n":2,"frp":15.2}}}},{"type":"Feature","id":922,"geometry":{"type":"Polygon","coordinates":[[[125.87261,-9.12273],[125.87237,-9.12139],[125.87168,-9.12022],[125.87064,-9.11934],[125.86935,-9.11888],[125.86798,-9.11888],[125.8667,-9.11934],[125.86565,-9.12022],[125.86496,-9.12139],[125.86473,-9.12273],[125.86496,-9.12407],[125.86565,-9.12525],[125.8667,-9.12612],[125.86798,-9.12659],[125.86935,-9.12659],[125.87064,-9.12612],[125.87168,-9.12525],[125.87237,-9.12407],[125.87261,-9.12273]]]},"properties":{"fid":922,"n":3,"fre_gj":62.4,"fre_daily":{"2026-09-30":62.4},"overpasses":2,"frp_total":26.0,"frp_max":11.3,"frp_mean":8.67,"area_km2":0.58,"lat":-9.1227,"lon":125.8687,"first_seen":"2026-09-30","last_seen":"2026-09-30","duration_days":1,"status":"historic","trend":-1,"growth_ratio":0.0,"night_frac":0.0,"daily":{"2026-09-30":{"n":3,"frp":26.0}}}},{"type":"Feature","id":506,"geometry":{"type":"Polygon","coordinates":[[[152.4149,-26.735],[152.4146,-26.73345],[152.41373,-26.73209],[152.41239,-26.73108],[152.41075,-26.73055],[152.409,-26.73055],[152.40736,-26.73108],[152.40602,-26.73209],[152.40515,-26.73345],[152.40485,-26.735],[152.40515,-26.73655],[152.40602,-26.73791],[152.40736,-26.73892],[152.409,-26.73945],[152.41075,-26.73945],[152.41239,-26.73892],[152.41373,-26.73791],[152.4146,-26.73655],[152.4149,-26.735]]]},"properties":{"fid":506,"n":4,"fre_gj":62.3,"fre_daily":{"2026-09-28":62.3},"overpasses":1,"frp_total":17.3,"frp_max":4.7,"frp_mean":4.33,"area_km2":0.77,"lat":-26.735,"lon":152.4099,"first_seen":"2026-09-28","last_seen":"2026-09-28","duration_days":1,"status":"historic","trend":-1,"growth_ratio":0.0,"night_frac":0.0,"daily":{"2026-09-28":{"n":4,"frp":17.3}}}},{"type":"Feature","id":1201,"geometry":{"type":"Polygon","coordinates":[[[147.84908,-9.77307],[147.84884,-9.77173],[147.84816,-9.77055],[147.84711,-9.76968],[147.84582,-9.76921],[147.84445,-9.76921],[147.84316,-9.76968],[147.84211,-9.77055],[147.84142,-9.77173],[147.84119,-9.77307],[147.84142,-9.77441],[147.84211,-9.77558],[147.84316,-9.77646],[147.84445,-9.77692],[147.84582,-9.77692],[147.84711,-9.77646],[147.84816,-9.77558],[147.84884,-9.77441],[147.84908,-9.77307]]]},"properties":{"fid":1201,"n":3,"fre_gj":62.1,"fre_daily":{"2026-10-02":13.7,"2026-10-03":48.4},"overpasses":2,"frp_total":17.2,"frp_max":6.7,"frp_mean":5.75,"area_km2":0.58,"lat":-9.7731,"lon":147.8451,"first_seen":"2026-10-02","last_seen":"2026-10-03","duration_days":2,"status":"receding","trend":-1,"growth_ratio":0.0,"night_frac":0.0,"daily":{"2026-10-02":{"n":1,"frp":3.8},"2026-10-03":{"n":2,"frp":13.4}}}},{"type":"Feature","id":900,"geometry":{"type":"Polygon","coordinates":[[[144.6692,-15.2592],[144.6697,-15.2626],[144.6795,-15.263],[144.6829,-15.2623],[144.673,-15.2587],[144.6692,-15.2592]]]},"properties":{"fid":900,"n":6,"fre_gj":62.0,"fre_daily":{"2026-09-30":44.3,"2026-10-03":17.7},"overpasses":3,"frp_total":23.6,"frp_max":11.7,"frp_mean":3.94,"area_km2":0.43,"lat":-15.261,"lon":144.6744,"first_seen":"2026-09-30","last_seen":"2026-10-03","duration_days":2,"status":"receding","trend":-1,"growth_ratio":0.0,"night_frac":0.0,"daily":{"2026-09-30":{"n":4,"frp":18.7},"2026-10-03":{"n":2,"frp":4.9}}}},{"type":"Feature","id":995,"geometry":{"type":"Polygon","coordinates":[[[120.18232,-9.96803],[120.18208,-9.96669],[120.18139,-9.96552],[120.18034,-9.96464],[120.17905,-9.96418],[120.17768,-9.96418],[120.17639,-9.96464],[120.17534,-9.96552],[120.17466,-9.96669],[120.17442,-9.96803],[120.17466,-9.96937],[120.17534,-9.97055],[120.17639,-9.97142],[120.17768,-9.97189],[120.17905,-9.97189],[120.18034,-9.97142],[120.18139,-9.97055],[120.18208,-9.96937],[120.18232,-9.96803]]]},"properties":{"fid":995,"n":3,"fre_gj":62.0,"fre_daily":{"2026-10-01":62.0},"overpasses":3,"frp_total":25.6,"frp_max":11.9,"frp_mean":8.53,"area_km2":0.58,"lat":-9.968,"lon":120.1784,"first_seen":"2026-10-01","last_seen":"2026-10-01","duration_days":1,"status":"historic","trend":-1,"growth_ratio":0.0,"night_frac":0.0,"daily":{"2026-10-01":{"n":3,"frp":25.6}}}},{"type":"Feature","id":735,"geometry":{"type":"Polygon","coordinates":[[[120.41874,-10.04797],[120.41846,-10.04643],[120.41767,-10.04507],[120.41646,-10.04406],[120.41497,-10.04352],[120.41338,-10.04352],[120.41189,-10.04406],[120.41068,-10.04507],[120.40989,-10.04643],[120.40961,-10.04797],[120.40989,-10.04952],[120.41068,-10.05088],[120.41189,-10.05189],[120.41338,-10.05243],[120.41497,-10.05243],[120.41646,-10.05189],[120.41767,-10.05088],[120.41846,-10.04952],[120.41874,-10.04797]]]},"properties":{"fid":735,"n":4,"fre_gj":61.2,"fre_daily":{"2026-09-29":61.2},"overpasses":2,"frp_total":26.5,"frp_max":10.4,"frp_mean":6.62,"area_km2":0.77,"lat":-10.048,"lon":120.4142,"first_seen":"2026-09-29","last_seen":"2026-09-29","duration_days":1,"status":"historic","trend":-1,"growth_ratio":0.0,"night_frac":0.0,"daily":{"2026-09-29":{"n":4,"frp":26.5}}}},{"type":"Feature","id":953,"geometry":{"type":"Polygon","coordinates":[[[146.76861,-30.5855],[146.76826,-30.58377],[146.76725,-30.58225],[146.7657,-30.58112],[146.76379,-30.58052],[146.76177,-30.58052],[146.75986,-30.58112],[146.75831,-30.58225],[146.7573,-30.58377],[146.75695,-30.5855],[146.7573,-30.58723],[146.75831,-30.58875],[146.75986,-30.58988],[146.76177,-30.59048],[146.76379,-30.59048],[146.7657,-30.58988],[146.76725,-30.58875],[146.76826,-30.58723],[146.76861,-30.5855]]]},"properties":{"fid":953,"n":5,"fre_gj":61.1,"fre_daily":{"2026-10-01":61.1},"overpasses":4,"frp_total":26.1,"frp_max":7.6,"frp_mean":5.22,"area_km2":0.96,"lat":-30.5855,"lon":146.7628,"first_seen":"2026-10-01","last_seen":"2026-10-01","duration_days":1,"status":"historic","trend":-1,"growth_ratio":0.0,"night_frac":0.0,"daily":{"2026-10-01":{"n":5,"frp":26.1}}}},{"type":"Feature","id":978,"geometry":{"type":"Polygon","coordinates":[[[124.14891,-10.07483],[124.14864,-10.07328],[124.14784,-10.07192],[124.14663,-10.07091],[124.14514,-10.07037],[124.14356,-10.07037],[124.14207,-10.07091],[124.14086,-10.07192],[124.14006,-10.07328],[124.13979,-10.07483],[124.14006,-10.07637],[124.14086,-10.07773],[124.14207,-10.07874],[124.14356,-10.07928],[124.14514,-10.07928],[124.14663,-10.07874],[124.14784,-10.07773],[124.14864,-10.07637],[124.14891,-10.07483]]]},"properties":{"fid":978,"n":4,"fre_gj":61.1,"fre_daily":{"2026-10-01":61.1},"overpasses":3,"frp_total":25.1,"frp_max":9.4,"frp_mean":6.28,"area_km2":0.77,"lat":-10.0748,"lon":124.1444,"first_seen":"2026-10-01","last_seen":"2026-10-01","duration_days":1,"status":"historic","trend":-1,"growth_ratio":0.0,"night_frac":0.0,"daily":{"2026-10-01":{"n":4,"frp":25.1}}}},{"type":"Feature","id":117,"geometry":{"type":"Polygon","coordinates":[[[147.81163,-9.7089],[147.81136,-9.70735],[147.81057,-9.70599],[147.80935,-9.70498],[147.80787,-9.70445],[147.80628,-9.70445],[147.8048,-9.70498],[147.80358,-9.70599],[147.80279,-9.70735],[147.80252,-9.7089],[147.80279,-9.71045],[147.80358,-9.71181],[147.8048,-9.71282],[147.80628,-9.71335],[147.80787,-9.71335],[147.80935,-9.71282],[147.81057,-9.71181],[147.81136,-9.71045],[147.81163,-9.7089]]]},"properties":{"fid":117,"n":4,"fre_gj":60.7,"fre_daily":{"2026-09-28":60.7},"overpasses":3,"frp_total":27.2,"frp_max":8.4,"frp_mean":6.8,"area_km2":0.77,"lat":-9.7089,"lon":147.8071,"first_seen":"2026-09-28","last_seen":"2026-09-28","duration_days":1,"status":"historic","trend":-1,"growth_ratio":0.0,"night_frac":0.0,"daily":{"2026-09-28":{"n":4,"frp":27.2}}}},{"type":"Feature","id":35,"geometry":{"type":"Polygon","coordinates":[[[149.3425,-28.61432],[149.34212,-28.61242],[149.34103,-28.61076],[149.33937,-28.60952],[149.33732,-28.60886],[149.33515,-28.60886],[149.3331,-28.60952],[149.33143,-28.61076],[149.33034,-28.61242],[149.32997,-28.61432],[149.33034,-28.61621],[149.33143,-28.61788],[149.3331,-28.61911],[149.33515,-28.61977],[149.33732,-28.61977],[149.33937,-28.61911],[149.34103,-28.61788],[149.34212,-28.61621],[149.3425,-28.61432]]]},"properties":{"fid":35,"n":6,"fre_gj":60.6,"fre_daily":{"2026-09-28":60.6},"overpasses":3,"frp_total":28.1,"frp_max":5.9,"frp_mean":4.68,"area_km2":1.15,"lat":-28.6143,"lon":149.3362,"first_seen":"2026-09-28","last_seen":"2026-09-28","duration_days":1,"status":"historic","trend":-1,"growth_ratio":0.0,"night_frac":0.0,"daily":{"2026-09-28":{"n":6,"frp":28.1}}}},{"type":"Feature","id":841,"geometry":{"type":"Polygon","coordinates":[[[123.99161,-9.89658],[123.99133,-9.89503],[123.99054,-9.89367],[123.98933,-9.89266],[123.98784,-9.89212],[123.98626,-9.89212],[123.98477,-9.89266],[123.98356,-9.89367],[123.98277,-9.89503],[123.98249,-9.89658],[123.98277,-9.89812],[123.98356,-9.89948],[123.98477,-9.90049],[123.98626,-9.90103],[123.98784,-9.90103],[123.98933,-9.90049],[123.99054,-9.89948],[123.99133,-9.89812],[123.99161,-9.89658]]]},"properties":{"fid":841,"n":4,"fre_gj":60.6,"fre_daily":{"2026-09-30":23.1,"2026-10-01":37.4},"overpasses":4,"frp_total":20.6,"frp_max":10.4,"frp_mean":5.15,"area_km2":0.77,"lat":-9.8966,"lon":123.987,"first_seen":"2026-09-30","last_seen":"2026-10-01","duration_days":2,"status":"historic","trend":-1,"growth_ratio":0.0,"night_frac":0.0,"daily":{"2026-09-30":{"n":3,"frp":10.2},"2026-10-01":{"n":1,"frp":10.4}}}},{"type":"Feature","id":1226,"geometry":{"type":"Polygon","coordinates":[[[120.26923,-9.76427],[120.26896,-9.76273],[120.26817,-9.76137],[120.26695,-9.76036],[120.26547,-9.75982],[120.26388,-9.75982],[120.2624,-9.76036],[120.26118,-9.76137],[120.26039,-9.76273],[120.26012,-9.76427],[120.26039,-9.76582],[120.26118,-9.76718],[120.2624,-9.76819],[120.26388,-9.76873],[120.26547,-9.76873],[120.26695,-9.76819],[120.26817,-9.76718],[120.26896,-9.76582],[120.26923,-9.76427]]]},"properties":{"fid":1226,"n":4,"fre_gj":60.5,"fre_daily":{"2026-10-03":60.5},"overpasses":2,"frp_total":21.0,"frp_max":7.8,"frp_mean":5.25,"area_km2":0.77,"lat":-9.7643,"lon":120.2647,"first_seen":"2026-10-03","last_seen":"2026-10-03","duration_days":1,"status":"receding","trend":-1,"growth_ratio":0.0,"night_frac":0.0,"daily":{"2026-10-03":{"n":4,"frp":21.0}}}},{"type":"Feature","id":1117,"geometry":{"type":"Polygon","coordinates":[[[148.91714,-9.32023],[148.9169,-9.31889],[148.91622,-9.31772],[148.91517,-9.31684],[148.91388,-9.31638],[148.91252,-9.31638],[148.91123,-9.31684],[148.91018,-9.31772],[148.9095,-9.31889],[148.90926,-9.32023],[148.9095,-9.32157],[148.91018,-9.32275],[148.91123,-9.32362],[148.91252,-9.32409],[148.91388,-9.32409],[148.91517,-9.32362],[148.91622,-9.32275],[148.9169,-9.32157],[148.91714,-9.32023]]]},"properties":{"fid":1117,"n":3,"fre_gj":60.2,"fre_daily":{"2026-10-02":60.2},"overpasses":2,"frp_total":19.1,"frp_max":7.9,"frp_mean":6.37,"area_km2":0.58,"lat":-9.3202,"lon":148.9132,"first_seen":"2026-10-02","last_seen":"2026-10-02","duration_days":1,"status":"historic","trend":-1,"growth_ratio":0.0,"night_frac":0.0,"daily":{"2026-10-02":{"n":3,"frp":19.1}}}},{"type":"Feature","id":1202,"geometry":{"type":"Polygon","coordinates":[[[147.68241,-9.6823],[147.68217,-9.68096],[147.68149,-9.67978],[147.68044,-9.67891],[147.67915,-9.67844],[147.67778,-9.67844],[147.67649,-9.67891],[147.67544,-9.67978],[147.67476,-9.68096],[147.67452,-9.6823],[147.67476,-9.68364],[147.67544,-9.68482],[147.67649,-9.68569],[147.67778,-9.68616],[147.67915,-9.68616],[147.68044,-9.68569],[147.68149,-9.68482],[147.68217,-9.68364],[147.68241,-9.6823]]]},"properties":{"fid":1202,"n":3,"fre_gj":60.2,"fre_daily":{"2026-10-03":9.1,"2026-10-04":51.1},"overpasses":2,"frp_total":16.7,"frp_max":9.9,"frp_mean":5.57,"area_km2":0.58,"lat":-9.6823,"lon":147.6785,"first_seen":"2026-10-03","last_seen":"2026-10-04","duration_days":2,"status":"active","trend":1,"growth_ratio":2.0,"night_frac":0.0,"daily":{"2026-10-03":{"n":1,"frp":2.5},"2026-10-04":{"n":2,"frp":14.2}}}},{"type":"Feature","id":738,"geometry":{"type":"Polygon","coordinates":[[[124.51321,-9.4456],[124.51297,-9.44426],[124.51229,-9.44308],[124.51124,-9.44221],[124.50995,-9.44174],[124.50858,-9.44174],[124.5073,-9.44221],[124.50625,-9.44308],[124.50556,-9.44426],[124.50532,-9.4456],[124.50556,-9.44694],[124.50625,-9.44812],[124.5073,-9.44899],[124.50858,-9.44946],[124.50995,-9.44946],[124.51124,-9.44899],[124.51229,-9.44812],[124.51297,-9.44694],[124.51321,-9.4456]]]},"properties":{"fid":738,"n":3,"fre_gj":60.1,"fre_daily":{"2026-09-29":60.1},"overpasses":2,"frp_total":26.0,"frp_max":12.0,"frp_mean":8.67,"area_km2":0.58,"lat":-9.4456,"lon":124.5093,"first_seen":"2026-09-29","last_seen":"2026-09-29","duration_days":1,"status":"historic","trend":-1,"growth_ratio":0.0,"night_frac":0.0,"daily":{"2026-09-29":{"n":3,"frp":26.0}}}},{"type":"Feature","id":189,"geometry":{"type":"Polygon","coordinates":[[[143.23421,-37.54243],[143.23387,-37.54088],[143.23289,-37.53952],[143.23138,-37.53851],[143.22953,-37.53797],[143.22757,-37.53797],[143.22572,-37.53851],[143.22421,-37.53952],[143.22323,-37.54088],[143.22289,-37.54243],[143.22323,-37.54397],[143.22421,-37.54533],[143.22572,-37.54634],[143.22757,-37.54688],[143.22953,-37.54688],[143.23138,-37.54634],[143.23289,-37.54533],[143.23387,-37.54397],[143.23421,-37.54243]]]},"properties":{"fid":189,"n":4,"fre_gj":60.0,"fre_daily":{"2026-09-28":60.0},"overpasses":2,"frp_total":16.4,"frp_max":4.7,"frp_mean":4.1,"area_km2":0.77,"lat":-37.5424,"lon":143.2285,"first_seen":"2026-09-28","last_seen":"2026-09-28","duration_days":1,"status":"historic","trend":-1,"growth_ratio":0.0,"night_frac":0.0,"daily":{"2026-09-28":{"n":4,"frp":16.4}}}},{"type":"Feature","id":440,"geometry":{"type":"Polygon","coordinates":[[[136.6316,-13.9855],[136.6321,-13.9889],[136.6392,-13.9878],[136.6386,-13.9869],[136.6337,-13.983],[136.6316,-13.9855]]]},"properties":{"fid":440,"n":6,"fre_gj":60.0,"fre_daily":{"2026-09-28":60.0},"overpasses":2,"frp_total":25.0,"frp_max":6.0,"frp_mean":4.17,"area_km2":0.3,"lat":-13.9866,"lon":136.6349,"first_seen":"2026-09-28","last_seen":"2026-09-28","duration_days":1,"status":"historic","trend":-1,"growth_ratio":0.0,"night_frac":0.0,"daily":{"2026-09-28":{"n":6,"frp":25.0}}}},{"type":"Feature","id":470,"geometry":{"type":"Polygon","coordinates":[[[141.12516,-9.00498],[141.12486,-9.00325],[141.12397,-9.00173],[141.12262,-9.0006],[141.12096,-9.0],[141.1192,-9.0],[141.11754,-9.0006],[141.11619,-9.00173],[141.1153,-9.00325],[141.115,-9.00498],[141.1153,-9.00671],[141.11619,-9.00823],[141.11754,-9.00936],[141.1192,-9.00996],[141.12096,-9.00996],[141.12262,-9.00936],[141.12397,-9.00823],[141.12486,-9.00671],[141.12516,-9.00498]]]},"properties":{"fid":470,"n":5,"fre_gj":59.6,"fre_daily":{"2026-09-28":28.6,"2026-09-29":19.8,"2026-10-02":11.2},"overpasses":4,"frp_total":21.0,"frp_max":9.0,"frp_mean":4.2,"area_km2":0.96,"lat":-9.005,"lon":141.1201,"first_seen":"2026-09-28","last_seen":"2026-10-02","duration_days":3,"status":"historic","trend":-1,"growth_ratio":0.0,"night_frac":0.0,"daily":{"2026-09-28":{"n":2,"frp":12.4},"2026-09-29":{"n":2,"frp":5.5},"2026-10-02":{"n":1,"frp":3.1}}}},{"type":"Feature","id":539,"geometry":{"type":"Polygon","coordinates":[[[125.91944,-9.11947],[125.9192,-9.11813],[125.91852,-9.11695],[125.91747,-9.11608],[125.91618,-9.11561],[125.91482,-9.11561],[125.91353,-9.11608],[125.91248,-9.11695],[125.9118,-9.11813],[125.91156,-9.11947],[125.9118,-9.12081],[125.91248,-9.12198],[125.91353,-9.12286],[125.91482,-9.12332],[125.91618,-9.12332],[125.91747,-9.12286],[125.91852,-9.12198],[125.9192,-9.12081],[125.91944,-9.11947]]]},"properties":{"fid":539,"n":3,"fre_gj":59.2,"fre_daily":{"2026-09-28":15.8,"2026-09-29":43.4},"overpasses":3,"frp_total":19.0,"frp_max":12.6,"frp_mean":6.33,"area_km2":0.58,"lat":-9.1195,"lon":125.9155,"first_seen":"2026-09-28","last_seen":"2026-09-29","duration_days":2,"status":"historic","trend":-1,"growth_ratio":0.0,"night_frac":0.0,"daily":{"2026-09-28":{"n":1,"frp":4.4},"2026-09-29":{"n":2,"frp":14.6}}}},{"type":"Feature","id":10,"geometry":{"type":"Polygon","coordinates":[[[148.53433,-36.52257],[148.53392,-36.52067],[148.53273,-36.51901],[148.53091,-36.51777],[148.52867,-36.51711],[148.52629,-36.51711],[148.52406,-36.51777],[148.52224,-36.51901],[148.52105,-36.52067],[148.52064,-36.52257],[148.52105,-36.52446],[148.52224,-36.52613],[148.52406,-36.52736],[148.52629,-36.52802],[148.52867,-36.52802],[148.53091,-36.52736],[148.53273,-36.52613],[148.53392,-36.52446],[148.53433,-36.52257]]]},"properties":{"fid":10,"n":6,"fre_gj":59.1,"fre_daily":{"2026-09-28":52.3,"2026-09-29":6.8},"overpasses":4,"frp_total":22.2,"frp_max":5.7,"frp_mean":3.7,"area_km2":1.15,"lat":-36.5226,"lon":148.5275,"first_seen":"2026-09-28","last_seen":"2026-09-29","duration_days":2,"status":"historic","trend":-1,"growth_ratio":0.0,"night_frac":0.0,"daily":{"2026-09-28":{"n":5,"frp":20.3},"2026-09-29":{"n":1,"frp":1.9}}}},{"type":"Feature","id":321,"geometry":{"type":"Polygon","coordinates":[[[149.546,-27.1965],[149.5515,-27.1976],[149.5488,-27.1849],[149.546,-27.1965]]]},"properties":{"fid":321,"n":6,"fre_gj":59.1,"fre_daily":{"2026-09-28":59.1},"overpasses":2,"frp_total":20.1,"frp_max":6.8,"frp_mean":3.35,"area_km2":0.37,"lat":-27.1923,"lon":149.5481,"first_seen":"2026-09-28","last_seen":"2026-09-28","duration_days":1,"status":"historic","trend":-1,"growth_ratio":0.0,"night_frac":1.0,"daily":{"2026-09-28":{"n":6,"frp":20.1}}}},{"type":"Feature","id":908,"geometry":{"type":"Polygon","coordinates":[[[120.09668,-10.1396],[120.09645,-10.13826],[120.09576,-10.13708],[120.09471,-10.13621],[120.09342,-10.13574],[120.09205,-10.13574],[120.09076,-10.13621],[120.08971,-10.13708],[120.08902,-10.13826],[120.08878,-10.1396],[120.08902,-10.14094],[120.08971,-10.14212],[120.09076,-10.14299],[120.09205,-10.14346],[120.09342,-10.14346],[120.09471,-10.14299],[120.09576,-10.14212],[120.09645,-10.14094],[120.09668,-10.1396]]]},"properties":{"fid":908,"n":3,"fre_gj":59.0,"fre_daily":{"2026-09-30":59.0},"overpasses":2,"frp_total":24.6,"frp_max":11.0,"frp_mean":8.2,"area_km2":0.58,"lat":-10.1396,"lon":120.0927,"first_seen":"2026-09-30","last_seen":"2026-09-30","duration_days":1,"status":"historic","trend":-1,"growth_ratio":0.0,"night_frac":0.0,"daily":{"2026-09-30":{"n":3,"frp":24.6}}}},{"type":"Feature","id":986,"geometry":{"type":"Polygon","coordinates":[[[125.9144,-9.0826],[125.9201,-9.0983],[125.9231,-9.0937],[125.9144,-9.0826]]]},"properties":{"fid":986,"n":6,"fre_gj":58.9,"fre_daily":{"2026-10-01":58.9},"overpasses":3,"frp_total":26.7,"frp_max":9.1,"frp_mean":4.45,"area_km2":0.45,"lat":-9.0931,"lon":125.9198,"first_seen":"2026-10-01","last_seen":"2026-10-01","duration_days":1,"status":"historic","trend":-1,"growth_ratio":0.0,"night_frac":0.0,"daily":{"2026-10-01":{"n":6,"frp":26.7}}}},{"type":"Feature","id":451,"geometry":{"type":"Polygon","coordinates":[[[134.53539,-12.11073],[134.53512,-12.10918],[134.53432,-12.10782],[134.5331,-12.10681],[134.5316,-12.10627],[134.53,-12.10627],[134.5285,-12.10681],[134.52728,-12.10782],[134.52648,-12.10918],[134.52621,-12.11073],[134.52648,-12.11227],[134.52728,-12.11363],[134.5285,-12.11464],[134.53,-12.11518],[134.5316,-12.11518],[134.5331,-12.11464],[134.53432,-12.11363],[134.53512,-12.11227],[134.53539,-12.11073]]]},"properties":{"fid":451,"n":4,"fre_gj":58.1,"fre_daily":{"2026-09-28":58.1},"overpasses":2,"frp_total":24.2,"frp_max":9.0,"frp_mean":6.05,"area_km2":0.77,"lat":-12.1107,"lon":134.5308,"first_seen":"2026-09-28","last_seen":"2026-09-28","duration_days":1,"status":"historic","trend":-1,"growth_ratio":0.0,"night_frac":0.0,"daily":{"2026-09-28":{"n":4,"frp":24.2}}}},{"type":"Feature","id":128,"geometry":{"type":"Polygon","coordinates":[[[150.7579,-9.5945],[150.7631,-9.6099],[150.7642,-9.6106],[150.7676,-9.6031],[150.7579,-9.5945]]]},"properties":{"fid":128,"n":4,"fre_gj":57.8,"fre_daily":{"2026-09-28":35.4,"2026-10-02":13.0,"2026-10-04":9.4},"overpasses":4,"frp_total":18.5,"frp_max":6.2,"frp_mean":4.63,"area_km2":0.7,"lat":-9.6045,"lon":150.7632,"first_seen":"2026-09-28","last_seen":"2026-10-04","duration_days":3,"status":"active","trend":-1,"growth_ratio":0.67,"night_frac":0.0,"daily":{"2026-09-28":{"n":2,"frp":12.3},"2026-10-02":{"n":1,"frp":3.6},"2026-10-04":{"n":1,"frp":2.6}}}},{"type":"Feature","id":243,"geometry":{"type":"Polygon","coordinates":[[[127.7397,-18.34143],[127.73945,-18.34009],[127.73874,-18.33892],[127.73765,-18.33804],[127.73631,-18.33758],[127.73489,-18.33758],[127.73355,-18.33804],[127.73246,-18.33892],[127.73175,-18.34009],[127.7315,-18.34143],[127.73175,-18.34277],[127.73246,-18.34395],[127.73355,-18.34482],[127.73489,-18.34529],[127.73631,-18.34529],[127.73765,-18.34482],[127.73874,-18.34395],[127.73945,-18.34277],[127.7397,-18.34143]]]},"properties":{"fid":243,"n":3,"fre_gj":57.0,"fre_daily":{"2026-09-28":57.0},"overpasses":3,"frp_total":20.2,"frp_max":8.8,"frp_mean":6.73,"area_km2":0.58,"lat":-18.3414,"lon":127.7356,"first_seen":"2026-09-28","last_seen":"2026-09-28","duration_days":1,"status":"historic","trend":-1,"growth_ratio":0.0,"night_frac":0.0,"daily":{"2026-09-28":{"n":3,"frp":20.2}}}},{"type":"Feature","id":988,"geometry":{"type":"Polygon","coordinates":[[[146.92488,-9.03796],[146.92458,-9.03623],[146.9237,-9.03471],[146.92234,-9.03358],[146.92068,-9.03298],[146.91892,-9.03298],[146.91726,-9.03358],[146.9159,-9.03471],[146.91502,-9.03623],[146.91472,-9.03796],[146.91502,-9.03969],[146.9159,-9.04121],[146.91726,-9.04234],[146.91892,-9.04294],[146.92068,-9.04294],[146.92234,-9.04234],[146.9237,-9.04121],[146.92458,-9.03969],[146.92488,-9.03796]]]},"properties":{"fid":988,"n":5,"fre_gj":57.0,"fre_daily":{"2026-10-01":57.0},"overpasses":3,"frp_total":26.7,"frp_max":7.0,"frp_mean":5.34,"area_km2":0.96,"lat":-9.038,"lon":146.9198,"first_seen":"2026-10-01","last_seen":"2026-10-01","duration_days":1,"status":"historic","trend":-1,"growth_ratio":0.0,"night_frac":0.0,"daily":{"2026-10-01":{"n":5,"frp":26.7}}}},{"type":"Feature","id":97,"geometry":{"type":"Polygon","coordinates":[[[148.48684,-10.05455],[148.48656,-10.053],[148.48577,-10.05164],[148.48456,-10.05063],[148.48307,-10.0501],[148.48148,-10.0501],[148.47999,-10.05063],[148.47878,-10.05164],[148.47799,-10.053],[148.47771,-10.05455],[148.47799,-10.0561],[148.47878,-10.05746],[148.47999,-10.05847],[148.48148,-10.059],[148.48307,-10.059],[148.48456,-10.05847],[148.48577,-10.05746],[148.48656,-10.0561],[148.48684,-10.05455]]]},"properties":{"fid":97,"n":4,"fre_gj":56.7,"fre_daily":{"2026-09-28":38.3,"2026-10-03":18.4},"overpasses":4,"frp_total":18.8,"frp_max":5.1,"frp_mean":4.7,"area_km2":0.77,"lat":-10.0546,"lon":148.4823,"first_seen":"2026-09-28","last_seen":"2026-10-03","duration_days":2,"status":"receding","trend":-1,"growth_ratio":0.0,"night_frac":0.0,"daily":{"2026-09-28":{"n":3,"frp":13.7},"2026-10-03":{"n":1,"frp":5.1}}}},{"type":"Feature","id":1199,"geometry":{"type":"Polygon","coordinates":[[[148.45788,-9.98873],[148.45764,-9.98739],[148.45696,-9.98622],[148.45591,-9.98534],[148.45462,-9.98488],[148.45325,-9.98488],[148.45196,-9.98534],[148.45091,-9.98622],[148.45022,-9.98739],[148.44998,-9.98873],[148.45022,-9.99007],[148.45091,-9.99125],[148.45196,-9.99212],[148.45325,-9.99259],[148.45462,-9.99259],[148.45591,-9.99212],[148.45696,-9.99125],[148.45764,-9.99007],[148.45788,-9.98873]]]},"properties":{"fid":1199,"n":3,"fre_gj":55.8,"fre_daily":{"2026-09-28":7.2,"2026-10-03":18.0,"2026-10-04":30.6},"overpasses":3,"frp_total":15.5,"frp_max":8.5,"frp_mean":5.16,"area_km2":0.58,"lat":-9.9887,"lon":148.4539,"first_seen":"2026-09-28","last_seen":"2026-10-04","duration_days":3,"status":"active","trend":0,"growth_ratio":1.0,"night_frac":0.0,"daily":{"2026-09-28":{"n":1,"frp":2.0},"2026-10-03":{"n":1,"frp":5.0},"2026-10-04":{"n":1,"frp":8.5}}}},{"type":"Feature","id":288,"geometry":{"type":"Polygon","coordinates":[[[124.50628,-9.83047],[124.50604,-9.82913],[124.50536,-9.82795],[124.50431,-9.82708],[124.50302,-9.82661],[124.50165,-9.82661],[124.50036,-9.82708],[124.49931,-9.82795],[124.49862,-9.82913],[124.49839,-9.83047],[124.49862,-9.83181],[124.49931,-9.83298],[124.50036,-9.83386],[124.50165,-9.83432],[124.50302,-9.83432],[124.50431,-9.83386],[124.50536,-9.83298],[124.50604,-9.83181],[124.50628,-9.83047]]]},"properties":{"fid":288,"n":3,"fre_gj":55.6,"fre_daily":{"2026-09-28":55.6},"overpasses":2,"frp_total":19.7,"frp_max":7.7,"frp_mean":6.57,"area_km2":0.58,"lat":-9.8305,"lon":124.5023,"first_seen":"2026-09-28","last_seen":"2026-09-28","duration_days":1,"status":"historic","trend":-1,"growth_ratio":0.0,"night_frac":0.0,"daily":{"2026-09-28":{"n":3,"frp":19.7}}}},{"type":"Feature","id":92,"geometry":{"type":"Polygon","coordinates":[[[149.32206,-10.23955],[149.32179,-10.238],[149.321,-10.23664],[149.31978,-10.23563],[149.31829,-10.2351],[149.31671,-10.2351],[149.31522,-10.23563],[149.314,-10.23664],[149.31321,-10.238],[149.31294,-10.23955],[149.31321,-10.2411],[149.314,-10.24246],[149.31522,-10.24347],[149.31671,-10.244],[149.31829,-10.244],[149.31978,-10.24347],[149.321,-10.24246],[149.32179,-10.2411],[149.32206,-10.23955]]]},"properties":{"fid":92,"n":4,"fre_gj":55.5,"fre_daily":{"2026-09-28":9.0,"2026-09-29":46.5},"overpasses":3,"frp_total":21.4,"frp_max":9.1,"frp_mean":5.35,"area_km2":0.77,"lat":-10.2395,"lon":149.3175,"first_seen":"2026-09-28","last_seen":"2026-09-29","duration_days":2,"status":"historic","trend":-1,"growth_ratio":0.0,"night_frac":0.0,"daily":{"2026-09-28":{"n":1,"frp":2.5},"2026-09-29":{"n":3,"frp":18.9}}}},{"type":"Feature","id":723,"geometry":{"type":"Polygon","coordinates":[[[142.84667,-9.12103],[142.84644,-9.11969],[142.84575,-9.11852],[142.8447,-9.11764],[142.84342,-9.11718],[142.84205,-9.11718],[142.84076,-9.11764],[142.83972,-9.11852],[142.83903,-9.11969],[142.83879,-9.12103],[142.83903,-9.12237],[142.83972,-9.12355],[142.84076,-9.12442],[142.84205,-9.12489],[142.84342,-9.12489],[142.8447,-9.12442],[142.84575,-9.12355],[142.84644,-9.12237],[142.84667,-9.12103]]]},"properties":{"fid":723,"n":3,"fre_gj":55.4,"fre_daily":{"2026-09-29":55.4},"overpasses":2,"frp_total":22.5,"frp_max":11.9,"frp_mean":7.5,"area_km2":0.58,"lat":-9.121,"lon":142.8427,"first_seen":"2026-09-29","last_seen":"2026-09-29","duration_days":1,"status":"historic","trend":-1,"growth_ratio":0.0,"night_frac":0.0,"daily":{"2026-09-29":{"n":3,"frp":22.5}}}},{"type":"Feature","id":948,"geometry":{"type":"Polygon","coordinates":[[[152.78446,-31.3969],[152.78411,-31.39517],[152.78309,-31.39365],[152.78152,-31.39252],[152.7796,-31.39192],[152.77756,-31.39192],[152.77564,-31.39252],[152.77407,-31.39365],[152.77305,-31.39517],[152.7727,-31.3969],[152.77305,-31.39863],[152.77407,-31.40015],[152.77564,-31.40128],[152.77756,-31.40188],[152.7796,-31.40188],[152.78152,-31.40128],[152.78309,-31.40015],[152.78411,-31.39863],[152.78446,-31.3969]]]},"properties":{"fid":948,"n":5,"fre_gj":55.4,"fre_daily":{"2026-10-01":55.4},"overpasses":4,"frp_total":22.9,"frp_max":7.0,"frp_mean":4.58,"area_km2":0.96,"lat":-31.3969,"lon":152.7786,"first_seen":"2026-10-01","last_seen":"2026-10-01","duration_days":1,"status":"historic","trend":-1,"growth_ratio":0.0,"night_frac":0.0,"daily":{"2026-10-01":{"n":5,"frp":22.9}}}},{"type":"Feature","id":903,"geometry":{"type":"Polygon","coordinates":[[[148.49417,-9.21067],[148.49394,-9.20933],[148.49325,-9.20815],[148.4922,-9.20728],[148.49092,-9.20681],[148.48955,-9.20681],[148.48826,-9.20728],[148.48721,-9.20815],[148.48653,-9.20933],[148.48629,-9.21067],[148.48653,-9.21201],[148.48721,-9.21318],[148.48826,-9.21406],[148.48955,-9.21452],[148.49092,-9.21452],[148.4922,-9.21406],[148.49325,-9.21318],[148.49394,-9.21201],[148.49417,-9.21067]]]},"properties":{"fid":903,"n":3,"fre_gj":55.2,"fre_daily":{"2026-09-30":55.2},"overpasses":2,"frp_total":23.9,"frp_max":13.0,"frp_mean":7.97,"area_km2":0.58,"lat":-9.2107,"lon":148.4902,"first_seen":"2026-09-30","last_seen":"2026-09-30","duration_days":1,"status":"historic","trend":-1,"growth_ratio":0.0,"night_frac":0.0,"daily":{"2026-09-30":{"n":3,"frp":23.9}}}},{"type":"Feature","id":1205,"geometry":{"type":"Polygon","coordinates":[[[149.19184,-9.25477],[149.1916,-9.25343],[149.19092,-9.25225],[149.18987,-9.25138],[149.18858,-9.25091],[149.18722,-9.25091],[149.18593,-9.25138],[149.18488,-9.25225],[149.1842,-9.25343],[149.18396,-9.25477],[149.1842,-9.25611],[149.18488,-9.25728],[149.18593,-9.25816],[149.18722,-9.25862],[149.18858,-9.25862],[149.18987,-9.25816],[149.19092,-9.25728],[149.1916,-9.25611],[149.19184,-9.25477]]]},"properties":{"fid":1205,"n":3,"fre_gj":55.2,"fre_daily":{"2026-10-03":13.1,"2026-10-04":42.2},"overpasses":2,"frp_total":15.3,"frp_max":7.1,"frp_mean":5.11,"area_km2":0.58,"lat":-9.2548,"lon":149.1879,"first_seen":"2026-10-03","last_seen":"2026-10-04","duration_days":2,"status":"active","trend":1,"growth_ratio":2.0,"night_frac":0.0,"daily":{"2026-10-03":{"n":1,"frp":3.6},"2026-10-04":{"n":2,"frp":11.7}}}},{"type":"Feature","id":733,"geometry":{"type":"Polygon","coordinates":[[[120.325,-10.0805],[120.3379,-10.08],[120.339,-10.0709],[120.325,-10.0805]]]},"properties":{"fid":733,"n":3,"fre_gj":55.1,"fre_daily":{"2026-09-29":37.4,"2026-10-03":17.7},"overpasses":3,"frp_total":21.1,"frp_max":13.2,"frp_mean":7.04,"area_km2":0.71,"lat":-10.0771,"lon":120.334,"first_seen":"2026-09-29","last_seen":"2026-10-03","duration_days":2,"status":"receding","trend":-1,"growth_ratio":0.0,"night_frac":0.0,"daily":{"2026-09-29":{"n":2,"frp":16.2},"2026-10-03":{"n":1,"frp":4.9}}}},{"type":"Feature","id":58,"geometry":{"type":"Polygon","coordinates":[[[136.71395,-15.97288],[136.71367,-15.97133],[136.71285,-15.96997],[136.71161,-15.96896],[136.71009,-15.96842],[136.70846,-15.96842],[136.70694,-15.96896],[136.7057,-15.96997],[136.70488,-15.97133],[136.7046,-15.97288],[136.70488,-15.97442],[136.7057,-15.97578],[136.70694,-15.97679],[136.70846,-15.97733],[136.71009,-15.97733],[136.71161,-15.97679],[136.71285,-15.97578],[136.71367,-15.97442],[136.71395,-15.97288]]]},"properties":{"fid":58,"n":4,"fre_gj":55.0,"fre_daily":{"2026-09-28":55.0},"overpasses":2,"frp_total":18.7,"frp_max":6.1,"frp_mean":4.67,"area_km2":0.77,"lat":-15.9729,"lon":136.7093,"first_seen":"2026-09-28","last_seen":"2026-09-28","duration_days":1,"status":"historic","trend":-1,"growth_ratio":0.0,"night_frac":0.0,"daily":{"2026-09-28":{"n":4,"frp":18.7}}}},{"type":"Feature","id":445,"geometry":{"type":"Polygon","coordinates":[[[136.40587,-12.37765],[136.4056,-12.3761],[136.4048,-12.37474],[136.40357,-12.37373],[136.40207,-12.3732],[136.40048,-12.3732],[136.39898,-12.37373],[136.39775,-12.37474],[136.39695,-12.3761],[136.39668,-12.37765],[136.39695,-12.3792],[136.39775,-12.38056],[136.39898,-12.38157],[136.40048,-12.3821],[136.40207,-12.3821],[136.40357,-12.38157],[136.4048,-12.38056],[136.4056,-12.3792],[136.40587,-12.37765]]]},"properties":{"fid":445,"n":4,"fre_gj":54.7,"fre_daily":{"2026-09-28":54.7},"overpasses":1,"frp_total":15.2,"frp_max":4.6,"frp_mean":3.8,"area_km2":0.77,"lat":-12.3776,"lon":136.4013,"first_seen":"2026-09-28","last_seen":"2026-09-28","duration_days":1,"status":"historic","trend":-1,"growth_ratio":0.0,"night_frac":0.0,"daily":{"2026-09-28":{"n":4,"frp":15.2}}}},{"type":"Feature","id":727,"geometry":{"type":"Polygon","coordinates":[[[142.74162,-9.0449],[142.74135,-9.04335],[142.74056,-9.04199],[142.73935,-9.04098],[142.73786,-9.04045],[142.73629,-9.04045],[142.7348,-9.04098],[142.73359,-9.04199],[142.7328,-9.04335],[142.73253,-9.0449],[142.7328,-9.04645],[142.73359,-9.04781],[142.7348,-9.04882],[142.73629,-9.04935],[142.73786,-9.04935],[142.73935,-9.04882],[142.74056,-9.04781],[142.74135,-9.04645],[142.74162,-9.0449]]]},"properties":{"fid":727,"n":4,"fre_gj":54.6,"fre_daily":{"2026-09-29":54.6},"overpasses":2,"frp_total":22.2,"frp_max":11.4,"frp_mean":5.55,"area_km2":0.77,"lat":-9.0449,"lon":142.7371,"first_seen":"2026-09-29","last_seen":"2026-09-29","duration_days":1,"status":"historic","trend":-1,"growth_ratio":0.0,"night_frac":0.0,"daily":{"2026-09-29":{"n":4,"frp":22.2}}}},{"type":"Feature","id":3,"geometry":{"type":"Polygon","coordinates":[[[147.91134,-41.6602],[147.91103,-41.65886],[147.91012,-41.65768],[147.90874,-41.65681],[147.90704,-41.65634],[147.90523,-41.65634],[147.90353,-41.65681],[147.90214,-41.65768],[147.90124,-41.65886],[147.90093,-41.6602],[147.90124,-41.66154],[147.90214,-41.66272],[147.90353,-41.66359],[147.90523,-41.66406],[147.90704,-41.66406],[147.90874,-41.66359],[147.91012,-41.66272],[147.91103,-41.66154],[147.91134,-41.6602]]]},"properties":{"fid":3,"n":3,"fre_gj":54.5,"fre_daily":{"2026-09-28":54.5},"overpasses":3,"frp_total":22.1,"frp_max":10.4,"frp_mean":7.37,"area_km2":0.58,"lat":-41.6602,"lon":147.9061,"first_seen":"2026-09-28","last_seen":"2026-09-28","duration_days":1,"status":"historic","trend":-1,"growth_ratio":0.0,"night_frac":0.0,"daily":{"2026-09-28":{"n":3,"frp":22.1}}}},{"type":"Feature","id":761,"geometry":{"type":"Polygon","coordinates":[[[148.97543,-9.32987],[148.97515,-9.32833],[148.97436,-9.32697],[148.97315,-9.32596],[148.97167,-9.32542],[148.97008,-9.32542],[148.9686,-9.32596],[148.96739,-9.32697],[148.9666,-9.32833],[148.96632,-9.32987],[148.9666,-9.33142],[148.96739,-9.33278],[148.9686,-9.33379],[148.97008,-9.33433],[148.97167,-9.33433],[148.97315,-9.33379],[148.97436,-9.33278],[148.97515,-9.33142],[148.97543,-9.32987]]]},"properties":{"fid":761,"n":4,"fre_gj":54.5,"fre_daily":{"2026-09-29":15.1,"2026-10-02":14.8,"2026-10-03":24.6},"overpasses":3,"frp_total":15.1,"frp_max":6.8,"frp_mean":3.79,"area_km2":0.77,"lat":-9.3299,"lon":148.9709,"first_seen":"2026-09-29","last_seen":"2026-10-03","duration_days":3,"status":"receding","trend":-1,"growth_ratio":0.0,"night_frac":0.5,"daily":{"2026-09-29":{"n":1,"frp":4.2},"2026-10-02":{"n":2,"frp":4.1},"2026-10-03":{"n":1,"frp":6.8}}}},{"type":"Feature","id":805,"geometry":{"type":"Polygon","coordinates":[[[141.40135,-37.61402],[141.401,-37.61248],[141.40002,-37.61112],[141.39851,-37.61011],[141.39666,-37.60957],[141.39469,-37.60957],[141.39284,-37.61011],[141.39133,-37.61112],[141.39035,-37.61248],[141.39,-37.61402],[141.39035,-37.61557],[141.39133,-37.61693],[141.39284,-37.61794],[141.39469,-37.61848],[141.39666,-37.61848],[141.39851,-37.61794],[141.40002,-37.61693],[141.401,-37.61557],[141.40135,-37.61402]]]},"properties":{"fid":805,"n":4,"fre_gj":54.4,"fre_daily":{"2026-09-30":54.4},"overpasses":2,"frp_total":18.9,"frp_max":6.5,"frp_mean":4.72,"area_km2":0.77,"lat":-37.614,"lon":141.3957,"first_seen":"2026-09-30","last_seen":"2026-09-30","duration_days":1,"status":"historic","trend":-1,"growth_ratio":0.0,"night_frac":0.0,"daily":{"2026-09-30":{"n":4,"frp":18.9}}}},{"type":"Feature","id":914,"geometry":{"type":"Polygon","coordinates":[[[119.73658,-9.68513],[119.73634,-9.68379],[119.73566,-9.68262],[119.73461,-9.68174],[119.73332,-9.68128],[119.73195,-9.68128],[119.73066,-9.68174],[119.72961,-9.68262],[119.72893,-9.68379],[119.72869,-9.68513],[119.72893,-9.68647],[119.72961,-9.68765],[119.73066,-9.68852],[119.73195,-9.68899],[119.73332,-9.68899],[119.73461,-9.68852],[119.73566,-9.68765],[119.73634,-9.68647],[119.73658,-9.68513]]]},"properties":{"fid":914,"n":3,"fre_gj":54.4,"fre_daily":{"2026-09-30":32.4,"2026-10-01":22.0},"overpasses":2,"frp_total":15.1,"frp_max":6.1,"frp_mean":5.03,"area_km2":0.58,"lat":-9.6851,"lon":119.7326,"first_seen":"2026-09-30","last_seen":"2026-10-01","duration_days":2,"status":"historic","trend":-1,"growth_ratio":0.0,"night_frac":0.0,"daily":{"2026-09-30":{"n":2,"frp":9.0},"2026-10-01":{"n":1,"frp":6.1}}}},{"type":"Feature","id":13,"geometry":{"type":"Polygon","coordinates":[[[146.94889,-35.24356],[146.94852,-35.24183],[146.94745,-35.24031],[146.94581,-35.23918],[146.94381,-35.23858],[146.94167,-35.23858],[146.93967,-35.23918],[146.93803,-35.24031],[146.93696,-35.24183],[146.93659,-35.24356],[146.93696,-35.24529],[146.93803,-35.24681],[146.93967,-35.24794],[146.94167,-35.24854],[146.94381,-35.24854],[146.94581,-35.24794],[146.94745,-35.24681],[146.94852,-35.24529],[146.94889,-35.24356]]]},"properties":{"fid":13,"n":5,"fre_gj":54.2,"fre_daily":{"2026-09-28":54.2},"overpasses":3,"frp_total":24.1,"frp_max":7.7,"frp_mean":4.82,"area_km2":0.96,"lat":-35.2436,"lon":146.9427,"first_seen":"2026-09-28","last_seen":"2026-09-28","duration_days":1,"status":"historic","trend":-1,"growth_ratio":0.0,"night_frac":0.0,"daily":{"2026-09-28":{"n":5,"frp":24.1}}}},{"type":"Feature","id":101,"geometry":{"type":"Polygon","coordinates":[[[147.8363,-10.022],[147.8539,-10.0243],[147.8521,-10.0221],[147.841,-10.0157],[147.8363,-10.022]]]},"properties":{"fid":101,"n":4,"fre_gj":54.2,"fre_daily":{"2026-09-28":6.5,"2026-09-29":26.3,"2026-10-03":21.4},"overpasses":4,"frp_total":15.9,"frp_max":7.3,"frp_mean":3.98,"area_km2":0.82,"lat":-10.021,"lon":147.8458,"first_seen":"2026-09-28","last_seen":"2026-10-03","duration_days":3,"status":"receding","trend":-1,"growth_ratio":0.0,"night_frac":0.0,"daily":{"2026-09-28":{"n":1,"frp":1.8},"2026-09-29":{"n":1,"frp":7.3},"2026-10-03":{"n":2,"frp":6.8}}}},{"type":"Feature","id":1162,"geometry":{"type":"Polygon","coordinates":[[[147.88155,-9.77767],[147.88131,-9.77633],[147.88062,-9.77515],[147.87957,-9.77428],[147.87829,-9.77381],[147.87691,-9.77381],[147.87563,-9.77428],[147.87458,-9.77515],[147.87389,-9.77633],[147.87365,-9.77767],[147.87389,-9.77901],[147.87458,-9.78018],[147.87563,-9.78106],[147.87691,-9.78152],[147.87829,-9.78152],[147.87957,-9.78106],[147.88062,-9.78018],[147.88131,-9.77901],[147.88155,-9.77767]]]},"properties":{"fid":1162,"n":3,"fre_gj":54.1,"fre_daily":{"2026-10-02":41.8,"2026-10-03":12.3},"overpasses":2,"frp_total":15.0,"frp_max":6.7,"frp_mean":5.01,"area_km2":0.58,"lat":-9.7777,"lon":147.8776,"first_seen":"2026-10-02","last_seen":"2026-10-03","duration_days":2,"status":"receding","trend":-1,"growth_ratio":0.0,"night_frac":0.0,"daily":{"2026-10-02":{"n":2,"frp":11.6},"2026-10-03":{"n":1,"frp":3.4}}}},{"type":"Feature","id":1066,"geometry":{"type":"Polygon","coordinates":[[[124.3011,-9.2745],[124.3023,-9.2777],[124.3163,-9.2753],[124.3011,-9.2745]]]},"properties":{"fid":1066,"n":4,"fre_gj":54.0,"fre_daily":{"2026-10-01":26.6,"2026-10-03":27.4},"overpasses":3,"frp_total":16.3,"frp_max":5.9,"frp_mean":4.07,"area_km2":0.29,"lat":-9.2759,"lon":124.3081,"first_seen":"2026-10-01","last_seen":"2026-10-03","duration_days":2,"status":"receding","trend":-1,"growth_ratio":0.0,"night_frac":0.0,"daily":{"2026-10-01":{"n":2,"frp":7.4},"2026-10-03":{"n":2,"frp":8.9}}}},{"type":"Feature","id":16,"geometry":{"type":"Polygon","coordinates":[[[140.60342,-34.43365],[140.60302,-34.43176],[140.60186,-34.43009],[140.60008,-34.42885],[140.59791,-34.4282],[140.59559,-34.4282],[140.59342,-34.42885],[140.59164,-34.43009],[140.59048,-34.43176],[140.59008,-34.43365],[140.59048,-34.43554],[140.59164,-34.43721],[140.59342,-34.43845],[140.59559,-34.4391],[140.59791,-34.4391],[140.60008,-34.43845],[140.60186,-34.43721],[140.60302,-34.43554],[140.60342,-34.43365]]]},"properties":{"fid":16,"n":6,"fre_gj":53.9,"fre_daily":{"2026-09-28":53.9},"overpasses":4,"frp_total":21.2,"frp_max":4.8,"frp_mean":3.53,"area_km2":1.15,"lat":-34.4337,"lon":140.5968,"first_seen":"2026-09-28","last_seen":"2026-09-28","duration_days":1,"status":"historic","trend":-1,"growth_ratio":0.0,"night_frac":0.0,"daily":{"2026-09-28":{"n":6,"frp":21.2}}}},{"type":"Feature","id":296,"geometry":{"type":"Polygon","coordinates":[[[120.01534,-9.5332],[120.01511,-9.53186],[120.01442,-9.53068],[120.01337,-9.52981],[120.01208,-9.52934],[120.01072,-9.52934],[120.00943,-9.52981],[120.00838,-9.53068],[120.00769,-9.53186],[120.00746,-9.5332],[120.00769,-9.53454],[120.00838,-9.53572],[120.00943,-9.53659],[120.01072,-9.53706],[120.01208,-9.53706],[120.01337,-9.53659],[120.01442,-9.53572],[120.01511,-9.53454],[120.01534,-9.5332]]]},"properties":{"fid":296,"n":3,"fre_gj":53.9,"fre_daily":{"2026-09-28":53.9},"overpasses":3,"frp_total":25.3,"frp_max":13.5,"frp_mean":8.43,"area_km2":0.58,"lat":-9.5332,"lon":120.0114,"first_seen":"2026-09-28","last_seen":"2026-09-28","duration_days":1,"status":"historic","trend":-1,"growth_ratio":0.0,"night_frac":0.0,"daily":{"2026-09-28":{"n":3,"frp":25.3}}}},{"type":"Feature","id":790,"geometry":{"type":"Polygon","coordinates":[[[152.62786,-29.72138],[152.62751,-29.71965],[152.62651,-29.71813],[152.62497,-29.717],[152.62308,-29.7164],[152.62108,-29.7164],[152.61919,-29.717],[152.61765,-29.71813],[152.61665,-29.71965],[152.6163,-29.72138],[152.61665,-29.72311],[152.61765,-29.72463],[152.61919,-29.72576],[152.62108,-29.72636],[152.62308,-29.72636],[152.62497,-29.72576],[152.62651,-29.72463],[152.62751,-29.72311],[152.62786,-29.72138]]]},"properties":{"fid":790,"n":5,"fre_gj":53.7,"fre_daily":{"2026-09-30":45.4,"2026-10-01":8.3},"overpasses":4,"frp_total":22.7,"frp_max":7.5,"frp_mean":4.54,"area_km2":0.96,"lat":-29.7214,"lon":152.6221,"first_seen":"2026-09-30","last_seen":"2026-10-01","duration_days":2,"status":"historic","trend":-1,"growth_ratio":0.0,"night_frac":0.0,"daily":{"2026-09-30":{"n":4,"frp":20.4},"2026-10-01":{"n":1,"frp":2.3}}}},{"type":"Feature","id":511,"geometry":{"type":"Polygon","coordinates":[[[143.43713,-12.96145],[143.43686,-12.9599],[143.43606,-12.95854],[143.43483,-12.95753],[143.43333,-12.957],[143.43172,-12.957],[143.43022,-12.95753],[143.42899,-12.95854],[143.42819,-12.9599],[143.42792,-12.96145],[143.42819,-12.963],[143.42899,-12.96436],[143.43022,-12.96537],[143.43172,-12.9659],[143.43333,-12.9659],[143.43483,-12.96537],[143.43606,-12.96436],[143.43686,-12.963],[143.43713,-12.96145]]]},"properties":{"fid":511,"n":4,"fre_gj":53.6,"fre_daily":{"2026-09-28":53.6},"overpasses":1,"frp_total":14.9,"frp_max":5.0,"frp_mean":3.72,"area_km2":0.77,"lat":-12.9614,"lon":143.4325,"first_seen":"2026-09-28","last_seen":"2026-09-28","duration_days":1,"status":"historic","trend":-1,"growth_ratio":0.0,"night_frac":0.0,"daily":{"2026-09-28":{"n":4,"frp":14.9}}}},{"type":"Feature","id":713,"geometry":{"type":"Polygon","coordinates":[[[134.3132,-12.0862],[134.327,-12.0887],[134.3264,-12.0853],[134.3132,-12.0832],[134.3132,-12.0862]]]},"properties":{"fid":713,"n":4,"fre_gj":53.6,"fre_daily":{"2026-09-29":35.6,"2026-09-30":18.0},"overpasses":2,"frp_total":14.9,"frp_max":5.2,"frp_mean":3.73,"area_km2":0.51,"lat":-12.0859,"lon":134.32,"first_seen":"2026-09-29","last_seen":"2026-09-30","duration_days":2,"status":"historic","trend":-1,"growth_ratio":0.0,"night_frac":0.0,"daily":{"2026-09-29":{"n":2,"frp":9.9},"2026-09-30":{"n":2,"frp":5.0}}}},{"type":"Feature","id":587,"geometry":{"type":"Polygon","coordinates":[[[148.58725,-9.61817],[148.58701,-9.61683],[148.58632,-9.61565],[148.58527,-9.61478],[148.58399,-9.61431],[148.58261,-9.61431],[148.58133,-9.61478],[148.58028,-9.61565],[148.57959,-9.61683],[148.57935,-9.61817],[148.57959,-9.61951],[148.58028,-9.62068],[148.58133,-9.62156],[148.58261,-9.62202],[148.58399,-9.62202],[148.58527,-9.62156],[148.58632,-9.62068],[148.58701,-9.61951],[148.58725,-9.61817]]]},"properties":{"fid":587,"n":3,"fre_gj":53.3,"fre_daily":{"2026-09-29":36.9,"2026-10-04":16.5},"overpasses":3,"frp_total":17.4,"frp_max":8.0,"frp_mean":5.79,"area_km2":0.58,"lat":-9.6182,"lon":148.5833,"first_seen":"2026-09-29","last_seen":"2026-10-04","duration_days":2,"status":"active","trend":-1,"growth_ratio":0.5,"night_frac":0.0,"daily":{"2026-09-29":{"n":2,"frp":12.8},"2026-10-04":{"n":1,"frp":4.6}}}},{"type":"Feature","id":1018,"geometry":{"type":"Polygon","coordinates":[[[149.94,-26.3098],[149.9419,-26.3111],[149.9469,-26.3092],[149.949,-26.3063],[149.9487,-26.3031],[149.9464,-26.3023],[149.9434,-26.3017],[149.941,-26.3056],[149.94,-26.3098]]]},"properties":{"fid":1018,"n":15,"fre_gj":53.3,"fre_daily":{"2026-10-01":53.3},"overpasses":4,"frp_total":22.8,"frp_max":2.9,"frp_mean":1.52,"area_km2":0.63,"lat":-26.3065,"lon":149.9445,"first_seen":"2026-10-01","last_seen":"2026-10-01","duration_days":1,"status":"historic","trend":-1,"growth_ratio":0.0,"night_frac":1.0,"daily":{"2026-10-01":{"n":15,"frp":22.8}}}},{"type":"Feature","id":1275,"geometry":{"type":"Polygon","coordinates":[[[147.26491,-9.05913],[147.26467,-9.05779],[147.26398,-9.05662],[147.26294,-9.05574],[147.26165,-9.05528],[147.26028,-9.05528],[147.259,-9.05574],[147.25795,-9.05662],[147.25727,-9.05779],[147.25703,-9.05913],[147.25727,-9.06047],[147.25795,-9.06165],[147.259,-9.06252],[147.26028,-9.06299],[147.26165,-9.06299],[147.26294,-9.06252],[147.26398,-9.06165],[147.26467,-9.06047],[147.26491,-9.05913]]]},"properties":{"fid":1275,"n":3,"fre_gj":53.3,"fre_daily":{"2026-09-28":1.8,"2026-10-04":51.5},"overpasses":2,"frp_total":14.8,"frp_max":7.4,"frp_mean":4.94,"area_km2":0.58,"lat":-9.0591,"lon":147.261,"first_seen":"2026-09-28","last_seen":"2026-10-04","duration_days":2,"status":"active","trend":1,"growth_ratio":2.0,"night_frac":0.33,"daily":{"2026-09-28":{"n":1,"frp":0.5},"2026-10-04":{"n":2,"frp":14.3}}}},{"type":"Feature","id":397,"geometry":{"type":"Polygon","coordinates":[[[120.30146,-9.66093],[120.30113,-9.65904],[120.30016,-9.65737],[120.29867,-9.65614],[120.29685,-9.65548],[120.29491,-9.65548],[120.29309,-9.65614],[120.29161,-9.65737],[120.29064,-9.65904],[120.2903,-9.66093],[120.29064,-9.66283],[120.29161,-9.66449],[120.29309,-9.66573],[120.29491,-9.66639],[120.29685,-9.66639],[120.29867,-9.66573],[120.30016,-9.66449],[120.30113,-9.66283],[120.30146,-9.66093]]]},"properties":{"fid":397,"n":6,"fre_gj":53.0,"fre_daily":{"2026-09-28":53.0},"overpasses":3,"frp_total":21.2,"frp_max":5.2,"frp_mean":3.53,"area_km2":1.15,"lat":-9.6609,"lon":120.2959,"first_seen":"2026-09-28","last_seen":"2026-09-28","duration_days":1,"status":"historic","trend":-1,"growth_ratio":0.0,"night_frac":1.0,"daily":{"2026-09-28":{"n":6,"frp":21.2}}}},{"type":"Feature","id":70,"geometry":{"type":"Polygon","coordinates":[[[143.4349,-12.9423],[143.439,-12.9451],[143.4403,-12.9443],[143.448,-12.9362],[143.448,-12.9334],[143.4349,-12.9423]]]},"properties":{"fid":70,"n":6,"fre_gj":52.9,"fre_daily":{"2026-09-28":52.9},"overpasses":3,"frp_total":26.7,"frp_max":7.4,"frp_mean":4.45,"area_km2":0.62,"lat":-12.9405,"lon":143.4415,"first_seen":"2026-09-28","last_seen":"2026-09-28","duration_days":1,"status":"historic","trend":-1,"growth_ratio":0.0,"night_frac":0.0,"daily":{"2026-09-28":{"n":6,"frp":26.7}}}},{"type":"Feature","id":129,"geometry":{"type":"Polygon","coordinates":[[[151.0126,-9.6066],[151.0184,-9.6183],[151.0274,-9.6113],[151.0126,-9.6066]]]},"properties":{"fid":129,"n":4,"fre_gj":52.9,"fre_daily":{"2026-09-28":14.8,"2026-09-29":25.9,"2026-10-02":12.2},"overpasses":4,"frp_total":16.5,"frp_max":4.8,"frp_mean":4.12,"area_km2":0.89,"lat":-9.6131,"lon":151.0194,"first_seen":"2026-09-28","last_seen":"2026-10-02","duration_days":3,"status":"historic","trend":-1,"growth_ratio":0.0,"night_frac":0.0,"daily":{"2026-09-28":{"n":1,"frp":4.1},"2026-09-29":{"n":2,"frp":9.0},"2026-10-02":{"n":1,"frp":3.4}}}},{"type":"Feature","id":608,"geometry":{"type":"Polygon","coordinates":[[[129.16401,-23.18065],[129.16372,-23.1791],[129.16287,-23.17774],[129.16157,-23.17673],[129.15997,-23.1762],[129.15828,-23.1762],[129.15668,-23.17673],[129.15538,-23.17774],[129.15453,-23.1791],[129.15424,-23.18065],[129.15453,-23.1822],[129.15538,-23.18356],[129.15668,-23.18457],[129.15828,-23.1851],[129.15997,-23.1851],[129.16157,-23.18457],[129.16287,-23.18356],[129.16372,-23.1822],[129.16401,-23.18065]]]},"properties":{"fid":608,"n":4,"fre_gj":52.7,"fre_daily":{"2026-09-29":52.7},"overpasses":3,"frp_total":22.3,"frp_max":8.7,"frp_mean":5.58,"area_km2":0.77,"lat":-23.1806,"lon":129.1591,"first_seen":"2026-09-29","last_seen":"2026-09-29","duration_days":1,"status":"historic","trend":-1,"growth_ratio":0.0,"night_frac":0.0,"daily":{"2026-09-29":{"n":4,"frp":22.3}}}},{"type":"Feature","id":1120,"geometry":{"type":"Polygon","coordinates":[[[146.9772,-9.1764],[146.97693,-9.17485],[146.97614,-9.17349],[146.97492,-9.17248],[146.97344,-9.17195],[146.97186,-9.17195],[146.97038,-9.17248],[146.96916,-9.17349],[146.96837,-9.17485],[146.9681,-9.1764],[146.96837,-9.17795],[146.96916,-9.17931],[146.97038,-9.18032],[146.97186,-9.18085],[146.97344,-9.18085],[146.97492,-9.18032],[146.97614,-9.17931],[146.97693,-9.17795],[146.9772,-9.1764]]]},"properties":{"fid":1120,"n":4,"fre_gj":52.5,"fre_daily":{"2026-10-02":52.5},"overpasses":3,"frp_total":19.7,"frp_max":6.2,"frp_mean":4.92,"area_km2":0.77,"lat":-9.1764,"lon":146.9726,"first_seen":"2026-10-02","last_seen":"2026-10-02","duration_days":1,"status":"historic","trend":-1,"growth_ratio":0.0,"night_frac":0.0,"daily":{"2026-10-02":{"n":4,"frp":19.7}}}},{"type":"Feature","id":142,"geometry":{"type":"Polygon","coordinates":[[[147.20294,-9.33317],[147.2027,-9.33183],[147.20202,-9.33065],[147.20097,-9.32978],[147.19968,-9.32931],[147.19832,-9.32931],[147.19703,-9.32978],[147.19598,-9.33065],[147.1953,-9.33183],[147.19506,-9.33317],[147.1953,-9.33451],[147.19598,-9.33568],[147.19703,-9.33656],[147.19832,-9.33702],[147.19968,-9.33702],[147.20097,-9.33656],[147.20202,-9.33568],[147.2027,-9.33451],[147.20294,-9.33317]]]},"properties":{"fid":142,"n":3,"fre_gj":52.4,"fre_daily":{"2026-09-28":14.4,"2026-09-29":38.0},"overpasses":3,"frp_total":17.2,"frp_max":8.0,"frp_mean":5.73,"area_km2":0.58,"lat":-9.3332,"lon":147.199,"first_seen":"2026-09-28","last_seen":"2026-09-29","duration_days":2,"status":"historic","trend":-1,"growth_ratio":0.0,"night_frac":0.0,"daily":{"2026-09-28":{"n":1,"frp":4.0},"2026-09-29":{"n":2,"frp":13.2}}}},{"type":"Feature","id":1229,"geometry":{"type":"Polygon","coordinates":[[[124.22138,-9.39405],[124.2211,-9.3925],[124.22031,-9.39114],[124.2191,-9.39013],[124.21762,-9.3896],[124.21603,-9.3896],[124.21455,-9.39013],[124.21334,-9.39114],[124.21255,-9.3925],[124.21227,-9.39405],[124.21255,-9.3956],[124.21334,-9.39696],[124.21455,-9.39797],[124.21603,-9.3985],[124.21762,-9.3985],[124.2191,-9.39797],[124.22031,-9.39696],[124.2211,-9.3956],[124.22138,-9.39405]]]},"properties":{"fid":1229,"n":4,"fre_gj":52.3,"fre_daily":{"2026-10-03":52.3},"overpasses":2,"frp_total":16.9,"frp_max":4.3,"frp_mean":4.23,"area_km2":0.77,"lat":-9.3941,"lon":124.2168,"first_seen":"2026-10-03","last_seen":"2026-10-03","duration_days":1,"status":"receding","trend":-1,"growth_ratio":0.0,"night_frac":0.0,"daily":{"2026-10-03":{"n":4,"frp":16.9}}}},{"type":"Feature","id":533,"geometry":{"type":"Polygon","coordinates":[[[129.7253,-16.2029],[129.7274,-16.2044],[129.7377,-16.1957],[129.7379,-16.1947],[129.7253,-16.2029]]]},"properties":{"fid":533,"n":4,"fre_gj":51.9,"fre_daily":{"2026-09-28":45.3,"2026-09-29":6.6},"overpasses":4,"frp_total":18.2,"frp_max":8.7,"frp_mean":4.55,"area_km2":0.26,"lat":-16.1994,"lon":129.7321,"first_seen":"2026-09-28","last_seen":"2026-09-29","duration_days":2,"status":"historic","trend":-1,"growth_ratio":0.0,"night_frac":0.5,"daily":{"2026-09-28":{"n":2,"frp":15.9},"2026-09-29":{"n":2,"frp":2.3}}}},{"type":"Feature","id":382,"geometry":{"type":"Polygon","coordinates":[[[135.90034,-14.00403],[135.9001,-14.00269],[135.8994,-14.00152],[135.89834,-14.00064],[135.89703,-14.00018],[135.89564,-14.00018],[135.89433,-14.00064],[135.89326,-14.00152],[135.89257,-14.00269],[135.89232,-14.00403],[135.89257,-14.00537],[135.89326,-14.00655],[135.89433,-14.00742],[135.89564,-14.00789],[135.89703,-14.00789],[135.89834,-14.00742],[135.8994,-14.00655],[135.9001,-14.00537],[135.90034,-14.00403]]]},"properties":{"fid":382,"n":3,"fre_gj":51.8,"fre_daily":{"2026-09-28":4.3,"2026-09-30":47.5},"overpasses":2,"frp_total":14.4,"frp_max":6.6,"frp_mean":4.8,"area_km2":0.58,"lat":-14.004,"lon":135.8963,"first_seen":"2026-09-28","last_seen":"2026-09-30","duration_days":2,"status":"historic","trend":-1,"growth_ratio":0.0,"night_frac":0.33,"daily":{"2026-09-28":{"n":1,"frp":1.2},"2026-09-30":{"n":2,"frp":13.2}}}},{"type":"Feature","id":632,"geometry":{"type":"Polygon","coordinates":[[[124.45483,-9.56077],[124.45456,-9.55923],[124.45376,-9.55787],[124.45255,-9.55686],[124.45107,-9.55632],[124.44948,-9.55632],[124.448,-9.55686],[124.44679,-9.55787],[124.44599,-9.55923],[124.44572,-9.56077],[124.44599,-9.56232],[124.44679,-9.56368],[124.448,-9.56469],[124.44948,-9.56523],[124.45107,-9.56523],[124.45255,-9.56469],[124.45376,-9.56368],[124.45456,-9.56232],[124.45483,-9.56077]]]},"properties":{"fid":632,"n":4,"fre_gj":51.6,"fre_daily":{"2026-09-29":14.4,"2026-10-03":37.2},"overpasses":3,"frp_total":16.0,"frp_max":5.8,"frp_mean":4.01,"area_km2":0.77,"lat":-9.5608,"lon":124.4503,"first_seen":"2026-09-29","last_seen":"2026-10-03","duration_days":2,"status":"receding","trend":-1,"growth_ratio":0.0,"night_frac":0.0,"daily":{"2026-09-29":{"n":1,"frp":4.0},"2026-10-03":{"n":3,"frp":12.0}}}},{"type":"Feature","id":250,"geometry":{"type":"Polygon","coordinates":[[[123.14774,-17.38753],[123.1475,-17.38619],[123.14679,-17.38502],[123.1457,-17.38414],[123.14437,-17.38368],[123.14296,-17.38368],[123.14163,-17.38414],[123.14054,-17.38502],[123.13984,-17.38619],[123.13959,-17.38753],[123.13984,-17.38887],[123.14054,-17.39005],[123.14163,-17.39092],[123.14296,-17.39139],[123.14437,-17.39139],[123.1457,-17.39092],[123.14679,-17.39005],[123.1475,-17.38887],[123.14774,-17.38753]]]},"properties":{"fid":250,"n":3,"fre_gj":51.3,"fre_daily":{"2026-09-28":51.3},"overpasses":2,"frp_total":18.0,"frp_max":6.4,"frp_mean":6.0,"area_km2":0.58,"lat":-17.3875,"lon":123.1437,"first_seen":"2026-09-28","last_seen":"2026-09-28","duration_days":1,"status":"historic","trend":-1,"growth_ratio":0.0,"night_frac":0.0,"daily":{"2026-09-28":{"n":3,"frp":18.0}}}},{"type":"Feature","id":737,"geometry":{"type":"Polygon","coordinates":[[[124.68218,-9.49073],[124.68194,-9.48939],[124.68125,-9.48822],[124.68021,-9.48734],[124.67892,-9.48688],[124.67755,-9.48688],[124.67626,-9.48734],[124.67521,-9.48822],[124.67453,-9.48939],[124.67429,-9.49073],[124.67453,-9.49207],[124.67521,-9.49325],[124.67626,-9.49412],[124.67755,-9.49459],[124.67892,-9.49459],[124.68021,-9.49412],[124.68125,-9.49325],[124.68194,-9.49207],[124.68218,-9.49073]]]},"properties":{"fid":737,"n":3,"fre_gj":51.3,"fre_daily":{"2026-09-29":51.3},"overpasses":2,"frp_total":22.2,"frp_max":11.7,"frp_mean":7.4,"area_km2":0.58,"lat":-9.4907,"lon":124.6782,"first_seen":"2026-09-29","last_seen":"2026-09-29","duration_days":1,"status":"historic","trend":-1,"growth_ratio":0.0,"night_frac":0.0,"daily":{"2026-09-29":{"n":3,"frp":22.2}}}},{"type":"Feature","id":1227,"geometry":{"type":"Polygon","coordinates":[[[124.41768,-9.54073],[124.41744,-9.53939],[124.41675,-9.53822],[124.41571,-9.53734],[124.41442,-9.53688],[124.41305,-9.53688],[124.41176,-9.53734],[124.41071,-9.53822],[124.41003,-9.53939],[124.40979,-9.54073],[124.41003,-9.54207],[124.41071,-9.54325],[124.41176,-9.54412],[124.41305,-9.54459],[124.41442,-9.54459],[124.41571,-9.54412],[124.41675,-9.54325],[124.41744,-9.54207],[124.41768,-9.54073]]]},"properties":{"fid":1227,"n":3,"fre_gj":51.2,"fre_daily":{"2026-10-03":51.2},"overpasses":2,"frp_total":16.6,"frp_max":6.3,"frp_mean":5.52,"area_km2":0.58,"lat":-9.5407,"lon":124.4137,"first_seen":"2026-10-03","last_seen":"2026-10-03","duration_days":1,"status":"receding","trend":-1,"growth_ratio":0.0,"night_frac":0.0,"daily":{"2026-10-03":{"n":3,"frp":16.6}}}},{"type":"Feature","id":113,"geometry":{"type":"Polygon","coordinates":[[[148.55755,-9.732],[148.55731,-9.73066],[148.55662,-9.72948],[148.55557,-9.72861],[148.55429,-9.72814],[148.55291,-9.72814],[148.55163,-9.72861],[148.55058,-9.72948],[148.54989,-9.73066],[148.54965,-9.732],[148.54989,-9.73334],[148.55058,-9.73452],[148.55163,-9.73539],[148.55291,-9.73586],[148.55429,-9.73586],[148.55557,-9.73539],[148.55662,-9.73452],[148.55731,-9.73334],[148.55755,-9.732]]]},"properties":{"fid":113,"n":3,"fre_gj":50.4,"fre_daily":{"2026-09-28":50.4},"overpasses":2,"frp_total":17.5,"frp_max":6.5,"frp_mean":5.83,"area_km2":0.58,"lat":-9.732,"lon":148.5536,"first_seen":"2026-09-28","last_seen":"2026-09-28","duration_days":1,"status":"historic","trend":-1,"growth_ratio":0.0,"night_frac":0.0,"daily":{"2026-09-28":{"n":3,"frp":17.5}}}},{"type":"Feature","id":992,"geometry":{"type":"Polygon","coordinates":[[[120.60309,-10.07343],[120.60281,-10.07188],[120.60202,-10.07052],[120.60081,-10.06951],[120.59932,-10.06897],[120.59773,-10.06897],[120.59624,-10.06951],[120.59503,-10.07052],[120.59424,-10.07188],[120.59396,-10.07343],[120.59424,-10.07497],[120.59503,-10.07633],[120.59624,-10.07734],[120.59773,-10.07788],[120.59932,-10.07788],[120.60081,-10.07734],[120.60202,-10.07633],[120.60281,-10.07497],[120.60309,-10.07343]]]},"properties":{"fid":992,"n":4,"fre_gj":50.4,"fre_daily":{"2026-10-01":50.4},"overpasses":1,"frp_total":14.0,"frp_max":3.7,"frp_mean":3.5,"area_km2":0.77,"lat":-10.0734,"lon":120.5985,"first_seen":"2026-10-01","last_seen":"2026-10-01","duration_days":1,"status":"historic","trend":-1,"growth_ratio":0.0,"night_frac":0.0,"daily":{"2026-10-01":{"n":4,"frp":14.0}}}},{"type":"Feature","id":804,"geometry":{"type":"Polygon","coordinates":[[[148.58694,-9.07487],[148.5867,-9.07353],[148.58602,-9.07235],[148.58497,-9.07148],[148.58368,-9.07101],[148.58232,-9.07101],[148.58103,-9.07148],[148.57998,-9.07235],[148.5793,-9.07353],[148.57906,-9.07487],[148.5793,-9.07621],[148.57998,-9.07738],[148.58103,-9.07826],[148.58232,-9.07872],[148.58368,-9.07872],[148.58497,-9.07826],[148.58602,-9.07738],[148.5867,-9.07621],[148.58694,-9.07487]]]},"properties":{"fid":804,"n":3,"fre_gj":49.6,"fre_daily":{"2026-09-30":49.6},"overpasses":3,"frp_total":23.3,"frp_max":12.1,"frp_mean":7.77,"area_km2":0.58,"lat":-9.0749,"lon":148.583,"first_seen":"2026-09-30","last_seen":"2026-09-30","duration_days":1,"status":"historic","trend":-1,"growth_ratio":0.0,"night_frac":0.0,"daily":{"2026-09-30":{"n":3,"frp":23.3}}}},{"type":"Feature","id":728,"geometry":{"type":"Polygon","coordinates":[[[142.67881,-9.04037],[142.67857,-9.03903],[142.67788,-9.03785],[142.67684,-9.03698],[142.67555,-9.03651],[142.67418,-9.03651],[142.6729,-9.03698],[142.67185,-9.03785],[142.67117,-9.03903],[142.67093,-9.04037],[142.67117,-9.04171],[142.67185,-9.04288],[142.6729,-9.04376],[142.67418,-9.04422],[142.67555,-9.04422],[142.67684,-9.04376],[142.67788,-9.04288],[142.67857,-9.04171],[142.67881,-9.04037]]]},"properties":{"fid":728,"n":3,"fre_gj":49.2,"fre_daily":{"2026-09-29":49.2},"overpasses":2,"frp_total":20.0,"frp_max":8.7,"frp_mean":6.67,"area_km2":0.58,"lat":-9.0404,"lon":142.6749,"first_seen":"2026-09-29","last_seen":"2026-09-29","duration_days":1,"status":"historic","trend":-1,"growth_ratio":0.0,"night_frac":0.0,"daily":{"2026-09-29":{"n":3,"frp":20.0}}}},{"type":"Feature","id":1046,"geometry":{"type":"Polygon","coordinates":[[[149.42136,-24.16833],[149.42111,-24.16699],[149.42037,-24.16582],[149.41923,-24.16494],[149.41784,-24.16448],[149.41636,-24.16448],[149.41497,-24.16494],[149.41383,-24.16582],[149.41309,-24.16699],[149.41284,-24.16833],[149.41309,-24.16967],[149.41383,-24.17085],[149.41497,-24.17172],[149.41636,-24.17219],[149.41784,-24.17219],[149.41923,-24.17172],[149.42037,-24.17085],[149.42111,-24.16967],[149.42136,-24.16833]]]},"properties":{"fid":1046,"n":3,"fre_gj":49.1,"fre_daily":{"2026-10-01":49.1},"overpasses":2,"frp_total":20.7,"frp_max":9.5,"frp_mean":6.9,"area_km2":0.58,"lat":-24.1683,"lon":149.4171,"first_seen":"2026-10-01","last_seen":"2026-10-01","duration_days":1,"status":"historic","trend":-1,"growth_ratio":0.0,"night_frac":0.0,"daily":{"2026-10-01":{"n":3,"frp":20.7}}}},{"type":"Feature","id":613,"geometry":{"type":"Polygon","coordinates":[[[136.50962,-16.08087],[136.50934,-16.07933],[136.50853,-16.07797],[136.50729,-16.07696],[136.50576,-16.07642],[136.50414,-16.07642],[136.50261,-16.07696],[136.50137,-16.07797],[136.50056,-16.07933],[136.50028,-16.08087],[136.50056,-16.08242],[136.50137,-16.08378],[136.50261,-16.08479],[136.50414,-16.08533],[136.50576,-16.08533],[136.50729,-16.08479],[136.50853,-16.08378],[136.50934,-16.08242],[136.50962,-16.08087]]]},"properties":{"fid":613,"n":4,"fre_gj":48.9,"fre_daily":{"2026-09-29":48.9},"overpasses":3,"frp_total":19.6,"frp_max":7.8,"frp_mean":4.9,"area_km2":0.77,"lat":-16.0809,"lon":136.505,"first_seen":"2026-09-29","last_seen":"2026-09-29","duration_days":1,"status":"historic","trend":-1,"growth_ratio":0.0,"night_frac":0.0,"daily":{"2026-09-29":{"n":4,"frp":19.6}}}},{"type":"Feature","id":1225,"geometry":{"type":"Polygon","coordinates":[[[120.55291,-9.81787],[120.55268,-9.81653],[120.55199,-9.81535],[120.55094,-9.81448],[120.54965,-9.81401],[120.54828,-9.81401],[120.54699,-9.81448],[120.54594,-9.81535],[120.54526,-9.81653],[120.54502,-9.81787],[120.54526,-9.81921],[120.54594,-9.82038],[120.54699,-9.82126],[120.54828,-9.82172],[120.54965,-9.82172],[120.55094,-9.82126],[120.55199,-9.82038],[120.55268,-9.81921],[120.55291,-9.81787]]]},"properties":{"fid":1225,"n":3,"fre_gj":48.9,"fre_daily":{"2026-10-03":48.9},"overpasses":2,"frp_total":17.0,"frp_max":10.4,"frp_mean":5.66,"area_km2":0.58,"lat":-9.8179,"lon":120.549,"first_seen":"2026-10-03","last_seen":"2026-10-03","duration_days":1,"status":"receding","trend":-1,"growth_ratio":0.0,"night_frac":0.0,"daily":{"2026-10-03":{"n":3,"frp":17.0}}}},{"type":"Feature","id":407,"geometry":{"type":"Polygon","coordinates":[[[124.2193,-24.8492],[124.2202,-24.8532],[124.2259,-24.8479],[124.2256,-24.8428],[124.2193,-24.8492]]]},"properties":{"fid":407,"n":6,"fre_gj":48.6,"fre_daily":{"2026-09-28":32.8,"2026-09-29":15.8},"overpasses":3,"frp_total":15.9,"frp_max":5.7,"frp_mean":2.65,"area_km2":0.34,"lat":-24.8477,"lon":124.223,"first_seen":"2026-09-28","last_seen":"2026-09-29","duration_days":2,"status":"historic","trend":-1,"growth_ratio":0.0,"night_frac":0.67,"daily":{"2026-09-28":{"n":4,"frp":11.5},"2026-09-29":{"n":2,"frp":4.4}}}},{"type":"Feature","id":1001,"geometry":{"type":"Polygon","coordinates":[[[124.89711,-9.6195],[124.89687,-9.61816],[124.89619,-9.61698],[124.89514,-9.61611],[124.89385,-9.61564],[124.89248,-9.61564],[124.89119,-9.61611],[124.89014,-9.61698],[124.88946,-9.61816],[124.88922,-9.6195],[124.88946,-9.62084],[124.89014,-9.62202],[124.89119,-9.62289],[124.89248,-9.62336],[124.89385,-9.62336],[124.89514,-9.62289],[124.89619,-9.62202],[124.89687,-9.62084],[124.89711,-9.6195]]]},"properties":{"fid":1001,"n":3,"fre_gj":48.3,"fre_daily":{"2026-10-01":48.3},"overpasses":2,"frp_total":15.8,"frp_max":8.3,"frp_mean":5.27,"area_km2":0.58,"lat":-9.6195,"lon":124.8932,"first_seen":"2026-10-01","last_seen":"2026-10-01","duration_days":1,"status":"historic","trend":-1,"growth_ratio":0.0,"night_frac":0.0,"daily":{"2026-10-01":{"n":3,"frp":15.8}}}},{"type":"Feature","id":574,"geometry":{"type":"Polygon","coordinates":[[[151.93057,-31.0312],[151.93025,-31.02965],[151.92934,-31.02829],[151.92795,-31.02728],[151.92624,-31.02675],[151.92441,-31.02675],[151.9227,-31.02728],[151.92131,-31.02829],[151.9204,-31.02965],[151.92008,-31.0312],[151.9204,-31.03275],[151.92131,-31.03411],[151.9227,-31.03512],[151.92441,-31.03565],[151.92624,-31.03565],[151.92795,-31.03512],[151.92934,-31.03411],[151.93025,-31.03275],[151.93057,-31.0312]]]},"properties":{"fid":574,"n":4,"fre_gj":48.2,"fre_daily":{"2026-09-29":48.2},"overpasses":2,"frp_total":17.1,"frp_max":6.0,"frp_mean":4.28,"area_km2":0.77,"lat":-31.0312,"lon":151.9253,"first_seen":"2026-09-29","last_seen":"2026-09-29","duration_days":1,"status":"historic","trend":-1,"growth_ratio":0.0,"night_frac":0.0,"daily":{"2026-09-29":{"n":4,"frp":17.1}}}},{"type":"Feature","id":652,"geometry":{"type":"Polygon","coordinates":[[[151.29886,-23.86622],[151.29834,-23.86354],[151.29687,-23.86118],[151.2946,-23.85943],[151.29183,-23.8585],[151.28887,-23.8585],[151.2861,-23.85943],[151.28383,-23.86118],[151.28236,-23.86354],[151.28184,-23.86622],[151.28236,-23.8689],[151.28383,-23.87125],[151.2861,-23.873],[151.28887,-23.87393],[151.29183,-23.87393],[151.2946,-23.873],[151.29687,-23.87125],[151.29834,-23.8689],[151.29886,-23.86622]]]},"properties":{"fid":652,"n":12,"fre_gj":48.2,"fre_daily":{"2026-09-29":7.0,"2026-09-30":12.8,"2026-10-01":3.6,"2026-10-02":14.3,"2026-10-03":10.5},"overpasses":12,"frp_total":17.6,"frp_max":2.9,"frp_mean":1.47,"area_km2":2.31,"lat":-23.8662,"lon":151.2903,"first_seen":"2026-09-29","last_seen":"2026-10-03","duration_days":5,"status":"receding","trend":-1,"growth_ratio":0.0,"night_frac":1.0,"daily":{"2026-09-29":{"n":3,"frp":2.9},"2026-09-30":{"n":3,"frp":5.4},"2026-10-01":{"n":1,"frp":1.0},"2026-10-02":{"n":3,"frp":5.3},"2026-10-03":{"n":2,"frp":3.0}}}},{"type":"Feature","id":624,"geometry":{"type":"Polygon","coordinates":[[[120.24014,-9.96312],[120.23986,-9.96158],[120.23907,-9.96022],[120.23786,-9.95921],[120.23637,-9.95867],[120.23478,-9.95867],[120.23329,-9.95921],[120.23208,-9.96022],[120.23129,-9.96158],[120.23101,-9.96312],[120.23129,-9.96467],[120.23208,-9.96603],[120.23329,-9.96704],[120.23478,-9.96758],[120.23637,-9.96758],[120.23786,-9.96704],[120.23907,-9.96603],[120.23986,-9.96467],[120.24014,-9.96312]]]},"properties":{"fid":624,"n":4,"fre_gj":48.1,"fre_daily":{"2026-09-29":48.1},"overpasses":3,"frp_total":19.2,"frp_max":7.8,"frp_mean":4.8,"area_km2":0.77,"lat":-9.9631,"lon":120.2356,"first_seen":"2026-09-29","last_seen":"2026-09-29","duration_days":1,"status":"historic","trend":-1,"growth_ratio":0.0,"night_frac":0.0,"daily":{"2026-09-29":{"n":4,"frp":19.2}}}},{"type":"Feature","id":1064,"geometry":{"type":"Polygon","coordinates":[[[124.32783,-9.42575],[124.32755,-9.4242],[124.32676,-9.42284],[124.32555,-9.42183],[124.32407,-9.4213],[124.32248,-9.4213],[124.321,-9.42183],[124.31979,-9.42284],[124.319,-9.4242],[124.31872,-9.42575],[124.319,-9.4273],[124.31979,-9.42866],[124.321,-9.42967],[124.32248,-9.4302],[124.32407,-9.4302],[124.32555,-9.42967],[124.32676,-9.42866],[124.32755,-9.4273],[124.32783,-9.42575]]]},"properties":{"fid":1064,"n":4,"fre_gj":47.9,"fre_daily":{"2026-09-30":16.9,"2026-10-01":31.0},"overpasses":3,"frp_total":17.3,"frp_max":8.6,"frp_mean":4.33,"area_km2":0.77,"lat":-9.4258,"lon":124.3233,"first_seen":"2026-09-30","last_seen":"2026-10-01","duration_days":2,"status":"historic","trend":-1,"growth_ratio":0.0,"night_frac":0.0,"daily":{"2026-09-30":{"n":1,"frp":4.7},"2026-10-01":{"n":3,"frp":12.6}}}},{"type":"Feature","id":157,"geometry":{"type":"Polygon","coordinates":[[[147.2298,-9.18],[147.2442,-9.1805],[147.2306,-9.1731],[147.2298,-9.18]]]},"properties":{"fid":157,"n":4,"fre_gj":47.5,"fre_daily":{"2026-09-28":22.7,"2026-10-01":16.6,"2026-10-02":8.3},"overpasses":3,"frp_total":13.2,"frp_max":4.6,"frp_mean":3.3,"area_km2":0.61,"lat":-9.1775,"lon":147.2339,"first_seen":"2026-09-28","last_seen":"2026-10-02","duration_days":3,"status":"historic","trend":-1,"growth_ratio":0.0,"night_frac":0.0,"daily":{"2026-09-28":{"n":2,"frp":6.3},"2026-10-01":{"n":1,"frp":4.6},"2026-10-02":{"n":1,"frp":2.3}}}},{"type":"Feature","id":581,"geometry":{"type":"Polygon","coordinates":[[[147.95299,-10.0028],[147.95271,-10.00125],[147.95192,-9.99989],[147.95071,-9.99888],[147.94922,-9.99835],[147.94763,-9.99835],[147.94614,-9.99888],[147.94493,-9.99989],[147.94414,-10.00125],[147.94386,-10.0028],[147.94414,-10.00435],[147.94493,-10.00571],[147.94614,-10.00672],[147.94763,-10.00725],[147.94922,-10.00725],[147.95071,-10.00672],[147.95192,-10.00571],[147.95271,-10.00435],[147.95299,-10.0028]]]},"properties":{"fid":581,"n":4,"fre_gj":47.2,"fre_daily":{"2026-09-29":47.2},"overpasses":2,"frp_total":16.4,"frp_max":6.7,"frp_mean":4.1,"area_km2":0.77,"lat":-10.0028,"lon":147.9484,"first_seen":"2026-09-29","last_seen":"2026-09-29","duration_days":1,"status":"historic","trend":-1,"growth_ratio":0.0,"night_frac":0.0,"daily":{"2026-09-29":{"n":4,"frp":16.4}}}},{"type":"Feature","id":763,"geometry":{"type":"Polygon","coordinates":[[[147.29927,-9.23297],[147.29904,-9.23163],[147.29835,-9.23045],[147.2973,-9.22958],[147.29602,-9.22911],[147.29465,-9.22911],[147.29336,-9.22958],[147.29231,-9.23045],[147.29163,-9.23163],[147.29139,-9.23297],[147.29163,-9.23431],[147.29231,-9.23548],[147.29336,-9.23636],[147.29465,-9.23682],[147.29602,-9.23682],[147.2973,-9.23636],[147.29835,-9.23548],[147.29904,-9.23431],[147.29927,-9.23297]]]},"properties":{"fid":763,"n":3,"fre_gj":47.2,"fre_daily":{"2026-09-29":15.8,"2026-10-03":11.7,"2026-10-04":19.6},"overpasses":3,"frp_total":13.1,"frp_max":5.5,"frp_mean":4.37,"area_km2":0.58,"lat":-9.233,"lon":147.2953,"first_seen":"2026-09-29","last_seen":"2026-10-04","duration_days":3,"status":"active","trend":0,"growth_ratio":1.0,"night_frac":0.0,"daily":{"2026-09-29":{"n":1,"frp":4.4},"2026-10-03":{"n":1,"frp":3.3},"2026-10-04":{"n":1,"frp":5.5}}}},{"type":"Feature","id":634,"geometry":{"type":"Polygon","coordinates":[[[124.2954,-9.4829],[124.3068,-9.4814],[124.2969,-9.4732],[124.2954,-9.4829]]]},"properties":{"fid":634,"n":3,"fre_gj":47.1,"fre_daily":{"2026-09-29":25.6,"2026-09-30":21.6},"overpasses":3,"frp_total":13.3,"frp_max":7.1,"frp_mean":4.43,"area_km2":0.66,"lat":-9.4792,"lon":124.2997,"first_seen":"2026-09-29","last_seen":"2026-09-30","duration_days":2,"status":"historic","trend":-1,"growth_ratio":0.0,"night_frac":0.0,"daily":{"2026-09-29":{"n":1,"frp":7.1},"2026-09-30":{"n":2,"frp":6.2}}}},{"type":"Feature","id":916,"geometry":{"type":"Polygon","coordinates":[[[123.97581,-9.5672],[123.97557,-9.56586],[123.97489,-9.56468],[123.97384,-9.56381],[123.97255,-9.56334],[123.97118,-9.56334],[123.96989,-9.56381],[123.96884,-9.56468],[123.96816,-9.56586],[123.96792,-9.5672],[123.96816,-9.56854],[123.96884,-9.56972],[123.96989,-9.57059],[123.97118,-9.57106],[123.97255,-9.57106],[123.97384,-9.57059],[123.97489,-9.56972],[123.97557,-9.56854],[123.97581,-9.5672]]]},"properties":{"fid":916,"n":3,"fre_gj":46.4,"fre_daily":{"2026-09-30":24.5,"2026-10-02":22.0},"overpasses":3,"frp_total":16.3,"frp_max":6.1,"frp_mean":5.43,"area_km2":0.58,"lat":-9.5672,"lon":123.9719,"first_seen":"2026-09-30","last_seen":"2026-10-02","duration_days":2,"status":"historic","trend":-1,"growth_ratio":0.0,"night_frac":0.0,"daily":{"2026-09-30":{"n":2,"frp":10.2},"2026-10-02":{"n":1,"frp":6.1}}}},{"type":"Feature","id":1138,"geometry":{"type":"Polygon","coordinates":[[[125.4803,-9.0609],[125.4953,-9.0542],[125.4823,-9.0508],[125.4803,-9.0609]]]},"properties":{"fid":1138,"n":3,"fre_gj":46.4,"fre_daily":{"2026-09-30":16.2,"2026-10-01":17.6,"2026-10-02":12.6},"overpasses":3,"frp_total":12.9,"frp_max":4.9,"frp_mean":4.3,"area_km2":0.84,"lat":-9.0553,"lon":125.486,"first_seen":"2026-09-30","last_seen":"2026-10-02","duration_days":3,"status":"historic","trend":-1,"growth_ratio":0.0,"night_frac":0.0,"daily":{"2026-09-30":{"n":1,"frp":4.5},"2026-10-01":{"n":1,"frp":4.9},"2026-10-02":{"n":1,"frp":3.5}}}},{"type":"Feature","id":1213,"geometry":{"type":"Polygon","coordinates":[[[116.26531,-33.09853],[116.26503,-33.09719],[116.26422,-33.09602],[116.26299,-33.09514],[116.26147,-33.09468],[116.25986,-33.09468],[116.25835,-33.09514],[116.25711,-33.09602],[116.2563,-33.09719],[116.25602,-33.09853],[116.2563,-33.09987],[116.25711,-33.10105],[116.25835,-33.10192],[116.25986,-33.10239],[116.26147,-33.10239],[116.26299,-33.10192],[116.26422,-33.10105],[116.26503,-33.09987],[116.26531,-33.09853]]]},"properties":{"fid":1213,"n":3,"fre_gj":46.2,"fre_daily":{"2026-10-03":46.2},"overpasses":2,"frp_total":13.4,"frp_max":5.9,"frp_mean":4.46,"area_km2":0.58,"lat":-33.0985,"lon":116.2607,"first_seen":"2026-10-03","last_seen":"2026-10-03","duration_days":1,"status":"receding","trend":-1,"growth_ratio":0.0,"night_frac":0.0,"daily":{"2026-10-03":{"n":3,"frp":13.4}}}},{"type":"Feature","id":443,"geometry":{"type":"Polygon","coordinates":[[[142.06018,-12.63628],[142.0599,-12.63473],[142.0591,-12.63337],[142.05788,-12.63236],[142.05637,-12.63182],[142.05478,-12.63182],[142.05327,-12.63236],[142.05205,-12.63337],[142.05125,-12.63473],[142.05097,-12.63628],[142.05125,-12.63782],[142.05205,-12.63918],[142.05327,-12.64019],[142.05478,-12.64073],[142.05637,-12.64073],[142.05788,-12.64019],[142.0591,-12.63918],[142.0599,-12.63782],[142.06018,-12.63628]]]},"properties":{"fid":443,"n":4,"fre_gj":46.1,"fre_daily":{"2026-09-28":46.1},"overpasses":2,"frp_total":19.2,"frp_max":6.5,"frp_mean":4.8,"area_km2":0.77,"lat":-12.6363,"lon":142.0556,"first_seen":"2026-09-28","last_seen":"2026-09-28","duration_days":1,"status":"historic","trend":-1,"growth_ratio":0.0,"night_frac":0.0,"daily":{"2026-09-28":{"n":4,"frp":19.2}}}},{"type":"Feature","id":854,"geometry":{"type":"Polygon","coordinates":[[[150.7703,-28.1369],[150.7783,-28.1422],[150.7812,-28.136],[150.7803,-28.1344],[150.777,-28.1292],[150.7734,-28.132],[150.7703,-28.1369]]]},"properties":{"fid":854,"n":19,"fre_gj":46.0,"fre_daily":{"2026-09-30":23.3,"2026-10-01":22.7},"overpasses":8,"frp_total":19.6,"frp_max":2.5,"frp_mean":1.03,"area_km2":0.83,"lat":-28.1358,"lon":150.776,"first_seen":"2026-09-30","last_seen":"2026-10-01","duration_days":2,"status":"historic","trend":-1,"growth_ratio":0.0,"night_frac":1.0,"daily":{"2026-09-30":{"n":11,"frp":9.8},"2026-10-01":{"n":8,"frp":9.8}}}},{"type":"Feature","id":1067,"geometry":{"type":"Polygon","coordinates":[[[124.84801,-9.20527],[124.84777,-9.20393],[124.84709,-9.20275],[124.84604,-9.20188],[124.84475,-9.20141],[124.84338,-9.20141],[124.8421,-9.20188],[124.84105,-9.20275],[124.84036,-9.20393],[124.84013,-9.20527],[124.84036,-9.20661],[124.84105,-9.20778],[124.8421,-9.20866],[124.84338,-9.20912],[124.84475,-9.20912],[124.84604,-9.20866],[124.84709,-9.20778],[124.84777,-9.20661],[124.84801,-9.20527]]]},"properties":{"fid":1067,"n":3,"fre_gj":46.0,"fre_daily":{"2026-10-01":46.0},"overpasses":2,"frp_total":18.7,"frp_max":14.1,"frp_mean":6.23,"area_km2":0.58,"lat":-9.2053,"lon":124.8441,"first_seen":"2026-10-01","last_seen":"2026-10-01","duration_days":1,"status":"historic","trend":-1,"growth_ratio":0.0,"night_frac":0.0,"daily":{"2026-10-01":{"n":3,"frp":18.7}}}},{"type":"Feature","id":1200,"geometry":{"type":"Polygon","coordinates":[[[147.90748,-9.97947],[147.90724,-9.97813],[147.90656,-9.97695],[147.90551,-9.97608],[147.90422,-9.97561],[147.90285,-9.97561],[147.90156,-9.97608],[147.90051,-9.97695],[147.89982,-9.97813],[147.89958,-9.97947],[147.89982,-9.98081],[147.90051,-9.98198],[147.90156,-9.98286],[147.90285,-9.98332],[147.90422,-9.98332],[147.90551,-9.98286],[147.90656,-9.98198],[147.90724,-9.98081],[147.90748,-9.97947]]]},"properties":{"fid":1200,"n":3,"fre_gj":45.5,"fre_daily":{"2026-10-03":45.5},"overpasses":2,"frp_total":13.2,"frp_max":6.2,"frp_mean":4.39,"area_km2":0.58,"lat":-9.9795,"lon":147.9035,"first_seen":"2026-10-03","last_seen":"2026-10-03","duration_days":1,"status":"receding","trend":-1,"growth_ratio":0.0,"night_frac":0.0,"daily":{"2026-10-03":{"n":3,"frp":13.2}}}},{"type":"Feature","id":273,"geometry":{"type":"Polygon","coordinates":[[[120.6233,-10.1019],[120.636,-10.1087],[120.6388,-10.1086],[120.634,-10.1022],[120.6233,-10.1019]]]},"properties":{"fid":273,"n":4,"fre_gj":45.4,"fre_daily":{"2026-09-28":28.5,"2026-10-02":16.9},"overpasses":3,"frp_total":14.8,"frp_max":4.7,"frp_mean":3.7,"area_km2":0.53,"lat":-10.1053,"lon":120.633,"first_seen":"2026-09-28","last_seen":"2026-10-02","duration_days":2,"status":"historic","trend":-1,"growth_ratio":0.0,"night_frac":0.0,"daily":{"2026-09-28":{"n":3,"frp":10.1},"2026-10-02":{"n":1,"frp":4.7}}}},{"type":"Feature","id":1065,"geometry":{"type":"Polygon","coordinates":[[[125.12154,-9.32197],[125.1213,-9.32063],[125.12062,-9.31945],[125.11957,-9.31858],[125.11828,-9.31811],[125.11692,-9.31811],[125.11563,-9.31858],[125.11458,-9.31945],[125.1139,-9.32063],[125.11366,-9.32197],[125.1139,-9.32331],[125.11458,-9.32448],[125.11563,-9.32536],[125.11692,-9.32582],[125.11828,-9.32582],[125.11957,-9.32536],[125.12062,-9.32448],[125.1213,-9.32331],[125.12154,-9.32197]]]},"properties":{"fid":1065,"n":3,"fre_gj":45.4,"fre_daily":{"2026-10-01":20.2,"2026-10-02":25.2},"overpasses":3,"frp_total":15.2,"frp_max":7.0,"frp_mean":5.07,"area_km2":0.58,"lat":-9.322,"lon":125.1176,"first_seen":"2026-10-01","last_seen":"2026-10-02","duration_days":2,"status":"historic","trend":-1,"growth_ratio":0.0,"night_frac":0.0,"daily":{"2026-10-01":{"n":2,"frp":8.2},"2026-10-02":{"n":1,"frp":7.0}}}},{"type":"Feature","id":298,"geometry":{"type":"Polygon","coordinates":[[[124.1385,-9.5059],[124.13823,-9.50435],[124.13744,-9.50299],[124.13623,-9.50198],[124.13474,-9.50145],[124.13316,-9.50145],[124.13167,-9.50198],[124.13046,-9.50299],[124.12967,-9.50435],[124.1294,-9.5059],[124.12967,-9.50745],[124.13046,-9.50881],[124.13167,-9.50982],[124.13316,-9.51035],[124.13474,-9.51035],[124.13623,-9.50982],[124.13744,-9.50881],[124.13823,-9.50745],[124.1385,-9.5059]]]},"properties":{"fid":298,"n":4,"fre_gj":44.9,"fre_daily":{"2026-09-28":23.3,"2026-10-02":21.6},"overpasses":3,"frp_total":13.4,"frp_max":4.9,"frp_mean":3.35,"area_km2":0.77,"lat":-9.5059,"lon":124.1339,"first_seen":"2026-09-28","last_seen":"2026-10-02","duration_days":2,"status":"historic","trend":-1,"growth_ratio":0.0,"night_frac":0.0,"daily":{"2026-09-28":{"n":2,"frp":7.4},"2026-10-02":{"n":2,"frp":6.0}}}},{"type":"Feature","id":1132,"geometry":{"type":"Polygon","coordinates":[[[123.82059,-10.28883],[123.82035,-10.28749],[123.81966,-10.28632],[123.81861,-10.28544],[123.81732,-10.28498],[123.81595,-10.28498],[123.81466,-10.28544],[123.8136,-10.28632],[123.81292,-10.28749],[123.81268,-10.28883],[123.81292,-10.29017],[123.8136,-10.29135],[123.81466,-10.29222],[123.81595,-10.29269],[123.81732,-10.29269],[123.81861,-10.29222],[123.81966,-10.29135],[123.82035,-10.29017],[123.82059,-10.28883]]]},"properties":{"fid":1132,"n":3,"fre_gj":44.7,"fre_daily":{"2026-10-02":16.6,"2026-10-03":28.2},"overpasses":3,"frp_total":14.4,"frp_max":7.9,"frp_mean":4.79,"area_km2":0.58,"lat":-10.2888,"lon":123.8166,"first_seen":"2026-10-02","last_seen":"2026-10-03","duration_days":2,"status":"receding","trend":-1,"growth_ratio":0.0,"night_frac":0.0,"daily":{"2026-10-02":{"n":1,"frp":4.6},"2026-10-03":{"n":2,"frp":9.8}}}},{"type":"Feature","id":112,"geometry":{"type":"Polygon","coordinates":[[[147.7913,-9.7456],[147.7965,-9.7541],[147.8089,-9.7576],[147.7913,-9.7456]]]},"properties":{"fid":112,"n":3,"fre_gj":44.6,"fre_daily":{"2026-09-28":18.0,"2026-09-29":18.7,"2026-10-02":7.9},"overpasses":3,"frp_total":12.4,"frp_max":5.2,"frp_mean":4.13,"area_km2":0.53,"lat":-9.7524,"lon":147.7989,"first_seen":"2026-09-28","last_seen":"2026-10-02","duration_days":3,"status":"historic","trend":-1,"growth_ratio":0.0,"night_frac":0.0,"daily":{"2026-09-28":{"n":1,"frp":5.0},"2026-09-29":{"n":1,"frp":5.2},"2026-10-02":{"n":1,"frp":2.2}}}},{"type":"Feature","id":326,"geometry":{"type":"Polygon","coordinates":[[[148.60128,-23.04755],[148.60069,-23.04446],[148.599,-23.04174],[148.5964,-23.03972],[148.59321,-23.03864],[148.58982,-23.03864],[148.58664,-23.03972],[148.58404,-23.04174],[148.58235,-23.04446],[148.58176,-23.04755],[148.58235,-23.05064],[148.58404,-23.05336],[148.58664,-23.05538],[148.58982,-23.05646],[148.59321,-23.05646],[148.5964,-23.05538],[148.599,-23.05336],[148.60069,-23.05064],[148.60128,-23.04755]]]},"properties":{"fid":326,"n":16,"fre_gj":44.2,"fre_daily":{"2026-09-28":5.6,"2026-09-30":9.8,"2026-10-01":10.7,"2026-10-02":6.8,"2026-10-03":11.3},"overpasses":14,"frp_total":17.1,"frp_max":1.9,"frp_mean":1.07,"area_km2":3.08,"lat":-23.0476,"lon":148.5915,"first_seen":"2026-09-28","last_seen":"2026-10-03","duration_days":5,"status":"receding","trend":-1,"growth_ratio":0.0,"night_frac":1.0,"daily":{"2026-09-28":{"n":2,"frp":1.6},"2026-09-30":{"n":3,"frp":4.0},"2026-10-01":{"n":3,"frp":3.9},"2026-10-02":{"n":4,"frp":3.2},"2026-10-03":{"n":4,"frp":4.5}}}},{"type":"Feature","id":659,"geometry":{"type":"Polygon","coordinates":[[[150.3313,-30.1296],[150.3331,-30.1292],[150.3354,-30.1266],[150.3366,-30.122],[150.3356,-30.12],[150.3345,-30.1195],[150.3336,-30.1193],[150.3316,-30.1209],[150.3313,-30.1296]]]},"properties":{"fid":659,"n":9,"fre_gj":44.2,"fre_daily":{"2026-09-29":44.2},"overpasses":3,"frp_total":17.2,"frp_max":2.6,"frp_mean":1.91,"area_km2":0.41,"lat":-30.1238,"lon":150.3339,"first_seen":"2026-09-29","last_seen":"2026-09-29","duration_days":1,"status":"historic","trend":-1,"growth_ratio":0.0,"night_frac":1.0,"daily":{"2026-09-29":{"n":9,"frp":17.2}}}},{"type":"Feature","id":721,"geometry":{"type":"Polygon","coordinates":[[[142.70747,-9.2742],[142.70724,-9.27286],[142.70655,-9.27168],[142.7055,-9.27081],[142.70422,-9.27034],[142.70285,-9.27034],[142.70156,-9.27081],[142.70051,-9.27168],[142.69983,-9.27286],[142.69959,-9.2742],[142.69983,-9.27554],[142.70051,-9.27672],[142.70156,-9.27759],[142.70285,-9.27806],[142.70422,-9.27806],[142.7055,-9.27759],[142.70655,-9.27672],[142.70724,-9.27554],[142.70747,-9.2742]]]},"properties":{"fid":721,"n":3,"fre_gj":43.8,"fre_daily":{"2026-09-29":43.8},"overpasses":2,"frp_total":17.8,"frp_max":8.4,"frp_mean":5.93,"area_km2":0.58,"lat":-9.2742,"lon":142.7035,"first_seen":"2026-09-29","last_seen":"2026-09-29","duration_days":1,"status":"historic","trend":-1,"growth_ratio":0.0,"night_frac":0.0,"daily":{"2026-09-29":{"n":3,"frp":17.8}}}},{"type":"Feature","id":934,"geometry":{"type":"Polygon","coordinates":[[[116.8713,-34.3422],[116.8746,-34.3473],[116.8756,-34.3484],[116.8787,-34.3473],[116.8792,-34.3457],[116.875,-34.3424],[116.8713,-34.3422]]]},"properties":{"fid":934,"n":11,"fre_gj":43.6,"fre_daily":{"2026-09-30":8.9,"2026-10-01":3.7,"2026-10-02":31.1},"overpasses":9,"frp_total":18.5,"frp_max":3.8,"frp_mean":1.68,"area_km2":0.26,"lat":-34.3459,"lon":116.8758,"first_seen":"2026-09-30","last_seen":"2026-10-02","duration_days":3,"status":"historic","trend":-1,"growth_ratio":0.0,"night_frac":1.0,"daily":{"2026-09-30":{"n":3,"frp":3.0},"2026-10-01":{"n":2,"frp":1.2},"2026-10-02":{"n":6,"frp":14.3}}}},{"type":"Feature","id":907,"geometry":{"type":"Polygon","coordinates":[[[123.69789,-10.26887],[123.69765,-10.26753],[123.69696,-10.26635],[123.69591,-10.26548],[123.69462,-10.26501],[123.69325,-10.26501],[123.69196,-10.26548],[123.69091,-10.26635],[123.69022,-10.26753],[123.68998,-10.26887],[123.69022,-10.27021],[123.69091,-10.27138],[123.69196,-10.27226],[123.69325,-10.27272],[123.69462,-10.27272],[123.69591,-10.27226],[123.69696,-10.27138],[123.69765,-10.27021],[123.69789,-10.26887]]]},"properties":{"fid":907,"n":3,"fre_gj":43.4,"fre_daily":{"2026-09-30":43.4},"overpasses":2,"frp_total":18.1,"frp_max":6.2,"frp_mean":6.03,"area_km2":0.58,"lat":-10.2689,"lon":123.6939,"first_seen":"2026-09-30","last_seen":"2026-09-30","duration_days":1,"status":"historic","trend":-1,"growth_ratio":0.0,"night_frac":0.0,"daily":{"2026-09-30":{"n":3,"frp":18.1}}}},{"type":"Feature","id":716,"geometry":{"type":"Polygon","coordinates":[[[147.47624,-9.5258],[147.47601,-9.52446],[147.47532,-9.52328],[147.47427,-9.52241],[147.47298,-9.52194],[147.47162,-9.52194],[147.47033,-9.52241],[147.46928,-9.52328],[147.46859,-9.52446],[147.46836,-9.5258],[147.46859,-9.52714],[147.46928,-9.52832],[147.47033,-9.52919],[147.47162,-9.52966],[147.47298,-9.52966],[147.47427,-9.52919],[147.47532,-9.52832],[147.47601,-9.52714],[147.47624,-9.5258]]]},"properties":{"fid":716,"n":3,"fre_gj":43.3,"fre_daily":{"2026-09-29":43.3},"overpasses":2,"frp_total":17.6,"frp_max":9.3,"frp_mean":5.87,"area_km2":0.58,"lat":-9.5258,"lon":147.4723,"first_seen":"2026-09-29","last_seen":"2026-09-29","duration_days":1,"status":"historic","trend":-1,"growth_ratio":0.0,"night_frac":0.0,"daily":{"2026-09-29":{"n":3,"frp":17.6}}}},{"type":"Feature","id":770,"geometry":{"type":"Polygon","coordinates":[[[123.84679,-10.32453],[123.84655,-10.32319],[123.84586,-10.32202],[123.84481,-10.32114],[123.84352,-10.32068],[123.84215,-10.32068],[123.84086,-10.32114],[123.8398,-10.32202],[123.83912,-10.32319],[123.83888,-10.32453],[123.83912,-10.32587],[123.8398,-10.32705],[123.84086,-10.32792],[123.84215,-10.32839],[123.84352,-10.32839],[123.84481,-10.32792],[123.84586,-10.32705],[123.84655,-10.32587],[123.84679,-10.32453]]]},"properties":{"fid":770,"n":3,"fre_gj":43.3,"fre_daily":{"2026-09-29":30.6,"2026-10-03":12.7},"overpasses":2,"frp_total":12.0,"frp_max":5.1,"frp_mean":4.01,"area_km2":0.58,"lat":-10.3245,"lon":123.8428,"first_seen":"2026-09-29","last_seen":"2026-10-03","duration_days":2,"status":"receding","trend":-1,"growth_ratio":0.0,"night_frac":0.0,"daily":{"2026-09-29":{"n":2,"frp":8.5},"2026-10-03":{"n":1,"frp":3.5}}}},{"type":"Feature","id":131,"geometry":{"type":"Polygon","coordinates":[[[148.51478,-9.56713],[148.51454,-9.56579],[148.51386,-9.56462],[148.51281,-9.56374],[148.51152,-9.56328],[148.51015,-9.56328],[148.50886,-9.56374],[148.50781,-9.56462],[148.50713,-9.56579],[148.50689,-9.56713],[148.50713,-9.56847],[148.50781,-9.56965],[148.50886,-9.57052],[148.51015,-9.57099],[148.51152,-9.57099],[148.51281,-9.57052],[148.51386,-9.56965],[148.51454,-9.56847],[148.51478,-9.56713]]]},"properties":{"fid":131,"n":3,"fre_gj":43.2,"fre_daily":{"2026-09-28":11.2,"2026-10-01":32.0},"overpasses":2,"frp_total":12.0,"frp_max":5.5,"frp_mean":4.0,"area_km2":0.58,"lat":-9.5671,"lon":148.5108,"first_seen":"2026-09-28","last_seen":"2026-10-01","duration_days":2,"status":"historic","trend":-1,"growth_ratio":0.0,"night_frac":0.0,"daily":{"2026-09-28":{"n":1,"frp":3.1},"2026-10-01":{"n":2,"frp":8.9}}}},{"type":"Feature","id":911,"geometry":{"type":"Polygon","coordinates":[[[120.48591,-9.87493],[120.48568,-9.87359],[120.48499,-9.87242],[120.48394,-9.87154],[120.48265,-9.87108],[120.48128,-9.87108],[120.47999,-9.87154],[120.47894,-9.87242],[120.47826,-9.87359],[120.47802,-9.87493],[120.47826,-9.87627],[120.47894,-9.87745],[120.47999,-9.87832],[120.48128,-9.87879],[120.48265,-9.87879],[120.48394,-9.87832],[120.48499,-9.87745],[120.48568,-9.87627],[120.48591,-9.87493]]]},"properties":{"fid":911,"n":3,"fre_gj":43.2,"fre_daily":{"2026-09-30":43.2},"overpasses":2,"frp_total":18.0,"frp_max":8.9,"frp_mean":6.0,"area_km2":0.58,"lat":-9.8749,"lon":120.482,"first_seen":"2026-09-30","last_seen":"2026-09-30","duration_days":1,"status":"historic","trend":-1,"growth_ratio":0.0,"night_frac":0.0,"daily":{"2026-09-30":{"n":3,"frp":18.0}}}},{"type":"Feature","id":487,"geometry":{"type":"Polygon","coordinates":[[[135.03304,-17.43883],[135.0328,-17.43749],[135.03209,-17.43632],[135.03101,-17.43544],[135.02967,-17.43498],[135.02826,-17.43498],[135.02693,-17.43544],[135.02584,-17.43632],[135.02514,-17.43749],[135.02489,-17.43883],[135.02514,-17.44017],[135.02584,-17.44135],[135.02693,-17.44222],[135.02826,-17.44269],[135.02967,-17.44269],[135.03101,-17.44222],[135.03209,-17.44135],[135.0328,-17.44017],[135.03304,-17.43883]]]},"properties":{"fid":487,"n":3,"fre_gj":42.8,"fre_daily":{"2026-09-28":42.8},"overpasses":2,"frp_total":9.9,"frp_max":4.8,"frp_mean":3.3,"area_km2":0.58,"lat":-17.4388,"lon":135.029,"first_seen":"2026-09-28","last_seen":"2026-09-28","duration_days":1,"status":"historic","trend":-1,"growth_ratio":0.0,"night_frac":1.0,"daily":{"2026-09-28":{"n":3,"frp":9.9}}}},{"type":"Feature","id":1188,"geometry":{"type":"Polygon","coordinates":[[[151.49509,-24.035],[151.49484,-24.03366],[151.4941,-24.03248],[151.49296,-24.03161],[151.49157,-24.03114],[151.49009,-24.03114],[151.4887,-24.03161],[151.48757,-24.03248],[151.48683,-24.03366],[151.48657,-24.035],[151.48683,-24.03634],[151.48757,-24.03752],[151.4887,-24.03839],[151.49009,-24.03886],[151.49157,-24.03886],[151.49296,-24.03839],[151.4941,-24.03752],[151.49484,-24.03634],[151.49509,-24.035]]]},"properties":{"fid":1188,"n":3,"fre_gj":42.8,"fre_daily":{"2026-10-03":42.8},"overpasses":1,"frp_total":11.9,"frp_max":4.0,"frp_mean":3.96,"area_km2":0.58,"lat":-24.035,"lon":151.4908,"first_seen":"2026-10-03","last_seen":"2026-10-03","duration_days":1,"status":"receding","trend":-1,"growth_ratio":0.0,"night_frac":0.0,"daily":{"2026-10-03":{"n":3,"frp":11.9}}}},{"type":"Feature","id":1037,"geometry":{"type":"Polygon","coordinates":[[[125.1747,-18.5271],[125.1767,-18.5316],[125.1824,-18.5343],[125.1887,-18.5305],[125.1788,-18.5222],[125.1747,-18.5271]]]},"properties":{"fid":1037,"n":10,"fre_gj":42.5,"fre_daily":{"2026-10-01":42.5},"overpasses":3,"frp_total":18.8,"frp_max":3.0,"frp_mean":1.88,"area_km2":1.04,"lat":-18.5294,"lon":125.1798,"first_seen":"2026-10-01","last_seen":"2026-10-01","duration_days":1,"status":"historic","trend":-1,"growth_ratio":0.0,"night_frac":1.0,"daily":{"2026-10-01":{"n":10,"frp":18.8}}}},{"type":"Feature","id":109,"geometry":{"type":"Polygon","coordinates":[[[150.78271,-9.79553],[150.78248,-9.79419],[150.78179,-9.79302],[150.78074,-9.79214],[150.77945,-9.79168],[150.77808,-9.79168],[150.77679,-9.79214],[150.77574,-9.79302],[150.77506,-9.79419],[150.77482,-9.79553],[150.77506,-9.79687],[150.77574,-9.79805],[150.77679,-9.79892],[150.77808,-9.79939],[150.77945,-9.79939],[150.78074,-9.79892],[150.78179,-9.79805],[150.78248,-9.79687],[150.78271,-9.79553]]]},"properties":{"fid":109,"n":3,"fre_gj":42.1,"fre_daily":{"2026-09-28":18.0,"2026-09-29":24.1},"overpasses":2,"frp_total":11.7,"frp_max":5.0,"frp_mean":3.9,"area_km2":0.58,"lat":-9.7955,"lon":150.7788,"first_seen":"2026-09-28","last_seen":"2026-09-29","duration_days":2,"status":"historic","trend":-1,"growth_ratio":0.0,"night_frac":0.0,"daily":{"2026-09-28":{"n":1,"frp":5.0},"2026-09-29":{"n":2,"frp":6.7}}}},{"type":"Feature","id":1249,"geometry":{"type":"Polygon","coordinates":[[[133.7181,-15.2765],[133.7216,-15.2772],[133.7291,-15.2667],[133.7219,-15.2693],[133.7181,-15.2765]]]},"properties":{"fid":1249,"n":9,"fre_gj":42.1,"fre_daily":{"2026-10-03":42.1},"overpasses":3,"frp_total":15.5,"frp_max":3.8,"frp_mean":1.72,"area_km2":0.5,"lat":-15.2728,"lon":133.7225,"first_seen":"2026-10-03","last_seen":"2026-10-03","duration_days":1,"status":"receding","trend":-1,"growth_ratio":0.0,"night_frac":1.0,"daily":{"2026-10-03":{"n":9,"frp":15.5}}}},{"type":"Feature","id":629,"geometry":{"type":"Polygon","coordinates":[[[119.93411,-9.69387],[119.93387,-9.69253],[119.93319,-9.69135],[119.93214,-9.69048],[119.93085,-9.69001],[119.92948,-9.69001],[119.92819,-9.69048],[119.92714,-9.69135],[119.92646,-9.69253],[119.92622,-9.69387],[119.92646,-9.69521],[119.92714,-9.69638],[119.92819,-9.69726],[119.92948,-9.69772],[119.93085,-9.69772],[119.93214,-9.69726],[119.93319,-9.69638],[119.93387,-9.69521],[119.93411,-9.69387]]]},"properties":{"fid":629,"n":3,"fre_gj":42.0,"fre_daily":{"2026-09-29":42.0},"overpasses":3,"frp_total":17.1,"frp_max":8.3,"frp_mean":5.7,"area_km2":0.58,"lat":-9.6939,"lon":119.9302,"first_seen":"2026-09-29","last_seen":"2026-09-29","duration_days":1,"status":"historic","trend":-1,"growth_ratio":0.0,"night_frac":0.0,"daily":{"2026-09-29":{"n":3,"frp":17.1}}}},{"type":"Feature","id":1004,"geometry":{"type":"Polygon","coordinates":[[[151.42892,-31.14155],[151.42847,-31.13936],[151.42719,-31.13744],[151.42521,-31.13601],[151.42279,-31.13525],[151.42021,-31.13525],[151.41779,-31.13601],[151.41581,-31.13744],[151.41453,-31.13936],[151.41408,-31.14155],[151.41453,-31.14374],[151.41581,-31.14566],[151.41779,-31.14709],[151.42021,-31.14785],[151.42279,-31.14785],[151.42521,-31.14709],[151.42719,-31.14566],[151.42847,-31.14374],[151.42892,-31.14155]]]},"properties":{"fid":1004,"n":8,"fre_gj":41.9,"fre_daily":{"2026-10-01":41.9},"overpasses":5,"frp_total":19.5,"frp_max":3.2,"frp_mean":2.44,"area_km2":1.54,"lat":-31.1415,"lon":151.4215,"first_seen":"2026-10-01","last_seen":"2026-10-01","duration_days":1,"status":"historic","trend":-1,"growth_ratio":0.0,"night_frac":1.0,"daily":{"2026-10-01":{"n":8,"frp":19.5}}}},{"type":"Feature","id":1019,"geometry":{"type":"Polygon","coordinates":[[[146.8853,-26.1231],[146.8855,-26.1233],[146.8954,-26.1288],[146.8978,-26.1297],[146.9022,-26.1303],[146.902,-26.1272],[146.8995,-26.1191],[146.8983,-26.1187],[146.895,-26.118],[146.8857,-26.1209],[146.8853,-26.1231]]]},"properties":{"fid":1019,"n":20,"fre_gj":41.9,"fre_daily":{"2026-10-01":41.9},"overpasses":4,"frp_total":18.2,"frp_max":1.5,"frp_mean":0.91,"area_km2":1.42,"lat":-26.1234,"lon":146.8945,"first_seen":"2026-10-01","last_seen":"2026-10-01","duration_days":1,"status":"historic","trend":-1,"growth_ratio":0.0,"night_frac":1.0,"daily":{"2026-10-01":{"n":20,"frp":18.2}}}},{"type":"Feature","id":34,"geometry":{"type":"Polygon","coordinates":[[[149.00845,-28.73728],[149.00814,-28.73573],[149.00725,-28.73437],[149.00589,-28.73336],[149.00421,-28.73282],[149.00244,-28.73282],[149.00076,-28.73336],[148.9994,-28.73437],[148.99851,-28.73573],[148.9982,-28.73728],[148.99851,-28.73882],[148.9994,-28.74018],[149.00076,-28.74119],[149.00244,-28.74173],[149.00421,-28.74173],[149.00589,-28.74119],[149.00725,-28.74018],[149.00814,-28.73882],[149.00845,-28.73728]]]},"properties":{"fid":34,"n":4,"fre_gj":41.6,"fre_daily":{"2026-09-28":41.6},"overpasses":3,"frp_total":15.6,"frp_max":5.9,"frp_mean":3.9,"area_km2":0.77,"lat":-28.7373,"lon":149.0033,"first_seen":"2026-09-28","last_seen":"2026-09-28","duration_days":1,"status":"historic","trend":-1,"growth_ratio":0.0,"night_frac":0.0,"daily":{"2026-09-28":{"n":4,"frp":15.6}}}},{"type":"Feature","id":96,"geometry":{"type":"Polygon","coordinates":[[[148.19148,-10.06857],[148.19125,-10.06723],[148.19056,-10.06605],[148.18951,-10.06518],[148.18822,-10.06471],[148.18685,-10.06471],[148.18556,-10.06518],[148.18451,-10.06605],[148.18382,-10.06723],[148.18358,-10.06857],[148.18382,-10.06991],[148.18451,-10.07108],[148.18556,-10.07196],[148.18685,-10.07242],[148.18822,-10.07242],[148.18951,-10.07196],[148.19056,-10.07108],[148.19125,-10.06991],[148.19148,-10.06857]]]},"properties":{"fid":96,"n":3,"fre_gj":40.8,"fre_daily":{"2026-09-28":11.9,"2026-09-29":14.0,"2026-10-03":14.8},"overpasses":3,"frp_total":11.3,"frp_max":4.1,"frp_mean":3.77,"area_km2":0.58,"lat":-10.0686,"lon":148.1875,"first_seen":"2026-09-28","last_seen":"2026-10-03","duration_days":3,"status":"receding","trend":-1,"growth_ratio":0.0,"night_frac":0.0,"daily":{"2026-09-28":{"n":1,"frp":3.3},"2026-09-29":{"n":1,"frp":3.9},"2026-10-03":{"n":1,"frp":4.1}}}},{"type":"Feature","id":310,"geometry":{"type":"Polygon","coordinates":[[[124.75375,-9.18535],[124.75348,-9.1838],[124.75269,-9.18244],[124.75147,-9.18143],[124.74999,-9.1809],[124.74841,-9.1809],[124.74693,-9.18143],[124.74571,-9.18244],[124.74492,-9.1838],[124.74465,-9.18535],[124.74492,-9.1869],[124.74571,-9.18826],[124.74693,-9.18927],[124.74841,-9.1898],[124.74999,-9.1898],[124.75147,-9.18927],[124.75269,-9.18826],[124.75348,-9.1869],[124.75375,-9.18535]]]},"properties":{"fid":310,"n":4,"fre_gj":40.8,"fre_daily":{"2026-09-28":40.8},"overpasses":3,"frp_total":15.5,"frp_max":4.5,"frp_mean":3.88,"area_km2":0.77,"lat":-9.1853,"lon":124.7492,"first_seen":"2026-09-28","last_seen":"2026-09-28","duration_days":1,"status":"historic","trend":-1,"growth_ratio":0.0,"night_frac":0.0,"daily":{"2026-09-28":{"n":4,"frp":15.5}}}},{"type":"Feature","id":540,"geometry":{"type":"Polygon","coordinates":[[[125.8603,-9.0186],[125.8616,-9.0203],[125.8649,-9.0202],[125.8682,-9.0134],[125.8603,-9.0186]]]},"properties":{"fid":540,"n":5,"fre_gj":40.5,"fre_daily":{"2026-09-28":17.3,"2026-09-29":18.7,"2026-10-02":4.5},"overpasses":4,"frp_total":11.9,"frp_max":5.2,"frp_mean":2.38,"area_km2":0.26,"lat":-9.0177,"lon":125.8644,"first_seen":"2026-09-28","last_seen":"2026-10-02","duration_days":3,"status":"historic","trend":-1,"growth_ratio":0.0,"night_frac":0.6,"daily":{"2026-09-28":{"n":1,"frp":4.8},"2026-09-29":{"n":1,"frp":5.2},"2026-10-02":{"n":3,"frp":1.9}}}},{"type":"Feature","id":1062,"geometry":{"type":"Polygon","coordinates":[[[124.25971,-9.67703],[124.25947,-9.67569],[124.25879,-9.67452],[124.25774,-9.67364],[124.25645,-9.67318],[124.25508,-9.67318],[124.25379,-9.67364],[124.25274,-9.67452],[124.25206,-9.67569],[124.25182,-9.67703],[124.25206,-9.67837],[124.25274,-9.67955],[124.25379,-9.68042],[124.25508,-9.68089],[124.25645,-9.68089],[124.25774,-9.68042],[124.25879,-9.67955],[124.25947,-9.67837],[124.25971,-9.67703]]]},"properties":{"fid":1062,"n":3,"fre_gj":40.3,"fre_daily":{"2026-10-01":40.3},"overpasses":2,"frp_total":16.4,"frp_max":8.4,"frp_mean":5.47,"area_km2":0.58,"lat":-9.677,"lon":124.2558,"first_seen":"2026-10-01","last_seen":"2026-10-01","duration_days":1,"status":"historic","trend":-1,"growth_ratio":0.0,"night_frac":0.0,"daily":{"2026-10-01":{"n":3,"frp":16.4}}}},{"type":"Feature","id":190,"geometry":{"type":"Polygon","coordinates":[[[137.0218,-35.78963],[137.02151,-35.78829],[137.02067,-35.78712],[137.0194,-35.78624],[137.01783,-35.78578],[137.01617,-35.78578],[137.0146,-35.78624],[137.01333,-35.78712],[137.01249,-35.78829],[137.0122,-35.78963],[137.01249,-35.79097],[137.01333,-35.79215],[137.0146,-35.79302],[137.01617,-35.79349],[137.01783,-35.79349],[137.0194,-35.79302],[137.02067,-35.79215],[137.02151,-35.79097],[137.0218,-35.78963]]]},"properties":{"fid":190,"n":3,"fre_gj":40.2,"fre_daily":{"2026-09-28":40.2},"overpasses":2,"frp_total":10.8,"frp_max":5.1,"frp_mean":3.6,"area_km2":0.58,"lat":-35.7896,"lon":137.017,"first_seen":"2026-09-28","last_seen":"2026-09-28","duration_days":1,"status":"historic","trend":-1,"growth_ratio":0.0,"night_frac":0.0,"daily":{"2026-09-28":{"n":3,"frp":10.8}}}},{"type":"Feature","id":1,"geometry":{"type":"Polygon","coordinates":[[[147.40801,-42.46783],[147.40769,-42.46649],[147.40677,-42.46532],[147.40537,-42.46444],[147.40365,-42.46398],[147.40182,-42.46398],[147.4001,-42.46444],[147.39869,-42.46532],[147.39778,-42.46649],[147.39746,-42.46783],[147.39778,-42.46917],[147.39869,-42.47035],[147.4001,-42.47122],[147.40182,-42.47169],[147.40365,-42.47169],[147.40537,-42.47122],[147.40677,-42.47035],[147.40769,-42.46917],[147.40801,-42.46783]]]},"properties":{"fid":1,"n":3,"fre_gj":40.0,"fre_daily":{"2026-09-28":40.0},"overpasses":2,"frp_total":13.6,"frp_max":7.2,"frp_mean":4.53,"area_km2":0.58,"lat":-42.4678,"lon":147.4027,"first_seen":"2026-09-28","last_seen":"2026-09-28","duration_days":1,"status":"historic","trend":-1,"growth_ratio":0.0,"night_frac":0.0,"daily":{"2026-09-28":{"n":3,"frp":13.6}}}},{"type":"Feature","id":870,"geometry":{"type":"Polygon","coordinates":[[[143.3217,-12.7847],[143.3251,-12.7913],[143.3359,-12.7883],[143.3262,-12.7847],[143.3251,-12.7843],[143.3217,-12.7847]]]},"properties":{"fid":870,"n":6,"fre_gj":40.0,"fre_daily":{"2026-09-30":17.3,"2026-10-01":22.7},"overpasses":3,"frp_total":11.8,"frp_max":6.3,"frp_mean":1.97,"area_km2":0.6,"lat":-12.7869,"lon":143.3266,"first_seen":"2026-09-30","last_seen":"2026-10-01","duration_days":2,"status":"historic","trend":-1,"growth_ratio":0.0,"night_frac":0.83,"daily":{"2026-09-30":{"n":5,"frp":5.5},"2026-10-01":{"n":1,"frp":6.3}}}},{"type":"Feature","id":444,"geometry":{"type":"Polygon","coordinates":[[[136.83075,-12.43128],[136.83041,-12.42939],[136.82943,-12.42772],[136.82793,-12.42649],[136.82609,-12.42583],[136.82414,-12.42583],[136.8223,-12.42649],[136.8208,-12.42772],[136.81982,-12.42939],[136.81948,-12.43128],[136.81982,-12.43318],[136.8208,-12.43484],[136.8223,-12.43608],[136.82414,-12.43674],[136.82609,-12.43674],[136.82793,-12.43608],[136.82943,-12.43484],[136.83041,-12.43318],[136.83075,-12.43128]]]},"properties":{"fid":444,"n":6,"fre_gj":39.8,"fre_daily":{"2026-09-28":25.6,"2026-10-03":14.2},"overpasses":4,"frp_total":12.6,"frp_max":7.1,"frp_mean":2.1,"area_km2":1.15,"lat":-12.4313,"lon":136.8251,"first_seen":"2026-09-28","last_seen":"2026-10-03","duration_days":2,"status":"receding","trend":-1,"growth_ratio":0.0,"night_frac":0.83,"daily":{"2026-09-28":{"n":1,"frp":7.1},"2026-10-03":{"n":5,"frp":5.5}}}},{"type":"Feature","id":476,"geometry":{"type":"Polygon","coordinates":[[[120.15385,-9.6047],[120.15361,-9.60336],[120.15292,-9.60218],[120.15187,-9.60131],[120.15059,-9.60084],[120.14921,-9.60084],[120.14793,-9.60131],[120.14688,-9.60218],[120.14619,-9.60336],[120.14595,-9.6047],[120.14619,-9.60604],[120.14688,-9.60722],[120.14793,-9.60809],[120.14921,-9.60856],[120.15059,-9.60856],[120.15187,-9.60809],[120.15292,-9.60722],[120.15361,-9.60604],[120.15385,-9.6047]]]},"properties":{"fid":476,"n":3,"fre_gj":39.6,"fre_daily":{"2026-09-28":39.6},"overpasses":2,"frp_total":16.3,"frp_max":8.3,"frp_mean":5.43,"area_km2":0.58,"lat":-9.6047,"lon":120.1499,"first_seen":"2026-09-28","last_seen":"2026-09-28","duration_days":1,"status":"historic","trend":-1,"growth_ratio":0.0,"night_frac":0.0,"daily":{"2026-09-28":{"n":3,"frp":16.3}}}},{"type":"Feature","id":275,"geometry":{"type":"Polygon","coordinates":[[[120.67658,-10.08717],[120.67635,-10.08583],[120.67566,-10.08465],[120.67461,-10.08378],[120.67332,-10.08331],[120.67195,-10.08331],[120.67066,-10.08378],[120.66961,-10.08465],[120.66892,-10.08583],[120.66868,-10.08717],[120.66892,-10.08851],[120.66961,-10.08968],[120.67066,-10.09056],[120.67195,-10.09102],[120.67332,-10.09102],[120.67461,-10.09056],[120.67566,-10.08968],[120.67635,-10.08851],[120.67658,-10.08717]]]},"properties":{"fid":275,"n":3,"fre_gj":39.5,"fre_daily":{"2026-09-28":29.0,"2026-10-01":10.4},"overpasses":3,"frp_total":13.2,"frp_max":7.2,"frp_mean":4.4,"area_km2":0.58,"lat":-10.0872,"lon":120.6726,"first_seen":"2026-09-28","last_seen":"2026-10-01","duration_days":2,"status":"historic","trend":-1,"growth_ratio":0.0,"night_frac":0.0,"daily":{"2026-09-28":{"n":2,"frp":10.3},"2026-10-01":{"n":1,"frp":2.9}}}},{"type":"Feature","id":635,"geometry":{"type":"Polygon","coordinates":[[[124.4374,-9.4906],[124.4586,-9.4742],[124.4469,-9.4793],[124.4374,-9.4906]]]},"properties":{"fid":635,"n":4,"fre_gj":39.3,"fre_daily":{"2026-09-29":20.5,"2026-10-01":10.1,"2026-10-03":8.7},"overpasses":3,"frp_total":10.9,"frp_max":3.0,"frp_mean":2.73,"area_km2":0.51,"lat":-9.4813,"lon":124.4474,"first_seen":"2026-09-29","last_seen":"2026-10-03","duration_days":3,"status":"receding","trend":-1,"growth_ratio":0.0,"night_frac":0.0,"daily":{"2026-09-29":{"n":2,"frp":5.7},"2026-10-01":{"n":1,"frp":2.8},"2026-10-03":{"n":1,"frp":2.4}}}},{"type":"Feature","id":98,"geometry":{"type":"Polygon","coordinates":[[[147.9855,-10.0386],[147.9917,-10.0374],[147.9994,-10.0288],[147.9855,-10.0386]]]},"properties":{"fid":98,"n":3,"fre_gj":39.2,"fre_daily":{"2026-09-28":14.0,"2026-09-29":16.9,"2026-09-30":8.3},"overpasses":3,"frp_total":10.9,"frp_max":4.7,"frp_mean":3.63,"area_km2":0.27,"lat":-10.0349,"lon":147.9922,"first_seen":"2026-09-28","last_seen":"2026-09-30","duration_days":3,"status":"historic","trend":-1,"growth_ratio":0.0,"night_frac":0.0,"daily":{"2026-09-28":{"n":1,"frp":3.9},"2026-09-29":{"n":1,"frp":4.7},"2026-09-30":{"n":1,"frp":2.3}}}},{"type":"Feature","id":772,"geometry":{"type":"Polygon","coordinates":[[[119.50321,-9.68572],[119.50293,-9.68418],[119.50214,-9.68282],[119.50093,-9.68181],[119.49944,-9.68127],[119.49786,-9.68127],[119.49637,-9.68181],[119.49516,-9.68282],[119.49437,-9.68418],[119.49409,-9.68572],[119.49437,-9.68727],[119.49516,-9.68863],[119.49637,-9.68964],[119.49786,-9.69018],[119.49944,-9.69018],[119.50093,-9.68964],[119.50214,-9.68863],[119.50293,-9.68727],[119.50321,-9.68572]]]},"properties":{"fid":772,"n":4,"fre_gj":38.9,"fre_daily":{"2026-09-29":18.0,"2026-09-30":11.2,"2026-10-01":9.7},"overpasses":3,"frp_total":10.8,"frp_max":3.1,"frp_mean":2.7,"area_km2":0.77,"lat":-9.6857,"lon":119.4986,"first_seen":"2026-09-29","last_seen":"2026-10-01","duration_days":3,"status":"historic","trend":-1,"growth_ratio":0.0,"night_frac":0.0,"daily":{"2026-09-29":{"n":2,"frp":5.0},"2026-09-30":{"n":1,"frp":3.1},"2026-10-01":{"n":1,"frp":2.7}}}},{"type":"Feature","id":1124,"geometry":{"type":"Polygon","coordinates":[[[140.87194,-9.01203],[140.8717,-9.01069],[140.87102,-9.00952],[140.86997,-9.00864],[140.86868,-9.00818],[140.86732,-9.00818],[140.86603,-9.00864],[140.86498,-9.00952],[140.8643,-9.01069],[140.86406,-9.01203],[140.8643,-9.01337],[140.86498,-9.01455],[140.86603,-9.01542],[140.86732,-9.01589],[140.86868,-9.01589],[140.86997,-9.01542],[140.87102,-9.01455],[140.8717,-9.01337],[140.87194,-9.01203]]]},"properties":{"fid":1124,"n":3,"fre_gj":38.9,"fre_daily":{"2026-10-02":38.9},"overpasses":2,"frp_total":13.5,"frp_max":4.6,"frp_mean":4.5,"area_km2":0.58,"lat":-9.012,"lon":140.868,"first_seen":"2026-10-02","last_seen":"2026-10-02","duration_days":1,"status":"historic","trend":-1,"growth_ratio":0.0,"night_frac":0.0,"daily":{"2026-10-02":{"n":3,"frp":13.5}}}},{"type":"Feature","id":921,"geometry":{"type":"Polygon","coordinates":[[[124.90391,-9.21983],[124.90367,-9.21849],[124.90299,-9.21732],[124.90194,-9.21644],[124.90065,-9.21598],[124.89928,-9.21598],[124.898,-9.21644],[124.89695,-9.21732],[124.89626,-9.21849],[124.89603,-9.21983],[124.89626,-9.22117],[124.89695,-9.22235],[124.898,-9.22322],[124.89928,-9.22369],[124.90065,-9.22369],[124.90194,-9.22322],[124.90299,-9.22235],[124.90367,-9.22117],[124.90391,-9.21983]]]},"properties":{"fid":921,"n":3,"fre_gj":38.8,"fre_daily":{"2026-09-30":14.6,"2026-10-03":24.1},"overpasses":3,"frp_total":12.8,"frp_max":6.7,"frp_mean":4.27,"area_km2":0.58,"lat":-9.2198,"lon":124.9,"first_seen":"2026-09-30","last_seen":"2026-10-03","duration_days":2,"status":"receding","trend":-1,"growth_ratio":0.0,"night_frac":0.0,"daily":{"2026-09-30":{"n":2,"frp":6.1},"2026-10-03":{"n":1,"frp":6.7}}}},{"type":"Feature","id":287,"geometry":{"type":"Polygon","coordinates":[[[124.05838,-9.83847],[124.05811,-9.83693],[124.05732,-9.83557],[124.0561,-9.83456],[124.05462,-9.83402],[124.05303,-9.83402],[124.05155,-9.83456],[124.05033,-9.83557],[124.04954,-9.83693],[124.04927,-9.83847],[124.04954,-9.84002],[124.05033,-9.84138],[124.05155,-9.84239],[124.05303,-9.84293],[124.05462,-9.84293],[124.0561,-9.84239],[124.05732,-9.84138],[124.05811,-9.84002],[124.05838,-9.83847]]]},"properties":{"fid":287,"n":4,"fre_gj":38.7,"fre_daily":{"2026-09-28":7.6,"2026-09-30":31.2},"overpasses":4,"frp_total":16.6,"frp_max":6.8,"frp_mean":4.15,"area_km2":0.77,"lat":-9.8385,"lon":124.0538,"first_seen":"2026-09-28","last_seen":"2026-09-30","duration_days":2,"status":"historic","trend":-1,"growth_ratio":0.0,"night_frac":0.0,"daily":{"2026-09-28":{"n":1,"frp":2.1},"2026-09-30":{"n":3,"frp":14.5}}}},{"type":"Feature","id":909,"geometry":{"type":"Polygon","coordinates":[[[123.94088,-10.1056],[123.94065,-10.10426],[123.93996,-10.10308],[123.93891,-10.10221],[123.93762,-10.10174],[123.93625,-10.10174],[123.93496,-10.10221],[123.93391,-10.10308],[123.93322,-10.10426],[123.93298,-10.1056],[123.93322,-10.10694],[123.93391,-10.10812],[123.93496,-10.10899],[123.93625,-10.10946],[123.93762,-10.10946],[123.93891,-10.10899],[123.93996,-10.10812],[123.94065,-10.10694],[123.94088,-10.1056]]]},"properties":{"fid":909,"n":3,"fre_gj":38.4,"fre_daily":{"2026-09-30":12.6,"2026-10-02":25.8},"overpasses":3,"frp_total":11.7,"frp_max":5.4,"frp_mean":3.9,"area_km2":0.58,"lat":-10.1056,"lon":123.9369,"first_seen":"2026-09-30","last_seen":"2026-10-02","duration_days":2,"status":"historic","trend":-1,"growth_ratio":0.0,"night_frac":0.0,"daily":{"2026-09-30":{"n":1,"frp":3.5},"2026-10-02":{"n":2,"frp":8.2}}}},{"type":"Feature","id":1169,"geometry":{"type":"Polygon","coordinates":[[[124.86414,-9.3802],[124.8639,-9.37886],[124.86322,-9.37768],[124.86217,-9.37681],[124.86088,-9.37634],[124.85952,-9.37634],[124.85823,-9.37681],[124.85718,-9.37768],[124.8565,-9.37886],[124.85626,-9.3802],[124.8565,-9.38154],[124.85718,-9.38272],[124.85823,-9.38359],[124.85952,-9.38406],[124.86088,-9.38406],[124.86217,-9.38359],[124.86322,-9.38272],[124.8639,-9.38154],[124.86414,-9.3802]]]},"properties":{"fid":1169,"n":3,"fre_gj":37.9,"fre_daily":{"2026-10-02":37.9},"overpasses":2,"frp_total":16.0,"frp_max":5.9,"frp_mean":5.33,"area_km2":0.58,"lat":-9.3802,"lon":124.8602,"first_seen":"2026-10-02","last_seen":"2026-10-02","duration_days":1,"status":"historic","trend":-1,"growth_ratio":0.0,"night_frac":0.0,"daily":{"2026-10-02":{"n":3,"frp":16.0}}}},{"type":"Feature","id":420,"geometry":{"type":"Polygon","coordinates":[[[147.89968,-30.31587],[147.89936,-30.31433],[147.89846,-30.31297],[147.89708,-30.31196],[147.89538,-30.31142],[147.89357,-30.31142],[147.89187,-30.31196],[147.89049,-30.31297],[147.88959,-30.31433],[147.88927,-30.31587],[147.88959,-30.31742],[147.89049,-30.31878],[147.89187,-30.31979],[147.89357,-30.32033],[147.89538,-30.32033],[147.89708,-30.31979],[147.89846,-30.31878],[147.89936,-30.31742],[147.89968,-30.31587]]]},"properties":{"fid":420,"n":4,"fre_gj":37.7,"fre_daily":{"2026-09-28":25.1,"2026-09-30":12.6},"overpasses":3,"frp_total":14.1,"frp_max":5.2,"frp_mean":3.52,"area_km2":0.77,"lat":-30.3159,"lon":147.8945,"first_seen":"2026-09-28","last_seen":"2026-09-30","duration_days":2,"status":"historic","trend":-1,"growth_ratio":0.0,"night_frac":0.0,"daily":{"2026-09-28":{"n":3,"frp":10.6},"2026-09-30":{"n":1,"frp":3.5}}}},{"type":"Feature","id":1119,"geometry":{"type":"Polygon","coordinates":[[[142.7513,-9.2338],[142.7542,-9.2361],[142.7647,-9.228],[142.7513,-9.2338]]]},"properties":{"fid":1119,"n":3,"fre_gj":37.7,"fre_daily":{"2026-09-28":14.0,"2026-10-02":23.6},"overpasses":3,"frp_total":12.1,"frp_max":4.3,"frp_mean":4.03,"area_km2":0.29,"lat":-9.2326,"lon":142.7567,"first_seen":"2026-09-28","last_seen":"2026-10-02","duration_days":2,"status":"historic","trend":-1,"growth_ratio":0.0,"night_frac":0.0,"daily":{"2026-09-28":{"n":1,"frp":3.9},"2026-10-02":{"n":2,"frp":8.2}}}},{"type":"Feature","id":583,"geometry":{"type":"Polygon","coordinates":[[[147.546,-9.722],[147.55,-9.7257],[147.5625,-9.7227],[147.546,-9.722]]]},"properties":{"fid":583,"n":4,"fre_gj":37.5,"fre_daily":{"2026-09-29":37.5},"overpasses":3,"frp_total":15.5,"frp_max":5.1,"frp_mean":3.88,"area_km2":0.35,"lat":-9.7234,"lon":147.5517,"first_seen":"2026-09-29","last_seen":"2026-09-29","duration_days":1,"status":"historic","trend":-1,"growth_ratio":0.0,"night_frac":0.0,"daily":{"2026-09-29":{"n":4,"frp":15.5}}}},{"type":"Feature","id":699,"geometry":{"type":"Polygon","coordinates":[[[146.65898,-36.68873],[146.65869,-36.68739],[146.65785,-36.68622],[146.65656,-36.68534],[146.65498,-36.68488],[146.65329,-36.68488],[146.65171,-36.68534],[146.65042,-36.68622],[146.64958,-36.68739],[146.64928,-36.68873],[146.64958,-36.69007],[146.65042,-36.69125],[146.65171,-36.69212],[146.65329,-36.69259],[146.65498,-36.69259],[146.65656,-36.69212],[146.65785,-36.69125],[146.65869,-36.69007],[146.65898,-36.68873]]]},"properties":{"fid":699,"n":3,"fre_gj":36.9,"fre_daily":{"2026-09-29":36.9},"overpasses":2,"frp_total":15.2,"frp_max":6.7,"frp_mean":5.07,"area_km2":0.58,"lat":-36.6887,"lon":146.6541,"first_seen":"2026-09-29","last_seen":"2026-09-29","duration_days":1,"status":"historic","trend":-1,"growth_ratio":0.0,"night_frac":0.0,"daily":{"2026-09-29":{"n":3,"frp":15.2}}}},{"type":"Feature","id":590,"geometry":{"type":"Polygon","coordinates":[[[148.44424,-9.48093],[148.44401,-9.47959],[148.44332,-9.47842],[148.44227,-9.47754],[148.44098,-9.47708],[148.43962,-9.47708],[148.43833,-9.47754],[148.43728,-9.47842],[148.43659,-9.47959],[148.43636,-9.48093],[148.43659,-9.48227],[148.43728,-9.48345],[148.43833,-9.48432],[148.43962,-9.48479],[148.44098,-9.48479],[148.44227,-9.48432],[148.44332,-9.48345],[148.44401,-9.48227],[148.44424,-9.48093]]]},"properties":{"fid":590,"n":3,"fre_gj":36.6,"fre_daily":{"2026-09-29":36.6},"overpasses":2,"frp_total":12.7,"frp_max":7.3,"frp_mean":4.23,"area_km2":0.58,"lat":-9.4809,"lon":148.4403,"first_seen":"2026-09-29","last_seen":"2026-09-29","duration_days":1,"status":"historic","trend":-1,"growth_ratio":0.0,"night_frac":0.0,"daily":{"2026-09-29":{"n":3,"frp":12.7}}}},{"type":"Feature","id":1063,"geometry":{"type":"Polygon","coordinates":[[[120.36451,-9.67158],[120.36421,-9.66985],[120.36332,-9.66833],[120.36197,-9.6672],[120.3603,-9.6666],[120.35854,-9.6666],[120.35687,-9.6672],[120.35552,-9.66833],[120.35463,-9.66985],[120.35433,-9.67158],[120.35463,-9.67331],[120.35552,-9.67483],[120.35687,-9.67596],[120.35854,-9.67656],[120.3603,-9.67656],[120.36197,-9.67596],[120.36332,-9.67483],[120.36421,-9.67331],[120.36451,-9.67158]]]},"properties":{"fid":1063,"n":5,"fre_gj":36.6,"fre_daily":{"2026-10-01":24.8,"2026-10-02":11.8},"overpasses":4,"frp_total":15.2,"frp_max":6.8,"frp_mean":3.04,"area_km2":0.96,"lat":-9.6716,"lon":120.3594,"first_seen":"2026-10-01","last_seen":"2026-10-02","duration_days":2,"status":"historic","trend":-1,"growth_ratio":0.0,"night_frac":0.6,"daily":{"2026-10-01":{"n":2,"frp":10.1},"2026-10-02":{"n":3,"frp":5.1}}}},{"type":"Feature","id":498,"geometry":{"type":"Polygon","coordinates":[[[124.70871,-9.30222],[124.7084,-9.30049],[124.70752,-9.29897],[124.70616,-9.29784],[124.7045,-9.29724],[124.70274,-9.29724],[124.70108,-9.29784],[124.69972,-9.29897],[124.69884,-9.30049],[124.69853,-9.30222],[124.69884,-9.30395],[124.69972,-9.30547],[124.70108,-9.3066],[124.70274,-9.3072],[124.7045,-9.3072],[124.70616,-9.3066],[124.70752,-9.30547],[124.7084,-9.30395],[124.70871,-9.30222]]]},"properties":{"fid":498,"n":5,"fre_gj":36.5,"fre_daily":{"2026-09-28":36.5},"overpasses":2,"frp_total":15.2,"frp_max":4.4,"frp_mean":3.04,"area_km2":0.96,"lat":-9.3022,"lon":124.7036,"first_seen":"2026-09-28","last_seen":"2026-09-28","duration_days":1,"status":"historic","trend":-1,"growth_ratio":0.0,"night_frac":1.0,"daily":{"2026-09-28":{"n":5,"frp":15.2}}}},{"type":"Feature","id":414,"geometry":{"type":"Polygon","coordinates":[[[147.29434,-42.89597],[147.29402,-42.89463],[147.2931,-42.89345],[147.29169,-42.89258],[147.28996,-42.89211],[147.28811,-42.89211],[147.28638,-42.89258],[147.28497,-42.89345],[147.28404,-42.89463],[147.28372,-42.89597],[147.28404,-42.89731],[147.28497,-42.89848],[147.28638,-42.89936],[147.28811,-42.89982],[147.28996,-42.89982],[147.29169,-42.89936],[147.2931,-42.89848],[147.29402,-42.89731],[147.29434,-42.89597]]]},"properties":{"fid":414,"n":3,"fre_gj":36.3,"fre_daily":{"2026-09-28":36.3},"overpasses":2,"frp_total":15.3,"frp_max":7.6,"frp_mean":5.1,"area_km2":0.58,"lat":-42.896,"lon":147.289,"first_seen":"2026-09-28","last_seen":"2026-09-28","duration_days":1,"status":"historic","trend":-1,"growth_ratio":0.0,"night_frac":0.0,"daily":{"2026-09-28":{"n":3,"frp":15.3}}}},{"type":"Feature","id":1002,"geometry":{"type":"Polygon","coordinates":[[[124.37351,-9.3607],[124.37327,-9.35936],[124.37259,-9.35818],[124.37154,-9.35731],[124.37025,-9.35684],[124.36888,-9.35684],[124.3676,-9.35731],[124.36655,-9.35818],[124.36586,-9.35936],[124.36562,-9.3607],[124.36586,-9.36204],[124.36655,-9.36322],[124.3676,-9.36409],[124.36888,-9.36456],[124.37025,-9.36456],[124.37154,-9.36409],[124.37259,-9.36322],[124.37327,-9.36204],[124.37351,-9.3607]]]},"properties":{"fid":1002,"n":3,"fre_gj":36.0,"fre_daily":{"2026-10-01":36.0},"overpasses":3,"frp_total":13.6,"frp_max":7.1,"frp_mean":4.53,"area_km2":0.58,"lat":-9.3607,"lon":124.3696,"first_seen":"2026-10-01","last_seen":"2026-10-01","duration_days":1,"status":"historic","trend":-1,"growth_ratio":0.0,"night_frac":0.0,"daily":{"2026-10-01":{"n":3,"frp":13.6}}}},{"type":"Feature","id":353,"geometry":{"type":"Polygon","coordinates":[[[135.0941,-17.4341],[135.0975,-17.4348],[135.1045,-17.4263],[135.1077,-17.4206],[135.0941,-17.4341]]]},"properties":{"fid":353,"n":5,"fre_gj":35.9,"fre_daily":{"2026-09-28":35.9},"overpasses":2,"frp_total":11.4,"frp_max":3.0,"frp_mean":2.28,"area_km2":0.4,"lat":-17.4282,"lon":135.1014,"first_seen":"2026-09-28","last_seen":"2026-09-28","duration_days":1,"status":"historic","trend":-1,"growth_ratio":0.0,"night_frac":1.0,"daily":{"2026-09-28":{"n":5,"frp":11.4}}}},{"type":"Feature","id":850,"geometry":{"type":"Polygon","coordinates":[[[125.04515,-9.1261],[125.04487,-9.12455],[125.04408,-9.12319],[125.04287,-9.12218],[125.04139,-9.12165],[125.03981,-9.12165],[125.03833,-9.12218],[125.03712,-9.12319],[125.03633,-9.12455],[125.03605,-9.1261],[125.03633,-9.12765],[125.03712,-9.12901],[125.03833,-9.13002],[125.03981,-9.13055],[125.04139,-9.13055],[125.04287,-9.13002],[125.04408,-9.12901],[125.04487,-9.12765],[125.04515,-9.1261]]]},"properties":{"fid":850,"n":4,"fre_gj":35.9,"fre_daily":{"2026-09-30":35.9},"overpasses":3,"frp_total":15.8,"frp_max":6.6,"frp_mean":3.95,"area_km2":0.77,"lat":-9.1261,"lon":125.0406,"first_seen":"2026-09-30","last_seen":"2026-09-30","duration_days":1,"status":"historic","trend":-1,"growth_ratio":0.0,"night_frac":0.0,"daily":{"2026-09-30":{"n":4,"frp":15.8}}}},{"type":"Feature","id":1049,"geometry":{"type":"Polygon","coordinates":[[[151.16902,-9.96907],[151.16878,-9.96773],[151.16809,-9.96655],[151.16704,-9.96568],[151.16575,-9.96521],[151.16438,-9.96521],[151.16309,-9.96568],[151.16204,-9.96655],[151.16136,-9.96773],[151.16112,-9.96907],[151.16136,-9.97041],[151.16204,-9.97158],[151.16309,-9.97246],[151.16438,-9.97292],[151.16575,-9.97292],[151.16704,-9.97246],[151.16809,-9.97158],[151.16878,-9.97041],[151.16902,-9.96907]]]},"properties":{"fid":1049,"n":3,"fre_gj":35.7,"fre_daily":{"2026-10-01":24.5,"2026-10-03":11.2},"overpasses":2,"frp_total":9.9,"frp_max":3.5,"frp_mean":3.3,"area_km2":0.58,"lat":-9.9691,"lon":151.1651,"first_seen":"2026-10-01","last_seen":"2026-10-03","duration_days":2,"status":"receding","trend":-1,"growth_ratio":0.0,"night_frac":0.0,"daily":{"2026-10-01":{"n":2,"frp":6.8},"2026-10-03":{"n":1,"frp":3.1}}}},{"type":"Feature","id":297,"geometry":{"type":"Polygon","coordinates":[[[124.776,-9.5054],[124.7779,-9.5123],[124.7785,-9.5132],[124.7848,-9.4953],[124.776,-9.5054]]]},"properties":{"fid":297,"n":4,"fre_gj":35.6,"fre_daily":{"2026-09-28":10.1,"2026-09-30":14.8,"2026-10-02":10.8},"overpasses":3,"frp_total":9.9,"frp_max":3.0,"frp_mean":2.48,"area_km2":0.58,"lat":-9.5066,"lon":124.7793,"first_seen":"2026-09-28","last_seen":"2026-10-02","duration_days":3,"status":"historic","trend":-1,"growth_ratio":0.0,"night_frac":0.0,"daily":{"2026-09-28":{"n":1,"frp":2.8},"2026-09-30":{"n":2,"frp":4.1},"2026-10-02":{"n":1,"frp":3.0}}}},{"type":"Feature","id":1043,"geometry":{"type":"Polygon","coordinates":[[[152.75263,-26.0649],[152.75237,-26.06356],[152.75162,-26.06238],[152.75047,-26.06151],[152.74905,-26.06104],[152.74755,-26.06104],[152.74613,-26.06151],[152.74498,-26.06238],[152.74423,-26.06356],[152.74397,-26.0649],[152.74423,-26.06624],[152.74498,-26.06742],[152.74613,-26.06829],[152.74755,-26.06876],[152.74905,-26.06876],[152.75047,-26.06829],[152.75162,-26.06742],[152.75237,-26.06624],[152.75263,-26.0649]]]},"properties":{"fid":1043,"n":3,"fre_gj":35.5,"fre_daily":{"2026-10-01":35.5},"overpasses":2,"frp_total":15.0,"frp_max":8.4,"frp_mean":5.0,"area_km2":0.58,"lat":-26.0649,"lon":152.7483,"first_seen":"2026-10-01","last_seen":"2026-10-01","duration_days":1,"status":"historic","trend":-1,"growth_ratio":0.0,"night_frac":0.0,"daily":{"2026-10-01":{"n":3,"frp":15.0}}}},{"type":"Feature","id":1072,"geometry":{"type":"Polygon","coordinates":[[[129.9218,-20.6728],[129.9454,-20.6931],[129.9469,-20.6943],[129.9461,-20.6896],[129.9427,-20.6854],[129.9398,-20.6821],[129.9283,-20.672],[129.9242,-20.6713],[129.9218,-20.6728]]]},"properties":{"fid":1072,"n":15,"fre_gj":35.5,"fre_daily":{"2026-10-01":35.5},"overpasses":2,"frp_total":14.6,"frp_max":1.4,"frp_mean":0.97,"area_km2":1.51,"lat":-20.6802,"lon":129.9344,"first_seen":"2026-10-01","last_seen":"2026-10-01","duration_days":1,"status":"historic","trend":-1,"growth_ratio":0.0,"night_frac":1.0,"daily":{"2026-10-01":{"n":15,"frp":14.6}}}},{"type":"Feature","id":90,"geometry":{"type":"Polygon","coordinates":[[[142.22209,-10.695],[142.22185,-10.69366],[142.22117,-10.69248],[142.22011,-10.69161],[142.21882,-10.69114],[142.21745,-10.69114],[142.21615,-10.69161],[142.2151,-10.69248],[142.21441,-10.69366],[142.21417,-10.695],[142.21441,-10.69634],[142.2151,-10.69752],[142.21615,-10.69839],[142.21745,-10.69886],[142.21882,-10.69886],[142.22011,-10.69839],[142.22117,-10.69752],[142.22185,-10.69634],[142.22209,-10.695]]]},"properties":{"fid":90,"n":3,"fre_gj":35.2,"fre_daily":{"2026-09-28":35.2},"overpasses":3,"frp_total":16.2,"frp_max":8.4,"frp_mean":5.4,"area_km2":0.58,"lat":-10.695,"lon":142.2181,"first_seen":"2026-09-28","last_seen":"2026-09-28","duration_days":1,"status":"historic","trend":-1,"growth_ratio":0.0,"night_frac":0.0,"daily":{"2026-09-28":{"n":3,"frp":16.2}}}},{"type":"Feature","id":701,"geometry":{"type":"Polygon","coordinates":[[[143.83839,-35.20867],[143.83811,-35.20733],[143.83728,-35.20615],[143.83601,-35.20528],[143.83446,-35.20481],[143.83281,-35.20481],[143.83125,-35.20528],[143.82999,-35.20615],[143.82916,-35.20733],[143.82887,-35.20867],[143.82916,-35.21001],[143.82999,-35.21118],[143.83125,-35.21206],[143.83281,-35.21252],[143.83446,-35.21252],[143.83601,-35.21206],[143.83728,-35.21118],[143.83811,-35.21001],[143.83839,-35.20867]]]},"properties":{"fid":701,"n":3,"fre_gj":34.8,"fre_daily":{"2026-09-29":34.8},"overpasses":2,"frp_total":14.7,"frp_max":6.1,"frp_mean":4.9,"area_km2":0.58,"lat":-35.2087,"lon":143.8336,"first_seen":"2026-09-29","last_seen":"2026-09-29","duration_days":1,"status":"historic","trend":-1,"growth_ratio":0.0,"night_frac":0.0,"daily":{"2026-09-29":{"n":3,"frp":14.7}}}},{"type":"Feature","id":422,"geometry":{"type":"Polygon","coordinates":[[[147.55688,-26.4536],[147.55662,-26.45226],[147.55586,-26.45108],[147.55471,-26.45021],[147.55329,-26.44974],[147.55178,-26.44974],[147.55036,-26.45021],[147.54921,-26.45108],[147.54845,-26.45226],[147.54819,-26.4536],[147.54845,-26.45494],[147.54921,-26.45612],[147.55036,-26.45699],[147.55178,-26.45746],[147.55329,-26.45746],[147.55471,-26.45699],[147.55586,-26.45612],[147.55662,-26.45494],[147.55688,-26.4536]]]},"properties":{"fid":422,"n":3,"fre_gj":34.7,"fre_daily":{"2026-09-28":23.9,"2026-09-29":10.8},"overpasses":3,"frp_total":13.1,"frp_max":5.4,"frp_mean":4.37,"area_km2":0.58,"lat":-26.4536,"lon":147.5525,"first_seen":"2026-09-28","last_seen":"2026-09-29","duration_days":2,"status":"historic","trend":-1,"growth_ratio":0.0,"night_frac":0.0,"daily":{"2026-09-28":{"n":2,"frp":10.1},"2026-09-29":{"n":1,"frp":3.0}}}},{"type":"Feature","id":1173,"geometry":{"type":"Polygon","coordinates":[[[142.13962,-10.15867],[142.13938,-10.15733],[142.13869,-10.15615],[142.13764,-10.15528],[142.13635,-10.15481],[142.13498,-10.15481],[142.13369,-10.15528],[142.13264,-10.15615],[142.13195,-10.15733],[142.13171,-10.15867],[142.13195,-10.16001],[142.13264,-10.16118],[142.13369,-10.16206],[142.13498,-10.16252],[142.13635,-10.16252],[142.13764,-10.16206],[142.13869,-10.16118],[142.13938,-10.16001],[142.13962,-10.15867]]]},"properties":{"fid":1173,"n":3,"fre_gj":34.7,"fre_daily":{"2026-10-02":11.2,"2026-10-04":23.5},"overpasses":2,"frp_total":9.6,"frp_max":6.5,"frp_mean":3.21,"area_km2":0.58,"lat":-10.1587,"lon":142.1357,"first_seen":"2026-10-02","last_seen":"2026-10-04","duration_days":2,"status":"active","trend":-1,"growth_ratio":0.5,"night_frac":0.67,"daily":{"2026-10-02":{"n":2,"frp":3.1},"2026-10-04":{"n":1,"frp":6.5}}}},{"type":"Feature","id":962,"geometry":{"type":"Polygon","coordinates":[[[147.67915,-26.52753],[147.67889,-26.52619],[147.67813,-26.52502],[147.67697,-26.52414],[147.67555,-26.52368],[147.67405,-26.52368],[147.67263,-26.52414],[147.67147,-26.52502],[147.67071,-26.52619],[147.67045,-26.52753],[147.67071,-26.52887],[147.67147,-26.53005],[147.67263,-26.53092],[147.67405,-26.53139],[147.67555,-26.53139],[147.67697,-26.53092],[147.67813,-26.53005],[147.67889,-26.52887],[147.67915,-26.52753]]]},"properties":{"fid":962,"n":3,"fre_gj":34.4,"fre_daily":{"2026-10-01":34.4},"overpasses":3,"frp_total":13.8,"frp_max":4.9,"frp_mean":4.6,"area_km2":0.58,"lat":-26.5275,"lon":147.6748,"first_seen":"2026-10-01","last_seen":"2026-10-01","duration_days":1,"status":"historic","trend":-1,"growth_ratio":0.0,"night_frac":0.0,"daily":{"2026-10-01":{"n":3,"frp":13.8}}}},{"type":"Feature","id":1088,"geometry":{"type":"Polygon","coordinates":[[[150.1255,-28.64203],[150.12523,-28.64069],[150.12446,-28.63952],[150.12328,-28.63864],[150.12184,-28.63818],[150.1203,-28.63818],[150.11885,-28.63864],[150.11767,-28.63952],[150.1169,-28.64069],[150.11663,-28.64203],[150.1169,-28.64337],[150.11767,-28.64455],[150.11885,-28.64542],[150.1203,-28.64589],[150.12184,-28.64589],[150.12328,-28.64542],[150.12446,-28.64455],[150.12523,-28.64337],[150.1255,-28.64203]]]},"properties":{"fid":1088,"n":3,"fre_gj":34.3,"fre_daily":{"2026-10-02":34.3},"overpasses":2,"frp_total":11.0,"frp_max":4.8,"frp_mean":3.67,"area_km2":0.58,"lat":-28.642,"lon":150.1211,"first_seen":"2026-10-02","last_seen":"2026-10-02","duration_days":1,"status":"historic","trend":-1,"growth_ratio":0.0,"night_frac":0.0,"daily":{"2026-10-02":{"n":3,"frp":11.0}}}},{"type":"Feature","id":417,"geometry":{"type":"Polygon","coordinates":[[[145.42827,-35.9005],[145.42798,-35.89916],[145.42715,-35.89798],[145.42587,-35.89711],[145.4243,-35.89664],[145.42263,-35.89664],[145.42107,-35.89711],[145.41979,-35.89798],[145.41895,-35.89916],[145.41866,-35.9005],[145.41895,-35.90184],[145.41979,-35.90302],[145.42107,-35.90389],[145.42263,-35.90436],[145.4243,-35.90436],[145.42587,-35.90389],[145.42715,-35.90302],[145.42798,-35.90184],[145.42827,-35.9005]]]},"properties":{"fid":417,"n":3,"fre_gj":33.7,"fre_daily":{"2026-09-28":33.7},"overpasses":2,"frp_total":14.2,"frp_max":6.6,"frp_mean":4.73,"area_km2":0.58,"lat":-35.9005,"lon":145.4235,"first_seen":"2026-09-28","last_seen":"2026-09-28","duration_days":1,"status":"historic","trend":-1,"growth_ratio":0.0,"night_frac":0.0,"daily":{"2026-09-28":{"n":3,"frp":14.2}}}},{"type":"Feature","id":1230,"geometry":{"type":"Polygon","coordinates":[[[124.25414,-9.38083],[124.2539,-9.37949],[124.25322,-9.37832],[124.25217,-9.37744],[124.25088,-9.37698],[124.24952,-9.37698],[124.24823,-9.37744],[124.24718,-9.37832],[124.2465,-9.37949],[124.24626,-9.38083],[124.2465,-9.38217],[124.24718,-9.38335],[124.24823,-9.38422],[124.24952,-9.38469],[124.25088,-9.38469],[124.25217,-9.38422],[124.25322,-9.38335],[124.2539,-9.38217],[124.25414,-9.38083]]]},"properties":{"fid":1230,"n":3,"fre_gj":33.7,"fre_daily":{"2026-10-03":33.7},"overpasses":2,"frp_total":11.7,"frp_max":6.0,"frp_mean":3.9,"area_km2":0.58,"lat":-9.3808,"lon":124.2502,"first_seen":"2026-10-03","last_seen":"2026-10-03","duration_days":1,"status":"receding","trend":-1,"growth_ratio":0.0,"night_frac":0.0,"daily":{"2026-10-03":{"n":3,"frp":11.7}}}},{"type":"Feature","id":920,"geometry":{"type":"Polygon","coordinates":[[[124.91667,-9.249],[124.91644,-9.24766],[124.91575,-9.24648],[124.9147,-9.24561],[124.91342,-9.24514],[124.91205,-9.24514],[124.91076,-9.24561],[124.90971,-9.24648],[124.90903,-9.24766],[124.90879,-9.249],[124.90903,-9.25034],[124.90971,-9.25152],[124.91076,-9.25239],[124.91205,-9.25286],[124.91342,-9.25286],[124.9147,-9.25239],[124.91575,-9.25152],[124.91644,-9.25034],[124.91667,-9.249]]]},"properties":{"fid":920,"n":3,"fre_gj":33.6,"fre_daily":{"2026-09-30":25.0,"2026-10-01":8.6},"overpasses":3,"frp_total":12.8,"frp_max":8.4,"frp_mean":4.27,"area_km2":0.58,"lat":-9.249,"lon":124.9127,"first_seen":"2026-09-30","last_seen":"2026-10-01","duration_days":2,"status":"historic","trend":-1,"growth_ratio":0.0,"night_frac":0.0,"daily":{"2026-09-30":{"n":2,"frp":10.4},"2026-10-01":{"n":1,"frp":2.4}}}},{"type":"Feature","id":892,"geometry":{"type":"Polygon","coordinates":[[[125.5826,-18.223],[125.5829,-18.2314],[125.5866,-18.2318],[125.5833,-18.2195],[125.5826,-18.223]]]},"properties":{"fid":892,"n":5,"fre_gj":33.1,"fre_daily":{"2026-09-30":33.1},"overpasses":2,"frp_total":10.5,"frp_max":2.3,"frp_mean":2.1,"area_km2":0.3,"lat":-18.2263,"lon":125.5838,"first_seen":"2026-09-30","last_seen":"2026-09-30","duration_days":1,"status":"historic","trend":-1,"growth_ratio":0.0,"night_frac":1.0,"daily":{"2026-09-30":{"n":5,"frp":10.5}}}},{"type":"Feature","id":1056,"geometry":{"type":"Polygon","coordinates":[[[124.08068,-10.07753],[124.08045,-10.07619],[124.07976,-10.07502],[124.07871,-10.07414],[124.07742,-10.07368],[124.07605,-10.07368],[124.07476,-10.07414],[124.07371,-10.07502],[124.07302,-10.07619],[124.07278,-10.07753],[124.07302,-10.07887],[124.07371,-10.08005],[124.07476,-10.08092],[124.07605,-10.08139],[124.07742,-10.08139],[124.07871,-10.08092],[124.07976,-10.08005],[124.08045,-10.07887],[124.08068,-10.07753]]]},"properties":{"fid":1056,"n":3,"fre_gj":32.9,"fre_daily":{"2026-10-01":7.2,"2026-10-03":25.7},"overpasses":2,"frp_total":9.1,"frp_max":4.0,"frp_mean":3.05,"area_km2":0.58,"lat":-10.0775,"lon":124.0767,"first_seen":"2026-10-01","last_seen":"2026-10-03","duration_days":2,"status":"receding","trend":-1,"growth_ratio":0.0,"night_frac":0.0,"daily":{"2026-10-01":{"n":1,"frp":2.0},"2026-10-03":{"n":2,"frp":7.1}}}},{"type":"Feature","id":137,"geometry":{"type":"Polygon","coordinates":[[[147.38374,-9.3973],[147.3835,-9.39596],[147.38282,-9.39478],[147.38177,-9.39391],[147.38048,-9.39344],[147.37912,-9.39344],[147.37783,-9.39391],[147.37678,-9.39478],[147.3761,-9.39596],[147.37586,-9.3973],[147.3761,-9.39864],[147.37678,-9.39982],[147.37783,-9.40069],[147.37912,-9.40116],[147.38048,-9.40116],[147.38177,-9.40069],[147.38282,-9.39982],[147.3835,-9.39864],[147.38374,-9.3973]]]},"properties":{"fid":137,"n":3,"fre_gj":32.8,"fre_daily":{"2026-09-28":9.4,"2026-10-03":8.0,"2026-10-04":15.4},"overpasses":3,"frp_total":9.1,"frp_max":4.3,"frp_mean":3.04,"area_km2":0.58,"lat":-9.3973,"lon":147.3798,"first_seen":"2026-09-28","last_seen":"2026-10-04","duration_days":3,"status":"active","trend":0,"growth_ratio":1.0,"night_frac":0.0,"daily":{"2026-09-28":{"n":1,"frp":2.6},"2026-10-03":{"n":1,"frp":2.2},"2026-10-04":{"n":1,"frp":4.3}}}},{"type":"Feature","id":283,"geometry":{"type":"Polygon","coordinates":[[[124.24312,-9.9518],[124.24288,-9.95046],[124.24219,-9.94928],[124.24114,-9.94841],[124.23985,-9.94794],[124.23848,-9.94794],[124.23719,-9.94841],[124.23614,-9.94928],[124.23546,-9.95046],[124.23522,-9.9518],[124.23546,-9.95314],[124.23614,-9.95432],[124.23719,-9.95519],[124.23848,-9.95566],[124.23985,-9.95566],[124.24114,-9.95519],[124.24219,-9.95432],[124.24288,-9.95314],[124.24312,-9.9518]]]},"properties":{"fid":283,"n":3,"fre_gj":32.5,"fre_daily":{"2026-09-28":18.0,"2026-10-03":14.5},"overpasses":3,"frp_total":10.4,"frp_max":4.3,"frp_mean":3.47,"area_km2":0.58,"lat":-9.9518,"lon":124.2392,"first_seen":"2026-09-28","last_seen":"2026-10-03","duration_days":2,"status":"receding","trend":-1,"growth_ratio":0.0,"night_frac":0.0,"daily":{"2026-09-28":{"n":2,"frp":6.4},"2026-10-03":{"n":1,"frp":4.0}}}},{"type":"Feature","id":941,"geometry":{"type":"Polygon","coordinates":[[[124.3675,-9.5788],[124.3781,-9.5739],[124.3677,-9.5729],[124.3675,-9.5788]]]},"properties":{"fid":941,"n":3,"fre_gj":32.5,"fre_daily":{"2026-09-30":6.8,"2026-10-01":25.7},"overpasses":3,"frp_total":10.3,"frp_max":6.1,"frp_mean":3.43,"area_km2":0.37,"lat":-9.5752,"lon":124.3711,"first_seen":"2026-09-30","last_seen":"2026-10-01","duration_days":2,"status":"historic","trend":-1,"growth_ratio":0.0,"night_frac":0.0,"daily":{"2026-09-30":{"n":1,"frp":1.9},"2026-10-01":{"n":2,"frp":8.4}}}},{"type":"Feature","id":124,"geometry":{"type":"Polygon","coordinates":[[[147.7656,-9.6264],[147.7704,-9.6375],[147.7759,-9.6227],[147.7656,-9.6264]]]},"properties":{"fid":124,"n":3,"fre_gj":32.4,"fre_daily":{"2026-09-28":10.4,"2026-09-29":11.5,"2026-10-03":10.4},"overpasses":3,"frp_total":9.0,"frp_max":3.2,"frp_mean":3.0,"area_km2":0.8,"lat":-9.6289,"lon":147.7706,"first_seen":"2026-09-28","last_seen":"2026-10-03","duration_days":3,"status":"receding","trend":-1,"growth_ratio":0.0,"night_frac":0.0,"daily":{"2026-09-28":{"n":1,"frp":2.9},"2026-09-29":{"n":1,"frp":3.2},"2026-10-03":{"n":1,"frp":2.9}}}},{"type":"Feature","id":653,"geometry":{"type":"Polygon","coordinates":[[[151.15915,-23.79128],[151.15871,-23.78896],[151.15743,-23.78692],[151.15547,-23.7854],[151.15307,-23.7846],[151.15051,-23.7846],[151.14811,-23.7854],[151.14615,-23.78692],[151.14487,-23.78896],[151.14443,-23.79128],[151.14487,-23.7936],[151.14615,-23.79564],[151.14811,-23.79715],[151.15051,-23.79796],[151.15307,-23.79796],[151.15547,-23.79715],[151.15743,-23.79564],[151.15871,-23.7936],[151.15915,-23.79128]]]},"properties":{"fid":653,"n":9,"fre_gj":32.1,"fre_daily":{"2026-09-29":7.7,"2026-09-30":2.9,"2026-10-01":5.4,"2026-10-02":6.2,"2026-10-03":9.9},"overpasses":8,"frp_total":9.7,"frp_max":1.5,"frp_mean":1.08,"area_km2":1.73,"lat":-23.7913,"lon":151.1518,"first_seen":"2026-09-29","last_seen":"2026-10-03","duration_days":5,"status":"receding","trend":-1,"growth_ratio":0.0,"night_frac":1.0,"daily":{"2026-09-29":{"n":2,"frp":2.2},"2026-09-30":{"n":1,"frp":0.8},"2026-10-01":{"n":1,"frp":1.5},"2026-10-02":{"n":2,"frp":2.0},"2026-10-03":{"n":3,"frp":3.2}}}},{"type":"Feature","id":1137,"geometry":{"type":"Polygon","coordinates":[[[125.33487,-9.212],[125.33464,-9.21066],[125.33395,-9.20948],[125.3329,-9.20861],[125.33162,-9.20814],[125.33025,-9.20814],[125.32896,-9.20861],[125.32791,-9.20948],[125.32723,-9.21066],[125.32699,-9.212],[125.32723,-9.21334],[125.32791,-9.21452],[125.32896,-9.21539],[125.33025,-9.21586],[125.33162,-9.21586],[125.3329,-9.21539],[125.33395,-9.21452],[125.33464,-9.21334],[125.33487,-9.212]]]},"properties":{"fid":1137,"n":3,"fre_gj":31.9,"fre_daily":{"2026-10-02":31.9},"overpasses":3,"frp_total":13.3,"frp_max":5.4,"frp_mean":4.43,"area_km2":0.58,"lat":-9.212,"lon":125.3309,"first_seen":"2026-10-02","last_seen":"2026-10-02","duration_days":1,"status":"historic","trend":-1,"growth_ratio":0.0,"night_frac":0.0,"daily":{"2026-10-02":{"n":3,"frp":13.3}}}},{"type":"Feature","id":742,"geometry":{"type":"Polygon","coordinates":[[[149.80751,-9.66503],[149.80727,-9.66369],[149.80659,-9.66252],[149.80554,-9.66164],[149.80425,-9.66118],[149.80288,-9.66118],[149.80159,-9.66164],[149.80054,-9.66252],[149.79986,-9.66369],[149.79962,-9.66503],[149.79986,-9.66637],[149.80054,-9.66755],[149.80159,-9.66842],[149.80288,-9.66889],[149.80425,-9.66889],[149.80554,-9.66842],[149.80659,-9.66755],[149.80727,-9.66637],[149.80751,-9.66503]]]},"properties":{"fid":742,"n":3,"fre_gj":31.7,"fre_daily":{"2026-09-29":25.9,"2026-10-01":5.8},"overpasses":3,"frp_total":8.8,"frp_max":6.2,"frp_mean":2.93,"area_km2":0.58,"lat":-9.665,"lon":149.8036,"first_seen":"2026-09-29","last_seen":"2026-10-01","duration_days":2,"status":"historic","trend":-1,"growth_ratio":0.0,"night_frac":0.33,"daily":{"2026-09-29":{"n":2,"frp":7.2},"2026-10-01":{"n":1,"frp":1.6}}}},{"type":"Feature","id":1059,"geometry":{"type":"Polygon","coordinates":[[[120.59528,-9.8296],[120.59504,-9.82826],[120.59436,-9.82708],[120.59331,-9.82621],[120.59202,-9.82574],[120.59065,-9.82574],[120.58936,-9.82621],[120.58831,-9.82708],[120.58762,-9.82826],[120.58739,-9.8296],[120.58762,-9.83094],[120.58831,-9.83212],[120.58936,-9.83299],[120.59065,-9.83346],[120.59202,-9.83346],[120.59331,-9.83299],[120.59436,-9.83212],[120.59504,-9.83094],[120.59528,-9.8296]]]},"properties":{"fid":1059,"n":3,"fre_gj":31.2,"fre_daily":{"2026-10-01":31.2},"overpasses":2,"frp_total":12.7,"frp_max":5.4,"frp_mean":4.23,"area_km2":0.58,"lat":-9.8296,"lon":120.5913,"first_seen":"2026-10-01","last_seen":"2026-10-01","duration_days":1,"status":"historic","trend":-1,"growth_ratio":0.0,"night_frac":0.0,"daily":{"2026-10-01":{"n":3,"frp":12.7}}}},{"type":"Feature","id":1146,"geometry":{"type":"Polygon","coordinates":[[[139.7996,-17.9986],[139.8006,-18.0004],[139.8101,-17.9928],[139.8072,-17.9905],[139.7996,-17.9986]]]},"properties":{"fid":1146,"n":4,"fre_gj":30.7,"fre_daily":{"2026-10-02":15.2,"2026-10-03":15.5},"overpasses":3,"frp_total":8.7,"frp_max":4.3,"frp_mean":2.17,"area_km2":0.38,"lat":-17.9956,"lon":139.8044,"first_seen":"2026-10-02","last_seen":"2026-10-03","duration_days":2,"status":"receding","trend":-1,"growth_ratio":0.0,"night_frac":0.75,"daily":{"2026-10-02":{"n":3,"frp":4.4},"2026-10-03":{"n":1,"frp":4.3}}}},{"type":"Feature","id":521,"geometry":{"type":"Polygon","coordinates":[[[141.74914,-9.15333],[141.7489,-9.15199],[141.74822,-9.15082],[141.74717,-9.14994],[141.74588,-9.14948],[141.74452,-9.14948],[141.74323,-9.14994],[141.74218,-9.15082],[141.7415,-9.15199],[141.74126,-9.15333],[141.7415,-9.15467],[141.74218,-9.15585],[141.74323,-9.15672],[141.74452,-9.15719],[141.74588,-9.15719],[141.74717,-9.15672],[141.74822,-9.15585],[141.7489,-9.15467],[141.74914,-9.15333]]]},"properties":{"fid":521,"n":3,"fre_gj":30.6,"fre_daily":{"2026-09-28":9.7,"2026-09-29":20.9},"overpasses":2,"frp_total":8.5,"frp_max":2.9,"frp_mean":2.83,"area_km2":0.58,"lat":-9.1533,"lon":141.7452,"first_seen":"2026-09-28","last_seen":"2026-09-29","duration_days":2,"status":"historic","trend":-1,"growth_ratio":0.0,"night_frac":0.0,"daily":{"2026-09-28":{"n":1,"frp":2.7},"2026-09-29":{"n":2,"frp":5.8}}}},{"type":"Feature","id":1264,"geometry":{"type":"Polygon","coordinates":[[[149.09657,-9.05138],[149.0963,-9.04983],[149.09551,-9.04847],[149.0943,-9.04746],[149.09281,-9.04692],[149.09124,-9.04692],[149.08975,-9.04746],[149.08854,-9.04847],[149.08775,-9.04983],[149.08748,-9.05138],[149.08775,-9.05292],[149.08854,-9.05428],[149.08975,-9.05529],[149.09124,-9.05583],[149.09281,-9.05583],[149.0943,-9.05529],[149.09551,-9.05428],[149.0963,-9.05292],[149.09657,-9.05138]]]},"properties":{"fid":1264,"n":4,"fre_gj":30.6,"fre_daily":{"2026-10-03":30.6},"overpasses":2,"frp_total":12.8,"frp_max":3.4,"frp_mean":3.19,"area_km2":0.77,"lat":-9.0514,"lon":149.092,"first_seen":"2026-10-03","last_seen":"2026-10-03","duration_days":1,"status":"receding","trend":-1,"growth_ratio":0.0,"night_frac":1.0,"daily":{"2026-10-03":{"n":4,"frp":12.8}}}},{"type":"Feature","id":1029,"geometry":{"type":"Polygon","coordinates":[[[148.043,-32.5408],[148.0444,-32.5431],[148.0492,-32.5434],[148.0497,-32.5376],[148.0449,-32.5373],[148.043,-32.5408]]]},"properties":{"fid":1029,"n":6,"fre_gj":30.5,"fre_daily":{"2026-10-01":30.5},"overpasses":2,"frp_total":10.6,"frp_max":3.6,"frp_mean":1.77,"area_km2":0.34,"lat":-32.5406,"lon":148.0464,"first_seen":"2026-10-01","last_seen":"2026-10-01","duration_days":1,"status":"historic","trend":-1,"growth_ratio":0.0,"night_frac":1.0,"daily":{"2026-10-01":{"n":6,"frp":10.6}}}},{"type":"Feature","id":505,"geometry":{"type":"Polygon","coordinates":[[[146.58644,-31.70492],[146.58609,-31.70319],[146.58506,-31.70167],[146.58349,-31.70054],[146.58156,-31.69994],[146.57952,-31.69994],[146.57759,-31.70054],[146.57602,-31.70167],[146.57499,-31.70319],[146.57464,-31.70492],[146.57499,-31.70665],[146.57602,-31.70817],[146.57759,-31.7093],[146.57952,-31.7099],[146.58156,-31.7099],[146.58349,-31.7093],[146.58506,-31.70817],[146.58609,-31.70665],[146.58644,-31.70492]]]},"properties":{"fid":505,"n":5,"fre_gj":30.3,"fre_daily":{"2026-09-28":9.0,"2026-09-29":21.3},"overpasses":4,"frp_total":11.5,"frp_max":2.6,"frp_mean":2.3,"area_km2":0.96,"lat":-31.7049,"lon":146.5805,"first_seen":"2026-09-28","last_seen":"2026-09-29","duration_days":2,"status":"historic","trend":-1,"growth_ratio":0.0,"night_frac":0.0,"daily":{"2026-09-28":{"n":1,"frp":2.5},"2026-09-29":{"n":4,"frp":9.0}}}},{"type":"Feature","id":89,"geometry":{"type":"Polygon","coordinates":[[[142.12177,-10.6951],[142.1215,-10.69355],[142.1207,-10.69219],[142.11949,-10.69118],[142.11799,-10.69065],[142.11641,-10.69065],[142.11491,-10.69118],[142.1137,-10.69219],[142.1129,-10.69355],[142.11263,-10.6951],[142.1129,-10.69665],[142.1137,-10.69801],[142.11491,-10.69902],[142.11641,-10.69955],[142.11799,-10.69955],[142.11949,-10.69902],[142.1207,-10.69801],[142.1215,-10.69665],[142.12177,-10.6951]]]},"properties":{"fid":89,"n":4,"fre_gj":30.2,"fre_daily":{"2026-09-28":30.2},"overpasses":3,"frp_total":12.5,"frp_max":5.6,"frp_mean":3.12,"area_km2":0.77,"lat":-10.6951,"lon":142.1172,"first_seen":"2026-09-28","last_seen":"2026-09-28","duration_days":1,"status":"historic","trend":-1,"growth_ratio":0.0,"night_frac":0.0,"daily":{"2026-09-28":{"n":4,"frp":12.5}}}},{"type":"Feature","id":1190,"geometry":{"type":"Polygon","coordinates":[[[139.21616,-16.6142],[139.21591,-16.61286],[139.21521,-16.61168],[139.21413,-16.61081],[139.2128,-16.61034],[139.2114,-16.61034],[139.21007,-16.61081],[139.20899,-16.61168],[139.20829,-16.61286],[139.20804,-16.6142],[139.20829,-16.61554],[139.20899,-16.61672],[139.21007,-16.61759],[139.2114,-16.61806],[139.2128,-16.61806],[139.21413,-16.61759],[139.21521,-16.61672],[139.21591,-16.61554],[139.21616,-16.6142]]]},"properties":{"fid":1190,"n":3,"fre_gj":30.2,"fre_daily":{"2026-10-03":30.2},"overpasses":2,"frp_total":8.7,"frp_max":4.4,"frp_mean":2.89,"area_km2":0.58,"lat":-16.6142,"lon":139.2121,"first_seen":"2026-10-03","last_seen":"2026-10-03","duration_days":1,"status":"receding","trend":-1,"growth_ratio":0.0,"night_frac":0.0,"daily":{"2026-10-03":{"n":3,"frp":8.7}}}},{"type":"Feature","id":807,"geometry":{"type":"Polygon","coordinates":[[[149.72582,-34.4411],[149.72553,-34.43976],[149.72471,-34.43858],[149.72346,-34.43771],[149.72192,-34.43724],[149.72028,-34.43724],[149.71874,-34.43771],[149.71749,-34.43858],[149.71667,-34.43976],[149.71638,-34.4411],[149.71667,-34.44244],[149.71749,-34.44362],[149.71874,-34.44449],[149.72028,-34.44496],[149.72192,-34.44496],[149.72346,-34.44449],[149.72471,-34.44362],[149.72553,-34.44244],[149.72582,-34.4411]]]},"properties":{"fid":807,"n":3,"fre_gj":30.1,"fre_daily":{"2026-09-30":30.1},"overpasses":3,"frp_total":12.1,"frp_max":4.5,"frp_mean":4.03,"area_km2":0.58,"lat":-34.4411,"lon":149.7211,"first_seen":"2026-09-30","last_seen":"2026-09-30","duration_days":1,"status":"historic","trend":-1,"growth_ratio":0.0,"night_frac":0.0,"daily":{"2026-09-30":{"n":3,"frp":12.1}}}},{"type":"Feature","id":569,"geometry":{"type":"Polygon","coordinates":[[[152.08858,-32.16212],[152.08826,-32.16058],[152.08734,-32.15922],[152.08593,-32.15821],[152.0842,-32.15767],[152.08235,-32.15767],[152.08062,-32.15821],[152.07921,-32.15922],[152.07829,-32.16058],[152.07797,-32.16212],[152.07829,-32.16367],[152.07921,-32.16503],[152.08062,-32.16604],[152.08235,-32.16658],[152.0842,-32.16658],[152.08593,-32.16604],[152.08734,-32.16503],[152.08826,-32.16367],[152.08858,-32.16212]]]},"properties":{"fid":569,"n":4,"fre_gj":30.0,"fre_daily":{"2026-09-29":22.5,"2026-09-30":7.6},"overpasses":3,"frp_total":9.9,"frp_max":2.6,"frp_mean":2.48,"area_km2":0.77,"lat":-32.1621,"lon":152.0833,"first_seen":"2026-09-29","last_seen":"2026-09-30","duration_days":2,"status":"historic","trend":-1,"growth_ratio":0.0,"night_frac":0.0,"daily":{"2026-09-29":{"n":3,"frp":7.8},"2026-09-30":{"n":1,"frp":2.1}}}},{"type":"Feature","id":706,"geometry":{"type":"Polygon","coordinates":[[[145.64811,-18.70623],[145.64786,-18.70489],[145.64715,-18.70372],[145.64605,-18.70284],[145.64471,-18.70238],[145.64329,-18.70238],[145.64195,-18.70284],[145.64085,-18.70372],[145.64014,-18.70489],[145.63989,-18.70623],[145.64014,-18.70757],[145.64085,-18.70875],[145.64195,-18.70962],[145.64329,-18.71009],[145.64471,-18.71009],[145.64605,-18.70962],[145.64715,-18.70875],[145.64786,-18.70757],[145.64811,-18.70623]]]},"properties":{"fid":706,"n":3,"fre_gj":29.9,"fre_daily":{"2026-09-29":29.9},"overpasses":2,"frp_total":12.3,"frp_max":6.2,"frp_mean":4.1,"area_km2":0.58,"lat":-18.7062,"lon":145.644,"first_seen":"2026-09-29","last_seen":"2026-09-29","duration_days":1,"status":"historic","trend":-1,"growth_ratio":0.0,"night_frac":0.0,"daily":{"2026-09-29":{"n":3,"frp":12.3}}}},{"type":"Feature","id":20,"geometry":{"type":"Polygon","coordinates":[[[142.15447,-34.2327],[142.15419,-34.23136],[142.15337,-34.23018],[142.15212,-34.22931],[142.15058,-34.22884],[142.14895,-34.22884],[142.14741,-34.22931],[142.14616,-34.23018],[142.14535,-34.23136],[142.14506,-34.2327],[142.14535,-34.23404],[142.14616,-34.23522],[142.14741,-34.23609],[142.14895,-34.23656],[142.15058,-34.23656],[142.15212,-34.23609],[142.15337,-34.23522],[142.15419,-34.23404],[142.15447,-34.2327]]]},"properties":{"fid":20,"n":3,"fre_gj":29.7,"fre_daily":{"2026-09-28":29.7},"overpasses":3,"frp_total":9.2,"frp_max":3.5,"frp_mean":3.07,"area_km2":0.58,"lat":-34.2327,"lon":142.1498,"first_seen":"2026-09-28","last_seen":"2026-09-28","duration_days":1,"status":"historic","trend":-1,"growth_ratio":0.0,"night_frac":0.0,"daily":{"2026-09-28":{"n":3,"frp":9.2}}}},{"type":"Feature","id":33,"geometry":{"type":"Polygon","coordinates":[[[146.49881,-28.8369],[146.49854,-28.83556],[146.49777,-28.83438],[146.49659,-28.83351],[146.49514,-28.83304],[146.4936,-28.83304],[146.49215,-28.83351],[146.49097,-28.83438],[146.49019,-28.83556],[146.48993,-28.8369],[146.49019,-28.83824],[146.49097,-28.83942],[146.49215,-28.84029],[146.4936,-28.84076],[146.49514,-28.84076],[146.49659,-28.84029],[146.49777,-28.83942],[146.49854,-28.83824],[146.49881,-28.8369]]]},"properties":{"fid":33,"n":3,"fre_gj":29.7,"fre_daily":{"2026-09-28":29.7},"overpasses":3,"frp_total":12.2,"frp_max":4.9,"frp_mean":4.07,"area_km2":0.58,"lat":-28.8369,"lon":146.4944,"first_seen":"2026-09-28","last_seen":"2026-09-28","duration_days":1,"status":"historic","trend":-1,"growth_ratio":0.0,"night_frac":0.0,"daily":{"2026-09-28":{"n":3,"frp":12.2}}}},{"type":"Feature","id":0,"geometry":{"type":"Polygon","coordinates":[[[147.00098,-42.5844],[147.00066,-42.58306],[146.99975,-42.58188],[146.99834,-42.58101],[146.99662,-42.58054],[146.99478,-42.58054],[146.99306,-42.58101],[146.99165,-42.58188],[146.99074,-42.58306],[146.99042,-42.5844],[146.99074,-42.58574],[146.99165,-42.58692],[146.99306,-42.58779],[146.99478,-42.58826],[146.99662,-42.58826],[146.99834,-42.58779],[146.99975,-42.58692],[147.00066,-42.58574],[147.00098,-42.5844]]]},"properties":{"fid":0,"n":3,"fre_gj":29.6,"fre_daily":{"2026-09-28":29.6},"overpasses":3,"frp_total":11.8,"frp_max":6.2,"frp_mean":3.93,"area_km2":0.58,"lat":-42.5844,"lon":146.9957,"first_seen":"2026-09-28","last_seen":"2026-09-28","duration_days":1,"status":"historic","trend":-1,"growth_ratio":0.0,"night_frac":0.0,"daily":{"2026-09-28":{"n":3,"frp":11.8}}}},{"type":"Feature","id":636,"geometry":{"type":"Polygon","coordinates":[[[123.98193,-9.47095],[123.98165,-9.4694],[123.98086,-9.46804],[123.97965,-9.46703],[123.97817,-9.4665],[123.97658,-9.4665],[123.9751,-9.46703],[123.97389,-9.46804],[123.9731,-9.4694],[123.97282,-9.47095],[123.9731,-9.4725],[123.97389,-9.47386],[123.9751,-9.47487],[123.97658,-9.4754],[123.97817,-9.4754],[123.97965,-9.47487],[123.98086,-9.47386],[123.98165,-9.4725],[123.98193,-9.47095]]]},"properties":{"fid":636,"n":4,"fre_gj":29.1,"fre_daily":{"2026-09-29":29.1},"overpasses":3,"frp_total":13.3,"frp_max":4.4,"frp_mean":3.33,"area_km2":0.77,"lat":-9.471,"lon":123.9774,"first_seen":"2026-09-29","last_seen":"2026-09-29","duration_days":1,"status":"historic","trend":-1,"growth_ratio":0.0,"night_frac":0.0,"daily":{"2026-09-29":{"n":4,"frp":13.3}}}},{"type":"Feature","id":419,"geometry":{"type":"Polygon","coordinates":[[[148.45695,-35.16195],[148.45654,-35.16006],[148.45537,-35.15839],[148.45358,-35.15715],[148.45139,-35.1565],[148.44905,-35.1565],[148.44685,-35.15715],[148.44506,-35.15839],[148.44389,-35.16006],[148.44349,-35.16195],[148.44389,-35.16384],[148.44506,-35.16551],[148.44685,-35.16675],[148.44905,-35.1674],[148.45139,-35.1674],[148.45358,-35.16675],[148.45537,-35.16551],[148.45654,-35.16384],[148.45695,-35.16195]]]},"properties":{"fid":419,"n":6,"fre_gj":28.8,"fre_daily":{"2026-09-28":13.7,"2026-09-29":15.1},"overpasses":5,"frp_total":12.1,"frp_max":3.3,"frp_mean":2.02,"area_km2":1.15,"lat":-35.1619,"lon":148.4502,"first_seen":"2026-09-28","last_seen":"2026-09-29","duration_days":2,"status":"historic","trend":-1,"growth_ratio":0.0,"night_frac":0.67,"daily":{"2026-09-28":{"n":2,"frp":5.8},"2026-09-29":{"n":4,"frp":6.3}}}},{"type":"Feature","id":740,"geometry":{"type":"Polygon","coordinates":[[[126.01094,-9.08143],[126.0107,-9.08009],[126.01002,-9.07892],[126.00897,-9.07804],[126.00768,-9.07758],[126.00632,-9.07758],[126.00503,-9.07804],[126.00398,-9.07892],[126.0033,-9.08009],[126.00306,-9.08143],[126.0033,-9.08277],[126.00398,-9.08395],[126.00503,-9.08482],[126.00632,-9.08529],[126.00768,-9.08529],[126.00897,-9.08482],[126.01002,-9.08395],[126.0107,-9.08277],[126.01094,-9.08143]]]},"properties":{"fid":740,"n":3,"fre_gj":28.6,"fre_daily":{"2026-09-29":28.6},"overpasses":2,"frp_total":12.4,"frp_max":5.7,"frp_mean":4.13,"area_km2":0.58,"lat":-9.0814,"lon":126.007,"first_seen":"2026-09-29","last_seen":"2026-09-29","duration_days":1,"status":"historic","trend":-1,"growth_ratio":0.0,"night_frac":0.0,"daily":{"2026-09-29":{"n":3,"frp":12.4}}}},{"type":"Feature","id":902,"geometry":{"type":"Polygon","coordinates":[[[147.31571,-9.53213],[147.31547,-9.53079],[147.31479,-9.52962],[147.31374,-9.52874],[147.31245,-9.52828],[147.31108,-9.52828],[147.30979,-9.52874],[147.30875,-9.52962],[147.30806,-9.53079],[147.30782,-9.53213],[147.30806,-9.53347],[147.30875,-9.53465],[147.30979,-9.53552],[147.31108,-9.53599],[147.31245,-9.53599],[147.31374,-9.53552],[147.31479,-9.53465],[147.31547,-9.53347],[147.31571,-9.53213]]]},"properties":{"fid":902,"n":3,"fre_gj":28.6,"fre_daily":{"2026-09-30":28.6},"overpasses":2,"frp_total":12.4,"frp_max":9.2,"frp_mean":4.13,"area_km2":0.58,"lat":-9.5321,"lon":147.3118,"first_seen":"2026-09-30","last_seen":"2026-09-30","duration_days":1,"status":"historic","trend":-1,"growth_ratio":0.0,"night_frac":0.0,"daily":{"2026-09-30":{"n":3,"frp":12.4}}}},{"type":"Feature","id":324,"geometry":{"type":"Polygon","coordinates":[[[148.299,-23.3349],[148.3022,-23.3395],[148.304,-23.3415],[148.3042,-23.3412],[148.3091,-23.3262],[148.3082,-23.3257],[148.3077,-23.3257],[148.299,-23.3349]]]},"properties":{"fid":324,"n":18,"fre_gj":28.5,"fre_daily":{"2026-09-28":4.9,"2026-09-30":6.2,"2026-10-01":4.6,"2026-10-02":6.9,"2026-10-03":6.0},"overpasses":13,"frp_total":11.0,"frp_max":1.0,"frp_mean":0.61,"area_km2":0.74,"lat":-23.3359,"lon":148.3038,"first_seen":"2026-09-28","last_seen":"2026-10-03","duration_days":5,"status":"receding","trend":-1,"growth_ratio":0.0,"night_frac":1.0,"daily":{"2026-09-28":{"n":3,"frp":1.7},"2026-09-30":{"n":4,"frp":2.5},"2026-10-01":{"n":2,"frp":1.6},"2026-10-02":{"n":4,"frp":2.5},"2026-10-03":{"n":5,"frp":2.7}}}},{"type":"Feature","id":715,"geometry":{"type":"Polygon","coordinates":[[[147.34974,-9.5374],[147.34951,-9.53606],[147.34882,-9.53488],[147.34777,-9.53401],[147.34648,-9.53354],[147.34512,-9.53354],[147.34383,-9.53401],[147.34278,-9.53488],[147.34209,-9.53606],[147.34186,-9.5374],[147.34209,-9.53874],[147.34278,-9.53992],[147.34383,-9.54079],[147.34512,-9.54126],[147.34648,-9.54126],[147.34777,-9.54079],[147.34882,-9.53992],[147.34951,-9.53874],[147.34974,-9.5374]]]},"properties":{"fid":715,"n":3,"fre_gj":28.5,"fre_daily":{"2026-09-29":28.5},"overpasses":2,"frp_total":11.6,"frp_max":6.7,"frp_mean":3.87,"area_km2":0.58,"lat":-9.5374,"lon":147.3458,"first_seen":"2026-09-29","last_seen":"2026-09-29","duration_days":1,"status":"historic","trend":-1,"growth_ratio":0.0,"night_frac":0.0,"daily":{"2026-09-29":{"n":3,"frp":11.6}}}},{"type":"Feature","id":366,"geometry":{"type":"Polygon","coordinates":[[[130.01951,-16.08593],[130.01927,-16.08459],[130.01857,-16.08342],[130.01749,-16.08254],[130.01617,-16.08208],[130.01476,-16.08208],[130.01344,-16.08254],[130.01237,-16.08342],[130.01166,-16.08459],[130.01142,-16.08593],[130.01166,-16.08727],[130.01237,-16.08845],[130.01344,-16.08932],[130.01476,-16.08979],[130.01617,-16.08979],[130.01749,-16.08932],[130.01857,-16.08845],[130.01927,-16.08727],[130.01951,-16.08593]]]},"properties":{"fid":366,"n":3,"fre_gj":28.4,"fre_daily":{"2026-09-28":7.2,"2026-09-30":21.2},"overpasses":2,"frp_total":7.9,"frp_max":5.9,"frp_mean":2.63,"area_km2":0.58,"lat":-16.0859,"lon":130.0155,"first_seen":"2026-09-28","last_seen":"2026-09-30","duration_days":2,"status":"historic","trend":-1,"growth_ratio":0.0,"night_frac":0.67,"daily":{"2026-09-28":{"n":2,"frp":2.0},"2026-09-30":{"n":1,"frp":5.9}}}},{"type":"Feature","id":1042,"geometry":{"type":"Polygon","coordinates":[[[150.55113,-26.08943],[150.55087,-26.08809],[150.55012,-26.08692],[150.54897,-26.08604],[150.54755,-26.08558],[150.54605,-26.08558],[150.54463,-26.08604],[150.54348,-26.08692],[150.54273,-26.08809],[150.54247,-26.08943],[150.54273,-26.09077],[150.54348,-26.09195],[150.54463,-26.09282],[150.54605,-26.09329],[150.54755,-26.09329],[150.54897,-26.09282],[150.55012,-26.09195],[150.55087,-26.09077],[150.55113,-26.08943]]]},"properties":{"fid":1042,"n":3,"fre_gj":28.0,"fre_daily":{"2026-10-01":28.0},"overpasses":2,"frp_total":11.8,"frp_max":6.6,"frp_mean":3.93,"area_km2":0.58,"lat":-26.0894,"lon":150.5468,"first_seen":"2026-10-01","last_seen":"2026-10-01","duration_days":1,"status":"historic","trend":-1,"growth_ratio":0.0,"night_frac":0.0,"daily":{"2026-10-01":{"n":3,"frp":11.8}}}},{"type":"Feature","id":672,"geometry":{"type":"Polygon","coordinates":[[[142.2505,-12.56299],[142.25013,-12.56094],[142.24908,-12.55914],[142.24746,-12.55781],[142.24547,-12.55709],[142.24336,-12.55709],[142.24137,-12.55781],[142.23975,-12.55914],[142.23869,-12.56094],[142.23833,-12.56299],[142.23869,-12.56503],[142.23975,-12.56683],[142.24137,-12.56817],[142.24336,-12.56888],[142.24547,-12.56888],[142.24746,-12.56817],[142.24908,-12.56683],[142.25013,-12.56503],[142.2505,-12.56299]]]},"properties":{"fid":672,"n":7,"fre_gj":27.9,"fre_daily":{"2026-09-29":27.9},"overpasses":2,"frp_total":9.5,"frp_max":2.2,"frp_mean":1.36,"area_km2":1.35,"lat":-12.563,"lon":142.2444,"first_seen":"2026-09-29","last_seen":"2026-09-29","duration_days":1,"status":"historic","trend":-1,"growth_ratio":0.0,"night_frac":1.0,"daily":{"2026-09-29":{"n":7,"frp":9.5}}}},{"type":"Feature","id":1237,"geometry":{"type":"Polygon","coordinates":[[[152.66963,-25.53802],[152.66926,-25.53612],[152.6682,-25.53446],[152.66658,-25.53322],[152.66459,-25.53256],[152.66247,-25.53256],[152.66049,-25.53322],[152.65886,-25.53446],[152.6578,-25.53612],[152.65744,-25.53802],[152.6578,-25.53991],[152.65886,-25.54158],[152.66049,-25.54281],[152.66247,-25.54347],[152.66459,-25.54347],[152.66658,-25.54281],[152.6682,-25.54158],[152.66926,-25.53991],[152.66963,-25.53802]]]},"properties":{"fid":1237,"n":6,"fre_gj":27.6,"fre_daily":{"2026-10-03":27.6},"overpasses":4,"frp_total":12.1,"frp_max":4.7,"frp_mean":2.02,"area_km2":1.15,"lat":-25.538,"lon":152.6635,"first_seen":"2026-10-03","last_seen":"2026-10-03","duration_days":1,"status":"receding","trend":-1,"growth_ratio":0.0,"night_frac":1.0,"daily":{"2026-10-03":{"n":6,"frp":12.1}}}},{"type":"Feature","id":572,"geometry":{"type":"Polygon","coordinates":[[[151.50881,-31.21557],[151.50854,-31.21423],[151.50775,-31.21305],[151.50654,-31.21218],[151.50506,-31.21171],[151.50348,-31.21171],[151.50199,-31.21218],[151.50078,-31.21305],[151.49999,-31.21423],[151.49972,-31.21557],[151.49999,-31.21691],[151.50078,-31.21808],[151.50199,-31.21896],[151.50348,-31.21942],[151.50506,-31.21942],[151.50654,-31.21896],[151.50775,-31.21808],[151.50854,-31.21691],[151.50881,-31.21557]]]},"properties":{"fid":572,"n":3,"fre_gj":27.4,"fre_daily":{"2026-09-29":25.9,"2026-09-30":1.4},"overpasses":3,"frp_total":9.6,"frp_max":6.2,"frp_mean":3.2,"area_km2":0.58,"lat":-31.2156,"lon":151.5043,"first_seen":"2026-09-29","last_seen":"2026-09-30","duration_days":2,"status":"historic","trend":-1,"growth_ratio":0.0,"night_frac":0.33,"daily":{"2026-09-29":{"n":2,"frp":9.2},"2026-09-30":{"n":1,"frp":0.4}}}},{"type":"Feature","id":1055,"geometry":{"type":"Polygon","coordinates":[[[123.98345,-10.1536],[123.98321,-10.15226],[123.98253,-10.15108],[123.98148,-10.15021],[123.98019,-10.14974],[123.97881,-10.14974],[123.97752,-10.15021],[123.97647,-10.15108],[123.97579,-10.15226],[123.97555,-10.1536],[123.97579,-10.15494],[123.97647,-10.15612],[123.97752,-10.15699],[123.97881,-10.15746],[123.98019,-10.15746],[123.98148,-10.15699],[123.98253,-10.15612],[123.98321,-10.15494],[123.98345,-10.1536]]]},"properties":{"fid":1055,"n":3,"fre_gj":27.3,"fre_daily":{"2026-10-01":27.3},"overpasses":2,"frp_total":11.1,"frp_max":5.0,"frp_mean":3.7,"area_km2":0.58,"lat":-10.1536,"lon":123.9795,"first_seen":"2026-10-01","last_seen":"2026-10-01","duration_days":1,"status":"historic","trend":-1,"growth_ratio":0.0,"night_frac":0.0,"daily":{"2026-10-01":{"n":3,"frp":11.1}}}},{"type":"Feature","id":777,"geometry":{"type":"Polygon","coordinates":[[[125.0237,-9.27458],[125.02343,-9.27303],[125.02264,-9.27167],[125.02143,-9.27066],[125.01994,-9.27012],[125.01836,-9.27012],[125.01687,-9.27066],[125.01566,-9.27167],[125.01487,-9.27303],[125.0146,-9.27458],[125.01487,-9.27612],[125.01566,-9.27748],[125.01687,-9.27849],[125.01836,-9.27903],[125.01994,-9.27903],[125.02143,-9.27849],[125.02264,-9.27748],[125.02343,-9.27612],[125.0237,-9.27458]]]},"properties":{"fid":777,"n":4,"fre_gj":27.1,"fre_daily":{"2026-09-29":10.1,"2026-09-30":12.0,"2026-10-01":5.0},"overpasses":4,"frp_total":9.2,"frp_max":3.4,"frp_mean":2.3,"area_km2":0.77,"lat":-9.2746,"lon":125.0191,"first_seen":"2026-09-29","last_seen":"2026-10-01","duration_days":3,"status":"historic","trend":-1,"growth_ratio":0.0,"night_frac":0.0,"daily":{"2026-09-29":{"n":1,"frp":2.8},"2026-09-30":{"n":2,"frp":5.0},"2026-10-01":{"n":1,"frp":1.4}}}},{"type":"Feature","id":796,"geometry":{"type":"Polygon","coordinates":[[[152.90507,-27.1535],[152.90481,-27.15216],[152.90405,-27.15098],[152.90289,-27.15011],[152.90146,-27.14964],[152.89994,-27.14964],[152.89851,-27.15011],[152.89735,-27.15098],[152.89659,-27.15216],[152.89633,-27.1535],[152.89659,-27.15484],[152.89735,-27.15602],[152.89851,-27.15689],[152.89994,-27.15736],[152.90146,-27.15736],[152.90289,-27.15689],[152.90405,-27.15602],[152.90481,-27.15484],[152.90507,-27.1535]]]},"properties":{"fid":796,"n":3,"fre_gj":27.0,"fre_daily":{"2026-09-30":27.0},"overpasses":3,"frp_total":11.2,"frp_max":4.9,"frp_mean":3.73,"area_km2":0.58,"lat":-27.1535,"lon":152.9007,"first_seen":"2026-09-30","last_seen":"2026-09-30","duration_days":1,"status":"historic","trend":-1,"growth_ratio":0.0,"night_frac":0.0,"daily":{"2026-09-30":{"n":3,"frp":11.2}}}},{"type":"Feature","id":657,"geometry":{"type":"Polygon","coordinates":[[[149.55212,-30.99282],[149.55173,-30.99092],[149.55062,-30.98926],[149.54891,-30.98802],[149.54681,-30.98736],[149.54459,-30.98736],[149.54249,-30.98802],[149.54078,-30.98926],[149.53967,-30.99092],[149.53928,-30.99282],[149.53967,-30.99471],[149.54078,-30.99638],[149.54249,-30.99761],[149.54459,-30.99827],[149.54681,-30.99827],[149.54891,-30.99761],[149.55062,-30.99638],[149.55173,-30.99471],[149.55212,-30.99282]]]},"properties":{"fid":657,"n":6,"fre_gj":26.9,"fre_daily":{"2026-09-29":26.9},"overpasses":3,"frp_total":11.3,"frp_max":4.2,"frp_mean":1.88,"area_km2":1.15,"lat":-30.9928,"lon":149.5457,"first_seen":"2026-09-29","last_seen":"2026-09-29","duration_days":1,"status":"historic","trend":-1,"growth_ratio":0.0,"night_frac":1.0,"daily":{"2026-09-29":{"n":6,"frp":11.3}}}},{"type":"Feature","id":573,"geometry":{"type":"Polygon","coordinates":[[[151.73561,-31.19427],[151.73534,-31.19293],[151.73455,-31.19175],[151.73334,-31.19088],[151.73186,-31.19041],[151.73028,-31.19041],[151.72879,-31.19088],[151.72758,-31.19175],[151.72679,-31.19293],[151.72652,-31.19427],[151.72679,-31.19561],[151.72758,-31.19678],[151.72879,-31.19766],[151.73028,-31.19812],[151.73186,-31.19812],[151.73334,-31.19766],[151.73455,-31.19678],[151.73534,-31.19561],[151.73561,-31.19427]]]},"properties":{"fid":573,"n":3,"fre_gj":26.7,"fre_daily":{"2026-09-29":18.0,"2026-10-01":8.6},"overpasses":3,"frp_total":8.8,"frp_max":3.5,"frp_mean":2.93,"area_km2":0.58,"lat":-31.1943,"lon":151.7311,"first_seen":"2026-09-29","last_seen":"2026-10-01","duration_days":2,"status":"historic","trend":-1,"growth_ratio":0.0,"night_frac":0.0,"daily":{"2026-09-29":{"n":2,"frp":6.4},"2026-10-01":{"n":1,"frp":2.4}}}},{"type":"Feature","id":802,"geometry":{"type":"Polygon","coordinates":[[[150.4494,-9.6204],[150.4552,-9.6145],[150.4556,-9.6039],[150.4494,-9.6204]]]},"properties":{"fid":802,"n":4,"fre_gj":26.5,"fre_daily":{"2026-09-30":16.9,"2026-10-03":9.6},"overpasses":3,"frp_total":7.4,"frp_max":4.7,"frp_mean":1.84,"area_km2":0.36,"lat":-9.6134,"lon":150.4536,"first_seen":"2026-09-30","last_seen":"2026-10-03","duration_days":2,"status":"receding","trend":-1,"growth_ratio":0.0,"night_frac":0.25,"daily":{"2026-09-30":{"n":1,"frp":4.7},"2026-10-03":{"n":3,"frp":2.7}}}},{"type":"Feature","id":703,"geometry":{"type":"Polygon","coordinates":[[[146.9419,-30.93067],[146.94163,-30.92933],[146.94084,-30.92815],[146.93963,-30.92728],[146.93815,-30.92681],[146.93658,-30.92681],[146.9351,-30.92728],[146.93389,-30.92815],[146.93311,-30.92933],[146.93283,-30.93067],[146.93311,-30.93201],[146.93389,-30.93318],[146.9351,-30.93406],[146.93658,-30.93452],[146.93815,-30.93452],[146.93963,-30.93406],[146.94084,-30.93318],[146.94163,-30.93201],[146.9419,-30.93067]]]},"properties":{"fid":703,"n":3,"fre_gj":26.2,"fre_daily":{"2026-09-29":26.2},"overpasses":2,"frp_total":10.8,"frp_max":5.2,"frp_mean":3.6,"area_km2":0.58,"lat":-30.9307,"lon":146.9374,"first_seen":"2026-09-29","last_seen":"2026-09-29","duration_days":1,"status":"historic","trend":-1,"growth_ratio":0.0,"night_frac":0.0,"daily":{"2026-09-29":{"n":3,"frp":10.8}}}},{"type":"Feature","id":500,"geometry":{"type":"Polygon","coordinates":[[[116.45322,-19.58973],[116.45287,-19.58784],[116.45186,-19.58617],[116.4503,-19.58494],[116.4484,-19.58428],[116.44637,-19.58428],[116.44446,-19.58494],[116.44291,-19.58617],[116.4419,-19.58784],[116.44154,-19.58973],[116.4419,-19.59163],[116.44291,-19.59329],[116.44446,-19.59453],[116.44637,-19.59519],[116.4484,-19.59519],[116.4503,-19.59453],[116.45186,-19.59329],[116.45287,-19.59163],[116.45322,-19.58973]]]},"properties":{"fid":500,"n":6,"fre_gj":26.1,"fre_daily":{"2026-09-28":3.6,"2026-09-29":9.7,"2026-09-30":4.0,"2026-10-02":5.8,"2026-10-03":3.1},"overpasses":5,"frp_total":7.2,"frp_max":2.7,"frp_mean":1.21,"area_km2":1.15,"lat":-19.5897,"lon":116.4474,"first_seen":"2026-09-28","last_seen":"2026-10-03","duration_days":5,"status":"receding","trend":-1,"growth_ratio":0.0,"night_frac":1.0,"daily":{"2026-09-28":{"n":1,"frp":1.0},"2026-09-29":{"n":1,"frp":2.7},"2026-09-30":{"n":2,"frp":1.1},"2026-10-02":{"n":1,"frp":1.6},"2026-10-03":{"n":1,"frp":0.8}}}},{"type":"Feature","id":1151,"geometry":{"type":"Polygon","coordinates":[[[120.19867,-9.72476],[120.19837,-9.72303],[120.19748,-9.72151],[120.19613,-9.72038],[120.19446,-9.71978],[120.1927,-9.71978],[120.19103,-9.72038],[120.18968,-9.72151],[120.18879,-9.72303],[120.18849,-9.72476],[120.18879,-9.72649],[120.18968,-9.72801],[120.19103,-9.72914],[120.1927,-9.72974],[120.19446,-9.72974],[120.19613,-9.72914],[120.19748,-9.72801],[120.19837,-9.72649],[120.19867,-9.72476]]]},"properties":{"fid":1151,"n":5,"fre_gj":25.8,"fre_daily":{"2026-10-02":25.8},"overpasses":3,"frp_total":9.4,"frp_max":3.9,"frp_mean":1.88,"area_km2":0.96,"lat":-9.7248,"lon":120.1936,"first_seen":"2026-10-02","last_seen":"2026-10-02","duration_days":1,"status":"historic","trend":-1,"growth_ratio":0.0,"night_frac":1.0,"daily":{"2026-10-02":{"n":5,"frp":9.4}}}},{"type":"Feature","id":402,"geometry":{"type":"Polygon","coordinates":[[[131.29148,-22.63002],[131.29115,-22.62829],[131.29021,-22.62677],[131.28876,-22.62564],[131.28698,-22.62504],[131.2851,-22.62504],[131.28332,-22.62564],[131.28187,-22.62677],[131.28093,-22.62829],[131.2806,-22.63002],[131.28093,-22.63175],[131.28187,-22.63327],[131.28332,-22.6344],[131.2851,-22.635],[131.28698,-22.635],[131.28876,-22.6344],[131.29021,-22.63327],[131.29115,-22.63175],[131.29148,-22.63002]]]},"properties":{"fid":402,"n":5,"fre_gj":25.7,"fre_daily":{"2026-09-28":25.7},"overpasses":3,"frp_total":9.1,"frp_max":2.1,"frp_mean":1.82,"area_km2":0.96,"lat":-22.63,"lon":131.286,"first_seen":"2026-09-28","last_seen":"2026-09-28","duration_days":1,"status":"historic","trend":-1,"growth_ratio":0.0,"night_frac":1.0,"daily":{"2026-09-28":{"n":5,"frp":9.1}}}},{"type":"Feature","id":577,"geometry":{"type":"Polygon","coordinates":[[[148.68092,-21.6348],[148.68067,-21.63346],[148.67994,-21.63228],[148.67883,-21.63141],[148.67746,-21.63094],[148.67601,-21.63094],[148.67464,-21.63141],[148.67353,-21.63228],[148.6728,-21.63346],[148.67255,-21.6348],[148.6728,-21.63614],[148.67353,-21.63732],[148.67464,-21.63819],[148.67601,-21.63866],[148.67746,-21.63866],[148.67883,-21.63819],[148.67994,-21.63732],[148.68067,-21.63614],[148.68092,-21.6348]]]},"properties":{"fid":577,"n":3,"fre_gj":25.7,"fre_daily":{"2026-09-29":25.7},"overpasses":2,"frp_total":9.1,"frp_max":5.1,"frp_mean":3.03,"area_km2":0.58,"lat":-21.6348,"lon":148.6767,"first_seen":"2026-09-29","last_seen":"2026-09-29","duration_days":1,"status":"historic","trend":-1,"growth_ratio":0.0,"night_frac":0.0,"daily":{"2026-09-29":{"n":3,"frp":9.1}}}},{"type":"Feature","id":858,"geometry":{"type":"Polygon","coordinates":[[[147.51108,-32.38549],[147.51065,-32.38344],[147.50943,-32.38164],[147.50756,-32.38031],[147.50526,-32.37959],[147.50282,-32.37959],[147.50052,-32.38031],[147.49865,-32.38164],[147.49743,-32.38344],[147.49701,-32.38549],[147.49743,-32.38753],[147.49865,-32.38933],[147.50052,-32.39067],[147.50282,-32.39138],[147.50526,-32.39138],[147.50756,-32.39067],[147.50943,-32.38933],[147.51065,-32.38753],[147.51108,-32.38549]]]},"properties":{"fid":858,"n":7,"fre_gj":25.4,"fre_daily":{"2026-09-30":25.4},"overpasses":4,"frp_total":11.2,"frp_max":2.2,"frp_mean":1.6,"area_km2":1.35,"lat":-32.3855,"lon":147.504,"first_seen":"2026-09-30","last_seen":"2026-09-30","duration_days":1,"status":"historic","trend":-1,"growth_ratio":0.0,"night_frac":1.0,"daily":{"2026-09-30":{"n":7,"frp":11.2}}}},{"type":"Feature","id":1216,"geometry":{"type":"Polygon","coordinates":[[[116.16093,-31.79563],[116.16062,-31.79408],[116.1597,-31.79272],[116.15829,-31.79171],[116.15657,-31.79117],[116.15473,-31.79117],[116.15301,-31.79171],[116.1516,-31.79272],[116.15068,-31.79408],[116.15037,-31.79563],[116.15068,-31.79717],[116.1516,-31.79853],[116.15301,-31.79954],[116.15473,-31.80008],[116.15657,-31.80008],[116.15829,-31.79954],[116.1597,-31.79853],[116.16062,-31.79717],[116.16093,-31.79563]]]},"properties":{"fid":1216,"n":4,"fre_gj":25.2,"fre_daily":{"2026-10-03":25.2},"overpasses":3,"frp_total":11.6,"frp_max":4.9,"frp_mean":2.91,"area_km2":0.77,"lat":-31.7956,"lon":116.1557,"first_seen":"2026-10-03","last_seen":"2026-10-03","duration_days":1,"status":"receding","trend":-1,"growth_ratio":0.0,"night_frac":0.0,"daily":{"2026-10-03":{"n":4,"frp":11.6}}}},{"type":"Feature","id":38,"geometry":{"type":"Polygon","coordinates":[[[149.57217,-27.86813],[149.5719,-27.86679],[149.57114,-27.86562],[149.56997,-27.86474],[149.56853,-27.86428],[149.567,-27.86428],[149.56557,-27.86474],[149.5644,-27.86562],[149.56363,-27.86679],[149.56337,-27.86813],[149.56363,-27.86947],[149.5644,-27.87065],[149.56557,-27.87152],[149.567,-27.87199],[149.56853,-27.87199],[149.56997,-27.87152],[149.57114,-27.87065],[149.5719,-27.86947],[149.57217,-27.86813]]]},"properties":{"fid":38,"n":3,"fre_gj":25.0,"fre_daily":{"2026-09-28":25.0},"overpasses":3,"frp_total":10.5,"frp_max":4.7,"frp_mean":3.5,"area_km2":0.58,"lat":-27.8681,"lon":149.5678,"first_seen":"2026-09-28","last_seen":"2026-09-28","duration_days":1,"status":"historic","trend":-1,"growth_ratio":0.0,"night_frac":0.0,"daily":{"2026-09-28":{"n":3,"frp":10.5}}}},{"type":"Feature","id":1014,"geometry":{"type":"Polygon","coordinates":[[[150.1628,-27.9992],[150.1632,-28.0022],[150.1651,-28.0029],[150.1679,-28.0027],[150.1684,-27.9983],[150.1672,-27.9971],[150.1628,-27.9992]]]},"properties":{"fid":1014,"n":8,"fre_gj":25.0,"fre_daily":{"2026-10-01":25.0},"overpasses":4,"frp_total":11.0,"frp_max":3.4,"frp_mean":1.38,"area_km2":0.26,"lat":-28.0006,"lon":150.1662,"first_seen":"2026-10-01","last_seen":"2026-10-01","duration_days":1,"status":"historic","trend":-1,"growth_ratio":0.0,"night_frac":1.0,"daily":{"2026-10-01":{"n":8,"frp":11.0}}}},{"type":"Feature","id":318,"geometry":{"type":"Polygon","coordinates":[[[145.67246,-18.76219],[145.67208,-18.76014],[145.67099,-18.75834],[145.66932,-18.75701],[145.66728,-18.75629],[145.6651,-18.75629],[145.66305,-18.75701],[145.66138,-18.75834],[145.66029,-18.76014],[145.65991,-18.76219],[145.66029,-18.76423],[145.66138,-18.76603],[145.66305,-18.76737],[145.6651,-18.76808],[145.66728,-18.76808],[145.66932,-18.76737],[145.67099,-18.76603],[145.67208,-18.76423],[145.67246,-18.76219]]]},"properties":{"fid":318,"n":7,"fre_gj":24.7,"fre_daily":{"2026-09-28":24.7},"overpasses":3,"frp_total":10.2,"frp_max":2.6,"frp_mean":1.46,"area_km2":1.35,"lat":-18.7622,"lon":145.6662,"first_seen":"2026-09-28","last_seen":"2026-09-28","duration_days":1,"status":"historic","trend":-1,"growth_ratio":0.0,"night_frac":1.0,"daily":{"2026-09-28":{"n":7,"frp":10.2}}}},{"type":"Feature","id":1016,"geometry":{"type":"Polygon","coordinates":[[[151.47508,-27.35887],[151.4747,-27.35697],[151.47363,-27.35531],[151.47198,-27.35407],[151.46996,-27.35341],[151.46781,-27.35341],[151.46579,-27.35407],[151.46414,-27.35531],[151.46306,-27.35697],[151.46269,-27.35887],[151.46306,-27.36076],[151.46414,-27.36243],[151.46579,-27.36366],[151.46781,-27.36432],[151.46996,-27.36432],[151.47198,-27.36366],[151.47363,-27.36243],[151.4747,-27.36076],[151.47508,-27.35887]]]},"properties":{"fid":1016,"n":6,"fre_gj":24.0,"fre_daily":{"2026-10-01":24.0},"overpasses":3,"frp_total":9.8,"frp_max":2.8,"frp_mean":1.63,"area_km2":1.15,"lat":-27.3589,"lon":151.4689,"first_seen":"2026-10-01","last_seen":"2026-10-01","duration_days":1,"status":"historic","trend":-1,"growth_ratio":0.0,"night_frac":1.0,"daily":{"2026-10-01":{"n":6,"frp":9.8}}}},{"type":"Feature","id":442,"geometry":{"type":"Polygon","coordinates":[[[143.43458,-12.9939],[143.43431,-12.99235],[143.43351,-12.99099],[143.43228,-12.98998],[143.43078,-12.98945],[143.42917,-12.98945],[143.42767,-12.98998],[143.42644,-12.99099],[143.42564,-12.99235],[143.42537,-12.9939],[143.42564,-12.99545],[143.42644,-12.99681],[143.42767,-12.99782],[143.42917,-12.99835],[143.43078,-12.99835],[143.43228,-12.99782],[143.43351,-12.99681],[143.43431,-12.99545],[143.43458,-12.9939]]]},"properties":{"fid":442,"n":4,"fre_gj":23.8,"fre_daily":{"2026-09-28":23.8},"overpasses":2,"frp_total":9.9,"frp_max":3.9,"frp_mean":2.48,"area_km2":0.77,"lat":-12.9939,"lon":143.43,"first_seen":"2026-09-28","last_seen":"2026-09-28","duration_days":1,"status":"historic","trend":-1,"growth_ratio":0.0,"night_frac":0.0,"daily":{"2026-09-28":{"n":4,"frp":9.9}}}},{"type":"Feature","id":563,"geometry":{"type":"Polygon","coordinates":[[[148.84648,-36.085],[148.84619,-36.08366],[148.84535,-36.08248],[148.84407,-36.08161],[148.8425,-36.08114],[148.84083,-36.08114],[148.83926,-36.08161],[148.83798,-36.08248],[148.83714,-36.08366],[148.83685,-36.085],[148.83714,-36.08634],[148.83798,-36.08752],[148.83926,-36.08839],[148.84083,-36.08886],[148.8425,-36.08886],[148.84407,-36.08839],[148.84535,-36.08752],[148.84619,-36.08634],[148.84648,-36.085]]]},"properties":{"fid":563,"n":3,"fre_gj":23.7,"fre_daily":{"2026-09-29":23.7},"overpasses":2,"frp_total":8.4,"frp_max":3.2,"frp_mean":2.8,"area_km2":0.58,"lat":-36.085,"lon":148.8417,"first_seen":"2026-09-29","last_seen":"2026-09-29","duration_days":1,"status":"historic","trend":-1,"growth_ratio":0.0,"night_frac":0.0,"daily":{"2026-09-29":{"n":3,"frp":8.4}}}},{"type":"Feature","id":1158,"geometry":{"type":"Polygon","coordinates":[[[117.75204,-34.9259],[117.75164,-34.92401],[117.75047,-34.92234],[117.74869,-34.9211],[117.7465,-34.92045],[117.74417,-34.92045],[117.74198,-34.9211],[117.74019,-34.92234],[117.73903,-34.92401],[117.73862,-34.9259],[117.73903,-34.92779],[117.74019,-34.92946],[117.74198,-34.9307],[117.74417,-34.93135],[117.7465,-34.93135],[117.74869,-34.9307],[117.75047,-34.92946],[117.75164,-34.92779],[117.75204,-34.9259]]]},"properties":{"fid":1158,"n":6,"fre_gj":23.7,"fre_daily":{"2026-10-02":23.7},"overpasses":4,"frp_total":9.5,"frp_max":2.4,"frp_mean":1.58,"area_km2":1.15,"lat":-34.9259,"lon":117.7453,"first_seen":"2026-10-02","last_seen":"2026-10-02","duration_days":1,"status":"historic","trend":-1,"growth_ratio":0.0,"night_frac":1.0,"daily":{"2026-10-02":{"n":6,"frp":9.5}}}},{"type":"Feature","id":340,"geometry":{"type":"Polygon","coordinates":[[[144.9765,-32.1374],[144.9848,-32.1512],[144.9867,-32.1528],[144.988,-32.1511],[144.982,-32.1394],[144.9786,-32.1354],[144.9765,-32.1374]]]},"properties":{"fid":340,"n":10,"fre_gj":23.1,"fre_daily":{"2026-09-28":7.8,"2026-09-29":15.3},"overpasses":6,"frp_total":9.4,"frp_max":1.6,"frp_mean":0.94,"area_km2":0.61,"lat":-32.1424,"lon":144.9813,"first_seen":"2026-09-28","last_seen":"2026-09-29","duration_days":2,"status":"historic","trend":-1,"growth_ratio":0.0,"night_frac":1.0,"daily":{"2026-09-28":{"n":3,"frp":2.7},"2026-09-29":{"n":7,"frp":6.7}}}},{"type":"Feature","id":483,"geometry":{"type":"Polygon","coordinates":[[[134.88631,-17.58598],[134.88603,-17.58443],[134.88521,-17.58307],[134.88396,-17.58206],[134.88242,-17.58152],[134.88078,-17.58152],[134.87924,-17.58206],[134.87799,-17.58307],[134.87717,-17.58443],[134.87689,-17.58598],[134.87717,-17.58752],[134.87799,-17.58888],[134.87924,-17.58989],[134.88078,-17.59043],[134.88242,-17.59043],[134.88396,-17.58989],[134.88521,-17.58888],[134.88603,-17.58752],[134.88631,-17.58598]]]},"properties":{"fid":483,"n":4,"fre_gj":23.0,"fre_daily":{"2026-09-28":23.0},"overpasses":1,"frp_total":6.4,"frp_max":2.8,"frp_mean":1.6,"area_km2":0.77,"lat":-17.586,"lon":134.8816,"first_seen":"2026-09-28","last_seen":"2026-09-28","duration_days":1,"status":"historic","trend":-1,"growth_ratio":0.0,"night_frac":1.0,"daily":{"2026-09-28":{"n":4,"frp":6.4}}}},{"type":"Feature","id":910,"geometry":{"type":"Polygon","coordinates":[[[119.98782,-9.92783],[119.98758,-9.92649],[119.98689,-9.92532],[119.98584,-9.92444],[119.98455,-9.92398],[119.98318,-9.92398],[119.98189,-9.92444],[119.98084,-9.92532],[119.98016,-9.92649],[119.97992,-9.92783],[119.98016,-9.92917],[119.98084,-9.93035],[119.98189,-9.93122],[119.98318,-9.93169],[119.98455,-9.93169],[119.98584,-9.93122],[119.98689,-9.93035],[119.98758,-9.92917],[119.98782,-9.92783]]]},"properties":{"fid":910,"n":3,"fre_gj":23.0,"fre_daily":{"2026-09-30":19.4,"2026-10-01":3.6},"overpasses":3,"frp_total":9.1,"frp_max":5.8,"frp_mean":3.03,"area_km2":0.58,"lat":-9.9278,"lon":119.9839,"first_seen":"2026-09-30","last_seen":"2026-10-01","duration_days":2,"status":"historic","trend":-1,"growth_ratio":0.0,"night_frac":0.33,"daily":{"2026-09-30":{"n":2,"frp":8.1},"2026-10-01":{"n":1,"frp":1.0}}}},{"type":"Feature","id":347,"geometry":{"type":"Polygon","coordinates":[[[145.22831,-38.30421],[145.22786,-38.30217],[145.22654,-38.30037],[145.22453,-38.29903],[145.22206,-38.29832],[145.21943,-38.29832],[145.21696,-38.29903],[145.21494,-38.30037],[145.21363,-38.30217],[145.21317,-38.30421],[145.21363,-38.30626],[145.21494,-38.30806],[145.21696,-38.30939],[145.21943,-38.31011],[145.22206,-38.31011],[145.22453,-38.30939],[145.22654,-38.30806],[145.22786,-38.30626],[145.22831,-38.30421]]]},"properties":{"fid":347,"n":7,"fre_gj":22.8,"fre_daily":{"2026-09-28":13.7,"2026-09-29":9.1},"overpasses":6,"frp_total":9.1,"frp_max":2.2,"frp_mean":1.3,"area_km2":1.35,"lat":-38.3042,"lon":145.2207,"first_seen":"2026-09-28","last_seen":"2026-09-29","duration_days":2,"status":"historic","trend":-1,"growth_ratio":0.0,"night_frac":1.0,"daily":{"2026-09-28":{"n":4,"frp":5.3},"2026-09-29":{"n":3,"frp":3.8}}}},{"type":"Feature","id":915,"geometry":{"type":"Polygon","coordinates":[[[119.78826,-9.65785],[119.78798,-9.6563],[119.78719,-9.65494],[119.78598,-9.65393],[119.78449,-9.6534],[119.78291,-9.6534],[119.78142,-9.65393],[119.78021,-9.65494],[119.77942,-9.6563],[119.77914,-9.65785],[119.77942,-9.6594],[119.78021,-9.66076],[119.78142,-9.66177],[119.78291,-9.6623],[119.78449,-9.6623],[119.78598,-9.66177],[119.78719,-9.66076],[119.78798,-9.6594],[119.78826,-9.65785]]]},"properties":{"fid":915,"n":4,"fre_gj":22.3,"fre_daily":{"2026-09-30":22.3},"overpasses":2,"frp_total":9.3,"frp_max":2.9,"frp_mean":2.33,"area_km2":0.77,"lat":-9.6578,"lon":119.7837,"first_seen":"2026-09-30","last_seen":"2026-09-30","duration_days":1,"status":"historic","trend":-1,"growth_ratio":0.0,"night_frac":0.0,"daily":{"2026-09-30":{"n":4,"frp":9.3}}}},{"type":"Feature","id":594,"geometry":{"type":"Polygon","coordinates":[[[145.2761,-36.3931],[145.27581,-36.39176],[145.27497,-36.39058],[145.27368,-36.38971],[145.27211,-36.38924],[145.27043,-36.38924],[145.26885,-36.38971],[145.26756,-36.39058],[145.26673,-36.39176],[145.26643,-36.3931],[145.26673,-36.39444],[145.26756,-36.39562],[145.26885,-36.39649],[145.27043,-36.39696],[145.27211,-36.39696],[145.27368,-36.39649],[145.27497,-36.39562],[145.27581,-36.39444],[145.2761,-36.3931]]]},"properties":{"fid":594,"n":3,"fre_gj":22.2,"fre_daily":{"2026-09-29":22.2},"overpasses":2,"frp_total":7.2,"frp_max":4.5,"frp_mean":2.4,"area_km2":0.58,"lat":-36.3931,"lon":145.2713,"first_seen":"2026-09-29","last_seen":"2026-09-29","duration_days":1,"status":"historic","trend":-1,"growth_ratio":0.0,"night_frac":0.0,"daily":{"2026-09-29":{"n":3,"frp":7.2}}}},{"type":"Feature","id":501,"geometry":{"type":"Polygon","coordinates":[[[116.14251,-19.5821],[116.14219,-19.58037],[116.14126,-19.57885],[116.13984,-19.57772],[116.13811,-19.57712],[116.13625,-19.57712],[116.13452,-19.57772],[116.1331,-19.57885],[116.13217,-19.58037],[116.13185,-19.5821],[116.13217,-19.58383],[116.1331,-19.58535],[116.13452,-19.58648],[116.13625,-19.58708],[116.13811,-19.58708],[116.13984,-19.58648],[116.14126,-19.58535],[116.14219,-19.58383],[116.14251,-19.5821]]]},"properties":{"fid":501,"n":5,"fre_gj":21.4,"fre_daily":{"2026-09-28":9.7,"2026-09-29":2.2,"2026-10-01":5.2,"2026-10-02":4.3},"overpasses":5,"frp_total":6.3,"frp_max":2.7,"frp_mean":1.26,"area_km2":0.96,"lat":-19.5821,"lon":116.1372,"first_seen":"2026-09-28","last_seen":"2026-10-02","duration_days":4,"status":"historic","trend":-1,"growth_ratio":0.0,"night_frac":1.0,"daily":{"2026-09-28":{"n":1,"frp":2.7},"2026-09-29":{"n":1,"frp":0.6},"2026-10-01":{"n":2,"frp":1.8},"2026-10-02":{"n":1,"frp":1.2}}}},{"type":"Feature","id":14,"geometry":{"type":"Polygon","coordinates":[[[148.34823,-34.71397],[148.34795,-34.71263],[148.34712,-34.71145],[148.34587,-34.71058],[148.34432,-34.71011],[148.34268,-34.71011],[148.34113,-34.71058],[148.33988,-34.71145],[148.33905,-34.71263],[148.33877,-34.71397],[148.33905,-34.71531],[148.33988,-34.71648],[148.34113,-34.71736],[148.34268,-34.71782],[148.34432,-34.71782],[148.34587,-34.71736],[148.34712,-34.71648],[148.34795,-34.71531],[148.34823,-34.71397]]]},"properties":{"fid":14,"n":3,"fre_gj":20.7,"fre_daily":{"2026-09-28":20.7},"overpasses":3,"frp_total":8.9,"frp_max":3.2,"frp_mean":2.97,"area_km2":0.58,"lat":-34.714,"lon":148.3435,"first_seen":"2026-09-28","last_seen":"2026-09-28","duration_days":1,"status":"historic","trend":-1,"growth_ratio":0.0,"night_frac":0.0,"daily":{"2026-09-28":{"n":3,"frp":8.9}}}},{"type":"Feature","id":857,"geometry":{"type":"Polygon","coordinates":[[[149.92855,-26.7162],[149.92825,-26.71465],[149.92738,-26.71329],[149.92604,-26.71228],[149.9244,-26.71175],[149.92265,-26.71175],[149.92101,-26.71228],[149.91967,-26.71329],[149.9188,-26.71465],[149.9185,-26.7162],[149.9188,-26.71775],[149.91967,-26.71911],[149.92101,-26.72012],[149.92265,-26.72065],[149.9244,-26.72065],[149.92604,-26.72012],[149.92738,-26.71911],[149.92825,-26.71775],[149.92855,-26.7162]]]},"properties":{"fid":857,"n":4,"fre_gj":20.5,"fre_daily":{"2026-09-30":20.5},"overpasses":3,"frp_total":7.8,"frp_max":3.0,"frp_mean":1.95,"area_km2":0.77,"lat":-26.7162,"lon":149.9235,"first_seen":"2026-09-30","last_seen":"2026-09-30","duration_days":1,"status":"historic","trend":-1,"growth_ratio":0.0,"night_frac":1.0,"daily":{"2026-09-30":{"n":4,"frp":7.8}}}},{"type":"Feature","id":1250,"geometry":{"type":"Polygon","coordinates":[[[133.73909,-15.25058],[133.73877,-15.24885],[133.73787,-15.24733],[133.73648,-15.2462],[133.73478,-15.2456],[133.73298,-15.2456],[133.73128,-15.2462],[133.72989,-15.24733],[133.72899,-15.24885],[133.72867,-15.25058],[133.72899,-15.25231],[133.72989,-15.25383],[133.73128,-15.25496],[133.73298,-15.25556],[133.73478,-15.25556],[133.73648,-15.25496],[133.73787,-15.25383],[133.73877,-15.25231],[133.73909,-15.25058]]]},"properties":{"fid":1250,"n":5,"fre_gj":20.5,"fre_daily":{"2026-10-03":20.5},"overpasses":3,"frp_total":7.5,"frp_max":2.5,"frp_mean":1.5,"area_km2":0.96,"lat":-15.2506,"lon":133.7339,"first_seen":"2026-10-03","last_seen":"2026-10-03","duration_days":1,"status":"receding","trend":-1,"growth_ratio":0.0,"night_frac":1.0,"daily":{"2026-10-03":{"n":5,"frp":7.5}}}},{"type":"Feature","id":874,"geometry":{"type":"Polygon","coordinates":[[[142.66804,-25.39832],[142.6677,-25.39659],[142.66674,-25.39507],[142.66526,-25.39394],[142.66345,-25.39334],[142.66151,-25.39334],[142.6597,-25.39394],[142.65822,-25.39507],[142.65726,-25.39659],[142.65692,-25.39832],[142.65726,-25.40005],[142.65822,-25.40157],[142.6597,-25.4027],[142.66151,-25.4033],[142.66345,-25.4033],[142.66526,-25.4027],[142.66674,-25.40157],[142.6677,-25.40005],[142.66804,-25.39832]]]},"properties":{"fid":874,"n":5,"fre_gj":20.3,"fre_daily":{"2026-09-30":20.3},"overpasses":2,"frp_total":6.9,"frp_max":1.4,"frp_mean":1.38,"area_km2":0.96,"lat":-25.3983,"lon":142.6625,"first_seen":"2026-09-30","last_seen":"2026-09-30","duration_days":1,"status":"historic","trend":-1,"growth_ratio":0.0,"night_frac":1.0,"daily":{"2026-09-30":{"n":5,"frp":6.9}}}},{"type":"Feature","id":401,"geometry":{"type":"Polygon","coordinates":[[[131.269,-22.6577],[131.2707,-22.6627],[131.2723,-22.6616],[131.2729,-22.6606],[131.277,-22.6471],[131.269,-22.6577]]]},"properties":{"fid":401,"n":6,"fre_gj":19.9,"fre_daily":{"2026-09-28":19.9},"overpasses":3,"frp_total":6.8,"frp_max":1.6,"frp_mean":1.13,"area_km2":0.45,"lat":-22.658,"lon":131.2722,"first_seen":"2026-09-28","last_seen":"2026-09-28","duration_days":1,"status":"historic","trend":-1,"growth_ratio":0.0,"night_frac":1.0,"daily":{"2026-09-28":{"n":6,"frp":6.8}}}},{"type":"Feature","id":913,"geometry":{"type":"Polygon","coordinates":[[[120.22625,-9.70213],[120.22601,-9.70079],[120.22532,-9.69962],[120.22427,-9.69874],[120.22299,-9.69828],[120.22161,-9.69828],[120.22033,-9.69874],[120.21928,-9.69962],[120.21859,-9.70079],[120.21835,-9.70213],[120.21859,-9.70347],[120.21928,-9.70465],[120.22033,-9.70552],[120.22161,-9.70599],[120.22299,-9.70599],[120.22427,-9.70552],[120.22532,-9.70465],[120.22601,-9.70347],[120.22625,-9.70213]]]},"properties":{"fid":913,"n":3,"fre_gj":19.7,"fre_daily":{"2026-09-30":19.7},"overpasses":2,"frp_total":8.2,"frp_max":3.8,"frp_mean":2.73,"area_km2":0.58,"lat":-9.7021,"lon":120.2223,"first_seen":"2026-09-30","last_seen":"2026-09-30","duration_days":1,"status":"historic","trend":-1,"growth_ratio":0.0,"night_frac":0.0,"daily":{"2026-09-30":{"n":3,"frp":8.2}}}},{"type":"Feature","id":100,"geometry":{"type":"Polygon","coordinates":[[[149.8006,-10.0189],[149.803,-10.0269],[149.8114,-10.0172],[149.8006,-10.0189]]]},"properties":{"fid":100,"n":3,"fre_gj":19.4,"fre_daily":{"2026-09-28":12.2,"2026-10-02":7.2},"overpasses":3,"frp_total":6.5,"frp_max":3.4,"frp_mean":2.17,"area_km2":0.55,"lat":-10.021,"lon":149.805,"first_seen":"2026-09-28","last_seen":"2026-10-02","duration_days":2,"status":"historic","trend":-1,"growth_ratio":0.0,"night_frac":0.67,"daily":{"2026-09-28":{"n":1,"frp":3.4},"2026-10-02":{"n":2,"frp":3.1}}}},{"type":"Feature","id":919,"geometry":{"type":"Polygon","coordinates":[[[124.99854,-9.33823],[124.9983,-9.33689],[124.99762,-9.33572],[124.99657,-9.33484],[124.99528,-9.33438],[124.99392,-9.33438],[124.99263,-9.33484],[124.99158,-9.33572],[124.9909,-9.33689],[124.99066,-9.33823],[124.9909,-9.33957],[124.99158,-9.34075],[124.99263,-9.34162],[124.99392,-9.34209],[124.99528,-9.34209],[124.99657,-9.34162],[124.99762,-9.34075],[124.9983,-9.33957],[124.99854,-9.33823]]]},"properties":{"fid":919,"n":3,"fre_gj":19.0,"fre_daily":{"2026-09-30":19.0},"overpasses":2,"frp_total":7.9,"frp_max":2.7,"frp_mean":2.63,"area_km2":0.58,"lat":-9.3382,"lon":124.9946,"first_seen":"2026-09-30","last_seen":"2026-09-30","duration_days":1,"status":"historic","trend":-1,"growth_ratio":0.0,"night_frac":0.0,"daily":{"2026-09-30":{"n":3,"frp":7.9}}}},{"type":"Feature","id":746,"geometry":{"type":"Polygon","coordinates":[[[152.6554,-27.2562],[152.6567,-27.2598],[152.6591,-27.258],[152.6657,-27.2452],[152.6585,-27.2394],[152.6554,-27.2562]]]},"properties":{"fid":746,"n":10,"fre_gj":18.6,"fre_daily":{"2026-09-29":4.4,"2026-09-30":6.7,"2026-10-01":3.2,"2026-10-02":4.3},"overpasses":6,"frp_total":6.8,"frp_max":1.2,"frp_mean":0.68,"area_km2":1.14,"lat":-27.2531,"lon":152.659,"first_seen":"2026-09-29","last_seen":"2026-10-02","duration_days":4,"status":"historic","trend":-1,"growth_ratio":0.0,"night_frac":1.0,"daily":{"2026-09-29":{"n":4,"frp":1.8},"2026-09-30":{"n":4,"frp":2.9},"2026-10-01":{"n":1,"frp":0.9},"2026-10-02":{"n":1,"frp":1.2}}}},{"type":"Feature","id":384,"geometry":{"type":"Polygon","coordinates":[[[134.58722,-13.47018],[134.58694,-13.46863],[134.58614,-13.46727],[134.58491,-13.46626],[134.5834,-13.46572],[134.5818,-13.46572],[134.58029,-13.46626],[134.57906,-13.46727],[134.57826,-13.46863],[134.57798,-13.47018],[134.57826,-13.47172],[134.57906,-13.47308],[134.58029,-13.47409],[134.5818,-13.47463],[134.5834,-13.47463],[134.58491,-13.47409],[134.58614,-13.47308],[134.58694,-13.47172],[134.58722,-13.47018]]]},"properties":{"fid":384,"n":4,"fre_gj":18.4,"fre_daily":{"2026-09-28":18.4},"overpasses":3,"frp_total":6.9,"frp_max":3.3,"frp_mean":1.72,"area_km2":0.77,"lat":-13.4702,"lon":134.5826,"first_seen":"2026-09-28","last_seen":"2026-09-28","duration_days":1,"status":"historic","trend":-1,"growth_ratio":0.0,"night_frac":1.0,"daily":{"2026-09-28":{"n":4,"frp":6.9}}}},{"type":"Feature","id":626,"geometry":{"type":"Polygon","coordinates":[[[120.07938,-9.8277],[120.07914,-9.82636],[120.07846,-9.82518],[120.07741,-9.82431],[120.07612,-9.82384],[120.07475,-9.82384],[120.07346,-9.82431],[120.07241,-9.82518],[120.07172,-9.82636],[120.07149,-9.8277],[120.07172,-9.82904],[120.07241,-9.83022],[120.07346,-9.83109],[120.07475,-9.83156],[120.07612,-9.83156],[120.07741,-9.83109],[120.07846,-9.83022],[120.07914,-9.82904],[120.07938,-9.8277]]]},"properties":{"fid":626,"n":3,"fre_gj":17.8,"fre_daily":{"2026-09-29":17.8},"overpasses":3,"frp_total":7.6,"frp_max":3.2,"frp_mean":2.53,"area_km2":0.58,"lat":-9.8277,"lon":120.0754,"first_seen":"2026-09-29","last_seen":"2026-09-29","duration_days":1,"status":"historic","trend":-1,"growth_ratio":0.0,"night_frac":0.0,"daily":{"2026-09-29":{"n":3,"frp":7.6}}}},{"type":"Feature","id":330,"geometry":{"type":"Polygon","coordinates":[[[150.34245,-34.51018],[150.34209,-34.50845],[150.34103,-34.50693],[150.33941,-34.5058],[150.33742,-34.5052],[150.3353,-34.5052],[150.33331,-34.5058],[150.33169,-34.50693],[150.33063,-34.50845],[150.33027,-34.51018],[150.33063,-34.51191],[150.33169,-34.51343],[150.33331,-34.51456],[150.3353,-34.51516],[150.33742,-34.51516],[150.33941,-34.51456],[150.34103,-34.51343],[150.34209,-34.51191],[150.34245,-34.51018]]]},"properties":{"fid":330,"n":5,"fre_gj":17.6,"fre_daily":{"2026-09-28":4.7,"2026-09-29":5.8,"2026-09-30":4.0,"2026-10-03":3.2},"overpasses":5,"frp_total":5.3,"frp_max":1.3,"frp_mean":1.06,"area_km2":0.96,"lat":-34.5102,"lon":150.3364,"first_seen":"2026-09-28","last_seen":"2026-10-03","duration_days":4,"status":"receding","trend":-1,"growth_ratio":0.0,"night_frac":1.0,"daily":{"2026-09-28":{"n":1,"frp":1.3},"2026-09-29":{"n":2,"frp":2.0},"2026-09-30":{"n":1,"frp":1.1},"2026-10-03":{"n":1,"frp":0.9}}}},{"type":"Feature","id":702,"geometry":{"type":"Polygon","coordinates":[[[148.37243,-34.08243],[148.37215,-34.08109],[148.37133,-34.07992],[148.37008,-34.07904],[148.36855,-34.07858],[148.36692,-34.07858],[148.36539,-34.07904],[148.36414,-34.07992],[148.36332,-34.08109],[148.36304,-34.08243],[148.36332,-34.08377],[148.36414,-34.08495],[148.36539,-34.08582],[148.36692,-34.08629],[148.36855,-34.08629],[148.37008,-34.08582],[148.37133,-34.08495],[148.37215,-34.08377],[148.37243,-34.08243]]]},"properties":{"fid":702,"n":3,"fre_gj":17.5,"fre_daily":{"2026-09-29":17.5},"overpasses":2,"frp_total":7.4,"frp_max":3.6,"frp_mean":2.47,"area_km2":0.58,"lat":-34.0824,"lon":148.3677,"first_seen":"2026-09-29","last_seen":"2026-09-29","duration_days":1,"status":"historic","trend":-1,"growth_ratio":0.0,"night_frac":0.0,"daily":{"2026-09-29":{"n":3,"frp":7.4}}}},{"type":"Feature","id":698,"geometry":{"type":"Polygon","coordinates":[[[115.93489,-19.65207],[115.93454,-19.65017],[115.93352,-19.64851],[115.93197,-19.64727],[115.93006,-19.64661],[115.92804,-19.64661],[115.92613,-19.64727],[115.92458,-19.64851],[115.92356,-19.65017],[115.92321,-19.65207],[115.92356,-19.65396],[115.92458,-19.65563],[115.92613,-19.65686],[115.92804,-19.65752],[115.93006,-19.65752],[115.93197,-19.65686],[115.93352,-19.65563],[115.93454,-19.65396],[115.93489,-19.65207]]]},"properties":{"fid":698,"n":6,"fre_gj":16.4,"fre_daily":{"2026-09-29":3.2,"2026-10-01":7.2,"2026-10-02":4.3,"2026-10-03":1.6},"overpasses":5,"frp_total":5.0,"frp_max":1.2,"frp_mean":0.84,"area_km2":1.15,"lat":-19.6521,"lon":115.9291,"first_seen":"2026-09-29","last_seen":"2026-10-03","duration_days":4,"status":"receding","trend":-1,"growth_ratio":0.0,"night_frac":1.0,"daily":{"2026-09-29":{"n":1,"frp":0.9},"2026-10-01":{"n":3,"frp":2.5},"2026-10-02":{"n":1,"frp":1.2},"2026-10-03":{"n":1,"frp":0.5}}}},{"type":"Feature","id":314,"geometry":{"type":"Polygon","coordinates":[[[150.87501,-9.5695],[150.87477,-9.56816],[150.87409,-9.56698],[150.87304,-9.56611],[150.87175,-9.56564],[150.87038,-9.56564],[150.86909,-9.56611],[150.86804,-9.56698],[150.86736,-9.56816],[150.86712,-9.5695],[150.86736,-9.57084],[150.86804,-9.57202],[150.86909,-9.57289],[150.87038,-9.57336],[150.87175,-9.57336],[150.87304,-9.57289],[150.87409,-9.57202],[150.87477,-9.57084],[150.87501,-9.5695]]]},"properties":{"fid":314,"n":3,"fre_gj":15.9,"fre_daily":{"2026-09-28":15.9},"overpasses":3,"frp_total":7.0,"frp_max":2.9,"frp_mean":2.33,"area_km2":0.58,"lat":-9.5695,"lon":150.8711,"first_seen":"2026-09-28","last_seen":"2026-09-28","duration_days":1,"status":"historic","trend":-1,"growth_ratio":0.0,"night_frac":1.0,"daily":{"2026-09-28":{"n":3,"frp":7.0}}}},{"type":"Feature","id":749,"geometry":{"type":"Polygon","coordinates":[[[150.97951,-34.04745],[150.97911,-34.04556],[150.97795,-34.04389],[150.97619,-34.04265],[150.97402,-34.042],[150.97171,-34.042],[150.96955,-34.04265],[150.96778,-34.04389],[150.96663,-34.04556],[150.96623,-34.04745],[150.96663,-34.04934],[150.96778,-34.05101],[150.96955,-34.05225],[150.97171,-34.0529],[150.97402,-34.0529],[150.97619,-34.05225],[150.97795,-34.05101],[150.97911,-34.04934],[150.97951,-34.04745]]]},"properties":{"fid":749,"n":6,"fre_gj":15.2,"fre_daily":{"2026-09-29":3.4,"2026-09-30":4.0,"2026-10-01":6.2,"2026-10-03":1.6},"overpasses":6,"frp_total":4.9,"frp_max":1.1,"frp_mean":0.82,"area_km2":1.15,"lat":-34.0475,"lon":150.9729,"first_seen":"2026-09-29","last_seen":"2026-10-03","duration_days":4,"status":"receding","trend":-1,"growth_ratio":0.0,"night_frac":1.0,"daily":{"2026-09-29":{"n":2,"frp":1.4},"2026-09-30":{"n":1,"frp":1.1},"2026-10-01":{"n":2,"frp":2.0},"2026-10-03":{"n":1,"frp":0.4}}}},{"type":"Feature","id":1240,"geometry":{"type":"Polygon","coordinates":[[[146.622,-31.02618],[146.62165,-31.02445],[146.62063,-31.02293],[146.61907,-31.0218],[146.61716,-31.0212],[146.61512,-31.0212],[146.61321,-31.0218],[146.61165,-31.02293],[146.61063,-31.02445],[146.61028,-31.02618],[146.61063,-31.02791],[146.61165,-31.02943],[146.61321,-31.03056],[146.61512,-31.03116],[146.61716,-31.03116],[146.61907,-31.03056],[146.62063,-31.02943],[146.62165,-31.02791],[146.622,-31.02618]]]},"properties":{"fid":1240,"n":5,"fre_gj":14.8,"fre_daily":{"2026-10-03":14.8},"overpasses":3,"frp_total":5.9,"frp_max":1.9,"frp_mean":1.17,"area_km2":0.96,"lat":-31.0262,"lon":146.6161,"first_seen":"2026-10-03","last_seen":"2026-10-03","duration_days":1,"status":"receding","trend":-1,"growth_ratio":0.0,"night_frac":1.0,"daily":{"2026-10-03":{"n":5,"frp":5.9}}}},{"type":"Feature","id":1017,"geometry":{"type":"Polygon","coordinates":[[[149.49558,-26.97754],[149.49515,-26.97535],[149.49391,-26.97343],[149.49201,-26.972],[149.48969,-26.97124],[149.48721,-26.97124],[149.48489,-26.972],[149.48299,-26.97343],[149.48175,-26.97535],[149.48132,-26.97754],[149.48175,-26.97972],[149.48299,-26.98165],[149.48489,-26.98308],[149.48721,-26.98384],[149.48969,-26.98384],[149.49201,-26.98308],[149.49391,-26.98165],[149.49515,-26.97972],[149.49558,-26.97754]]]},"properties":{"fid":1017,"n":8,"fre_gj":14.7,"fre_daily":{"2026-10-01":14.7},"overpasses":4,"frp_total":6.1,"frp_max":1.2,"frp_mean":0.76,"area_km2":1.54,"lat":-26.9775,"lon":149.4885,"first_seen":"2026-10-01","last_seen":"2026-10-01","duration_days":1,"status":"historic","trend":-1,"growth_ratio":0.0,"night_frac":1.0,"daily":{"2026-10-01":{"n":8,"frp":6.1}}}},{"type":"Feature","id":889,"geometry":{"type":"Polygon","coordinates":[[[137.17174,-35.7664],[137.1714,-35.76485],[137.17044,-35.76349],[137.16897,-35.76248],[137.16716,-35.76195],[137.16524,-35.76195],[137.16343,-35.76248],[137.16196,-35.76349],[137.161,-35.76485],[137.16066,-35.7664],[137.161,-35.76795],[137.16196,-35.76931],[137.16343,-35.77032],[137.16524,-35.77085],[137.16716,-35.77085],[137.16897,-35.77032],[137.17044,-35.76931],[137.1714,-35.76795],[137.17174,-35.7664]]]},"properties":{"fid":889,"n":4,"fre_gj":14.6,"fre_daily":{"2026-09-30":14.6},"overpasses":3,"frp_total":5.2,"frp_max":2.2,"frp_mean":1.3,"area_km2":0.77,"lat":-35.7664,"lon":137.1662,"first_seen":"2026-09-30","last_seen":"2026-09-30","duration_days":1,"status":"historic","trend":-1,"growth_ratio":0.0,"night_frac":1.0,"daily":{"2026-09-30":{"n":4,"frp":5.2}}}},{"type":"Feature","id":1233,"geometry":{"type":"Polygon","coordinates":[[[148.86197,-9.17742],[148.8617,-9.17588],[148.86091,-9.17452],[148.8597,-9.17351],[148.85822,-9.17297],[148.85663,-9.17297],[148.85515,-9.17351],[148.85394,-9.17452],[148.85315,-9.17588],[148.85288,-9.17742],[148.85315,-9.17897],[148.85394,-9.18033],[148.85515,-9.18134],[148.85663,-9.18188],[148.85822,-9.18188],[148.8597,-9.18134],[148.86091,-9.18033],[148.8617,-9.17897],[148.86197,-9.17742]]]},"properties":{"fid":1233,"n":4,"fre_gj":14.6,"fre_daily":{"2026-10-03":14.6},"overpasses":3,"frp_total":6.5,"frp_max":2.7,"frp_mean":1.62,"area_km2":0.77,"lat":-9.1774,"lon":148.8574,"first_seen":"2026-10-03","last_seen":"2026-10-03","duration_days":1,"status":"receding","trend":-1,"growth_ratio":0.0,"night_frac":1.0,"daily":{"2026-10-03":{"n":4,"frp":6.5}}}},{"type":"Feature","id":656,"geometry":{"type":"Polygon","coordinates":[[[147.83598,-31.10116],[147.83563,-31.09943],[147.83461,-31.09791],[147.83305,-31.09678],[147.83114,-31.09618],[147.8291,-31.09618],[147.82719,-31.09678],[147.82563,-31.09791],[147.82461,-31.09943],[147.82426,-31.10116],[147.82461,-31.10289],[147.82563,-31.10441],[147.82719,-31.10554],[147.8291,-31.10614],[147.83114,-31.10614],[147.83305,-31.10554],[147.83461,-31.10441],[147.83563,-31.10289],[147.83598,-31.10116]]]},"properties":{"fid":656,"n":5,"fre_gj":14.4,"fre_daily":{"2026-09-29":7.9,"2026-09-30":6.5},"overpasses":4,"frp_total":4.9,"frp_max":1.8,"frp_mean":0.98,"area_km2":0.96,"lat":-31.1012,"lon":147.8301,"first_seen":"2026-09-29","last_seen":"2026-09-30","duration_days":2,"status":"historic","trend":-1,"growth_ratio":0.0,"night_frac":0.8,"daily":{"2026-09-29":{"n":4,"frp":3.1},"2026-09-30":{"n":1,"frp":1.8}}}},{"type":"Feature","id":671,"geometry":{"type":"Polygon","coordinates":[[[149.1848,-31.73312],[149.18445,-31.73139],[149.18342,-31.72987],[149.18185,-31.72874],[149.17993,-31.72814],[149.17787,-31.72814],[149.17595,-31.72874],[149.17438,-31.72987],[149.17335,-31.73139],[149.173,-31.73312],[149.17335,-31.73485],[149.17438,-31.73637],[149.17595,-31.7375],[149.17787,-31.7381],[149.17993,-31.7381],[149.18185,-31.7375],[149.18342,-31.73637],[149.18445,-31.73485],[149.1848,-31.73312]]]},"properties":{"fid":671,"n":5,"fre_gj":13.7,"fre_daily":{"2026-09-29":13.7},"overpasses":3,"frp_total":5.8,"frp_max":1.6,"frp_mean":1.16,"area_km2":0.96,"lat":-31.7331,"lon":149.1789,"first_seen":"2026-09-29","last_seen":"2026-09-29","duration_days":1,"status":"historic","trend":-1,"growth_ratio":0.0,"night_frac":1.0,"daily":{"2026-09-29":{"n":5,"frp":5.8}}}},{"type":"Feature","id":1231,"geometry":{"type":"Polygon","coordinates":[[[150.59426,-10.58413],[150.59402,-10.58279],[150.59333,-10.58162],[150.59228,-10.58074],[150.59099,-10.58028],[150.58961,-10.58028],[150.58832,-10.58074],[150.58727,-10.58162],[150.58658,-10.58279],[150.58634,-10.58413],[150.58658,-10.58547],[150.58727,-10.58665],[150.58832,-10.58752],[150.58961,-10.58799],[150.59099,-10.58799],[150.59228,-10.58752],[150.59333,-10.58665],[150.59402,-10.58547],[150.59426,-10.58413]]]},"properties":{"fid":1231,"n":3,"fre_gj":13.5,"fre_daily":{"2026-10-03":13.5},"overpasses":3,"frp_total":5.3,"frp_max":3.0,"frp_mean":1.76,"area_km2":0.58,"lat":-10.5841,"lon":150.5903,"first_seen":"2026-10-03","last_seen":"2026-10-03","duration_days":1,"status":"receding","trend":-1,"growth_ratio":0.0,"night_frac":1.0,"daily":{"2026-10-03":{"n":3,"frp":5.3}}}},{"type":"Feature","id":334,"geometry":{"type":"Polygon","coordinates":[[[147.02697,-33.35703],[147.02657,-33.35514],[147.02543,-33.35347],[147.02368,-33.35224],[147.02153,-33.35158],[147.01924,-33.35158],[147.01709,-33.35224],[147.01534,-33.35347],[147.01419,-33.35514],[147.0138,-33.35703],[147.01419,-33.35893],[147.01534,-33.36059],[147.01709,-33.36183],[147.01924,-33.36249],[147.02153,-33.36249],[147.02368,-33.36183],[147.02543,-33.36059],[147.02657,-33.35893],[147.02697,-33.35703]]]},"properties":{"fid":334,"n":6,"fre_gj":13.1,"fre_daily":{"2026-09-28":10.8,"2026-09-30":2.2},"overpasses":5,"frp_total":5.2,"frp_max":1.4,"frp_mean":0.87,"area_km2":1.15,"lat":-33.357,"lon":147.0204,"first_seen":"2026-09-28","last_seen":"2026-09-30","duration_days":2,"status":"historic","trend":-1,"growth_ratio":0.0,"night_frac":1.0,"daily":{"2026-09-28":{"n":4,"frp":4.5},"2026-09-30":{"n":2,"frp":0.7}}}},{"type":"Feature","id":338,"geometry":{"type":"Polygon","coordinates":[[[146.7275,-32.2352],[146.7277,-32.2587],[146.7294,-32.2575],[146.7323,-32.2519],[146.73,-32.2358],[146.7275,-32.2352]]]},"properties":{"fid":338,"n":8,"fre_gj":13.1,"fre_daily":{"2026-09-28":5.6,"2026-09-29":7.4},"overpasses":5,"frp_total":4.8,"frp_max":1.0,"frp_mean":0.6,"area_km2":0.8,"lat":-32.2476,"lon":146.7291,"first_seen":"2026-09-28","last_seen":"2026-09-29","duration_days":2,"status":"historic","trend":-1,"growth_ratio":0.0,"night_frac":1.0,"daily":{"2026-09-28":{"n":4,"frp":2.7},"2026-09-29":{"n":4,"frp":2.1}}}},{"type":"Feature","id":862,"geometry":{"type":"Polygon","coordinates":[[[146.97477,-41.18372],[146.97441,-41.18218],[146.97337,-41.18082],[146.97178,-41.17981],[146.96984,-41.17927],[146.96776,-41.17927],[146.96582,-41.17981],[146.96423,-41.18082],[146.96319,-41.18218],[146.96283,-41.18372],[146.96319,-41.18527],[146.96423,-41.18663],[146.96582,-41.18764],[146.96776,-41.18818],[146.96984,-41.18818],[146.97178,-41.18764],[146.97337,-41.18663],[146.97441,-41.18527],[146.97477,-41.18372]]]},"properties":{"fid":862,"n":4,"fre_gj":13.1,"fre_daily":{"2026-09-30":13.1},"overpasses":3,"frp_total":5.6,"frp_max":2.1,"frp_mean":1.4,"area_km2":0.77,"lat":-41.1837,"lon":146.9688,"first_seen":"2026-09-30","last_seen":"2026-09-30","duration_days":1,"status":"historic","trend":-1,"growth_ratio":0.0,"night_frac":1.0,"daily":{"2026-09-30":{"n":4,"frp":5.6}}}},{"type":"Feature","id":486,"geometry":{"type":"Polygon","coordinates":[[[145.30987,-17.52688],[145.30955,-17.52515],[145.30863,-17.52363],[145.30723,-17.5225],[145.30551,-17.5219],[145.30369,-17.5219],[145.30197,-17.5225],[145.30057,-17.52363],[145.29965,-17.52515],[145.29933,-17.52688],[145.29965,-17.52861],[145.30057,-17.53013],[145.30197,-17.53126],[145.30369,-17.53186],[145.30551,-17.53186],[145.30723,-17.53126],[145.30863,-17.53013],[145.30955,-17.52861],[145.30987,-17.52688]]]},"properties":{"fid":486,"n":5,"fre_gj":13.0,"fre_daily":{"2026-09-28":13.0},"overpasses":2,"frp_total":5.5,"frp_max":1.2,"frp_mean":1.1,"area_km2":0.96,"lat":-17.5269,"lon":145.3046,"first_seen":"2026-09-28","last_seen":"2026-09-28","duration_days":1,"status":"historic","trend":-1,"growth_ratio":0.0,"night_frac":1.0,"daily":{"2026-09-28":{"n":5,"frp":5.5}}}},{"type":"Feature","id":342,"geometry":{"type":"Polygon","coordinates":[[[149.98859,-31.62568],[149.9882,-31.62379],[149.98708,-31.62212],[149.98536,-31.62089],[149.98326,-31.62023],[149.98101,-31.62023],[149.9789,-31.62089],[149.97718,-31.62212],[149.97606,-31.62379],[149.97567,-31.62568],[149.97606,-31.62758],[149.97718,-31.62924],[149.9789,-31.63048],[149.98101,-31.63114],[149.98326,-31.63114],[149.98536,-31.63048],[149.98708,-31.62924],[149.9882,-31.62758],[149.98859,-31.62568]]]},"properties":{"fid":342,"n":6,"fre_gj":12.8,"fre_daily":{"2026-09-28":5.8,"2026-09-30":7.0},"overpasses":5,"frp_total":5.0,"frp_max":1.3,"frp_mean":0.83,"area_km2":1.15,"lat":-31.6257,"lon":149.9821,"first_seen":"2026-09-28","last_seen":"2026-09-30","duration_days":2,"status":"historic","trend":-1,"growth_ratio":0.0,"night_frac":1.0,"daily":{"2026-09-28":{"n":3,"frp":2.0},"2026-09-30":{"n":3,"frp":3.0}}}},{"type":"Feature","id":1238,"geometry":{"type":"Polygon","coordinates":[[[150.22737,-34.34623],[150.22704,-34.34468],[150.22609,-34.34332],[150.22465,-34.34231],[150.22287,-34.34177],[150.22098,-34.34177],[150.2192,-34.34231],[150.21776,-34.34332],[150.21681,-34.34468],[150.21648,-34.34623],[150.21681,-34.34777],[150.21776,-34.34913],[150.2192,-34.35014],[150.22098,-34.35068],[150.22287,-34.35068],[150.22465,-34.35014],[150.22609,-34.34913],[150.22704,-34.34777],[150.22737,-34.34623]]]},"properties":{"fid":1238,"n":4,"fre_gj":12.7,"fre_daily":{"2026-10-03":12.7},"overpasses":3,"frp_total":4.8,"frp_max":2.7,"frp_mean":1.19,"area_km2":0.77,"lat":-34.3462,"lon":150.2219,"first_seen":"2026-10-03","last_seen":"2026-10-03","duration_days":1,"status":"receding","trend":-1,"growth_ratio":0.0,"night_frac":1.0,"daily":{"2026-10-03":{"n":4,"frp":4.8}}}},{"type":"Feature","id":1045,"geometry":{"type":"Polygon","coordinates":[[[151.80835,-24.7026],[151.80809,-24.70126],[151.80735,-24.70008],[151.80621,-24.69921],[151.80481,-24.69874],[151.80332,-24.69874],[151.80193,-24.69921],[151.80079,-24.70008],[151.80004,-24.70126],[151.79979,-24.7026],[151.80004,-24.70394],[151.80079,-24.70512],[151.80193,-24.70599],[151.80332,-24.70646],[151.80481,-24.70646],[151.80621,-24.70599],[151.80735,-24.70512],[151.80809,-24.70394],[151.80835,-24.7026]]]},"properties":{"fid":1045,"n":3,"fre_gj":12.6,"fre_daily":{"2026-10-01":8.3,"2026-10-02":4.3},"overpasses":3,"frp_total":3.7,"frp_max":2.3,"frp_mean":1.23,"area_km2":0.58,"lat":-24.7026,"lon":151.8041,"first_seen":"2026-10-01","last_seen":"2026-10-02","duration_days":2,"status":"historic","trend":-1,"growth_ratio":0.0,"night_frac":0.67,"daily":{"2026-10-01":{"n":1,"frp":2.3},"2026-10-02":{"n":2,"frp":1.4}}}},{"type":"Feature","id":1242,"geometry":{"type":"Polygon","coordinates":[[[152.06213,-30.2416],[152.06178,-30.23987],[152.06077,-30.23835],[152.05923,-30.23722],[152.05733,-30.23662],[152.05531,-30.23662],[152.05341,-30.23722],[152.05187,-30.23835],[152.05086,-30.23987],[152.05051,-30.2416],[152.05086,-30.24333],[152.05187,-30.24485],[152.05341,-30.24598],[152.05531,-30.24658],[152.05733,-30.24658],[152.05923,-30.24598],[152.06077,-30.24485],[152.06178,-30.24333],[152.06213,-30.2416]]]},"properties":{"fid":1242,"n":5,"fre_gj":12.6,"fre_daily":{"2026-10-03":12.6},"overpasses":3,"frp_total":4.6,"frp_max":1.9,"frp_mean":0.92,"area_km2":0.96,"lat":-30.2416,"lon":152.0563,"first_seen":"2026-10-03","last_seen":"2026-10-03","duration_days":1,"status":"receding","trend":-1,"growth_ratio":0.0,"night_frac":1.0,"daily":{"2026-10-03":{"n":5,"frp":4.6}}}},{"type":"Feature","id":1006,"geometry":{"type":"Polygon","coordinates":[[[150.39952,-10.2194],[150.39928,-10.21806],[150.39859,-10.21688],[150.39754,-10.21601],[150.39625,-10.21554],[150.39488,-10.21554],[150.39359,-10.21601],[150.39254,-10.21688],[150.39185,-10.21806],[150.39161,-10.2194],[150.39185,-10.22074],[150.39254,-10.22192],[150.39359,-10.22279],[150.39488,-10.22326],[150.39625,-10.22326],[150.39754,-10.22279],[150.39859,-10.22192],[150.39928,-10.22074],[150.39952,-10.2194]]]},"properties":{"fid":1006,"n":3,"fre_gj":12.4,"fre_daily":{"2026-10-01":12.4},"overpasses":2,"frp_total":4.3,"frp_max":2.4,"frp_mean":1.43,"area_km2":0.58,"lat":-10.2194,"lon":150.3956,"first_seen":"2026-10-01","last_seen":"2026-10-01","duration_days":1,"status":"historic","trend":-1,"growth_ratio":0.0,"night_frac":1.0,"daily":{"2026-10-01":{"n":3,"frp":4.3}}}},{"type":"Feature","id":408,"geometry":{"type":"Polygon","coordinates":[[[117.29908,-33.87427],[117.29876,-33.87273],[117.29782,-33.87137],[117.29638,-33.87036],[117.29461,-33.86982],[117.29274,-33.86982],[117.29097,-33.87036],[117.28953,-33.87137],[117.28859,-33.87273],[117.28827,-33.87427],[117.28859,-33.87582],[117.28953,-33.87718],[117.29097,-33.87819],[117.29274,-33.87873],[117.29461,-33.87873],[117.29638,-33.87819],[117.29782,-33.87718],[117.29876,-33.87582],[117.29908,-33.87427]]]},"properties":{"fid":408,"n":4,"fre_gj":12.2,"fre_daily":{"2026-09-28":12.2},"overpasses":3,"frp_total":5.3,"frp_max":2.0,"frp_mean":1.32,"area_km2":0.77,"lat":-33.8743,"lon":117.2937,"first_seen":"2026-09-28","last_seen":"2026-09-28","duration_days":1,"status":"historic","trend":-1,"growth_ratio":0.0,"night_frac":1.0,"daily":{"2026-09-28":{"n":4,"frp":5.3}}}},{"type":"Feature","id":887,"geometry":{"type":"Polygon","coordinates":[[[148.8488,-33.72814],[148.84843,-33.72641],[148.84739,-33.72489],[148.84578,-33.72376],[148.84381,-33.72316],[148.84171,-33.72316],[148.83974,-33.72376],[148.83813,-33.72489],[148.83709,-33.72641],[148.83672,-33.72814],[148.83709,-33.72987],[148.83813,-33.73139],[148.83974,-33.73252],[148.84171,-33.73312],[148.84381,-33.73312],[148.84578,-33.73252],[148.84739,-33.73139],[148.84843,-33.72987],[148.8488,-33.72814]]]},"properties":{"fid":887,"n":5,"fre_gj":12.0,"fre_daily":{"2026-09-30":12.0},"overpasses":3,"frp_total":5.1,"frp_max":1.3,"frp_mean":1.02,"area_km2":0.96,"lat":-33.7281,"lon":148.8428,"first_seen":"2026-09-30","last_seen":"2026-09-30","duration_days":1,"status":"historic","trend":-1,"growth_ratio":0.0,"night_frac":1.0,"daily":{"2026-09-30":{"n":5,"frp":5.1}}}},{"type":"Feature","id":477,"geometry":{"type":"Polygon","coordinates":[[[147.17769,-38.22857],[147.17739,-38.22723],[147.17653,-38.22605],[147.17521,-38.22518],[147.17359,-38.22471],[147.17187,-38.22471],[147.17026,-38.22518],[147.16894,-38.22605],[147.16808,-38.22723],[147.16778,-38.22857],[147.16808,-38.22991],[147.16894,-38.23108],[147.17026,-38.23196],[147.17187,-38.23242],[147.17359,-38.23242],[147.17521,-38.23196],[147.17653,-38.23108],[147.17739,-38.22991],[147.17769,-38.22857]]]},"properties":{"fid":477,"n":3,"fre_gj":11.8,"fre_daily":{"2026-09-28":9.6,"2026-09-30":2.2},"overpasses":3,"frp_total":2.6,"frp_max":1.5,"frp_mean":0.87,"area_km2":0.58,"lat":-38.2286,"lon":147.1727,"first_seen":"2026-09-28","last_seen":"2026-09-30","duration_days":2,"status":"historic","trend":-1,"growth_ratio":0.0,"night_frac":1.0,"daily":{"2026-09-28":{"n":2,"frp":2.0},"2026-09-30":{"n":1,"frp":0.6}}}},{"type":"Feature","id":697,"geometry":{"type":"Polygon","coordinates":[[[118.08402,-20.53883],[118.08377,-20.53749],[118.08305,-20.53632],[118.08194,-20.53544],[118.08059,-20.53498],[118.07915,-20.53498],[118.07779,-20.53544],[118.07668,-20.53632],[118.07596,-20.53749],[118.07571,-20.53883],[118.07596,-20.54017],[118.07668,-20.54135],[118.07779,-20.54222],[118.07915,-20.54269],[118.08059,-20.54269],[118.08194,-20.54222],[118.08305,-20.54135],[118.08377,-20.54017],[118.08402,-20.53883]]]},"properties":{"fid":697,"n":3,"fre_gj":11.7,"fre_daily":{"2026-09-29":11.7},"overpasses":3,"frp_total":4.4,"frp_max":2.6,"frp_mean":1.47,"area_km2":0.58,"lat":-20.5388,"lon":118.0799,"first_seen":"2026-09-29","last_seen":"2026-09-29","duration_days":1,"status":"historic","trend":-1,"growth_ratio":0.0,"night_frac":1.0,"daily":{"2026-09-29":{"n":3,"frp":4.4}}}},{"type":"Feature","id":343,"geometry":{"type":"Polygon","coordinates":[[[151.40554,-31.01676],[151.40519,-31.01503],[151.40417,-31.01351],[151.40261,-31.01238],[151.4007,-31.01178],[151.39866,-31.01178],[151.39675,-31.01238],[151.39519,-31.01351],[151.39417,-31.01503],[151.39382,-31.01676],[151.39417,-31.01849],[151.39519,-31.02001],[151.39675,-31.02114],[151.39866,-31.02174],[151.4007,-31.02174],[151.40261,-31.02114],[151.40417,-31.02001],[151.40519,-31.01849],[151.40554,-31.01676]]]},"properties":{"fid":343,"n":5,"fre_gj":11.6,"fre_daily":{"2026-09-28":6.3,"2026-09-29":5.3},"overpasses":5,"frp_total":4.5,"frp_max":1.5,"frp_mean":0.9,"area_km2":0.96,"lat":-31.0168,"lon":151.3997,"first_seen":"2026-09-28","last_seen":"2026-09-29","duration_days":2,"status":"historic","trend":-1,"growth_ratio":0.0,"night_frac":1.0,"daily":{"2026-09-28":{"n":2,"frp":2.2},"2026-09-29":{"n":3,"frp":2.3}}}},{"type":"Feature","id":335,"geometry":{"type":"Polygon","coordinates":[[[150.63654,-32.85704],[150.63618,-32.85531],[150.63514,-32.85379],[150.63355,-32.85266],[150.6316,-32.85206],[150.62952,-32.85206],[150.62757,-32.85266],[150.62598,-32.85379],[150.62494,-32.85531],[150.62458,-32.85704],[150.62494,-32.85877],[150.62598,-32.86029],[150.62757,-32.86142],[150.62952,-32.86202],[150.6316,-32.86202],[150.63355,-32.86142],[150.63514,-32.86029],[150.63618,-32.85877],[150.63654,-32.85704]]]},"properties":{"fid":335,"n":5,"fre_gj":11.4,"fre_daily":{"2026-09-28":11.4},"overpasses":3,"frp_total":4.9,"frp_max":1.2,"frp_mean":0.98,"area_km2":0.96,"lat":-32.857,"lon":150.6306,"first_seen":"2026-09-28","last_seen":"2026-09-28","duration_days":1,"status":"historic","trend":-1,"growth_ratio":0.0,"night_frac":1.0,"daily":{"2026-09-28":{"n":5,"frp":4.9}}}},{"type":"Feature","id":350,"geometry":{"type":"Polygon","coordinates":[[[142.39627,-10.87442],[142.396,-10.87288],[142.3952,-10.87152],[142.39399,-10.87051],[142.39249,-10.86997],[142.39091,-10.86997],[142.38941,-10.87051],[142.3882,-10.87152],[142.3874,-10.87288],[142.38713,-10.87442],[142.3874,-10.87597],[142.3882,-10.87733],[142.38941,-10.87834],[142.39091,-10.87888],[142.39249,-10.87888],[142.39399,-10.87834],[142.3952,-10.87733],[142.396,-10.87597],[142.39627,-10.87442]]]},"properties":{"fid":350,"n":4,"fre_gj":11.4,"fre_daily":{"2026-09-28":11.4},"overpasses":3,"frp_total":5.0,"frp_max":1.9,"frp_mean":1.25,"area_km2":0.77,"lat":-10.8744,"lon":142.3917,"first_seen":"2026-09-28","last_seen":"2026-09-28","duration_days":1,"status":"historic","trend":-1,"growth_ratio":0.0,"night_frac":1.0,"daily":{"2026-09-28":{"n":4,"frp":5.0}}}},{"type":"Feature","id":388,"geometry":{"type":"Polygon","coordinates":[[[131.40193,-13.0671],[131.40169,-13.06576],[131.40099,-13.06458],[131.39993,-13.06371],[131.39863,-13.06324],[131.39724,-13.06324],[131.39594,-13.06371],[131.39487,-13.06458],[131.39418,-13.06576],[131.39394,-13.0671],[131.39418,-13.06844],[131.39487,-13.06962],[131.39594,-13.07049],[131.39724,-13.07096],[131.39863,-13.07096],[131.39993,-13.07049],[131.40099,-13.06962],[131.40169,-13.06844],[131.40193,-13.0671]]]},"properties":{"fid":388,"n":3,"fre_gj":11.2,"fre_daily":{"2026-09-28":11.2},"overpasses":2,"frp_total":3.9,"frp_max":1.5,"frp_mean":1.3,"area_km2":0.58,"lat":-13.0671,"lon":131.3979,"first_seen":"2026-09-28","last_seen":"2026-09-28","duration_days":1,"status":"historic","trend":-1,"growth_ratio":0.0,"night_frac":1.0,"daily":{"2026-09-28":{"n":3,"frp":3.9}}}},{"type":"Feature","id":856,"geometry":{"type":"Polygon","coordinates":[[[152.92403,-26.89457],[152.92377,-26.89323],[152.92301,-26.89205],[152.92185,-26.89118],[152.92042,-26.89071],[152.91891,-26.89071],[152.91749,-26.89118],[152.91633,-26.89205],[152.91557,-26.89323],[152.91531,-26.89457],[152.91557,-26.89591],[152.91633,-26.89708],[152.91749,-26.89796],[152.91891,-26.89842],[152.92042,-26.89842],[152.92185,-26.89796],[152.92301,-26.89708],[152.92377,-26.89591],[152.92403,-26.89457]]]},"properties":{"fid":856,"n":3,"fre_gj":11.1,"fre_daily":{"2026-09-30":11.1},"overpasses":3,"frp_total":5.0,"frp_max":1.9,"frp_mean":1.67,"area_km2":0.58,"lat":-26.8946,"lon":152.9197,"first_seen":"2026-09-30","last_seen":"2026-09-30","duration_days":1,"status":"historic","trend":-1,"growth_ratio":0.0,"night_frac":1.0,"daily":{"2026-09-30":{"n":3,"frp":5.0}}}},{"type":"Feature","id":332,"geometry":{"type":"Polygon","coordinates":[[[149.57797,-33.68328],[149.57765,-33.68173],[149.57671,-33.68037],[149.57527,-33.67936],[149.57351,-33.67882],[149.57164,-33.67882],[149.56988,-33.67936],[149.56844,-33.68037],[149.5675,-33.68173],[149.56718,-33.68328],[149.5675,-33.68482],[149.56844,-33.68618],[149.56988,-33.68719],[149.57164,-33.68773],[149.57351,-33.68773],[149.57527,-33.68719],[149.57671,-33.68618],[149.57765,-33.68482],[149.57797,-33.68328]]]},"properties":{"fid":332,"n":4,"fre_gj":10.7,"fre_daily":{"2026-09-28":9.3,"2026-09-30":1.4},"overpasses":4,"frp_total":4.5,"frp_max":1.8,"frp_mean":1.12,"area_km2":0.77,"lat":-33.6833,"lon":149.5726,"first_seen":"2026-09-28","last_seen":"2026-09-30","duration_days":2,"status":"historic","trend":-1,"growth_ratio":0.0,"night_frac":1.0,"daily":{"2026-09-28":{"n":3,"frp":4.1},"2026-09-30":{"n":1,"frp":0.4}}}},{"type":"Feature","id":1150,"geometry":{"type":"Polygon","coordinates":[[[120.28515,-9.915],[120.28491,-9.91366],[120.28422,-9.91248],[120.28317,-9.91161],[120.28189,-9.91114],[120.28051,-9.91114],[120.27923,-9.91161],[120.27818,-9.91248],[120.27749,-9.91366],[120.27725,-9.915],[120.27749,-9.91634],[120.27818,-9.91752],[120.27923,-9.91839],[120.28051,-9.91886],[120.28189,-9.91886],[120.28317,-9.91839],[120.28422,-9.91752],[120.28491,-9.91634],[120.28515,-9.915]]]},"properties":{"fid":1150,"n":3,"fre_gj":10.6,"fre_daily":{"2026-10-02":10.6},"overpasses":3,"frp_total":4.4,"frp_max":2.2,"frp_mean":1.47,"area_km2":0.58,"lat":-9.915,"lon":120.2812,"first_seen":"2026-10-02","last_seen":"2026-10-02","duration_days":1,"status":"historic","trend":-1,"growth_ratio":0.0,"night_frac":1.0,"daily":{"2026-10-02":{"n":3,"frp":4.4}}}},{"type":"Feature","id":492,"geometry":{"type":"Polygon","coordinates":[[[129.84823,-16.59687],[129.84798,-16.59553],[129.84728,-16.59435],[129.8462,-16.59348],[129.84487,-16.59301],[129.84346,-16.59301],[129.84214,-16.59348],[129.84106,-16.59435],[129.84035,-16.59553],[129.84011,-16.59687],[129.84035,-16.59821],[129.84106,-16.59938],[129.84214,-16.60026],[129.84346,-16.60072],[129.84487,-16.60072],[129.8462,-16.60026],[129.84728,-16.59938],[129.84798,-16.59821],[129.84823,-16.59687]]]},"properties":{"fid":492,"n":3,"fre_gj":9.9,"fre_daily":{"2026-09-28":9.9},"overpasses":2,"frp_total":4.3,"frp_max":1.8,"frp_mean":1.43,"area_km2":0.58,"lat":-16.5969,"lon":129.8442,"first_seen":"2026-09-28","last_seen":"2026-09-28","duration_days":1,"status":"historic","trend":-1,"growth_ratio":0.0,"night_frac":1.0,"daily":{"2026-09-28":{"n":3,"frp":4.3}}}},{"type":"Feature","id":1030,"geometry":{"type":"Polygon","coordinates":[[[151.20948,-30.4475],[151.20921,-30.44616],[151.20842,-30.44498],[151.20722,-30.44411],[151.20575,-30.44364],[151.20418,-30.44364],[151.20271,-30.44411],[151.20151,-30.44498],[151.20073,-30.44616],[151.20045,-30.4475],[151.20073,-30.44884],[151.20151,-30.45002],[151.20271,-30.45089],[151.20418,-30.45136],[151.20575,-30.45136],[151.20722,-30.45089],[151.20842,-30.45002],[151.20921,-30.44884],[151.20948,-30.4475]]]},"properties":{"fid":1030,"n":3,"fre_gj":9.7,"fre_daily":{"2026-10-01":9.7},"overpasses":2,"frp_total":2.6,"frp_max":1.7,"frp_mean":0.87,"area_km2":0.58,"lat":-30.4475,"lon":151.205,"first_seen":"2026-10-01","last_seen":"2026-10-01","duration_days":1,"status":"historic","trend":-1,"growth_ratio":0.0,"night_frac":1.0,"daily":{"2026-10-01":{"n":3,"frp":2.6}}}},{"type":"Feature","id":1234,"geometry":{"type":"Polygon","coordinates":[[[149.14697,-9.08343],[149.14673,-9.08209],[149.14605,-9.08092],[149.145,-9.08004],[149.14372,-9.07958],[149.14235,-9.07958],[149.14106,-9.08004],[149.14002,-9.08092],[149.13933,-9.08209],[149.13909,-9.08343],[149.13933,-9.08477],[149.14002,-9.08595],[149.14106,-9.08682],[149.14235,-9.08729],[149.14372,-9.08729],[149.145,-9.08682],[149.14605,-9.08595],[149.14673,-9.08477],[149.14697,-9.08343]]]},"properties":{"fid":1234,"n":3,"fre_gj":9.7,"fre_daily":{"2026-10-03":9.7},"overpasses":2,"frp_total":3.4,"frp_max":1.6,"frp_mean":1.12,"area_km2":0.58,"lat":-9.0834,"lon":149.143,"first_seen":"2026-10-03","last_seen":"2026-10-03","duration_days":1,"status":"receding","trend":-1,"growth_ratio":0.0,"night_frac":1.0,"daily":{"2026-10-03":{"n":3,"frp":3.4}}}},{"type":"Feature","id":1022,"geometry":{"type":"Polygon","coordinates":[[[149.65413,-23.69998],[149.65383,-23.69843],[149.65298,-23.69707],[149.65168,-23.69606],[149.65008,-23.69552],[149.64837,-23.69552],[149.64677,-23.69606],[149.64547,-23.69707],[149.64462,-23.69843],[149.64432,-23.69998],[149.64462,-23.70152],[149.64547,-23.70288],[149.64677,-23.70389],[149.64837,-23.70443],[149.65008,-23.70443],[149.65168,-23.70389],[149.65298,-23.70288],[149.65383,-23.70152],[149.65413,-23.69998]]]},"properties":{"fid":1022,"n":4,"fre_gj":9.6,"fre_daily":{"2026-10-01":9.6},"overpasses":3,"frp_total":3.6,"frp_max":1.1,"frp_mean":0.9,"area_km2":0.77,"lat":-23.7,"lon":149.6492,"first_seen":"2026-10-01","last_seen":"2026-10-01","duration_days":1,"status":"historic","trend":-1,"growth_ratio":0.0,"night_frac":1.0,"daily":{"2026-10-01":{"n":4,"frp":3.6}}}},{"type":"Feature","id":361,"geometry":{"type":"Polygon","coordinates":[[[129.95921,-16.52693],[129.95893,-16.52538],[129.95811,-16.52402],[129.95687,-16.52301],[129.95534,-16.52247],[129.95371,-16.52247],[129.95218,-16.52301],[129.95094,-16.52402],[129.95012,-16.52538],[129.94984,-16.52693],[129.95012,-16.52847],[129.95094,-16.52983],[129.95218,-16.53084],[129.95371,-16.53138],[129.95534,-16.53138],[129.95687,-16.53084],[129.95811,-16.52983],[129.95893,-16.52847],[129.95921,-16.52693]]]},"properties":{"fid":361,"n":4,"fre_gj":9.5,"fre_daily":{"2026-09-28":9.5},"overpasses":2,"frp_total":3.2,"frp_max":0.9,"frp_mean":0.8,"area_km2":0.77,"lat":-16.5269,"lon":129.9545,"first_seen":"2026-09-28","last_seen":"2026-09-28","duration_days":1,"status":"historic","trend":-1,"growth_ratio":0.0,"night_frac":1.0,"daily":{"2026-09-28":{"n":4,"frp":3.2}}}},{"type":"Feature","id":363,"geometry":{"type":"Polygon","coordinates":[[[130.06919,-16.4414],[130.06894,-16.44006],[130.06824,-16.43888],[130.06716,-16.43801],[130.06584,-16.43754],[130.06443,-16.43754],[130.06311,-16.43801],[130.06203,-16.43888],[130.06132,-16.44006],[130.06108,-16.4414],[130.06132,-16.44274],[130.06203,-16.44392],[130.06311,-16.44479],[130.06443,-16.44526],[130.06584,-16.44526],[130.06716,-16.44479],[130.06824,-16.44392],[130.06894,-16.44274],[130.06919,-16.4414]]]},"properties":{"fid":363,"n":3,"fre_gj":9.2,"fre_daily":{"2026-09-28":9.2},"overpasses":2,"frp_total":3.1,"frp_max":1.5,"frp_mean":1.03,"area_km2":0.58,"lat":-16.4414,"lon":130.0651,"first_seen":"2026-09-28","last_seen":"2026-09-28","duration_days":1,"status":"historic","trend":-1,"growth_ratio":0.0,"night_frac":1.0,"daily":{"2026-09-28":{"n":3,"frp":3.1}}}},{"type":"Feature","id":1148,"geometry":{"type":"Polygon","coordinates":[[[153.31417,-28.67387],[153.31386,-28.67233],[153.31297,-28.67097],[153.31161,-28.66996],[153.30994,-28.66942],[153.30816,-28.66942],[153.30649,-28.66996],[153.30513,-28.67097],[153.30424,-28.67233],[153.30393,-28.67387],[153.30424,-28.67542],[153.30513,-28.67678],[153.30649,-28.67779],[153.30816,-28.67833],[153.30994,-28.67833],[153.31161,-28.67779],[153.31297,-28.67678],[153.31386,-28.67542],[153.31417,-28.67387]]]},"properties":{"fid":1148,"n":4,"fre_gj":9.2,"fre_daily":{"2026-10-02":9.2},"overpasses":4,"frp_total":4.0,"frp_max":1.4,"frp_mean":1.0,"area_km2":0.77,"lat":-28.6739,"lon":153.3091,"first_seen":"2026-10-02","last_seen":"2026-10-02","duration_days":1,"status":"historic","trend":-1,"growth_ratio":0.0,"night_frac":1.0,"daily":{"2026-10-02":{"n":4,"frp":4.0}}}},{"type":"Feature","id":1239,"geometry":{"type":"Polygon","coordinates":[[[151.32931,-32.62598],[151.32892,-32.62409],[151.32779,-32.62242],[151.32605,-32.62119],[151.32392,-32.62053],[151.32165,-32.62053],[151.31952,-32.62119],[151.31778,-32.62242],[151.31665,-32.62409],[151.31625,-32.62598],[151.31665,-32.62788],[151.31778,-32.62954],[151.31952,-32.63078],[151.32165,-32.63144],[151.32392,-32.63144],[151.32605,-32.63078],[151.32779,-32.62954],[151.32892,-32.62788],[151.32931,-32.62598]]]},"properties":{"fid":1239,"n":6,"fre_gj":9.2,"fre_daily":{"2026-10-03":9.2},"overpasses":3,"frp_total":3.3,"frp_max":0.8,"frp_mean":0.54,"area_km2":1.15,"lat":-32.626,"lon":151.3228,"first_seen":"2026-10-03","last_seen":"2026-10-03","duration_days":1,"status":"receding","trend":-1,"growth_ratio":0.0,"night_frac":1.0,"daily":{"2026-10-03":{"n":6,"frp":3.3}}}},{"type":"Feature","id":1028,"geometry":{"type":"Polygon","coordinates":[[[138.50774,-34.82993],[138.50745,-34.82859],[138.50663,-34.82742],[138.50537,-34.82654],[138.50382,-34.82608],[138.50218,-34.82608],[138.50063,-34.82654],[138.49937,-34.82742],[138.49855,-34.82859],[138.49826,-34.82993],[138.49855,-34.83127],[138.49937,-34.83245],[138.50063,-34.83332],[138.50218,-34.83379],[138.50382,-34.83379],[138.50537,-34.83332],[138.50663,-34.83245],[138.50745,-34.83127],[138.50774,-34.82993]]]},"properties":{"fid":1028,"n":3,"fre_gj":9.1,"fre_daily":{"2026-10-01":3.6,"2026-10-02":5.5},"overpasses":3,"frp_total":2.9,"frp_max":1.1,"frp_mean":0.97,"area_km2":0.58,"lat":-34.8299,"lon":138.503,"first_seen":"2026-10-01","last_seen":"2026-10-02","duration_days":2,"status":"historic","trend":-1,"growth_ratio":0.0,"night_frac":1.0,"daily":{"2026-10-01":{"n":1,"frp":1.0},"2026-10-02":{"n":2,"frp":1.9}}}},{"type":"Feature","id":488,"geometry":{"type":"Polygon","coordinates":[[[148.86571,-23.7672],[148.86541,-23.76565],[148.86456,-23.76429],[148.86325,-23.76328],[148.86165,-23.76275],[148.85995,-23.76275],[148.85835,-23.76328],[148.85704,-23.76429],[148.85619,-23.76565],[148.85589,-23.7672],[148.85619,-23.76875],[148.85704,-23.77011],[148.85835,-23.77112],[148.85995,-23.77165],[148.86165,-23.77165],[148.86325,-23.77112],[148.86456,-23.77011],[148.86541,-23.76875],[148.86571,-23.7672]]]},"properties":{"fid":488,"n":4,"fre_gj":9.0,"fre_daily":{"2026-09-28":2.2,"2026-09-30":1.8,"2026-10-01":2.9,"2026-10-02":2.2},"overpasses":4,"frp_total":2.5,"frp_max":0.8,"frp_mean":0.62,"area_km2":0.77,"lat":-23.7672,"lon":148.8608,"first_seen":"2026-09-28","last_seen":"2026-10-02","duration_days":4,"status":"historic","trend":-1,"growth_ratio":0.0,"night_frac":1.0,"daily":{"2026-09-28":{"n":1,"frp":0.6},"2026-09-30":{"n":1,"frp":0.5},"2026-10-01":{"n":1,"frp":0.8},"2026-10-02":{"n":1,"frp":0.6}}}},{"type":"Feature","id":661,"geometry":{"type":"Polygon","coordinates":[[[150.77026,-29.67546],[150.76991,-29.67373],[150.76891,-29.67221],[150.76737,-29.67108],[150.76548,-29.67048],[150.76348,-29.67048],[150.76159,-29.67108],[150.76005,-29.67221],[150.75905,-29.67373],[150.7587,-29.67546],[150.75905,-29.67719],[150.76005,-29.67871],[150.76159,-29.67984],[150.76348,-29.68044],[150.76548,-29.68044],[150.76737,-29.67984],[150.76891,-29.67871],[150.76991,-29.67719],[150.77026,-29.67546]]]},"properties":{"fid":661,"n":5,"fre_gj":9.0,"fre_daily":{"2026-09-29":9.0},"overpasses":3,"frp_total":3.7,"frp_max":1.1,"frp_mean":0.74,"area_km2":0.96,"lat":-29.6755,"lon":150.7645,"first_seen":"2026-09-29","last_seen":"2026-09-29","duration_days":1,"status":"historic","trend":-1,"growth_ratio":0.0,"night_frac":1.0,"daily":{"2026-09-29":{"n":5,"frp":3.7}}}},{"type":"Feature","id":1069,"geometry":{"type":"Polygon","coordinates":[[[150.85441,-33.7674],[150.85413,-33.76606],[150.85332,-33.76488],[150.85207,-33.76401],[150.85055,-33.76354],[150.84892,-33.76354],[150.84739,-33.76401],[150.84615,-33.76488],[150.84534,-33.76606],[150.84505,-33.7674],[150.84534,-33.76874],[150.84615,-33.76992],[150.84739,-33.77079],[150.84892,-33.77126],[150.85055,-33.77126],[150.85207,-33.77079],[150.85332,-33.76992],[150.85413,-33.76874],[150.85441,-33.7674]]]},"properties":{"fid":1069,"n":3,"fre_gj":9.0,"fre_daily":{"2026-10-01":9.0},"overpasses":2,"frp_total":3.7,"frp_max":1.7,"frp_mean":1.23,"area_km2":0.58,"lat":-33.7674,"lon":150.8497,"first_seen":"2026-10-01","last_seen":"2026-10-01","duration_days":1,"status":"historic","trend":-1,"growth_ratio":0.0,"night_frac":1.0,"daily":{"2026-10-01":{"n":3,"frp":3.7}}}},{"type":"Feature","id":1257,"geometry":{"type":"Polygon","coordinates":[[[115.51708,-31.32818],[115.51672,-31.32645],[115.5157,-31.32493],[115.51414,-31.3238],[115.51222,-31.3232],[115.51018,-31.3232],[115.50826,-31.3238],[115.5067,-31.32493],[115.50568,-31.32645],[115.50532,-31.32818],[115.50568,-31.32991],[115.5067,-31.33143],[115.50826,-31.33256],[115.51018,-31.33316],[115.51222,-31.33316],[115.51414,-31.33256],[115.5157,-31.33143],[115.51672,-31.32991],[115.51708,-31.32818]]]},"properties":{"fid":1257,"n":5,"fre_gj":9.0,"fre_daily":{"2026-10-03":9.0},"overpasses":3,"frp_total":3.7,"frp_max":1.0,"frp_mean":0.75,"area_km2":0.96,"lat":-31.3282,"lon":115.5112,"first_seen":"2026-10-03","last_seen":"2026-10-03","duration_days":1,"status":"receding","trend":-1,"growth_ratio":0.0,"night_frac":1.0,"daily":{"2026-10-03":{"n":5,"frp":3.7}}}},{"type":"Feature","id":744,"geometry":{"type":"Polygon","coordinates":[[[147.99595,-21.67138],[147.99554,-21.66919],[147.99435,-21.66726],[147.99253,-21.66584],[147.9903,-21.66508],[147.98793,-21.66508],[147.98569,-21.66584],[147.98388,-21.66726],[147.98269,-21.66919],[147.98228,-21.67138],[147.98269,-21.67356],[147.98388,-21.67549],[147.98569,-21.67691],[147.98793,-21.67767],[147.9903,-21.67767],[147.99253,-21.67691],[147.99435,-21.67549],[147.99554,-21.67356],[147.99595,-21.67138]]]},"properties":{"fid":744,"n":8,"fre_gj":8.9,"fre_daily":{"2026-09-29":0.7,"2026-10-01":5.1,"2026-10-03":3.0},"overpasses":6,"frp_total":2.9,"frp_max":0.5,"frp_mean":0.36,"area_km2":1.54,"lat":-21.6714,"lon":147.9891,"first_seen":"2026-09-29","last_seen":"2026-10-03","duration_days":3,"status":"receding","trend":-1,"growth_ratio":0.0,"night_frac":1.0,"daily":{"2026-09-29":{"n":1,"frp":0.2},"2026-10-01":{"n":5,"frp":1.8},"2026-10-03":{"n":2,"frp":0.9}}}},{"type":"Feature","id":750,"geometry":{"type":"Polygon","coordinates":[[[151.07997,-32.47105],[151.07965,-32.4695],[151.07873,-32.46814],[151.07731,-32.46713],[151.07557,-32.4666],[151.07373,-32.4666],[151.07199,-32.46713],[151.07057,-32.46814],[151.06965,-32.4695],[151.06933,-32.47105],[151.06965,-32.4726],[151.07057,-32.47396],[151.07199,-32.47497],[151.07373,-32.4755],[151.07557,-32.4755],[151.07731,-32.47497],[151.07873,-32.47396],[151.07965,-32.4726],[151.07997,-32.47105]]]},"properties":{"fid":750,"n":4,"fre_gj":8.8,"fre_daily":{"2026-09-29":3.4,"2026-09-30":2.2,"2026-10-01":3.2},"overpasses":4,"frp_total":2.9,"frp_max":0.9,"frp_mean":0.72,"area_km2":0.77,"lat":-32.471,"lon":151.0746,"first_seen":"2026-09-29","last_seen":"2026-10-01","duration_days":3,"status":"historic","trend":-1,"growth_ratio":0.0,"night_frac":1.0,"daily":{"2026-09-29":{"n":2,"frp":1.4},"2026-09-30":{"n":1,"frp":0.6},"2026-10-01":{"n":1,"frp":0.9}}}},{"type":"Feature","id":668,"geometry":{"type":"Polygon","coordinates":[[[146.43425,-35.56385],[146.43391,-35.5623],[146.43295,-35.56094],[146.43149,-35.55993],[146.42968,-35.5594],[146.42777,-35.5594],[146.42596,-35.55993],[146.4245,-35.56094],[146.42354,-35.5623],[146.4232,-35.56385],[146.42354,-35.5654],[146.4245,-35.56676],[146.42596,-35.56777],[146.42777,-35.5683],[146.42968,-35.5683],[146.43149,-35.56777],[146.43295,-35.56676],[146.43391,-35.5654],[146.43425,-35.56385]]]},"properties":{"fid":668,"n":4,"fre_gj":8.7,"fre_daily":{"2026-09-29":8.7},"overpasses":3,"frp_total":3.7,"frp_max":1.2,"frp_mean":0.93,"area_km2":0.77,"lat":-35.5639,"lon":146.4287,"first_seen":"2026-09-29","last_seen":"2026-09-29","duration_days":1,"status":"historic","trend":-1,"growth_ratio":0.0,"night_frac":1.0,"daily":{"2026-09-29":{"n":4,"frp":3.7}}}},{"type":"Feature","id":669,"geometry":{"type":"Polygon","coordinates":[[[149.55317,-35.56222],[149.55284,-35.56068],[149.55188,-35.55932],[149.55041,-35.55831],[149.54861,-35.55777],[149.54669,-35.55777],[149.54489,-35.55831],[149.54342,-35.55932],[149.54246,-35.56068],[149.54213,-35.56222],[149.54246,-35.56377],[149.54342,-35.56513],[149.54489,-35.56614],[149.54669,-35.56668],[149.54861,-35.56668],[149.55041,-35.56614],[149.55188,-35.56513],[149.55284,-35.56377],[149.55317,-35.56222]]]},"properties":{"fid":669,"n":4,"fre_gj":8.7,"fre_daily":{"2026-09-29":8.7},"overpasses":3,"frp_total":3.4,"frp_max":1.8,"frp_mean":0.85,"area_km2":0.77,"lat":-35.5622,"lon":149.5477,"first_seen":"2026-09-29","last_seen":"2026-09-29","duration_days":1,"status":"historic","trend":-1,"growth_ratio":0.0,"night_frac":1.0,"daily":{"2026-09-29":{"n":4,"frp":3.4}}}},{"type":"Feature","id":344,"geometry":{"type":"Polygon","coordinates":[[[151.09431,-30.886],[151.09399,-30.88445],[151.09308,-30.88309],[151.09169,-30.88208],[151.08998,-30.88155],[151.08817,-30.88155],[151.08646,-30.88208],[151.08507,-30.88309],[151.08416,-30.88445],[151.08384,-30.886],[151.08416,-30.88755],[151.08507,-30.88891],[151.08646,-30.88992],[151.08817,-30.89045],[151.08998,-30.89045],[151.09169,-30.88992],[151.09308,-30.88891],[151.09399,-30.88755],[151.09431,-30.886]]]},"properties":{"fid":344,"n":4,"fre_gj":8.2,"fre_daily":{"2026-09-28":8.2},"overpasses":3,"frp_total":3.7,"frp_max":1.3,"frp_mean":0.93,"area_km2":0.77,"lat":-30.886,"lon":151.0891,"first_seen":"2026-09-28","last_seen":"2026-09-28","duration_days":1,"status":"historic","trend":-1,"growth_ratio":0.0,"night_frac":1.0,"daily":{"2026-09-28":{"n":4,"frp":3.7}}}},{"type":"Feature","id":349,"geometry":{"type":"Polygon","coordinates":[[[145.54759,-36.91893],[145.54725,-36.91738],[145.54628,-36.91602],[145.54478,-36.91501],[145.54295,-36.91447],[145.541,-36.91447],[145.53917,-36.91501],[145.53767,-36.91602],[145.5367,-36.91738],[145.53636,-36.91893],[145.5367,-36.92047],[145.53767,-36.92183],[145.53917,-36.92284],[145.541,-36.92338],[145.54295,-36.92338],[145.54478,-36.92284],[145.54628,-36.92183],[145.54725,-36.92047],[145.54759,-36.91893]]]},"properties":{"fid":349,"n":4,"fre_gj":8.1,"fre_daily":{"2026-09-28":8.1},"overpasses":3,"frp_total":3.7,"frp_max":1.2,"frp_mean":0.93,"area_km2":0.77,"lat":-36.9189,"lon":145.542,"first_seen":"2026-09-28","last_seen":"2026-09-28","duration_days":1,"status":"historic","trend":-1,"growth_ratio":0.0,"night_frac":1.0,"daily":{"2026-09-28":{"n":4,"frp":3.7}}}},{"type":"Feature","id":502,"geometry":{"type":"Polygon","coordinates":[[[130.93133,-18.2756],[130.93108,-18.27426],[130.93037,-18.27308],[130.92928,-18.27221],[130.92794,-18.27174],[130.92652,-18.27174],[130.92519,-18.27221],[130.9241,-18.27308],[130.92338,-18.27426],[130.92314,-18.2756],[130.92338,-18.27694],[130.9241,-18.27812],[130.92519,-18.27899],[130.92652,-18.27946],[130.92794,-18.27946],[130.92928,-18.27899],[130.93037,-18.27812],[130.93108,-18.27694],[130.93133,-18.2756]]]},"properties":{"fid":502,"n":3,"fre_gj":8.1,"fre_daily":{"2026-09-28":8.1},"overpasses":2,"frp_total":3.4,"frp_max":1.3,"frp_mean":1.13,"area_km2":0.58,"lat":-18.2756,"lon":130.9272,"first_seen":"2026-09-28","last_seen":"2026-09-28","duration_days":1,"status":"historic","trend":-1,"growth_ratio":0.0,"night_frac":1.0,"daily":{"2026-09-28":{"n":3,"frp":3.4}}}},{"type":"Feature","id":348,"geometry":{"type":"Polygon","coordinates":[[[144.73229,-37.784],[144.73199,-37.78266],[144.73114,-37.78148],[144.72983,-37.78061],[144.72822,-37.78014],[144.72651,-37.78014],[144.72491,-37.78061],[144.7236,-37.78148],[144.72274,-37.78266],[144.72244,-37.784],[144.72274,-37.78534],[144.7236,-37.78652],[144.72491,-37.78739],[144.72651,-37.78786],[144.72822,-37.78786],[144.72983,-37.78739],[144.73114,-37.78652],[144.73199,-37.78534],[144.73229,-37.784]]]},"properties":{"fid":348,"n":3,"fre_gj":8.0,"fre_daily":{"2026-09-28":8.0},"overpasses":3,"frp_total":3.4,"frp_max":1.2,"frp_mean":1.13,"area_km2":0.58,"lat":-37.784,"lon":144.7274,"first_seen":"2026-09-28","last_seen":"2026-09-28","duration_days":1,"status":"historic","trend":-1,"growth_ratio":0.0,"night_frac":1.0,"daily":{"2026-09-28":{"n":3,"frp":3.4}}}},{"type":"Feature","id":1073,"geometry":{"type":"Polygon","coordinates":[[[129.73172,-20.3454],[129.73143,-20.34385],[129.73059,-20.34249],[129.72932,-20.34148],[129.72776,-20.34095],[129.72609,-20.34095],[129.72453,-20.34148],[129.72326,-20.34249],[129.72242,-20.34385],[129.72213,-20.3454],[129.72242,-20.34695],[129.72326,-20.34831],[129.72453,-20.34932],[129.72609,-20.34985],[129.72776,-20.34985],[129.72932,-20.34932],[129.73059,-20.34831],[129.73143,-20.34695],[129.73172,-20.3454]]]},"properties":{"fid":1073,"n":4,"fre_gj":7.8,"fre_daily":{"2026-10-01":7.8},"overpasses":2,"frp_total":3.2,"frp_max":0.8,"frp_mean":0.8,"area_km2":0.77,"lat":-20.3454,"lon":129.7269,"first_seen":"2026-10-01","last_seen":"2026-10-01","duration_days":1,"status":"historic","trend":-1,"growth_ratio":0.0,"night_frac":1.0,"daily":{"2026-10-01":{"n":4,"frp":3.2}}}},{"type":"Feature","id":675,"geometry":{"type":"Polygon","coordinates":[[[139.26873,-18.27508],[139.26844,-18.27353],[139.26762,-18.27217],[139.26637,-18.27116],[139.26482,-18.27062],[139.26318,-18.27062],[139.26163,-18.27116],[139.26038,-18.27217],[139.25956,-18.27353],[139.25927,-18.27508],[139.25956,-18.27662],[139.26038,-18.27798],[139.26163,-18.27899],[139.26318,-18.27953],[139.26482,-18.27953],[139.26637,-18.27899],[139.26762,-18.27798],[139.26844,-18.27662],[139.26873,-18.27508]]]},"properties":{"fid":675,"n":4,"fre_gj":7.7,"fre_daily":{"2026-09-29":7.7},"overpasses":3,"frp_total":3.0,"frp_max":1.1,"frp_mean":0.75,"area_km2":0.77,"lat":-18.2751,"lon":139.264,"first_seen":"2026-09-29","last_seen":"2026-09-29","duration_days":1,"status":"historic","trend":-1,"growth_ratio":0.0,"night_frac":1.0,"daily":{"2026-09-29":{"n":4,"frp":3.0}}}},{"type":"Feature","id":894,"geometry":{"type":"Polygon","coordinates":[[[115.38644,-19.92913],[115.38619,-19.92779],[115.38547,-19.92662],[115.38437,-19.92574],[115.38302,-19.92528],[115.38158,-19.92528],[115.38023,-19.92574],[115.37913,-19.92662],[115.37841,-19.92779],[115.37816,-19.92913],[115.37841,-19.93047],[115.37913,-19.93165],[115.38023,-19.93252],[115.38158,-19.93299],[115.38302,-19.93299],[115.38437,-19.93252],[115.38547,-19.93165],[115.38619,-19.93047],[115.38644,-19.92913]]]},"properties":{"fid":894,"n":3,"fre_gj":7.6,"fre_daily":{"2026-09-30":1.1,"2026-10-01":5.0,"2026-10-03":1.5},"overpasses":3,"frp_total":2.1,"frp_max":1.4,"frp_mean":0.71,"area_km2":0.58,"lat":-19.9291,"lon":115.3823,"first_seen":"2026-09-30","last_seen":"2026-10-03","duration_days":3,"status":"receding","trend":-1,"growth_ratio":0.0,"night_frac":1.0,"daily":{"2026-09-30":{"n":1,"frp":0.3},"2026-10-01":{"n":1,"frp":1.4},"2026-10-03":{"n":1,"frp":0.4}}}},{"type":"Feature","id":495,"geometry":{"type":"Polygon","coordinates":[[[120.56585,-10.22613],[120.56561,-10.22479],[120.56493,-10.22362],[120.56388,-10.22274],[120.56259,-10.22228],[120.56121,-10.22228],[120.55992,-10.22274],[120.55887,-10.22362],[120.55819,-10.22479],[120.55795,-10.22613],[120.55819,-10.22747],[120.55887,-10.22865],[120.55992,-10.22952],[120.56121,-10.22999],[120.56259,-10.22999],[120.56388,-10.22952],[120.56493,-10.22865],[120.56561,-10.22747],[120.56585,-10.22613]]]},"properties":{"fid":495,"n":3,"fre_gj":7.2,"fre_daily":{"2026-09-28":2.2,"2026-09-30":3.2,"2026-10-01":1.8},"overpasses":3,"frp_total":2.0,"frp_max":0.9,"frp_mean":0.67,"area_km2":0.58,"lat":-10.2261,"lon":120.5619,"first_seen":"2026-09-28","last_seen":"2026-10-01","duration_days":3,"status":"historic","trend":-1,"growth_ratio":0.0,"night_frac":1.0,"daily":{"2026-09-28":{"n":1,"frp":0.6},"2026-09-30":{"n":1,"frp":0.9},"2026-10-01":{"n":1,"frp":0.5}}}},{"type":"Feature","id":1243,"geometry":{"type":"Polygon","coordinates":[[[140.77014,-36.97253],[140.76984,-36.97119],[140.769,-36.97002],[140.7677,-36.96914],[140.76611,-36.96868],[140.76442,-36.96868],[140.76283,-36.96914],[140.76154,-36.97002],[140.76069,-36.97119],[140.7604,-36.97253],[140.76069,-36.97387],[140.76154,-36.97505],[140.76283,-36.97592],[140.76442,-36.97639],[140.76611,-36.97639],[140.7677,-36.97592],[140.769,-36.97505],[140.76984,-36.97387],[140.77014,-36.97253]]]},"properties":{"fid":1243,"n":3,"fre_gj":7.1,"fre_daily":{"2026-10-03":7.1},"overpasses":3,"frp_total":3.1,"frp_max":1.2,"frp_mean":1.05,"area_km2":0.58,"lat":-36.9725,"lon":140.7653,"first_seen":"2026-10-03","last_seen":"2026-10-03","duration_days":1,"status":"receding","trend":-1,"growth_ratio":0.0,"night_frac":1.0,"daily":{"2026-10-03":{"n":3,"frp":3.1}}}},{"type":"Feature","id":756,"geometry":{"type":"Polygon","coordinates":[[[116.58551,-33.6981],[116.58523,-33.69676],[116.58441,-33.69558],[116.58317,-33.69471],[116.58165,-33.69424],[116.58002,-33.69424],[116.5785,-33.69471],[116.57725,-33.69558],[116.57644,-33.69676],[116.57616,-33.6981],[116.57644,-33.69944],[116.57725,-33.70062],[116.5785,-33.70149],[116.58002,-33.70196],[116.58165,-33.70196],[116.58317,-33.70149],[116.58441,-33.70062],[116.58523,-33.69944],[116.58551,-33.6981]]]},"properties":{"fid":756,"n":3,"fre_gj":6.8,"fre_daily":{"2026-09-29":5.0,"2026-10-03":1.7},"overpasses":2,"frp_total":1.9,"frp_max":0.7,"frp_mean":0.63,"area_km2":0.58,"lat":-33.6981,"lon":116.5808,"first_seen":"2026-09-29","last_seen":"2026-10-03","duration_days":2,"status":"receding","trend":-1,"growth_ratio":0.0,"night_frac":1.0,"daily":{"2026-09-29":{"n":2,"frp":1.4},"2026-10-03":{"n":1,"frp":0.5}}}},{"type":"Feature","id":670,"geometry":{"type":"Polygon","coordinates":[[[149.48682,-32.643],[149.48654,-32.64166],[149.48574,-32.64048],[149.48451,-32.63961],[149.483,-32.63914],[149.4814,-32.63914],[149.47989,-32.63961],[149.47866,-32.64048],[149.47786,-32.64166],[149.47758,-32.643],[149.47786,-32.64434],[149.47866,-32.64552],[149.47989,-32.64639],[149.4814,-32.64686],[149.483,-32.64686],[149.48451,-32.64639],[149.48574,-32.64552],[149.48654,-32.64434],[149.48682,-32.643]]]},"properties":{"fid":670,"n":3,"fre_gj":6.7,"fre_daily":{"2026-09-29":6.7},"overpasses":3,"frp_total":3.0,"frp_max":1.3,"frp_mean":1.0,"area_km2":0.58,"lat":-32.643,"lon":149.4822,"first_seen":"2026-09-29","last_seen":"2026-09-29","duration_days":1,"status":"historic","trend":-1,"growth_ratio":0.0,"night_frac":1.0,"daily":{"2026-09-29":{"n":3,"frp":3.0}}}},{"type":"Feature","id":1256,"geometry":{"type":"Polygon","coordinates":[[[123.75916,-9.89697],[123.75888,-9.89543],[123.75809,-9.89407],[123.75688,-9.89306],[123.75539,-9.89252],[123.75381,-9.89252],[123.75232,-9.89306],[123.75111,-9.89407],[123.75032,-9.89543],[123.75004,-9.89697],[123.75032,-9.89852],[123.75111,-9.89988],[123.75232,-9.90089],[123.75381,-9.90143],[123.75539,-9.90143],[123.75688,-9.90089],[123.75809,-9.89988],[123.75888,-9.89852],[123.75916,-9.89697]]]},"properties":{"fid":1256,"n":4,"fre_gj":6.7,"fre_daily":{"2026-10-03":6.7},"overpasses":3,"frp_total":3.0,"frp_max":1.0,"frp_mean":0.75,"area_km2":0.77,"lat":-9.897,"lon":123.7546,"first_seen":"2026-10-03","last_seen":"2026-10-03","duration_days":1,"status":"receding","trend":-1,"growth_ratio":0.0,"night_frac":1.0,"daily":{"2026-10-03":{"n":4,"frp":3.0}}}},{"type":"Feature","id":876,"geometry":{"type":"Polygon","coordinates":[[[133.91095,-23.6921],[133.91069,-23.69076],[133.90995,-23.68958],[133.90882,-23.68871],[133.90744,-23.68824],[133.90596,-23.68824],[133.90458,-23.68871],[133.90345,-23.68958],[133.90271,-23.69076],[133.90245,-23.6921],[133.90271,-23.69344],[133.90345,-23.69462],[133.90458,-23.69549],[133.90596,-23.69596],[133.90744,-23.69596],[133.90882,-23.69549],[133.90995,-23.69462],[133.91069,-23.69344],[133.91095,-23.6921]]]},"properties":{"fid":876,"n":3,"fre_gj":6.2,"fre_daily":{"2026-09-30":6.2},"overpasses":2,"frp_total":2.1,"frp_max":0.7,"frp_mean":0.7,"area_km2":0.58,"lat":-23.6921,"lon":133.9067,"first_seen":"2026-09-30","last_seen":"2026-09-30","duration_days":1,"status":"historic","trend":-1,"growth_ratio":0.0,"night_frac":1.0,"daily":{"2026-09-30":{"n":3,"frp":2.1}}}},{"type":"Feature","id":1245,"geometry":{"type":"Polygon","coordinates":[[[143.86031,-35.08452],[143.85998,-35.08298],[143.85903,-35.08162],[143.85757,-35.08061],[143.85578,-35.08007],[143.85387,-35.08007],[143.85208,-35.08061],[143.85062,-35.08162],[143.84967,-35.08298],[143.84934,-35.08452],[143.84967,-35.08607],[143.85062,-35.08743],[143.85208,-35.08844],[143.85387,-35.08898],[143.85578,-35.08898],[143.85757,-35.08844],[143.85903,-35.08743],[143.85998,-35.08607],[143.86031,-35.08452]]]},"properties":{"fid":1245,"n":4,"fre_gj":6.2,"fre_daily":{"2026-10-03":6.2},"overpasses":3,"frp_total":2.8,"frp_max":1.0,"frp_mean":0.69,"area_km2":0.77,"lat":-35.0845,"lon":143.8548,"first_seen":"2026-10-03","last_seen":"2026-10-03","duration_days":1,"status":"receding","trend":-1,"growth_ratio":0.0,"night_frac":1.0,"daily":{"2026-10-03":{"n":4,"frp":2.8}}}},{"type":"Feature","id":329,"geometry":{"type":"Polygon","coordinates":[[[150.03654,-34.7651],[150.03625,-34.76376],[150.03543,-34.76258],[150.03417,-34.76171],[150.03262,-34.76124],[150.03098,-34.76124],[150.02943,-34.76171],[150.02817,-34.76258],[150.02735,-34.76376],[150.02706,-34.7651],[150.02735,-34.76644],[150.02817,-34.76762],[150.02943,-34.76849],[150.03098,-34.76896],[150.03262,-34.76896],[150.03417,-34.76849],[150.03543,-34.76762],[150.03625,-34.76644],[150.03654,-34.7651]]]},"properties":{"fid":329,"n":3,"fre_gj":6.0,"fre_daily":{"2026-09-28":3.9,"2026-09-29":2.2},"overpasses":3,"frp_total":1.9,"frp_max":0.8,"frp_mean":0.63,"area_km2":0.58,"lat":-34.7651,"lon":150.0318,"first_seen":"2026-09-28","last_seen":"2026-09-29","duration_days":2,"status":"historic","trend":-1,"growth_ratio":0.0,"night_frac":1.0,"daily":{"2026-09-28":{"n":2,"frp":1.3},"2026-09-29":{"n":1,"frp":0.6}}}},{"type":"Feature","id":1263,"geometry":{"type":"Polygon","coordinates":[[[150.46871,-9.34407],[150.46847,-9.34273],[150.46779,-9.34155],[150.46674,-9.34068],[150.46545,-9.34021],[150.46408,-9.34021],[150.4628,-9.34068],[150.46175,-9.34155],[150.46106,-9.34273],[150.46082,-9.34407],[150.46106,-9.34541],[150.46175,-9.34658],[150.4628,-9.34746],[150.46408,-9.34792],[150.46545,-9.34792],[150.46674,-9.34746],[150.46779,-9.34658],[150.46847,-9.34541],[150.46871,-9.34407]]]},"properties":{"fid":1263,"n":3,"fre_gj":6.0,"fre_daily":{"2026-10-03":6.0},"overpasses":2,"frp_total":2.5,"frp_max":1.0,"frp_mean":0.84,"area_km2":0.58,"lat":-9.3441,"lon":150.4648,"first_seen":"2026-10-03","last_seen":"2026-10-03","duration_days":1,"status":"receding","trend":-1,"growth_ratio":0.0,"night_frac":1.0,"daily":{"2026-10-03":{"n":3,"frp":2.5}}}},{"type":"Feature","id":923,"geometry":{"type":"Polygon","coordinates":[[[151.51753,-30.0969],[151.51726,-30.09556],[151.51648,-30.09438],[151.51528,-30.09351],[151.51381,-30.09304],[151.51225,-30.09304],[151.51079,-30.09351],[151.50959,-30.09438],[151.50881,-30.09556],[151.50854,-30.0969],[151.50881,-30.09824],[151.50959,-30.09942],[151.51079,-30.10029],[151.51225,-30.10076],[151.51381,-30.10076],[151.51528,-30.10029],[151.51648,-30.09942],[151.51726,-30.09824],[151.51753,-30.0969]]]},"properties":{"fid":923,"n":3,"fre_gj":5.9,"fre_daily":{"2026-09-30":5.9},"overpasses":2,"frp_total":2.5,"frp_max":0.9,"frp_mean":0.83,"area_km2":0.58,"lat":-30.0969,"lon":151.513,"first_seen":"2026-09-30","last_seen":"2026-09-30","duration_days":1,"status":"historic","trend":-1,"growth_ratio":0.0,"night_frac":1.0,"daily":{"2026-09-30":{"n":3,"frp":2.5}}}},{"type":"Feature","id":1251,"geometry":{"type":"Polygon","coordinates":[[[133.45625,-14.457],[133.45601,-14.45566],[133.45531,-14.45448],[133.45424,-14.45361],[133.45293,-14.45314],[133.45154,-14.45314],[133.45022,-14.45361],[133.44916,-14.45448],[133.44846,-14.45566],[133.44822,-14.457],[133.44846,-14.45834],[133.44916,-14.45952],[133.45022,-14.46039],[133.45154,-14.46086],[133.45293,-14.46086],[133.45424,-14.46039],[133.45531,-14.45952],[133.45601,-14.45834],[133.45625,-14.457]]]},"properties":{"fid":1251,"n":3,"fre_gj":5.9,"fre_daily":{"2026-10-03":5.9},"overpasses":2,"frp_total":2.1,"frp_max":1.2,"frp_mean":0.69,"area_km2":0.58,"lat":-14.457,"lon":133.4522,"first_seen":"2026-10-03","last_seen":"2026-10-03","duration_days":1,"status":"receding","trend":-1,"growth_ratio":0.0,"night_frac":1.0,"daily":{"2026-10-03":{"n":3,"frp":2.1}}}},{"type":"Feature","id":1160,"geometry":{"type":"Polygon","coordinates":[[[116.74858,-33.76543],[116.7483,-33.76409],[116.74748,-33.76292],[116.74624,-33.76204],[116.74471,-33.76158],[116.74309,-33.76158],[116.74156,-33.76204],[116.74032,-33.76292],[116.7395,-33.76409],[116.73922,-33.76543],[116.7395,-33.76677],[116.74032,-33.76795],[116.74156,-33.76882],[116.74309,-33.76929],[116.74471,-33.76929],[116.74624,-33.76882],[116.74748,-33.76795],[116.7483,-33.76677],[116.74858,-33.76543]]]},"properties":{"fid":1160,"n":3,"fre_gj":5.8,"fre_daily":{"2026-10-02":5.8},"overpasses":3,"frp_total":2.3,"frp_max":1.2,"frp_mean":0.77,"area_km2":0.58,"lat":-33.7654,"lon":116.7439,"first_seen":"2026-10-02","last_seen":"2026-10-02","duration_days":1,"status":"historic","trend":-1,"growth_ratio":0.0,"night_frac":1.0,"daily":{"2026-10-02":{"n":3,"frp":2.3}}}},{"type":"Feature","id":929,"geometry":{"type":"Polygon","coordinates":[[[147.2842,-35.8418],[147.28391,-35.84046],[147.28308,-35.83928],[147.2818,-35.83841],[147.28023,-35.83794],[147.27857,-35.83794],[147.277,-35.83841],[147.27572,-35.83928],[147.27489,-35.84046],[147.2746,-35.8418],[147.27489,-35.84314],[147.27572,-35.84432],[147.277,-35.84519],[147.27857,-35.84566],[147.28023,-35.84566],[147.2818,-35.84519],[147.28308,-35.84432],[147.28391,-35.84314],[147.2842,-35.8418]]]},"properties":{"fid":929,"n":3,"fre_gj":5.5,"fre_daily":{"2026-09-30":5.5},"overpasses":2,"frp_total":2.3,"frp_max":1.0,"frp_mean":0.77,"area_km2":0.58,"lat":-35.8418,"lon":147.2794,"first_seen":"2026-09-30","last_seen":"2026-09-30","duration_days":1,"status":"historic","trend":-1,"growth_ratio":0.0,"night_frac":1.0,"daily":{"2026-09-30":{"n":3,"frp":2.3}}}},{"type":"Feature","id":1246,"geometry":{"type":"Polygon","coordinates":[[[133.78179,-16.2989],[133.78154,-16.29756],[133.78084,-16.29638],[133.77976,-16.29551],[133.77844,-16.29504],[133.77703,-16.29504],[133.77571,-16.29551],[133.77463,-16.29638],[133.77393,-16.29756],[133.77368,-16.2989],[133.77393,-16.30024],[133.77463,-16.30142],[133.77571,-16.30229],[133.77703,-16.30276],[133.77844,-16.30276],[133.77976,-16.30229],[133.78084,-16.30142],[133.78154,-16.30024],[133.78179,-16.2989]]]},"properties":{"fid":1246,"n":3,"fre_gj":5.2,"fre_daily":{"2026-10-03":5.2},"overpasses":2,"frp_total":1.6,"frp_max":0.8,"frp_mean":0.55,"area_km2":0.58,"lat":-16.2989,"lon":133.7777,"first_seen":"2026-10-03","last_seen":"2026-10-03","duration_days":1,"status":"receding","trend":-1,"growth_ratio":0.0,"night_frac":1.0,"daily":{"2026-10-03":{"n":3,"frp":1.6}}}},{"type":"Feature","id":1159,"geometry":{"type":"Polygon","coordinates":[[[116.13067,-34.27397],[116.13039,-34.27263],[116.12957,-34.27145],[116.12832,-34.27058],[116.12678,-34.27011],[116.12515,-34.27011],[116.12361,-34.27058],[116.12236,-34.27145],[116.12154,-34.27263],[116.12126,-34.27397],[116.12154,-34.27531],[116.12236,-34.27648],[116.12361,-34.27736],[116.12515,-34.27782],[116.12678,-34.27782],[116.12832,-34.27736],[116.12957,-34.27648],[116.13039,-34.27531],[116.13067,-34.27397]]]},"properties":{"fid":1159,"n":3,"fre_gj":5.0,"fre_daily":{"2026-10-02":5.0},"overpasses":3,"frp_total":2.1,"frp_max":0.8,"frp_mean":0.7,"area_km2":0.58,"lat":-34.274,"lon":116.126,"first_seen":"2026-10-02","last_seen":"2026-10-02","duration_days":1,"status":"historic","trend":-1,"growth_ratio":0.0,"night_frac":1.0,"daily":{"2026-10-02":{"n":3,"frp":2.1}}}},{"type":"Feature","id":748,"geometry":{"type":"Polygon","coordinates":[[[147.94576,-37.896],[147.94547,-37.89466],[147.94461,-37.89348],[147.9433,-37.89261],[147.94169,-37.89214],[147.93998,-37.89214],[147.93837,-37.89261],[147.93706,-37.89348],[147.9362,-37.89466],[147.9359,-37.896],[147.9362,-37.89734],[147.93706,-37.89852],[147.93837,-37.89939],[147.93998,-37.89986],[147.94169,-37.89986],[147.9433,-37.89939],[147.94461,-37.89852],[147.94547,-37.89734],[147.94576,-37.896]]]},"properties":{"fid":748,"n":3,"fre_gj":4.6,"fre_daily":{"2026-09-29":4.6},"overpasses":2,"frp_total":1.9,"frp_max":0.7,"frp_mean":0.63,"area_km2":0.58,"lat":-37.896,"lon":147.9408,"first_seen":"2026-09-29","last_seen":"2026-09-29","duration_days":1,"status":"historic","trend":-1,"growth_ratio":0.0,"night_frac":1.0,"daily":{"2026-09-29":{"n":3,"frp":1.9}}}},{"type":"Feature","id":333,"geometry":{"type":"Polygon","coordinates":[[[147.00626,-33.37627],[147.00598,-33.37493],[147.00517,-33.37375],[147.00393,-33.37288],[147.00241,-33.37241],[147.00079,-33.37241],[146.99927,-33.37288],[146.99803,-33.37375],[146.99722,-33.37493],[146.99694,-33.37627],[146.99722,-33.37761],[146.99803,-33.37878],[146.99927,-33.37966],[147.00079,-33.38012],[147.00241,-33.38012],[147.00393,-33.37966],[147.00517,-33.37878],[147.00598,-33.37761],[147.00626,-33.37627]]]},"properties":{"fid":333,"n":3,"fre_gj":3.8,"fre_daily":{"2026-09-28":3.8},"overpasses":3,"frp_total":1.7,"frp_max":0.8,"frp_mean":0.57,"area_km2":0.58,"lat":-33.3763,"lon":147.0016,"first_seen":"2026-09-28","last_seen":"2026-09-28","duration_days":1,"status":"historic","trend":-1,"growth_ratio":0.0,"night_frac":1.0,"daily":{"2026-09-28":{"n":3,"frp":1.7}}}},{"type":"Feature","id":1244,"geometry":{"type":"Polygon","coordinates":[[[144.01635,-36.19147],[144.01606,-36.19013],[144.01523,-36.18895],[144.01394,-36.18808],[144.01237,-36.18761],[144.0107,-36.18761],[144.00912,-36.18808],[144.00784,-36.18895],[144.007,-36.19013],[144.00671,-36.19147],[144.007,-36.19281],[144.00784,-36.19398],[144.00912,-36.19486],[144.0107,-36.19532],[144.01237,-36.19532],[144.01394,-36.19486],[144.01523,-36.19398],[144.01606,-36.19281],[144.01635,-36.19147]]]},"properties":{"fid":1244,"n":3,"fre_gj":3.1,"fre_daily":{"2026-10-03":3.1},"overpasses":3,"frp_total":1.3,"frp_max":0.6,"frp_mean":0.44,"area_km2":0.58,"lat":-36.1915,"lon":144.0115,"first_seen":"2026-10-03","last_seen":"2026-10-03","duration_days":1,"status":"receding","trend":-1,"growth_ratio":0.0,"night_frac":1.0,"daily":{"2026-10-03":{"n":3,"frp":1.3}}}},{"type":"Feature","id":1236,"geometry":{"type":"Polygon","coordinates":[[[149.99329,-26.81883],[149.99303,-26.81749],[149.99227,-26.81632],[149.99111,-26.81544],[149.98969,-26.81498],[149.98818,-26.81498],[149.98675,-26.81544],[149.98559,-26.81632],[149.98484,-26.81749],[149.98457,-26.81883],[149.98484,-26.82017],[149.98559,-26.82135],[149.98675,-26.82222],[149.98818,-26.82269],[149.98969,-26.82269],[149.99111,-26.82222],[149.99227,-26.82135],[149.99303,-26.82017],[149.99329,-26.81883]]]},"properties":{"fid":1236,"n":3,"fre_gj":3.0,"fre_daily":{"2026-10-03":3.0},"overpasses":3,"frp_total":1.3,"frp_max":0.6,"frp_mean":0.43,"area_km2":0.58,"lat":-26.8188,"lon":149.9889,"first_seen":"2026-10-03","last_seen":"2026-10-03","duration_days":1,"status":"receding","trend":-1,"growth_ratio":0.0,"night_frac":1.0,"daily":{"2026-10-03":{"n":3,"frp":1.3}}}},{"type":"Feature","id":1241,"geometry":{"type":"Polygon","coordinates":[[[146.45486,-30.66707],[146.45458,-30.66573],[146.4538,-30.66455],[146.45259,-30.66368],[146.45112,-30.66321],[146.44955,-30.66321],[146.44807,-30.66368],[146.44687,-30.66455],[146.44608,-30.66573],[146.44581,-30.66707],[146.44608,-30.66841],[146.44687,-30.66958],[146.44807,-30.67046],[146.44955,-30.67092],[146.45112,-30.67092],[146.45259,-30.67046],[146.4538,-30.66958],[146.45458,-30.66841],[146.45486,-30.66707]]]},"properties":{"fid":1241,"n":3,"fre_gj":2.7,"fre_daily":{"2026-10-03":2.7},"overpasses":2,"frp_total":0.9,"frp_max":0.4,"frp_mean":0.32,"area_km2":0.58,"lat":-30.6671,"lon":146.4503,"first_seen":"2026-10-03","last_seen":"2026-10-03","duration_days":1,"status":"receding","trend":-1,"growth_ratio":0.0,"night_frac":1.0,"daily":{"2026-10-03":{"n":3,"frp":0.9}}}}]}